date,store,product,predicted_sales,actual_sales,model_name,error_pct,confidence_lower,confidence_upper,is_validated
2026-12-31,All Stores,All Products,13701.16,,automobile_dealers_LGBM_model,,13605.25,13797.07,No
2026-12-31,All Stores,All Products,1000.00,,automobile_dealers_PatchTST_model,,980.00,1020.00,No
2026-12-31,All Stores,All Products,1000.00,,automobile_dealers_TimesNet_model,,980.00,1020.00,No
2026-12-31,All Stores,All Products,24202.79,,automobile_dealers_autoarima_model,,21622.77,26782.80,No
2026-12-31,All Stores,All Products,24700.31,,automobile_dealers_autoets_model,,23010.81,26389.81,No
2026-12-31,All Stores,All Products,25002.62,,automobile_dealers_seasonalnaive_model,,23267.44,26737.80,No
2026-12-31,All Stores,All Products,548.34,,building_material_and_garden_equipment_LGBM_model,,544.50,552.18,No
2026-12-31,All Stores,All Products,1000.00,,building_material_and_garden_equipment_PatchTST_model,,980.00,1020.00,No
2026-12-31,All Stores,All Products,1000.00,,building_material_and_garden_equipment_TimesNet_model,,980.00,1020.00,No
2026-12-31,All Stores,All Products,33883.90,,building_material_and_garden_equipment_autoarima_model,,30271.88,37495.92,No
2026-12-31,All Stores,All Products,34580.44,,building_material_and_garden_equipment_autoets_model,,32215.14,36945.74,No
2026-12-31,All Stores,All Products,35003.67,,building_material_and_garden_equipment_seasonalnaive_model,,32574.42,37432.93,No
2026-12-31,All Stores,All Products,6669.50,,clothing_and_clothing_accessories_stores_LGBM_model,,6622.81,6716.18,No
2026-12-31,All Stores,All Products,1000.00,,clothing_and_clothing_accessories_stores_PatchTST_model,,980.00,1020.00,No
2026-12-31,All Stores,All Products,1000.00,,clothing_and_clothing_accessories_stores_TimesNet_model,,980.00,1020.00,No
2026-12-31,All Stores,All Products,5808.67,,clothing_and_clothing_accessories_stores_autoarima_model,,5189.46,6427.87,No
2026-12-31,All Stores,All Products,5928.07,,clothing_and_clothing_accessories_stores_autoets_model,,5522.59,6333.56,No
2026-12-31,All Stores,All Products,6000.63,,clothing_and_clothing_accessories_stores_seasonalnaive_model,,5584.19,6417.07,No
2026-12-31,All Stores,All Products,44818.42,,electronics_and_appliance_stores_LGBM_model,,44504.69,45132.15,No
2026-12-31,All Stores,All Products,1000.00,,electronics_and_appliance_stores_PatchTST_model,,980.00,1020.00,No
2026-12-31,All Stores,All Products,1000.00,,electronics_and_appliance_stores_TimesNet_model,,980.00,1020.00,No
2026-12-31,All Stores,All Products,1936.22,,electronics_and_appliance_stores_autoarima_model,,1729.82,2142.62,No
2026-12-31,All Stores,All Products,1976.02,,electronics_and_appliance_stores_autoets_model,,1840.86,2111.19,No
2026-12-31,All Stores,All Products,2000.21,,electronics_and_appliance_stores_seasonalnaive_model,,1861.40,2139.02,No
2026-12-31,All Stores,All Products,8119.53,,food_and_beverage_stores_LGBM_model,,8062.69,8176.36,No
2026-12-31,All Stores,All Products,1000.00,,food_and_beverage_stores_PatchTST_model,,980.00,1020.00,No
2026-12-31,All Stores,All Products,1000.00,,food_and_beverage_stores_TimesNet_model,,980.00,1020.00,No
2026-12-31,All Stores,All Products,14521.67,,food_and_beverage_stores_autoarima_model,,12973.66,16069.68,No
2026-12-31,All Stores,All Products,14820.19,,food_and_beverage_stores_autoets_model,,13806.49,15833.89,No
2026-12-31,All Stores,All Products,15001.57,,food_and_beverage_stores_seasonalnaive_model,,13960.46,16042.68,No
2026-12-31,All Stores,All Products,565.90,,furniture_and_home_furnishings_stores_LGBM_model,,561.94,569.86,No
2026-12-31,All Stores,All Products,1000.00,,furniture_and_home_furnishings_stores_PatchTST_model,,980.00,1020.00,No
2026-12-31,All Stores,All Products,1000.00,,furniture_and_home_furnishings_stores_TimesNet_model,,980.00,1020.00,No
2026-12-31,All Stores,All Products,4840.56,,furniture_and_home_furnishings_stores_autoarima_model,,4324.55,5356.56,No
2026-12-31,All Stores,All Products,4940.06,,furniture_and_home_furnishings_stores_autoets_model,,4602.16,5277.96,No
2026-12-31,All Stores,All Products,5000.52,,furniture_and_home_furnishings_stores_seasonalnaive_model,,4653.49,5347.56,No
2026-12-31,All Stores,All Products,2594.13,,gasoline_stations_LGBM_model,,2575.97,2612.29,No
2026-12-31,All Stores,All Products,1000.00,,gasoline_stations_PatchTST_model,,980.00,1020.00,No
2026-12-31,All Stores,All Products,1000.00,,gasoline_stations_TimesNet_model,,980.00,1020.00,No
2026-12-31,All Stores,All Products,11617.34,,gasoline_stations_autoarima_model,,10378.93,12855.75,No
2026-12-31,All Stores,All Products,11856.15,,gasoline_stations_autoets_model,,11045.19,12667.11,No
2026-12-31,All Stores,All Products,12001.26,,gasoline_stations_seasonalnaive_model,,11168.37,12834.15,No
2026-12-31,All Stores,All Products,3653.20,,general_merchandise_stores_LGBM_model,,3627.63,3678.77,No
2026-12-31,All Stores,All Products,1000.00,,general_merchandise_stores_PatchTST_model,,980.00,1020.00,No
2026-12-31,All Stores,All Products,1000.00,,general_merchandise_stores_TimesNet_model,,980.00,1020.00,No
2026-12-31,All Stores,All Products,17426.01,,general_merchandise_stores_autoarima_model,,15568.39,19283.62,No
2026-12-31,All Stores,All Products,17784.22,,general_merchandise_stores_autoets_model,,16567.78,19000.67,No
2026-12-31,All Stores,All Products,18001.89,,general_merchandise_stores_seasonalnaive_model,,16752.56,19251.22,No
2026-12-31,All Stores,All Products,5836.52,,health_and_personal_care_stores_LGBM_model,,5795.66,5877.37,No
2026-12-31,All Stores,All Products,1000.00,,health_and_personal_care_stores_PatchTST_model,,980.00,1020.00,No
2026-12-31,All Stores,All Products,1000.00,,health_and_personal_care_stores_TimesNet_model,,980.00,1020.00,No
2026-12-31,All Stores,All Products,7744.89,,health_and_personal_care_stores_autoarima_model,,6919.29,8570.50,No
2026-12-31,All Stores,All Products,7904.10,,health_and_personal_care_stores_autoets_model,,7363.46,8444.74,No
2026-12-31,All Stores,All Products,8000.84,,health_and_personal_care_stores_seasonalnaive_model,,7445.58,8556.10,No
2026-12-31,All Stores,All Products,740.34,,sporting_goods_hobby_and_musical_instrument_stores_LGBM_model,,735.16,745.53,No
2026-12-31,All Stores,All Products,1000.00,,sporting_goods_hobby_and_musical_instrument_stores_PatchTST_model,,980.00,1020.00,No
2026-12-31,All Stores,All Products,1000.00,,sporting_goods_hobby_and_musical_instrument_stores_TimesNet_model,,980.00,1020.00,No
2026-12-31,All Stores,All Products,8713.00,,sporting_goods_hobby_and_musical_instrument_stores_autoarima_model,,7784.20,9641.81,No
2026-12-31,All Stores,All Products,8892.11,,sporting_goods_hobby_and_musical_instrument_stores_autoets_model,,8283.89,9500.33,No
2026-12-31,All Stores,All Products,9000.94,,sporting_goods_hobby_and_musical_instrument_stores_seasonalnaive_model,,8376.28,9625.61,No
2026-12-31,All Stores,All Products,28964.60,,total_sales_LGBM_model,,28761.84,29167.35,No
2026-12-31,All Stores,All Products,1000.00,,total_sales_PatchTST_model,,980.00,1020.00,No
2026-12-31,All Stores,All Products,1000.00,,total_sales_TimesNet_model,,980.00,1020.00,No
2026-12-31,All Stores,All Products,16457.89,,total_sales_autoarima_model,,14703.48,18212.31,No
2026-12-31,All Stores,All Products,16796.21,,total_sales_autoets_model,,15647.35,17945.07,No
2026-12-31,All Stores,All Products,17001.78,,total_sales_seasonalnaive_model,,15821.86,18181.71,No
2026-12-24,All Stores,All Products,13387.17,,automobile_dealers_LGBM_model,,13293.46,13480.88,No
2026-12-24,All Stores,All Products,1000.00,,automobile_dealers_PatchTST_model,,980.00,1020.00,No
2026-12-24,All Stores,All Products,1000.00,,automobile_dealers_TimesNet_model,,980.00,1020.00,No
2026-12-24,All Stores,All Products,24202.79,,automobile_dealers_autoarima_model,,21622.77,26782.80,No
2026-12-24,All Stores,All Products,24700.31,,automobile_dealers_autoets_model,,23010.81,26389.81,No
2026-12-24,All Stores,All Products,25002.62,,automobile_dealers_seasonalnaive_model,,23267.44,26737.80,No
2026-12-24,All Stores,All Products,548.11,,building_material_and_garden_equipment_LGBM_model,,544.27,551.95,No
2026-12-24,All Stores,All Products,1000.00,,building_material_and_garden_equipment_PatchTST_model,,980.00,1020.00,No
2026-12-24,All Stores,All Products,1000.00,,building_material_and_garden_equipment_TimesNet_model,,980.00,1020.00,No
2026-12-24,All Stores,All Products,33883.90,,building_material_and_garden_equipment_autoarima_model,,30271.88,37495.92,No
2026-12-24,All Stores,All Products,34580.44,,building_material_and_garden_equipment_autoets_model,,32215.14,36945.74,No
2026-12-24,All Stores,All Products,35003.67,,building_material_and_garden_equipment_seasonalnaive_model,,32574.42,37432.93,No
2026-12-24,All Stores,All Products,6409.25,,clothing_and_clothing_accessories_stores_LGBM_model,,6364.38,6454.11,No
2026-12-24,All Stores,All Products,1000.00,,clothing_and_clothing_accessories_stores_PatchTST_model,,980.00,1020.00,No
2026-12-24,All Stores,All Products,1000.00,,clothing_and_clothing_accessories_stores_TimesNet_model,,980.00,1020.00,No
2026-12-24,All Stores,All Products,5808.67,,clothing_and_clothing_accessories_stores_autoarima_model,,5189.46,6427.87,No
2026-12-24,All Stores,All Products,5928.07,,clothing_and_clothing_accessories_stores_autoets_model,,5522.59,6333.56,No
2026-12-24,All Stores,All Products,6000.63,,clothing_and_clothing_accessories_stores_seasonalnaive_model,,5584.19,6417.07,No
2026-12-24,All Stores,All Products,43317.46,,electronics_and_appliance_stores_LGBM_model,,43014.24,43620.68,No
2026-12-24,All Stores,All Products,1000.00,,electronics_and_appliance_stores_PatchTST_model,,980.00,1020.00,No
2026-12-24,All Stores,All Products,1000.00,,electronics_and_appliance_stores_TimesNet_model,,980.00,1020.00,No
2026-12-24,All Stores,All Products,1936.22,,electronics_and_appliance_stores_autoarima_model,,1729.82,2142.62,No
2026-12-24,All Stores,All Products,1976.02,,electronics_and_appliance_stores_autoets_model,,1840.86,2111.19,No
2026-12-24,All Stores,All Products,2000.21,,electronics_and_appliance_stores_seasonalnaive_model,,1861.40,2139.02,No
2026-12-24,All Stores,All Products,7859.69,,food_and_beverage_stores_LGBM_model,,7804.67,7914.71,No
2026-12-24,All Stores,All Products,1000.00,,food_and_beverage_stores_PatchTST_model,,980.00,1020.00,No
2026-12-24,All Stores,All Products,1000.00,,food_and_beverage_stores_TimesNet_model,,980.00,1020.00,No
2026-12-24,All Stores,All Products,14521.67,,food_and_beverage_stores_autoarima_model,,12973.66,16069.68,No
2026-12-24,All Stores,All Products,14820.19,,food_and_beverage_stores_autoets_model,,13806.49,15833.89,No
2026-12-24,All Stores,All Products,15001.57,,food_and_beverage_stores_seasonalnaive_model,,13960.46,16042.68,No
2026-12-24,All Stores,All Products,566.04,,furniture_and_home_furnishings_stores_LGBM_model,,562.08,570.00,No
2026-12-24,All Stores,All Products,1000.00,,furniture_and_home_furnishings_stores_PatchTST_model,,980.00,1020.00,No
2026-12-24,All Stores,All Products,1000.00,,furniture_and_home_furnishings_stores_TimesNet_model,,980.00,1020.00,No
2026-12-24,All Stores,All Products,4840.56,,furniture_and_home_furnishings_stores_autoarima_model,,4324.55,5356.56,No
2026-12-24,All Stores,All Products,4940.06,,furniture_and_home_furnishings_stores_autoets_model,,4602.16,5277.96,No
2026-12-24,All Stores,All Products,5000.52,,furniture_and_home_furnishings_stores_seasonalnaive_model,,4653.49,5347.56,No
2026-12-24,All Stores,All Products,2517.60,,gasoline_stations_LGBM_model,,2499.97,2535.22,No
2026-12-24,All Stores,All Products,1000.00,,gasoline_stations_PatchTST_model,,980.00,1020.00,No
2026-12-24,All Stores,All Products,1000.00,,gasoline_stations_TimesNet_model,,980.00,1020.00,No
2026-12-24,All Stores,All Products,11617.34,,gasoline_stations_autoarima_model,,10378.93,12855.75,No
2026-12-24,All Stores,All Products,11856.15,,gasoline_stations_autoets_model,,11045.19,12667.11,No
2026-12-24,All Stores,All Products,12001.26,,gasoline_stations_seasonalnaive_model,,11168.37,12834.15,No
2026-12-24,All Stores,All Products,3653.20,,general_merchandise_stores_LGBM_model,,3627.63,3678.77,No
2026-12-24,All Stores,All Products,1000.00,,general_merchandise_stores_PatchTST_model,,980.00,1020.00,No
2026-12-24,All Stores,All Products,1000.00,,general_merchandise_stores_TimesNet_model,,980.00,1020.00,No
2026-12-24,All Stores,All Products,17426.01,,general_merchandise_stores_autoarima_model,,15568.39,19283.62,No
2026-12-24,All Stores,All Products,17784.22,,general_merchandise_stores_autoets_model,,16567.78,19000.67,No
2026-12-24,All Stores,All Products,18001.89,,general_merchandise_stores_seasonalnaive_model,,16752.56,19251.22,No
2026-12-24,All Stores,All Products,5727.14,,health_and_personal_care_stores_LGBM_model,,5687.05,5767.23,No
2026-12-24,All Stores,All Products,1000.00,,health_and_personal_care_stores_PatchTST_model,,980.00,1020.00,No
2026-12-24,All Stores,All Products,1000.00,,health_and_personal_care_stores_TimesNet_model,,980.00,1020.00,No
2026-12-24,All Stores,All Products,7744.89,,health_and_personal_care_stores_autoarima_model,,6919.29,8570.50,No
2026-12-24,All Stores,All Products,7904.10,,health_and_personal_care_stores_autoets_model,,7363.46,8444.74,No
2026-12-24,All Stores,All Products,8000.84,,health_and_personal_care_stores_seasonalnaive_model,,7445.58,8556.10,No
2026-12-24,All Stores,All Products,740.34,,sporting_goods_hobby_and_musical_instrument_stores_LGBM_model,,735.16,745.53,No
2026-12-24,All Stores,All Products,1000.00,,sporting_goods_hobby_and_musical_instrument_stores_PatchTST_model,,980.00,1020.00,No
2026-12-24,All Stores,All Products,1000.00,,sporting_goods_hobby_and_musical_instrument_stores_TimesNet_model,,980.00,1020.00,No
2026-12-24,All Stores,All Products,8713.00,,sporting_goods_hobby_and_musical_instrument_stores_autoarima_model,,7784.20,9641.81,No
2026-12-24,All Stores,All Products,8892.11,,sporting_goods_hobby_and_musical_instrument_stores_autoets_model,,8283.89,9500.33,No
2026-12-24,All Stores,All Products,9000.94,,sporting_goods_hobby_and_musical_instrument_stores_seasonalnaive_model,,8376.28,9625.61,No
2026-12-24,All Stores,All Products,27758.96,,total_sales_LGBM_model,,27564.64,27953.27,No
2026-12-24,All Stores,All Products,1000.00,,total_sales_PatchTST_model,,980.00,1020.00,No
2026-12-24,All Stores,All Products,1000.00,,total_sales_TimesNet_model,,980.00,1020.00,No
2026-12-24,All Stores,All Products,16457.89,,total_sales_autoarima_model,,14703.48,18212.31,No
2026-12-24,All Stores,All Products,16796.21,,total_sales_autoets_model,,15647.35,17945.07,No
2026-12-24,All Stores,All Products,17001.78,,total_sales_seasonalnaive_model,,15821.86,18181.71,No
2026-12-17,All Stores,All Products,13387.17,,automobile_dealers_LGBM_model,,13293.46,13480.88,No
2026-12-17,All Stores,All Products,1000.00,,automobile_dealers_PatchTST_model,,980.00,1020.00,No
2026-12-17,All Stores,All Products,1000.00,,automobile_dealers_TimesNet_model,,980.00,1020.00,No
2026-12-17,All Stores,All Products,24202.79,,automobile_dealers_autoarima_model,,21622.77,26782.80,No
2026-12-17,All Stores,All Products,24700.31,,automobile_dealers_autoets_model,,23010.81,26389.81,No
2026-12-17,All Stores,All Products,25002.62,,automobile_dealers_seasonalnaive_model,,23267.44,26737.80,No
2026-12-17,All Stores,All Products,548.11,,building_material_and_garden_equipment_LGBM_model,,544.27,551.95,No
2026-12-17,All Stores,All Products,1000.00,,building_material_and_garden_equipment_PatchTST_model,,980.00,1020.00,No
2026-12-17,All Stores,All Products,1000.00,,building_material_and_garden_equipment_TimesNet_model,,980.00,1020.00,No
2026-12-17,All Stores,All Products,33883.90,,building_material_and_garden_equipment_autoarima_model,,30271.88,37495.92,No
2026-12-17,All Stores,All Products,34580.44,,building_material_and_garden_equipment_autoets_model,,32215.14,36945.74,No
2026-12-17,All Stores,All Products,35003.67,,building_material_and_garden_equipment_seasonalnaive_model,,32574.42,37432.93,No
2026-12-17,All Stores,All Products,6409.25,,clothing_and_clothing_accessories_stores_LGBM_model,,6364.38,6454.11,No
2026-12-17,All Stores,All Products,1000.00,,clothing_and_clothing_accessories_stores_PatchTST_model,,980.00,1020.00,No
2026-12-17,All Stores,All Products,1000.00,,clothing_and_clothing_accessories_stores_TimesNet_model,,980.00,1020.00,No
2026-12-17,All Stores,All Products,5808.67,,clothing_and_clothing_accessories_stores_autoarima_model,,5189.46,6427.87,No
2026-12-17,All Stores,All Products,5928.07,,clothing_and_clothing_accessories_stores_autoets_model,,5522.59,6333.56,No
2026-12-17,All Stores,All Products,6000.63,,clothing_and_clothing_accessories_stores_seasonalnaive_model,,5584.19,6417.07,No
2026-12-17,All Stores,All Products,43317.46,,electronics_and_appliance_stores_LGBM_model,,43014.24,43620.68,No
2026-12-17,All Stores,All Products,1000.00,,electronics_and_appliance_stores_PatchTST_model,,980.00,1020.00,No
2026-12-17,All Stores,All Products,1000.00,,electronics_and_appliance_stores_TimesNet_model,,980.00,1020.00,No
2026-12-17,All Stores,All Products,1936.22,,electronics_and_appliance_stores_autoarima_model,,1729.82,2142.62,No
2026-12-17,All Stores,All Products,1976.02,,electronics_and_appliance_stores_autoets_model,,1840.86,2111.19,No
2026-12-17,All Stores,All Products,2000.21,,electronics_and_appliance_stores_seasonalnaive_model,,1861.40,2139.02,No
2026-12-17,All Stores,All Products,7859.69,,food_and_beverage_stores_LGBM_model,,7804.67,7914.71,No
2026-12-17,All Stores,All Products,1000.00,,food_and_beverage_stores_PatchTST_model,,980.00,1020.00,No
2026-12-17,All Stores,All Products,1000.00,,food_and_beverage_stores_TimesNet_model,,980.00,1020.00,No
2026-12-17,All Stores,All Products,14521.67,,food_and_beverage_stores_autoarima_model,,12973.66,16069.68,No
2026-12-17,All Stores,All Products,14820.19,,food_and_beverage_stores_autoets_model,,13806.49,15833.89,No
2026-12-17,All Stores,All Products,15001.57,,food_and_beverage_stores_seasonalnaive_model,,13960.46,16042.68,No
2026-12-17,All Stores,All Products,566.07,,furniture_and_home_furnishings_stores_LGBM_model,,562.10,570.03,No
2026-12-17,All Stores,All Products,1000.00,,furniture_and_home_furnishings_stores_PatchTST_model,,980.00,1020.00,No
2026-12-17,All Stores,All Products,1000.00,,furniture_and_home_furnishings_stores_TimesNet_model,,980.00,1020.00,No
2026-12-17,All Stores,All Products,4840.56,,furniture_and_home_furnishings_stores_autoarima_model,,4324.55,5356.56,No
2026-12-17,All Stores,All Products,4940.06,,furniture_and_home_furnishings_stores_autoets_model,,4602.16,5277.96,No
2026-12-17,All Stores,All Products,5000.52,,furniture_and_home_furnishings_stores_seasonalnaive_model,,4653.49,5347.56,No
2026-12-17,All Stores,All Products,2517.60,,gasoline_stations_LGBM_model,,2499.97,2535.22,No
2026-12-17,All Stores,All Products,1000.00,,gasoline_stations_PatchTST_model,,980.00,1020.00,No
2026-12-17,All Stores,All Products,1000.00,,gasoline_stations_TimesNet_model,,980.00,1020.00,No
2026-12-17,All Stores,All Products,11617.34,,gasoline_stations_autoarima_model,,10378.93,12855.75,No
2026-12-17,All Stores,All Products,11856.15,,gasoline_stations_autoets_model,,11045.19,12667.11,No
2026-12-17,All Stores,All Products,12001.26,,gasoline_stations_seasonalnaive_model,,11168.37,12834.15,No
2026-12-17,All Stores,All Products,3653.01,,general_merchandise_stores_LGBM_model,,3627.44,3678.58,No
2026-12-17,All Stores,All Products,1000.00,,general_merchandise_stores_PatchTST_model,,980.00,1020.00,No
2026-12-17,All Stores,All Products,1000.00,,general_merchandise_stores_TimesNet_model,,980.00,1020.00,No
2026-12-17,All Stores,All Products,17426.01,,general_merchandise_stores_autoarima_model,,15568.39,19283.62,No
2026-12-17,All Stores,All Products,17784.22,,general_merchandise_stores_autoets_model,,16567.78,19000.67,No
2026-12-17,All Stores,All Products,18001.89,,general_merchandise_stores_seasonalnaive_model,,16752.56,19251.22,No
2026-12-17,All Stores,All Products,5727.14,,health_and_personal_care_stores_LGBM_model,,5687.05,5767.23,No
2026-12-17,All Stores,All Products,1000.00,,health_and_personal_care_stores_PatchTST_model,,980.00,1020.00,No
2026-12-17,All Stores,All Products,1000.00,,health_and_personal_care_stores_TimesNet_model,,980.00,1020.00,No
2026-12-17,All Stores,All Products,7744.89,,health_and_personal_care_stores_autoarima_model,,6919.29,8570.50,No
2026-12-17,All Stores,All Products,7904.10,,health_and_personal_care_stores_autoets_model,,7363.46,8444.74,No
2026-12-17,All Stores,All Products,8000.84,,health_and_personal_care_stores_seasonalnaive_model,,7445.58,8556.10,No
2026-12-17,All Stores,All Products,740.34,,sporting_goods_hobby_and_musical_instrument_stores_LGBM_model,,735.16,745.53,No
2026-12-17,All Stores,All Products,1000.00,,sporting_goods_hobby_and_musical_instrument_stores_PatchTST_model,,980.00,1020.00,No
2026-12-17,All Stores,All Products,1000.00,,sporting_goods_hobby_and_musical_instrument_stores_TimesNet_model,,980.00,1020.00,No
2026-12-17,All Stores,All Products,8713.00,,sporting_goods_hobby_and_musical_instrument_stores_autoarima_model,,7784.20,9641.81,No
2026-12-17,All Stores,All Products,8892.11,,sporting_goods_hobby_and_musical_instrument_stores_autoets_model,,8283.89,9500.33,No
2026-12-17,All Stores,All Products,9000.94,,sporting_goods_hobby_and_musical_instrument_stores_seasonalnaive_model,,8376.28,9625.61,No
2026-12-17,All Stores,All Products,27758.96,,total_sales_LGBM_model,,27564.64,27953.27,No
2026-12-17,All Stores,All Products,1000.00,,total_sales_PatchTST_model,,980.00,1020.00,No
2026-12-17,All Stores,All Products,1000.00,,total_sales_TimesNet_model,,980.00,1020.00,No
2026-12-17,All Stores,All Products,16457.89,,total_sales_autoarima_model,,14703.48,18212.31,No
2026-12-17,All Stores,All Products,16796.21,,total_sales_autoets_model,,15647.35,17945.07,No
2026-12-17,All Stores,All Products,17001.78,,total_sales_seasonalnaive_model,,15821.86,18181.71,No
2026-12-10,All Stores,All Products,13387.17,,automobile_dealers_LGBM_model,,13293.46,13480.88,No
2026-12-10,All Stores,All Products,1000.00,,automobile_dealers_PatchTST_model,,980.00,1020.00,No
2026-12-10,All Stores,All Products,1000.00,,automobile_dealers_TimesNet_model,,980.00,1020.00,No
2026-12-10,All Stores,All Products,24202.79,,automobile_dealers_autoarima_model,,21622.77,26782.80,No
2026-12-10,All Stores,All Products,24700.31,,automobile_dealers_autoets_model,,23010.81,26389.81,No
2026-12-10,All Stores,All Products,25002.62,,automobile_dealers_seasonalnaive_model,,23267.44,26737.80,No
2026-12-10,All Stores,All Products,548.11,,building_material_and_garden_equipment_LGBM_model,,544.27,551.95,No
2026-12-10,All Stores,All Products,1000.00,,building_material_and_garden_equipment_PatchTST_model,,980.00,1020.00,No
2026-12-10,All Stores,All Products,1000.00,,building_material_and_garden_equipment_TimesNet_model,,980.00,1020.00,No
2026-12-10,All Stores,All Products,33883.90,,building_material_and_garden_equipment_autoarima_model,,30271.88,37495.92,No
2026-12-10,All Stores,All Products,34580.44,,building_material_and_garden_equipment_autoets_model,,32215.14,36945.74,No
2026-12-10,All Stores,All Products,35003.67,,building_material_and_garden_equipment_seasonalnaive_model,,32574.42,37432.93,No
2026-12-10,All Stores,All Products,6405.57,,clothing_and_clothing_accessories_stores_LGBM_model,,6360.73,6450.40,No
2026-12-10,All Stores,All Products,1000.00,,clothing_and_clothing_accessories_stores_PatchTST_model,,980.00,1020.00,No
2026-12-10,All Stores,All Products,1000.00,,clothing_and_clothing_accessories_stores_TimesNet_model,,980.00,1020.00,No
2026-12-10,All Stores,All Products,5808.67,,clothing_and_clothing_accessories_stores_autoarima_model,,5189.46,6427.87,No
2026-12-10,All Stores,All Products,5928.07,,clothing_and_clothing_accessories_stores_autoets_model,,5522.59,6333.56,No
2026-12-10,All Stores,All Products,6000.63,,clothing_and_clothing_accessories_stores_seasonalnaive_model,,5584.19,6417.07,No
2026-12-10,All Stores,All Products,43281.26,,electronics_and_appliance_stores_LGBM_model,,42978.29,43584.23,No
2026-12-10,All Stores,All Products,1000.00,,electronics_and_appliance_stores_PatchTST_model,,980.00,1020.00,No
2026-12-10,All Stores,All Products,1000.00,,electronics_and_appliance_stores_TimesNet_model,,980.00,1020.00,No
2026-12-10,All Stores,All Products,1936.22,,electronics_and_appliance_stores_autoarima_model,,1729.82,2142.62,No
2026-12-10,All Stores,All Products,1976.02,,electronics_and_appliance_stores_autoets_model,,1840.86,2111.19,No
2026-12-10,All Stores,All Products,2000.21,,electronics_and_appliance_stores_seasonalnaive_model,,1861.40,2139.02,No
2026-12-10,All Stores,All Products,7848.31,,food_and_beverage_stores_LGBM_model,,7793.38,7903.25,No
2026-12-10,All Stores,All Products,1000.00,,food_and_beverage_stores_PatchTST_model,,980.00,1020.00,No
2026-12-10,All Stores,All Products,1000.00,,food_and_beverage_stores_TimesNet_model,,980.00,1020.00,No
2026-12-10,All Stores,All Products,14521.67,,food_and_beverage_stores_autoarima_model,,12973.66,16069.68,No
2026-12-10,All Stores,All Products,14820.19,,food_and_beverage_stores_autoets_model,,13806.49,15833.89,No
2026-12-10,All Stores,All Products,15001.57,,food_and_beverage_stores_seasonalnaive_model,,13960.46,16042.68,No
2026-12-10,All Stores,All Products,566.18,,furniture_and_home_furnishings_stores_LGBM_model,,562.22,570.15,No
2026-12-10,All Stores,All Products,1000.00,,furniture_and_home_furnishings_stores_PatchTST_model,,980.00,1020.00,No
2026-12-10,All Stores,All Products,1000.00,,furniture_and_home_furnishings_stores_TimesNet_model,,980.00,1020.00,No
2026-12-10,All Stores,All Products,4840.56,,furniture_and_home_furnishings_stores_autoarima_model,,4324.55,5356.56,No
2026-12-10,All Stores,All Products,4940.06,,furniture_and_home_furnishings_stores_autoets_model,,4602.16,5277.96,No
2026-12-10,All Stores,All Products,5000.52,,furniture_and_home_furnishings_stores_seasonalnaive_model,,4653.49,5347.56,No
2026-12-10,All Stores,All Products,2513.55,,gasoline_stations_LGBM_model,,2495.96,2531.15,No
2026-12-10,All Stores,All Products,1000.00,,gasoline_stations_PatchTST_model,,980.00,1020.00,No
2026-12-10,All Stores,All Products,1000.00,,gasoline_stations_TimesNet_model,,980.00,1020.00,No
2026-12-10,All Stores,All Products,11617.34,,gasoline_stations_autoarima_model,,10378.93,12855.75,No
2026-12-10,All Stores,All Products,11856.15,,gasoline_stations_autoets_model,,11045.19,12667.11,No
2026-12-10,All Stores,All Products,12001.26,,gasoline_stations_seasonalnaive_model,,11168.37,12834.15,No
2026-12-10,All Stores,All Products,3653.01,,general_merchandise_stores_LGBM_model,,3627.44,3678.58,No
2026-12-10,All Stores,All Products,1000.00,,general_merchandise_stores_PatchTST_model,,980.00,1020.00,No
2026-12-10,All Stores,All Products,1000.00,,general_merchandise_stores_TimesNet_model,,980.00,1020.00,No
2026-12-10,All Stores,All Products,17426.01,,general_merchandise_stores_autoarima_model,,15568.39,19283.62,No
2026-12-10,All Stores,All Products,17784.22,,general_merchandise_stores_autoets_model,,16567.78,19000.67,No
2026-12-10,All Stores,All Products,18001.89,,general_merchandise_stores_seasonalnaive_model,,16752.56,19251.22,No
2026-12-10,All Stores,All Products,5727.14,,health_and_personal_care_stores_LGBM_model,,5687.05,5767.23,No
2026-12-10,All Stores,All Products,1000.00,,health_and_personal_care_stores_PatchTST_model,,980.00,1020.00,No
2026-12-10,All Stores,All Products,1000.00,,health_and_personal_care_stores_TimesNet_model,,980.00,1020.00,No
2026-12-10,All Stores,All Products,7744.89,,health_and_personal_care_stores_autoarima_model,,6919.29,8570.50,No
2026-12-10,All Stores,All Products,7904.10,,health_and_personal_care_stores_autoets_model,,7363.46,8444.74,No
2026-12-10,All Stores,All Products,8000.84,,health_and_personal_care_stores_seasonalnaive_model,,7445.58,8556.10,No
2026-12-10,All Stores,All Products,740.14,,sporting_goods_hobby_and_musical_instrument_stores_LGBM_model,,734.96,745.32,No
2026-12-10,All Stores,All Products,1000.00,,sporting_goods_hobby_and_musical_instrument_stores_PatchTST_model,,980.00,1020.00,No
2026-12-10,All Stores,All Products,1000.00,,sporting_goods_hobby_and_musical_instrument_stores_TimesNet_model,,980.00,1020.00,No
2026-12-10,All Stores,All Products,8713.00,,sporting_goods_hobby_and_musical_instrument_stores_autoarima_model,,7784.20,9641.81,No
2026-12-10,All Stores,All Products,8892.11,,sporting_goods_hobby_and_musical_instrument_stores_autoets_model,,8283.89,9500.33,No
2026-12-10,All Stores,All Products,9000.94,,sporting_goods_hobby_and_musical_instrument_stores_seasonalnaive_model,,8376.28,9625.61,No
2026-12-10,All Stores,All Products,27711.92,,total_sales_LGBM_model,,27517.94,27905.91,No
2026-12-10,All Stores,All Products,1000.00,,total_sales_PatchTST_model,,980.00,1020.00,No
2026-12-10,All Stores,All Products,1000.00,,total_sales_TimesNet_model,,980.00,1020.00,No
2026-12-10,All Stores,All Products,16457.89,,total_sales_autoarima_model,,14703.48,18212.31,No
2026-12-10,All Stores,All Products,16796.21,,total_sales_autoets_model,,15647.35,17945.07,No
2026-12-10,All Stores,All Products,17001.78,,total_sales_seasonalnaive_model,,15821.86,18181.71,No
2026-12-03,All Stores,All Products,13387.17,,automobile_dealers_LGBM_model,,13293.46,13480.88,No
2026-12-03,All Stores,All Products,1000.00,,automobile_dealers_PatchTST_model,,980.00,1020.00,No
2026-12-03,All Stores,All Products,1000.00,,automobile_dealers_TimesNet_model,,980.00,1020.00,No
2026-12-03,All Stores,All Products,24202.79,,automobile_dealers_autoarima_model,,21622.77,26782.80,No
2026-12-03,All Stores,All Products,24700.31,,automobile_dealers_autoets_model,,23010.81,26389.81,No
2026-12-03,All Stores,All Products,25002.62,,automobile_dealers_seasonalnaive_model,,23267.44,26737.80,No
2026-12-03,All Stores,All Products,548.11,,building_material_and_garden_equipment_LGBM_model,,544.27,551.95,No
2026-12-03,All Stores,All Products,1000.00,,building_material_and_garden_equipment_PatchTST_model,,980.00,1020.00,No
2026-12-03,All Stores,All Products,1000.00,,building_material_and_garden_equipment_TimesNet_model,,980.00,1020.00,No
2026-12-03,All Stores,All Products,33883.90,,building_material_and_garden_equipment_autoarima_model,,30271.88,37495.92,No
2026-12-03,All Stores,All Products,34580.44,,building_material_and_garden_equipment_autoets_model,,32215.14,36945.74,No
2026-12-03,All Stores,All Products,35003.67,,building_material_and_garden_equipment_seasonalnaive_model,,32574.42,37432.93,No
2026-12-03,All Stores,All Products,6405.57,,clothing_and_clothing_accessories_stores_LGBM_model,,6360.73,6450.40,No
2026-12-03,All Stores,All Products,1000.00,,clothing_and_clothing_accessories_stores_PatchTST_model,,980.00,1020.00,No
2026-12-03,All Stores,All Products,1000.00,,clothing_and_clothing_accessories_stores_TimesNet_model,,980.00,1020.00,No
2026-12-03,All Stores,All Products,5808.67,,clothing_and_clothing_accessories_stores_autoarima_model,,5189.46,6427.87,No
2026-12-03,All Stores,All Products,5928.07,,clothing_and_clothing_accessories_stores_autoets_model,,5522.59,6333.56,No
2026-12-03,All Stores,All Products,6000.63,,clothing_and_clothing_accessories_stores_seasonalnaive_model,,5584.19,6417.07,No
2026-12-03,All Stores,All Products,43281.26,,electronics_and_appliance_stores_LGBM_model,,42978.29,43584.23,No
2026-12-03,All Stores,All Products,1000.00,,electronics_and_appliance_stores_PatchTST_model,,980.00,1020.00,No
2026-12-03,All Stores,All Products,1000.00,,electronics_and_appliance_stores_TimesNet_model,,980.00,1020.00,No
2026-12-03,All Stores,All Products,1936.22,,electronics_and_appliance_stores_autoarima_model,,1729.82,2142.62,No
2026-12-03,All Stores,All Products,1976.02,,electronics_and_appliance_stores_autoets_model,,1840.86,2111.19,No
2026-12-03,All Stores,All Products,2000.21,,electronics_and_appliance_stores_seasonalnaive_model,,1861.40,2139.02,No
2026-12-03,All Stores,All Products,7848.31,,food_and_beverage_stores_LGBM_model,,7793.38,7903.25,No
2026-12-03,All Stores,All Products,1000.00,,food_and_beverage_stores_PatchTST_model,,980.00,1020.00,No
2026-12-03,All Stores,All Products,1000.00,,food_and_beverage_stores_TimesNet_model,,980.00,1020.00,No
2026-12-03,All Stores,All Products,14521.67,,food_and_beverage_stores_autoarima_model,,12973.66,16069.68,No
2026-12-03,All Stores,All Products,14820.19,,food_and_beverage_stores_autoets_model,,13806.49,15833.89,No
2026-12-03,All Stores,All Products,15001.57,,food_and_beverage_stores_seasonalnaive_model,,13960.46,16042.68,No
2026-12-03,All Stores,All Products,566.18,,furniture_and_home_furnishings_stores_LGBM_model,,562.22,570.15,No
2026-12-03,All Stores,All Products,1000.00,,furniture_and_home_furnishings_stores_PatchTST_model,,980.00,1020.00,No
2026-12-03,All Stores,All Products,1000.00,,furniture_and_home_furnishings_stores_TimesNet_model,,980.00,1020.00,No
2026-12-03,All Stores,All Products,4840.56,,furniture_and_home_furnishings_stores_autoarima_model,,4324.55,5356.56,No
2026-12-03,All Stores,All Products,4940.06,,furniture_and_home_furnishings_stores_autoets_model,,4602.16,5277.96,No
2026-12-03,All Stores,All Products,5000.52,,furniture_and_home_furnishings_stores_seasonalnaive_model,,4653.49,5347.56,No
2026-12-03,All Stores,All Products,2513.55,,gasoline_stations_LGBM_model,,2495.96,2531.15,No
2026-12-03,All Stores,All Products,1000.00,,gasoline_stations_PatchTST_model,,980.00,1020.00,No
2026-12-03,All Stores,All Products,1000.00,,gasoline_stations_TimesNet_model,,980.00,1020.00,No
2026-12-03,All Stores,All Products,11617.34,,gasoline_stations_autoarima_model,,10378.93,12855.75,No
2026-12-03,All Stores,All Products,11856.15,,gasoline_stations_autoets_model,,11045.19,12667.11,No
2026-12-03,All Stores,All Products,12001.26,,gasoline_stations_seasonalnaive_model,,11168.37,12834.15,No
2026-12-03,All Stores,All Products,3653.01,,general_merchandise_stores_LGBM_model,,3627.44,3678.58,No
2026-12-03,All Stores,All Products,1000.00,,general_merchandise_stores_PatchTST_model,,980.00,1020.00,No
2026-12-03,All Stores,All Products,1000.00,,general_merchandise_stores_TimesNet_model,,980.00,1020.00,No
2026-12-03,All Stores,All Products,17426.01,,general_merchandise_stores_autoarima_model,,15568.39,19283.62,No
2026-12-03,All Stores,All Products,17784.22,,general_merchandise_stores_autoets_model,,16567.78,19000.67,No
2026-12-03,All Stores,All Products,18001.89,,general_merchandise_stores_seasonalnaive_model,,16752.56,19251.22,No
2026-12-03,All Stores,All Products,5727.14,,health_and_personal_care_stores_LGBM_model,,5687.05,5767.23,No
2026-12-03,All Stores,All Products,1000.00,,health_and_personal_care_stores_PatchTST_model,,980.00,1020.00,No
2026-12-03,All Stores,All Products,1000.00,,health_and_personal_care_stores_TimesNet_model,,980.00,1020.00,No
2026-12-03,All Stores,All Products,7744.89,,health_and_personal_care_stores_autoarima_model,,6919.29,8570.50,No
2026-12-03,All Stores,All Products,7904.10,,health_and_personal_care_stores_autoets_model,,7363.46,8444.74,No
2026-12-03,All Stores,All Products,8000.84,,health_and_personal_care_stores_seasonalnaive_model,,7445.58,8556.10,No
2026-12-03,All Stores,All Products,740.14,,sporting_goods_hobby_and_musical_instrument_stores_LGBM_model,,734.96,745.32,No
2026-12-03,All Stores,All Products,1000.00,,sporting_goods_hobby_and_musical_instrument_stores_PatchTST_model,,980.00,1020.00,No
2026-12-03,All Stores,All Products,1000.00,,sporting_goods_hobby_and_musical_instrument_stores_TimesNet_model,,980.00,1020.00,No
2026-12-03,All Stores,All Products,8713.00,,sporting_goods_hobby_and_musical_instrument_stores_autoarima_model,,7784.20,9641.81,No
2026-12-03,All Stores,All Products,8892.11,,sporting_goods_hobby_and_musical_instrument_stores_autoets_model,,8283.89,9500.33,No
2026-12-03,All Stores,All Products,9000.94,,sporting_goods_hobby_and_musical_instrument_stores_seasonalnaive_model,,8376.28,9625.61,No
2026-12-03,All Stores,All Products,27711.92,,total_sales_LGBM_model,,27517.94,27905.91,No
2026-12-03,All Stores,All Products,1000.00,,total_sales_PatchTST_model,,980.00,1020.00,No
2026-12-03,All Stores,All Products,1000.00,,total_sales_TimesNet_model,,980.00,1020.00,No
2026-12-03,All Stores,All Products,16457.89,,total_sales_autoarima_model,,14703.48,18212.31,No
2026-12-03,All Stores,All Products,16796.21,,total_sales_autoets_model,,15647.35,17945.07,No
2026-12-03,All Stores,All Products,17001.78,,total_sales_seasonalnaive_model,,15821.86,18181.71,No
2026-11-26,All Stores,All Products,13254.70,,automobile_dealers_LGBM_model,,13161.92,13347.48,No
2026-11-26,All Stores,All Products,1000.00,,automobile_dealers_PatchTST_model,,980.00,1020.00,No
2026-11-26,All Stores,All Products,1000.00,,automobile_dealers_TimesNet_model,,980.00,1020.00,No
2026-11-26,All Stores,All Products,22992.65,,automobile_dealers_autoarima_model,,20541.63,25443.66,No
2026-11-26,All Stores,All Products,23465.30,,automobile_dealers_autoets_model,,21860.27,25070.32,No
2026-11-26,All Stores,All Products,23752.49,,automobile_dealers_seasonalnaive_model,,22104.07,25400.91,No
2026-11-26,All Stores,All Products,548.11,,building_material_and_garden_equipment_LGBM_model,,544.27,551.95,No
2026-11-26,All Stores,All Products,1000.00,,building_material_and_garden_equipment_PatchTST_model,,980.00,1020.00,No
2026-11-26,All Stores,All Products,1000.00,,building_material_and_garden_equipment_TimesNet_model,,980.00,1020.00,No
2026-11-26,All Stores,All Products,32189.71,,building_material_and_garden_equipment_autoarima_model,,28758.28,35621.13,No
2026-11-26,All Stores,All Products,32851.42,,building_material_and_garden_equipment_autoets_model,,30604.38,35098.45,No
2026-11-26,All Stores,All Products,33253.49,,building_material_and_garden_equipment_seasonalnaive_model,,30945.70,35561.28,No
2026-11-26,All Stores,All Products,6370.96,,clothing_and_clothing_accessories_stores_LGBM_model,,6326.36,6415.56,No
2026-11-26,All Stores,All Products,1000.00,,clothing_and_clothing_accessories_stores_PatchTST_model,,980.00,1020.00,No
2026-11-26,All Stores,All Products,1000.00,,clothing_and_clothing_accessories_stores_TimesNet_model,,980.00,1020.00,No
2026-11-26,All Stores,All Products,5518.24,,clothing_and_clothing_accessories_stores_autoarima_model,,4929.99,6106.48,No
2026-11-26,All Stores,All Products,5631.67,,clothing_and_clothing_accessories_stores_autoets_model,,5246.46,6016.88,No
2026-11-26,All Stores,All Products,5700.60,,clothing_and_clothing_accessories_stores_seasonalnaive_model,,5304.98,6096.22,No
2026-11-26,All Stores,All Products,41888.51,,electronics_and_appliance_stores_LGBM_model,,41595.29,42181.73,No
2026-11-26,All Stores,All Products,1000.00,,electronics_and_appliance_stores_PatchTST_model,,980.00,1020.00,No
2026-11-26,All Stores,All Products,1000.00,,electronics_and_appliance_stores_TimesNet_model,,980.00,1020.00,No
2026-11-26,All Stores,All Products,1839.41,,electronics_and_appliance_stores_autoarima_model,,1643.33,2035.49,No
2026-11-26,All Stores,All Products,1877.22,,electronics_and_appliance_stores_autoets_model,,1748.82,2005.63,No
2026-11-26,All Stores,All Products,1900.20,,electronics_and_appliance_stores_seasonalnaive_model,,1768.33,2032.07,No
2026-11-26,All Stores,All Products,7690.15,,food_and_beverage_stores_LGBM_model,,7636.32,7743.98,No
2026-11-26,All Stores,All Products,1000.00,,food_and_beverage_stores_PatchTST_model,,980.00,1020.00,No
2026-11-26,All Stores,All Products,1000.00,,food_and_beverage_stores_TimesNet_model,,980.00,1020.00,No
2026-11-26,All Stores,All Products,13795.59,,food_and_beverage_stores_autoarima_model,,12324.98,15266.20,No
2026-11-26,All Stores,All Products,14079.18,,food_and_beverage_stores_autoets_model,,13116.16,15042.19,No
2026-11-26,All Stores,All Products,14251.49,,food_and_beverage_stores_seasonalnaive_model,,13262.44,15240.55,No
2026-11-26,All Stores,All Products,565.27,,furniture_and_home_furnishings_stores_LGBM_model,,561.31,569.23,No
2026-11-26,All Stores,All Products,1000.00,,furniture_and_home_furnishings_stores_PatchTST_model,,980.00,1020.00,No
2026-11-26,All Stores,All Products,1000.00,,furniture_and_home_furnishings_stores_TimesNet_model,,980.00,1020.00,No
2026-11-26,All Stores,All Products,4598.53,,furniture_and_home_furnishings_stores_autoarima_model,,4108.33,5088.73,No
2026-11-26,All Stores,All Products,4693.06,,furniture_and_home_furnishings_stores_autoets_model,,4372.05,5014.06,No
2026-11-26,All Stores,All Products,4750.50,,furniture_and_home_furnishings_stores_seasonalnaive_model,,4420.81,5080.18,No
2026-11-26,All Stores,All Products,2468.66,,gasoline_stations_LGBM_model,,2451.38,2485.94,No
2026-11-26,All Stores,All Products,1000.00,,gasoline_stations_PatchTST_model,,980.00,1020.00,No
2026-11-26,All Stores,All Products,1000.00,,gasoline_stations_TimesNet_model,,980.00,1020.00,No
2026-11-26,All Stores,All Products,11036.47,,gasoline_stations_autoarima_model,,9859.98,12212.96,No
2026-11-26,All Stores,All Products,11263.34,,gasoline_stations_autoets_model,,10492.93,12033.76,No
2026-11-26,All Stores,All Products,11401.20,,gasoline_stations_seasonalnaive_model,,10609.95,12192.44,No
2026-11-26,All Stores,All Products,3653.31,,general_merchandise_stores_LGBM_model,,3627.73,3678.88,No
2026-11-26,All Stores,All Products,1000.00,,general_merchandise_stores_PatchTST_model,,980.00,1020.00,No
2026-11-26,All Stores,All Products,1000.00,,general_merchandise_stores_TimesNet_model,,980.00,1020.00,No
2026-11-26,All Stores,All Products,16554.71,,general_merchandise_stores_autoarima_model,,14789.97,18319.44,No
2026-11-26,All Stores,All Products,16895.01,,general_merchandise_stores_autoets_model,,15739.39,18050.63,No
2026-11-26,All Stores,All Products,17101.79,,general_merchandise_stores_seasonalnaive_model,,15914.93,18288.66,No
2026-11-26,All Stores,All Products,5721.71,,health_and_personal_care_stores_LGBM_model,,5681.65,5761.76,No
2026-11-26,All Stores,All Products,1000.00,,health_and_personal_care_stores_PatchTST_model,,980.00,1020.00,No
2026-11-26,All Stores,All Products,1000.00,,health_and_personal_care_stores_TimesNet_model,,980.00,1020.00,No
2026-11-26,All Stores,All Products,7357.65,,health_and_personal_care_stores_autoarima_model,,6573.32,8141.97,No
2026-11-26,All Stores,All Products,7508.89,,health_and_personal_care_stores_autoets_model,,6995.29,8022.50,No
2026-11-26,All Stores,All Products,7600.80,,health_and_personal_care_stores_seasonalnaive_model,,7073.30,8128.29,No
2026-11-26,All Stores,All Products,740.17,,sporting_goods_hobby_and_musical_instrument_stores_LGBM_model,,734.99,745.35,No
2026-11-26,All Stores,All Products,1000.00,,sporting_goods_hobby_and_musical_instrument_stores_PatchTST_model,,980.00,1020.00,No
2026-11-26,All Stores,All Products,1000.00,,sporting_goods_hobby_and_musical_instrument_stores_TimesNet_model,,980.00,1020.00,No
2026-11-26,All Stores,All Products,8277.35,,sporting_goods_hobby_and_musical_instrument_stores_autoarima_model,,7394.99,9159.72,No
2026-11-26,All Stores,All Products,8447.51,,sporting_goods_hobby_and_musical_instrument_stores_autoets_model,,7869.70,9025.32,No
2026-11-26,All Stores,All Products,8550.90,,sporting_goods_hobby_and_musical_instrument_stores_seasonalnaive_model,,7957.46,9144.33,No
2026-11-26,All Stores,All Products,27095.26,,total_sales_LGBM_model,,26905.59,27284.92,No
2026-11-26,All Stores,All Products,1000.00,,total_sales_PatchTST_model,,980.00,1020.00,No
2026-11-26,All Stores,All Products,1000.00,,total_sales_TimesNet_model,,980.00,1020.00,No
2026-11-26,All Stores,All Products,15635.00,,total_sales_autoarima_model,,13968.31,17301.69,No
2026-11-26,All Stores,All Products,15956.40,,total_sales_autoets_model,,14864.98,17047.82,No
2026-11-26,All Stores,All Products,16151.69,,total_sales_seasonalnaive_model,,15030.77,17272.62,No
2026-11-19,All Stores,All Products,13254.70,,automobile_dealers_LGBM_model,,13161.92,13347.48,No
2026-11-19,All Stores,All Products,1000.00,,automobile_dealers_PatchTST_model,,980.00,1020.00,No
2026-11-19,All Stores,All Products,1000.00,,automobile_dealers_TimesNet_model,,980.00,1020.00,No
2026-11-19,All Stores,All Products,22992.65,,automobile_dealers_autoarima_model,,20541.63,25443.66,No
2026-11-19,All Stores,All Products,23465.30,,automobile_dealers_autoets_model,,21860.27,25070.32,No
2026-11-19,All Stores,All Products,23752.49,,automobile_dealers_seasonalnaive_model,,22104.07,25400.91,No
2026-11-19,All Stores,All Products,548.11,,building_material_and_garden_equipment_LGBM_model,,544.27,551.95,No
2026-11-19,All Stores,All Products,1000.00,,building_material_and_garden_equipment_PatchTST_model,,980.00,1020.00,No
2026-11-19,All Stores,All Products,1000.00,,building_material_and_garden_equipment_TimesNet_model,,980.00,1020.00,No
2026-11-19,All Stores,All Products,32189.71,,building_material_and_garden_equipment_autoarima_model,,28758.28,35621.13,No
2026-11-19,All Stores,All Products,32851.42,,building_material_and_garden_equipment_autoets_model,,30604.38,35098.45,No
2026-11-19,All Stores,All Products,33253.49,,building_material_and_garden_equipment_seasonalnaive_model,,30945.70,35561.28,No
2026-11-19,All Stores,All Products,6370.96,,clothing_and_clothing_accessories_stores_LGBM_model,,6326.36,6415.56,No
2026-11-19,All Stores,All Products,1000.00,,clothing_and_clothing_accessories_stores_PatchTST_model,,980.00,1020.00,No
2026-11-19,All Stores,All Products,1000.00,,clothing_and_clothing_accessories_stores_TimesNet_model,,980.00,1020.00,No
2026-11-19,All Stores,All Products,5518.24,,clothing_and_clothing_accessories_stores_autoarima_model,,4929.99,6106.48,No
2026-11-19,All Stores,All Products,5631.67,,clothing_and_clothing_accessories_stores_autoets_model,,5246.46,6016.88,No
2026-11-19,All Stores,All Products,5700.60,,clothing_and_clothing_accessories_stores_seasonalnaive_model,,5304.98,6096.22,No
2026-11-19,All Stores,All Products,41888.51,,electronics_and_appliance_stores_LGBM_model,,41595.29,42181.73,No
2026-11-19,All Stores,All Products,1000.00,,electronics_and_appliance_stores_PatchTST_model,,980.00,1020.00,No
2026-11-19,All Stores,All Products,1000.00,,electronics_and_appliance_stores_TimesNet_model,,980.00,1020.00,No
2026-11-19,All Stores,All Products,1839.41,,electronics_and_appliance_stores_autoarima_model,,1643.33,2035.49,No
2026-11-19,All Stores,All Products,1877.22,,electronics_and_appliance_stores_autoets_model,,1748.82,2005.63,No
2026-11-19,All Stores,All Products,1900.20,,electronics_and_appliance_stores_seasonalnaive_model,,1768.33,2032.07,No
2026-11-19,All Stores,All Products,7690.15,,food_and_beverage_stores_LGBM_model,,7636.32,7743.98,No
2026-11-19,All Stores,All Products,1000.00,,food_and_beverage_stores_PatchTST_model,,980.00,1020.00,No
2026-11-19,All Stores,All Products,1000.00,,food_and_beverage_stores_TimesNet_model,,980.00,1020.00,No
2026-11-19,All Stores,All Products,13795.59,,food_and_beverage_stores_autoarima_model,,12324.98,15266.20,No
2026-11-19,All Stores,All Products,14079.18,,food_and_beverage_stores_autoets_model,,13116.16,15042.19,No
2026-11-19,All Stores,All Products,14251.49,,food_and_beverage_stores_seasonalnaive_model,,13262.44,15240.55,No
2026-11-19,All Stores,All Products,565.27,,furniture_and_home_furnishings_stores_LGBM_model,,561.31,569.23,No
2026-11-19,All Stores,All Products,1000.00,,furniture_and_home_furnishings_stores_PatchTST_model,,980.00,1020.00,No
2026-11-19,All Stores,All Products,1000.00,,furniture_and_home_furnishings_stores_TimesNet_model,,980.00,1020.00,No
2026-11-19,All Stores,All Products,4598.53,,furniture_and_home_furnishings_stores_autoarima_model,,4108.33,5088.73,No
2026-11-19,All Stores,All Products,4693.06,,furniture_and_home_furnishings_stores_autoets_model,,4372.05,5014.06,No
2026-11-19,All Stores,All Products,4750.50,,furniture_and_home_furnishings_stores_seasonalnaive_model,,4420.81,5080.18,No
2026-11-19,All Stores,All Products,2468.66,,gasoline_stations_LGBM_model,,2451.38,2485.94,No
2026-11-19,All Stores,All Products,1000.00,,gasoline_stations_PatchTST_model,,980.00,1020.00,No
2026-11-19,All Stores,All Products,1000.00,,gasoline_stations_TimesNet_model,,980.00,1020.00,No
2026-11-19,All Stores,All Products,11036.47,,gasoline_stations_autoarima_model,,9859.98,12212.96,No
2026-11-19,All Stores,All Products,11263.34,,gasoline_stations_autoets_model,,10492.93,12033.76,No
2026-11-19,All Stores,All Products,11401.20,,gasoline_stations_seasonalnaive_model,,10609.95,12192.44,No
2026-11-19,All Stores,All Products,3653.31,,general_merchandise_stores_LGBM_model,,3627.73,3678.88,No
2026-11-19,All Stores,All Products,1000.00,,general_merchandise_stores_PatchTST_model,,980.00,1020.00,No
2026-11-19,All Stores,All Products,1000.00,,general_merchandise_stores_TimesNet_model,,980.00,1020.00,No
2026-11-19,All Stores,All Products,16554.71,,general_merchandise_stores_autoarima_model,,14789.97,18319.44,No
2026-11-19,All Stores,All Products,16895.01,,general_merchandise_stores_autoets_model,,15739.39,18050.63,No
2026-11-19,All Stores,All Products,17101.79,,general_merchandise_stores_seasonalnaive_model,,15914.93,18288.66,No
2026-11-19,All Stores,All Products,5721.71,,health_and_personal_care_stores_LGBM_model,,5681.65,5761.76,No
2026-11-19,All Stores,All Products,1000.00,,health_and_personal_care_stores_PatchTST_model,,980.00,1020.00,No
2026-11-19,All Stores,All Products,1000.00,,health_and_personal_care_stores_TimesNet_model,,980.00,1020.00,No
2026-11-19,All Stores,All Products,7357.65,,health_and_personal_care_stores_autoarima_model,,6573.32,8141.97,No
2026-11-19,All Stores,All Products,7508.89,,health_and_personal_care_stores_autoets_model,,6995.29,8022.50,No
2026-11-19,All Stores,All Products,7600.80,,health_and_personal_care_stores_seasonalnaive_model,,7073.30,8128.29,No
2026-11-19,All Stores,All Products,740.17,,sporting_goods_hobby_and_musical_instrument_stores_LGBM_model,,734.99,745.35,No
2026-11-19,All Stores,All Products,1000.00,,sporting_goods_hobby_and_musical_instrument_stores_PatchTST_model,,980.00,1020.00,No
2026-11-19,All Stores,All Products,1000.00,,sporting_goods_hobby_and_musical_instrument_stores_TimesNet_model,,980.00,1020.00,No
2026-11-19,All Stores,All Products,8277.35,,sporting_goods_hobby_and_musical_instrument_stores_autoarima_model,,7394.99,9159.72,No
2026-11-19,All Stores,All Products,8447.51,,sporting_goods_hobby_and_musical_instrument_stores_autoets_model,,7869.70,9025.32,No
2026-11-19,All Stores,All Products,8550.90,,sporting_goods_hobby_and_musical_instrument_stores_seasonalnaive_model,,7957.46,9144.33,No
2026-11-19,All Stores,All Products,27095.26,,total_sales_LGBM_model,,26905.59,27284.92,No
2026-11-19,All Stores,All Products,1000.00,,total_sales_PatchTST_model,,980.00,1020.00,No
2026-11-19,All Stores,All Products,1000.00,,total_sales_TimesNet_model,,980.00,1020.00,No
2026-11-19,All Stores,All Products,15635.00,,total_sales_autoarima_model,,13968.31,17301.69,No
2026-11-19,All Stores,All Products,15956.40,,total_sales_autoets_model,,14864.98,17047.82,No
2026-11-19,All Stores,All Products,16151.69,,total_sales_seasonalnaive_model,,15030.77,17272.62,No
2026-11-12,All Stores,All Products,13254.70,,automobile_dealers_LGBM_model,,13161.92,13347.48,No
2026-11-12,All Stores,All Products,1000.00,,automobile_dealers_PatchTST_model,,980.00,1020.00,No
2026-11-12,All Stores,All Products,1000.00,,automobile_dealers_TimesNet_model,,980.00,1020.00,No
2026-11-12,All Stores,All Products,22992.65,,automobile_dealers_autoarima_model,,20541.63,25443.66,No
2026-11-12,All Stores,All Products,23465.30,,automobile_dealers_autoets_model,,21860.27,25070.32,No
2026-11-12,All Stores,All Products,23752.49,,automobile_dealers_seasonalnaive_model,,22104.07,25400.91,No
2026-11-12,All Stores,All Products,548.11,,building_material_and_garden_equipment_LGBM_model,,544.27,551.95,No
2026-11-12,All Stores,All Products,1000.00,,building_material_and_garden_equipment_PatchTST_model,,980.00,1020.00,No
2026-11-12,All Stores,All Products,1000.00,,building_material_and_garden_equipment_TimesNet_model,,980.00,1020.00,No
2026-11-12,All Stores,All Products,32189.71,,building_material_and_garden_equipment_autoarima_model,,28758.28,35621.13,No
2026-11-12,All Stores,All Products,32851.42,,building_material_and_garden_equipment_autoets_model,,30604.38,35098.45,No
2026-11-12,All Stores,All Products,33253.49,,building_material_and_garden_equipment_seasonalnaive_model,,30945.70,35561.28,No
2026-11-12,All Stores,All Products,6370.96,,clothing_and_clothing_accessories_stores_LGBM_model,,6326.36,6415.56,No
2026-11-12,All Stores,All Products,1000.00,,clothing_and_clothing_accessories_stores_PatchTST_model,,980.00,1020.00,No
2026-11-12,All Stores,All Products,1000.00,,clothing_and_clothing_accessories_stores_TimesNet_model,,980.00,1020.00,No
2026-11-12,All Stores,All Products,5518.24,,clothing_and_clothing_accessories_stores_autoarima_model,,4929.99,6106.48,No
2026-11-12,All Stores,All Products,5631.67,,clothing_and_clothing_accessories_stores_autoets_model,,5246.46,6016.88,No
2026-11-12,All Stores,All Products,5700.60,,clothing_and_clothing_accessories_stores_seasonalnaive_model,,5304.98,6096.22,No
2026-11-12,All Stores,All Products,41888.51,,electronics_and_appliance_stores_LGBM_model,,41595.29,42181.73,No
2026-11-12,All Stores,All Products,1000.00,,electronics_and_appliance_stores_PatchTST_model,,980.00,1020.00,No
2026-11-12,All Stores,All Products,1000.00,,electronics_and_appliance_stores_TimesNet_model,,980.00,1020.00,No
2026-11-12,All Stores,All Products,1839.41,,electronics_and_appliance_stores_autoarima_model,,1643.33,2035.49,No
2026-11-12,All Stores,All Products,1877.22,,electronics_and_appliance_stores_autoets_model,,1748.82,2005.63,No
2026-11-12,All Stores,All Products,1900.20,,electronics_and_appliance_stores_seasonalnaive_model,,1768.33,2032.07,No
2026-11-12,All Stores,All Products,7690.15,,food_and_beverage_stores_LGBM_model,,7636.32,7743.98,No
2026-11-12,All Stores,All Products,1000.00,,food_and_beverage_stores_PatchTST_model,,980.00,1020.00,No
2026-11-12,All Stores,All Products,1000.00,,food_and_beverage_stores_TimesNet_model,,980.00,1020.00,No
2026-11-12,All Stores,All Products,13795.59,,food_and_beverage_stores_autoarima_model,,12324.98,15266.20,No
2026-11-12,All Stores,All Products,14079.18,,food_and_beverage_stores_autoets_model,,13116.16,15042.19,No
2026-11-12,All Stores,All Products,14251.49,,food_and_beverage_stores_seasonalnaive_model,,13262.44,15240.55,No
2026-11-12,All Stores,All Products,565.14,,furniture_and_home_furnishings_stores_LGBM_model,,561.18,569.10,No
2026-11-12,All Stores,All Products,1000.00,,furniture_and_home_furnishings_stores_PatchTST_model,,980.00,1020.00,No
2026-11-12,All Stores,All Products,1000.00,,furniture_and_home_furnishings_stores_TimesNet_model,,980.00,1020.00,No
2026-11-12,All Stores,All Products,4598.53,,furniture_and_home_furnishings_stores_autoarima_model,,4108.33,5088.73,No
2026-11-12,All Stores,All Products,4693.06,,furniture_and_home_furnishings_stores_autoets_model,,4372.05,5014.06,No
2026-11-12,All Stores,All Products,4750.50,,furniture_and_home_furnishings_stores_seasonalnaive_model,,4420.81,5080.18,No
2026-11-12,All Stores,All Products,2468.66,,gasoline_stations_LGBM_model,,2451.38,2485.94,No
2026-11-12,All Stores,All Products,1000.00,,gasoline_stations_PatchTST_model,,980.00,1020.00,No
2026-11-12,All Stores,All Products,1000.00,,gasoline_stations_TimesNet_model,,980.00,1020.00,No
2026-11-12,All Stores,All Products,11036.47,,gasoline_stations_autoarima_model,,9859.98,12212.96,No
2026-11-12,All Stores,All Products,11263.34,,gasoline_stations_autoets_model,,10492.93,12033.76,No
2026-11-12,All Stores,All Products,11401.20,,gasoline_stations_seasonalnaive_model,,10609.95,12192.44,No
2026-11-12,All Stores,All Products,3653.31,,general_merchandise_stores_LGBM_model,,3627.73,3678.88,No
2026-11-12,All Stores,All Products,1000.00,,general_merchandise_stores_PatchTST_model,,980.00,1020.00,No
2026-11-12,All Stores,All Products,1000.00,,general_merchandise_stores_TimesNet_model,,980.00,1020.00,No
2026-11-12,All Stores,All Products,16554.71,,general_merchandise_stores_autoarima_model,,14789.97,18319.44,No
2026-11-12,All Stores,All Products,16895.01,,general_merchandise_stores_autoets_model,,15739.39,18050.63,No
2026-11-12,All Stores,All Products,17101.79,,general_merchandise_stores_seasonalnaive_model,,15914.93,18288.66,No
2026-11-12,All Stores,All Products,5721.71,,health_and_personal_care_stores_LGBM_model,,5681.65,5761.76,No
2026-11-12,All Stores,All Products,1000.00,,health_and_personal_care_stores_PatchTST_model,,980.00,1020.00,No
2026-11-12,All Stores,All Products,1000.00,,health_and_personal_care_stores_TimesNet_model,,980.00,1020.00,No
2026-11-12,All Stores,All Products,7357.65,,health_and_personal_care_stores_autoarima_model,,6573.32,8141.97,No
2026-11-12,All Stores,All Products,7508.89,,health_and_personal_care_stores_autoets_model,,6995.29,8022.50,No
2026-11-12,All Stores,All Products,7600.80,,health_and_personal_care_stores_seasonalnaive_model,,7073.30,8128.29,No
2026-11-12,All Stores,All Products,740.17,,sporting_goods_hobby_and_musical_instrument_stores_LGBM_model,,734.99,745.35,No
2026-11-12,All Stores,All Products,1000.00,,sporting_goods_hobby_and_musical_instrument_stores_PatchTST_model,,980.00,1020.00,No
2026-11-12,All Stores,All Products,1000.00,,sporting_goods_hobby_and_musical_instrument_stores_TimesNet_model,,980.00,1020.00,No
2026-11-12,All Stores,All Products,8277.35,,sporting_goods_hobby_and_musical_instrument_stores_autoarima_model,,7394.99,9159.72,No
2026-11-12,All Stores,All Products,8447.51,,sporting_goods_hobby_and_musical_instrument_stores_autoets_model,,7869.70,9025.32,No
2026-11-12,All Stores,All Products,8550.90,,sporting_goods_hobby_and_musical_instrument_stores_seasonalnaive_model,,7957.46,9144.33,No
2026-11-12,All Stores,All Products,27076.69,,total_sales_LGBM_model,,26887.16,27266.23,No
2026-11-12,All Stores,All Products,1000.00,,total_sales_PatchTST_model,,980.00,1020.00,No
2026-11-12,All Stores,All Products,1000.00,,total_sales_TimesNet_model,,980.00,1020.00,No
2026-11-12,All Stores,All Products,15635.00,,total_sales_autoarima_model,,13968.31,17301.69,No
2026-11-12,All Stores,All Products,15956.40,,total_sales_autoets_model,,14864.98,17047.82,No
2026-11-12,All Stores,All Products,16151.69,,total_sales_seasonalnaive_model,,15030.77,17272.62,No
2026-11-05,All Stores,All Products,13254.70,,automobile_dealers_LGBM_model,,13161.92,13347.48,No
2026-11-05,All Stores,All Products,1000.00,,automobile_dealers_PatchTST_model,,980.00,1020.00,No
2026-11-05,All Stores,All Products,1000.00,,automobile_dealers_TimesNet_model,,980.00,1020.00,No
2026-11-05,All Stores,All Products,22992.65,,automobile_dealers_autoarima_model,,20541.63,25443.66,No
2026-11-05,All Stores,All Products,23465.30,,automobile_dealers_autoets_model,,21860.27,25070.32,No
2026-11-05,All Stores,All Products,23752.49,,automobile_dealers_seasonalnaive_model,,22104.07,25400.91,No
2026-11-05,All Stores,All Products,548.11,,building_material_and_garden_equipment_LGBM_model,,544.27,551.95,No
2026-11-05,All Stores,All Products,1000.00,,building_material_and_garden_equipment_PatchTST_model,,980.00,1020.00,No
2026-11-05,All Stores,All Products,1000.00,,building_material_and_garden_equipment_TimesNet_model,,980.00,1020.00,No
2026-11-05,All Stores,All Products,32189.71,,building_material_and_garden_equipment_autoarima_model,,28758.28,35621.13,No
2026-11-05,All Stores,All Products,32851.42,,building_material_and_garden_equipment_autoets_model,,30604.38,35098.45,No
2026-11-05,All Stores,All Products,33253.49,,building_material_and_garden_equipment_seasonalnaive_model,,30945.70,35561.28,No
2026-11-05,All Stores,All Products,6370.96,,clothing_and_clothing_accessories_stores_LGBM_model,,6326.36,6415.56,No
2026-11-05,All Stores,All Products,1000.00,,clothing_and_clothing_accessories_stores_PatchTST_model,,980.00,1020.00,No
2026-11-05,All Stores,All Products,1000.00,,clothing_and_clothing_accessories_stores_TimesNet_model,,980.00,1020.00,No
2026-11-05,All Stores,All Products,5518.24,,clothing_and_clothing_accessories_stores_autoarima_model,,4929.99,6106.48,No
2026-11-05,All Stores,All Products,5631.67,,clothing_and_clothing_accessories_stores_autoets_model,,5246.46,6016.88,No
2026-11-05,All Stores,All Products,5700.60,,clothing_and_clothing_accessories_stores_seasonalnaive_model,,5304.98,6096.22,No
2026-11-05,All Stores,All Products,41888.51,,electronics_and_appliance_stores_LGBM_model,,41595.29,42181.73,No
2026-11-05,All Stores,All Products,1000.00,,electronics_and_appliance_stores_PatchTST_model,,980.00,1020.00,No
2026-11-05,All Stores,All Products,1000.00,,electronics_and_appliance_stores_TimesNet_model,,980.00,1020.00,No
2026-11-05,All Stores,All Products,1839.41,,electronics_and_appliance_stores_autoarima_model,,1643.33,2035.49,No
2026-11-05,All Stores,All Products,1877.22,,electronics_and_appliance_stores_autoets_model,,1748.82,2005.63,No
2026-11-05,All Stores,All Products,1900.20,,electronics_and_appliance_stores_seasonalnaive_model,,1768.33,2032.07,No
2026-11-05,All Stores,All Products,7690.15,,food_and_beverage_stores_LGBM_model,,7636.32,7743.98,No
2026-11-05,All Stores,All Products,1000.00,,food_and_beverage_stores_PatchTST_model,,980.00,1020.00,No
2026-11-05,All Stores,All Products,1000.00,,food_and_beverage_stores_TimesNet_model,,980.00,1020.00,No
2026-11-05,All Stores,All Products,13795.59,,food_and_beverage_stores_autoarima_model,,12324.98,15266.20,No
2026-11-05,All Stores,All Products,14079.18,,food_and_beverage_stores_autoets_model,,13116.16,15042.19,No
2026-11-05,All Stores,All Products,14251.49,,food_and_beverage_stores_seasonalnaive_model,,13262.44,15240.55,No
2026-11-05,All Stores,All Products,565.14,,furniture_and_home_furnishings_stores_LGBM_model,,561.18,569.10,No
2026-11-05,All Stores,All Products,1000.00,,furniture_and_home_furnishings_stores_PatchTST_model,,980.00,1020.00,No
2026-11-05,All Stores,All Products,1000.00,,furniture_and_home_furnishings_stores_TimesNet_model,,980.00,1020.00,No
2026-11-05,All Stores,All Products,4598.53,,furniture_and_home_furnishings_stores_autoarima_model,,4108.33,5088.73,No
2026-11-05,All Stores,All Products,4693.06,,furniture_and_home_furnishings_stores_autoets_model,,4372.05,5014.06,No
2026-11-05,All Stores,All Products,4750.50,,furniture_and_home_furnishings_stores_seasonalnaive_model,,4420.81,5080.18,No
2026-11-05,All Stores,All Products,2468.66,,gasoline_stations_LGBM_model,,2451.38,2485.94,No
2026-11-05,All Stores,All Products,1000.00,,gasoline_stations_PatchTST_model,,980.00,1020.00,No
2026-11-05,All Stores,All Products,1000.00,,gasoline_stations_TimesNet_model,,980.00,1020.00,No
2026-11-05,All Stores,All Products,11036.47,,gasoline_stations_autoarima_model,,9859.98,12212.96,No
2026-11-05,All Stores,All Products,11263.34,,gasoline_stations_autoets_model,,10492.93,12033.76,No
2026-11-05,All Stores,All Products,11401.20,,gasoline_stations_seasonalnaive_model,,10609.95,12192.44,No
2026-11-05,All Stores,All Products,3653.50,,general_merchandise_stores_LGBM_model,,3627.93,3679.07,No
2026-11-05,All Stores,All Products,1000.00,,general_merchandise_stores_PatchTST_model,,980.00,1020.00,No
2026-11-05,All Stores,All Products,1000.00,,general_merchandise_stores_TimesNet_model,,980.00,1020.00,No
2026-11-05,All Stores,All Products,16554.71,,general_merchandise_stores_autoarima_model,,14789.97,18319.44,No
2026-11-05,All Stores,All Products,16895.01,,general_merchandise_stores_autoets_model,,15739.39,18050.63,No
2026-11-05,All Stores,All Products,17101.79,,general_merchandise_stores_seasonalnaive_model,,15914.93,18288.66,No
2026-11-05,All Stores,All Products,5721.71,,health_and_personal_care_stores_LGBM_model,,5681.65,5761.76,No
2026-11-05,All Stores,All Products,1000.00,,health_and_personal_care_stores_PatchTST_model,,980.00,1020.00,No
2026-11-05,All Stores,All Products,1000.00,,health_and_personal_care_stores_TimesNet_model,,980.00,1020.00,No
2026-11-05,All Stores,All Products,7357.65,,health_and_personal_care_stores_autoarima_model,,6573.32,8141.97,No
2026-11-05,All Stores,All Products,7508.89,,health_and_personal_care_stores_autoets_model,,6995.29,8022.50,No
2026-11-05,All Stores,All Products,7600.80,,health_and_personal_care_stores_seasonalnaive_model,,7073.30,8128.29,No
2026-11-05,All Stores,All Products,740.17,,sporting_goods_hobby_and_musical_instrument_stores_LGBM_model,,734.99,745.35,No
2026-11-05,All Stores,All Products,1000.00,,sporting_goods_hobby_and_musical_instrument_stores_PatchTST_model,,980.00,1020.00,No
2026-11-05,All Stores,All Products,1000.00,,sporting_goods_hobby_and_musical_instrument_stores_TimesNet_model,,980.00,1020.00,No
2026-11-05,All Stores,All Products,8277.35,,sporting_goods_hobby_and_musical_instrument_stores_autoarima_model,,7394.99,9159.72,No
2026-11-05,All Stores,All Products,8447.51,,sporting_goods_hobby_and_musical_instrument_stores_autoets_model,,7869.70,9025.32,No
2026-11-05,All Stores,All Products,8550.90,,sporting_goods_hobby_and_musical_instrument_stores_seasonalnaive_model,,7957.46,9144.33,No
2026-11-05,All Stores,All Products,27076.69,,total_sales_LGBM_model,,26887.16,27266.23,No
2026-11-05,All Stores,All Products,1000.00,,total_sales_PatchTST_model,,980.00,1020.00,No
2026-11-05,All Stores,All Products,1000.00,,total_sales_TimesNet_model,,980.00,1020.00,No
2026-11-05,All Stores,All Products,15635.00,,total_sales_autoarima_model,,13968.31,17301.69,No
2026-11-05,All Stores,All Products,15956.40,,total_sales_autoets_model,,14864.98,17047.82,No
2026-11-05,All Stores,All Products,16151.69,,total_sales_seasonalnaive_model,,15030.77,17272.62,No
2026-10-29,All Stores,All Products,12486.59,,automobile_dealers_LGBM_model,,12399.18,12574.00,No
2026-10-29,All Stores,All Products,1000.00,,automobile_dealers_PatchTST_model,,980.00,1020.00,No
2026-10-29,All Stores,All Products,1000.00,,automobile_dealers_TimesNet_model,,980.00,1020.00,No
2026-10-29,All Stores,All Products,22106.76,,automobile_dealers_autoarima_model,,19750.18,24463.34,No
2026-10-29,All Stores,All Products,22561.20,,automobile_dealers_autoets_model,,21018.02,24104.39,No
2026-10-29,All Stores,All Products,22837.33,,automobile_dealers_seasonalnaive_model,,21252.42,24422.24,No
2026-10-29,All Stores,All Products,548.34,,building_material_and_garden_equipment_LGBM_model,,544.50,552.18,No
2026-10-29,All Stores,All Products,1000.00,,building_material_and_garden_equipment_PatchTST_model,,980.00,1020.00,No
2026-10-29,All Stores,All Products,1000.00,,building_material_and_garden_equipment_TimesNet_model,,980.00,1020.00,No
2026-10-29,All Stores,All Products,30949.47,,building_material_and_garden_equipment_autoarima_model,,27650.26,34248.68,No
2026-10-29,All Stores,All Products,31585.68,,building_material_and_garden_equipment_autoets_model,,29425.22,33746.14,No
2026-10-29,All Stores,All Products,31972.26,,building_material_and_garden_equipment_seasonalnaive_model,,29753.39,34191.14,No
2026-10-29,All Stores,All Products,5864.81,,clothing_and_clothing_accessories_stores_LGBM_model,,5823.76,5905.86,No
2026-10-29,All Stores,All Products,1000.00,,clothing_and_clothing_accessories_stores_PatchTST_model,,980.00,1020.00,No
2026-10-29,All Stores,All Products,1000.00,,clothing_and_clothing_accessories_stores_TimesNet_model,,980.00,1020.00,No
2026-10-29,All Stores,All Products,5305.62,,clothing_and_clothing_accessories_stores_autoarima_model,,4740.04,5871.20,No
2026-10-29,All Stores,All Products,5414.69,,clothing_and_clothing_accessories_stores_autoets_model,,5044.32,5785.05,No
2026-10-29,All Stores,All Products,5480.96,,clothing_and_clothing_accessories_stores_seasonalnaive_model,,5100.58,5861.34,No
2026-10-29,All Stores,All Products,38649.43,,electronics_and_appliance_stores_LGBM_model,,38378.89,38919.98,No
2026-10-29,All Stores,All Products,1000.00,,electronics_and_appliance_stores_PatchTST_model,,980.00,1020.00,No
2026-10-29,All Stores,All Products,1000.00,,electronics_and_appliance_stores_TimesNet_model,,980.00,1020.00,No
2026-10-29,All Stores,All Products,1768.54,,electronics_and_appliance_stores_autoarima_model,,1580.01,1957.07,No
2026-10-29,All Stores,All Products,1804.90,,electronics_and_appliance_stores_autoets_model,,1681.44,1928.35,No
2026-10-29,All Stores,All Products,1826.99,,electronics_and_appliance_stores_seasonalnaive_model,,1700.19,1953.78,No
2026-10-29,All Stores,All Products,7153.80,,food_and_beverage_stores_LGBM_model,,7103.73,7203.88,No
2026-10-29,All Stores,All Products,1000.00,,food_and_beverage_stores_PatchTST_model,,980.00,1020.00,No
2026-10-29,All Stores,All Products,1000.00,,food_and_beverage_stores_TimesNet_model,,980.00,1020.00,No
2026-10-29,All Stores,All Products,13264.06,,food_and_beverage_stores_autoarima_model,,11850.11,14678.01,No
2026-10-29,All Stores,All Products,13536.72,,food_and_beverage_stores_autoets_model,,12610.81,14462.63,No
2026-10-29,All Stores,All Products,13702.40,,food_and_beverage_stores_seasonalnaive_model,,12751.45,14653.35,No
2026-10-29,All Stores,All Products,565.14,,furniture_and_home_furnishings_stores_LGBM_model,,561.18,569.10,No
2026-10-29,All Stores,All Products,1000.00,,furniture_and_home_furnishings_stores_PatchTST_model,,980.00,1020.00,No
2026-10-29,All Stores,All Products,1000.00,,furniture_and_home_furnishings_stores_TimesNet_model,,980.00,1020.00,No
2026-10-29,All Stores,All Products,4421.35,,furniture_and_home_furnishings_stores_autoarima_model,,3950.04,4892.67,No
2026-10-29,All Stores,All Products,4512.24,,furniture_and_home_furnishings_stores_autoets_model,,4203.60,4820.88,No
2026-10-29,All Stores,All Products,4567.47,,furniture_and_home_furnishings_stores_seasonalnaive_model,,4250.48,4884.45,No
2026-10-29,All Stores,All Products,2291.02,,gasoline_stations_LGBM_model,,2274.98,2307.06,No
2026-10-29,All Stores,All Products,1000.00,,gasoline_stations_PatchTST_model,,980.00,1020.00,No
2026-10-29,All Stores,All Products,1000.00,,gasoline_stations_TimesNet_model,,980.00,1020.00,No
2026-10-29,All Stores,All Products,10611.25,,gasoline_stations_autoarima_model,,9480.09,11742.41,No
2026-10-29,All Stores,All Products,10829.38,,gasoline_stations_autoets_model,,10088.65,11570.11,No
2026-10-29,All Stores,All Products,10961.92,,gasoline_stations_seasonalnaive_model,,10201.16,11722.68,No
2026-10-29,All Stores,All Products,3653.72,,general_merchandise_stores_LGBM_model,,3628.14,3679.30,No
2026-10-29,All Stores,All Products,1000.00,,general_merchandise_stores_PatchTST_model,,980.00,1020.00,No
2026-10-29,All Stores,All Products,1000.00,,general_merchandise_stores_TimesNet_model,,980.00,1020.00,No
2026-10-29,All Stores,All Products,15916.87,,general_merchandise_stores_autoarima_model,,14220.13,17613.61,No
2026-10-29,All Stores,All Products,16244.07,,general_merchandise_stores_autoets_model,,15132.97,17355.16,No
2026-10-29,All Stores,All Products,16442.88,,general_merchandise_stores_seasonalnaive_model,,15301.74,17584.01,No
2026-10-29,All Stores,All Products,5391.09,,health_and_personal_care_stores_LGBM_model,,5353.35,5428.82,No
2026-10-29,All Stores,All Products,1000.00,,health_and_personal_care_stores_PatchTST_model,,980.00,1020.00,No
2026-10-29,All Stores,All Products,1000.00,,health_and_personal_care_stores_TimesNet_model,,980.00,1020.00,No
2026-10-29,All Stores,All Products,7074.16,,health_and_personal_care_stores_autoarima_model,,6320.06,7828.27,No
2026-10-29,All Stores,All Products,7219.58,,health_and_personal_care_stores_autoets_model,,6725.77,7713.40,No
2026-10-29,All Stores,All Products,7307.95,,health_and_personal_care_stores_seasonalnaive_model,,6800.77,7815.12,No
2026-10-29,All Stores,All Products,740.30,,sporting_goods_hobby_and_musical_instrument_stores_LGBM_model,,735.12,745.48,No
2026-10-29,All Stores,All Products,1000.00,,sporting_goods_hobby_and_musical_instrument_stores_PatchTST_model,,980.00,1020.00,No
2026-10-29,All Stores,All Products,1000.00,,sporting_goods_hobby_and_musical_instrument_stores_TimesNet_model,,980.00,1020.00,No
2026-10-29,All Stores,All Products,7958.43,,sporting_goods_hobby_and_musical_instrument_stores_autoarima_model,,7110.07,8806.80,No
2026-10-29,All Stores,All Products,8122.03,,sporting_goods_hobby_and_musical_instrument_stores_autoets_model,,7566.49,8677.58,No
2026-10-29,All Stores,All Products,8221.44,,sporting_goods_hobby_and_musical_instrument_stores_seasonalnaive_model,,7650.87,8792.01,No
2026-10-29,All Stores,All Products,24890.23,,total_sales_LGBM_model,,24716.00,25064.46,No
2026-10-29,All Stores,All Products,1000.00,,total_sales_PatchTST_model,,980.00,1020.00,No
2026-10-29,All Stores,All Products,1000.00,,total_sales_TimesNet_model,,980.00,1020.00,No
2026-10-29,All Stores,All Products,15032.60,,total_sales_autoarima_model,,13430.12,16635.07,No
2026-10-29,All Stores,All Products,15341.62,,total_sales_autoets_model,,14292.25,16390.98,No
2026-10-29,All Stores,All Products,15529.39,,total_sales_seasonalnaive_model,,14451.65,16607.12,No
2026-10-22,All Stores,All Products,12486.59,,automobile_dealers_LGBM_model,,12399.18,12574.00,No
2026-10-22,All Stores,All Products,1000.00,,automobile_dealers_PatchTST_model,,980.00,1020.00,No
2026-10-22,All Stores,All Products,1000.00,,automobile_dealers_TimesNet_model,,980.00,1020.00,No
2026-10-22,All Stores,All Products,22106.76,,automobile_dealers_autoarima_model,,19750.18,24463.34,No
2026-10-22,All Stores,All Products,22561.20,,automobile_dealers_autoets_model,,21018.02,24104.39,No
2026-10-22,All Stores,All Products,22837.33,,automobile_dealers_seasonalnaive_model,,21252.42,24422.24,No
2026-10-22,All Stores,All Products,548.34,,building_material_and_garden_equipment_LGBM_model,,544.50,552.18,No
2026-10-22,All Stores,All Products,1000.00,,building_material_and_garden_equipment_PatchTST_model,,980.00,1020.00,No
2026-10-22,All Stores,All Products,1000.00,,building_material_and_garden_equipment_TimesNet_model,,980.00,1020.00,No
2026-10-22,All Stores,All Products,30949.47,,building_material_and_garden_equipment_autoarima_model,,27650.26,34248.68,No
2026-10-22,All Stores,All Products,31585.68,,building_material_and_garden_equipment_autoets_model,,29425.22,33746.14,No
2026-10-22,All Stores,All Products,31972.26,,building_material_and_garden_equipment_seasonalnaive_model,,29753.39,34191.14,No
2026-10-22,All Stores,All Products,5864.81,,clothing_and_clothing_accessories_stores_LGBM_model,,5823.76,5905.86,No
2026-10-22,All Stores,All Products,1000.00,,clothing_and_clothing_accessories_stores_PatchTST_model,,980.00,1020.00,No
2026-10-22,All Stores,All Products,1000.00,,clothing_and_clothing_accessories_stores_TimesNet_model,,980.00,1020.00,No
2026-10-22,All Stores,All Products,5305.62,,clothing_and_clothing_accessories_stores_autoarima_model,,4740.04,5871.20,No
2026-10-22,All Stores,All Products,5414.69,,clothing_and_clothing_accessories_stores_autoets_model,,5044.32,5785.05,No
2026-10-22,All Stores,All Products,5480.96,,clothing_and_clothing_accessories_stores_seasonalnaive_model,,5100.58,5861.34,No
2026-10-22,All Stores,All Products,38649.43,,electronics_and_appliance_stores_LGBM_model,,38378.89,38919.98,No
2026-10-22,All Stores,All Products,1000.00,,electronics_and_appliance_stores_PatchTST_model,,980.00,1020.00,No
2026-10-22,All Stores,All Products,1000.00,,electronics_and_appliance_stores_TimesNet_model,,980.00,1020.00,No
2026-10-22,All Stores,All Products,1768.54,,electronics_and_appliance_stores_autoarima_model,,1580.01,1957.07,No
2026-10-22,All Stores,All Products,1804.90,,electronics_and_appliance_stores_autoets_model,,1681.44,1928.35,No
2026-10-22,All Stores,All Products,1826.99,,electronics_and_appliance_stores_seasonalnaive_model,,1700.19,1953.78,No
2026-10-22,All Stores,All Products,7153.80,,food_and_beverage_stores_LGBM_model,,7103.73,7203.88,No
2026-10-22,All Stores,All Products,1000.00,,food_and_beverage_stores_PatchTST_model,,980.00,1020.00,No
2026-10-22,All Stores,All Products,1000.00,,food_and_beverage_stores_TimesNet_model,,980.00,1020.00,No
2026-10-22,All Stores,All Products,13264.06,,food_and_beverage_stores_autoarima_model,,11850.11,14678.01,No
2026-10-22,All Stores,All Products,13536.72,,food_and_beverage_stores_autoets_model,,12610.81,14462.63,No
2026-10-22,All Stores,All Products,13702.40,,food_and_beverage_stores_seasonalnaive_model,,12751.45,14653.35,No
2026-10-22,All Stores,All Products,565.14,,furniture_and_home_furnishings_stores_LGBM_model,,561.18,569.10,No
2026-10-22,All Stores,All Products,1000.00,,furniture_and_home_furnishings_stores_PatchTST_model,,980.00,1020.00,No
2026-10-22,All Stores,All Products,1000.00,,furniture_and_home_furnishings_stores_TimesNet_model,,980.00,1020.00,No
2026-10-22,All Stores,All Products,4421.35,,furniture_and_home_furnishings_stores_autoarima_model,,3950.04,4892.67,No
2026-10-22,All Stores,All Products,4512.24,,furniture_and_home_furnishings_stores_autoets_model,,4203.60,4820.88,No
2026-10-22,All Stores,All Products,4567.47,,furniture_and_home_furnishings_stores_seasonalnaive_model,,4250.48,4884.45,No
2026-10-22,All Stores,All Products,2291.02,,gasoline_stations_LGBM_model,,2274.98,2307.06,No
2026-10-22,All Stores,All Products,1000.00,,gasoline_stations_PatchTST_model,,980.00,1020.00,No
2026-10-22,All Stores,All Products,1000.00,,gasoline_stations_TimesNet_model,,980.00,1020.00,No
2026-10-22,All Stores,All Products,10611.25,,gasoline_stations_autoarima_model,,9480.09,11742.41,No
2026-10-22,All Stores,All Products,10829.38,,gasoline_stations_autoets_model,,10088.65,11570.11,No
2026-10-22,All Stores,All Products,10961.92,,gasoline_stations_seasonalnaive_model,,10201.16,11722.68,No
2026-10-22,All Stores,All Products,3653.50,,general_merchandise_stores_LGBM_model,,3627.92,3679.07,No
2026-10-22,All Stores,All Products,1000.00,,general_merchandise_stores_PatchTST_model,,980.00,1020.00,No
2026-10-22,All Stores,All Products,1000.00,,general_merchandise_stores_TimesNet_model,,980.00,1020.00,No
2026-10-22,All Stores,All Products,15916.87,,general_merchandise_stores_autoarima_model,,14220.13,17613.61,No
2026-10-22,All Stores,All Products,16244.07,,general_merchandise_stores_autoets_model,,15132.97,17355.16,No
2026-10-22,All Stores,All Products,16442.88,,general_merchandise_stores_seasonalnaive_model,,15301.74,17584.01,No
2026-10-22,All Stores,All Products,5391.09,,health_and_personal_care_stores_LGBM_model,,5353.35,5428.82,No
2026-10-22,All Stores,All Products,1000.00,,health_and_personal_care_stores_PatchTST_model,,980.00,1020.00,No
2026-10-22,All Stores,All Products,1000.00,,health_and_personal_care_stores_TimesNet_model,,980.00,1020.00,No
2026-10-22,All Stores,All Products,7074.16,,health_and_personal_care_stores_autoarima_model,,6320.06,7828.27,No
2026-10-22,All Stores,All Products,7219.58,,health_and_personal_care_stores_autoets_model,,6725.77,7713.40,No
2026-10-22,All Stores,All Products,7307.95,,health_and_personal_care_stores_seasonalnaive_model,,6800.77,7815.12,No
2026-10-22,All Stores,All Products,740.30,,sporting_goods_hobby_and_musical_instrument_stores_LGBM_model,,735.12,745.48,No
2026-10-22,All Stores,All Products,1000.00,,sporting_goods_hobby_and_musical_instrument_stores_PatchTST_model,,980.00,1020.00,No
2026-10-22,All Stores,All Products,1000.00,,sporting_goods_hobby_and_musical_instrument_stores_TimesNet_model,,980.00,1020.00,No
2026-10-22,All Stores,All Products,7958.43,,sporting_goods_hobby_and_musical_instrument_stores_autoarima_model,,7110.07,8806.80,No
2026-10-22,All Stores,All Products,8122.03,,sporting_goods_hobby_and_musical_instrument_stores_autoets_model,,7566.49,8677.58,No
2026-10-22,All Stores,All Products,8221.44,,sporting_goods_hobby_and_musical_instrument_stores_seasonalnaive_model,,7650.87,8792.01,No
2026-10-22,All Stores,All Products,24890.23,,total_sales_LGBM_model,,24716.00,25064.46,No
2026-10-22,All Stores,All Products,1000.00,,total_sales_PatchTST_model,,980.00,1020.00,No
2026-10-22,All Stores,All Products,1000.00,,total_sales_TimesNet_model,,980.00,1020.00,No
2026-10-22,All Stores,All Products,15032.60,,total_sales_autoarima_model,,13430.12,16635.07,No
2026-10-22,All Stores,All Products,15341.62,,total_sales_autoets_model,,14292.25,16390.98,No
2026-10-22,All Stores,All Products,15529.39,,total_sales_seasonalnaive_model,,14451.65,16607.12,No
2026-10-15,All Stores,All Products,12486.59,,automobile_dealers_LGBM_model,,12399.18,12574.00,No
2026-10-15,All Stores,All Products,1000.00,,automobile_dealers_PatchTST_model,,980.00,1020.00,No
2026-10-15,All Stores,All Products,1000.00,,automobile_dealers_TimesNet_model,,980.00,1020.00,No
2026-10-15,All Stores,All Products,22106.76,,automobile_dealers_autoarima_model,,19750.18,24463.34,No
2026-10-15,All Stores,All Products,22561.20,,automobile_dealers_autoets_model,,21018.02,24104.39,No
2026-10-15,All Stores,All Products,22837.33,,automobile_dealers_seasonalnaive_model,,21252.42,24422.24,No
2026-10-15,All Stores,All Products,548.34,,building_material_and_garden_equipment_LGBM_model,,544.50,552.18,No
2026-10-15,All Stores,All Products,1000.00,,building_material_and_garden_equipment_PatchTST_model,,980.00,1020.00,No
2026-10-15,All Stores,All Products,1000.00,,building_material_and_garden_equipment_TimesNet_model,,980.00,1020.00,No
2026-10-15,All Stores,All Products,30949.47,,building_material_and_garden_equipment_autoarima_model,,27650.26,34248.68,No
2026-10-15,All Stores,All Products,31585.68,,building_material_and_garden_equipment_autoets_model,,29425.22,33746.14,No
2026-10-15,All Stores,All Products,31972.26,,building_material_and_garden_equipment_seasonalnaive_model,,29753.39,34191.14,No
2026-10-15,All Stores,All Products,5864.81,,clothing_and_clothing_accessories_stores_LGBM_model,,5823.76,5905.86,No
2026-10-15,All Stores,All Products,1000.00,,clothing_and_clothing_accessories_stores_PatchTST_model,,980.00,1020.00,No
2026-10-15,All Stores,All Products,1000.00,,clothing_and_clothing_accessories_stores_TimesNet_model,,980.00,1020.00,No
2026-10-15,All Stores,All Products,5305.62,,clothing_and_clothing_accessories_stores_autoarima_model,,4740.04,5871.20,No
2026-10-15,All Stores,All Products,5414.69,,clothing_and_clothing_accessories_stores_autoets_model,,5044.32,5785.05,No
2026-10-15,All Stores,All Products,5480.96,,clothing_and_clothing_accessories_stores_seasonalnaive_model,,5100.58,5861.34,No
2026-10-15,All Stores,All Products,38649.43,,electronics_and_appliance_stores_LGBM_model,,38378.89,38919.98,No
2026-10-15,All Stores,All Products,1000.00,,electronics_and_appliance_stores_PatchTST_model,,980.00,1020.00,No
2026-10-15,All Stores,All Products,1000.00,,electronics_and_appliance_stores_TimesNet_model,,980.00,1020.00,No
2026-10-15,All Stores,All Products,1768.54,,electronics_and_appliance_stores_autoarima_model,,1580.01,1957.07,No
2026-10-15,All Stores,All Products,1804.90,,electronics_and_appliance_stores_autoets_model,,1681.44,1928.35,No
2026-10-15,All Stores,All Products,1826.99,,electronics_and_appliance_stores_seasonalnaive_model,,1700.19,1953.78,No
2026-10-15,All Stores,All Products,7153.80,,food_and_beverage_stores_LGBM_model,,7103.73,7203.88,No
2026-10-15,All Stores,All Products,1000.00,,food_and_beverage_stores_PatchTST_model,,980.00,1020.00,No
2026-10-15,All Stores,All Products,1000.00,,food_and_beverage_stores_TimesNet_model,,980.00,1020.00,No
2026-10-15,All Stores,All Products,13264.06,,food_and_beverage_stores_autoarima_model,,11850.11,14678.01,No
2026-10-15,All Stores,All Products,13536.72,,food_and_beverage_stores_autoets_model,,12610.81,14462.63,No
2026-10-15,All Stores,All Products,13702.40,,food_and_beverage_stores_seasonalnaive_model,,12751.45,14653.35,No
2026-10-15,All Stores,All Products,565.14,,furniture_and_home_furnishings_stores_LGBM_model,,561.18,569.10,No
2026-10-15,All Stores,All Products,1000.00,,furniture_and_home_furnishings_stores_PatchTST_model,,980.00,1020.00,No
2026-10-15,All Stores,All Products,1000.00,,furniture_and_home_furnishings_stores_TimesNet_model,,980.00,1020.00,No
2026-10-15,All Stores,All Products,4421.35,,furniture_and_home_furnishings_stores_autoarima_model,,3950.04,4892.67,No
2026-10-15,All Stores,All Products,4512.24,,furniture_and_home_furnishings_stores_autoets_model,,4203.60,4820.88,No
2026-10-15,All Stores,All Products,4567.47,,furniture_and_home_furnishings_stores_seasonalnaive_model,,4250.48,4884.45,No
2026-10-15,All Stores,All Products,2291.02,,gasoline_stations_LGBM_model,,2274.98,2307.06,No
2026-10-15,All Stores,All Products,1000.00,,gasoline_stations_PatchTST_model,,980.00,1020.00,No
2026-10-15,All Stores,All Products,1000.00,,gasoline_stations_TimesNet_model,,980.00,1020.00,No
2026-10-15,All Stores,All Products,10611.25,,gasoline_stations_autoarima_model,,9480.09,11742.41,No
2026-10-15,All Stores,All Products,10829.38,,gasoline_stations_autoets_model,,10088.65,11570.11,No
2026-10-15,All Stores,All Products,10961.92,,gasoline_stations_seasonalnaive_model,,10201.16,11722.68,No
2026-10-15,All Stores,All Products,3653.69,,general_merchandise_stores_LGBM_model,,3628.12,3679.27,No
2026-10-15,All Stores,All Products,1000.00,,general_merchandise_stores_PatchTST_model,,980.00,1020.00,No
2026-10-15,All Stores,All Products,1000.00,,general_merchandise_stores_TimesNet_model,,980.00,1020.00,No
2026-10-15,All Stores,All Products,15916.87,,general_merchandise_stores_autoarima_model,,14220.13,17613.61,No
2026-10-15,All Stores,All Products,16244.07,,general_merchandise_stores_autoets_model,,15132.97,17355.16,No
2026-10-15,All Stores,All Products,16442.88,,general_merchandise_stores_seasonalnaive_model,,15301.74,17584.01,No
2026-10-15,All Stores,All Products,5391.09,,health_and_personal_care_stores_LGBM_model,,5353.35,5428.82,No
2026-10-15,All Stores,All Products,1000.00,,health_and_personal_care_stores_PatchTST_model,,980.00,1020.00,No
2026-10-15,All Stores,All Products,1000.00,,health_and_personal_care_stores_TimesNet_model,,980.00,1020.00,No
2026-10-15,All Stores,All Products,7074.16,,health_and_personal_care_stores_autoarima_model,,6320.06,7828.27,No
2026-10-15,All Stores,All Products,7219.58,,health_and_personal_care_stores_autoets_model,,6725.77,7713.40,No
2026-10-15,All Stores,All Products,7307.95,,health_and_personal_care_stores_seasonalnaive_model,,6800.77,7815.12,No
2026-10-15,All Stores,All Products,740.30,,sporting_goods_hobby_and_musical_instrument_stores_LGBM_model,,735.12,745.48,No
2026-10-15,All Stores,All Products,1000.00,,sporting_goods_hobby_and_musical_instrument_stores_PatchTST_model,,980.00,1020.00,No
2026-10-15,All Stores,All Products,1000.00,,sporting_goods_hobby_and_musical_instrument_stores_TimesNet_model,,980.00,1020.00,No
2026-10-15,All Stores,All Products,7958.43,,sporting_goods_hobby_and_musical_instrument_stores_autoarima_model,,7110.07,8806.80,No
2026-10-15,All Stores,All Products,8122.03,,sporting_goods_hobby_and_musical_instrument_stores_autoets_model,,7566.49,8677.58,No
2026-10-15,All Stores,All Products,8221.44,,sporting_goods_hobby_and_musical_instrument_stores_seasonalnaive_model,,7650.87,8792.01,No
2026-10-15,All Stores,All Products,24890.23,,total_sales_LGBM_model,,24716.00,25064.46,No
2026-10-15,All Stores,All Products,1000.00,,total_sales_PatchTST_model,,980.00,1020.00,No
2026-10-15,All Stores,All Products,1000.00,,total_sales_TimesNet_model,,980.00,1020.00,No
2026-10-15,All Stores,All Products,15032.60,,total_sales_autoarima_model,,13430.12,16635.07,No
2026-10-15,All Stores,All Products,15341.62,,total_sales_autoets_model,,14292.25,16390.98,No
2026-10-15,All Stores,All Products,15529.39,,total_sales_seasonalnaive_model,,14451.65,16607.12,No
2026-10-08,All Stores,All Products,12466.38,,automobile_dealers_LGBM_model,,12379.12,12553.65,No
2026-10-08,All Stores,All Products,1000.00,,automobile_dealers_PatchTST_model,,980.00,1020.00,No
2026-10-08,All Stores,All Products,1000.00,,automobile_dealers_TimesNet_model,,980.00,1020.00,No
2026-10-08,All Stores,All Products,22106.76,,automobile_dealers_autoarima_model,,19750.18,24463.34,No
2026-10-08,All Stores,All Products,22561.20,,automobile_dealers_autoets_model,,21018.02,24104.39,No
2026-10-08,All Stores,All Products,22837.33,,automobile_dealers_seasonalnaive_model,,21252.42,24422.24,No
2026-10-08,All Stores,All Products,548.34,,building_material_and_garden_equipment_LGBM_model,,544.50,552.18,No
2026-10-08,All Stores,All Products,1000.00,,building_material_and_garden_equipment_PatchTST_model,,980.00,1020.00,No
2026-10-08,All Stores,All Products,1000.00,,building_material_and_garden_equipment_TimesNet_model,,980.00,1020.00,No
2026-10-08,All Stores,All Products,30949.47,,building_material_and_garden_equipment_autoarima_model,,27650.26,34248.68,No
2026-10-08,All Stores,All Products,31585.68,,building_material_and_garden_equipment_autoets_model,,29425.22,33746.14,No
2026-10-08,All Stores,All Products,31972.26,,building_material_and_garden_equipment_seasonalnaive_model,,29753.39,34191.14,No
2026-10-08,All Stores,All Products,5804.66,,clothing_and_clothing_accessories_stores_LGBM_model,,5764.03,5845.30,No
2026-10-08,All Stores,All Products,1000.00,,clothing_and_clothing_accessories_stores_PatchTST_model,,980.00,1020.00,No
2026-10-08,All Stores,All Products,1000.00,,clothing_and_clothing_accessories_stores_TimesNet_model,,980.00,1020.00,No
2026-10-08,All Stores,All Products,5305.62,,clothing_and_clothing_accessories_stores_autoarima_model,,4740.04,5871.20,No
2026-10-08,All Stores,All Products,5414.69,,clothing_and_clothing_accessories_stores_autoets_model,,5044.32,5785.05,No
2026-10-08,All Stores,All Products,5480.96,,clothing_and_clothing_accessories_stores_seasonalnaive_model,,5100.58,5861.34,No
2026-10-08,All Stores,All Products,38280.32,,electronics_and_appliance_stores_LGBM_model,,38012.36,38548.28,No
2026-10-08,All Stores,All Products,1000.00,,electronics_and_appliance_stores_PatchTST_model,,980.00,1020.00,No
2026-10-08,All Stores,All Products,1000.00,,electronics_and_appliance_stores_TimesNet_model,,980.00,1020.00,No
2026-10-08,All Stores,All Products,1768.54,,electronics_and_appliance_stores_autoarima_model,,1580.01,1957.07,No
2026-10-08,All Stores,All Products,1804.90,,electronics_and_appliance_stores_autoets_model,,1681.44,1928.35,No
2026-10-08,All Stores,All Products,1826.99,,electronics_and_appliance_stores_seasonalnaive_model,,1700.19,1953.78,No
2026-10-08,All Stores,All Products,7048.44,,food_and_beverage_stores_LGBM_model,,6999.10,7097.78,No
2026-10-08,All Stores,All Products,1000.00,,food_and_beverage_stores_PatchTST_model,,980.00,1020.00,No
2026-10-08,All Stores,All Products,1000.00,,food_and_beverage_stores_TimesNet_model,,980.00,1020.00,No
2026-10-08,All Stores,All Products,13264.06,,food_and_beverage_stores_autoarima_model,,11850.11,14678.01,No
2026-10-08,All Stores,All Products,13536.72,,food_and_beverage_stores_autoets_model,,12610.81,14462.63,No
2026-10-08,All Stores,All Products,13702.40,,food_and_beverage_stores_seasonalnaive_model,,12751.45,14653.35,No
2026-10-08,All Stores,All Products,565.27,,furniture_and_home_furnishings_stores_LGBM_model,,561.31,569.22,No
2026-10-08,All Stores,All Products,1000.00,,furniture_and_home_furnishings_stores_PatchTST_model,,980.00,1020.00,No
2026-10-08,All Stores,All Products,1000.00,,furniture_and_home_furnishings_stores_TimesNet_model,,980.00,1020.00,No
2026-10-08,All Stores,All Products,4421.35,,furniture_and_home_furnishings_stores_autoarima_model,,3950.04,4892.67,No
2026-10-08,All Stores,All Products,4512.24,,furniture_and_home_furnishings_stores_autoets_model,,4203.60,4820.88,No
2026-10-08,All Stores,All Products,4567.47,,furniture_and_home_furnishings_stores_seasonalnaive_model,,4250.48,4884.45,No
2026-10-08,All Stores,All Products,2265.64,,gasoline_stations_LGBM_model,,2249.78,2281.50,No
2026-10-08,All Stores,All Products,1000.00,,gasoline_stations_PatchTST_model,,980.00,1020.00,No
2026-10-08,All Stores,All Products,1000.00,,gasoline_stations_TimesNet_model,,980.00,1020.00,No
2026-10-08,All Stores,All Products,10611.25,,gasoline_stations_autoarima_model,,9480.09,11742.41,No
2026-10-08,All Stores,All Products,10829.38,,gasoline_stations_autoets_model,,10088.65,11570.11,No
2026-10-08,All Stores,All Products,10961.92,,gasoline_stations_seasonalnaive_model,,10201.16,11722.68,No
2026-10-08,All Stores,All Products,3653.69,,general_merchandise_stores_LGBM_model,,3628.12,3679.27,No
2026-10-08,All Stores,All Products,1000.00,,general_merchandise_stores_PatchTST_model,,980.00,1020.00,No
2026-10-08,All Stores,All Products,1000.00,,general_merchandise_stores_TimesNet_model,,980.00,1020.00,No
2026-10-08,All Stores,All Products,15916.87,,general_merchandise_stores_autoarima_model,,14220.13,17613.61,No
2026-10-08,All Stores,All Products,16244.07,,general_merchandise_stores_autoets_model,,15132.97,17355.16,No
2026-10-08,All Stores,All Products,16442.88,,general_merchandise_stores_seasonalnaive_model,,15301.74,17584.01,No
2026-10-08,All Stores,All Products,5336.55,,health_and_personal_care_stores_LGBM_model,,5299.19,5373.90,No
2026-10-08,All Stores,All Products,1000.00,,health_and_personal_care_stores_PatchTST_model,,980.00,1020.00,No
2026-10-08,All Stores,All Products,1000.00,,health_and_personal_care_stores_TimesNet_model,,980.00,1020.00,No
2026-10-08,All Stores,All Products,7074.16,,health_and_personal_care_stores_autoarima_model,,6320.06,7828.27,No
2026-10-08,All Stores,All Products,7219.58,,health_and_personal_care_stores_autoets_model,,6725.77,7713.40,No
2026-10-08,All Stores,All Products,7307.95,,health_and_personal_care_stores_seasonalnaive_model,,6800.77,7815.12,No
2026-10-08,All Stores,All Products,740.30,,sporting_goods_hobby_and_musical_instrument_stores_LGBM_model,,735.12,745.48,No
2026-10-08,All Stores,All Products,1000.00,,sporting_goods_hobby_and_musical_instrument_stores_PatchTST_model,,980.00,1020.00,No
2026-10-08,All Stores,All Products,1000.00,,sporting_goods_hobby_and_musical_instrument_stores_TimesNet_model,,980.00,1020.00,No
2026-10-08,All Stores,All Products,7958.43,,sporting_goods_hobby_and_musical_instrument_stores_autoarima_model,,7110.07,8806.80,No
2026-10-08,All Stores,All Products,8122.03,,sporting_goods_hobby_and_musical_instrument_stores_autoets_model,,7566.49,8677.58,No
2026-10-08,All Stores,All Products,8221.44,,sporting_goods_hobby_and_musical_instrument_stores_seasonalnaive_model,,7650.87,8792.01,No
2026-10-08,All Stores,All Products,24520.71,,total_sales_LGBM_model,,24349.07,24692.36,No
2026-10-08,All Stores,All Products,1000.00,,total_sales_PatchTST_model,,980.00,1020.00,No
2026-10-08,All Stores,All Products,1000.00,,total_sales_TimesNet_model,,980.00,1020.00,No
2026-10-08,All Stores,All Products,15032.60,,total_sales_autoarima_model,,13430.12,16635.07,No
2026-10-08,All Stores,All Products,15341.62,,total_sales_autoets_model,,14292.25,16390.98,No
2026-10-08,All Stores,All Products,15529.39,,total_sales_seasonalnaive_model,,14451.65,16607.12,No
2026-10-01,All Stores,All Products,12466.38,,automobile_dealers_LGBM_model,,12379.12,12553.65,No
2026-10-01,All Stores,All Products,1000.00,,automobile_dealers_PatchTST_model,,980.00,1020.00,No
2026-10-01,All Stores,All Products,1000.00,,automobile_dealers_TimesNet_model,,980.00,1020.00,No
2026-10-01,All Stores,All Products,22106.76,,automobile_dealers_autoarima_model,,19750.18,24463.34,No
2026-10-01,All Stores,All Products,22561.20,,automobile_dealers_autoets_model,,21018.02,24104.39,No
2026-10-01,All Stores,All Products,22837.33,,automobile_dealers_seasonalnaive_model,,21252.42,24422.24,No
2026-10-01,All Stores,All Products,548.34,,building_material_and_garden_equipment_LGBM_model,,544.50,552.18,No
2026-10-01,All Stores,All Products,1000.00,,building_material_and_garden_equipment_PatchTST_model,,980.00,1020.00,No
2026-10-01,All Stores,All Products,1000.00,,building_material_and_garden_equipment_TimesNet_model,,980.00,1020.00,No
2026-10-01,All Stores,All Products,30949.47,,building_material_and_garden_equipment_autoarima_model,,27650.26,34248.68,No
2026-10-01,All Stores,All Products,31585.68,,building_material_and_garden_equipment_autoets_model,,29425.22,33746.14,No
2026-10-01,All Stores,All Products,31972.26,,building_material_and_garden_equipment_seasonalnaive_model,,29753.39,34191.14,No
2026-10-01,All Stores,All Products,5800.51,,clothing_and_clothing_accessories_stores_LGBM_model,,5759.91,5841.12,No
2026-10-01,All Stores,All Products,1000.00,,clothing_and_clothing_accessories_stores_PatchTST_model,,980.00,1020.00,No
2026-10-01,All Stores,All Products,1000.00,,clothing_and_clothing_accessories_stores_TimesNet_model,,980.00,1020.00,No
2026-10-01,All Stores,All Products,5305.62,,clothing_and_clothing_accessories_stores_autoarima_model,,4740.04,5871.20,No
2026-10-01,All Stores,All Products,5414.69,,clothing_and_clothing_accessories_stores_autoets_model,,5044.32,5785.05,No
2026-10-01,All Stores,All Products,5480.96,,clothing_and_clothing_accessories_stores_seasonalnaive_model,,5100.58,5861.34,No
2026-10-01,All Stores,All Products,38285.70,,electronics_and_appliance_stores_LGBM_model,,38017.70,38553.70,No
2026-10-01,All Stores,All Products,1000.00,,electronics_and_appliance_stores_PatchTST_model,,980.00,1020.00,No
2026-10-01,All Stores,All Products,1000.00,,electronics_and_appliance_stores_TimesNet_model,,980.00,1020.00,No
2026-10-01,All Stores,All Products,1768.54,,electronics_and_appliance_stores_autoarima_model,,1580.01,1957.07,No
2026-10-01,All Stores,All Products,1804.90,,electronics_and_appliance_stores_autoets_model,,1681.44,1928.35,No
2026-10-01,All Stores,All Products,1826.99,,electronics_and_appliance_stores_seasonalnaive_model,,1700.19,1953.78,No
2026-10-01,All Stores,All Products,7047.26,,food_and_beverage_stores_LGBM_model,,6997.93,7096.59,No
2026-10-01,All Stores,All Products,1000.00,,food_and_beverage_stores_PatchTST_model,,980.00,1020.00,No
2026-10-01,All Stores,All Products,1000.00,,food_and_beverage_stores_TimesNet_model,,980.00,1020.00,No
2026-10-01,All Stores,All Products,13264.06,,food_and_beverage_stores_autoarima_model,,11850.11,14678.01,No
2026-10-01,All Stores,All Products,13536.72,,food_and_beverage_stores_autoets_model,,12610.81,14462.63,No
2026-10-01,All Stores,All Products,13702.40,,food_and_beverage_stores_seasonalnaive_model,,12751.45,14653.35,No
2026-10-01,All Stores,All Products,566.18,,furniture_and_home_furnishings_stores_LGBM_model,,562.22,570.14,No
2026-10-01,All Stores,All Products,1000.00,,furniture_and_home_furnishings_stores_PatchTST_model,,980.00,1020.00,No
2026-10-01,All Stores,All Products,1000.00,,furniture_and_home_furnishings_stores_TimesNet_model,,980.00,1020.00,No
2026-10-01,All Stores,All Products,4421.35,,furniture_and_home_furnishings_stores_autoarima_model,,3950.04,4892.67,No
2026-10-01,All Stores,All Products,4512.24,,furniture_and_home_furnishings_stores_autoets_model,,4203.60,4820.88,No
2026-10-01,All Stores,All Products,4567.47,,furniture_and_home_furnishings_stores_seasonalnaive_model,,4250.48,4884.45,No
2026-10-01,All Stores,All Products,2261.46,,gasoline_stations_LGBM_model,,2245.63,2277.29,No
2026-10-01,All Stores,All Products,1000.00,,gasoline_stations_PatchTST_model,,980.00,1020.00,No
2026-10-01,All Stores,All Products,1000.00,,gasoline_stations_TimesNet_model,,980.00,1020.00,No
2026-10-01,All Stores,All Products,10611.25,,gasoline_stations_autoarima_model,,9480.09,11742.41,No
2026-10-01,All Stores,All Products,10829.38,,gasoline_stations_autoets_model,,10088.65,11570.11,No
2026-10-01,All Stores,All Products,10961.92,,gasoline_stations_seasonalnaive_model,,10201.16,11722.68,No
2026-10-01,All Stores,All Products,3653.69,,general_merchandise_stores_LGBM_model,,3628.12,3679.27,No
2026-10-01,All Stores,All Products,1000.00,,general_merchandise_stores_PatchTST_model,,980.00,1020.00,No
2026-10-01,All Stores,All Products,1000.00,,general_merchandise_stores_TimesNet_model,,980.00,1020.00,No
2026-10-01,All Stores,All Products,15916.87,,general_merchandise_stores_autoarima_model,,14220.13,17613.61,No
2026-10-01,All Stores,All Products,16244.07,,general_merchandise_stores_autoets_model,,15132.97,17355.16,No
2026-10-01,All Stores,All Products,16442.88,,general_merchandise_stores_seasonalnaive_model,,15301.74,17584.01,No
2026-10-01,All Stores,All Products,5334.15,,health_and_personal_care_stores_LGBM_model,,5296.81,5371.49,No
2026-10-01,All Stores,All Products,1000.00,,health_and_personal_care_stores_PatchTST_model,,980.00,1020.00,No
2026-10-01,All Stores,All Products,1000.00,,health_and_personal_care_stores_TimesNet_model,,980.00,1020.00,No
2026-10-01,All Stores,All Products,7074.16,,health_and_personal_care_stores_autoarima_model,,6320.06,7828.27,No
2026-10-01,All Stores,All Products,7219.58,,health_and_personal_care_stores_autoets_model,,6725.77,7713.40,No
2026-10-01,All Stores,All Products,7307.95,,health_and_personal_care_stores_seasonalnaive_model,,6800.77,7815.12,No
2026-10-01,All Stores,All Products,740.30,,sporting_goods_hobby_and_musical_instrument_stores_LGBM_model,,735.12,745.48,No
2026-10-01,All Stores,All Products,1000.00,,sporting_goods_hobby_and_musical_instrument_stores_PatchTST_model,,980.00,1020.00,No
2026-10-01,All Stores,All Products,1000.00,,sporting_goods_hobby_and_musical_instrument_stores_TimesNet_model,,980.00,1020.00,No
2026-10-01,All Stores,All Products,7958.43,,sporting_goods_hobby_and_musical_instrument_stores_autoarima_model,,7110.07,8806.80,No
2026-10-01,All Stores,All Products,8122.03,,sporting_goods_hobby_and_musical_instrument_stores_autoets_model,,7566.49,8677.58,No
2026-10-01,All Stores,All Products,8221.44,,sporting_goods_hobby_and_musical_instrument_stores_seasonalnaive_model,,7650.87,8792.01,No
2026-10-01,All Stores,All Products,24501.60,,total_sales_LGBM_model,,24330.09,24673.11,No
2026-10-01,All Stores,All Products,1000.00,,total_sales_PatchTST_model,,980.00,1020.00,No
2026-10-01,All Stores,All Products,1000.00,,total_sales_TimesNet_model,,980.00,1020.00,No
2026-10-01,All Stores,All Products,15032.60,,total_sales_autoarima_model,,13430.12,16635.07,No
2026-10-01,All Stores,All Products,15341.62,,total_sales_autoets_model,,14292.25,16390.98,No
2026-10-01,All Stores,All Products,15529.39,,total_sales_seasonalnaive_model,,14451.65,16607.12,No
2026-09-24,All Stores,All Products,12213.87,,automobile_dealers_LGBM_model,,12128.38,12299.37,No
2026-09-24,All Stores,All Products,1000.00,,automobile_dealers_PatchTST_model,,980.00,1020.00,No
2026-09-24,All Stores,All Products,1000.00,,automobile_dealers_TimesNet_model,,980.00,1020.00,No
2026-09-24,All Stores,All Products,21782.51,,automobile_dealers_autoarima_model,,19460.49,24104.52,No
2026-09-24,All Stores,All Products,22230.28,,automobile_dealers_autoets_model,,20709.73,23750.83,No
2026-09-24,All Stores,All Products,22502.36,,automobile_dealers_seasonalnaive_model,,20940.70,24064.02,No
2026-09-24,All Stores,All Products,548.22,,building_material_and_garden_equipment_LGBM_model,,544.39,552.06,No
2026-09-24,All Stores,All Products,1000.00,,building_material_and_garden_equipment_PatchTST_model,,980.00,1020.00,No
2026-09-24,All Stores,All Products,1000.00,,building_material_and_garden_equipment_TimesNet_model,,980.00,1020.00,No
2026-09-24,All Stores,All Products,30495.51,,building_material_and_garden_equipment_autoarima_model,,27244.69,33746.33,No
2026-09-24,All Stores,All Products,31122.39,,building_material_and_garden_equipment_autoets_model,,28993.62,33251.17,No
2026-09-24,All Stores,All Products,31503.30,,building_material_and_garden_equipment_seasonalnaive_model,,29316.97,33689.63,No
2026-09-24,All Stores,All Products,5756.37,,clothing_and_clothing_accessories_stores_LGBM_model,,5716.08,5796.67,No
2026-09-24,All Stores,All Products,1000.00,,clothing_and_clothing_accessories_stores_PatchTST_model,,980.00,1020.00,No
2026-09-24,All Stores,All Products,1000.00,,clothing_and_clothing_accessories_stores_TimesNet_model,,980.00,1020.00,No
2026-09-24,All Stores,All Products,5227.80,,clothing_and_clothing_accessories_stores_autoarima_model,,4670.52,5785.09,No
2026-09-24,All Stores,All Products,5335.27,,clothing_and_clothing_accessories_stores_autoets_model,,4970.34,5700.20,No
2026-09-24,All Stores,All Products,5400.57,,clothing_and_clothing_accessories_stores_seasonalnaive_model,,5025.77,5775.37,No
2026-09-24,All Stores,All Products,38319.82,,electronics_and_appliance_stores_LGBM_model,,38051.59,38588.06,No
2026-09-24,All Stores,All Products,1000.00,,electronics_and_appliance_stores_PatchTST_model,,980.00,1020.00,No
2026-09-24,All Stores,All Products,1000.00,,electronics_and_appliance_stores_TimesNet_model,,980.00,1020.00,No
2026-09-24,All Stores,All Products,1742.60,,electronics_and_appliance_stores_autoarima_model,,1556.84,1928.36,No
2026-09-24,All Stores,All Products,1778.42,,electronics_and_appliance_stores_autoets_model,,1656.78,1900.07,No
2026-09-24,All Stores,All Products,1800.19,,electronics_and_appliance_stores_seasonalnaive_model,,1675.26,1925.12,No
2026-09-24,All Stores,All Products,7043.81,,food_and_beverage_stores_LGBM_model,,6994.51,7093.12,No
2026-09-24,All Stores,All Products,1000.00,,food_and_beverage_stores_PatchTST_model,,980.00,1020.00,No
2026-09-24,All Stores,All Products,1000.00,,food_and_beverage_stores_TimesNet_model,,980.00,1020.00,No
2026-09-24,All Stores,All Products,13069.50,,food_and_beverage_stores_autoarima_model,,11676.30,14462.71,No
2026-09-24,All Stores,All Products,13338.17,,food_and_beverage_stores_autoets_model,,12425.84,14250.50,No
2026-09-24,All Stores,All Products,13501.42,,food_and_beverage_stores_seasonalnaive_model,,12564.42,14438.41,No
2026-09-24,All Stores,All Products,567.90,,furniture_and_home_furnishings_stores_LGBM_model,,563.92,571.87,No
2026-09-24,All Stores,All Products,1000.00,,furniture_and_home_furnishings_stores_PatchTST_model,,980.00,1020.00,No
2026-09-24,All Stores,All Products,1000.00,,furniture_and_home_furnishings_stores_TimesNet_model,,980.00,1020.00,No
2026-09-24,All Stores,All Products,4356.50,,furniture_and_home_furnishings_stores_autoarima_model,,3892.10,4820.90,No
2026-09-24,All Stores,All Products,4446.06,,furniture_and_home_furnishings_stores_autoets_model,,4141.95,4750.17,No
2026-09-24,All Stores,All Products,4500.47,,furniture_and_home_furnishings_stores_seasonalnaive_model,,4188.14,4812.80,No
2026-09-24,All Stores,All Products,2275.51,,gasoline_stations_LGBM_model,,2259.58,2291.44,No
2026-09-24,All Stores,All Products,1000.00,,gasoline_stations_PatchTST_model,,980.00,1020.00,No
2026-09-24,All Stores,All Products,1000.00,,gasoline_stations_TimesNet_model,,980.00,1020.00,No
2026-09-24,All Stores,All Products,10455.60,,gasoline_stations_autoarima_model,,9341.04,11570.17,No
2026-09-24,All Stores,All Products,10670.53,,gasoline_stations_autoets_model,,9940.67,11400.40,No
2026-09-24,All Stores,All Products,10801.13,,gasoline_stations_seasonalnaive_model,,10051.53,11550.73,No
2026-09-24,All Stores,All Products,3653.69,,general_merchandise_stores_LGBM_model,,3628.12,3679.27,No
2026-09-24,All Stores,All Products,1000.00,,general_merchandise_stores_PatchTST_model,,980.00,1020.00,No
2026-09-24,All Stores,All Products,1000.00,,general_merchandise_stores_TimesNet_model,,980.00,1020.00,No
2026-09-24,All Stores,All Products,15683.41,,general_merchandise_stores_autoarima_model,,14011.55,17355.26,No
2026-09-24,All Stores,All Products,16005.80,,general_merchandise_stores_autoets_model,,14911.01,17100.60,No
2026-09-24,All Stores,All Products,16201.70,,general_merchandise_stores_seasonalnaive_model,,15077.30,17326.10,No
2026-09-24,All Stores,All Products,5316.21,,health_and_personal_care_stores_LGBM_model,,5278.99,5353.42,No
2026-09-24,All Stores,All Products,1000.00,,health_and_personal_care_stores_PatchTST_model,,980.00,1020.00,No
2026-09-24,All Stores,All Products,1000.00,,health_and_personal_care_stores_TimesNet_model,,980.00,1020.00,No
2026-09-24,All Stores,All Products,6970.40,,health_and_personal_care_stores_autoarima_model,,6227.36,7713.45,No
2026-09-24,All Stores,All Products,7113.69,,health_and_personal_care_stores_autoets_model,,6627.11,7600.27,No
2026-09-24,All Stores,All Products,7200.76,,health_and_personal_care_stores_seasonalnaive_model,,6701.02,7700.49,No
2026-09-24,All Stores,All Products,740.14,,sporting_goods_hobby_and_musical_instrument_stores_LGBM_model,,734.96,745.32,No
2026-09-24,All Stores,All Products,1000.00,,sporting_goods_hobby_and_musical_instrument_stores_PatchTST_model,,980.00,1020.00,No
2026-09-24,All Stores,All Products,1000.00,,sporting_goods_hobby_and_musical_instrument_stores_TimesNet_model,,980.00,1020.00,No
2026-09-24,All Stores,All Products,7841.70,,sporting_goods_hobby_and_musical_instrument_stores_autoarima_model,,7005.78,8677.63,No
2026-09-24,All Stores,All Products,8002.90,,sporting_goods_hobby_and_musical_instrument_stores_autoets_model,,7455.50,8550.30,No
2026-09-24,All Stores,All Products,8100.85,,sporting_goods_hobby_and_musical_instrument_stores_seasonalnaive_model,,7538.65,8663.05,No
2026-09-24,All Stores,All Products,24832.37,,total_sales_LGBM_model,,24658.54,25006.19,No
2026-09-24,All Stores,All Products,1000.00,,total_sales_PatchTST_model,,980.00,1020.00,No
2026-09-24,All Stores,All Products,1000.00,,total_sales_TimesNet_model,,980.00,1020.00,No
2026-09-24,All Stores,All Products,14812.11,,total_sales_autoarima_model,,13233.13,16391.08,No
2026-09-24,All Stores,All Products,15116.59,,total_sales_autoets_model,,14082.62,16150.57,No
2026-09-24,All Stores,All Products,15301.60,,total_sales_seasonalnaive_model,,14239.67,16363.54,No
2026-09-17,All Stores,All Products,12213.87,,automobile_dealers_LGBM_model,,12128.38,12299.37,No
2026-09-17,All Stores,All Products,1000.00,,automobile_dealers_PatchTST_model,,980.00,1020.00,No
2026-09-17,All Stores,All Products,1000.00,,automobile_dealers_TimesNet_model,,980.00,1020.00,No
2026-09-17,All Stores,All Products,21782.51,,automobile_dealers_autoarima_model,,19460.49,24104.52,No
2026-09-17,All Stores,All Products,22230.28,,automobile_dealers_autoets_model,,20709.73,23750.83,No
2026-09-17,All Stores,All Products,22502.36,,automobile_dealers_seasonalnaive_model,,20940.70,24064.02,No
2026-09-17,All Stores,All Products,548.22,,building_material_and_garden_equipment_LGBM_model,,544.39,552.06,No
2026-09-17,All Stores,All Products,1000.00,,building_material_and_garden_equipment_PatchTST_model,,980.00,1020.00,No
2026-09-17,All Stores,All Products,1000.00,,building_material_and_garden_equipment_TimesNet_model,,980.00,1020.00,No
2026-09-17,All Stores,All Products,30495.51,,building_material_and_garden_equipment_autoarima_model,,27244.69,33746.33,No
2026-09-17,All Stores,All Products,31122.39,,building_material_and_garden_equipment_autoets_model,,28993.62,33251.17,No
2026-09-17,All Stores,All Products,31503.30,,building_material_and_garden_equipment_seasonalnaive_model,,29316.97,33689.63,No
2026-09-17,All Stores,All Products,5756.37,,clothing_and_clothing_accessories_stores_LGBM_model,,5716.08,5796.67,No
2026-09-17,All Stores,All Products,1000.00,,clothing_and_clothing_accessories_stores_PatchTST_model,,980.00,1020.00,No
2026-09-17,All Stores,All Products,1000.00,,clothing_and_clothing_accessories_stores_TimesNet_model,,980.00,1020.00,No
2026-09-17,All Stores,All Products,5227.80,,clothing_and_clothing_accessories_stores_autoarima_model,,4670.52,5785.09,No
2026-09-17,All Stores,All Products,5335.27,,clothing_and_clothing_accessories_stores_autoets_model,,4970.34,5700.20,No
2026-09-17,All Stores,All Products,5400.57,,clothing_and_clothing_accessories_stores_seasonalnaive_model,,5025.77,5775.37,No
2026-09-17,All Stores,All Products,38319.82,,electronics_and_appliance_stores_LGBM_model,,38051.59,38588.06,No
2026-09-17,All Stores,All Products,1000.00,,electronics_and_appliance_stores_PatchTST_model,,980.00,1020.00,No
2026-09-17,All Stores,All Products,1000.00,,electronics_and_appliance_stores_TimesNet_model,,980.00,1020.00,No
2026-09-17,All Stores,All Products,1742.60,,electronics_and_appliance_stores_autoarima_model,,1556.84,1928.36,No
2026-09-17,All Stores,All Products,1778.42,,electronics_and_appliance_stores_autoets_model,,1656.78,1900.07,No
2026-09-17,All Stores,All Products,1800.19,,electronics_and_appliance_stores_seasonalnaive_model,,1675.26,1925.12,No
2026-09-17,All Stores,All Products,7043.81,,food_and_beverage_stores_LGBM_model,,6994.51,7093.12,No
2026-09-17,All Stores,All Products,1000.00,,food_and_beverage_stores_PatchTST_model,,980.00,1020.00,No
2026-09-17,All Stores,All Products,1000.00,,food_and_beverage_stores_TimesNet_model,,980.00,1020.00,No
2026-09-17,All Stores,All Products,13069.50,,food_and_beverage_stores_autoarima_model,,11676.30,14462.71,No
2026-09-17,All Stores,All Products,13338.17,,food_and_beverage_stores_autoets_model,,12425.84,14250.50,No
2026-09-17,All Stores,All Products,13501.42,,food_and_beverage_stores_seasonalnaive_model,,12564.42,14438.41,No
2026-09-17,All Stores,All Products,567.78,,furniture_and_home_furnishings_stores_LGBM_model,,563.81,571.76,No
2026-09-17,All Stores,All Products,1000.00,,furniture_and_home_furnishings_stores_PatchTST_model,,980.00,1020.00,No
2026-09-17,All Stores,All Products,1000.00,,furniture_and_home_furnishings_stores_TimesNet_model,,980.00,1020.00,No
2026-09-17,All Stores,All Products,4356.50,,furniture_and_home_furnishings_stores_autoarima_model,,3892.10,4820.90,No
2026-09-17,All Stores,All Products,4446.06,,furniture_and_home_furnishings_stores_autoets_model,,4141.95,4750.17,No
2026-09-17,All Stores,All Products,4500.47,,furniture_and_home_furnishings_stores_seasonalnaive_model,,4188.14,4812.80,No
2026-09-17,All Stores,All Products,2275.51,,gasoline_stations_LGBM_model,,2259.58,2291.44,No
2026-09-17,All Stores,All Products,1000.00,,gasoline_stations_PatchTST_model,,980.00,1020.00,No
2026-09-17,All Stores,All Products,1000.00,,gasoline_stations_TimesNet_model,,980.00,1020.00,No
2026-09-17,All Stores,All Products,10455.60,,gasoline_stations_autoarima_model,,9341.04,11570.17,No
2026-09-17,All Stores,All Products,10670.53,,gasoline_stations_autoets_model,,9940.67,11400.40,No
2026-09-17,All Stores,All Products,10801.13,,gasoline_stations_seasonalnaive_model,,10051.53,11550.73,No
2026-09-17,All Stores,All Products,3653.69,,general_merchandise_stores_LGBM_model,,3628.12,3679.27,No
2026-09-17,All Stores,All Products,1000.00,,general_merchandise_stores_PatchTST_model,,980.00,1020.00,No
2026-09-17,All Stores,All Products,1000.00,,general_merchandise_stores_TimesNet_model,,980.00,1020.00,No
2026-09-17,All Stores,All Products,15683.41,,general_merchandise_stores_autoarima_model,,14011.55,17355.26,No
2026-09-17,All Stores,All Products,16005.80,,general_merchandise_stores_autoets_model,,14911.01,17100.60,No
2026-09-17,All Stores,All Products,16201.70,,general_merchandise_stores_seasonalnaive_model,,15077.30,17326.10,No
2026-09-17,All Stores,All Products,5316.21,,health_and_personal_care_stores_LGBM_model,,5278.99,5353.42,No
2026-09-17,All Stores,All Products,1000.00,,health_and_personal_care_stores_PatchTST_model,,980.00,1020.00,No
2026-09-17,All Stores,All Products,1000.00,,health_and_personal_care_stores_TimesNet_model,,980.00,1020.00,No
2026-09-17,All Stores,All Products,6970.40,,health_and_personal_care_stores_autoarima_model,,6227.36,7713.45,No
2026-09-17,All Stores,All Products,7113.69,,health_and_personal_care_stores_autoets_model,,6627.11,7600.27,No
2026-09-17,All Stores,All Products,7200.76,,health_and_personal_care_stores_seasonalnaive_model,,6701.02,7700.49,No
2026-09-17,All Stores,All Products,740.34,,sporting_goods_hobby_and_musical_instrument_stores_LGBM_model,,735.16,745.52,No
2026-09-17,All Stores,All Products,1000.00,,sporting_goods_hobby_and_musical_instrument_stores_PatchTST_model,,980.00,1020.00,No
2026-09-17,All Stores,All Products,1000.00,,sporting_goods_hobby_and_musical_instrument_stores_TimesNet_model,,980.00,1020.00,No
2026-09-17,All Stores,All Products,7841.70,,sporting_goods_hobby_and_musical_instrument_stores_autoarima_model,,7005.78,8677.63,No
2026-09-17,All Stores,All Products,8002.90,,sporting_goods_hobby_and_musical_instrument_stores_autoets_model,,7455.50,8550.30,No
2026-09-17,All Stores,All Products,8100.85,,sporting_goods_hobby_and_musical_instrument_stores_seasonalnaive_model,,7538.65,8663.05,No
2026-09-17,All Stores,All Products,24832.37,,total_sales_LGBM_model,,24658.54,25006.19,No
2026-09-17,All Stores,All Products,1000.00,,total_sales_PatchTST_model,,980.00,1020.00,No
2026-09-17,All Stores,All Products,1000.00,,total_sales_TimesNet_model,,980.00,1020.00,No
2026-09-17,All Stores,All Products,14812.11,,total_sales_autoarima_model,,13233.13,16391.08,No
2026-09-17,All Stores,All Products,15116.59,,total_sales_autoets_model,,14082.62,16150.57,No
2026-09-17,All Stores,All Products,15301.60,,total_sales_seasonalnaive_model,,14239.67,16363.54,No
2026-09-10,All Stores,All Products,12213.87,,automobile_dealers_LGBM_model,,12128.38,12299.37,No
2026-09-10,All Stores,All Products,1000.00,,automobile_dealers_PatchTST_model,,980.00,1020.00,No
2026-09-10,All Stores,All Products,1000.00,,automobile_dealers_TimesNet_model,,980.00,1020.00,No
2026-09-10,All Stores,All Products,21782.51,,automobile_dealers_autoarima_model,,19460.49,24104.52,No
2026-09-10,All Stores,All Products,22230.28,,automobile_dealers_autoets_model,,20709.73,23750.83,No
2026-09-10,All Stores,All Products,22502.36,,automobile_dealers_seasonalnaive_model,,20940.70,24064.02,No
2026-09-10,All Stores,All Products,548.22,,building_material_and_garden_equipment_LGBM_model,,544.39,552.06,No
2026-09-10,All Stores,All Products,1000.00,,building_material_and_garden_equipment_PatchTST_model,,980.00,1020.00,No
2026-09-10,All Stores,All Products,1000.00,,building_material_and_garden_equipment_TimesNet_model,,980.00,1020.00,No
2026-09-10,All Stores,All Products,30495.51,,building_material_and_garden_equipment_autoarima_model,,27244.69,33746.33,No
2026-09-10,All Stores,All Products,31122.39,,building_material_and_garden_equipment_autoets_model,,28993.62,33251.17,No
2026-09-10,All Stores,All Products,31503.30,,building_material_and_garden_equipment_seasonalnaive_model,,29316.97,33689.63,No
2026-09-10,All Stores,All Products,5752.69,,clothing_and_clothing_accessories_stores_LGBM_model,,5712.42,5792.96,No
2026-09-10,All Stores,All Products,1000.00,,clothing_and_clothing_accessories_stores_PatchTST_model,,980.00,1020.00,No
2026-09-10,All Stores,All Products,1000.00,,clothing_and_clothing_accessories_stores_TimesNet_model,,980.00,1020.00,No
2026-09-10,All Stores,All Products,5227.80,,clothing_and_clothing_accessories_stores_autoarima_model,,4670.52,5785.09,No
2026-09-10,All Stores,All Products,5335.27,,clothing_and_clothing_accessories_stores_autoets_model,,4970.34,5700.20,No
2026-09-10,All Stores,All Products,5400.57,,clothing_and_clothing_accessories_stores_seasonalnaive_model,,5025.77,5775.37,No
2026-09-10,All Stores,All Products,38283.62,,electronics_and_appliance_stores_LGBM_model,,38015.64,38551.61,No
2026-09-10,All Stores,All Products,1000.00,,electronics_and_appliance_stores_PatchTST_model,,980.00,1020.00,No
2026-09-10,All Stores,All Products,1000.00,,electronics_and_appliance_stores_TimesNet_model,,980.00,1020.00,No
2026-09-10,All Stores,All Products,1742.60,,electronics_and_appliance_stores_autoarima_model,,1556.84,1928.36,No
2026-09-10,All Stores,All Products,1778.42,,electronics_and_appliance_stores_autoets_model,,1656.78,1900.07,No
2026-09-10,All Stores,All Products,1800.19,,electronics_and_appliance_stores_seasonalnaive_model,,1675.26,1925.12,No
2026-09-10,All Stores,All Products,7032.44,,food_and_beverage_stores_LGBM_model,,6983.21,7081.66,No
2026-09-10,All Stores,All Products,1000.00,,food_and_beverage_stores_PatchTST_model,,980.00,1020.00,No
2026-09-10,All Stores,All Products,1000.00,,food_and_beverage_stores_TimesNet_model,,980.00,1020.00,No
2026-09-10,All Stores,All Products,13069.50,,food_and_beverage_stores_autoarima_model,,11676.30,14462.71,No
2026-09-10,All Stores,All Products,13338.17,,food_and_beverage_stores_autoets_model,,12425.84,14250.50,No
2026-09-10,All Stores,All Products,13501.42,,food_and_beverage_stores_seasonalnaive_model,,12564.42,14438.41,No
2026-09-10,All Stores,All Products,567.78,,furniture_and_home_furnishings_stores_LGBM_model,,563.81,571.76,No
2026-09-10,All Stores,All Products,1000.00,,furniture_and_home_furnishings_stores_PatchTST_model,,980.00,1020.00,No
2026-09-10,All Stores,All Products,1000.00,,furniture_and_home_furnishings_stores_TimesNet_model,,980.00,1020.00,No
2026-09-10,All Stores,All Products,4356.50,,furniture_and_home_furnishings_stores_autoarima_model,,3892.10,4820.90,No
2026-09-10,All Stores,All Products,4446.06,,furniture_and_home_furnishings_stores_autoets_model,,4141.95,4750.17,No
2026-09-10,All Stores,All Products,4500.47,,furniture_and_home_furnishings_stores_seasonalnaive_model,,4188.14,4812.80,No
2026-09-10,All Stores,All Products,2271.47,,gasoline_stations_LGBM_model,,2255.57,2287.37,No
2026-09-10,All Stores,All Products,1000.00,,gasoline_stations_PatchTST_model,,980.00,1020.00,No
2026-09-10,All Stores,All Products,1000.00,,gasoline_stations_TimesNet_model,,980.00,1020.00,No
2026-09-10,All Stores,All Products,10455.60,,gasoline_stations_autoarima_model,,9341.04,11570.17,No
2026-09-10,All Stores,All Products,10670.53,,gasoline_stations_autoets_model,,9940.67,11400.40,No
2026-09-10,All Stores,All Products,10801.13,,gasoline_stations_seasonalnaive_model,,10051.53,11550.73,No
2026-09-10,All Stores,All Products,3653.50,,general_merchandise_stores_LGBM_model,,3627.92,3679.07,No
2026-09-10,All Stores,All Products,1000.00,,general_merchandise_stores_PatchTST_model,,980.00,1020.00,No
2026-09-10,All Stores,All Products,1000.00,,general_merchandise_stores_TimesNet_model,,980.00,1020.00,No
2026-09-10,All Stores,All Products,15683.41,,general_merchandise_stores_autoarima_model,,14011.55,17355.26,No
2026-09-10,All Stores,All Products,16005.80,,general_merchandise_stores_autoets_model,,14911.01,17100.60,No
2026-09-10,All Stores,All Products,16201.70,,general_merchandise_stores_seasonalnaive_model,,15077.30,17326.10,No
2026-09-10,All Stores,All Products,5316.21,,health_and_personal_care_stores_LGBM_model,,5278.99,5353.42,No
2026-09-10,All Stores,All Products,1000.00,,health_and_personal_care_stores_PatchTST_model,,980.00,1020.00,No
2026-09-10,All Stores,All Products,1000.00,,health_and_personal_care_stores_TimesNet_model,,980.00,1020.00,No
2026-09-10,All Stores,All Products,6970.40,,health_and_personal_care_stores_autoarima_model,,6227.36,7713.45,No
2026-09-10,All Stores,All Products,7113.69,,health_and_personal_care_stores_autoets_model,,6627.11,7600.27,No
2026-09-10,All Stores,All Products,7200.76,,health_and_personal_care_stores_seasonalnaive_model,,6701.02,7700.49,No
2026-09-10,All Stores,All Products,740.34,,sporting_goods_hobby_and_musical_instrument_stores_LGBM_model,,735.16,745.52,No
2026-09-10,All Stores,All Products,1000.00,,sporting_goods_hobby_and_musical_instrument_stores_PatchTST_model,,980.00,1020.00,No
2026-09-10,All Stores,All Products,1000.00,,sporting_goods_hobby_and_musical_instrument_stores_TimesNet_model,,980.00,1020.00,No
2026-09-10,All Stores,All Products,7841.70,,sporting_goods_hobby_and_musical_instrument_stores_autoarima_model,,7005.78,8677.63,No
2026-09-10,All Stores,All Products,8002.90,,sporting_goods_hobby_and_musical_instrument_stores_autoets_model,,7455.50,8550.30,No
2026-09-10,All Stores,All Products,8100.85,,sporting_goods_hobby_and_musical_instrument_stores_seasonalnaive_model,,7538.65,8663.05,No
2026-09-10,All Stores,All Products,24785.33,,total_sales_LGBM_model,,24611.84,24958.83,No
2026-09-10,All Stores,All Products,1000.00,,total_sales_PatchTST_model,,980.00,1020.00,No
2026-09-10,All Stores,All Products,1000.00,,total_sales_TimesNet_model,,980.00,1020.00,No
2026-09-10,All Stores,All Products,14812.11,,total_sales_autoarima_model,,13233.13,16391.08,No
2026-09-10,All Stores,All Products,15116.59,,total_sales_autoets_model,,14082.62,16150.57,No
2026-09-10,All Stores,All Products,15301.60,,total_sales_seasonalnaive_model,,14239.67,16363.54,No
2026-09-03,All Stores,All Products,12213.87,,automobile_dealers_LGBM_model,,12128.38,12299.37,No
2026-09-03,All Stores,All Products,1000.00,,automobile_dealers_PatchTST_model,,980.00,1020.00,No
2026-09-03,All Stores,All Products,1000.00,,automobile_dealers_TimesNet_model,,980.00,1020.00,No
2026-09-03,All Stores,All Products,21782.51,,automobile_dealers_autoarima_model,,19460.49,24104.52,No
2026-09-03,All Stores,All Products,22230.28,,automobile_dealers_autoets_model,,20709.73,23750.83,No
2026-09-03,All Stores,All Products,22502.36,,automobile_dealers_seasonalnaive_model,,20940.70,24064.02,No
2026-09-03,All Stores,All Products,548.22,,building_material_and_garden_equipment_LGBM_model,,544.39,552.06,No
2026-09-03,All Stores,All Products,1000.00,,building_material_and_garden_equipment_PatchTST_model,,980.00,1020.00,No
2026-09-03,All Stores,All Products,1000.00,,building_material_and_garden_equipment_TimesNet_model,,980.00,1020.00,No
2026-09-03,All Stores,All Products,30495.51,,building_material_and_garden_equipment_autoarima_model,,27244.69,33746.33,No
2026-09-03,All Stores,All Products,31122.39,,building_material_and_garden_equipment_autoets_model,,28993.62,33251.17,No
2026-09-03,All Stores,All Products,31503.30,,building_material_and_garden_equipment_seasonalnaive_model,,29316.97,33689.63,No
2026-09-03,All Stores,All Products,5752.69,,clothing_and_clothing_accessories_stores_LGBM_model,,5712.42,5792.96,No
2026-09-03,All Stores,All Products,1000.00,,clothing_and_clothing_accessories_stores_PatchTST_model,,980.00,1020.00,No
2026-09-03,All Stores,All Products,1000.00,,clothing_and_clothing_accessories_stores_TimesNet_model,,980.00,1020.00,No
2026-09-03,All Stores,All Products,5227.80,,clothing_and_clothing_accessories_stores_autoarima_model,,4670.52,5785.09,No
2026-09-03,All Stores,All Products,5335.27,,clothing_and_clothing_accessories_stores_autoets_model,,4970.34,5700.20,No
2026-09-03,All Stores,All Products,5400.57,,clothing_and_clothing_accessories_stores_seasonalnaive_model,,5025.77,5775.37,No
2026-09-03,All Stores,All Products,38283.62,,electronics_and_appliance_stores_LGBM_model,,38015.64,38551.61,No
2026-09-03,All Stores,All Products,1000.00,,electronics_and_appliance_stores_PatchTST_model,,980.00,1020.00,No
2026-09-03,All Stores,All Products,1000.00,,electronics_and_appliance_stores_TimesNet_model,,980.00,1020.00,No
2026-09-03,All Stores,All Products,1742.60,,electronics_and_appliance_stores_autoarima_model,,1556.84,1928.36,No
2026-09-03,All Stores,All Products,1778.42,,electronics_and_appliance_stores_autoets_model,,1656.78,1900.07,No
2026-09-03,All Stores,All Products,1800.19,,electronics_and_appliance_stores_seasonalnaive_model,,1675.26,1925.12,No
2026-09-03,All Stores,All Products,7032.44,,food_and_beverage_stores_LGBM_model,,6983.21,7081.66,No
2026-09-03,All Stores,All Products,1000.00,,food_and_beverage_stores_PatchTST_model,,980.00,1020.00,No
2026-09-03,All Stores,All Products,1000.00,,food_and_beverage_stores_TimesNet_model,,980.00,1020.00,No
2026-09-03,All Stores,All Products,13069.50,,food_and_beverage_stores_autoarima_model,,11676.30,14462.71,No
2026-09-03,All Stores,All Products,13338.17,,food_and_beverage_stores_autoets_model,,12425.84,14250.50,No
2026-09-03,All Stores,All Products,13501.42,,food_and_beverage_stores_seasonalnaive_model,,12564.42,14438.41,No
2026-09-03,All Stores,All Products,567.78,,furniture_and_home_furnishings_stores_LGBM_model,,563.81,571.76,No
2026-09-03,All Stores,All Products,1000.00,,furniture_and_home_furnishings_stores_PatchTST_model,,980.00,1020.00,No
2026-09-03,All Stores,All Products,1000.00,,furniture_and_home_furnishings_stores_TimesNet_model,,980.00,1020.00,No
2026-09-03,All Stores,All Products,4356.50,,furniture_and_home_furnishings_stores_autoarima_model,,3892.10,4820.90,No
2026-09-03,All Stores,All Products,4446.06,,furniture_and_home_furnishings_stores_autoets_model,,4141.95,4750.17,No
2026-09-03,All Stores,All Products,4500.47,,furniture_and_home_furnishings_stores_seasonalnaive_model,,4188.14,4812.80,No
2026-09-03,All Stores,All Products,2271.47,,gasoline_stations_LGBM_model,,2255.57,2287.37,No
2026-09-03,All Stores,All Products,1000.00,,gasoline_stations_PatchTST_model,,980.00,1020.00,No
2026-09-03,All Stores,All Products,1000.00,,gasoline_stations_TimesNet_model,,980.00,1020.00,No
2026-09-03,All Stores,All Products,10455.60,,gasoline_stations_autoarima_model,,9341.04,11570.17,No
2026-09-03,All Stores,All Products,10670.53,,gasoline_stations_autoets_model,,9940.67,11400.40,No
2026-09-03,All Stores,All Products,10801.13,,gasoline_stations_seasonalnaive_model,,10051.53,11550.73,No
2026-09-03,All Stores,All Products,3653.50,,general_merchandise_stores_LGBM_model,,3627.92,3679.07,No
2026-09-03,All Stores,All Products,1000.00,,general_merchandise_stores_PatchTST_model,,980.00,1020.00,No
2026-09-03,All Stores,All Products,1000.00,,general_merchandise_stores_TimesNet_model,,980.00,1020.00,No
2026-09-03,All Stores,All Products,15683.41,,general_merchandise_stores_autoarima_model,,14011.55,17355.26,No
2026-09-03,All Stores,All Products,16005.80,,general_merchandise_stores_autoets_model,,14911.01,17100.60,No
2026-09-03,All Stores,All Products,16201.70,,general_merchandise_stores_seasonalnaive_model,,15077.30,17326.10,No
2026-09-03,All Stores,All Products,5316.21,,health_and_personal_care_stores_LGBM_model,,5278.99,5353.42,No
2026-09-03,All Stores,All Products,1000.00,,health_and_personal_care_stores_PatchTST_model,,980.00,1020.00,No
2026-09-03,All Stores,All Products,1000.00,,health_and_personal_care_stores_TimesNet_model,,980.00,1020.00,No
2026-09-03,All Stores,All Products,6970.40,,health_and_personal_care_stores_autoarima_model,,6227.36,7713.45,No
2026-09-03,All Stores,All Products,7113.69,,health_and_personal_care_stores_autoets_model,,6627.11,7600.27,No
2026-09-03,All Stores,All Products,7200.76,,health_and_personal_care_stores_seasonalnaive_model,,6701.02,7700.49,No
2026-09-03,All Stores,All Products,740.34,,sporting_goods_hobby_and_musical_instrument_stores_LGBM_model,,735.16,745.52,No
2026-09-03,All Stores,All Products,1000.00,,sporting_goods_hobby_and_musical_instrument_stores_PatchTST_model,,980.00,1020.00,No
2026-09-03,All Stores,All Products,1000.00,,sporting_goods_hobby_and_musical_instrument_stores_TimesNet_model,,980.00,1020.00,No
2026-09-03,All Stores,All Products,7841.70,,sporting_goods_hobby_and_musical_instrument_stores_autoarima_model,,7005.78,8677.63,No
2026-09-03,All Stores,All Products,8002.90,,sporting_goods_hobby_and_musical_instrument_stores_autoets_model,,7455.50,8550.30,No
2026-09-03,All Stores,All Products,8100.85,,sporting_goods_hobby_and_musical_instrument_stores_seasonalnaive_model,,7538.65,8663.05,No
2026-09-03,All Stores,All Products,24785.33,,total_sales_LGBM_model,,24611.84,24958.83,No
2026-09-03,All Stores,All Products,1000.00,,total_sales_PatchTST_model,,980.00,1020.00,No
2026-09-03,All Stores,All Products,1000.00,,total_sales_TimesNet_model,,980.00,1020.00,No
2026-09-03,All Stores,All Products,14812.11,,total_sales_autoarima_model,,13233.13,16391.08,No
2026-09-03,All Stores,All Products,15116.59,,total_sales_autoets_model,,14082.62,16150.57,No
2026-09-03,All Stores,All Products,15301.60,,total_sales_seasonalnaive_model,,14239.67,16363.54,No
2026-08-27,All Stores,All Products,12200.25,,automobile_dealers_LGBM_model,,12114.85,12285.65,No
2026-08-27,All Stores,All Products,1000.00,,automobile_dealers_PatchTST_model,,980.00,1020.00,No
2026-08-27,All Stores,All Products,1000.00,,automobile_dealers_TimesNet_model,,980.00,1020.00,No
2026-08-27,All Stores,All Products,22106.76,,automobile_dealers_autoarima_model,,19750.18,24463.34,No
2026-08-27,All Stores,All Products,22561.20,,automobile_dealers_autoets_model,,21018.02,24104.39,No
2026-08-27,All Stores,All Products,22837.33,,automobile_dealers_seasonalnaive_model,,21252.42,24422.24,No
2026-08-27,All Stores,All Products,547.94,,building_material_and_garden_equipment_LGBM_model,,544.10,551.77,No
2026-08-27,All Stores,All Products,1000.00,,building_material_and_garden_equipment_PatchTST_model,,980.00,1020.00,No
2026-08-27,All Stores,All Products,1000.00,,building_material_and_garden_equipment_TimesNet_model,,980.00,1020.00,No
2026-08-27,All Stores,All Products,30949.47,,building_material_and_garden_equipment_autoarima_model,,27650.26,34248.68,No
2026-08-27,All Stores,All Products,31585.68,,building_material_and_garden_equipment_autoets_model,,29425.22,33746.14,No
2026-08-27,All Stores,All Products,31972.26,,building_material_and_garden_equipment_seasonalnaive_model,,29753.39,34191.14,No
2026-08-27,All Stores,All Products,5721.45,,clothing_and_clothing_accessories_stores_LGBM_model,,5681.40,5761.50,No
2026-08-27,All Stores,All Products,1000.00,,clothing_and_clothing_accessories_stores_PatchTST_model,,980.00,1020.00,No
2026-08-27,All Stores,All Products,1000.00,,clothing_and_clothing_accessories_stores_TimesNet_model,,980.00,1020.00,No
2026-08-27,All Stores,All Products,5305.62,,clothing_and_clothing_accessories_stores_autoarima_model,,4740.04,5871.20,No
2026-08-27,All Stores,All Products,5414.69,,clothing_and_clothing_accessories_stores_autoets_model,,5044.32,5785.05,No
2026-08-27,All Stores,All Products,5480.96,,clothing_and_clothing_accessories_stores_seasonalnaive_model,,5100.58,5861.34,No
2026-08-27,All Stores,All Products,37685.95,,electronics_and_appliance_stores_LGBM_model,,37422.15,37949.75,No
2026-08-27,All Stores,All Products,1000.00,,electronics_and_appliance_stores_PatchTST_model,,980.00,1020.00,No
2026-08-27,All Stores,All Products,1000.00,,electronics_and_appliance_stores_TimesNet_model,,980.00,1020.00,No
2026-08-27,All Stores,All Products,1768.54,,electronics_and_appliance_stores_autoarima_model,,1580.01,1957.07,No
2026-08-27,All Stores,All Products,1804.90,,electronics_and_appliance_stores_autoets_model,,1681.44,1928.35,No
2026-08-27,All Stores,All Products,1826.99,,electronics_and_appliance_stores_seasonalnaive_model,,1700.19,1953.78,No
2026-08-27,All Stores,All Products,7028.88,,food_and_beverage_stores_LGBM_model,,6979.67,7078.08,No
2026-08-27,All Stores,All Products,1000.00,,food_and_beverage_stores_PatchTST_model,,980.00,1020.00,No
2026-08-27,All Stores,All Products,1000.00,,food_and_beverage_stores_TimesNet_model,,980.00,1020.00,No
2026-08-27,All Stores,All Products,13264.06,,food_and_beverage_stores_autoarima_model,,11850.11,14678.01,No
2026-08-27,All Stores,All Products,13536.72,,food_and_beverage_stores_autoets_model,,12610.81,14462.63,No
2026-08-27,All Stores,All Products,13702.40,,food_and_beverage_stores_seasonalnaive_model,,12751.45,14653.35,No
2026-08-27,All Stores,All Products,567.78,,furniture_and_home_furnishings_stores_LGBM_model,,563.81,571.76,No
2026-08-27,All Stores,All Products,1000.00,,furniture_and_home_furnishings_stores_PatchTST_model,,980.00,1020.00,No
2026-08-27,All Stores,All Products,1000.00,,furniture_and_home_furnishings_stores_TimesNet_model,,980.00,1020.00,No
2026-08-27,All Stores,All Products,4421.35,,furniture_and_home_furnishings_stores_autoarima_model,,3950.04,4892.67,No
2026-08-27,All Stores,All Products,4512.24,,furniture_and_home_furnishings_stores_autoets_model,,4203.60,4820.88,No
2026-08-27,All Stores,All Products,4567.47,,furniture_and_home_furnishings_stores_seasonalnaive_model,,4250.48,4884.45,No
2026-08-27,All Stores,All Products,2245.64,,gasoline_stations_LGBM_model,,2229.92,2261.36,No
2026-08-27,All Stores,All Products,1000.00,,gasoline_stations_PatchTST_model,,980.00,1020.00,No
2026-08-27,All Stores,All Products,1000.00,,gasoline_stations_TimesNet_model,,980.00,1020.00,No
2026-08-27,All Stores,All Products,10611.25,,gasoline_stations_autoarima_model,,9480.09,11742.41,No
2026-08-27,All Stores,All Products,10829.38,,gasoline_stations_autoets_model,,10088.65,11570.11,No
2026-08-27,All Stores,All Products,10961.92,,gasoline_stations_seasonalnaive_model,,10201.16,11722.68,No
2026-08-27,All Stores,All Products,3653.72,,general_merchandise_stores_LGBM_model,,3628.14,3679.30,No
2026-08-27,All Stores,All Products,1000.00,,general_merchandise_stores_PatchTST_model,,980.00,1020.00,No
2026-08-27,All Stores,All Products,1000.00,,general_merchandise_stores_TimesNet_model,,980.00,1020.00,No
2026-08-27,All Stores,All Products,15916.87,,general_merchandise_stores_autoarima_model,,14220.13,17613.61,No
2026-08-27,All Stores,All Products,16244.07,,general_merchandise_stores_autoets_model,,15132.97,17355.16,No
2026-08-27,All Stores,All Products,16442.88,,general_merchandise_stores_seasonalnaive_model,,15301.74,17584.01,No
2026-08-27,All Stores,All Products,5316.54,,health_and_personal_care_stores_LGBM_model,,5279.33,5353.76,No
2026-08-27,All Stores,All Products,1000.00,,health_and_personal_care_stores_PatchTST_model,,980.00,1020.00,No
2026-08-27,All Stores,All Products,1000.00,,health_and_personal_care_stores_TimesNet_model,,980.00,1020.00,No
2026-08-27,All Stores,All Products,7074.16,,health_and_personal_care_stores_autoarima_model,,6320.06,7828.27,No
2026-08-27,All Stores,All Products,7219.58,,health_and_personal_care_stores_autoets_model,,6725.77,7713.40,No
2026-08-27,All Stores,All Products,7307.95,,health_and_personal_care_stores_seasonalnaive_model,,6800.77,7815.12,No
2026-08-27,All Stores,All Products,740.15,,sporting_goods_hobby_and_musical_instrument_stores_LGBM_model,,734.97,745.33,No
2026-08-27,All Stores,All Products,1000.00,,sporting_goods_hobby_and_musical_instrument_stores_PatchTST_model,,980.00,1020.00,No
2026-08-27,All Stores,All Products,1000.00,,sporting_goods_hobby_and_musical_instrument_stores_TimesNet_model,,980.00,1020.00,No
2026-08-27,All Stores,All Products,7958.43,,sporting_goods_hobby_and_musical_instrument_stores_autoarima_model,,7110.07,8806.80,No
2026-08-27,All Stores,All Products,8122.03,,sporting_goods_hobby_and_musical_instrument_stores_autoets_model,,7566.49,8677.58,No
2026-08-27,All Stores,All Products,8221.44,,sporting_goods_hobby_and_musical_instrument_stores_seasonalnaive_model,,7650.87,8792.01,No
2026-08-27,All Stores,All Products,24743.58,,total_sales_LGBM_model,,24570.37,24916.78,No
2026-08-27,All Stores,All Products,1000.00,,total_sales_PatchTST_model,,980.00,1020.00,No
2026-08-27,All Stores,All Products,1000.00,,total_sales_TimesNet_model,,980.00,1020.00,No
2026-08-27,All Stores,All Products,15032.60,,total_sales_autoarima_model,,13430.12,16635.07,No
2026-08-27,All Stores,All Products,15341.62,,total_sales_autoets_model,,14292.25,16390.98,No
2026-08-27,All Stores,All Products,15529.39,,total_sales_seasonalnaive_model,,14451.65,16607.12,No
2026-08-20,All Stores,All Products,12200.25,,automobile_dealers_LGBM_model,,12114.85,12285.65,No
2026-08-20,All Stores,All Products,1000.00,,automobile_dealers_PatchTST_model,,980.00,1020.00,No
2026-08-20,All Stores,All Products,1000.00,,automobile_dealers_TimesNet_model,,980.00,1020.00,No
2026-08-20,All Stores,All Products,22106.76,,automobile_dealers_autoarima_model,,19750.18,24463.34,No
2026-08-20,All Stores,All Products,22561.20,,automobile_dealers_autoets_model,,21018.02,24104.39,No
2026-08-20,All Stores,All Products,22837.33,,automobile_dealers_seasonalnaive_model,,21252.42,24422.24,No
2026-08-20,All Stores,All Products,547.94,,building_material_and_garden_equipment_LGBM_model,,544.10,551.77,No
2026-08-20,All Stores,All Products,1000.00,,building_material_and_garden_equipment_PatchTST_model,,980.00,1020.00,No
2026-08-20,All Stores,All Products,1000.00,,building_material_and_garden_equipment_TimesNet_model,,980.00,1020.00,No
2026-08-20,All Stores,All Products,30949.47,,building_material_and_garden_equipment_autoarima_model,,27650.26,34248.68,No
2026-08-20,All Stores,All Products,31585.68,,building_material_and_garden_equipment_autoets_model,,29425.22,33746.14,No
2026-08-20,All Stores,All Products,31972.26,,building_material_and_garden_equipment_seasonalnaive_model,,29753.39,34191.14,No
2026-08-20,All Stores,All Products,5721.45,,clothing_and_clothing_accessories_stores_LGBM_model,,5681.40,5761.50,No
2026-08-20,All Stores,All Products,1000.00,,clothing_and_clothing_accessories_stores_PatchTST_model,,980.00,1020.00,No
2026-08-20,All Stores,All Products,1000.00,,clothing_and_clothing_accessories_stores_TimesNet_model,,980.00,1020.00,No
2026-08-20,All Stores,All Products,5305.62,,clothing_and_clothing_accessories_stores_autoarima_model,,4740.04,5871.20,No
2026-08-20,All Stores,All Products,5414.69,,clothing_and_clothing_accessories_stores_autoets_model,,5044.32,5785.05,No
2026-08-20,All Stores,All Products,5480.96,,clothing_and_clothing_accessories_stores_seasonalnaive_model,,5100.58,5861.34,No
2026-08-20,All Stores,All Products,37685.95,,electronics_and_appliance_stores_LGBM_model,,37422.15,37949.75,No
2026-08-20,All Stores,All Products,1000.00,,electronics_and_appliance_stores_PatchTST_model,,980.00,1020.00,No
2026-08-20,All Stores,All Products,1000.00,,electronics_and_appliance_stores_TimesNet_model,,980.00,1020.00,No
2026-08-20,All Stores,All Products,1768.54,,electronics_and_appliance_stores_autoarima_model,,1580.01,1957.07,No
2026-08-20,All Stores,All Products,1804.90,,electronics_and_appliance_stores_autoets_model,,1681.44,1928.35,No
2026-08-20,All Stores,All Products,1826.99,,electronics_and_appliance_stores_seasonalnaive_model,,1700.19,1953.78,No
2026-08-20,All Stores,All Products,7028.88,,food_and_beverage_stores_LGBM_model,,6979.67,7078.08,No
2026-08-20,All Stores,All Products,1000.00,,food_and_beverage_stores_PatchTST_model,,980.00,1020.00,No
2026-08-20,All Stores,All Products,1000.00,,food_and_beverage_stores_TimesNet_model,,980.00,1020.00,No
2026-08-20,All Stores,All Products,13264.06,,food_and_beverage_stores_autoarima_model,,11850.11,14678.01,No
2026-08-20,All Stores,All Products,13536.72,,food_and_beverage_stores_autoets_model,,12610.81,14462.63,No
2026-08-20,All Stores,All Products,13702.40,,food_and_beverage_stores_seasonalnaive_model,,12751.45,14653.35,No
2026-08-20,All Stores,All Products,567.78,,furniture_and_home_furnishings_stores_LGBM_model,,563.81,571.76,No
2026-08-20,All Stores,All Products,1000.00,,furniture_and_home_furnishings_stores_PatchTST_model,,980.00,1020.00,No
2026-08-20,All Stores,All Products,1000.00,,furniture_and_home_furnishings_stores_TimesNet_model,,980.00,1020.00,No
2026-08-20,All Stores,All Products,4421.35,,furniture_and_home_furnishings_stores_autoarima_model,,3950.04,4892.67,No
2026-08-20,All Stores,All Products,4512.24,,furniture_and_home_furnishings_stores_autoets_model,,4203.60,4820.88,No
2026-08-20,All Stores,All Products,4567.47,,furniture_and_home_furnishings_stores_seasonalnaive_model,,4250.48,4884.45,No
2026-08-20,All Stores,All Products,2245.64,,gasoline_stations_LGBM_model,,2229.92,2261.36,No
2026-08-20,All Stores,All Products,1000.00,,gasoline_stations_PatchTST_model,,980.00,1020.00,No
2026-08-20,All Stores,All Products,1000.00,,gasoline_stations_TimesNet_model,,980.00,1020.00,No
2026-08-20,All Stores,All Products,10611.25,,gasoline_stations_autoarima_model,,9480.09,11742.41,No
2026-08-20,All Stores,All Products,10829.38,,gasoline_stations_autoets_model,,10088.65,11570.11,No
2026-08-20,All Stores,All Products,10961.92,,gasoline_stations_seasonalnaive_model,,10201.16,11722.68,No
2026-08-20,All Stores,All Products,3653.53,,general_merchandise_stores_LGBM_model,,3627.95,3679.10,No
2026-08-20,All Stores,All Products,1000.00,,general_merchandise_stores_PatchTST_model,,980.00,1020.00,No
2026-08-20,All Stores,All Products,1000.00,,general_merchandise_stores_TimesNet_model,,980.00,1020.00,No
2026-08-20,All Stores,All Products,15916.87,,general_merchandise_stores_autoarima_model,,14220.13,17613.61,No
2026-08-20,All Stores,All Products,16244.07,,general_merchandise_stores_autoets_model,,15132.97,17355.16,No
2026-08-20,All Stores,All Products,16442.88,,general_merchandise_stores_seasonalnaive_model,,15301.74,17584.01,No
2026-08-20,All Stores,All Products,5316.54,,health_and_personal_care_stores_LGBM_model,,5279.33,5353.76,No
2026-08-20,All Stores,All Products,1000.00,,health_and_personal_care_stores_PatchTST_model,,980.00,1020.00,No
2026-08-20,All Stores,All Products,1000.00,,health_and_personal_care_stores_TimesNet_model,,980.00,1020.00,No
2026-08-20,All Stores,All Products,7074.16,,health_and_personal_care_stores_autoarima_model,,6320.06,7828.27,No
2026-08-20,All Stores,All Products,7219.58,,health_and_personal_care_stores_autoets_model,,6725.77,7713.40,No
2026-08-20,All Stores,All Products,7307.95,,health_and_personal_care_stores_seasonalnaive_model,,6800.77,7815.12,No
2026-08-20,All Stores,All Products,740.15,,sporting_goods_hobby_and_musical_instrument_stores_LGBM_model,,734.97,745.33,No
2026-08-20,All Stores,All Products,1000.00,,sporting_goods_hobby_and_musical_instrument_stores_PatchTST_model,,980.00,1020.00,No
2026-08-20,All Stores,All Products,1000.00,,sporting_goods_hobby_and_musical_instrument_stores_TimesNet_model,,980.00,1020.00,No
2026-08-20,All Stores,All Products,7958.43,,sporting_goods_hobby_and_musical_instrument_stores_autoarima_model,,7110.07,8806.80,No
2026-08-20,All Stores,All Products,8122.03,,sporting_goods_hobby_and_musical_instrument_stores_autoets_model,,7566.49,8677.58,No
2026-08-20,All Stores,All Products,8221.44,,sporting_goods_hobby_and_musical_instrument_stores_seasonalnaive_model,,7650.87,8792.01,No
2026-08-20,All Stores,All Products,24743.58,,total_sales_LGBM_model,,24570.37,24916.78,No
2026-08-20,All Stores,All Products,1000.00,,total_sales_PatchTST_model,,980.00,1020.00,No
2026-08-20,All Stores,All Products,1000.00,,total_sales_TimesNet_model,,980.00,1020.00,No
2026-08-20,All Stores,All Products,15032.60,,total_sales_autoarima_model,,13430.12,16635.07,No
2026-08-20,All Stores,All Products,15341.62,,total_sales_autoets_model,,14292.25,16390.98,No
2026-08-20,All Stores,All Products,15529.39,,total_sales_seasonalnaive_model,,14451.65,16607.12,No
2026-08-13,All Stores,All Products,12200.25,,automobile_dealers_LGBM_model,,12114.85,12285.65,No
2026-08-13,All Stores,All Products,1000.00,,automobile_dealers_PatchTST_model,,980.00,1020.00,No
2026-08-13,All Stores,All Products,1000.00,,automobile_dealers_TimesNet_model,,980.00,1020.00,No
2026-08-13,All Stores,All Products,22106.76,,automobile_dealers_autoarima_model,,19750.18,24463.34,No
2026-08-13,All Stores,All Products,22561.20,,automobile_dealers_autoets_model,,21018.02,24104.39,No
2026-08-13,All Stores,All Products,22837.33,,automobile_dealers_seasonalnaive_model,,21252.42,24422.24,No
2026-08-13,All Stores,All Products,547.94,,building_material_and_garden_equipment_LGBM_model,,544.10,551.77,No
2026-08-13,All Stores,All Products,1000.00,,building_material_and_garden_equipment_PatchTST_model,,980.00,1020.00,No
2026-08-13,All Stores,All Products,1000.00,,building_material_and_garden_equipment_TimesNet_model,,980.00,1020.00,No
2026-08-13,All Stores,All Products,30949.47,,building_material_and_garden_equipment_autoarima_model,,27650.26,34248.68,No
2026-08-13,All Stores,All Products,31585.68,,building_material_and_garden_equipment_autoets_model,,29425.22,33746.14,No
2026-08-13,All Stores,All Products,31972.26,,building_material_and_garden_equipment_seasonalnaive_model,,29753.39,34191.14,No
2026-08-13,All Stores,All Products,5721.45,,clothing_and_clothing_accessories_stores_LGBM_model,,5681.40,5761.50,No
2026-08-13,All Stores,All Products,1000.00,,clothing_and_clothing_accessories_stores_PatchTST_model,,980.00,1020.00,No
2026-08-13,All Stores,All Products,1000.00,,clothing_and_clothing_accessories_stores_TimesNet_model,,980.00,1020.00,No
2026-08-13,All Stores,All Products,5305.62,,clothing_and_clothing_accessories_stores_autoarima_model,,4740.04,5871.20,No
2026-08-13,All Stores,All Products,5414.69,,clothing_and_clothing_accessories_stores_autoets_model,,5044.32,5785.05,No
2026-08-13,All Stores,All Products,5480.96,,clothing_and_clothing_accessories_stores_seasonalnaive_model,,5100.58,5861.34,No
2026-08-13,All Stores,All Products,37685.95,,electronics_and_appliance_stores_LGBM_model,,37422.15,37949.75,No
2026-08-13,All Stores,All Products,1000.00,,electronics_and_appliance_stores_PatchTST_model,,980.00,1020.00,No
2026-08-13,All Stores,All Products,1000.00,,electronics_and_appliance_stores_TimesNet_model,,980.00,1020.00,No
2026-08-13,All Stores,All Products,1768.54,,electronics_and_appliance_stores_autoarima_model,,1580.01,1957.07,No
2026-08-13,All Stores,All Products,1804.90,,electronics_and_appliance_stores_autoets_model,,1681.44,1928.35,No
2026-08-13,All Stores,All Products,1826.99,,electronics_and_appliance_stores_seasonalnaive_model,,1700.19,1953.78,No
2026-08-13,All Stores,All Products,7028.88,,food_and_beverage_stores_LGBM_model,,6979.67,7078.08,No
2026-08-13,All Stores,All Products,1000.00,,food_and_beverage_stores_PatchTST_model,,980.00,1020.00,No
2026-08-13,All Stores,All Products,1000.00,,food_and_beverage_stores_TimesNet_model,,980.00,1020.00,No
2026-08-13,All Stores,All Products,13264.06,,food_and_beverage_stores_autoarima_model,,11850.11,14678.01,No
2026-08-13,All Stores,All Products,13536.72,,food_and_beverage_stores_autoets_model,,12610.81,14462.63,No
2026-08-13,All Stores,All Products,13702.40,,food_and_beverage_stores_seasonalnaive_model,,12751.45,14653.35,No
2026-08-13,All Stores,All Products,567.76,,furniture_and_home_furnishings_stores_LGBM_model,,563.79,571.74,No
2026-08-13,All Stores,All Products,1000.00,,furniture_and_home_furnishings_stores_PatchTST_model,,980.00,1020.00,No
2026-08-13,All Stores,All Products,1000.00,,furniture_and_home_furnishings_stores_TimesNet_model,,980.00,1020.00,No
2026-08-13,All Stores,All Products,4421.35,,furniture_and_home_furnishings_stores_autoarima_model,,3950.04,4892.67,No
2026-08-13,All Stores,All Products,4512.24,,furniture_and_home_furnishings_stores_autoets_model,,4203.60,4820.88,No
2026-08-13,All Stores,All Products,4567.47,,furniture_and_home_furnishings_stores_seasonalnaive_model,,4250.48,4884.45,No
2026-08-13,All Stores,All Products,2245.64,,gasoline_stations_LGBM_model,,2229.92,2261.36,No
2026-08-13,All Stores,All Products,1000.00,,gasoline_stations_PatchTST_model,,980.00,1020.00,No
2026-08-13,All Stores,All Products,1000.00,,gasoline_stations_TimesNet_model,,980.00,1020.00,No
2026-08-13,All Stores,All Products,10611.25,,gasoline_stations_autoarima_model,,9480.09,11742.41,No
2026-08-13,All Stores,All Products,10829.38,,gasoline_stations_autoets_model,,10088.65,11570.11,No
2026-08-13,All Stores,All Products,10961.92,,gasoline_stations_seasonalnaive_model,,10201.16,11722.68,No
2026-08-13,All Stores,All Products,3653.53,,general_merchandise_stores_LGBM_model,,3627.95,3679.10,No
2026-08-13,All Stores,All Products,1000.00,,general_merchandise_stores_PatchTST_model,,980.00,1020.00,No
2026-08-13,All Stores,All Products,1000.00,,general_merchandise_stores_TimesNet_model,,980.00,1020.00,No
2026-08-13,All Stores,All Products,15916.87,,general_merchandise_stores_autoarima_model,,14220.13,17613.61,No
2026-08-13,All Stores,All Products,16244.07,,general_merchandise_stores_autoets_model,,15132.97,17355.16,No
2026-08-13,All Stores,All Products,16442.88,,general_merchandise_stores_seasonalnaive_model,,15301.74,17584.01,No
2026-08-13,All Stores,All Products,5316.54,,health_and_personal_care_stores_LGBM_model,,5279.33,5353.76,No
2026-08-13,All Stores,All Products,1000.00,,health_and_personal_care_stores_PatchTST_model,,980.00,1020.00,No
2026-08-13,All Stores,All Products,1000.00,,health_and_personal_care_stores_TimesNet_model,,980.00,1020.00,No
2026-08-13,All Stores,All Products,7074.16,,health_and_personal_care_stores_autoarima_model,,6320.06,7828.27,No
2026-08-13,All Stores,All Products,7219.58,,health_and_personal_care_stores_autoets_model,,6725.77,7713.40,No
2026-08-13,All Stores,All Products,7307.95,,health_and_personal_care_stores_seasonalnaive_model,,6800.77,7815.12,No
2026-08-13,All Stores,All Products,740.15,,sporting_goods_hobby_and_musical_instrument_stores_LGBM_model,,734.97,745.33,No
2026-08-13,All Stores,All Products,1000.00,,sporting_goods_hobby_and_musical_instrument_stores_PatchTST_model,,980.00,1020.00,No
2026-08-13,All Stores,All Products,1000.00,,sporting_goods_hobby_and_musical_instrument_stores_TimesNet_model,,980.00,1020.00,No
2026-08-13,All Stores,All Products,7958.43,,sporting_goods_hobby_and_musical_instrument_stores_autoarima_model,,7110.07,8806.80,No
2026-08-13,All Stores,All Products,8122.03,,sporting_goods_hobby_and_musical_instrument_stores_autoets_model,,7566.49,8677.58,No
2026-08-13,All Stores,All Products,8221.44,,sporting_goods_hobby_and_musical_instrument_stores_seasonalnaive_model,,7650.87,8792.01,No
2026-08-13,All Stores,All Products,24762.14,,total_sales_LGBM_model,,24588.81,24935.48,No
2026-08-13,All Stores,All Products,1000.00,,total_sales_PatchTST_model,,980.00,1020.00,No
2026-08-13,All Stores,All Products,1000.00,,total_sales_TimesNet_model,,980.00,1020.00,No
2026-08-13,All Stores,All Products,15032.60,,total_sales_autoarima_model,,13430.12,16635.07,No
2026-08-13,All Stores,All Products,15341.62,,total_sales_autoets_model,,14292.25,16390.98,No
2026-08-13,All Stores,All Products,15529.39,,total_sales_seasonalnaive_model,,14451.65,16607.12,No
2026-08-06,All Stores,All Products,12200.25,,automobile_dealers_LGBM_model,,12114.85,12285.65,No
2026-08-06,All Stores,All Products,1000.00,,automobile_dealers_PatchTST_model,,980.00,1020.00,No
2026-08-06,All Stores,All Products,1000.00,,automobile_dealers_TimesNet_model,,980.00,1020.00,No
2026-08-06,All Stores,All Products,22106.76,,automobile_dealers_autoarima_model,,19750.18,24463.34,No
2026-08-06,All Stores,All Products,22561.20,,automobile_dealers_autoets_model,,21018.02,24104.39,No
2026-08-06,All Stores,All Products,22837.33,,automobile_dealers_seasonalnaive_model,,21252.42,24422.24,No
2026-08-06,All Stores,All Products,547.94,,building_material_and_garden_equipment_LGBM_model,,544.10,551.77,No
2026-08-06,All Stores,All Products,1000.00,,building_material_and_garden_equipment_PatchTST_model,,980.00,1020.00,No
2026-08-06,All Stores,All Products,1000.00,,building_material_and_garden_equipment_TimesNet_model,,980.00,1020.00,No
2026-08-06,All Stores,All Products,30949.47,,building_material_and_garden_equipment_autoarima_model,,27650.26,34248.68,No
2026-08-06,All Stores,All Products,31585.68,,building_material_and_garden_equipment_autoets_model,,29425.22,33746.14,No
2026-08-06,All Stores,All Products,31972.26,,building_material_and_garden_equipment_seasonalnaive_model,,29753.39,34191.14,No
2026-08-06,All Stores,All Products,5721.45,,clothing_and_clothing_accessories_stores_LGBM_model,,5681.40,5761.50,No
2026-08-06,All Stores,All Products,1000.00,,clothing_and_clothing_accessories_stores_PatchTST_model,,980.00,1020.00,No
2026-08-06,All Stores,All Products,1000.00,,clothing_and_clothing_accessories_stores_TimesNet_model,,980.00,1020.00,No
2026-08-06,All Stores,All Products,5305.62,,clothing_and_clothing_accessories_stores_autoarima_model,,4740.04,5871.20,No
2026-08-06,All Stores,All Products,5414.69,,clothing_and_clothing_accessories_stores_autoets_model,,5044.32,5785.05,No
2026-08-06,All Stores,All Products,5480.96,,clothing_and_clothing_accessories_stores_seasonalnaive_model,,5100.58,5861.34,No
2026-08-06,All Stores,All Products,37685.95,,electronics_and_appliance_stores_LGBM_model,,37422.15,37949.75,No
2026-08-06,All Stores,All Products,1000.00,,electronics_and_appliance_stores_PatchTST_model,,980.00,1020.00,No
2026-08-06,All Stores,All Products,1000.00,,electronics_and_appliance_stores_TimesNet_model,,980.00,1020.00,No
2026-08-06,All Stores,All Products,1768.54,,electronics_and_appliance_stores_autoarima_model,,1580.01,1957.07,No
2026-08-06,All Stores,All Products,1804.90,,electronics_and_appliance_stores_autoets_model,,1681.44,1928.35,No
2026-08-06,All Stores,All Products,1826.99,,electronics_and_appliance_stores_seasonalnaive_model,,1700.19,1953.78,No
2026-08-06,All Stores,All Products,7028.88,,food_and_beverage_stores_LGBM_model,,6979.67,7078.08,No
2026-08-06,All Stores,All Products,1000.00,,food_and_beverage_stores_PatchTST_model,,980.00,1020.00,No
2026-08-06,All Stores,All Products,1000.00,,food_and_beverage_stores_TimesNet_model,,980.00,1020.00,No
2026-08-06,All Stores,All Products,13264.06,,food_and_beverage_stores_autoarima_model,,11850.11,14678.01,No
2026-08-06,All Stores,All Products,13536.72,,food_and_beverage_stores_autoets_model,,12610.81,14462.63,No
2026-08-06,All Stores,All Products,13702.40,,food_and_beverage_stores_seasonalnaive_model,,12751.45,14653.35,No
2026-08-06,All Stores,All Products,567.88,,furniture_and_home_furnishings_stores_LGBM_model,,563.90,571.85,No
2026-08-06,All Stores,All Products,1000.00,,furniture_and_home_furnishings_stores_PatchTST_model,,980.00,1020.00,No
2026-08-06,All Stores,All Products,1000.00,,furniture_and_home_furnishings_stores_TimesNet_model,,980.00,1020.00,No
2026-08-06,All Stores,All Products,4421.35,,furniture_and_home_furnishings_stores_autoarima_model,,3950.04,4892.67,No
2026-08-06,All Stores,All Products,4512.24,,furniture_and_home_furnishings_stores_autoets_model,,4203.60,4820.88,No
2026-08-06,All Stores,All Products,4567.47,,furniture_and_home_furnishings_stores_seasonalnaive_model,,4250.48,4884.45,No
2026-08-06,All Stores,All Products,2245.64,,gasoline_stations_LGBM_model,,2229.92,2261.36,No
2026-08-06,All Stores,All Products,1000.00,,gasoline_stations_PatchTST_model,,980.00,1020.00,No
2026-08-06,All Stores,All Products,1000.00,,gasoline_stations_TimesNet_model,,980.00,1020.00,No
2026-08-06,All Stores,All Products,10611.25,,gasoline_stations_autoarima_model,,9480.09,11742.41,No
2026-08-06,All Stores,All Products,10829.38,,gasoline_stations_autoets_model,,10088.65,11570.11,No
2026-08-06,All Stores,All Products,10961.92,,gasoline_stations_seasonalnaive_model,,10201.16,11722.68,No
2026-08-06,All Stores,All Products,3653.53,,general_merchandise_stores_LGBM_model,,3627.95,3679.10,No
2026-08-06,All Stores,All Products,1000.00,,general_merchandise_stores_PatchTST_model,,980.00,1020.00,No
2026-08-06,All Stores,All Products,1000.00,,general_merchandise_stores_TimesNet_model,,980.00,1020.00,No
2026-08-06,All Stores,All Products,15916.87,,general_merchandise_stores_autoarima_model,,14220.13,17613.61,No
2026-08-06,All Stores,All Products,16244.07,,general_merchandise_stores_autoets_model,,15132.97,17355.16,No
2026-08-06,All Stores,All Products,16442.88,,general_merchandise_stores_seasonalnaive_model,,15301.74,17584.01,No
2026-08-06,All Stores,All Products,5316.54,,health_and_personal_care_stores_LGBM_model,,5279.33,5353.76,No
2026-08-06,All Stores,All Products,1000.00,,health_and_personal_care_stores_PatchTST_model,,980.00,1020.00,No
2026-08-06,All Stores,All Products,1000.00,,health_and_personal_care_stores_TimesNet_model,,980.00,1020.00,No
2026-08-06,All Stores,All Products,7074.16,,health_and_personal_care_stores_autoarima_model,,6320.06,7828.27,No
2026-08-06,All Stores,All Products,7219.58,,health_and_personal_care_stores_autoets_model,,6725.77,7713.40,No
2026-08-06,All Stores,All Products,7307.95,,health_and_personal_care_stores_seasonalnaive_model,,6800.77,7815.12,No
2026-08-06,All Stores,All Products,739.95,,sporting_goods_hobby_and_musical_instrument_stores_LGBM_model,,734.77,745.13,No
2026-08-06,All Stores,All Products,1000.00,,sporting_goods_hobby_and_musical_instrument_stores_PatchTST_model,,980.00,1020.00,No
2026-08-06,All Stores,All Products,1000.00,,sporting_goods_hobby_and_musical_instrument_stores_TimesNet_model,,980.00,1020.00,No
2026-08-06,All Stores,All Products,7958.43,,sporting_goods_hobby_and_musical_instrument_stores_autoarima_model,,7110.07,8806.80,No
2026-08-06,All Stores,All Products,8122.03,,sporting_goods_hobby_and_musical_instrument_stores_autoets_model,,7566.49,8677.58,No
2026-08-06,All Stores,All Products,8221.44,,sporting_goods_hobby_and_musical_instrument_stores_seasonalnaive_model,,7650.87,8792.01,No
2026-08-06,All Stores,All Products,24762.14,,total_sales_LGBM_model,,24588.81,24935.48,No
2026-08-06,All Stores,All Products,1000.00,,total_sales_PatchTST_model,,980.00,1020.00,No
2026-08-06,All Stores,All Products,1000.00,,total_sales_TimesNet_model,,980.00,1020.00,No
2026-08-06,All Stores,All Products,15032.60,,total_sales_autoarima_model,,13430.12,16635.07,No
2026-08-06,All Stores,All Products,15341.62,,total_sales_autoets_model,,14292.25,16390.98,No
2026-08-06,All Stores,All Products,15529.39,,total_sales_seasonalnaive_model,,14451.65,16607.12,No
2026-07-30,All Stores,All Products,12337.39,,automobile_dealers_LGBM_model,,12251.03,12423.76,No
2026-07-30,All Stores,All Products,1000.00,,automobile_dealers_PatchTST_model,,980.00,1020.00,No
2026-07-30,All Stores,All Products,1000.00,,automobile_dealers_TimesNet_model,,980.00,1020.00,No
2026-07-30,All Stores,All Products,22992.65,,automobile_dealers_autoarima_model,,20541.63,25443.66,No
2026-07-30,All Stores,All Products,23465.30,,automobile_dealers_autoets_model,,21860.27,25070.32,No
2026-07-30,All Stores,All Products,23752.49,,automobile_dealers_seasonalnaive_model,,22104.07,25400.91,No
2026-07-30,All Stores,All Products,547.94,,building_material_and_garden_equipment_LGBM_model,,544.10,551.77,No
2026-07-30,All Stores,All Products,1000.00,,building_material_and_garden_equipment_PatchTST_model,,980.00,1020.00,No
2026-07-30,All Stores,All Products,1000.00,,building_material_and_garden_equipment_TimesNet_model,,980.00,1020.00,No
2026-07-30,All Stores,All Products,32189.71,,building_material_and_garden_equipment_autoarima_model,,28758.28,35621.13,No
2026-07-30,All Stores,All Products,32851.42,,building_material_and_garden_equipment_autoets_model,,30604.38,35098.45,No
2026-07-30,All Stores,All Products,33253.49,,building_material_and_garden_equipment_seasonalnaive_model,,30945.70,35561.28,No
2026-07-30,All Stores,All Products,5732.70,,clothing_and_clothing_accessories_stores_LGBM_model,,5692.57,5772.83,No
2026-07-30,All Stores,All Products,1000.00,,clothing_and_clothing_accessories_stores_PatchTST_model,,980.00,1020.00,No
2026-07-30,All Stores,All Products,1000.00,,clothing_and_clothing_accessories_stores_TimesNet_model,,980.00,1020.00,No
2026-07-30,All Stores,All Products,5518.24,,clothing_and_clothing_accessories_stores_autoarima_model,,4929.99,6106.48,No
2026-07-30,All Stores,All Products,5631.67,,clothing_and_clothing_accessories_stores_autoets_model,,5246.46,6016.88,No
2026-07-30,All Stores,All Products,5700.60,,clothing_and_clothing_accessories_stores_seasonalnaive_model,,5304.98,6096.22,No
2026-07-30,All Stores,All Products,38293.87,,electronics_and_appliance_stores_LGBM_model,,38025.81,38561.93,No
2026-07-30,All Stores,All Products,1000.00,,electronics_and_appliance_stores_PatchTST_model,,980.00,1020.00,No
2026-07-30,All Stores,All Products,1000.00,,electronics_and_appliance_stores_TimesNet_model,,980.00,1020.00,No
2026-07-30,All Stores,All Products,1839.41,,electronics_and_appliance_stores_autoarima_model,,1643.33,2035.49,No
2026-07-30,All Stores,All Products,1877.22,,electronics_and_appliance_stores_autoets_model,,1748.82,2005.63,No
2026-07-30,All Stores,All Products,1900.20,,electronics_and_appliance_stores_seasonalnaive_model,,1768.33,2032.07,No
2026-07-30,All Stores,All Products,7174.11,,food_and_beverage_stores_LGBM_model,,7123.89,7224.33,No
2026-07-30,All Stores,All Products,1000.00,,food_and_beverage_stores_PatchTST_model,,980.00,1020.00,No
2026-07-30,All Stores,All Products,1000.00,,food_and_beverage_stores_TimesNet_model,,980.00,1020.00,No
2026-07-30,All Stores,All Products,13795.59,,food_and_beverage_stores_autoarima_model,,12324.98,15266.20,No
2026-07-30,All Stores,All Products,14079.18,,food_and_beverage_stores_autoets_model,,13116.16,15042.19,No
2026-07-30,All Stores,All Products,14251.49,,food_and_beverage_stores_seasonalnaive_model,,13262.44,15240.55,No
2026-07-30,All Stores,All Products,567.88,,furniture_and_home_furnishings_stores_LGBM_model,,563.90,571.85,No
2026-07-30,All Stores,All Products,1000.00,,furniture_and_home_furnishings_stores_PatchTST_model,,980.00,1020.00,No
2026-07-30,All Stores,All Products,1000.00,,furniture_and_home_furnishings_stores_TimesNet_model,,980.00,1020.00,No
2026-07-30,All Stores,All Products,4598.53,,furniture_and_home_furnishings_stores_autoarima_model,,4108.33,5088.73,No
2026-07-30,All Stores,All Products,4693.06,,furniture_and_home_furnishings_stores_autoets_model,,4372.05,5014.06,No
2026-07-30,All Stores,All Products,4750.50,,furniture_and_home_furnishings_stores_seasonalnaive_model,,4420.81,5080.18,No
2026-07-30,All Stores,All Products,2282.54,,gasoline_stations_LGBM_model,,2266.56,2298.52,No
2026-07-30,All Stores,All Products,1000.00,,gasoline_stations_PatchTST_model,,980.00,1020.00,No
2026-07-30,All Stores,All Products,1000.00,,gasoline_stations_TimesNet_model,,980.00,1020.00,No
2026-07-30,All Stores,All Products,11036.47,,gasoline_stations_autoarima_model,,9859.98,12212.96,No
2026-07-30,All Stores,All Products,11263.34,,gasoline_stations_autoets_model,,10492.93,12033.76,No
2026-07-30,All Stores,All Products,11401.20,,gasoline_stations_seasonalnaive_model,,10609.95,12192.44,No
2026-07-30,All Stores,All Products,3653.30,,general_merchandise_stores_LGBM_model,,3627.73,3678.87,No
2026-07-30,All Stores,All Products,1000.00,,general_merchandise_stores_PatchTST_model,,980.00,1020.00,No
2026-07-30,All Stores,All Products,1000.00,,general_merchandise_stores_TimesNet_model,,980.00,1020.00,No
2026-07-30,All Stores,All Products,16554.71,,general_merchandise_stores_autoarima_model,,14789.97,18319.44,No
2026-07-30,All Stores,All Products,16895.01,,general_merchandise_stores_autoets_model,,15739.39,18050.63,No
2026-07-30,All Stores,All Products,17101.79,,general_merchandise_stores_seasonalnaive_model,,15914.93,18288.66,No
2026-07-30,All Stores,All Products,5318.94,,health_and_personal_care_stores_LGBM_model,,5281.71,5356.17,No
2026-07-30,All Stores,All Products,1000.00,,health_and_personal_care_stores_PatchTST_model,,980.00,1020.00,No
2026-07-30,All Stores,All Products,1000.00,,health_and_personal_care_stores_TimesNet_model,,980.00,1020.00,No
2026-07-30,All Stores,All Products,7357.65,,health_and_personal_care_stores_autoarima_model,,6573.32,8141.97,No
2026-07-30,All Stores,All Products,7508.89,,health_and_personal_care_stores_autoets_model,,6995.29,8022.50,No
2026-07-30,All Stores,All Products,7600.80,,health_and_personal_care_stores_seasonalnaive_model,,7073.30,8128.29,No
2026-07-30,All Stores,All Products,739.95,,sporting_goods_hobby_and_musical_instrument_stores_LGBM_model,,734.77,745.13,No
2026-07-30,All Stores,All Products,1000.00,,sporting_goods_hobby_and_musical_instrument_stores_PatchTST_model,,980.00,1020.00,No
2026-07-30,All Stores,All Products,1000.00,,sporting_goods_hobby_and_musical_instrument_stores_TimesNet_model,,980.00,1020.00,No
2026-07-30,All Stores,All Products,8277.35,,sporting_goods_hobby_and_musical_instrument_stores_autoarima_model,,7394.99,9159.72,No
2026-07-30,All Stores,All Products,8447.51,,sporting_goods_hobby_and_musical_instrument_stores_autoets_model,,7869.70,9025.32,No
2026-07-30,All Stores,All Products,8550.90,,sporting_goods_hobby_and_musical_instrument_stores_seasonalnaive_model,,7957.46,9144.33,No
2026-07-30,All Stores,All Products,25072.17,,total_sales_LGBM_model,,24896.66,25247.67,No
2026-07-30,All Stores,All Products,1000.00,,total_sales_PatchTST_model,,980.00,1020.00,No
2026-07-30,All Stores,All Products,1000.00,,total_sales_TimesNet_model,,980.00,1020.00,No
2026-07-30,All Stores,All Products,15635.00,,total_sales_autoarima_model,,13968.31,17301.69,No
2026-07-30,All Stores,All Products,15956.40,,total_sales_autoets_model,,14864.98,17047.82,No
2026-07-30,All Stores,All Products,16151.69,,total_sales_seasonalnaive_model,,15030.77,17272.62,No
2026-07-23,All Stores,All Products,12342.10,,automobile_dealers_LGBM_model,,12255.70,12428.49,No
2026-07-23,All Stores,All Products,1000.00,,automobile_dealers_PatchTST_model,,980.00,1020.00,No
2026-07-23,All Stores,All Products,1000.00,,automobile_dealers_TimesNet_model,,980.00,1020.00,No
2026-07-23,All Stores,All Products,22992.65,,automobile_dealers_autoarima_model,,20541.63,25443.66,No
2026-07-23,All Stores,All Products,23465.30,,automobile_dealers_autoets_model,,21860.27,25070.32,No
2026-07-23,All Stores,All Products,23752.49,,automobile_dealers_seasonalnaive_model,,22104.07,25400.91,No
2026-07-23,All Stores,All Products,547.94,,building_material_and_garden_equipment_LGBM_model,,544.10,551.77,No
2026-07-23,All Stores,All Products,1000.00,,building_material_and_garden_equipment_PatchTST_model,,980.00,1020.00,No
2026-07-23,All Stores,All Products,1000.00,,building_material_and_garden_equipment_TimesNet_model,,980.00,1020.00,No
2026-07-23,All Stores,All Products,32189.71,,building_material_and_garden_equipment_autoarima_model,,28758.28,35621.13,No
2026-07-23,All Stores,All Products,32851.42,,building_material_and_garden_equipment_autoets_model,,30604.38,35098.45,No
2026-07-23,All Stores,All Products,33253.49,,building_material_and_garden_equipment_seasonalnaive_model,,30945.70,35561.28,No
2026-07-23,All Stores,All Products,5738.89,,clothing_and_clothing_accessories_stores_LGBM_model,,5698.71,5779.06,No
2026-07-23,All Stores,All Products,1000.00,,clothing_and_clothing_accessories_stores_PatchTST_model,,980.00,1020.00,No
2026-07-23,All Stores,All Products,1000.00,,clothing_and_clothing_accessories_stores_TimesNet_model,,980.00,1020.00,No
2026-07-23,All Stores,All Products,5518.24,,clothing_and_clothing_accessories_stores_autoarima_model,,4929.99,6106.48,No
2026-07-23,All Stores,All Products,5631.67,,clothing_and_clothing_accessories_stores_autoets_model,,5246.46,6016.88,No
2026-07-23,All Stores,All Products,5700.60,,clothing_and_clothing_accessories_stores_seasonalnaive_model,,5304.98,6096.22,No
2026-07-23,All Stores,All Products,38293.87,,electronics_and_appliance_stores_LGBM_model,,38025.81,38561.93,No
2026-07-23,All Stores,All Products,1000.00,,electronics_and_appliance_stores_PatchTST_model,,980.00,1020.00,No
2026-07-23,All Stores,All Products,1000.00,,electronics_and_appliance_stores_TimesNet_model,,980.00,1020.00,No
2026-07-23,All Stores,All Products,1839.41,,electronics_and_appliance_stores_autoarima_model,,1643.33,2035.49,No
2026-07-23,All Stores,All Products,1877.22,,electronics_and_appliance_stores_autoets_model,,1748.82,2005.63,No
2026-07-23,All Stores,All Products,1900.20,,electronics_and_appliance_stores_seasonalnaive_model,,1768.33,2032.07,No
2026-07-23,All Stores,All Products,7174.11,,food_and_beverage_stores_LGBM_model,,7123.89,7224.33,No
2026-07-23,All Stores,All Products,1000.00,,food_and_beverage_stores_PatchTST_model,,980.00,1020.00,No
2026-07-23,All Stores,All Products,1000.00,,food_and_beverage_stores_TimesNet_model,,980.00,1020.00,No
2026-07-23,All Stores,All Products,13795.59,,food_and_beverage_stores_autoarima_model,,12324.98,15266.20,No
2026-07-23,All Stores,All Products,14079.18,,food_and_beverage_stores_autoets_model,,13116.16,15042.19,No
2026-07-23,All Stores,All Products,14251.49,,food_and_beverage_stores_seasonalnaive_model,,13262.44,15240.55,No
2026-07-23,All Stores,All Products,566.96,,furniture_and_home_furnishings_stores_LGBM_model,,562.99,570.93,No
2026-07-23,All Stores,All Products,1000.00,,furniture_and_home_furnishings_stores_PatchTST_model,,980.00,1020.00,No
2026-07-23,All Stores,All Products,1000.00,,furniture_and_home_furnishings_stores_TimesNet_model,,980.00,1020.00,No
2026-07-23,All Stores,All Products,4598.53,,furniture_and_home_furnishings_stores_autoarima_model,,4108.33,5088.73,No
2026-07-23,All Stores,All Products,4693.06,,furniture_and_home_furnishings_stores_autoets_model,,4372.05,5014.06,No
2026-07-23,All Stores,All Products,4750.50,,furniture_and_home_furnishings_stores_seasonalnaive_model,,4420.81,5080.18,No
2026-07-23,All Stores,All Products,2282.54,,gasoline_stations_LGBM_model,,2266.56,2298.52,No
2026-07-23,All Stores,All Products,1000.00,,gasoline_stations_PatchTST_model,,980.00,1020.00,No
2026-07-23,All Stores,All Products,1000.00,,gasoline_stations_TimesNet_model,,980.00,1020.00,No
2026-07-23,All Stores,All Products,11036.47,,gasoline_stations_autoarima_model,,9859.98,12212.96,No
2026-07-23,All Stores,All Products,11263.34,,gasoline_stations_autoets_model,,10492.93,12033.76,No
2026-07-23,All Stores,All Products,11401.20,,gasoline_stations_seasonalnaive_model,,10609.95,12192.44,No
2026-07-23,All Stores,All Products,3653.30,,general_merchandise_stores_LGBM_model,,3627.73,3678.87,No
2026-07-23,All Stores,All Products,1000.00,,general_merchandise_stores_PatchTST_model,,980.00,1020.00,No
2026-07-23,All Stores,All Products,1000.00,,general_merchandise_stores_TimesNet_model,,980.00,1020.00,No
2026-07-23,All Stores,All Products,16554.71,,general_merchandise_stores_autoarima_model,,14789.97,18319.44,No
2026-07-23,All Stores,All Products,16895.01,,general_merchandise_stores_autoets_model,,15739.39,18050.63,No
2026-07-23,All Stores,All Products,17101.79,,general_merchandise_stores_seasonalnaive_model,,15914.93,18288.66,No
2026-07-23,All Stores,All Products,5318.94,,health_and_personal_care_stores_LGBM_model,,5281.71,5356.17,No
2026-07-23,All Stores,All Products,1000.00,,health_and_personal_care_stores_PatchTST_model,,980.00,1020.00,No
2026-07-23,All Stores,All Products,1000.00,,health_and_personal_care_stores_TimesNet_model,,980.00,1020.00,No
2026-07-23,All Stores,All Products,7357.65,,health_and_personal_care_stores_autoarima_model,,6573.32,8141.97,No
2026-07-23,All Stores,All Products,7508.89,,health_and_personal_care_stores_autoets_model,,6995.29,8022.50,No
2026-07-23,All Stores,All Products,7600.80,,health_and_personal_care_stores_seasonalnaive_model,,7073.30,8128.29,No
2026-07-23,All Stores,All Products,739.95,,sporting_goods_hobby_and_musical_instrument_stores_LGBM_model,,734.77,745.13,No
2026-07-23,All Stores,All Products,1000.00,,sporting_goods_hobby_and_musical_instrument_stores_PatchTST_model,,980.00,1020.00,No
2026-07-23,All Stores,All Products,1000.00,,sporting_goods_hobby_and_musical_instrument_stores_TimesNet_model,,980.00,1020.00,No
2026-07-23,All Stores,All Products,8277.35,,sporting_goods_hobby_and_musical_instrument_stores_autoarima_model,,7394.99,9159.72,No
2026-07-23,All Stores,All Products,8447.51,,sporting_goods_hobby_and_musical_instrument_stores_autoets_model,,7869.70,9025.32,No
2026-07-23,All Stores,All Products,8550.90,,sporting_goods_hobby_and_musical_instrument_stores_seasonalnaive_model,,7957.46,9144.33,No
2026-07-23,All Stores,All Products,25072.17,,total_sales_LGBM_model,,24896.66,25247.67,No
2026-07-23,All Stores,All Products,1000.00,,total_sales_PatchTST_model,,980.00,1020.00,No
2026-07-23,All Stores,All Products,1000.00,,total_sales_TimesNet_model,,980.00,1020.00,No
2026-07-23,All Stores,All Products,15635.00,,total_sales_autoarima_model,,13968.31,17301.69,No
2026-07-23,All Stores,All Products,15956.40,,total_sales_autoets_model,,14864.98,17047.82,No
2026-07-23,All Stores,All Products,16151.69,,total_sales_seasonalnaive_model,,15030.77,17272.62,No
2026-07-16,All Stores,All Products,12342.10,,automobile_dealers_LGBM_model,,12255.70,12428.49,No
2026-07-16,All Stores,All Products,1000.00,,automobile_dealers_PatchTST_model,,980.00,1020.00,No
2026-07-16,All Stores,All Products,1000.00,,automobile_dealers_TimesNet_model,,980.00,1020.00,No
2026-07-16,All Stores,All Products,22992.65,,automobile_dealers_autoarima_model,,20541.63,25443.66,No
2026-07-16,All Stores,All Products,23465.30,,automobile_dealers_autoets_model,,21860.27,25070.32,No
2026-07-16,All Stores,All Products,23752.49,,automobile_dealers_seasonalnaive_model,,22104.07,25400.91,No
2026-07-16,All Stores,All Products,547.94,,building_material_and_garden_equipment_LGBM_model,,544.10,551.77,No
2026-07-16,All Stores,All Products,1000.00,,building_material_and_garden_equipment_PatchTST_model,,980.00,1020.00,No
2026-07-16,All Stores,All Products,1000.00,,building_material_and_garden_equipment_TimesNet_model,,980.00,1020.00,No
2026-07-16,All Stores,All Products,32189.71,,building_material_and_garden_equipment_autoarima_model,,28758.28,35621.13,No
2026-07-16,All Stores,All Products,32851.42,,building_material_and_garden_equipment_autoets_model,,30604.38,35098.45,No
2026-07-16,All Stores,All Products,33253.49,,building_material_and_garden_equipment_seasonalnaive_model,,30945.70,35561.28,No
2026-07-16,All Stores,All Products,5738.89,,clothing_and_clothing_accessories_stores_LGBM_model,,5698.71,5779.06,No
2026-07-16,All Stores,All Products,1000.00,,clothing_and_clothing_accessories_stores_PatchTST_model,,980.00,1020.00,No
2026-07-16,All Stores,All Products,1000.00,,clothing_and_clothing_accessories_stores_TimesNet_model,,980.00,1020.00,No
2026-07-16,All Stores,All Products,5518.24,,clothing_and_clothing_accessories_stores_autoarima_model,,4929.99,6106.48,No
2026-07-16,All Stores,All Products,5631.67,,clothing_and_clothing_accessories_stores_autoets_model,,5246.46,6016.88,No
2026-07-16,All Stores,All Products,5700.60,,clothing_and_clothing_accessories_stores_seasonalnaive_model,,5304.98,6096.22,No
2026-07-16,All Stores,All Products,38293.87,,electronics_and_appliance_stores_LGBM_model,,38025.81,38561.93,No
2026-07-16,All Stores,All Products,1000.00,,electronics_and_appliance_stores_PatchTST_model,,980.00,1020.00,No
2026-07-16,All Stores,All Products,1000.00,,electronics_and_appliance_stores_TimesNet_model,,980.00,1020.00,No
2026-07-16,All Stores,All Products,1839.41,,electronics_and_appliance_stores_autoarima_model,,1643.33,2035.49,No
2026-07-16,All Stores,All Products,1877.22,,electronics_and_appliance_stores_autoets_model,,1748.82,2005.63,No
2026-07-16,All Stores,All Products,1900.20,,electronics_and_appliance_stores_seasonalnaive_model,,1768.33,2032.07,No
2026-07-16,All Stores,All Products,7174.11,,food_and_beverage_stores_LGBM_model,,7123.89,7224.33,No
2026-07-16,All Stores,All Products,1000.00,,food_and_beverage_stores_PatchTST_model,,980.00,1020.00,No
2026-07-16,All Stores,All Products,1000.00,,food_and_beverage_stores_TimesNet_model,,980.00,1020.00,No
2026-07-16,All Stores,All Products,13795.59,,food_and_beverage_stores_autoarima_model,,12324.98,15266.20,No
2026-07-16,All Stores,All Products,14079.18,,food_and_beverage_stores_autoets_model,,13116.16,15042.19,No
2026-07-16,All Stores,All Products,14251.49,,food_and_beverage_stores_seasonalnaive_model,,13262.44,15240.55,No
2026-07-16,All Stores,All Products,566.81,,furniture_and_home_furnishings_stores_LGBM_model,,562.84,570.78,No
2026-07-16,All Stores,All Products,1000.00,,furniture_and_home_furnishings_stores_PatchTST_model,,980.00,1020.00,No
2026-07-16,All Stores,All Products,1000.00,,furniture_and_home_furnishings_stores_TimesNet_model,,980.00,1020.00,No
2026-07-16,All Stores,All Products,4598.53,,furniture_and_home_furnishings_stores_autoarima_model,,4108.33,5088.73,No
2026-07-16,All Stores,All Products,4693.06,,furniture_and_home_furnishings_stores_autoets_model,,4372.05,5014.06,No
2026-07-16,All Stores,All Products,4750.50,,furniture_and_home_furnishings_stores_seasonalnaive_model,,4420.81,5080.18,No
2026-07-16,All Stores,All Products,2282.54,,gasoline_stations_LGBM_model,,2266.56,2298.52,No
2026-07-16,All Stores,All Products,1000.00,,gasoline_stations_PatchTST_model,,980.00,1020.00,No
2026-07-16,All Stores,All Products,1000.00,,gasoline_stations_TimesNet_model,,980.00,1020.00,No
2026-07-16,All Stores,All Products,11036.47,,gasoline_stations_autoarima_model,,9859.98,12212.96,No
2026-07-16,All Stores,All Products,11263.34,,gasoline_stations_autoets_model,,10492.93,12033.76,No
2026-07-16,All Stores,All Products,11401.20,,gasoline_stations_seasonalnaive_model,,10609.95,12192.44,No
2026-07-16,All Stores,All Products,3653.30,,general_merchandise_stores_LGBM_model,,3627.73,3678.87,No
2026-07-16,All Stores,All Products,1000.00,,general_merchandise_stores_PatchTST_model,,980.00,1020.00,No
2026-07-16,All Stores,All Products,1000.00,,general_merchandise_stores_TimesNet_model,,980.00,1020.00,No
2026-07-16,All Stores,All Products,16554.71,,general_merchandise_stores_autoarima_model,,14789.97,18319.44,No
2026-07-16,All Stores,All Products,16895.01,,general_merchandise_stores_autoets_model,,15739.39,18050.63,No
2026-07-16,All Stores,All Products,17101.79,,general_merchandise_stores_seasonalnaive_model,,15914.93,18288.66,No
2026-07-16,All Stores,All Products,5318.94,,health_and_personal_care_stores_LGBM_model,,5281.71,5356.17,No
2026-07-16,All Stores,All Products,1000.00,,health_and_personal_care_stores_PatchTST_model,,980.00,1020.00,No
2026-07-16,All Stores,All Products,1000.00,,health_and_personal_care_stores_TimesNet_model,,980.00,1020.00,No
2026-07-16,All Stores,All Products,7357.65,,health_and_personal_care_stores_autoarima_model,,6573.32,8141.97,No
2026-07-16,All Stores,All Products,7508.89,,health_and_personal_care_stores_autoets_model,,6995.29,8022.50,No
2026-07-16,All Stores,All Products,7600.80,,health_and_personal_care_stores_seasonalnaive_model,,7073.30,8128.29,No
2026-07-16,All Stores,All Products,739.95,,sporting_goods_hobby_and_musical_instrument_stores_LGBM_model,,734.77,745.13,No
2026-07-16,All Stores,All Products,1000.00,,sporting_goods_hobby_and_musical_instrument_stores_PatchTST_model,,980.00,1020.00,No
2026-07-16,All Stores,All Products,1000.00,,sporting_goods_hobby_and_musical_instrument_stores_TimesNet_model,,980.00,1020.00,No
2026-07-16,All Stores,All Products,8277.35,,sporting_goods_hobby_and_musical_instrument_stores_autoarima_model,,7394.99,9159.72,No
2026-07-16,All Stores,All Products,8447.51,,sporting_goods_hobby_and_musical_instrument_stores_autoets_model,,7869.70,9025.32,No
2026-07-16,All Stores,All Products,8550.90,,sporting_goods_hobby_and_musical_instrument_stores_seasonalnaive_model,,7957.46,9144.33,No
2026-07-16,All Stores,All Products,25072.17,,total_sales_LGBM_model,,24896.66,25247.67,No
2026-07-16,All Stores,All Products,1000.00,,total_sales_PatchTST_model,,980.00,1020.00,No
2026-07-16,All Stores,All Products,1000.00,,total_sales_TimesNet_model,,980.00,1020.00,No
2026-07-16,All Stores,All Products,15635.00,,total_sales_autoarima_model,,13968.31,17301.69,No
2026-07-16,All Stores,All Products,15956.40,,total_sales_autoets_model,,14864.98,17047.82,No
2026-07-16,All Stores,All Products,16151.69,,total_sales_seasonalnaive_model,,15030.77,17272.62,No
2026-07-09,All Stores,All Products,12342.10,,automobile_dealers_LGBM_model,,12255.70,12428.49,No
2026-07-09,All Stores,All Products,1000.00,,automobile_dealers_PatchTST_model,,980.00,1020.00,No
2026-07-09,All Stores,All Products,1000.00,,automobile_dealers_TimesNet_model,,980.00,1020.00,No
2026-07-09,All Stores,All Products,22992.65,,automobile_dealers_autoarima_model,,20541.63,25443.66,No
2026-07-09,All Stores,All Products,23465.30,,automobile_dealers_autoets_model,,21860.27,25070.32,No
2026-07-09,All Stores,All Products,23752.49,,automobile_dealers_seasonalnaive_model,,22104.07,25400.91,No
2026-07-09,All Stores,All Products,547.94,,building_material_and_garden_equipment_LGBM_model,,544.10,551.77,No
2026-07-09,All Stores,All Products,1000.00,,building_material_and_garden_equipment_PatchTST_model,,980.00,1020.00,No
2026-07-09,All Stores,All Products,1000.00,,building_material_and_garden_equipment_TimesNet_model,,980.00,1020.00,No
2026-07-09,All Stores,All Products,32189.71,,building_material_and_garden_equipment_autoarima_model,,28758.28,35621.13,No
2026-07-09,All Stores,All Products,32851.42,,building_material_and_garden_equipment_autoets_model,,30604.38,35098.45,No
2026-07-09,All Stores,All Products,33253.49,,building_material_and_garden_equipment_seasonalnaive_model,,30945.70,35561.28,No
2026-07-09,All Stores,All Products,5738.89,,clothing_and_clothing_accessories_stores_LGBM_model,,5698.71,5779.06,No
2026-07-09,All Stores,All Products,1000.00,,clothing_and_clothing_accessories_stores_PatchTST_model,,980.00,1020.00,No
2026-07-09,All Stores,All Products,1000.00,,clothing_and_clothing_accessories_stores_TimesNet_model,,980.00,1020.00,No
2026-07-09,All Stores,All Products,5518.24,,clothing_and_clothing_accessories_stores_autoarima_model,,4929.99,6106.48,No
2026-07-09,All Stores,All Products,5631.67,,clothing_and_clothing_accessories_stores_autoets_model,,5246.46,6016.88,No
2026-07-09,All Stores,All Products,5700.60,,clothing_and_clothing_accessories_stores_seasonalnaive_model,,5304.98,6096.22,No
2026-07-09,All Stores,All Products,38293.87,,electronics_and_appliance_stores_LGBM_model,,38025.81,38561.93,No
2026-07-09,All Stores,All Products,1000.00,,electronics_and_appliance_stores_PatchTST_model,,980.00,1020.00,No
2026-07-09,All Stores,All Products,1000.00,,electronics_and_appliance_stores_TimesNet_model,,980.00,1020.00,No
2026-07-09,All Stores,All Products,1839.41,,electronics_and_appliance_stores_autoarima_model,,1643.33,2035.49,No
2026-07-09,All Stores,All Products,1877.22,,electronics_and_appliance_stores_autoets_model,,1748.82,2005.63,No
2026-07-09,All Stores,All Products,1900.20,,electronics_and_appliance_stores_seasonalnaive_model,,1768.33,2032.07,No
2026-07-09,All Stores,All Products,7174.11,,food_and_beverage_stores_LGBM_model,,7123.89,7224.33,No
2026-07-09,All Stores,All Products,1000.00,,food_and_beverage_stores_PatchTST_model,,980.00,1020.00,No
2026-07-09,All Stores,All Products,1000.00,,food_and_beverage_stores_TimesNet_model,,980.00,1020.00,No
2026-07-09,All Stores,All Products,13795.59,,food_and_beverage_stores_autoarima_model,,12324.98,15266.20,No
2026-07-09,All Stores,All Products,14079.18,,food_and_beverage_stores_autoets_model,,13116.16,15042.19,No
2026-07-09,All Stores,All Products,14251.49,,food_and_beverage_stores_seasonalnaive_model,,13262.44,15240.55,No
2026-07-09,All Stores,All Products,566.81,,furniture_and_home_furnishings_stores_LGBM_model,,562.84,570.78,No
2026-07-09,All Stores,All Products,1000.00,,furniture_and_home_furnishings_stores_PatchTST_model,,980.00,1020.00,No
2026-07-09,All Stores,All Products,1000.00,,furniture_and_home_furnishings_stores_TimesNet_model,,980.00,1020.00,No
2026-07-09,All Stores,All Products,4598.53,,furniture_and_home_furnishings_stores_autoarima_model,,4108.33,5088.73,No
2026-07-09,All Stores,All Products,4693.06,,furniture_and_home_furnishings_stores_autoets_model,,4372.05,5014.06,No
2026-07-09,All Stores,All Products,4750.50,,furniture_and_home_furnishings_stores_seasonalnaive_model,,4420.81,5080.18,No
2026-07-09,All Stores,All Products,2282.54,,gasoline_stations_LGBM_model,,2266.56,2298.52,No
2026-07-09,All Stores,All Products,1000.00,,gasoline_stations_PatchTST_model,,980.00,1020.00,No
2026-07-09,All Stores,All Products,1000.00,,gasoline_stations_TimesNet_model,,980.00,1020.00,No
2026-07-09,All Stores,All Products,11036.47,,gasoline_stations_autoarima_model,,9859.98,12212.96,No
2026-07-09,All Stores,All Products,11263.34,,gasoline_stations_autoets_model,,10492.93,12033.76,No
2026-07-09,All Stores,All Products,11401.20,,gasoline_stations_seasonalnaive_model,,10609.95,12192.44,No
2026-07-09,All Stores,All Products,3653.49,,general_merchandise_stores_LGBM_model,,3627.92,3679.07,No
2026-07-09,All Stores,All Products,1000.00,,general_merchandise_stores_PatchTST_model,,980.00,1020.00,No
2026-07-09,All Stores,All Products,1000.00,,general_merchandise_stores_TimesNet_model,,980.00,1020.00,No
2026-07-09,All Stores,All Products,16554.71,,general_merchandise_stores_autoarima_model,,14789.97,18319.44,No
2026-07-09,All Stores,All Products,16895.01,,general_merchandise_stores_autoets_model,,15739.39,18050.63,No
2026-07-09,All Stores,All Products,17101.79,,general_merchandise_stores_seasonalnaive_model,,15914.93,18288.66,No
2026-07-09,All Stores,All Products,5318.94,,health_and_personal_care_stores_LGBM_model,,5281.71,5356.17,No
2026-07-09,All Stores,All Products,1000.00,,health_and_personal_care_stores_PatchTST_model,,980.00,1020.00,No
2026-07-09,All Stores,All Products,1000.00,,health_and_personal_care_stores_TimesNet_model,,980.00,1020.00,No
2026-07-09,All Stores,All Products,7357.65,,health_and_personal_care_stores_autoarima_model,,6573.32,8141.97,No
2026-07-09,All Stores,All Products,7508.89,,health_and_personal_care_stores_autoets_model,,6995.29,8022.50,No
2026-07-09,All Stores,All Products,7600.80,,health_and_personal_care_stores_seasonalnaive_model,,7073.30,8128.29,No
2026-07-09,All Stores,All Products,739.95,,sporting_goods_hobby_and_musical_instrument_stores_LGBM_model,,734.77,745.13,No
2026-07-09,All Stores,All Products,1000.00,,sporting_goods_hobby_and_musical_instrument_stores_PatchTST_model,,980.00,1020.00,No
2026-07-09,All Stores,All Products,1000.00,,sporting_goods_hobby_and_musical_instrument_stores_TimesNet_model,,980.00,1020.00,No
2026-07-09,All Stores,All Products,8277.35,,sporting_goods_hobby_and_musical_instrument_stores_autoarima_model,,7394.99,9159.72,No
2026-07-09,All Stores,All Products,8447.51,,sporting_goods_hobby_and_musical_instrument_stores_autoets_model,,7869.70,9025.32,No
2026-07-09,All Stores,All Products,8550.90,,sporting_goods_hobby_and_musical_instrument_stores_seasonalnaive_model,,7957.46,9144.33,No
2026-07-09,All Stores,All Products,25072.17,,total_sales_LGBM_model,,24896.66,25247.67,No
2026-07-09,All Stores,All Products,1000.00,,total_sales_PatchTST_model,,980.00,1020.00,No
2026-07-09,All Stores,All Products,1000.00,,total_sales_TimesNet_model,,980.00,1020.00,No
2026-07-09,All Stores,All Products,15635.00,,total_sales_autoarima_model,,13968.31,17301.69,No
2026-07-09,All Stores,All Products,15956.40,,total_sales_autoets_model,,14864.98,17047.82,No
2026-07-09,All Stores,All Products,16151.69,,total_sales_seasonalnaive_model,,15030.77,17272.62,No
2026-07-02,All Stores,All Products,12342.10,,automobile_dealers_LGBM_model,,12255.70,12428.49,No
2026-07-02,All Stores,All Products,1000.00,,automobile_dealers_PatchTST_model,,980.00,1020.00,No
2026-07-02,All Stores,All Products,1000.00,,automobile_dealers_TimesNet_model,,980.00,1020.00,No
2026-07-02,All Stores,All Products,22992.65,,automobile_dealers_autoarima_model,,20541.63,25443.66,No
2026-07-02,All Stores,All Products,23465.30,,automobile_dealers_autoets_model,,21860.27,25070.32,No
2026-07-02,All Stores,All Products,23752.49,,automobile_dealers_seasonalnaive_model,,22104.07,25400.91,No
2026-07-02,All Stores,All Products,548.16,,building_material_and_garden_equipment_LGBM_model,,544.33,552.00,No
2026-07-02,All Stores,All Products,1000.00,,building_material_and_garden_equipment_PatchTST_model,,980.00,1020.00,No
2026-07-02,All Stores,All Products,1000.00,,building_material_and_garden_equipment_TimesNet_model,,980.00,1020.00,No
2026-07-02,All Stores,All Products,32189.71,,building_material_and_garden_equipment_autoarima_model,,28758.28,35621.13,No
2026-07-02,All Stores,All Products,32851.42,,building_material_and_garden_equipment_autoets_model,,30604.38,35098.45,No
2026-07-02,All Stores,All Products,33253.49,,building_material_and_garden_equipment_seasonalnaive_model,,30945.70,35561.28,No
2026-07-02,All Stores,All Products,5738.89,,clothing_and_clothing_accessories_stores_LGBM_model,,5698.71,5779.06,No
2026-07-02,All Stores,All Products,1000.00,,clothing_and_clothing_accessories_stores_PatchTST_model,,980.00,1020.00,No
2026-07-02,All Stores,All Products,1000.00,,clothing_and_clothing_accessories_stores_TimesNet_model,,980.00,1020.00,No
2026-07-02,All Stores,All Products,5518.24,,clothing_and_clothing_accessories_stores_autoarima_model,,4929.99,6106.48,No
2026-07-02,All Stores,All Products,5631.67,,clothing_and_clothing_accessories_stores_autoets_model,,5246.46,6016.88,No
2026-07-02,All Stores,All Products,5700.60,,clothing_and_clothing_accessories_stores_seasonalnaive_model,,5304.98,6096.22,No
2026-07-02,All Stores,All Products,38293.87,,electronics_and_appliance_stores_LGBM_model,,38025.81,38561.93,No
2026-07-02,All Stores,All Products,1000.00,,electronics_and_appliance_stores_PatchTST_model,,980.00,1020.00,No
2026-07-02,All Stores,All Products,1000.00,,electronics_and_appliance_stores_TimesNet_model,,980.00,1020.00,No
2026-07-02,All Stores,All Products,1839.41,,electronics_and_appliance_stores_autoarima_model,,1643.33,2035.49,No
2026-07-02,All Stores,All Products,1877.22,,electronics_and_appliance_stores_autoets_model,,1748.82,2005.63,No
2026-07-02,All Stores,All Products,1900.20,,electronics_and_appliance_stores_seasonalnaive_model,,1768.33,2032.07,No
2026-07-02,All Stores,All Products,7174.11,,food_and_beverage_stores_LGBM_model,,7123.89,7224.33,No
2026-07-02,All Stores,All Products,1000.00,,food_and_beverage_stores_PatchTST_model,,980.00,1020.00,No
2026-07-02,All Stores,All Products,1000.00,,food_and_beverage_stores_TimesNet_model,,980.00,1020.00,No
2026-07-02,All Stores,All Products,13795.59,,food_and_beverage_stores_autoarima_model,,12324.98,15266.20,No
2026-07-02,All Stores,All Products,14079.18,,food_and_beverage_stores_autoets_model,,13116.16,15042.19,No
2026-07-02,All Stores,All Products,14251.49,,food_and_beverage_stores_seasonalnaive_model,,13262.44,15240.55,No
2026-07-02,All Stores,All Products,566.26,,furniture_and_home_furnishings_stores_LGBM_model,,562.30,570.23,No
2026-07-02,All Stores,All Products,1000.00,,furniture_and_home_furnishings_stores_PatchTST_model,,980.00,1020.00,No
2026-07-02,All Stores,All Products,1000.00,,furniture_and_home_furnishings_stores_TimesNet_model,,980.00,1020.00,No
2026-07-02,All Stores,All Products,4598.53,,furniture_and_home_furnishings_stores_autoarima_model,,4108.33,5088.73,No
2026-07-02,All Stores,All Products,4693.06,,furniture_and_home_furnishings_stores_autoets_model,,4372.05,5014.06,No
2026-07-02,All Stores,All Products,4750.50,,furniture_and_home_furnishings_stores_seasonalnaive_model,,4420.81,5080.18,No
2026-07-02,All Stores,All Products,2282.97,,gasoline_stations_LGBM_model,,2266.99,2298.95,No
2026-07-02,All Stores,All Products,1000.00,,gasoline_stations_PatchTST_model,,980.00,1020.00,No
2026-07-02,All Stores,All Products,1000.00,,gasoline_stations_TimesNet_model,,980.00,1020.00,No
2026-07-02,All Stores,All Products,11036.47,,gasoline_stations_autoarima_model,,9859.98,12212.96,No
2026-07-02,All Stores,All Products,11263.34,,gasoline_stations_autoets_model,,10492.93,12033.76,No
2026-07-02,All Stores,All Products,11401.20,,gasoline_stations_seasonalnaive_model,,10609.95,12192.44,No
2026-07-02,All Stores,All Products,3653.49,,general_merchandise_stores_LGBM_model,,3627.92,3679.07,No
2026-07-02,All Stores,All Products,1000.00,,general_merchandise_stores_PatchTST_model,,980.00,1020.00,No
2026-07-02,All Stores,All Products,1000.00,,general_merchandise_stores_TimesNet_model,,980.00,1020.00,No
2026-07-02,All Stores,All Products,16554.71,,general_merchandise_stores_autoarima_model,,14789.97,18319.44,No
2026-07-02,All Stores,All Products,16895.01,,general_merchandise_stores_autoets_model,,15739.39,18050.63,No
2026-07-02,All Stores,All Products,17101.79,,general_merchandise_stores_seasonalnaive_model,,15914.93,18288.66,No
2026-07-02,All Stores,All Products,5318.94,,health_and_personal_care_stores_LGBM_model,,5281.71,5356.17,No
2026-07-02,All Stores,All Products,1000.00,,health_and_personal_care_stores_PatchTST_model,,980.00,1020.00,No
2026-07-02,All Stores,All Products,1000.00,,health_and_personal_care_stores_TimesNet_model,,980.00,1020.00,No
2026-07-02,All Stores,All Products,7357.65,,health_and_personal_care_stores_autoarima_model,,6573.32,8141.97,No
2026-07-02,All Stores,All Products,7508.89,,health_and_personal_care_stores_autoets_model,,6995.29,8022.50,No
2026-07-02,All Stores,All Products,7600.80,,health_and_personal_care_stores_seasonalnaive_model,,7073.30,8128.29,No
2026-07-02,All Stores,All Products,740.11,,sporting_goods_hobby_and_musical_instrument_stores_LGBM_model,,734.93,745.29,No
2026-07-02,All Stores,All Products,1000.00,,sporting_goods_hobby_and_musical_instrument_stores_PatchTST_model,,980.00,1020.00,No
2026-07-02,All Stores,All Products,1000.00,,sporting_goods_hobby_and_musical_instrument_stores_TimesNet_model,,980.00,1020.00,No
2026-07-02,All Stores,All Products,8277.35,,sporting_goods_hobby_and_musical_instrument_stores_autoarima_model,,7394.99,9159.72,No
2026-07-02,All Stores,All Products,8447.51,,sporting_goods_hobby_and_musical_instrument_stores_autoets_model,,7869.70,9025.32,No
2026-07-02,All Stores,All Products,8550.90,,sporting_goods_hobby_and_musical_instrument_stores_seasonalnaive_model,,7957.46,9144.33,No
2026-07-02,All Stores,All Products,25072.17,,total_sales_LGBM_model,,24896.66,25247.67,No
2026-07-02,All Stores,All Products,1000.00,,total_sales_PatchTST_model,,980.00,1020.00,No
2026-07-02,All Stores,All Products,1000.00,,total_sales_TimesNet_model,,980.00,1020.00,No
2026-07-02,All Stores,All Products,15635.00,,total_sales_autoarima_model,,13968.31,17301.69,No
2026-07-02,All Stores,All Products,15956.40,,total_sales_autoets_model,,14864.98,17047.82,No
2026-07-02,All Stores,All Products,16151.69,,total_sales_seasonalnaive_model,,15030.77,17272.62,No
2026-06-25,All Stores,All Products,12380.11,,automobile_dealers_LGBM_model,,12293.45,12466.77,No
2026-06-25,All Stores,All Products,1000.00,,automobile_dealers_PatchTST_model,,980.00,1020.00,No
2026-06-25,All Stores,All Products,1000.00,,automobile_dealers_TimesNet_model,,980.00,1020.00,No
2026-06-25,All Stores,All Products,24202.79,,automobile_dealers_autoarima_model,,21622.77,26782.80,No
2026-06-25,All Stores,All Products,24700.31,,automobile_dealers_autoets_model,,23010.81,26389.81,No
2026-06-25,All Stores,All Products,25002.62,,automobile_dealers_seasonalnaive_model,,23267.44,26737.80,No
2026-06-25,All Stores,All Products,548.34,,building_material_and_garden_equipment_LGBM_model,,544.50,552.18,No
2026-06-25,All Stores,All Products,1000.00,,building_material_and_garden_equipment_PatchTST_model,,980.00,1020.00,No
2026-06-25,All Stores,All Products,1000.00,,building_material_and_garden_equipment_TimesNet_model,,980.00,1020.00,No
2026-06-25,All Stores,All Products,33883.90,,building_material_and_garden_equipment_autoarima_model,,30271.88,37495.92,No
2026-06-25,All Stores,All Products,34580.44,,building_material_and_garden_equipment_autoets_model,,32215.14,36945.74,No
2026-06-25,All Stores,All Products,35003.67,,building_material_and_garden_equipment_seasonalnaive_model,,32574.42,37432.93,No
2026-06-25,All Stores,All Products,5790.89,,clothing_and_clothing_accessories_stores_LGBM_model,,5750.36,5831.43,No
2026-06-25,All Stores,All Products,1000.00,,clothing_and_clothing_accessories_stores_PatchTST_model,,980.00,1020.00,No
2026-06-25,All Stores,All Products,1000.00,,clothing_and_clothing_accessories_stores_TimesNet_model,,980.00,1020.00,No
2026-06-25,All Stores,All Products,5808.67,,clothing_and_clothing_accessories_stores_autoarima_model,,5189.46,6427.87,No
2026-06-25,All Stores,All Products,5928.07,,clothing_and_clothing_accessories_stores_autoets_model,,5522.59,6333.56,No
2026-06-25,All Stores,All Products,6000.63,,clothing_and_clothing_accessories_stores_seasonalnaive_model,,5584.19,6417.07,No
2026-06-25,All Stores,All Products,38858.66,,electronics_and_appliance_stores_LGBM_model,,38586.65,39130.67,No
2026-06-25,All Stores,All Products,1000.00,,electronics_and_appliance_stores_PatchTST_model,,980.00,1020.00,No
2026-06-25,All Stores,All Products,1000.00,,electronics_and_appliance_stores_TimesNet_model,,980.00,1020.00,No
2026-06-25,All Stores,All Products,1936.22,,electronics_and_appliance_stores_autoarima_model,,1729.82,2142.62,No
2026-06-25,All Stores,All Products,1976.02,,electronics_and_appliance_stores_autoets_model,,1840.86,2111.19,No
2026-06-25,All Stores,All Products,2000.21,,electronics_and_appliance_stores_seasonalnaive_model,,1861.40,2139.02,No
2026-06-25,All Stores,All Products,7198.81,,food_and_beverage_stores_LGBM_model,,7148.42,7249.21,No
2026-06-25,All Stores,All Products,1000.00,,food_and_beverage_stores_PatchTST_model,,980.00,1020.00,No
2026-06-25,All Stores,All Products,1000.00,,food_and_beverage_stores_TimesNet_model,,980.00,1020.00,No
2026-06-25,All Stores,All Products,14521.67,,food_and_beverage_stores_autoarima_model,,12973.66,16069.68,No
2026-06-25,All Stores,All Products,14820.19,,food_and_beverage_stores_autoets_model,,13806.49,15833.89,No
2026-06-25,All Stores,All Products,15001.57,,food_and_beverage_stores_seasonalnaive_model,,13960.46,16042.68,No
2026-06-25,All Stores,All Products,564.93,,furniture_and_home_furnishings_stores_LGBM_model,,560.97,568.88,No
2026-06-25,All Stores,All Products,1000.00,,furniture_and_home_furnishings_stores_PatchTST_model,,980.00,1020.00,No
2026-06-25,All Stores,All Products,1000.00,,furniture_and_home_furnishings_stores_TimesNet_model,,980.00,1020.00,No
2026-06-25,All Stores,All Products,4840.56,,furniture_and_home_furnishings_stores_autoarima_model,,4324.55,5356.56,No
2026-06-25,All Stores,All Products,4940.06,,furniture_and_home_furnishings_stores_autoets_model,,4602.16,5277.96,No
2026-06-25,All Stores,All Products,5000.52,,furniture_and_home_furnishings_stores_seasonalnaive_model,,4653.49,5347.56,No
2026-06-25,All Stores,All Products,2299.30,,gasoline_stations_LGBM_model,,2283.20,2315.39,No
2026-06-25,All Stores,All Products,1000.00,,gasoline_stations_PatchTST_model,,980.00,1020.00,No
2026-06-25,All Stores,All Products,1000.00,,gasoline_stations_TimesNet_model,,980.00,1020.00,No
2026-06-25,All Stores,All Products,11617.34,,gasoline_stations_autoarima_model,,10378.93,12855.75,No
2026-06-25,All Stores,All Products,11856.15,,gasoline_stations_autoets_model,,11045.19,12667.11,No
2026-06-25,All Stores,All Products,12001.26,,gasoline_stations_seasonalnaive_model,,11168.37,12834.15,No
2026-06-25,All Stores,All Products,3653.27,,general_merchandise_stores_LGBM_model,,3627.70,3678.85,No
2026-06-25,All Stores,All Products,1000.00,,general_merchandise_stores_PatchTST_model,,980.00,1020.00,No
2026-06-25,All Stores,All Products,1000.00,,general_merchandise_stores_TimesNet_model,,980.00,1020.00,No
2026-06-25,All Stores,All Products,17426.01,,general_merchandise_stores_autoarima_model,,15568.39,19283.62,No
2026-06-25,All Stores,All Products,17784.22,,general_merchandise_stores_autoets_model,,16567.78,19000.67,No
2026-06-25,All Stores,All Products,18001.89,,general_merchandise_stores_seasonalnaive_model,,16752.56,19251.22,No
2026-06-25,All Stores,All Products,5314.42,,health_and_personal_care_stores_LGBM_model,,5277.22,5351.62,No
2026-06-25,All Stores,All Products,1000.00,,health_and_personal_care_stores_PatchTST_model,,980.00,1020.00,No
2026-06-25,All Stores,All Products,1000.00,,health_and_personal_care_stores_TimesNet_model,,980.00,1020.00,No
2026-06-25,All Stores,All Products,7744.89,,health_and_personal_care_stores_autoarima_model,,6919.29,8570.50,No
2026-06-25,All Stores,All Products,7904.10,,health_and_personal_care_stores_autoets_model,,7363.46,8444.74,No
2026-06-25,All Stores,All Products,8000.84,,health_and_personal_care_stores_seasonalnaive_model,,7445.58,8556.10,No
2026-06-25,All Stores,All Products,740.30,,sporting_goods_hobby_and_musical_instrument_stores_LGBM_model,,735.12,745.48,No
2026-06-25,All Stores,All Products,1000.00,,sporting_goods_hobby_and_musical_instrument_stores_PatchTST_model,,980.00,1020.00,No
2026-06-25,All Stores,All Products,1000.00,,sporting_goods_hobby_and_musical_instrument_stores_TimesNet_model,,980.00,1020.00,No
2026-06-25,All Stores,All Products,8713.00,,sporting_goods_hobby_and_musical_instrument_stores_autoarima_model,,7784.20,9641.81,No
2026-06-25,All Stores,All Products,8892.11,,sporting_goods_hobby_and_musical_instrument_stores_autoets_model,,8283.89,9500.33,No
2026-06-25,All Stores,All Products,9000.94,,sporting_goods_hobby_and_musical_instrument_stores_seasonalnaive_model,,8376.28,9625.61,No
2026-06-25,All Stores,All Products,25184.07,,total_sales_LGBM_model,,25007.78,25360.36,No
2026-06-25,All Stores,All Products,1000.00,,total_sales_PatchTST_model,,980.00,1020.00,No
2026-06-25,All Stores,All Products,1000.00,,total_sales_TimesNet_model,,980.00,1020.00,No
2026-06-25,All Stores,All Products,16457.89,,total_sales_autoarima_model,,14703.48,18212.31,No
2026-06-25,All Stores,All Products,16796.21,,total_sales_autoets_model,,15647.35,17945.07,No
2026-06-25,All Stores,All Products,17001.78,,total_sales_seasonalnaive_model,,15821.86,18181.71,No
2026-06-18,All Stores,All Products,12380.11,,automobile_dealers_LGBM_model,,12293.45,12466.77,No
2026-06-18,All Stores,All Products,1000.00,,automobile_dealers_PatchTST_model,,980.00,1020.00,No
2026-06-18,All Stores,All Products,1000.00,,automobile_dealers_TimesNet_model,,980.00,1020.00,No
2026-06-18,All Stores,All Products,24202.79,,automobile_dealers_autoarima_model,,21622.77,26782.80,No
2026-06-18,All Stores,All Products,24700.31,,automobile_dealers_autoets_model,,23010.81,26389.81,No
2026-06-18,All Stores,All Products,25002.62,,automobile_dealers_seasonalnaive_model,,23267.44,26737.80,No
2026-06-18,All Stores,All Products,548.34,,building_material_and_garden_equipment_LGBM_model,,544.50,552.18,No
2026-06-18,All Stores,All Products,1000.00,,building_material_and_garden_equipment_PatchTST_model,,980.00,1020.00,No
2026-06-18,All Stores,All Products,1000.00,,building_material_and_garden_equipment_TimesNet_model,,980.00,1020.00,No
2026-06-18,All Stores,All Products,33883.90,,building_material_and_garden_equipment_autoarima_model,,30271.88,37495.92,No
2026-06-18,All Stores,All Products,34580.44,,building_material_and_garden_equipment_autoets_model,,32215.14,36945.74,No
2026-06-18,All Stores,All Products,35003.67,,building_material_and_garden_equipment_seasonalnaive_model,,32574.42,37432.93,No
2026-06-18,All Stores,All Products,5790.89,,clothing_and_clothing_accessories_stores_LGBM_model,,5750.36,5831.43,No
2026-06-18,All Stores,All Products,1000.00,,clothing_and_clothing_accessories_stores_PatchTST_model,,980.00,1020.00,No
2026-06-18,All Stores,All Products,1000.00,,clothing_and_clothing_accessories_stores_TimesNet_model,,980.00,1020.00,No
2026-06-18,All Stores,All Products,5808.67,,clothing_and_clothing_accessories_stores_autoarima_model,,5189.46,6427.87,No
2026-06-18,All Stores,All Products,5928.07,,clothing_and_clothing_accessories_stores_autoets_model,,5522.59,6333.56,No
2026-06-18,All Stores,All Products,6000.63,,clothing_and_clothing_accessories_stores_seasonalnaive_model,,5584.19,6417.07,No
2026-06-18,All Stores,All Products,38858.66,,electronics_and_appliance_stores_LGBM_model,,38586.65,39130.67,No
2026-06-18,All Stores,All Products,1000.00,,electronics_and_appliance_stores_PatchTST_model,,980.00,1020.00,No
2026-06-18,All Stores,All Products,1000.00,,electronics_and_appliance_stores_TimesNet_model,,980.00,1020.00,No
2026-06-18,All Stores,All Products,1936.22,,electronics_and_appliance_stores_autoarima_model,,1729.82,2142.62,No
2026-06-18,All Stores,All Products,1976.02,,electronics_and_appliance_stores_autoets_model,,1840.86,2111.19,No
2026-06-18,All Stores,All Products,2000.21,,electronics_and_appliance_stores_seasonalnaive_model,,1861.40,2139.02,No
2026-06-18,All Stores,All Products,7198.81,,food_and_beverage_stores_LGBM_model,,7148.42,7249.21,No
2026-06-18,All Stores,All Products,1000.00,,food_and_beverage_stores_PatchTST_model,,980.00,1020.00,No
2026-06-18,All Stores,All Products,1000.00,,food_and_beverage_stores_TimesNet_model,,980.00,1020.00,No
2026-06-18,All Stores,All Products,14521.67,,food_and_beverage_stores_autoarima_model,,12973.66,16069.68,No
2026-06-18,All Stores,All Products,14820.19,,food_and_beverage_stores_autoets_model,,13806.49,15833.89,No
2026-06-18,All Stores,All Products,15001.57,,food_and_beverage_stores_seasonalnaive_model,,13960.46,16042.68,No
2026-06-18,All Stores,All Products,564.95,,furniture_and_home_furnishings_stores_LGBM_model,,561.00,568.91,No
2026-06-18,All Stores,All Products,1000.00,,furniture_and_home_furnishings_stores_PatchTST_model,,980.00,1020.00,No
2026-06-18,All Stores,All Products,1000.00,,furniture_and_home_furnishings_stores_TimesNet_model,,980.00,1020.00,No
2026-06-18,All Stores,All Products,4840.56,,furniture_and_home_furnishings_stores_autoarima_model,,4324.55,5356.56,No
2026-06-18,All Stores,All Products,4940.06,,furniture_and_home_furnishings_stores_autoets_model,,4602.16,5277.96,No
2026-06-18,All Stores,All Products,5000.52,,furniture_and_home_furnishings_stores_seasonalnaive_model,,4653.49,5347.56,No
2026-06-18,All Stores,All Products,2299.30,,gasoline_stations_LGBM_model,,2283.20,2315.39,No
2026-06-18,All Stores,All Products,1000.00,,gasoline_stations_PatchTST_model,,980.00,1020.00,No
2026-06-18,All Stores,All Products,1000.00,,gasoline_stations_TimesNet_model,,980.00,1020.00,No
2026-06-18,All Stores,All Products,11617.34,,gasoline_stations_autoarima_model,,10378.93,12855.75,No
2026-06-18,All Stores,All Products,11856.15,,gasoline_stations_autoets_model,,11045.19,12667.11,No
2026-06-18,All Stores,All Products,12001.26,,gasoline_stations_seasonalnaive_model,,11168.37,12834.15,No
2026-06-18,All Stores,All Products,3653.47,,general_merchandise_stores_LGBM_model,,3627.89,3679.04,No
2026-06-18,All Stores,All Products,1000.00,,general_merchandise_stores_PatchTST_model,,980.00,1020.00,No
2026-06-18,All Stores,All Products,1000.00,,general_merchandise_stores_TimesNet_model,,980.00,1020.00,No
2026-06-18,All Stores,All Products,17426.01,,general_merchandise_stores_autoarima_model,,15568.39,19283.62,No
2026-06-18,All Stores,All Products,17784.22,,general_merchandise_stores_autoets_model,,16567.78,19000.67,No
2026-06-18,All Stores,All Products,18001.89,,general_merchandise_stores_seasonalnaive_model,,16752.56,19251.22,No
2026-06-18,All Stores,All Products,5314.42,,health_and_personal_care_stores_LGBM_model,,5277.22,5351.62,No
2026-06-18,All Stores,All Products,1000.00,,health_and_personal_care_stores_PatchTST_model,,980.00,1020.00,No
2026-06-18,All Stores,All Products,1000.00,,health_and_personal_care_stores_TimesNet_model,,980.00,1020.00,No
2026-06-18,All Stores,All Products,7744.89,,health_and_personal_care_stores_autoarima_model,,6919.29,8570.50,No
2026-06-18,All Stores,All Products,7904.10,,health_and_personal_care_stores_autoets_model,,7363.46,8444.74,No
2026-06-18,All Stores,All Products,8000.84,,health_and_personal_care_stores_seasonalnaive_model,,7445.58,8556.10,No
2026-06-18,All Stores,All Products,740.30,,sporting_goods_hobby_and_musical_instrument_stores_LGBM_model,,735.12,745.48,No
2026-06-18,All Stores,All Products,1000.00,,sporting_goods_hobby_and_musical_instrument_stores_PatchTST_model,,980.00,1020.00,No
2026-06-18,All Stores,All Products,1000.00,,sporting_goods_hobby_and_musical_instrument_stores_TimesNet_model,,980.00,1020.00,No
2026-06-18,All Stores,All Products,8713.00,,sporting_goods_hobby_and_musical_instrument_stores_autoarima_model,,7784.20,9641.81,No
2026-06-18,All Stores,All Products,8892.11,,sporting_goods_hobby_and_musical_instrument_stores_autoets_model,,8283.89,9500.33,No
2026-06-18,All Stores,All Products,9000.94,,sporting_goods_hobby_and_musical_instrument_stores_seasonalnaive_model,,8376.28,9625.61,No
2026-06-18,All Stores,All Products,25184.07,,total_sales_LGBM_model,,25007.78,25360.36,No
2026-06-18,All Stores,All Products,1000.00,,total_sales_PatchTST_model,,980.00,1020.00,No
2026-06-18,All Stores,All Products,1000.00,,total_sales_TimesNet_model,,980.00,1020.00,No
2026-06-18,All Stores,All Products,16457.89,,total_sales_autoarima_model,,14703.48,18212.31,No
2026-06-18,All Stores,All Products,16796.21,,total_sales_autoets_model,,15647.35,17945.07,No
2026-06-18,All Stores,All Products,17001.78,,total_sales_seasonalnaive_model,,15821.86,18181.71,No
2026-06-11,All Stores,All Products,12380.11,,automobile_dealers_LGBM_model,,12293.45,12466.77,No
2026-06-11,All Stores,All Products,1000.00,,automobile_dealers_PatchTST_model,,980.00,1020.00,No
2026-06-11,All Stores,All Products,1000.00,,automobile_dealers_TimesNet_model,,980.00,1020.00,No
2026-06-11,All Stores,All Products,24202.79,,automobile_dealers_autoarima_model,,21622.77,26782.80,No
2026-06-11,All Stores,All Products,24700.31,,automobile_dealers_autoets_model,,23010.81,26389.81,No
2026-06-11,All Stores,All Products,25002.62,,automobile_dealers_seasonalnaive_model,,23267.44,26737.80,No
2026-06-11,All Stores,All Products,548.34,,building_material_and_garden_equipment_LGBM_model,,544.50,552.18,No
2026-06-11,All Stores,All Products,1000.00,,building_material_and_garden_equipment_PatchTST_model,,980.00,1020.00,No
2026-06-11,All Stores,All Products,1000.00,,building_material_and_garden_equipment_TimesNet_model,,980.00,1020.00,No
2026-06-11,All Stores,All Products,33883.90,,building_material_and_garden_equipment_autoarima_model,,30271.88,37495.92,No
2026-06-11,All Stores,All Products,34580.44,,building_material_and_garden_equipment_autoets_model,,32215.14,36945.74,No
2026-06-11,All Stores,All Products,35003.67,,building_material_and_garden_equipment_seasonalnaive_model,,32574.42,37432.93,No
2026-06-11,All Stores,All Products,5787.21,,clothing_and_clothing_accessories_stores_LGBM_model,,5746.70,5827.72,No
2026-06-11,All Stores,All Products,1000.00,,clothing_and_clothing_accessories_stores_PatchTST_model,,980.00,1020.00,No
2026-06-11,All Stores,All Products,1000.00,,clothing_and_clothing_accessories_stores_TimesNet_model,,980.00,1020.00,No
2026-06-11,All Stores,All Products,5808.67,,clothing_and_clothing_accessories_stores_autoarima_model,,5189.46,6427.87,No
2026-06-11,All Stores,All Products,5928.07,,clothing_and_clothing_accessories_stores_autoets_model,,5522.59,6333.56,No
2026-06-11,All Stores,All Products,6000.63,,clothing_and_clothing_accessories_stores_seasonalnaive_model,,5584.19,6417.07,No
2026-06-11,All Stores,All Products,38798.21,,electronics_and_appliance_stores_LGBM_model,,38526.62,39069.80,No
2026-06-11,All Stores,All Products,1000.00,,electronics_and_appliance_stores_PatchTST_model,,980.00,1020.00,No
2026-06-11,All Stores,All Products,1000.00,,electronics_and_appliance_stores_TimesNet_model,,980.00,1020.00,No
2026-06-11,All Stores,All Products,1936.22,,electronics_and_appliance_stores_autoarima_model,,1729.82,2142.62,No
2026-06-11,All Stores,All Products,1976.02,,electronics_and_appliance_stores_autoets_model,,1840.86,2111.19,No
2026-06-11,All Stores,All Products,2000.21,,electronics_and_appliance_stores_seasonalnaive_model,,1861.40,2139.02,No
2026-06-11,All Stores,All Products,7187.44,,food_and_beverage_stores_LGBM_model,,7137.13,7237.75,No
2026-06-11,All Stores,All Products,1000.00,,food_and_beverage_stores_PatchTST_model,,980.00,1020.00,No
2026-06-11,All Stores,All Products,1000.00,,food_and_beverage_stores_TimesNet_model,,980.00,1020.00,No
2026-06-11,All Stores,All Products,14521.67,,food_and_beverage_stores_autoarima_model,,12973.66,16069.68,No
2026-06-11,All Stores,All Products,14820.19,,food_and_beverage_stores_autoets_model,,13806.49,15833.89,No
2026-06-11,All Stores,All Products,15001.57,,food_and_beverage_stores_seasonalnaive_model,,13960.46,16042.68,No
2026-06-11,All Stores,All Products,565.11,,furniture_and_home_furnishings_stores_LGBM_model,,561.15,569.06,No
2026-06-11,All Stores,All Products,1000.00,,furniture_and_home_furnishings_stores_PatchTST_model,,980.00,1020.00,No
2026-06-11,All Stores,All Products,1000.00,,furniture_and_home_furnishings_stores_TimesNet_model,,980.00,1020.00,No
2026-06-11,All Stores,All Products,4840.56,,furniture_and_home_furnishings_stores_autoarima_model,,4324.55,5356.56,No
2026-06-11,All Stores,All Products,4940.06,,furniture_and_home_furnishings_stores_autoets_model,,4602.16,5277.96,No
2026-06-11,All Stores,All Products,5000.52,,furniture_and_home_furnishings_stores_seasonalnaive_model,,4653.49,5347.56,No
2026-06-11,All Stores,All Products,2295.25,,gasoline_stations_LGBM_model,,2279.19,2311.32,No
2026-06-11,All Stores,All Products,1000.00,,gasoline_stations_PatchTST_model,,980.00,1020.00,No
2026-06-11,All Stores,All Products,1000.00,,gasoline_stations_TimesNet_model,,980.00,1020.00,No
2026-06-11,All Stores,All Products,11617.34,,gasoline_stations_autoarima_model,,10378.93,12855.75,No
2026-06-11,All Stores,All Products,11856.15,,gasoline_stations_autoets_model,,11045.19,12667.11,No
2026-06-11,All Stores,All Products,12001.26,,gasoline_stations_seasonalnaive_model,,11168.37,12834.15,No
2026-06-11,All Stores,All Products,3653.47,,general_merchandise_stores_LGBM_model,,3627.89,3679.04,No
2026-06-11,All Stores,All Products,1000.00,,general_merchandise_stores_PatchTST_model,,980.00,1020.00,No
2026-06-11,All Stores,All Products,1000.00,,general_merchandise_stores_TimesNet_model,,980.00,1020.00,No
2026-06-11,All Stores,All Products,17426.01,,general_merchandise_stores_autoarima_model,,15568.39,19283.62,No
2026-06-11,All Stores,All Products,17784.22,,general_merchandise_stores_autoets_model,,16567.78,19000.67,No
2026-06-11,All Stores,All Products,18001.89,,general_merchandise_stores_seasonalnaive_model,,16752.56,19251.22,No
2026-06-11,All Stores,All Products,5314.42,,health_and_personal_care_stores_LGBM_model,,5277.22,5351.62,No
2026-06-11,All Stores,All Products,1000.00,,health_and_personal_care_stores_PatchTST_model,,980.00,1020.00,No
2026-06-11,All Stores,All Products,1000.00,,health_and_personal_care_stores_TimesNet_model,,980.00,1020.00,No
2026-06-11,All Stores,All Products,7744.89,,health_and_personal_care_stores_autoarima_model,,6919.29,8570.50,No
2026-06-11,All Stores,All Products,7904.10,,health_and_personal_care_stores_autoets_model,,7363.46,8444.74,No
2026-06-11,All Stores,All Products,8000.84,,health_and_personal_care_stores_seasonalnaive_model,,7445.58,8556.10,No
2026-06-11,All Stores,All Products,740.30,,sporting_goods_hobby_and_musical_instrument_stores_LGBM_model,,735.12,745.48,No
2026-06-11,All Stores,All Products,1000.00,,sporting_goods_hobby_and_musical_instrument_stores_PatchTST_model,,980.00,1020.00,No
2026-06-11,All Stores,All Products,1000.00,,sporting_goods_hobby_and_musical_instrument_stores_TimesNet_model,,980.00,1020.00,No
2026-06-11,All Stores,All Products,8713.00,,sporting_goods_hobby_and_musical_instrument_stores_autoarima_model,,7784.20,9641.81,No
2026-06-11,All Stores,All Products,8892.11,,sporting_goods_hobby_and_musical_instrument_stores_autoets_model,,8283.89,9500.33,No
2026-06-11,All Stores,All Products,9000.94,,sporting_goods_hobby_and_musical_instrument_stores_seasonalnaive_model,,8376.28,9625.61,No
2026-06-11,All Stores,All Products,25137.04,,total_sales_LGBM_model,,24961.08,25313.00,No
2026-06-11,All Stores,All Products,1000.00,,total_sales_PatchTST_model,,980.00,1020.00,No
2026-06-11,All Stores,All Products,1000.00,,total_sales_TimesNet_model,,980.00,1020.00,No
2026-06-11,All Stores,All Products,16457.89,,total_sales_autoarima_model,,14703.48,18212.31,No
2026-06-11,All Stores,All Products,16796.21,,total_sales_autoets_model,,15647.35,17945.07,No
2026-06-11,All Stores,All Products,17001.78,,total_sales_seasonalnaive_model,,15821.86,18181.71,No
2026-06-04,All Stores,All Products,12380.11,,automobile_dealers_LGBM_model,,12293.45,12466.77,No
2026-06-04,All Stores,All Products,1000.00,,automobile_dealers_PatchTST_model,,980.00,1020.00,No
2026-06-04,All Stores,All Products,1000.00,,automobile_dealers_TimesNet_model,,980.00,1020.00,No
2026-06-04,All Stores,All Products,24202.79,,automobile_dealers_autoarima_model,,21622.77,26782.80,No
2026-06-04,All Stores,All Products,24700.31,,automobile_dealers_autoets_model,,23010.81,26389.81,No
2026-06-04,All Stores,All Products,25002.62,,automobile_dealers_seasonalnaive_model,,23267.44,26737.80,No
2026-06-04,All Stores,All Products,548.34,,building_material_and_garden_equipment_LGBM_model,,544.50,552.18,No
2026-06-04,All Stores,All Products,1000.00,,building_material_and_garden_equipment_PatchTST_model,,980.00,1020.00,No
2026-06-04,All Stores,All Products,1000.00,,building_material_and_garden_equipment_TimesNet_model,,980.00,1020.00,No
2026-06-04,All Stores,All Products,33883.90,,building_material_and_garden_equipment_autoarima_model,,30271.88,37495.92,No
2026-06-04,All Stores,All Products,34580.44,,building_material_and_garden_equipment_autoets_model,,32215.14,36945.74,No
2026-06-04,All Stores,All Products,35003.67,,building_material_and_garden_equipment_seasonalnaive_model,,32574.42,37432.93,No
2026-06-04,All Stores,All Products,5787.21,,clothing_and_clothing_accessories_stores_LGBM_model,,5746.70,5827.72,No
2026-06-04,All Stores,All Products,1000.00,,clothing_and_clothing_accessories_stores_PatchTST_model,,980.00,1020.00,No
2026-06-04,All Stores,All Products,1000.00,,clothing_and_clothing_accessories_stores_TimesNet_model,,980.00,1020.00,No
2026-06-04,All Stores,All Products,5808.67,,clothing_and_clothing_accessories_stores_autoarima_model,,5189.46,6427.87,No
2026-06-04,All Stores,All Products,5928.07,,clothing_and_clothing_accessories_stores_autoets_model,,5522.59,6333.56,No
2026-06-04,All Stores,All Products,6000.63,,clothing_and_clothing_accessories_stores_seasonalnaive_model,,5584.19,6417.07,No
2026-06-04,All Stores,All Products,38798.21,,electronics_and_appliance_stores_LGBM_model,,38526.62,39069.80,No
2026-06-04,All Stores,All Products,1000.00,,electronics_and_appliance_stores_PatchTST_model,,980.00,1020.00,No
2026-06-04,All Stores,All Products,1000.00,,electronics_and_appliance_stores_TimesNet_model,,980.00,1020.00,No
2026-06-04,All Stores,All Products,1936.22,,electronics_and_appliance_stores_autoarima_model,,1729.82,2142.62,No
2026-06-04,All Stores,All Products,1976.02,,electronics_and_appliance_stores_autoets_model,,1840.86,2111.19,No
2026-06-04,All Stores,All Products,2000.21,,electronics_and_appliance_stores_seasonalnaive_model,,1861.40,2139.02,No
2026-06-04,All Stores,All Products,7187.44,,food_and_beverage_stores_LGBM_model,,7137.13,7237.75,No
2026-06-04,All Stores,All Products,1000.00,,food_and_beverage_stores_PatchTST_model,,980.00,1020.00,No
2026-06-04,All Stores,All Products,1000.00,,food_and_beverage_stores_TimesNet_model,,980.00,1020.00,No
2026-06-04,All Stores,All Products,14521.67,,food_and_beverage_stores_autoarima_model,,12973.66,16069.68,No
2026-06-04,All Stores,All Products,14820.19,,food_and_beverage_stores_autoets_model,,13806.49,15833.89,No
2026-06-04,All Stores,All Products,15001.57,,food_and_beverage_stores_seasonalnaive_model,,13960.46,16042.68,No
2026-06-04,All Stores,All Products,566.02,,furniture_and_home_furnishings_stores_LGBM_model,,562.06,569.98,No
2026-06-04,All Stores,All Products,1000.00,,furniture_and_home_furnishings_stores_PatchTST_model,,980.00,1020.00,No
2026-06-04,All Stores,All Products,1000.00,,furniture_and_home_furnishings_stores_TimesNet_model,,980.00,1020.00,No
2026-06-04,All Stores,All Products,4840.56,,furniture_and_home_furnishings_stores_autoarima_model,,4324.55,5356.56,No
2026-06-04,All Stores,All Products,4940.06,,furniture_and_home_furnishings_stores_autoets_model,,4602.16,5277.96,No
2026-06-04,All Stores,All Products,5000.52,,furniture_and_home_furnishings_stores_seasonalnaive_model,,4653.49,5347.56,No
2026-06-04,All Stores,All Products,2295.25,,gasoline_stations_LGBM_model,,2279.19,2311.32,No
2026-06-04,All Stores,All Products,1000.00,,gasoline_stations_PatchTST_model,,980.00,1020.00,No
2026-06-04,All Stores,All Products,1000.00,,gasoline_stations_TimesNet_model,,980.00,1020.00,No
2026-06-04,All Stores,All Products,11617.34,,gasoline_stations_autoarima_model,,10378.93,12855.75,No
2026-06-04,All Stores,All Products,11856.15,,gasoline_stations_autoets_model,,11045.19,12667.11,No
2026-06-04,All Stores,All Products,12001.26,,gasoline_stations_seasonalnaive_model,,11168.37,12834.15,No
2026-06-04,All Stores,All Products,3653.47,,general_merchandise_stores_LGBM_model,,3627.89,3679.04,No
2026-06-04,All Stores,All Products,1000.00,,general_merchandise_stores_PatchTST_model,,980.00,1020.00,No
2026-06-04,All Stores,All Products,1000.00,,general_merchandise_stores_TimesNet_model,,980.00,1020.00,No
2026-06-04,All Stores,All Products,17426.01,,general_merchandise_stores_autoarima_model,,15568.39,19283.62,No
2026-06-04,All Stores,All Products,17784.22,,general_merchandise_stores_autoets_model,,16567.78,19000.67,No
2026-06-04,All Stores,All Products,18001.89,,general_merchandise_stores_seasonalnaive_model,,16752.56,19251.22,No
2026-06-04,All Stores,All Products,5314.42,,health_and_personal_care_stores_LGBM_model,,5277.22,5351.62,No
2026-06-04,All Stores,All Products,1000.00,,health_and_personal_care_stores_PatchTST_model,,980.00,1020.00,No
2026-06-04,All Stores,All Products,1000.00,,health_and_personal_care_stores_TimesNet_model,,980.00,1020.00,No
2026-06-04,All Stores,All Products,7744.89,,health_and_personal_care_stores_autoarima_model,,6919.29,8570.50,No
2026-06-04,All Stores,All Products,7904.10,,health_and_personal_care_stores_autoets_model,,7363.46,8444.74,No
2026-06-04,All Stores,All Products,8000.84,,health_and_personal_care_stores_seasonalnaive_model,,7445.58,8556.10,No
2026-06-04,All Stores,All Products,740.30,,sporting_goods_hobby_and_musical_instrument_stores_LGBM_model,,735.12,745.48,No
2026-06-04,All Stores,All Products,1000.00,,sporting_goods_hobby_and_musical_instrument_stores_PatchTST_model,,980.00,1020.00,No
2026-06-04,All Stores,All Products,1000.00,,sporting_goods_hobby_and_musical_instrument_stores_TimesNet_model,,980.00,1020.00,No
2026-06-04,All Stores,All Products,8713.00,,sporting_goods_hobby_and_musical_instrument_stores_autoarima_model,,7784.20,9641.81,No
2026-06-04,All Stores,All Products,8892.11,,sporting_goods_hobby_and_musical_instrument_stores_autoets_model,,8283.89,9500.33,No
2026-06-04,All Stores,All Products,9000.94,,sporting_goods_hobby_and_musical_instrument_stores_seasonalnaive_model,,8376.28,9625.61,No
2026-06-04,All Stores,All Products,25137.04,,total_sales_LGBM_model,,24961.08,25313.00,No
2026-06-04,All Stores,All Products,1000.00,,total_sales_PatchTST_model,,980.00,1020.00,No
2026-06-04,All Stores,All Products,1000.00,,total_sales_TimesNet_model,,980.00,1020.00,No
2026-06-04,All Stores,All Products,16457.89,,total_sales_autoarima_model,,14703.48,18212.31,No
2026-06-04,All Stores,All Products,16796.21,,total_sales_autoets_model,,15647.35,17945.07,No
2026-06-04,All Stores,All Products,17001.78,,total_sales_seasonalnaive_model,,15821.86,18181.71,No
2026-05-28,All Stores,All Products,12243.33,,automobile_dealers_LGBM_model,,12157.62,12329.03,No
2026-05-28,All Stores,All Products,1000.00,,automobile_dealers_PatchTST_model,,980.00,1020.00,No
2026-05-28,All Stores,All Products,1000.00,,automobile_dealers_TimesNet_model,,980.00,1020.00,No
2026-05-28,All Stores,All Products,25412.93,,automobile_dealers_autoarima_model,,22703.91,28121.94,No
2026-05-28,All Stores,All Products,25935.33,,automobile_dealers_autoets_model,,24161.35,27709.30,No
2026-05-28,All Stores,All Products,26252.75,,automobile_dealers_seasonalnaive_model,,24430.81,28074.69,No
2026-05-28,All Stores,All Products,548.26,,building_material_and_garden_equipment_LGBM_model,,544.42,552.10,No
2026-05-28,All Stores,All Products,1000.00,,building_material_and_garden_equipment_PatchTST_model,,980.00,1020.00,No
2026-05-28,All Stores,All Products,1000.00,,building_material_and_garden_equipment_TimesNet_model,,980.00,1020.00,No
2026-05-28,All Stores,All Products,35578.10,,building_material_and_garden_equipment_autoarima_model,,31785.47,39370.72,No
2026-05-28,All Stores,All Products,36309.46,,building_material_and_garden_equipment_autoets_model,,33825.89,38793.03,No
2026-05-28,All Stores,All Products,36753.85,,building_material_and_garden_equipment_seasonalnaive_model,,34203.14,39304.57,No
2026-05-28,All Stores,All Products,5747.20,,clothing_and_clothing_accessories_stores_LGBM_model,,5706.97,5787.43,No
2026-05-28,All Stores,All Products,1000.00,,clothing_and_clothing_accessories_stores_PatchTST_model,,980.00,1020.00,No
2026-05-28,All Stores,All Products,1000.00,,clothing_and_clothing_accessories_stores_TimesNet_model,,980.00,1020.00,No
2026-05-28,All Stores,All Products,6099.10,,clothing_and_clothing_accessories_stores_autoarima_model,,5448.94,6749.27,No
2026-05-28,All Stores,All Products,6224.48,,clothing_and_clothing_accessories_stores_autoets_model,,5798.72,6650.23,No
2026-05-28,All Stores,All Products,6300.66,,clothing_and_clothing_accessories_stores_seasonalnaive_model,,5863.39,6737.93,No
2026-05-28,All Stores,All Products,36960.31,,electronics_and_appliance_stores_LGBM_model,,36701.59,37219.03,No
2026-05-28,All Stores,All Products,1000.00,,electronics_and_appliance_stores_PatchTST_model,,980.00,1020.00,No
2026-05-28,All Stores,All Products,1000.00,,electronics_and_appliance_stores_TimesNet_model,,980.00,1020.00,No
2026-05-28,All Stores,All Products,2033.03,,electronics_and_appliance_stores_autoarima_model,,1816.31,2249.76,No
2026-05-28,All Stores,All Products,2074.83,,electronics_and_appliance_stores_autoets_model,,1932.91,2216.74,No
2026-05-28,All Stores,All Products,2100.22,,electronics_and_appliance_stores_seasonalnaive_model,,1954.46,2245.98,No
2026-05-28,All Stores,All Products,6978.22,,food_and_beverage_stores_LGBM_model,,6929.37,7027.07,No
2026-05-28,All Stores,All Products,1000.00,,food_and_beverage_stores_PatchTST_model,,980.00,1020.00,No
2026-05-28,All Stores,All Products,1000.00,,food_and_beverage_stores_TimesNet_model,,980.00,1020.00,No
2026-05-28,All Stores,All Products,15247.76,,food_and_beverage_stores_autoarima_model,,13622.34,16873.17,No
2026-05-28,All Stores,All Products,15561.20,,food_and_beverage_stores_autoets_model,,14496.81,16625.58,No
2026-05-28,All Stores,All Products,15751.65,,food_and_beverage_stores_seasonalnaive_model,,14658.49,16844.82,No
2026-05-28,All Stores,All Products,566.14,,furniture_and_home_furnishings_stores_LGBM_model,,562.18,570.10,No
2026-05-28,All Stores,All Products,1000.00,,furniture_and_home_furnishings_stores_PatchTST_model,,980.00,1020.00,No
2026-05-28,All Stores,All Products,1000.00,,furniture_and_home_furnishings_stores_TimesNet_model,,980.00,1020.00,No
2026-05-28,All Stores,All Products,5082.59,,furniture_and_home_furnishings_stores_autoarima_model,,4540.78,5624.39,No
2026-05-28,All Stores,All Products,5187.07,,furniture_and_home_furnishings_stores_autoets_model,,4832.27,5541.86,No
2026-05-28,All Stores,All Products,5250.55,,furniture_and_home_furnishings_stores_seasonalnaive_model,,4886.16,5614.94,No
2026-05-28,All Stores,All Products,2254.98,,gasoline_stations_LGBM_model,,2239.19,2270.76,No
2026-05-28,All Stores,All Products,1000.00,,gasoline_stations_PatchTST_model,,980.00,1020.00,No
2026-05-28,All Stores,All Products,1000.00,,gasoline_stations_TimesNet_model,,980.00,1020.00,No
2026-05-28,All Stores,All Products,12198.20,,gasoline_stations_autoarima_model,,10897.88,13498.53,No
2026-05-28,All Stores,All Products,12448.96,,gasoline_stations_autoets_model,,11597.45,13300.47,No
2026-05-28,All Stores,All Products,12601.32,,gasoline_stations_seasonalnaive_model,,11726.79,13475.85,No
2026-05-28,All Stores,All Products,3657.83,,general_merchandise_stores_LGBM_model,,3632.22,3683.43,No
2026-05-28,All Stores,All Products,1000.00,,general_merchandise_stores_PatchTST_model,,980.00,1020.00,No
2026-05-28,All Stores,All Products,1000.00,,general_merchandise_stores_TimesNet_model,,980.00,1020.00,No
2026-05-28,All Stores,All Products,18297.31,,general_merchandise_stores_autoarima_model,,16346.81,20247.80,No
2026-05-28,All Stores,All Products,18673.44,,general_merchandise_stores_autoets_model,,17396.17,19950.70,No
2026-05-28,All Stores,All Products,18901.98,,general_merchandise_stores_seasonalnaive_model,,17590.18,20213.78,No
2026-05-28,All Stores,All Products,5298.13,,health_and_personal_care_stores_LGBM_model,,5261.04,5335.22,No
2026-05-28,All Stores,All Products,1000.00,,health_and_personal_care_stores_PatchTST_model,,980.00,1020.00,No
2026-05-28,All Stores,All Products,1000.00,,health_and_personal_care_stores_TimesNet_model,,980.00,1020.00,No
2026-05-28,All Stores,All Products,8132.14,,health_and_personal_care_stores_autoarima_model,,7265.25,8999.02,No
2026-05-28,All Stores,All Products,8299.30,,health_and_personal_care_stores_autoets_model,,7731.63,8866.98,No
2026-05-28,All Stores,All Products,8400.88,,health_and_personal_care_stores_seasonalnaive_model,,7817.86,8983.90,No
2026-05-28,All Stores,All Products,741.44,,sporting_goods_hobby_and_musical_instrument_stores_LGBM_model,,736.25,746.63,No
2026-05-28,All Stores,All Products,1000.00,,sporting_goods_hobby_and_musical_instrument_stores_PatchTST_model,,980.00,1020.00,No
2026-05-28,All Stores,All Products,1000.00,,sporting_goods_hobby_and_musical_instrument_stores_TimesNet_model,,980.00,1020.00,No
2026-05-28,All Stores,All Products,9148.65,,sporting_goods_hobby_and_musical_instrument_stores_autoarima_model,,8173.41,10123.90,No
2026-05-28,All Stores,All Products,9336.72,,sporting_goods_hobby_and_musical_instrument_stores_autoets_model,,8698.09,9975.35,No
2026-05-28,All Stores,All Products,9450.99,,sporting_goods_hobby_and_musical_instrument_stores_seasonalnaive_model,,8795.09,10106.89,No
2026-05-28,All Stores,All Products,24442.74,,total_sales_LGBM_model,,24271.64,24613.84,No
2026-05-28,All Stores,All Products,1000.00,,total_sales_PatchTST_model,,980.00,1020.00,No
2026-05-28,All Stores,All Products,1000.00,,total_sales_TimesNet_model,,980.00,1020.00,No
2026-05-28,All Stores,All Products,17280.79,,total_sales_autoarima_model,,15438.66,19122.92,No
2026-05-28,All Stores,All Products,17636.02,,total_sales_autoets_model,,16429.72,18842.33,No
2026-05-28,All Stores,All Products,17851.87,,total_sales_seasonalnaive_model,,16612.95,19090.79,No
2026-05-21,All Stores,All Products,12243.33,,automobile_dealers_LGBM_model,,12157.62,12329.03,No
2026-05-21,All Stores,All Products,1000.00,,automobile_dealers_PatchTST_model,,980.00,1020.00,No
2026-05-21,All Stores,All Products,1000.00,,automobile_dealers_TimesNet_model,,980.00,1020.00,No
2026-05-21,All Stores,All Products,25412.93,,automobile_dealers_autoarima_model,,22703.91,28121.94,No
2026-05-21,All Stores,All Products,25935.33,,automobile_dealers_autoets_model,,24161.35,27709.30,No
2026-05-21,All Stores,All Products,26252.75,,automobile_dealers_seasonalnaive_model,,24430.81,28074.69,No
2026-05-21,All Stores,All Products,548.26,,building_material_and_garden_equipment_LGBM_model,,544.42,552.10,No
2026-05-21,All Stores,All Products,1000.00,,building_material_and_garden_equipment_PatchTST_model,,980.00,1020.00,No
2026-05-21,All Stores,All Products,1000.00,,building_material_and_garden_equipment_TimesNet_model,,980.00,1020.00,No
2026-05-21,All Stores,All Products,35578.10,,building_material_and_garden_equipment_autoarima_model,,31785.47,39370.72,No
2026-05-21,All Stores,All Products,36309.46,,building_material_and_garden_equipment_autoets_model,,33825.89,38793.03,No
2026-05-21,All Stores,All Products,36753.85,,building_material_and_garden_equipment_seasonalnaive_model,,34203.14,39304.57,No
2026-05-21,All Stores,All Products,5747.20,,clothing_and_clothing_accessories_stores_LGBM_model,,5706.97,5787.43,No
2026-05-21,All Stores,All Products,1000.00,,clothing_and_clothing_accessories_stores_PatchTST_model,,980.00,1020.00,No
2026-05-21,All Stores,All Products,1000.00,,clothing_and_clothing_accessories_stores_TimesNet_model,,980.00,1020.00,No
2026-05-21,All Stores,All Products,6099.10,,clothing_and_clothing_accessories_stores_autoarima_model,,5448.94,6749.27,No
2026-05-21,All Stores,All Products,6224.48,,clothing_and_clothing_accessories_stores_autoets_model,,5798.72,6650.23,No
2026-05-21,All Stores,All Products,6300.66,,clothing_and_clothing_accessories_stores_seasonalnaive_model,,5863.39,6737.93,No
2026-05-21,All Stores,All Products,36960.31,,electronics_and_appliance_stores_LGBM_model,,36701.59,37219.03,No
2026-05-21,All Stores,All Products,1000.00,,electronics_and_appliance_stores_PatchTST_model,,980.00,1020.00,No
2026-05-21,All Stores,All Products,1000.00,,electronics_and_appliance_stores_TimesNet_model,,980.00,1020.00,No
2026-05-21,All Stores,All Products,2033.03,,electronics_and_appliance_stores_autoarima_model,,1816.31,2249.76,No
2026-05-21,All Stores,All Products,2074.83,,electronics_and_appliance_stores_autoets_model,,1932.91,2216.74,No
2026-05-21,All Stores,All Products,2100.22,,electronics_and_appliance_stores_seasonalnaive_model,,1954.46,2245.98,No
2026-05-21,All Stores,All Products,6978.22,,food_and_beverage_stores_LGBM_model,,6929.37,7027.07,No
2026-05-21,All Stores,All Products,1000.00,,food_and_beverage_stores_PatchTST_model,,980.00,1020.00,No
2026-05-21,All Stores,All Products,1000.00,,food_and_beverage_stores_TimesNet_model,,980.00,1020.00,No
2026-05-21,All Stores,All Products,15247.76,,food_and_beverage_stores_autoarima_model,,13622.34,16873.17,No
2026-05-21,All Stores,All Products,15561.20,,food_and_beverage_stores_autoets_model,,14496.81,16625.58,No
2026-05-21,All Stores,All Products,15751.65,,food_and_beverage_stores_seasonalnaive_model,,14658.49,16844.82,No
2026-05-21,All Stores,All Products,566.14,,furniture_and_home_furnishings_stores_LGBM_model,,562.18,570.10,No
2026-05-21,All Stores,All Products,1000.00,,furniture_and_home_furnishings_stores_PatchTST_model,,980.00,1020.00,No
2026-05-21,All Stores,All Products,1000.00,,furniture_and_home_furnishings_stores_TimesNet_model,,980.00,1020.00,No
2026-05-21,All Stores,All Products,5082.59,,furniture_and_home_furnishings_stores_autoarima_model,,4540.78,5624.39,No
2026-05-21,All Stores,All Products,5187.07,,furniture_and_home_furnishings_stores_autoets_model,,4832.27,5541.86,No
2026-05-21,All Stores,All Products,5250.55,,furniture_and_home_furnishings_stores_seasonalnaive_model,,4886.16,5614.94,No
2026-05-21,All Stores,All Products,2254.98,,gasoline_stations_LGBM_model,,2239.19,2270.76,No
2026-05-21,All Stores,All Products,1000.00,,gasoline_stations_PatchTST_model,,980.00,1020.00,No
2026-05-21,All Stores,All Products,1000.00,,gasoline_stations_TimesNet_model,,980.00,1020.00,No
2026-05-21,All Stores,All Products,12198.20,,gasoline_stations_autoarima_model,,10897.88,13498.53,No
2026-05-21,All Stores,All Products,12448.96,,gasoline_stations_autoets_model,,11597.45,13300.47,No
2026-05-21,All Stores,All Products,12601.32,,gasoline_stations_seasonalnaive_model,,11726.79,13475.85,No
2026-05-21,All Stores,All Products,3657.83,,general_merchandise_stores_LGBM_model,,3632.22,3683.43,No
2026-05-21,All Stores,All Products,1000.00,,general_merchandise_stores_PatchTST_model,,980.00,1020.00,No
2026-05-21,All Stores,All Products,1000.00,,general_merchandise_stores_TimesNet_model,,980.00,1020.00,No
2026-05-21,All Stores,All Products,18297.31,,general_merchandise_stores_autoarima_model,,16346.81,20247.80,No
2026-05-21,All Stores,All Products,18673.44,,general_merchandise_stores_autoets_model,,17396.17,19950.70,No
2026-05-21,All Stores,All Products,18901.98,,general_merchandise_stores_seasonalnaive_model,,17590.18,20213.78,No
2026-05-21,All Stores,All Products,5298.13,,health_and_personal_care_stores_LGBM_model,,5261.04,5335.22,No
2026-05-21,All Stores,All Products,1000.00,,health_and_personal_care_stores_PatchTST_model,,980.00,1020.00,No
2026-05-21,All Stores,All Products,1000.00,,health_and_personal_care_stores_TimesNet_model,,980.00,1020.00,No
2026-05-21,All Stores,All Products,8132.14,,health_and_personal_care_stores_autoarima_model,,7265.25,8999.02,No
2026-05-21,All Stores,All Products,8299.30,,health_and_personal_care_stores_autoets_model,,7731.63,8866.98,No
2026-05-21,All Stores,All Products,8400.88,,health_and_personal_care_stores_seasonalnaive_model,,7817.86,8983.90,No
2026-05-21,All Stores,All Products,741.44,,sporting_goods_hobby_and_musical_instrument_stores_LGBM_model,,736.25,746.63,No
2026-05-21,All Stores,All Products,1000.00,,sporting_goods_hobby_and_musical_instrument_stores_PatchTST_model,,980.00,1020.00,No
2026-05-21,All Stores,All Products,1000.00,,sporting_goods_hobby_and_musical_instrument_stores_TimesNet_model,,980.00,1020.00,No
2026-05-21,All Stores,All Products,9148.65,,sporting_goods_hobby_and_musical_instrument_stores_autoarima_model,,8173.41,10123.90,No
2026-05-21,All Stores,All Products,9336.72,,sporting_goods_hobby_and_musical_instrument_stores_autoets_model,,8698.09,9975.35,No
2026-05-21,All Stores,All Products,9450.99,,sporting_goods_hobby_and_musical_instrument_stores_seasonalnaive_model,,8795.09,10106.89,No
2026-05-21,All Stores,All Products,24442.74,,total_sales_LGBM_model,,24271.64,24613.84,No
2026-05-21,All Stores,All Products,1000.00,,total_sales_PatchTST_model,,980.00,1020.00,No
2026-05-21,All Stores,All Products,1000.00,,total_sales_TimesNet_model,,980.00,1020.00,No
2026-05-21,All Stores,All Products,17280.79,,total_sales_autoarima_model,,15438.66,19122.92,No
2026-05-21,All Stores,All Products,17636.02,,total_sales_autoets_model,,16429.72,18842.33,No
2026-05-21,All Stores,All Products,17851.87,,total_sales_seasonalnaive_model,,16612.95,19090.79,No
2026-05-14,All Stores,All Products,12243.33,,automobile_dealers_LGBM_model,,12157.62,12329.03,No
2026-05-14,All Stores,All Products,1000.00,,automobile_dealers_PatchTST_model,,980.00,1020.00,No
2026-05-14,All Stores,All Products,1000.00,,automobile_dealers_TimesNet_model,,980.00,1020.00,No
2026-05-14,All Stores,All Products,25412.93,,automobile_dealers_autoarima_model,,22703.91,28121.94,No
2026-05-14,All Stores,All Products,25935.33,,automobile_dealers_autoets_model,,24161.35,27709.30,No
2026-05-14,All Stores,All Products,26252.75,,automobile_dealers_seasonalnaive_model,,24430.81,28074.69,No
2026-05-14,All Stores,All Products,548.26,,building_material_and_garden_equipment_LGBM_model,,544.42,552.10,No
2026-05-14,All Stores,All Products,1000.00,,building_material_and_garden_equipment_PatchTST_model,,980.00,1020.00,No
2026-05-14,All Stores,All Products,1000.00,,building_material_and_garden_equipment_TimesNet_model,,980.00,1020.00,No
2026-05-14,All Stores,All Products,35578.10,,building_material_and_garden_equipment_autoarima_model,,31785.47,39370.72,No
2026-05-14,All Stores,All Products,36309.46,,building_material_and_garden_equipment_autoets_model,,33825.89,38793.03,No
2026-05-14,All Stores,All Products,36753.85,,building_material_and_garden_equipment_seasonalnaive_model,,34203.14,39304.57,No
2026-05-14,All Stores,All Products,5747.20,,clothing_and_clothing_accessories_stores_LGBM_model,,5706.97,5787.43,No
2026-05-14,All Stores,All Products,1000.00,,clothing_and_clothing_accessories_stores_PatchTST_model,,980.00,1020.00,No
2026-05-14,All Stores,All Products,1000.00,,clothing_and_clothing_accessories_stores_TimesNet_model,,980.00,1020.00,No
2026-05-14,All Stores,All Products,6099.10,,clothing_and_clothing_accessories_stores_autoarima_model,,5448.94,6749.27,No
2026-05-14,All Stores,All Products,6224.48,,clothing_and_clothing_accessories_stores_autoets_model,,5798.72,6650.23,No
2026-05-14,All Stores,All Products,6300.66,,clothing_and_clothing_accessories_stores_seasonalnaive_model,,5863.39,6737.93,No
2026-05-14,All Stores,All Products,36960.31,,electronics_and_appliance_stores_LGBM_model,,36701.59,37219.03,No
2026-05-14,All Stores,All Products,1000.00,,electronics_and_appliance_stores_PatchTST_model,,980.00,1020.00,No
2026-05-14,All Stores,All Products,1000.00,,electronics_and_appliance_stores_TimesNet_model,,980.00,1020.00,No
2026-05-14,All Stores,All Products,2033.03,,electronics_and_appliance_stores_autoarima_model,,1816.31,2249.76,No
2026-05-14,All Stores,All Products,2074.83,,electronics_and_appliance_stores_autoets_model,,1932.91,2216.74,No
2026-05-14,All Stores,All Products,2100.22,,electronics_and_appliance_stores_seasonalnaive_model,,1954.46,2245.98,No
2026-05-14,All Stores,All Products,6978.22,,food_and_beverage_stores_LGBM_model,,6929.37,7027.07,No
2026-05-14,All Stores,All Products,1000.00,,food_and_beverage_stores_PatchTST_model,,980.00,1020.00,No
2026-05-14,All Stores,All Products,1000.00,,food_and_beverage_stores_TimesNet_model,,980.00,1020.00,No
2026-05-14,All Stores,All Products,15247.76,,food_and_beverage_stores_autoarima_model,,13622.34,16873.17,No
2026-05-14,All Stores,All Products,15561.20,,food_and_beverage_stores_autoets_model,,14496.81,16625.58,No
2026-05-14,All Stores,All Products,15751.65,,food_and_beverage_stores_seasonalnaive_model,,14658.49,16844.82,No
2026-05-14,All Stores,All Products,566.02,,furniture_and_home_furnishings_stores_LGBM_model,,562.06,569.99,No
2026-05-14,All Stores,All Products,1000.00,,furniture_and_home_furnishings_stores_PatchTST_model,,980.00,1020.00,No
2026-05-14,All Stores,All Products,1000.00,,furniture_and_home_furnishings_stores_TimesNet_model,,980.00,1020.00,No
2026-05-14,All Stores,All Products,5082.59,,furniture_and_home_furnishings_stores_autoarima_model,,4540.78,5624.39,No
2026-05-14,All Stores,All Products,5187.07,,furniture_and_home_furnishings_stores_autoets_model,,4832.27,5541.86,No
2026-05-14,All Stores,All Products,5250.55,,furniture_and_home_furnishings_stores_seasonalnaive_model,,4886.16,5614.94,No
2026-05-14,All Stores,All Products,2254.98,,gasoline_stations_LGBM_model,,2239.19,2270.76,No
2026-05-14,All Stores,All Products,1000.00,,gasoline_stations_PatchTST_model,,980.00,1020.00,No
2026-05-14,All Stores,All Products,1000.00,,gasoline_stations_TimesNet_model,,980.00,1020.00,No
2026-05-14,All Stores,All Products,12198.20,,gasoline_stations_autoarima_model,,10897.88,13498.53,No
2026-05-14,All Stores,All Products,12448.96,,gasoline_stations_autoets_model,,11597.45,13300.47,No
2026-05-14,All Stores,All Products,12601.32,,gasoline_stations_seasonalnaive_model,,11726.79,13475.85,No
2026-05-14,All Stores,All Products,3657.83,,general_merchandise_stores_LGBM_model,,3632.22,3683.43,No
2026-05-14,All Stores,All Products,1000.00,,general_merchandise_stores_PatchTST_model,,980.00,1020.00,No
2026-05-14,All Stores,All Products,1000.00,,general_merchandise_stores_TimesNet_model,,980.00,1020.00,No
2026-05-14,All Stores,All Products,18297.31,,general_merchandise_stores_autoarima_model,,16346.81,20247.80,No
2026-05-14,All Stores,All Products,18673.44,,general_merchandise_stores_autoets_model,,17396.17,19950.70,No
2026-05-14,All Stores,All Products,18901.98,,general_merchandise_stores_seasonalnaive_model,,17590.18,20213.78,No
2026-05-14,All Stores,All Products,5298.13,,health_and_personal_care_stores_LGBM_model,,5261.04,5335.22,No
2026-05-14,All Stores,All Products,1000.00,,health_and_personal_care_stores_PatchTST_model,,980.00,1020.00,No
2026-05-14,All Stores,All Products,1000.00,,health_and_personal_care_stores_TimesNet_model,,980.00,1020.00,No
2026-05-14,All Stores,All Products,8132.14,,health_and_personal_care_stores_autoarima_model,,7265.25,8999.02,No
2026-05-14,All Stores,All Products,8299.30,,health_and_personal_care_stores_autoets_model,,7731.63,8866.98,No
2026-05-14,All Stores,All Products,8400.88,,health_and_personal_care_stores_seasonalnaive_model,,7817.86,8983.90,No
2026-05-14,All Stores,All Products,741.64,,sporting_goods_hobby_and_musical_instrument_stores_LGBM_model,,736.45,746.83,No
2026-05-14,All Stores,All Products,1000.00,,sporting_goods_hobby_and_musical_instrument_stores_PatchTST_model,,980.00,1020.00,No
2026-05-14,All Stores,All Products,1000.00,,sporting_goods_hobby_and_musical_instrument_stores_TimesNet_model,,980.00,1020.00,No
2026-05-14,All Stores,All Products,9148.65,,sporting_goods_hobby_and_musical_instrument_stores_autoarima_model,,8173.41,10123.90,No
2026-05-14,All Stores,All Products,9336.72,,sporting_goods_hobby_and_musical_instrument_stores_autoets_model,,8698.09,9975.35,No
2026-05-14,All Stores,All Products,9450.99,,sporting_goods_hobby_and_musical_instrument_stores_seasonalnaive_model,,8795.09,10106.89,No
2026-05-14,All Stores,All Products,24424.18,,total_sales_LGBM_model,,24253.21,24595.15,No
2026-05-14,All Stores,All Products,1000.00,,total_sales_PatchTST_model,,980.00,1020.00,No
2026-05-14,All Stores,All Products,1000.00,,total_sales_TimesNet_model,,980.00,1020.00,No
2026-05-14,All Stores,All Products,17280.79,,total_sales_autoarima_model,,15438.66,19122.92,No
2026-05-14,All Stores,All Products,17636.02,,total_sales_autoets_model,,16429.72,18842.33,No
2026-05-14,All Stores,All Products,17851.87,,total_sales_seasonalnaive_model,,16612.95,19090.79,No
2026-05-07,All Stores,All Products,12243.33,,automobile_dealers_LGBM_model,,12157.62,12329.03,No
2026-05-07,All Stores,All Products,1000.00,,automobile_dealers_PatchTST_model,,980.00,1020.00,No
2026-05-07,All Stores,All Products,1000.00,,automobile_dealers_TimesNet_model,,980.00,1020.00,No
2026-05-07,All Stores,All Products,25412.93,,automobile_dealers_autoarima_model,,22703.91,28121.94,No
2026-05-07,All Stores,All Products,25935.33,,automobile_dealers_autoets_model,,24161.35,27709.30,No
2026-05-07,All Stores,All Products,26252.75,,automobile_dealers_seasonalnaive_model,,24430.81,28074.69,No
2026-05-07,All Stores,All Products,548.26,,building_material_and_garden_equipment_LGBM_model,,544.42,552.10,No
2026-05-07,All Stores,All Products,1000.00,,building_material_and_garden_equipment_PatchTST_model,,980.00,1020.00,No
2026-05-07,All Stores,All Products,1000.00,,building_material_and_garden_equipment_TimesNet_model,,980.00,1020.00,No
2026-05-07,All Stores,All Products,35578.10,,building_material_and_garden_equipment_autoarima_model,,31785.47,39370.72,No
2026-05-07,All Stores,All Products,36309.46,,building_material_and_garden_equipment_autoets_model,,33825.89,38793.03,No
2026-05-07,All Stores,All Products,36753.85,,building_material_and_garden_equipment_seasonalnaive_model,,34203.14,39304.57,No
2026-05-07,All Stores,All Products,5747.20,,clothing_and_clothing_accessories_stores_LGBM_model,,5706.97,5787.43,No
2026-05-07,All Stores,All Products,1000.00,,clothing_and_clothing_accessories_stores_PatchTST_model,,980.00,1020.00,No
2026-05-07,All Stores,All Products,1000.00,,clothing_and_clothing_accessories_stores_TimesNet_model,,980.00,1020.00,No
2026-05-07,All Stores,All Products,6099.10,,clothing_and_clothing_accessories_stores_autoarima_model,,5448.94,6749.27,No
2026-05-07,All Stores,All Products,6224.48,,clothing_and_clothing_accessories_stores_autoets_model,,5798.72,6650.23,No
2026-05-07,All Stores,All Products,6300.66,,clothing_and_clothing_accessories_stores_seasonalnaive_model,,5863.39,6737.93,No
2026-05-07,All Stores,All Products,36960.31,,electronics_and_appliance_stores_LGBM_model,,36701.59,37219.03,No
2026-05-07,All Stores,All Products,1000.00,,electronics_and_appliance_stores_PatchTST_model,,980.00,1020.00,No
2026-05-07,All Stores,All Products,1000.00,,electronics_and_appliance_stores_TimesNet_model,,980.00,1020.00,No
2026-05-07,All Stores,All Products,2033.03,,electronics_and_appliance_stores_autoarima_model,,1816.31,2249.76,No
2026-05-07,All Stores,All Products,2074.83,,electronics_and_appliance_stores_autoets_model,,1932.91,2216.74,No
2026-05-07,All Stores,All Products,2100.22,,electronics_and_appliance_stores_seasonalnaive_model,,1954.46,2245.98,No
2026-05-07,All Stores,All Products,6978.22,,food_and_beverage_stores_LGBM_model,,6929.37,7027.07,No
2026-05-07,All Stores,All Products,1000.00,,food_and_beverage_stores_PatchTST_model,,980.00,1020.00,No
2026-05-07,All Stores,All Products,1000.00,,food_and_beverage_stores_TimesNet_model,,980.00,1020.00,No
2026-05-07,All Stores,All Products,15247.76,,food_and_beverage_stores_autoarima_model,,13622.34,16873.17,No
2026-05-07,All Stores,All Products,15561.20,,food_and_beverage_stores_autoets_model,,14496.81,16625.58,No
2026-05-07,All Stores,All Products,15751.65,,food_and_beverage_stores_seasonalnaive_model,,14658.49,16844.82,No
2026-05-07,All Stores,All Products,566.02,,furniture_and_home_furnishings_stores_LGBM_model,,562.06,569.99,No
2026-05-07,All Stores,All Products,1000.00,,furniture_and_home_furnishings_stores_PatchTST_model,,980.00,1020.00,No
2026-05-07,All Stores,All Products,1000.00,,furniture_and_home_furnishings_stores_TimesNet_model,,980.00,1020.00,No
2026-05-07,All Stores,All Products,5082.59,,furniture_and_home_furnishings_stores_autoarima_model,,4540.78,5624.39,No
2026-05-07,All Stores,All Products,5187.07,,furniture_and_home_furnishings_stores_autoets_model,,4832.27,5541.86,No
2026-05-07,All Stores,All Products,5250.55,,furniture_and_home_furnishings_stores_seasonalnaive_model,,4886.16,5614.94,No
2026-05-07,All Stores,All Products,2254.98,,gasoline_stations_LGBM_model,,2239.19,2270.76,No
2026-05-07,All Stores,All Products,1000.00,,gasoline_stations_PatchTST_model,,980.00,1020.00,No
2026-05-07,All Stores,All Products,1000.00,,gasoline_stations_TimesNet_model,,980.00,1020.00,No
2026-05-07,All Stores,All Products,12198.20,,gasoline_stations_autoarima_model,,10897.88,13498.53,No
2026-05-07,All Stores,All Products,12448.96,,gasoline_stations_autoets_model,,11597.45,13300.47,No
2026-05-07,All Stores,All Products,12601.32,,gasoline_stations_seasonalnaive_model,,11726.79,13475.85,No
2026-05-07,All Stores,All Products,3657.63,,general_merchandise_stores_LGBM_model,,3632.03,3683.24,No
2026-05-07,All Stores,All Products,1000.00,,general_merchandise_stores_PatchTST_model,,980.00,1020.00,No
2026-05-07,All Stores,All Products,1000.00,,general_merchandise_stores_TimesNet_model,,980.00,1020.00,No
2026-05-07,All Stores,All Products,18297.31,,general_merchandise_stores_autoarima_model,,16346.81,20247.80,No
2026-05-07,All Stores,All Products,18673.44,,general_merchandise_stores_autoets_model,,17396.17,19950.70,No
2026-05-07,All Stores,All Products,18901.98,,general_merchandise_stores_seasonalnaive_model,,17590.18,20213.78,No
2026-05-07,All Stores,All Products,5298.13,,health_and_personal_care_stores_LGBM_model,,5261.04,5335.22,No
2026-05-07,All Stores,All Products,1000.00,,health_and_personal_care_stores_PatchTST_model,,980.00,1020.00,No
2026-05-07,All Stores,All Products,1000.00,,health_and_personal_care_stores_TimesNet_model,,980.00,1020.00,No
2026-05-07,All Stores,All Products,8132.14,,health_and_personal_care_stores_autoarima_model,,7265.25,8999.02,No
2026-05-07,All Stores,All Products,8299.30,,health_and_personal_care_stores_autoets_model,,7731.63,8866.98,No
2026-05-07,All Stores,All Products,8400.88,,health_and_personal_care_stores_seasonalnaive_model,,7817.86,8983.90,No
2026-05-07,All Stores,All Products,741.64,,sporting_goods_hobby_and_musical_instrument_stores_LGBM_model,,736.45,746.83,No
2026-05-07,All Stores,All Products,1000.00,,sporting_goods_hobby_and_musical_instrument_stores_PatchTST_model,,980.00,1020.00,No
2026-05-07,All Stores,All Products,1000.00,,sporting_goods_hobby_and_musical_instrument_stores_TimesNet_model,,980.00,1020.00,No
2026-05-07,All Stores,All Products,9148.65,,sporting_goods_hobby_and_musical_instrument_stores_autoarima_model,,8173.41,10123.90,No
2026-05-07,All Stores,All Products,9336.72,,sporting_goods_hobby_and_musical_instrument_stores_autoets_model,,8698.09,9975.35,No
2026-05-07,All Stores,All Products,9450.99,,sporting_goods_hobby_and_musical_instrument_stores_seasonalnaive_model,,8795.09,10106.89,No
2026-05-07,All Stores,All Products,24424.18,,total_sales_LGBM_model,,24253.21,24595.15,No
2026-05-07,All Stores,All Products,1000.00,,total_sales_PatchTST_model,,980.00,1020.00,No
2026-05-07,All Stores,All Products,1000.00,,total_sales_TimesNet_model,,980.00,1020.00,No
2026-05-07,All Stores,All Products,17280.79,,total_sales_autoarima_model,,15438.66,19122.92,No
2026-05-07,All Stores,All Products,17636.02,,total_sales_autoets_model,,16429.72,18842.33,No
2026-05-07,All Stores,All Products,17851.87,,total_sales_seasonalnaive_model,,16612.95,19090.79,No
2026-04-30,All Stores,All Products,12229.70,,automobile_dealers_LGBM_model,,12144.09,12315.31,No
2026-04-30,All Stores,All Products,1000.00,,automobile_dealers_PatchTST_model,,980.00,1020.00,No
2026-04-30,All Stores,All Products,1000.00,,automobile_dealers_TimesNet_model,,980.00,1020.00,No
2026-04-30,All Stores,All Products,26298.81,,automobile_dealers_autoarima_model,,23495.36,29102.26,No
2026-04-30,All Stores,All Products,26839.42,,automobile_dealers_autoets_model,,25003.61,28675.24,No
2026-04-30,All Stores,All Products,27167.91,,automobile_dealers_seasonalnaive_model,,25282.46,29053.37,No
2026-04-30,All Stores,All Products,548.03,,building_material_and_garden_equipment_LGBM_model,,544.20,551.87,No
2026-04-30,All Stores,All Products,1000.00,,building_material_and_garden_equipment_PatchTST_model,,980.00,1020.00,No
2026-04-30,All Stores,All Products,1000.00,,building_material_and_garden_equipment_TimesNet_model,,980.00,1020.00,No
2026-04-30,All Stores,All Products,36818.33,,building_material_and_garden_equipment_autoarima_model,,32893.50,40743.17,No
2026-04-30,All Stores,All Products,37575.19,,building_material_and_garden_equipment_autoets_model,,35005.05,40145.33,No
2026-04-30,All Stores,All Products,38035.08,,building_material_and_garden_equipment_seasonalnaive_model,,35395.44,40674.71,No
2026-04-30,All Stores,All Products,5726.74,,clothing_and_clothing_accessories_stores_LGBM_model,,5686.65,5766.82,No
2026-04-30,All Stores,All Products,1000.00,,clothing_and_clothing_accessories_stores_PatchTST_model,,980.00,1020.00,No
2026-04-30,All Stores,All Products,1000.00,,clothing_and_clothing_accessories_stores_TimesNet_model,,980.00,1020.00,No
2026-04-30,All Stores,All Products,6311.71,,clothing_and_clothing_accessories_stores_autoarima_model,,5638.89,6984.54,No
2026-04-30,All Stores,All Products,6441.46,,clothing_and_clothing_accessories_stores_autoets_model,,6000.87,6882.06,No
2026-04-30,All Stores,All Products,6520.30,,clothing_and_clothing_accessories_stores_seasonalnaive_model,,6067.79,6972.81,No
2026-04-30,All Stores,All Products,36857.07,,electronics_and_appliance_stores_LGBM_model,,36599.07,37115.07,No
2026-04-30,All Stores,All Products,1000.00,,electronics_and_appliance_stores_PatchTST_model,,980.00,1020.00,No
2026-04-30,All Stores,All Products,1000.00,,electronics_and_appliance_stores_TimesNet_model,,980.00,1020.00,No
2026-04-30,All Stores,All Products,2103.90,,electronics_and_appliance_stores_autoarima_model,,1879.63,2328.18,No
2026-04-30,All Stores,All Products,2147.15,,electronics_and_appliance_stores_autoets_model,,2000.29,2294.02,No
2026-04-30,All Stores,All Products,2173.43,,electronics_and_appliance_stores_seasonalnaive_model,,2022.60,2324.27,No
2026-04-30,All Stores,All Products,6978.22,,food_and_beverage_stores_LGBM_model,,6929.37,7027.07,No
2026-04-30,All Stores,All Products,1000.00,,food_and_beverage_stores_PatchTST_model,,980.00,1020.00,No
2026-04-30,All Stores,All Products,1000.00,,food_and_beverage_stores_TimesNet_model,,980.00,1020.00,No
2026-04-30,All Stores,All Products,15779.29,,food_and_beverage_stores_autoarima_model,,14097.21,17461.36,No
2026-04-30,All Stores,All Products,16103.65,,food_and_beverage_stores_autoets_model,,15002.16,17205.14,No
2026-04-30,All Stores,All Products,16300.75,,food_and_beverage_stores_seasonalnaive_model,,15169.48,17432.02,No
2026-04-30,All Stores,All Products,566.02,,furniture_and_home_furnishings_stores_LGBM_model,,562.06,569.99,No
2026-04-30,All Stores,All Products,1000.00,,furniture_and_home_furnishings_stores_PatchTST_model,,980.00,1020.00,No
2026-04-30,All Stores,All Products,1000.00,,furniture_and_home_furnishings_stores_TimesNet_model,,980.00,1020.00,No
2026-04-30,All Stores,All Products,5259.76,,furniture_and_home_furnishings_stores_autoarima_model,,4699.07,5820.45,No
2026-04-30,All Stores,All Products,5367.88,,furniture_and_home_furnishings_stores_autoets_model,,5000.72,5735.05,No
2026-04-30,All Stores,All Products,5433.58,,furniture_and_home_furnishings_stores_seasonalnaive_model,,5056.49,5810.67,No
2026-04-30,All Stores,All Products,2259.55,,gasoline_stations_LGBM_model,,2243.74,2275.37,No
2026-04-30,All Stores,All Products,1000.00,,gasoline_stations_PatchTST_model,,980.00,1020.00,No
2026-04-30,All Stores,All Products,1000.00,,gasoline_stations_TimesNet_model,,980.00,1020.00,No
2026-04-30,All Stores,All Products,12623.43,,gasoline_stations_autoarima_model,,11277.77,13969.09,No
2026-04-30,All Stores,All Products,12882.92,,gasoline_stations_autoets_model,,12001.73,13764.11,No
2026-04-30,All Stores,All Products,13040.60,,gasoline_stations_seasonalnaive_model,,12135.58,13945.62,No
2026-04-30,All Stores,All Products,3656.88,,general_merchandise_stores_LGBM_model,,3631.28,3682.48,No
2026-04-30,All Stores,All Products,1000.00,,general_merchandise_stores_PatchTST_model,,980.00,1020.00,No
2026-04-30,All Stores,All Products,1000.00,,general_merchandise_stores_TimesNet_model,,980.00,1020.00,No
2026-04-30,All Stores,All Products,18935.14,,general_merchandise_stores_autoarima_model,,16916.66,20953.63,No
2026-04-30,All Stores,All Products,19324.38,,general_merchandise_stores_autoets_model,,18002.60,20646.17,No
2026-04-30,All Stores,All Products,19560.90,,general_merchandise_stores_seasonalnaive_model,,18203.37,20918.42,No
2026-04-30,All Stores,All Products,5306.30,,health_and_personal_care_stores_LGBM_model,,5269.16,5343.45,No
2026-04-30,All Stores,All Products,1000.00,,health_and_personal_care_stores_PatchTST_model,,980.00,1020.00,No
2026-04-30,All Stores,All Products,1000.00,,health_and_personal_care_stores_TimesNet_model,,980.00,1020.00,No
2026-04-30,All Stores,All Products,8415.62,,health_and_personal_care_stores_autoarima_model,,7518.51,9312.72,No
2026-04-30,All Stores,All Products,8588.62,,health_and_personal_care_stores_autoets_model,,8001.15,9176.08,No
2026-04-30,All Stores,All Products,8693.73,,health_and_personal_care_stores_seasonalnaive_model,,8090.39,9297.08,No
2026-04-30,All Stores,All Products,741.45,,sporting_goods_hobby_and_musical_instrument_stores_LGBM_model,,736.26,746.64,No
2026-04-30,All Stores,All Products,1000.00,,sporting_goods_hobby_and_musical_instrument_stores_PatchTST_model,,980.00,1020.00,No
2026-04-30,All Stores,All Products,1000.00,,sporting_goods_hobby_and_musical_instrument_stores_TimesNet_model,,980.00,1020.00,No
2026-04-30,All Stores,All Products,9467.57,,sporting_goods_hobby_and_musical_instrument_stores_autoarima_model,,8458.33,10476.81,No
2026-04-30,All Stores,All Products,9662.19,,sporting_goods_hobby_and_musical_instrument_stores_autoets_model,,9001.30,10323.09,No
2026-04-30,All Stores,All Products,9780.45,,sporting_goods_hobby_and_musical_instrument_stores_seasonalnaive_model,,9101.69,10459.21,No
2026-04-30,All Stores,All Products,24579.53,,total_sales_LGBM_model,,24407.48,24751.59,No
2026-04-30,All Stores,All Products,1000.00,,total_sales_PatchTST_model,,980.00,1020.00,No
2026-04-30,All Stores,All Products,1000.00,,total_sales_TimesNet_model,,980.00,1020.00,No
2026-04-30,All Stores,All Products,17883.19,,total_sales_autoarima_model,,15976.84,19789.54,No
2026-04-30,All Stores,All Products,18250.81,,total_sales_autoets_model,,17002.45,19499.16,No
2026-04-30,All Stores,All Products,18474.18,,total_sales_seasonalnaive_model,,17192.07,19756.29,No
2026-04-23,All Stores,All Products,12229.70,,automobile_dealers_LGBM_model,,12144.09,12315.31,No
2026-04-23,All Stores,All Products,1000.00,,automobile_dealers_PatchTST_model,,980.00,1020.00,No
2026-04-23,All Stores,All Products,1000.00,,automobile_dealers_TimesNet_model,,980.00,1020.00,No
2026-04-23,All Stores,All Products,26298.81,,automobile_dealers_autoarima_model,,23495.36,29102.26,No
2026-04-23,All Stores,All Products,26839.42,,automobile_dealers_autoets_model,,25003.61,28675.24,No
2026-04-23,All Stores,All Products,27167.91,,automobile_dealers_seasonalnaive_model,,25282.46,29053.37,No
2026-04-23,All Stores,All Products,548.03,,building_material_and_garden_equipment_LGBM_model,,544.20,551.87,No
2026-04-23,All Stores,All Products,1000.00,,building_material_and_garden_equipment_PatchTST_model,,980.00,1020.00,No
2026-04-23,All Stores,All Products,1000.00,,building_material_and_garden_equipment_TimesNet_model,,980.00,1020.00,No
2026-04-23,All Stores,All Products,36818.33,,building_material_and_garden_equipment_autoarima_model,,32893.50,40743.17,No
2026-04-23,All Stores,All Products,37575.19,,building_material_and_garden_equipment_autoets_model,,35005.05,40145.33,No
2026-04-23,All Stores,All Products,38035.08,,building_material_and_garden_equipment_seasonalnaive_model,,35395.44,40674.71,No
2026-04-23,All Stores,All Products,5726.74,,clothing_and_clothing_accessories_stores_LGBM_model,,5686.65,5766.82,No
2026-04-23,All Stores,All Products,1000.00,,clothing_and_clothing_accessories_stores_PatchTST_model,,980.00,1020.00,No
2026-04-23,All Stores,All Products,1000.00,,clothing_and_clothing_accessories_stores_TimesNet_model,,980.00,1020.00,No
2026-04-23,All Stores,All Products,6311.71,,clothing_and_clothing_accessories_stores_autoarima_model,,5638.89,6984.54,No
2026-04-23,All Stores,All Products,6441.46,,clothing_and_clothing_accessories_stores_autoets_model,,6000.87,6882.06,No
2026-04-23,All Stores,All Products,6520.30,,clothing_and_clothing_accessories_stores_seasonalnaive_model,,6067.79,6972.81,No
2026-04-23,All Stores,All Products,36857.07,,electronics_and_appliance_stores_LGBM_model,,36599.07,37115.07,No
2026-04-23,All Stores,All Products,1000.00,,electronics_and_appliance_stores_PatchTST_model,,980.00,1020.00,No
2026-04-23,All Stores,All Products,1000.00,,electronics_and_appliance_stores_TimesNet_model,,980.00,1020.00,No
2026-04-23,All Stores,All Products,2103.90,,electronics_and_appliance_stores_autoarima_model,,1879.63,2328.18,No
2026-04-23,All Stores,All Products,2147.15,,electronics_and_appliance_stores_autoets_model,,2000.29,2294.02,No
2026-04-23,All Stores,All Products,2173.43,,electronics_and_appliance_stores_seasonalnaive_model,,2022.60,2324.27,No
2026-04-23,All Stores,All Products,6978.22,,food_and_beverage_stores_LGBM_model,,6929.37,7027.07,No
2026-04-23,All Stores,All Products,1000.00,,food_and_beverage_stores_PatchTST_model,,980.00,1020.00,No
2026-04-23,All Stores,All Products,1000.00,,food_and_beverage_stores_TimesNet_model,,980.00,1020.00,No
2026-04-23,All Stores,All Products,15779.29,,food_and_beverage_stores_autoarima_model,,14097.21,17461.36,No
2026-04-23,All Stores,All Products,16103.65,,food_and_beverage_stores_autoets_model,,15002.16,17205.14,No
2026-04-23,All Stores,All Products,16300.75,,food_and_beverage_stores_seasonalnaive_model,,15169.48,17432.02,No
2026-04-23,All Stores,All Products,566.02,,furniture_and_home_furnishings_stores_LGBM_model,,562.06,569.99,No
2026-04-23,All Stores,All Products,1000.00,,furniture_and_home_furnishings_stores_PatchTST_model,,980.00,1020.00,No
2026-04-23,All Stores,All Products,1000.00,,furniture_and_home_furnishings_stores_TimesNet_model,,980.00,1020.00,No
2026-04-23,All Stores,All Products,5259.76,,furniture_and_home_furnishings_stores_autoarima_model,,4699.07,5820.45,No
2026-04-23,All Stores,All Products,5367.88,,furniture_and_home_furnishings_stores_autoets_model,,5000.72,5735.05,No
2026-04-23,All Stores,All Products,5433.58,,furniture_and_home_furnishings_stores_seasonalnaive_model,,5056.49,5810.67,No
2026-04-23,All Stores,All Products,2259.55,,gasoline_stations_LGBM_model,,2243.74,2275.37,No
2026-04-23,All Stores,All Products,1000.00,,gasoline_stations_PatchTST_model,,980.00,1020.00,No
2026-04-23,All Stores,All Products,1000.00,,gasoline_stations_TimesNet_model,,980.00,1020.00,No
2026-04-23,All Stores,All Products,12623.43,,gasoline_stations_autoarima_model,,11277.77,13969.09,No
2026-04-23,All Stores,All Products,12882.92,,gasoline_stations_autoets_model,,12001.73,13764.11,No
2026-04-23,All Stores,All Products,13040.60,,gasoline_stations_seasonalnaive_model,,12135.58,13945.62,No
2026-04-23,All Stores,All Products,3656.88,,general_merchandise_stores_LGBM_model,,3631.28,3682.48,No
2026-04-23,All Stores,All Products,1000.00,,general_merchandise_stores_PatchTST_model,,980.00,1020.00,No
2026-04-23,All Stores,All Products,1000.00,,general_merchandise_stores_TimesNet_model,,980.00,1020.00,No
2026-04-23,All Stores,All Products,18935.14,,general_merchandise_stores_autoarima_model,,16916.66,20953.63,No
2026-04-23,All Stores,All Products,19324.38,,general_merchandise_stores_autoets_model,,18002.60,20646.17,No
2026-04-23,All Stores,All Products,19560.90,,general_merchandise_stores_seasonalnaive_model,,18203.37,20918.42,No
2026-04-23,All Stores,All Products,5306.30,,health_and_personal_care_stores_LGBM_model,,5269.16,5343.45,No
2026-04-23,All Stores,All Products,1000.00,,health_and_personal_care_stores_PatchTST_model,,980.00,1020.00,No
2026-04-23,All Stores,All Products,1000.00,,health_and_personal_care_stores_TimesNet_model,,980.00,1020.00,No
2026-04-23,All Stores,All Products,8415.62,,health_and_personal_care_stores_autoarima_model,,7518.51,9312.72,No
2026-04-23,All Stores,All Products,8588.62,,health_and_personal_care_stores_autoets_model,,8001.15,9176.08,No
2026-04-23,All Stores,All Products,8693.73,,health_and_personal_care_stores_seasonalnaive_model,,8090.39,9297.08,No
2026-04-23,All Stores,All Products,741.39,,sporting_goods_hobby_and_musical_instrument_stores_LGBM_model,,736.20,746.58,No
2026-04-23,All Stores,All Products,1000.00,,sporting_goods_hobby_and_musical_instrument_stores_PatchTST_model,,980.00,1020.00,No
2026-04-23,All Stores,All Products,1000.00,,sporting_goods_hobby_and_musical_instrument_stores_TimesNet_model,,980.00,1020.00,No
2026-04-23,All Stores,All Products,9467.57,,sporting_goods_hobby_and_musical_instrument_stores_autoarima_model,,8458.33,10476.81,No
2026-04-23,All Stores,All Products,9662.19,,sporting_goods_hobby_and_musical_instrument_stores_autoets_model,,9001.30,10323.09,No
2026-04-23,All Stores,All Products,9780.45,,sporting_goods_hobby_and_musical_instrument_stores_seasonalnaive_model,,9101.69,10459.21,No
2026-04-23,All Stores,All Products,24579.53,,total_sales_LGBM_model,,24407.48,24751.59,No
2026-04-23,All Stores,All Products,1000.00,,total_sales_PatchTST_model,,980.00,1020.00,No
2026-04-23,All Stores,All Products,1000.00,,total_sales_TimesNet_model,,980.00,1020.00,No
2026-04-23,All Stores,All Products,17883.19,,total_sales_autoarima_model,,15976.84,19789.54,No
2026-04-23,All Stores,All Products,18250.81,,total_sales_autoets_model,,17002.45,19499.16,No
2026-04-23,All Stores,All Products,18474.18,,total_sales_seasonalnaive_model,,17192.07,19756.29,No
2026-04-16,All Stores,All Products,12229.70,,automobile_dealers_LGBM_model,,12144.09,12315.31,No
2026-04-16,All Stores,All Products,1000.00,,automobile_dealers_PatchTST_model,,980.00,1020.00,No
2026-04-16,All Stores,All Products,1000.00,,automobile_dealers_TimesNet_model,,980.00,1020.00,No
2026-04-16,All Stores,All Products,26298.81,,automobile_dealers_autoarima_model,,23495.36,29102.26,No
2026-04-16,All Stores,All Products,26839.42,,automobile_dealers_autoets_model,,25003.61,28675.24,No
2026-04-16,All Stores,All Products,27167.91,,automobile_dealers_seasonalnaive_model,,25282.46,29053.37,No
2026-04-16,All Stores,All Products,548.03,,building_material_and_garden_equipment_LGBM_model,,544.20,551.87,No
2026-04-16,All Stores,All Products,1000.00,,building_material_and_garden_equipment_PatchTST_model,,980.00,1020.00,No
2026-04-16,All Stores,All Products,1000.00,,building_material_and_garden_equipment_TimesNet_model,,980.00,1020.00,No
2026-04-16,All Stores,All Products,36818.33,,building_material_and_garden_equipment_autoarima_model,,32893.50,40743.17,No
2026-04-16,All Stores,All Products,37575.19,,building_material_and_garden_equipment_autoets_model,,35005.05,40145.33,No
2026-04-16,All Stores,All Products,38035.08,,building_material_and_garden_equipment_seasonalnaive_model,,35395.44,40674.71,No
2026-04-16,All Stores,All Products,5726.74,,clothing_and_clothing_accessories_stores_LGBM_model,,5686.65,5766.82,No
2026-04-16,All Stores,All Products,1000.00,,clothing_and_clothing_accessories_stores_PatchTST_model,,980.00,1020.00,No
2026-04-16,All Stores,All Products,1000.00,,clothing_and_clothing_accessories_stores_TimesNet_model,,980.00,1020.00,No
2026-04-16,All Stores,All Products,6311.71,,clothing_and_clothing_accessories_stores_autoarima_model,,5638.89,6984.54,No
2026-04-16,All Stores,All Products,6441.46,,clothing_and_clothing_accessories_stores_autoets_model,,6000.87,6882.06,No
2026-04-16,All Stores,All Products,6520.30,,clothing_and_clothing_accessories_stores_seasonalnaive_model,,6067.79,6972.81,No
2026-04-16,All Stores,All Products,36857.07,,electronics_and_appliance_stores_LGBM_model,,36599.07,37115.07,No
2026-04-16,All Stores,All Products,1000.00,,electronics_and_appliance_stores_PatchTST_model,,980.00,1020.00,No
2026-04-16,All Stores,All Products,1000.00,,electronics_and_appliance_stores_TimesNet_model,,980.00,1020.00,No
2026-04-16,All Stores,All Products,2103.90,,electronics_and_appliance_stores_autoarima_model,,1879.63,2328.18,No
2026-04-16,All Stores,All Products,2147.15,,electronics_and_appliance_stores_autoets_model,,2000.29,2294.02,No
2026-04-16,All Stores,All Products,2173.43,,electronics_and_appliance_stores_seasonalnaive_model,,2022.60,2324.27,No
2026-04-16,All Stores,All Products,6978.22,,food_and_beverage_stores_LGBM_model,,6929.37,7027.07,No
2026-04-16,All Stores,All Products,1000.00,,food_and_beverage_stores_PatchTST_model,,980.00,1020.00,No
2026-04-16,All Stores,All Products,1000.00,,food_and_beverage_stores_TimesNet_model,,980.00,1020.00,No
2026-04-16,All Stores,All Products,15779.29,,food_and_beverage_stores_autoarima_model,,14097.21,17461.36,No
2026-04-16,All Stores,All Products,16103.65,,food_and_beverage_stores_autoets_model,,15002.16,17205.14,No
2026-04-16,All Stores,All Products,16300.75,,food_and_beverage_stores_seasonalnaive_model,,15169.48,17432.02,No
2026-04-16,All Stores,All Products,566.02,,furniture_and_home_furnishings_stores_LGBM_model,,562.06,569.99,No
2026-04-16,All Stores,All Products,1000.00,,furniture_and_home_furnishings_stores_PatchTST_model,,980.00,1020.00,No
2026-04-16,All Stores,All Products,1000.00,,furniture_and_home_furnishings_stores_TimesNet_model,,980.00,1020.00,No
2026-04-16,All Stores,All Products,5259.76,,furniture_and_home_furnishings_stores_autoarima_model,,4699.07,5820.45,No
2026-04-16,All Stores,All Products,5367.88,,furniture_and_home_furnishings_stores_autoets_model,,5000.72,5735.05,No
2026-04-16,All Stores,All Products,5433.58,,furniture_and_home_furnishings_stores_seasonalnaive_model,,5056.49,5810.67,No
2026-04-16,All Stores,All Products,2259.55,,gasoline_stations_LGBM_model,,2243.74,2275.37,No
2026-04-16,All Stores,All Products,1000.00,,gasoline_stations_PatchTST_model,,980.00,1020.00,No
2026-04-16,All Stores,All Products,1000.00,,gasoline_stations_TimesNet_model,,980.00,1020.00,No
2026-04-16,All Stores,All Products,12623.43,,gasoline_stations_autoarima_model,,11277.77,13969.09,No
2026-04-16,All Stores,All Products,12882.92,,gasoline_stations_autoets_model,,12001.73,13764.11,No
2026-04-16,All Stores,All Products,13040.60,,gasoline_stations_seasonalnaive_model,,12135.58,13945.62,No
2026-04-16,All Stores,All Products,3656.65,,general_merchandise_stores_LGBM_model,,3631.06,3682.25,No
2026-04-16,All Stores,All Products,1000.00,,general_merchandise_stores_PatchTST_model,,980.00,1020.00,No
2026-04-16,All Stores,All Products,1000.00,,general_merchandise_stores_TimesNet_model,,980.00,1020.00,No
2026-04-16,All Stores,All Products,18935.14,,general_merchandise_stores_autoarima_model,,16916.66,20953.63,No
2026-04-16,All Stores,All Products,19324.38,,general_merchandise_stores_autoets_model,,18002.60,20646.17,No
2026-04-16,All Stores,All Products,19560.90,,general_merchandise_stores_seasonalnaive_model,,18203.37,20918.42,No
2026-04-16,All Stores,All Products,5306.30,,health_and_personal_care_stores_LGBM_model,,5269.16,5343.45,No
2026-04-16,All Stores,All Products,1000.00,,health_and_personal_care_stores_PatchTST_model,,980.00,1020.00,No
2026-04-16,All Stores,All Products,1000.00,,health_and_personal_care_stores_TimesNet_model,,980.00,1020.00,No
2026-04-16,All Stores,All Products,8415.62,,health_and_personal_care_stores_autoarima_model,,7518.51,9312.72,No
2026-04-16,All Stores,All Products,8588.62,,health_and_personal_care_stores_autoets_model,,8001.15,9176.08,No
2026-04-16,All Stores,All Products,8693.73,,health_and_personal_care_stores_seasonalnaive_model,,8090.39,9297.08,No
2026-04-16,All Stores,All Products,741.39,,sporting_goods_hobby_and_musical_instrument_stores_LGBM_model,,736.20,746.58,No
2026-04-16,All Stores,All Products,1000.00,,sporting_goods_hobby_and_musical_instrument_stores_PatchTST_model,,980.00,1020.00,No
2026-04-16,All Stores,All Products,1000.00,,sporting_goods_hobby_and_musical_instrument_stores_TimesNet_model,,980.00,1020.00,No
2026-04-16,All Stores,All Products,9467.57,,sporting_goods_hobby_and_musical_instrument_stores_autoarima_model,,8458.33,10476.81,No
2026-04-16,All Stores,All Products,9662.19,,sporting_goods_hobby_and_musical_instrument_stores_autoets_model,,9001.30,10323.09,No
2026-04-16,All Stores,All Products,9780.45,,sporting_goods_hobby_and_musical_instrument_stores_seasonalnaive_model,,9101.69,10459.21,No
2026-04-16,All Stores,All Products,24579.53,,total_sales_LGBM_model,,24407.48,24751.59,No
2026-04-16,All Stores,All Products,1000.00,,total_sales_PatchTST_model,,980.00,1020.00,No
2026-04-16,All Stores,All Products,1000.00,,total_sales_TimesNet_model,,980.00,1020.00,No
2026-04-16,All Stores,All Products,17883.19,,total_sales_autoarima_model,,15976.84,19789.54,No
2026-04-16,All Stores,All Products,18250.81,,total_sales_autoets_model,,17002.45,19499.16,No
2026-04-16,All Stores,All Products,18474.18,,total_sales_seasonalnaive_model,,17192.07,19756.29,No
2026-04-09,All Stores,All Products,12229.70,,automobile_dealers_LGBM_model,,12144.09,12315.31,No
2026-04-09,All Stores,All Products,1000.00,,automobile_dealers_PatchTST_model,,980.00,1020.00,No
2026-04-09,All Stores,All Products,1000.00,,automobile_dealers_TimesNet_model,,980.00,1020.00,No
2026-04-09,All Stores,All Products,26298.81,,automobile_dealers_autoarima_model,,23495.36,29102.26,No
2026-04-09,All Stores,All Products,26839.42,,automobile_dealers_autoets_model,,25003.61,28675.24,No
2026-04-09,All Stores,All Products,27167.91,,automobile_dealers_seasonalnaive_model,,25282.46,29053.37,No
2026-04-09,All Stores,All Products,548.02,,building_material_and_garden_equipment_LGBM_model,,544.18,551.85,No
2026-04-09,All Stores,All Products,1000.00,,building_material_and_garden_equipment_PatchTST_model,,980.00,1020.00,No
2026-04-09,All Stores,All Products,1000.00,,building_material_and_garden_equipment_TimesNet_model,,980.00,1020.00,No
2026-04-09,All Stores,All Products,36818.33,,building_material_and_garden_equipment_autoarima_model,,32893.50,40743.17,No
2026-04-09,All Stores,All Products,37575.19,,building_material_and_garden_equipment_autoets_model,,35005.05,40145.33,No
2026-04-09,All Stores,All Products,38035.08,,building_material_and_garden_equipment_seasonalnaive_model,,35395.44,40674.71,No
2026-04-09,All Stores,All Products,5726.74,,clothing_and_clothing_accessories_stores_LGBM_model,,5686.65,5766.82,No
2026-04-09,All Stores,All Products,1000.00,,clothing_and_clothing_accessories_stores_PatchTST_model,,980.00,1020.00,No
2026-04-09,All Stores,All Products,1000.00,,clothing_and_clothing_accessories_stores_TimesNet_model,,980.00,1020.00,No
2026-04-09,All Stores,All Products,6311.71,,clothing_and_clothing_accessories_stores_autoarima_model,,5638.89,6984.54,No
2026-04-09,All Stores,All Products,6441.46,,clothing_and_clothing_accessories_stores_autoets_model,,6000.87,6882.06,No
2026-04-09,All Stores,All Products,6520.30,,clothing_and_clothing_accessories_stores_seasonalnaive_model,,6067.79,6972.81,No
2026-04-09,All Stores,All Products,36857.07,,electronics_and_appliance_stores_LGBM_model,,36599.07,37115.07,No
2026-04-09,All Stores,All Products,1000.00,,electronics_and_appliance_stores_PatchTST_model,,980.00,1020.00,No
2026-04-09,All Stores,All Products,1000.00,,electronics_and_appliance_stores_TimesNet_model,,980.00,1020.00,No
2026-04-09,All Stores,All Products,2103.90,,electronics_and_appliance_stores_autoarima_model,,1879.63,2328.18,No
2026-04-09,All Stores,All Products,2147.15,,electronics_and_appliance_stores_autoets_model,,2000.29,2294.02,No
2026-04-09,All Stores,All Products,2173.43,,electronics_and_appliance_stores_seasonalnaive_model,,2022.60,2324.27,No
2026-04-09,All Stores,All Products,6978.22,,food_and_beverage_stores_LGBM_model,,6929.37,7027.07,No
2026-04-09,All Stores,All Products,1000.00,,food_and_beverage_stores_PatchTST_model,,980.00,1020.00,No
2026-04-09,All Stores,All Products,1000.00,,food_and_beverage_stores_TimesNet_model,,980.00,1020.00,No
2026-04-09,All Stores,All Products,15779.29,,food_and_beverage_stores_autoarima_model,,14097.21,17461.36,No
2026-04-09,All Stores,All Products,16103.65,,food_and_beverage_stores_autoets_model,,15002.16,17205.14,No
2026-04-09,All Stores,All Products,16300.75,,food_and_beverage_stores_seasonalnaive_model,,15169.48,17432.02,No
2026-04-09,All Stores,All Products,566.11,,furniture_and_home_furnishings_stores_LGBM_model,,562.15,570.08,No
2026-04-09,All Stores,All Products,1000.00,,furniture_and_home_furnishings_stores_PatchTST_model,,980.00,1020.00,No
2026-04-09,All Stores,All Products,1000.00,,furniture_and_home_furnishings_stores_TimesNet_model,,980.00,1020.00,No
2026-04-09,All Stores,All Products,5259.76,,furniture_and_home_furnishings_stores_autoarima_model,,4699.07,5820.45,No
2026-04-09,All Stores,All Products,5367.88,,furniture_and_home_furnishings_stores_autoets_model,,5000.72,5735.05,No
2026-04-09,All Stores,All Products,5433.58,,furniture_and_home_furnishings_stores_seasonalnaive_model,,5056.49,5810.67,No
2026-04-09,All Stores,All Products,2259.55,,gasoline_stations_LGBM_model,,2243.74,2275.37,No
2026-04-09,All Stores,All Products,1000.00,,gasoline_stations_PatchTST_model,,980.00,1020.00,No
2026-04-09,All Stores,All Products,1000.00,,gasoline_stations_TimesNet_model,,980.00,1020.00,No
2026-04-09,All Stores,All Products,12623.43,,gasoline_stations_autoarima_model,,11277.77,13969.09,No
2026-04-09,All Stores,All Products,12882.92,,gasoline_stations_autoets_model,,12001.73,13764.11,No
2026-04-09,All Stores,All Products,13040.60,,gasoline_stations_seasonalnaive_model,,12135.58,13945.62,No
2026-04-09,All Stores,All Products,3656.65,,general_merchandise_stores_LGBM_model,,3631.06,3682.25,No
2026-04-09,All Stores,All Products,1000.00,,general_merchandise_stores_PatchTST_model,,980.00,1020.00,No
2026-04-09,All Stores,All Products,1000.00,,general_merchandise_stores_TimesNet_model,,980.00,1020.00,No
2026-04-09,All Stores,All Products,18935.14,,general_merchandise_stores_autoarima_model,,16916.66,20953.63,No
2026-04-09,All Stores,All Products,19324.38,,general_merchandise_stores_autoets_model,,18002.60,20646.17,No
2026-04-09,All Stores,All Products,19560.90,,general_merchandise_stores_seasonalnaive_model,,18203.37,20918.42,No
2026-04-09,All Stores,All Products,5306.30,,health_and_personal_care_stores_LGBM_model,,5269.16,5343.45,No
2026-04-09,All Stores,All Products,1000.00,,health_and_personal_care_stores_PatchTST_model,,980.00,1020.00,No
2026-04-09,All Stores,All Products,1000.00,,health_and_personal_care_stores_TimesNet_model,,980.00,1020.00,No
2026-04-09,All Stores,All Products,8415.62,,health_and_personal_care_stores_autoarima_model,,7518.51,9312.72,No
2026-04-09,All Stores,All Products,8588.62,,health_and_personal_care_stores_autoets_model,,8001.15,9176.08,No
2026-04-09,All Stores,All Products,8693.73,,health_and_personal_care_stores_seasonalnaive_model,,8090.39,9297.08,No
2026-04-09,All Stores,All Products,741.19,,sporting_goods_hobby_and_musical_instrument_stores_LGBM_model,,736.00,746.38,No
2026-04-09,All Stores,All Products,1000.00,,sporting_goods_hobby_and_musical_instrument_stores_PatchTST_model,,980.00,1020.00,No
2026-04-09,All Stores,All Products,1000.00,,sporting_goods_hobby_and_musical_instrument_stores_TimesNet_model,,980.00,1020.00,No
2026-04-09,All Stores,All Products,9467.57,,sporting_goods_hobby_and_musical_instrument_stores_autoarima_model,,8458.33,10476.81,No
2026-04-09,All Stores,All Products,9662.19,,sporting_goods_hobby_and_musical_instrument_stores_autoets_model,,9001.30,10323.09,No
2026-04-09,All Stores,All Products,9780.45,,sporting_goods_hobby_and_musical_instrument_stores_seasonalnaive_model,,9101.69,10459.21,No
2026-04-09,All Stores,All Products,24579.53,,total_sales_LGBM_model,,24407.48,24751.59,No
2026-04-09,All Stores,All Products,1000.00,,total_sales_PatchTST_model,,980.00,1020.00,No
2026-04-09,All Stores,All Products,1000.00,,total_sales_TimesNet_model,,980.00,1020.00,No
2026-04-09,All Stores,All Products,17883.19,,total_sales_autoarima_model,,15976.84,19789.54,No
2026-04-09,All Stores,All Products,18250.81,,total_sales_autoets_model,,17002.45,19499.16,No
2026-04-09,All Stores,All Products,18474.18,,total_sales_seasonalnaive_model,,17192.07,19756.29,No
2026-04-02,All Stores,All Products,12229.70,,automobile_dealers_LGBM_model,,12144.09,12315.31,No
2026-04-02,All Stores,All Products,1000.00,,automobile_dealers_PatchTST_model,,980.00,1020.00,No
2026-04-02,All Stores,All Products,1000.00,,automobile_dealers_TimesNet_model,,980.00,1020.00,No
2026-04-02,All Stores,All Products,26298.81,,automobile_dealers_autoarima_model,,23495.36,29102.26,No
2026-04-02,All Stores,All Products,26839.42,,automobile_dealers_autoets_model,,25003.61,28675.24,No
2026-04-02,All Stores,All Products,27167.91,,automobile_dealers_seasonalnaive_model,,25282.46,29053.37,No
2026-04-02,All Stores,All Products,548.02,,building_material_and_garden_equipment_LGBM_model,,544.18,551.85,No
2026-04-02,All Stores,All Products,1000.00,,building_material_and_garden_equipment_PatchTST_model,,980.00,1020.00,No
2026-04-02,All Stores,All Products,1000.00,,building_material_and_garden_equipment_TimesNet_model,,980.00,1020.00,No
2026-04-02,All Stores,All Products,36818.33,,building_material_and_garden_equipment_autoarima_model,,32893.50,40743.17,No
2026-04-02,All Stores,All Products,37575.19,,building_material_and_garden_equipment_autoets_model,,35005.05,40145.33,No
2026-04-02,All Stores,All Products,38035.08,,building_material_and_garden_equipment_seasonalnaive_model,,35395.44,40674.71,No
2026-04-02,All Stores,All Products,5726.74,,clothing_and_clothing_accessories_stores_LGBM_model,,5686.65,5766.82,No
2026-04-02,All Stores,All Products,1000.00,,clothing_and_clothing_accessories_stores_PatchTST_model,,980.00,1020.00,No
2026-04-02,All Stores,All Products,1000.00,,clothing_and_clothing_accessories_stores_TimesNet_model,,980.00,1020.00,No
2026-04-02,All Stores,All Products,6311.71,,clothing_and_clothing_accessories_stores_autoarima_model,,5638.89,6984.54,No
2026-04-02,All Stores,All Products,6441.46,,clothing_and_clothing_accessories_stores_autoets_model,,6000.87,6882.06,No
2026-04-02,All Stores,All Products,6520.30,,clothing_and_clothing_accessories_stores_seasonalnaive_model,,6067.79,6972.81,No
2026-04-02,All Stores,All Products,36857.07,,electronics_and_appliance_stores_LGBM_model,,36599.07,37115.07,No
2026-04-02,All Stores,All Products,1000.00,,electronics_and_appliance_stores_PatchTST_model,,980.00,1020.00,No
2026-04-02,All Stores,All Products,1000.00,,electronics_and_appliance_stores_TimesNet_model,,980.00,1020.00,No
2026-04-02,All Stores,All Products,2103.90,,electronics_and_appliance_stores_autoarima_model,,1879.63,2328.18,No
2026-04-02,All Stores,All Products,2147.15,,electronics_and_appliance_stores_autoets_model,,2000.29,2294.02,No
2026-04-02,All Stores,All Products,2173.43,,electronics_and_appliance_stores_seasonalnaive_model,,2022.60,2324.27,No
2026-04-02,All Stores,All Products,6978.22,,food_and_beverage_stores_LGBM_model,,6929.37,7027.07,No
2026-04-02,All Stores,All Products,1000.00,,food_and_beverage_stores_PatchTST_model,,980.00,1020.00,No
2026-04-02,All Stores,All Products,1000.00,,food_and_beverage_stores_TimesNet_model,,980.00,1020.00,No
2026-04-02,All Stores,All Products,15779.29,,food_and_beverage_stores_autoarima_model,,14097.21,17461.36,No
2026-04-02,All Stores,All Products,16103.65,,food_and_beverage_stores_autoets_model,,15002.16,17205.14,No
2026-04-02,All Stores,All Products,16300.75,,food_and_beverage_stores_seasonalnaive_model,,15169.48,17432.02,No
2026-04-02,All Stores,All Products,566.11,,furniture_and_home_furnishings_stores_LGBM_model,,562.15,570.08,No
2026-04-02,All Stores,All Products,1000.00,,furniture_and_home_furnishings_stores_PatchTST_model,,980.00,1020.00,No
2026-04-02,All Stores,All Products,1000.00,,furniture_and_home_furnishings_stores_TimesNet_model,,980.00,1020.00,No
2026-04-02,All Stores,All Products,5259.76,,furniture_and_home_furnishings_stores_autoarima_model,,4699.07,5820.45,No
2026-04-02,All Stores,All Products,5367.88,,furniture_and_home_furnishings_stores_autoets_model,,5000.72,5735.05,No
2026-04-02,All Stores,All Products,5433.58,,furniture_and_home_furnishings_stores_seasonalnaive_model,,5056.49,5810.67,No
2026-04-02,All Stores,All Products,2259.09,,gasoline_stations_LGBM_model,,2243.28,2274.91,No
2026-04-02,All Stores,All Products,1000.00,,gasoline_stations_PatchTST_model,,980.00,1020.00,No
2026-04-02,All Stores,All Products,1000.00,,gasoline_stations_TimesNet_model,,980.00,1020.00,No
2026-04-02,All Stores,All Products,12623.43,,gasoline_stations_autoarima_model,,11277.77,13969.09,No
2026-04-02,All Stores,All Products,12882.92,,gasoline_stations_autoets_model,,12001.73,13764.11,No
2026-04-02,All Stores,All Products,13040.60,,gasoline_stations_seasonalnaive_model,,12135.58,13945.62,No
2026-04-02,All Stores,All Products,3656.65,,general_merchandise_stores_LGBM_model,,3631.06,3682.25,No
2026-04-02,All Stores,All Products,1000.00,,general_merchandise_stores_PatchTST_model,,980.00,1020.00,No
2026-04-02,All Stores,All Products,1000.00,,general_merchandise_stores_TimesNet_model,,980.00,1020.00,No
2026-04-02,All Stores,All Products,18935.14,,general_merchandise_stores_autoarima_model,,16916.66,20953.63,No
2026-04-02,All Stores,All Products,19324.38,,general_merchandise_stores_autoets_model,,18002.60,20646.17,No
2026-04-02,All Stores,All Products,19560.90,,general_merchandise_stores_seasonalnaive_model,,18203.37,20918.42,No
2026-04-02,All Stores,All Products,5306.30,,health_and_personal_care_stores_LGBM_model,,5269.16,5343.45,No
2026-04-02,All Stores,All Products,1000.00,,health_and_personal_care_stores_PatchTST_model,,980.00,1020.00,No
2026-04-02,All Stores,All Products,1000.00,,health_and_personal_care_stores_TimesNet_model,,980.00,1020.00,No
2026-04-02,All Stores,All Products,8415.62,,health_and_personal_care_stores_autoarima_model,,7518.51,9312.72,No
2026-04-02,All Stores,All Products,8588.62,,health_and_personal_care_stores_autoets_model,,8001.15,9176.08,No
2026-04-02,All Stores,All Products,8693.73,,health_and_personal_care_stores_seasonalnaive_model,,8090.39,9297.08,No
2026-04-02,All Stores,All Products,741.19,,sporting_goods_hobby_and_musical_instrument_stores_LGBM_model,,736.00,746.38,No
2026-04-02,All Stores,All Products,1000.00,,sporting_goods_hobby_and_musical_instrument_stores_PatchTST_model,,980.00,1020.00,No
2026-04-02,All Stores,All Products,1000.00,,sporting_goods_hobby_and_musical_instrument_stores_TimesNet_model,,980.00,1020.00,No
2026-04-02,All Stores,All Products,9467.57,,sporting_goods_hobby_and_musical_instrument_stores_autoarima_model,,8458.33,10476.81,No
2026-04-02,All Stores,All Products,9662.19,,sporting_goods_hobby_and_musical_instrument_stores_autoets_model,,9001.30,10323.09,No
2026-04-02,All Stores,All Products,9780.45,,sporting_goods_hobby_and_musical_instrument_stores_seasonalnaive_model,,9101.69,10459.21,No
2026-04-02,All Stores,All Products,24636.40,,total_sales_LGBM_model,,24463.94,24808.85,No
2026-04-02,All Stores,All Products,1000.00,,total_sales_PatchTST_model,,980.00,1020.00,No
2026-04-02,All Stores,All Products,1000.00,,total_sales_TimesNet_model,,980.00,1020.00,No
2026-04-02,All Stores,All Products,17883.19,,total_sales_autoarima_model,,15976.84,19789.54,No
2026-04-02,All Stores,All Products,18250.81,,total_sales_autoets_model,,17002.45,19499.16,No
2026-04-02,All Stores,All Products,18474.18,,total_sales_seasonalnaive_model,,17192.07,19756.29,No
2026-03-26,All Stores,All Products,12191.68,,automobile_dealers_LGBM_model,,12106.34,12277.03,No
2026-03-26,All Stores,All Products,1000.00,,automobile_dealers_PatchTST_model,,980.00,1020.00,No
2026-03-26,All Stores,All Products,1000.00,,automobile_dealers_TimesNet_model,,980.00,1020.00,No
2026-03-26,All Stores,All Products,26623.06,,automobile_dealers_autoarima_model,,23785.05,29461.08,No
2026-03-26,All Stores,All Products,27170.34,,automobile_dealers_autoets_model,,25311.89,29028.80,No
2026-03-26,All Stores,All Products,27502.88,,automobile_dealers_seasonalnaive_model,,25594.18,29411.58,No
2026-03-26,All Stores,All Products,547.84,,building_material_and_garden_equipment_LGBM_model,,544.01,551.68,No
2026-03-26,All Stores,All Products,1000.00,,building_material_and_garden_equipment_PatchTST_model,,980.00,1020.00,No
2026-03-26,All Stores,All Products,1000.00,,building_material_and_garden_equipment_TimesNet_model,,980.00,1020.00,No
2026-03-26,All Stores,All Products,37272.29,,building_material_and_garden_equipment_autoarima_model,,33299.06,41245.52,No
2026-03-26,All Stores,All Products,38038.48,,building_material_and_garden_equipment_autoets_model,,35436.65,40640.31,No
2026-03-26,All Stores,All Products,38504.04,,building_material_and_garden_equipment_seasonalnaive_model,,35831.86,41176.22,No
2026-03-26,All Stores,All Products,5756.80,,clothing_and_clothing_accessories_stores_LGBM_model,,5716.50,5797.10,No
2026-03-26,All Stores,All Products,1000.00,,clothing_and_clothing_accessories_stores_PatchTST_model,,980.00,1020.00,No
2026-03-26,All Stores,All Products,1000.00,,clothing_and_clothing_accessories_stores_TimesNet_model,,980.00,1020.00,No
2026-03-26,All Stores,All Products,6389.54,,clothing_and_clothing_accessories_stores_autoarima_model,,5708.41,7070.66,No
2026-03-26,All Stores,All Products,6520.88,,clothing_and_clothing_accessories_stores_autoets_model,,6074.85,6966.91,No
2026-03-26,All Stores,All Products,6600.69,,clothing_and_clothing_accessories_stores_seasonalnaive_model,,6142.60,7058.78,No
2026-03-26,All Stores,All Products,37597.58,,electronics_and_appliance_stores_LGBM_model,,37334.40,37860.76,No
2026-03-26,All Stores,All Products,1000.00,,electronics_and_appliance_stores_PatchTST_model,,980.00,1020.00,No
2026-03-26,All Stores,All Products,1000.00,,electronics_and_appliance_stores_TimesNet_model,,980.00,1020.00,No
2026-03-26,All Stores,All Products,2129.85,,electronics_and_appliance_stores_autoarima_model,,1902.80,2356.89,No
2026-03-26,All Stores,All Products,2173.63,,electronics_and_appliance_stores_autoets_model,,2024.95,2322.30,No
2026-03-26,All Stores,All Products,2200.23,,electronics_and_appliance_stores_seasonalnaive_model,,2047.53,2352.93,No
2026-03-26,All Stores,All Products,7008.46,,food_and_beverage_stores_LGBM_model,,6959.40,7057.52,No
2026-03-26,All Stores,All Products,1000.00,,food_and_beverage_stores_PatchTST_model,,980.00,1020.00,No
2026-03-26,All Stores,All Products,1000.00,,food_and_beverage_stores_TimesNet_model,,980.00,1020.00,No
2026-03-26,All Stores,All Products,15973.84,,food_and_beverage_stores_autoarima_model,,14271.03,17676.65,No
2026-03-26,All Stores,All Products,16302.21,,food_and_beverage_stores_autoets_model,,15187.14,17417.28,No
2026-03-26,All Stores,All Products,16501.73,,food_and_beverage_stores_seasonalnaive_model,,15356.51,17646.95,No
2026-03-26,All Stores,All Products,567.07,,furniture_and_home_furnishings_stores_LGBM_model,,563.10,571.04,No
2026-03-26,All Stores,All Products,1000.00,,furniture_and_home_furnishings_stores_PatchTST_model,,980.00,1020.00,No
2026-03-26,All Stores,All Products,1000.00,,furniture_and_home_furnishings_stores_TimesNet_model,,980.00,1020.00,No
2026-03-26,All Stores,All Products,5324.61,,furniture_and_home_furnishings_stores_autoarima_model,,4757.01,5892.22,No
2026-03-26,All Stores,All Products,5434.07,,furniture_and_home_furnishings_stores_autoets_model,,5062.38,5805.76,No
2026-03-26,All Stores,All Products,5500.58,,furniture_and_home_furnishings_stores_seasonalnaive_model,,5118.84,5882.32,No
2026-03-26,All Stores,All Products,2269.50,,gasoline_stations_LGBM_model,,2253.61,2285.38,No
2026-03-26,All Stores,All Products,1000.00,,gasoline_stations_PatchTST_model,,980.00,1020.00,No
2026-03-26,All Stores,All Products,1000.00,,gasoline_stations_TimesNet_model,,980.00,1020.00,No
2026-03-26,All Stores,All Products,12779.07,,gasoline_stations_autoarima_model,,11416.82,14141.32,No
2026-03-26,All Stores,All Products,13041.76,,gasoline_stations_autoets_model,,12149.71,13933.82,No
2026-03-26,All Stores,All Products,13201.38,,gasoline_stations_seasonalnaive_model,,12285.21,14117.56,No
2026-03-26,All Stores,All Products,3656.61,,general_merchandise_stores_LGBM_model,,3631.02,3682.21,No
2026-03-26,All Stores,All Products,1000.00,,general_merchandise_stores_PatchTST_model,,980.00,1020.00,No
2026-03-26,All Stores,All Products,1000.00,,general_merchandise_stores_TimesNet_model,,980.00,1020.00,No
2026-03-26,All Stores,All Products,19168.61,,general_merchandise_stores_autoarima_model,,17125.23,21211.98,No
2026-03-26,All Stores,All Products,19562.65,,general_merchandise_stores_autoets_model,,18224.56,20900.73,No
2026-03-26,All Stores,All Products,19802.08,,general_merchandise_stores_seasonalnaive_model,,18427.81,21176.34,No
2026-03-26,All Stores,All Products,5320.72,,health_and_personal_care_stores_LGBM_model,,5283.47,5357.96,No
2026-03-26,All Stores,All Products,1000.00,,health_and_personal_care_stores_PatchTST_model,,980.00,1020.00,No
2026-03-26,All Stores,All Products,1000.00,,health_and_personal_care_stores_TimesNet_model,,980.00,1020.00,No
2026-03-26,All Stores,All Products,8519.38,,health_and_personal_care_stores_autoarima_model,,7611.21,9427.55,No
2026-03-26,All Stores,All Products,8694.51,,health_and_personal_care_stores_autoets_model,,8099.81,9289.21,No
2026-03-26,All Stores,All Products,8800.92,,health_and_personal_care_stores_seasonalnaive_model,,8190.14,9411.71,No
2026-03-26,All Stores,All Products,741.07,,sporting_goods_hobby_and_musical_instrument_stores_LGBM_model,,735.88,746.25,No
2026-03-26,All Stores,All Products,1000.00,,sporting_goods_hobby_and_musical_instrument_stores_PatchTST_model,,980.00,1020.00,No
2026-03-26,All Stores,All Products,1000.00,,sporting_goods_hobby_and_musical_instrument_stores_TimesNet_model,,980.00,1020.00,No
2026-03-26,All Stores,All Products,9584.30,,sporting_goods_hobby_and_musical_instrument_stores_autoarima_model,,8562.62,10605.99,No
2026-03-26,All Stores,All Products,9781.32,,sporting_goods_hobby_and_musical_instrument_stores_autoets_model,,9112.28,10450.37,No
2026-03-26,All Stores,All Products,9901.04,,sporting_goods_hobby_and_musical_instrument_stores_seasonalnaive_model,,9213.91,10588.17,No
2026-03-26,All Stores,All Products,24968.09,,total_sales_LGBM_model,,24793.32,25142.87,No
2026-03-26,All Stores,All Products,1000.00,,total_sales_PatchTST_model,,980.00,1020.00,No
2026-03-26,All Stores,All Products,1000.00,,total_sales_TimesNet_model,,980.00,1020.00,No
2026-03-26,All Stores,All Products,18103.68,,total_sales_autoarima_model,,16173.83,20033.54,No
2026-03-26,All Stores,All Products,18475.83,,total_sales_autoets_model,,17212.09,19739.58,No
2026-03-26,All Stores,All Products,18701.96,,total_sales_seasonalnaive_model,,17404.05,19999.88,No
2026-03-19,All Stores,All Products,12191.68,,automobile_dealers_LGBM_model,,12106.34,12277.03,No
2026-03-19,All Stores,All Products,1000.00,,automobile_dealers_PatchTST_model,,980.00,1020.00,No
2026-03-19,All Stores,All Products,1000.00,,automobile_dealers_TimesNet_model,,980.00,1020.00,No
2026-03-19,All Stores,All Products,26623.06,,automobile_dealers_autoarima_model,,23785.05,29461.08,No
2026-03-19,All Stores,All Products,27170.34,,automobile_dealers_autoets_model,,25311.89,29028.80,No
2026-03-19,All Stores,All Products,27502.88,,automobile_dealers_seasonalnaive_model,,25594.18,29411.58,No
2026-03-19,All Stores,All Products,547.84,,building_material_and_garden_equipment_LGBM_model,,544.01,551.68,No
2026-03-19,All Stores,All Products,1000.00,,building_material_and_garden_equipment_PatchTST_model,,980.00,1020.00,No
2026-03-19,All Stores,All Products,1000.00,,building_material_and_garden_equipment_TimesNet_model,,980.00,1020.00,No
2026-03-19,All Stores,All Products,37272.29,,building_material_and_garden_equipment_autoarima_model,,33299.06,41245.52,No
2026-03-19,All Stores,All Products,38038.48,,building_material_and_garden_equipment_autoets_model,,35436.65,40640.31,No
2026-03-19,All Stores,All Products,38504.04,,building_material_and_garden_equipment_seasonalnaive_model,,35831.86,41176.22,No
2026-03-19,All Stores,All Products,5756.80,,clothing_and_clothing_accessories_stores_LGBM_model,,5716.50,5797.10,No
2026-03-19,All Stores,All Products,1000.00,,clothing_and_clothing_accessories_stores_PatchTST_model,,980.00,1020.00,No
2026-03-19,All Stores,All Products,1000.00,,clothing_and_clothing_accessories_stores_TimesNet_model,,980.00,1020.00,No
2026-03-19,All Stores,All Products,6389.54,,clothing_and_clothing_accessories_stores_autoarima_model,,5708.41,7070.66,No
2026-03-19,All Stores,All Products,6520.88,,clothing_and_clothing_accessories_stores_autoets_model,,6074.85,6966.91,No
2026-03-19,All Stores,All Products,6600.69,,clothing_and_clothing_accessories_stores_seasonalnaive_model,,6142.60,7058.78,No
2026-03-19,All Stores,All Products,37597.58,,electronics_and_appliance_stores_LGBM_model,,37334.40,37860.76,No
2026-03-19,All Stores,All Products,1000.00,,electronics_and_appliance_stores_PatchTST_model,,980.00,1020.00,No
2026-03-19,All Stores,All Products,1000.00,,electronics_and_appliance_stores_TimesNet_model,,980.00,1020.00,No
2026-03-19,All Stores,All Products,2129.85,,electronics_and_appliance_stores_autoarima_model,,1902.80,2356.89,No
2026-03-19,All Stores,All Products,2173.63,,electronics_and_appliance_stores_autoets_model,,2024.95,2322.30,No
2026-03-19,All Stores,All Products,2200.23,,electronics_and_appliance_stores_seasonalnaive_model,,2047.53,2352.93,No
2026-03-19,All Stores,All Products,7008.46,,food_and_beverage_stores_LGBM_model,,6959.40,7057.52,No
2026-03-19,All Stores,All Products,1000.00,,food_and_beverage_stores_PatchTST_model,,980.00,1020.00,No
2026-03-19,All Stores,All Products,1000.00,,food_and_beverage_stores_TimesNet_model,,980.00,1020.00,No
2026-03-19,All Stores,All Products,15973.84,,food_and_beverage_stores_autoarima_model,,14271.03,17676.65,No
2026-03-19,All Stores,All Products,16302.21,,food_and_beverage_stores_autoets_model,,15187.14,17417.28,No
2026-03-19,All Stores,All Products,16501.73,,food_and_beverage_stores_seasonalnaive_model,,15356.51,17646.95,No
2026-03-19,All Stores,All Products,566.92,,furniture_and_home_furnishings_stores_LGBM_model,,562.95,570.89,No
2026-03-19,All Stores,All Products,1000.00,,furniture_and_home_furnishings_stores_PatchTST_model,,980.00,1020.00,No
2026-03-19,All Stores,All Products,1000.00,,furniture_and_home_furnishings_stores_TimesNet_model,,980.00,1020.00,No
2026-03-19,All Stores,All Products,5324.61,,furniture_and_home_furnishings_stores_autoarima_model,,4757.01,5892.22,No
2026-03-19,All Stores,All Products,5434.07,,furniture_and_home_furnishings_stores_autoets_model,,5062.38,5805.76,No
2026-03-19,All Stores,All Products,5500.58,,furniture_and_home_furnishings_stores_seasonalnaive_model,,5118.84,5882.32,No
2026-03-19,All Stores,All Products,2269.50,,gasoline_stations_LGBM_model,,2253.61,2285.38,No
2026-03-19,All Stores,All Products,1000.00,,gasoline_stations_PatchTST_model,,980.00,1020.00,No
2026-03-19,All Stores,All Products,1000.00,,gasoline_stations_TimesNet_model,,980.00,1020.00,No
2026-03-19,All Stores,All Products,12779.07,,gasoline_stations_autoarima_model,,11416.82,14141.32,No
2026-03-19,All Stores,All Products,13041.76,,gasoline_stations_autoets_model,,12149.71,13933.82,No
2026-03-19,All Stores,All Products,13201.38,,gasoline_stations_seasonalnaive_model,,12285.21,14117.56,No
2026-03-19,All Stores,All Products,3656.61,,general_merchandise_stores_LGBM_model,,3631.02,3682.21,No
2026-03-19,All Stores,All Products,1000.00,,general_merchandise_stores_PatchTST_model,,980.00,1020.00,No
2026-03-19,All Stores,All Products,1000.00,,general_merchandise_stores_TimesNet_model,,980.00,1020.00,No
2026-03-19,All Stores,All Products,19168.61,,general_merchandise_stores_autoarima_model,,17125.23,21211.98,No
2026-03-19,All Stores,All Products,19562.65,,general_merchandise_stores_autoets_model,,18224.56,20900.73,No
2026-03-19,All Stores,All Products,19802.08,,general_merchandise_stores_seasonalnaive_model,,18427.81,21176.34,No
2026-03-19,All Stores,All Products,5320.72,,health_and_personal_care_stores_LGBM_model,,5283.47,5357.96,No
2026-03-19,All Stores,All Products,1000.00,,health_and_personal_care_stores_PatchTST_model,,980.00,1020.00,No
2026-03-19,All Stores,All Products,1000.00,,health_and_personal_care_stores_TimesNet_model,,980.00,1020.00,No
2026-03-19,All Stores,All Products,8519.38,,health_and_personal_care_stores_autoarima_model,,7611.21,9427.55,No
2026-03-19,All Stores,All Products,8694.51,,health_and_personal_care_stores_autoets_model,,8099.81,9289.21,No
2026-03-19,All Stores,All Products,8800.92,,health_and_personal_care_stores_seasonalnaive_model,,8190.14,9411.71,No
2026-03-19,All Stores,All Products,741.07,,sporting_goods_hobby_and_musical_instrument_stores_LGBM_model,,735.88,746.25,No
2026-03-19,All Stores,All Products,1000.00,,sporting_goods_hobby_and_musical_instrument_stores_PatchTST_model,,980.00,1020.00,No
2026-03-19,All Stores,All Products,1000.00,,sporting_goods_hobby_and_musical_instrument_stores_TimesNet_model,,980.00,1020.00,No
2026-03-19,All Stores,All Products,9584.30,,sporting_goods_hobby_and_musical_instrument_stores_autoarima_model,,8562.62,10605.99,No
2026-03-19,All Stores,All Products,9781.32,,sporting_goods_hobby_and_musical_instrument_stores_autoets_model,,9112.28,10450.37,No
2026-03-19,All Stores,All Products,9901.04,,sporting_goods_hobby_and_musical_instrument_stores_seasonalnaive_model,,9213.91,10588.17,No
2026-03-19,All Stores,All Products,24968.09,,total_sales_LGBM_model,,24793.32,25142.87,No
2026-03-19,All Stores,All Products,1000.00,,total_sales_PatchTST_model,,980.00,1020.00,No
2026-03-19,All Stores,All Products,1000.00,,total_sales_TimesNet_model,,980.00,1020.00,No
2026-03-19,All Stores,All Products,18103.68,,total_sales_autoarima_model,,16173.83,20033.54,No
2026-03-19,All Stores,All Products,18475.83,,total_sales_autoets_model,,17212.09,19739.58,No
2026-03-19,All Stores,All Products,18701.96,,total_sales_seasonalnaive_model,,17404.05,19999.88,No
2026-03-12,All Stores,All Products,12191.68,,automobile_dealers_LGBM_model,,12106.34,12277.03,No
2026-03-12,All Stores,All Products,1000.00,,automobile_dealers_PatchTST_model,,980.00,1020.00,No
2026-03-12,All Stores,All Products,1000.00,,automobile_dealers_TimesNet_model,,980.00,1020.00,No
2026-03-12,All Stores,All Products,26623.06,,automobile_dealers_autoarima_model,,23785.05,29461.08,No
2026-03-12,All Stores,All Products,27170.34,,automobile_dealers_autoets_model,,25311.89,29028.80,No
2026-03-12,All Stores,All Products,27502.88,,automobile_dealers_seasonalnaive_model,,25594.18,29411.58,No
2026-03-12,All Stores,All Products,547.84,,building_material_and_garden_equipment_LGBM_model,,544.01,551.68,No
2026-03-12,All Stores,All Products,1000.00,,building_material_and_garden_equipment_PatchTST_model,,980.00,1020.00,No
2026-03-12,All Stores,All Products,1000.00,,building_material_and_garden_equipment_TimesNet_model,,980.00,1020.00,No
2026-03-12,All Stores,All Products,37272.29,,building_material_and_garden_equipment_autoarima_model,,33299.06,41245.52,No
2026-03-12,All Stores,All Products,38038.48,,building_material_and_garden_equipment_autoets_model,,35436.65,40640.31,No
2026-03-12,All Stores,All Products,38504.04,,building_material_and_garden_equipment_seasonalnaive_model,,35831.86,41176.22,No
2026-03-12,All Stores,All Products,5751.90,,clothing_and_clothing_accessories_stores_LGBM_model,,5711.63,5792.16,No
2026-03-12,All Stores,All Products,1000.00,,clothing_and_clothing_accessories_stores_PatchTST_model,,980.00,1020.00,No
2026-03-12,All Stores,All Products,1000.00,,clothing_and_clothing_accessories_stores_TimesNet_model,,980.00,1020.00,No
2026-03-12,All Stores,All Products,6389.54,,clothing_and_clothing_accessories_stores_autoarima_model,,5708.41,7070.66,No
2026-03-12,All Stores,All Products,6520.88,,clothing_and_clothing_accessories_stores_autoets_model,,6074.85,6966.91,No
2026-03-12,All Stores,All Products,6600.69,,clothing_and_clothing_accessories_stores_seasonalnaive_model,,6142.60,7058.78,No
2026-03-12,All Stores,All Products,37545.07,,electronics_and_appliance_stores_LGBM_model,,37282.25,37807.88,No
2026-03-12,All Stores,All Products,1000.00,,electronics_and_appliance_stores_PatchTST_model,,980.00,1020.00,No
2026-03-12,All Stores,All Products,1000.00,,electronics_and_appliance_stores_TimesNet_model,,980.00,1020.00,No
2026-03-12,All Stores,All Products,2129.85,,electronics_and_appliance_stores_autoarima_model,,1902.80,2356.89,No
2026-03-12,All Stores,All Products,2173.63,,electronics_and_appliance_stores_autoets_model,,2024.95,2322.30,No
2026-03-12,All Stores,All Products,2200.23,,electronics_and_appliance_stores_seasonalnaive_model,,2047.53,2352.93,No
2026-03-12,All Stores,All Products,6997.08,,food_and_beverage_stores_LGBM_model,,6948.10,7046.06,No
2026-03-12,All Stores,All Products,1000.00,,food_and_beverage_stores_PatchTST_model,,980.00,1020.00,No
2026-03-12,All Stores,All Products,1000.00,,food_and_beverage_stores_TimesNet_model,,980.00,1020.00,No
2026-03-12,All Stores,All Products,15973.84,,food_and_beverage_stores_autoarima_model,,14271.03,17676.65,No
2026-03-12,All Stores,All Products,16302.21,,food_and_beverage_stores_autoets_model,,15187.14,17417.28,No
2026-03-12,All Stores,All Products,16501.73,,food_and_beverage_stores_seasonalnaive_model,,15356.51,17646.95,No
2026-03-12,All Stores,All Products,566.92,,furniture_and_home_furnishings_stores_LGBM_model,,562.95,570.89,No
2026-03-12,All Stores,All Products,1000.00,,furniture_and_home_furnishings_stores_PatchTST_model,,980.00,1020.00,No
2026-03-12,All Stores,All Products,1000.00,,furniture_and_home_furnishings_stores_TimesNet_model,,980.00,1020.00,No
2026-03-12,All Stores,All Products,5324.61,,furniture_and_home_furnishings_stores_autoarima_model,,4757.01,5892.22,No
2026-03-12,All Stores,All Products,5434.07,,furniture_and_home_furnishings_stores_autoets_model,,5062.38,5805.76,No
2026-03-12,All Stores,All Products,5500.58,,furniture_and_home_furnishings_stores_seasonalnaive_model,,5118.84,5882.32,No
2026-03-12,All Stores,All Products,2265.45,,gasoline_stations_LGBM_model,,2249.59,2281.31,No
2026-03-12,All Stores,All Products,1000.00,,gasoline_stations_PatchTST_model,,980.00,1020.00,No
2026-03-12,All Stores,All Products,1000.00,,gasoline_stations_TimesNet_model,,980.00,1020.00,No
2026-03-12,All Stores,All Products,12779.07,,gasoline_stations_autoarima_model,,11416.82,14141.32,No
2026-03-12,All Stores,All Products,13041.76,,gasoline_stations_autoets_model,,12149.71,13933.82,No
2026-03-12,All Stores,All Products,13201.38,,gasoline_stations_seasonalnaive_model,,12285.21,14117.56,No
2026-03-12,All Stores,All Products,3656.81,,general_merchandise_stores_LGBM_model,,3631.21,3682.41,No
2026-03-12,All Stores,All Products,1000.00,,general_merchandise_stores_PatchTST_model,,980.00,1020.00,No
2026-03-12,All Stores,All Products,1000.00,,general_merchandise_stores_TimesNet_model,,980.00,1020.00,No
2026-03-12,All Stores,All Products,19168.61,,general_merchandise_stores_autoarima_model,,17125.23,21211.98,No
2026-03-12,All Stores,All Products,19562.65,,general_merchandise_stores_autoets_model,,18224.56,20900.73,No
2026-03-12,All Stores,All Products,19802.08,,general_merchandise_stores_seasonalnaive_model,,18427.81,21176.34,No
2026-03-12,All Stores,All Products,5320.72,,health_and_personal_care_stores_LGBM_model,,5283.47,5357.96,No
2026-03-12,All Stores,All Products,1000.00,,health_and_personal_care_stores_PatchTST_model,,980.00,1020.00,No
2026-03-12,All Stores,All Products,1000.00,,health_and_personal_care_stores_TimesNet_model,,980.00,1020.00,No
2026-03-12,All Stores,All Products,8519.38,,health_and_personal_care_stores_autoarima_model,,7611.21,9427.55,No
2026-03-12,All Stores,All Products,8694.51,,health_and_personal_care_stores_autoets_model,,8099.81,9289.21,No
2026-03-12,All Stores,All Products,8800.92,,health_and_personal_care_stores_seasonalnaive_model,,8190.14,9411.71,No
2026-03-12,All Stores,All Products,741.07,,sporting_goods_hobby_and_musical_instrument_stores_LGBM_model,,735.88,746.25,No
2026-03-12,All Stores,All Products,1000.00,,sporting_goods_hobby_and_musical_instrument_stores_PatchTST_model,,980.00,1020.00,No
2026-03-12,All Stores,All Products,1000.00,,sporting_goods_hobby_and_musical_instrument_stores_TimesNet_model,,980.00,1020.00,No
2026-03-12,All Stores,All Products,9584.30,,sporting_goods_hobby_and_musical_instrument_stores_autoarima_model,,8562.62,10605.99,No
2026-03-12,All Stores,All Products,9781.32,,sporting_goods_hobby_and_musical_instrument_stores_autoets_model,,9112.28,10450.37,No
2026-03-12,All Stores,All Products,9901.04,,sporting_goods_hobby_and_musical_instrument_stores_seasonalnaive_model,,9213.91,10588.17,No
2026-03-12,All Stores,All Products,24921.06,,total_sales_LGBM_model,,24746.61,25095.51,No
2026-03-12,All Stores,All Products,1000.00,,total_sales_PatchTST_model,,980.00,1020.00,No
2026-03-12,All Stores,All Products,1000.00,,total_sales_TimesNet_model,,980.00,1020.00,No
2026-03-12,All Stores,All Products,18103.68,,total_sales_autoarima_model,,16173.83,20033.54,No
2026-03-12,All Stores,All Products,18475.83,,total_sales_autoets_model,,17212.09,19739.58,No
2026-03-12,All Stores,All Products,18701.96,,total_sales_seasonalnaive_model,,17404.05,19999.88,No
2026-03-05,All Stores,All Products,12191.68,,automobile_dealers_LGBM_model,,12106.34,12277.03,No
2026-03-05,All Stores,All Products,1000.00,,automobile_dealers_PatchTST_model,,980.00,1020.00,No
2026-03-05,All Stores,All Products,1000.00,,automobile_dealers_TimesNet_model,,980.00,1020.00,No
2026-03-05,All Stores,All Products,26623.06,,automobile_dealers_autoarima_model,,23785.05,29461.08,No
2026-03-05,All Stores,All Products,27170.34,,automobile_dealers_autoets_model,,25311.89,29028.80,No
2026-03-05,All Stores,All Products,27502.88,,automobile_dealers_seasonalnaive_model,,25594.18,29411.58,No
2026-03-05,All Stores,All Products,547.84,,building_material_and_garden_equipment_LGBM_model,,544.01,551.68,No
2026-03-05,All Stores,All Products,1000.00,,building_material_and_garden_equipment_PatchTST_model,,980.00,1020.00,No
2026-03-05,All Stores,All Products,1000.00,,building_material_and_garden_equipment_TimesNet_model,,980.00,1020.00,No
2026-03-05,All Stores,All Products,37272.29,,building_material_and_garden_equipment_autoarima_model,,33299.06,41245.52,No
2026-03-05,All Stores,All Products,38038.48,,building_material_and_garden_equipment_autoets_model,,35436.65,40640.31,No
2026-03-05,All Stores,All Products,38504.04,,building_material_and_garden_equipment_seasonalnaive_model,,35831.86,41176.22,No
2026-03-05,All Stores,All Products,5751.90,,clothing_and_clothing_accessories_stores_LGBM_model,,5711.63,5792.16,No
2026-03-05,All Stores,All Products,1000.00,,clothing_and_clothing_accessories_stores_PatchTST_model,,980.00,1020.00,No
2026-03-05,All Stores,All Products,1000.00,,clothing_and_clothing_accessories_stores_TimesNet_model,,980.00,1020.00,No
2026-03-05,All Stores,All Products,6389.54,,clothing_and_clothing_accessories_stores_autoarima_model,,5708.41,7070.66,No
2026-03-05,All Stores,All Products,6520.88,,clothing_and_clothing_accessories_stores_autoets_model,,6074.85,6966.91,No
2026-03-05,All Stores,All Products,6600.69,,clothing_and_clothing_accessories_stores_seasonalnaive_model,,6142.60,7058.78,No
2026-03-05,All Stores,All Products,37545.07,,electronics_and_appliance_stores_LGBM_model,,37282.25,37807.88,No
2026-03-05,All Stores,All Products,1000.00,,electronics_and_appliance_stores_PatchTST_model,,980.00,1020.00,No
2026-03-05,All Stores,All Products,1000.00,,electronics_and_appliance_stores_TimesNet_model,,980.00,1020.00,No
2026-03-05,All Stores,All Products,2129.85,,electronics_and_appliance_stores_autoarima_model,,1902.80,2356.89,No
2026-03-05,All Stores,All Products,2173.63,,electronics_and_appliance_stores_autoets_model,,2024.95,2322.30,No
2026-03-05,All Stores,All Products,2200.23,,electronics_and_appliance_stores_seasonalnaive_model,,2047.53,2352.93,No
2026-03-05,All Stores,All Products,6997.08,,food_and_beverage_stores_LGBM_model,,6948.10,7046.06,No
2026-03-05,All Stores,All Products,1000.00,,food_and_beverage_stores_PatchTST_model,,980.00,1020.00,No
2026-03-05,All Stores,All Products,1000.00,,food_and_beverage_stores_TimesNet_model,,980.00,1020.00,No
2026-03-05,All Stores,All Products,15973.84,,food_and_beverage_stores_autoarima_model,,14271.03,17676.65,No
2026-03-05,All Stores,All Products,16302.21,,food_and_beverage_stores_autoets_model,,15187.14,17417.28,No
2026-03-05,All Stores,All Products,16501.73,,food_and_beverage_stores_seasonalnaive_model,,15356.51,17646.95,No
2026-03-05,All Stores,All Products,566.92,,furniture_and_home_furnishings_stores_LGBM_model,,562.95,570.89,No
2026-03-05,All Stores,All Products,1000.00,,furniture_and_home_furnishings_stores_PatchTST_model,,980.00,1020.00,No
2026-03-05,All Stores,All Products,1000.00,,furniture_and_home_furnishings_stores_TimesNet_model,,980.00,1020.00,No
2026-03-05,All Stores,All Products,5324.61,,furniture_and_home_furnishings_stores_autoarima_model,,4757.01,5892.22,No
2026-03-05,All Stores,All Products,5434.07,,furniture_and_home_furnishings_stores_autoets_model,,5062.38,5805.76,No
2026-03-05,All Stores,All Products,5500.58,,furniture_and_home_furnishings_stores_seasonalnaive_model,,5118.84,5882.32,No
2026-03-05,All Stores,All Products,2265.45,,gasoline_stations_LGBM_model,,2249.59,2281.31,No
2026-03-05,All Stores,All Products,1000.00,,gasoline_stations_PatchTST_model,,980.00,1020.00,No
2026-03-05,All Stores,All Products,1000.00,,gasoline_stations_TimesNet_model,,980.00,1020.00,No
2026-03-05,All Stores,All Products,12779.07,,gasoline_stations_autoarima_model,,11416.82,14141.32,No
2026-03-05,All Stores,All Products,13041.76,,gasoline_stations_autoets_model,,12149.71,13933.82,No
2026-03-05,All Stores,All Products,13201.38,,gasoline_stations_seasonalnaive_model,,12285.21,14117.56,No
2026-03-05,All Stores,All Products,3656.81,,general_merchandise_stores_LGBM_model,,3631.21,3682.41,No
2026-03-05,All Stores,All Products,1000.00,,general_merchandise_stores_PatchTST_model,,980.00,1020.00,No
2026-03-05,All Stores,All Products,1000.00,,general_merchandise_stores_TimesNet_model,,980.00,1020.00,No
2026-03-05,All Stores,All Products,19168.61,,general_merchandise_stores_autoarima_model,,17125.23,21211.98,No
2026-03-05,All Stores,All Products,19562.65,,general_merchandise_stores_autoets_model,,18224.56,20900.73,No
2026-03-05,All Stores,All Products,19802.08,,general_merchandise_stores_seasonalnaive_model,,18427.81,21176.34,No
2026-03-05,All Stores,All Products,5320.72,,health_and_personal_care_stores_LGBM_model,,5283.47,5357.96,No
2026-03-05,All Stores,All Products,1000.00,,health_and_personal_care_stores_PatchTST_model,,980.00,1020.00,No
2026-03-05,All Stores,All Products,1000.00,,health_and_personal_care_stores_TimesNet_model,,980.00,1020.00,No
2026-03-05,All Stores,All Products,8519.38,,health_and_personal_care_stores_autoarima_model,,7611.21,9427.55,No
2026-03-05,All Stores,All Products,8694.51,,health_and_personal_care_stores_autoets_model,,8099.81,9289.21,No
2026-03-05,All Stores,All Products,8800.92,,health_and_personal_care_stores_seasonalnaive_model,,8190.14,9411.71,No
2026-03-05,All Stores,All Products,741.07,,sporting_goods_hobby_and_musical_instrument_stores_LGBM_model,,735.88,746.25,No
2026-03-05,All Stores,All Products,1000.00,,sporting_goods_hobby_and_musical_instrument_stores_PatchTST_model,,980.00,1020.00,No
2026-03-05,All Stores,All Products,1000.00,,sporting_goods_hobby_and_musical_instrument_stores_TimesNet_model,,980.00,1020.00,No
2026-03-05,All Stores,All Products,9584.30,,sporting_goods_hobby_and_musical_instrument_stores_autoarima_model,,8562.62,10605.99,No
2026-03-05,All Stores,All Products,9781.32,,sporting_goods_hobby_and_musical_instrument_stores_autoets_model,,9112.28,10450.37,No
2026-03-05,All Stores,All Products,9901.04,,sporting_goods_hobby_and_musical_instrument_stores_seasonalnaive_model,,9213.91,10588.17,No
2026-03-05,All Stores,All Products,24921.06,,total_sales_LGBM_model,,24746.61,25095.51,No
2026-03-05,All Stores,All Products,1000.00,,total_sales_PatchTST_model,,980.00,1020.00,No
2026-03-05,All Stores,All Products,1000.00,,total_sales_TimesNet_model,,980.00,1020.00,No
2026-03-05,All Stores,All Products,18103.68,,total_sales_autoarima_model,,16173.83,20033.54,No
2026-03-05,All Stores,All Products,18475.83,,total_sales_autoets_model,,17212.09,19739.58,No
2026-03-05,All Stores,All Products,18701.96,,total_sales_seasonalnaive_model,,17404.05,19999.88,No
2026-02-26,All Stores,All Products,12176.08,,automobile_dealers_LGBM_model,,12090.84,12261.31,No
2026-02-26,All Stores,All Products,1000.00,,automobile_dealers_PatchTST_model,,980.00,1020.00,No
2026-02-26,All Stores,All Products,1000.00,,automobile_dealers_TimesNet_model,,980.00,1020.00,No
2026-02-26,All Stores,All Products,26298.81,,automobile_dealers_autoarima_model,,23495.36,29102.26,No
2026-02-26,All Stores,All Products,26839.42,,automobile_dealers_autoets_model,,25003.61,28675.24,No
2026-02-26,All Stores,All Products,27167.91,,automobile_dealers_seasonalnaive_model,,25282.46,29053.37,No
2026-02-26,All Stores,All Products,548.07,,building_material_and_garden_equipment_LGBM_model,,544.23,551.91,No
2026-02-26,All Stores,All Products,1000.00,,building_material_and_garden_equipment_PatchTST_model,,980.00,1020.00,No
2026-02-26,All Stores,All Products,1000.00,,building_material_and_garden_equipment_TimesNet_model,,980.00,1020.00,No
2026-02-26,All Stores,All Products,36818.33,,building_material_and_garden_equipment_autoarima_model,,32893.50,40743.17,No
2026-02-26,All Stores,All Products,37575.19,,building_material_and_garden_equipment_autoets_model,,35005.05,40145.33,No
2026-02-26,All Stores,All Products,38035.08,,building_material_and_garden_equipment_seasonalnaive_model,,35395.44,40674.71,No
2026-02-26,All Stores,All Products,5652.13,,clothing_and_clothing_accessories_stores_LGBM_model,,5612.57,5691.70,No
2026-02-26,All Stores,All Products,1000.00,,clothing_and_clothing_accessories_stores_PatchTST_model,,980.00,1020.00,No
2026-02-26,All Stores,All Products,1000.00,,clothing_and_clothing_accessories_stores_TimesNet_model,,980.00,1020.00,No
2026-02-26,All Stores,All Products,6311.71,,clothing_and_clothing_accessories_stores_autoarima_model,,5638.89,6984.54,No
2026-02-26,All Stores,All Products,6441.46,,clothing_and_clothing_accessories_stores_autoets_model,,6000.87,6882.06,No
2026-02-26,All Stores,All Products,6520.30,,clothing_and_clothing_accessories_stores_seasonalnaive_model,,6067.79,6972.81,No
2026-02-26,All Stores,All Products,35809.26,,electronics_and_appliance_stores_LGBM_model,,35558.59,36059.92,No
2026-02-26,All Stores,All Products,1000.00,,electronics_and_appliance_stores_PatchTST_model,,980.00,1020.00,No
2026-02-26,All Stores,All Products,1000.00,,electronics_and_appliance_stores_TimesNet_model,,980.00,1020.00,No
2026-02-26,All Stores,All Products,2103.90,,electronics_and_appliance_stores_autoarima_model,,1879.63,2328.18,No
2026-02-26,All Stores,All Products,2147.15,,electronics_and_appliance_stores_autoets_model,,2000.29,2294.02,No
2026-02-26,All Stores,All Products,2173.43,,electronics_and_appliance_stores_seasonalnaive_model,,2022.60,2324.27,No
2026-02-26,All Stores,All Products,6907.44,,food_and_beverage_stores_LGBM_model,,6859.08,6955.79,No
2026-02-26,All Stores,All Products,1000.00,,food_and_beverage_stores_PatchTST_model,,980.00,1020.00,No
2026-02-26,All Stores,All Products,1000.00,,food_and_beverage_stores_TimesNet_model,,980.00,1020.00,No
2026-02-26,All Stores,All Products,15779.29,,food_and_beverage_stores_autoarima_model,,14097.21,17461.36,No
2026-02-26,All Stores,All Products,16103.65,,food_and_beverage_stores_autoets_model,,15002.16,17205.14,No
2026-02-26,All Stores,All Products,16300.75,,food_and_beverage_stores_seasonalnaive_model,,15169.48,17432.02,No
2026-02-26,All Stores,All Products,567.07,,furniture_and_home_furnishings_stores_LGBM_model,,563.10,571.04,No
2026-02-26,All Stores,All Products,1000.00,,furniture_and_home_furnishings_stores_PatchTST_model,,980.00,1020.00,No
2026-02-26,All Stores,All Products,1000.00,,furniture_and_home_furnishings_stores_TimesNet_model,,980.00,1020.00,No
2026-02-26,All Stores,All Products,5259.76,,furniture_and_home_furnishings_stores_autoarima_model,,4699.07,5820.45,No
2026-02-26,All Stores,All Products,5367.88,,furniture_and_home_furnishings_stores_autoets_model,,5000.72,5735.05,No
2026-02-26,All Stores,All Products,5433.58,,furniture_and_home_furnishings_stores_seasonalnaive_model,,5056.49,5810.67,No
2026-02-26,All Stores,All Products,2179.91,,gasoline_stations_LGBM_model,,2164.65,2195.17,No
2026-02-26,All Stores,All Products,1000.00,,gasoline_stations_PatchTST_model,,980.00,1020.00,No
2026-02-26,All Stores,All Products,1000.00,,gasoline_stations_TimesNet_model,,980.00,1020.00,No
2026-02-26,All Stores,All Products,12623.43,,gasoline_stations_autoarima_model,,11277.77,13969.09,No
2026-02-26,All Stores,All Products,12882.92,,gasoline_stations_autoets_model,,12001.73,13764.11,No
2026-02-26,All Stores,All Products,13040.60,,gasoline_stations_seasonalnaive_model,,12135.58,13945.62,No
2026-02-26,All Stores,All Products,3656.59,,general_merchandise_stores_LGBM_model,,3630.99,3682.18,No
2026-02-26,All Stores,All Products,1000.00,,general_merchandise_stores_PatchTST_model,,980.00,1020.00,No
2026-02-26,All Stores,All Products,1000.00,,general_merchandise_stores_TimesNet_model,,980.00,1020.00,No
2026-02-26,All Stores,All Products,18935.14,,general_merchandise_stores_autoarima_model,,16916.66,20953.63,No
2026-02-26,All Stores,All Products,19324.38,,general_merchandise_stores_autoets_model,,18002.60,20646.17,No
2026-02-26,All Stores,All Products,19560.90,,general_merchandise_stores_seasonalnaive_model,,18203.37,20918.42,No
2026-02-26,All Stores,All Products,5249.54,,health_and_personal_care_stores_LGBM_model,,5212.79,5286.28,No
2026-02-26,All Stores,All Products,1000.00,,health_and_personal_care_stores_PatchTST_model,,980.00,1020.00,No
2026-02-26,All Stores,All Products,1000.00,,health_and_personal_care_stores_TimesNet_model,,980.00,1020.00,No
2026-02-26,All Stores,All Products,8415.62,,health_and_personal_care_stores_autoarima_model,,7518.51,9312.72,No
2026-02-26,All Stores,All Products,8588.62,,health_and_personal_care_stores_autoets_model,,8001.15,9176.08,No
2026-02-26,All Stores,All Products,8693.73,,health_and_personal_care_stores_seasonalnaive_model,,8090.39,9297.08,No
2026-02-26,All Stores,All Products,741.21,,sporting_goods_hobby_and_musical_instrument_stores_LGBM_model,,736.02,746.40,No
2026-02-26,All Stores,All Products,1000.00,,sporting_goods_hobby_and_musical_instrument_stores_PatchTST_model,,980.00,1020.00,No
2026-02-26,All Stores,All Products,1000.00,,sporting_goods_hobby_and_musical_instrument_stores_TimesNet_model,,980.00,1020.00,No
2026-02-26,All Stores,All Products,9467.57,,sporting_goods_hobby_and_musical_instrument_stores_autoarima_model,,8458.33,10476.81,No
2026-02-26,All Stores,All Products,9662.19,,sporting_goods_hobby_and_musical_instrument_stores_autoets_model,,9001.30,10323.09,No
2026-02-26,All Stores,All Products,9780.45,,sporting_goods_hobby_and_musical_instrument_stores_seasonalnaive_model,,9101.69,10459.21,No
2026-02-26,All Stores,All Products,23400.63,,total_sales_LGBM_model,,23236.83,23564.43,No
2026-02-26,All Stores,All Products,1000.00,,total_sales_PatchTST_model,,980.00,1020.00,No
2026-02-26,All Stores,All Products,1000.00,,total_sales_TimesNet_model,,980.00,1020.00,No
2026-02-26,All Stores,All Products,17883.19,,total_sales_autoarima_model,,15976.84,19789.54,No
2026-02-26,All Stores,All Products,18250.81,,total_sales_autoets_model,,17002.45,19499.16,No
2026-02-26,All Stores,All Products,18474.18,,total_sales_seasonalnaive_model,,17192.07,19756.29,No
2026-02-19,All Stores,All Products,12176.08,,automobile_dealers_LGBM_model,,12090.84,12261.31,No
2026-02-19,All Stores,All Products,1000.00,,automobile_dealers_PatchTST_model,,980.00,1020.00,No
2026-02-19,All Stores,All Products,1000.00,,automobile_dealers_TimesNet_model,,980.00,1020.00,No
2026-02-19,All Stores,All Products,26298.81,,automobile_dealers_autoarima_model,,23495.36,29102.26,No
2026-02-19,All Stores,All Products,26839.42,,automobile_dealers_autoets_model,,25003.61,28675.24,No
2026-02-19,All Stores,All Products,27167.91,,automobile_dealers_seasonalnaive_model,,25282.46,29053.37,No
2026-02-19,All Stores,All Products,548.07,,building_material_and_garden_equipment_LGBM_model,,544.23,551.91,No
2026-02-19,All Stores,All Products,1000.00,,building_material_and_garden_equipment_PatchTST_model,,980.00,1020.00,No
2026-02-19,All Stores,All Products,1000.00,,building_material_and_garden_equipment_TimesNet_model,,980.00,1020.00,No
2026-02-19,All Stores,All Products,36818.33,,building_material_and_garden_equipment_autoarima_model,,32893.50,40743.17,No
2026-02-19,All Stores,All Products,37575.19,,building_material_and_garden_equipment_autoets_model,,35005.05,40145.33,No
2026-02-19,All Stores,All Products,38035.08,,building_material_and_garden_equipment_seasonalnaive_model,,35395.44,40674.71,No
2026-02-19,All Stores,All Products,5652.13,,clothing_and_clothing_accessories_stores_LGBM_model,,5612.57,5691.70,No
2026-02-19,All Stores,All Products,1000.00,,clothing_and_clothing_accessories_stores_PatchTST_model,,980.00,1020.00,No
2026-02-19,All Stores,All Products,1000.00,,clothing_and_clothing_accessories_stores_TimesNet_model,,980.00,1020.00,No
2026-02-19,All Stores,All Products,6311.71,,clothing_and_clothing_accessories_stores_autoarima_model,,5638.89,6984.54,No
2026-02-19,All Stores,All Products,6441.46,,clothing_and_clothing_accessories_stores_autoets_model,,6000.87,6882.06,No
2026-02-19,All Stores,All Products,6520.30,,clothing_and_clothing_accessories_stores_seasonalnaive_model,,6067.79,6972.81,No
2026-02-19,All Stores,All Products,35809.26,,electronics_and_appliance_stores_LGBM_model,,35558.59,36059.92,No
2026-02-19,All Stores,All Products,1000.00,,electronics_and_appliance_stores_PatchTST_model,,980.00,1020.00,No
2026-02-19,All Stores,All Products,1000.00,,electronics_and_appliance_stores_TimesNet_model,,980.00,1020.00,No
2026-02-19,All Stores,All Products,2103.90,,electronics_and_appliance_stores_autoarima_model,,1879.63,2328.18,No
2026-02-19,All Stores,All Products,2147.15,,electronics_and_appliance_stores_autoets_model,,2000.29,2294.02,No
2026-02-19,All Stores,All Products,2173.43,,electronics_and_appliance_stores_seasonalnaive_model,,2022.60,2324.27,No
2026-02-19,All Stores,All Products,6907.44,,food_and_beverage_stores_LGBM_model,,6859.08,6955.79,No
2026-02-19,All Stores,All Products,1000.00,,food_and_beverage_stores_PatchTST_model,,980.00,1020.00,No
2026-02-19,All Stores,All Products,1000.00,,food_and_beverage_stores_TimesNet_model,,980.00,1020.00,No
2026-02-19,All Stores,All Products,15779.29,,food_and_beverage_stores_autoarima_model,,14097.21,17461.36,No
2026-02-19,All Stores,All Products,16103.65,,food_and_beverage_stores_autoets_model,,15002.16,17205.14,No
2026-02-19,All Stores,All Products,16300.75,,food_and_beverage_stores_seasonalnaive_model,,15169.48,17432.02,No
2026-02-19,All Stores,All Products,567.07,,furniture_and_home_furnishings_stores_LGBM_model,,563.10,571.04,No
2026-02-19,All Stores,All Products,1000.00,,furniture_and_home_furnishings_stores_PatchTST_model,,980.00,1020.00,No
2026-02-19,All Stores,All Products,1000.00,,furniture_and_home_furnishings_stores_TimesNet_model,,980.00,1020.00,No
2026-02-19,All Stores,All Products,5259.76,,furniture_and_home_furnishings_stores_autoarima_model,,4699.07,5820.45,No
2026-02-19,All Stores,All Products,5367.88,,furniture_and_home_furnishings_stores_autoets_model,,5000.72,5735.05,No
2026-02-19,All Stores,All Products,5433.58,,furniture_and_home_furnishings_stores_seasonalnaive_model,,5056.49,5810.67,No
2026-02-19,All Stores,All Products,2179.91,,gasoline_stations_LGBM_model,,2164.65,2195.17,No
2026-02-19,All Stores,All Products,1000.00,,gasoline_stations_PatchTST_model,,980.00,1020.00,No
2026-02-19,All Stores,All Products,1000.00,,gasoline_stations_TimesNet_model,,980.00,1020.00,No
2026-02-19,All Stores,All Products,12623.43,,gasoline_stations_autoarima_model,,11277.77,13969.09,No
2026-02-19,All Stores,All Products,12882.92,,gasoline_stations_autoets_model,,12001.73,13764.11,No
2026-02-19,All Stores,All Products,13040.60,,gasoline_stations_seasonalnaive_model,,12135.58,13945.62,No
2026-02-19,All Stores,All Products,3656.59,,general_merchandise_stores_LGBM_model,,3630.99,3682.18,No
2026-02-19,All Stores,All Products,1000.00,,general_merchandise_stores_PatchTST_model,,980.00,1020.00,No
2026-02-19,All Stores,All Products,1000.00,,general_merchandise_stores_TimesNet_model,,980.00,1020.00,No
2026-02-19,All Stores,All Products,18935.14,,general_merchandise_stores_autoarima_model,,16916.66,20953.63,No
2026-02-19,All Stores,All Products,19324.38,,general_merchandise_stores_autoets_model,,18002.60,20646.17,No
2026-02-19,All Stores,All Products,19560.90,,general_merchandise_stores_seasonalnaive_model,,18203.37,20918.42,No
2026-02-19,All Stores,All Products,5249.54,,health_and_personal_care_stores_LGBM_model,,5212.79,5286.28,No
2026-02-19,All Stores,All Products,1000.00,,health_and_personal_care_stores_PatchTST_model,,980.00,1020.00,No
2026-02-19,All Stores,All Products,1000.00,,health_and_personal_care_stores_TimesNet_model,,980.00,1020.00,No
2026-02-19,All Stores,All Products,8415.62,,health_and_personal_care_stores_autoarima_model,,7518.51,9312.72,No
2026-02-19,All Stores,All Products,8588.62,,health_and_personal_care_stores_autoets_model,,8001.15,9176.08,No
2026-02-19,All Stores,All Products,8693.73,,health_and_personal_care_stores_seasonalnaive_model,,8090.39,9297.08,No
2026-02-19,All Stores,All Products,741.21,,sporting_goods_hobby_and_musical_instrument_stores_LGBM_model,,736.02,746.40,No
2026-02-19,All Stores,All Products,1000.00,,sporting_goods_hobby_and_musical_instrument_stores_PatchTST_model,,980.00,1020.00,No
2026-02-19,All Stores,All Products,1000.00,,sporting_goods_hobby_and_musical_instrument_stores_TimesNet_model,,980.00,1020.00,No
2026-02-19,All Stores,All Products,9467.57,,sporting_goods_hobby_and_musical_instrument_stores_autoarima_model,,8458.33,10476.81,No
2026-02-19,All Stores,All Products,9662.19,,sporting_goods_hobby_and_musical_instrument_stores_autoets_model,,9001.30,10323.09,No
2026-02-19,All Stores,All Products,9780.45,,sporting_goods_hobby_and_musical_instrument_stores_seasonalnaive_model,,9101.69,10459.21,No
2026-02-19,All Stores,All Products,23400.63,,total_sales_LGBM_model,,23236.83,23564.43,No
2026-02-19,All Stores,All Products,1000.00,,total_sales_PatchTST_model,,980.00,1020.00,No
2026-02-19,All Stores,All Products,1000.00,,total_sales_TimesNet_model,,980.00,1020.00,No
2026-02-19,All Stores,All Products,17883.19,,total_sales_autoarima_model,,15976.84,19789.54,No
2026-02-19,All Stores,All Products,18250.81,,total_sales_autoets_model,,17002.45,19499.16,No
2026-02-19,All Stores,All Products,18474.18,,total_sales_seasonalnaive_model,,17192.07,19756.29,No
2026-02-12,All Stores,All Products,12176.08,,automobile_dealers_LGBM_model,,12090.84,12261.31,No
2026-02-12,All Stores,All Products,1000.00,,automobile_dealers_PatchTST_model,,980.00,1020.00,No
2026-02-12,All Stores,All Products,1000.00,,automobile_dealers_TimesNet_model,,980.00,1020.00,No
2026-02-12,All Stores,All Products,26298.81,,automobile_dealers_autoarima_model,,23495.36,29102.26,No
2026-02-12,All Stores,All Products,26839.42,,automobile_dealers_autoets_model,,25003.61,28675.24,No
2026-02-12,All Stores,All Products,27167.91,,automobile_dealers_seasonalnaive_model,,25282.46,29053.37,No
2026-02-12,All Stores,All Products,548.07,,building_material_and_garden_equipment_LGBM_model,,544.23,551.91,No
2026-02-12,All Stores,All Products,1000.00,,building_material_and_garden_equipment_PatchTST_model,,980.00,1020.00,No
2026-02-12,All Stores,All Products,1000.00,,building_material_and_garden_equipment_TimesNet_model,,980.00,1020.00,No
2026-02-12,All Stores,All Products,36818.33,,building_material_and_garden_equipment_autoarima_model,,32893.50,40743.17,No
2026-02-12,All Stores,All Products,37575.19,,building_material_and_garden_equipment_autoets_model,,35005.05,40145.33,No
2026-02-12,All Stores,All Products,38035.08,,building_material_and_garden_equipment_seasonalnaive_model,,35395.44,40674.71,No
2026-02-12,All Stores,All Products,5652.13,,clothing_and_clothing_accessories_stores_LGBM_model,,5612.57,5691.70,No
2026-02-12,All Stores,All Products,1000.00,,clothing_and_clothing_accessories_stores_PatchTST_model,,980.00,1020.00,No
2026-02-12,All Stores,All Products,1000.00,,clothing_and_clothing_accessories_stores_TimesNet_model,,980.00,1020.00,No
2026-02-12,All Stores,All Products,6311.71,,clothing_and_clothing_accessories_stores_autoarima_model,,5638.89,6984.54,No
2026-02-12,All Stores,All Products,6441.46,,clothing_and_clothing_accessories_stores_autoets_model,,6000.87,6882.06,No
2026-02-12,All Stores,All Products,6520.30,,clothing_and_clothing_accessories_stores_seasonalnaive_model,,6067.79,6972.81,No
2026-02-12,All Stores,All Products,35809.26,,electronics_and_appliance_stores_LGBM_model,,35558.59,36059.92,No
2026-02-12,All Stores,All Products,1000.00,,electronics_and_appliance_stores_PatchTST_model,,980.00,1020.00,No
2026-02-12,All Stores,All Products,1000.00,,electronics_and_appliance_stores_TimesNet_model,,980.00,1020.00,No
2026-02-12,All Stores,All Products,2103.90,,electronics_and_appliance_stores_autoarima_model,,1879.63,2328.18,No
2026-02-12,All Stores,All Products,2147.15,,electronics_and_appliance_stores_autoets_model,,2000.29,2294.02,No
2026-02-12,All Stores,All Products,2173.43,,electronics_and_appliance_stores_seasonalnaive_model,,2022.60,2324.27,No
2026-02-12,All Stores,All Products,6907.44,,food_and_beverage_stores_LGBM_model,,6859.08,6955.79,No
2026-02-12,All Stores,All Products,1000.00,,food_and_beverage_stores_PatchTST_model,,980.00,1020.00,No
2026-02-12,All Stores,All Products,1000.00,,food_and_beverage_stores_TimesNet_model,,980.00,1020.00,No
2026-02-12,All Stores,All Products,15779.29,,food_and_beverage_stores_autoarima_model,,14097.21,17461.36,No
2026-02-12,All Stores,All Products,16103.65,,food_and_beverage_stores_autoets_model,,15002.16,17205.14,No
2026-02-12,All Stores,All Products,16300.75,,food_and_beverage_stores_seasonalnaive_model,,15169.48,17432.02,No
2026-02-12,All Stores,All Products,567.07,,furniture_and_home_furnishings_stores_LGBM_model,,563.10,571.04,No
2026-02-12,All Stores,All Products,1000.00,,furniture_and_home_furnishings_stores_PatchTST_model,,980.00,1020.00,No
2026-02-12,All Stores,All Products,1000.00,,furniture_and_home_furnishings_stores_TimesNet_model,,980.00,1020.00,No
2026-02-12,All Stores,All Products,5259.76,,furniture_and_home_furnishings_stores_autoarima_model,,4699.07,5820.45,No
2026-02-12,All Stores,All Products,5367.88,,furniture_and_home_furnishings_stores_autoets_model,,5000.72,5735.05,No
2026-02-12,All Stores,All Products,5433.58,,furniture_and_home_furnishings_stores_seasonalnaive_model,,5056.49,5810.67,No
2026-02-12,All Stores,All Products,2179.91,,gasoline_stations_LGBM_model,,2164.65,2195.17,No
2026-02-12,All Stores,All Products,1000.00,,gasoline_stations_PatchTST_model,,980.00,1020.00,No
2026-02-12,All Stores,All Products,1000.00,,gasoline_stations_TimesNet_model,,980.00,1020.00,No
2026-02-12,All Stores,All Products,12623.43,,gasoline_stations_autoarima_model,,11277.77,13969.09,No
2026-02-12,All Stores,All Products,12882.92,,gasoline_stations_autoets_model,,12001.73,13764.11,No
2026-02-12,All Stores,All Products,13040.60,,gasoline_stations_seasonalnaive_model,,12135.58,13945.62,No
2026-02-12,All Stores,All Products,3656.78,,general_merchandise_stores_LGBM_model,,3631.18,3682.38,No
2026-02-12,All Stores,All Products,1000.00,,general_merchandise_stores_PatchTST_model,,980.00,1020.00,No
2026-02-12,All Stores,All Products,1000.00,,general_merchandise_stores_TimesNet_model,,980.00,1020.00,No
2026-02-12,All Stores,All Products,18935.14,,general_merchandise_stores_autoarima_model,,16916.66,20953.63,No
2026-02-12,All Stores,All Products,19324.38,,general_merchandise_stores_autoets_model,,18002.60,20646.17,No
2026-02-12,All Stores,All Products,19560.90,,general_merchandise_stores_seasonalnaive_model,,18203.37,20918.42,No
2026-02-12,All Stores,All Products,5249.54,,health_and_personal_care_stores_LGBM_model,,5212.79,5286.28,No
2026-02-12,All Stores,All Products,1000.00,,health_and_personal_care_stores_PatchTST_model,,980.00,1020.00,No
2026-02-12,All Stores,All Products,1000.00,,health_and_personal_care_stores_TimesNet_model,,980.00,1020.00,No
2026-02-12,All Stores,All Products,8415.62,,health_and_personal_care_stores_autoarima_model,,7518.51,9312.72,No
2026-02-12,All Stores,All Products,8588.62,,health_and_personal_care_stores_autoets_model,,8001.15,9176.08,No
2026-02-12,All Stores,All Products,8693.73,,health_and_personal_care_stores_seasonalnaive_model,,8090.39,9297.08,No
2026-02-12,All Stores,All Products,741.21,,sporting_goods_hobby_and_musical_instrument_stores_LGBM_model,,736.02,746.40,No
2026-02-12,All Stores,All Products,1000.00,,sporting_goods_hobby_and_musical_instrument_stores_PatchTST_model,,980.00,1020.00,No
2026-02-12,All Stores,All Products,1000.00,,sporting_goods_hobby_and_musical_instrument_stores_TimesNet_model,,980.00,1020.00,No
2026-02-12,All Stores,All Products,9467.57,,sporting_goods_hobby_and_musical_instrument_stores_autoarima_model,,8458.33,10476.81,No
2026-02-12,All Stores,All Products,9662.19,,sporting_goods_hobby_and_musical_instrument_stores_autoets_model,,9001.30,10323.09,No
2026-02-12,All Stores,All Products,9780.45,,sporting_goods_hobby_and_musical_instrument_stores_seasonalnaive_model,,9101.69,10459.21,No
2026-02-12,All Stores,All Products,23419.19,,total_sales_LGBM_model,,23255.26,23583.13,No
2026-02-12,All Stores,All Products,1000.00,,total_sales_PatchTST_model,,980.00,1020.00,No
2026-02-12,All Stores,All Products,1000.00,,total_sales_TimesNet_model,,980.00,1020.00,No
2026-02-12,All Stores,All Products,17883.19,,total_sales_autoarima_model,,15976.84,19789.54,No
2026-02-12,All Stores,All Products,18250.81,,total_sales_autoets_model,,17002.45,19499.16,No
2026-02-12,All Stores,All Products,18474.18,,total_sales_seasonalnaive_model,,17192.07,19756.29,No
2026-02-05,All Stores,All Products,12176.08,,automobile_dealers_LGBM_model,,12090.84,12261.31,No
2026-02-05,All Stores,All Products,1000.00,,automobile_dealers_PatchTST_model,,980.00,1020.00,No
2026-02-05,All Stores,All Products,1000.00,,automobile_dealers_TimesNet_model,,980.00,1020.00,No
2026-02-05,All Stores,All Products,26298.81,,automobile_dealers_autoarima_model,,23495.36,29102.26,No
2026-02-05,All Stores,All Products,26839.42,,automobile_dealers_autoets_model,,25003.61,28675.24,No
2026-02-05,All Stores,All Products,27167.91,,automobile_dealers_seasonalnaive_model,,25282.46,29053.37,No
2026-02-05,All Stores,All Products,548.07,,building_material_and_garden_equipment_LGBM_model,,544.23,551.91,No
2026-02-05,All Stores,All Products,1000.00,,building_material_and_garden_equipment_PatchTST_model,,980.00,1020.00,No
2026-02-05,All Stores,All Products,1000.00,,building_material_and_garden_equipment_TimesNet_model,,980.00,1020.00,No
2026-02-05,All Stores,All Products,36818.33,,building_material_and_garden_equipment_autoarima_model,,32893.50,40743.17,No
2026-02-05,All Stores,All Products,37575.19,,building_material_and_garden_equipment_autoets_model,,35005.05,40145.33,No
2026-02-05,All Stores,All Products,38035.08,,building_material_and_garden_equipment_seasonalnaive_model,,35395.44,40674.71,No
2026-02-05,All Stores,All Products,5652.13,,clothing_and_clothing_accessories_stores_LGBM_model,,5612.57,5691.70,No
2026-02-05,All Stores,All Products,1000.00,,clothing_and_clothing_accessories_stores_PatchTST_model,,980.00,1020.00,No
2026-02-05,All Stores,All Products,1000.00,,clothing_and_clothing_accessories_stores_TimesNet_model,,980.00,1020.00,No
2026-02-05,All Stores,All Products,6311.71,,clothing_and_clothing_accessories_stores_autoarima_model,,5638.89,6984.54,No
2026-02-05,All Stores,All Products,6441.46,,clothing_and_clothing_accessories_stores_autoets_model,,6000.87,6882.06,No
2026-02-05,All Stores,All Products,6520.30,,clothing_and_clothing_accessories_stores_seasonalnaive_model,,6067.79,6972.81,No
2026-02-05,All Stores,All Products,35809.26,,electronics_and_appliance_stores_LGBM_model,,35558.59,36059.92,No
2026-02-05,All Stores,All Products,1000.00,,electronics_and_appliance_stores_PatchTST_model,,980.00,1020.00,No
2026-02-05,All Stores,All Products,1000.00,,electronics_and_appliance_stores_TimesNet_model,,980.00,1020.00,No
2026-02-05,All Stores,All Products,2103.90,,electronics_and_appliance_stores_autoarima_model,,1879.63,2328.18,No
2026-02-05,All Stores,All Products,2147.15,,electronics_and_appliance_stores_autoets_model,,2000.29,2294.02,No
2026-02-05,All Stores,All Products,2173.43,,electronics_and_appliance_stores_seasonalnaive_model,,2022.60,2324.27,No
2026-02-05,All Stores,All Products,6907.44,,food_and_beverage_stores_LGBM_model,,6859.08,6955.79,No
2026-02-05,All Stores,All Products,1000.00,,food_and_beverage_stores_PatchTST_model,,980.00,1020.00,No
2026-02-05,All Stores,All Products,1000.00,,food_and_beverage_stores_TimesNet_model,,980.00,1020.00,No
2026-02-05,All Stores,All Products,15779.29,,food_and_beverage_stores_autoarima_model,,14097.21,17461.36,No
2026-02-05,All Stores,All Products,16103.65,,food_and_beverage_stores_autoets_model,,15002.16,17205.14,No
2026-02-05,All Stores,All Products,16300.75,,food_and_beverage_stores_seasonalnaive_model,,15169.48,17432.02,No
2026-02-05,All Stores,All Products,567.22,,furniture_and_home_furnishings_stores_LGBM_model,,563.25,571.19,No
2026-02-05,All Stores,All Products,1000.00,,furniture_and_home_furnishings_stores_PatchTST_model,,980.00,1020.00,No
2026-02-05,All Stores,All Products,1000.00,,furniture_and_home_furnishings_stores_TimesNet_model,,980.00,1020.00,No
2026-02-05,All Stores,All Products,5259.76,,furniture_and_home_furnishings_stores_autoarima_model,,4699.07,5820.45,No
2026-02-05,All Stores,All Products,5367.88,,furniture_and_home_furnishings_stores_autoets_model,,5000.72,5735.05,No
2026-02-05,All Stores,All Products,5433.58,,furniture_and_home_furnishings_stores_seasonalnaive_model,,5056.49,5810.67,No
2026-02-05,All Stores,All Products,2179.91,,gasoline_stations_LGBM_model,,2164.65,2195.17,No
2026-02-05,All Stores,All Products,1000.00,,gasoline_stations_PatchTST_model,,980.00,1020.00,No
2026-02-05,All Stores,All Products,1000.00,,gasoline_stations_TimesNet_model,,980.00,1020.00,No
2026-02-05,All Stores,All Products,12623.43,,gasoline_stations_autoarima_model,,11277.77,13969.09,No
2026-02-05,All Stores,All Products,12882.92,,gasoline_stations_autoets_model,,12001.73,13764.11,No
2026-02-05,All Stores,All Products,13040.60,,gasoline_stations_seasonalnaive_model,,12135.58,13945.62,No
2026-02-05,All Stores,All Products,3656.78,,general_merchandise_stores_LGBM_model,,3631.18,3682.38,No
2026-02-05,All Stores,All Products,1000.00,,general_merchandise_stores_PatchTST_model,,980.00,1020.00,No
2026-02-05,All Stores,All Products,1000.00,,general_merchandise_stores_TimesNet_model,,980.00,1020.00,No
2026-02-05,All Stores,All Products,18935.14,,general_merchandise_stores_autoarima_model,,16916.66,20953.63,No
2026-02-05,All Stores,All Products,19324.38,,general_merchandise_stores_autoets_model,,18002.60,20646.17,No
2026-02-05,All Stores,All Products,19560.90,,general_merchandise_stores_seasonalnaive_model,,18203.37,20918.42,No
2026-02-05,All Stores,All Products,5249.54,,health_and_personal_care_stores_LGBM_model,,5212.79,5286.28,No
2026-02-05,All Stores,All Products,1000.00,,health_and_personal_care_stores_PatchTST_model,,980.00,1020.00,No
2026-02-05,All Stores,All Products,1000.00,,health_and_personal_care_stores_TimesNet_model,,980.00,1020.00,No
2026-02-05,All Stores,All Products,8415.62,,health_and_personal_care_stores_autoarima_model,,7518.51,9312.72,No
2026-02-05,All Stores,All Products,8588.62,,health_and_personal_care_stores_autoets_model,,8001.15,9176.08,No
2026-02-05,All Stores,All Products,8693.73,,health_and_personal_care_stores_seasonalnaive_model,,8090.39,9297.08,No
2026-02-05,All Stores,All Products,741.21,,sporting_goods_hobby_and_musical_instrument_stores_LGBM_model,,736.02,746.40,No
2026-02-05,All Stores,All Products,1000.00,,sporting_goods_hobby_and_musical_instrument_stores_PatchTST_model,,980.00,1020.00,No
2026-02-05,All Stores,All Products,1000.00,,sporting_goods_hobby_and_musical_instrument_stores_TimesNet_model,,980.00,1020.00,No
2026-02-05,All Stores,All Products,9467.57,,sporting_goods_hobby_and_musical_instrument_stores_autoarima_model,,8458.33,10476.81,No
2026-02-05,All Stores,All Products,9662.19,,sporting_goods_hobby_and_musical_instrument_stores_autoets_model,,9001.30,10323.09,No
2026-02-05,All Stores,All Products,9780.45,,sporting_goods_hobby_and_musical_instrument_stores_seasonalnaive_model,,9101.69,10459.21,No
2026-02-05,All Stores,All Products,23419.19,,total_sales_LGBM_model,,23255.26,23583.13,No
2026-02-05,All Stores,All Products,1000.00,,total_sales_PatchTST_model,,980.00,1020.00,No
2026-02-05,All Stores,All Products,1000.00,,total_sales_TimesNet_model,,980.00,1020.00,No
2026-02-05,All Stores,All Products,17883.19,,total_sales_autoarima_model,,15976.84,19789.54,No
2026-02-05,All Stores,All Products,18250.81,,total_sales_autoets_model,,17002.45,19499.16,No
2026-02-05,All Stores,All Products,18474.18,,total_sales_seasonalnaive_model,,17192.07,19756.29,No
2026-01-29,All Stores,All Products,12294.92,,automobile_dealers_LGBM_model,,12208.86,12380.99,No
2026-01-29,All Stores,All Products,1000.00,,automobile_dealers_PatchTST_model,,980.00,1020.00,No
2026-01-29,All Stores,All Products,1000.00,,automobile_dealers_TimesNet_model,,980.00,1020.00,No
2026-01-29,All Stores,All Products,25412.93,,automobile_dealers_autoarima_model,,22703.91,28121.94,No
2026-01-29,All Stores,All Products,25935.33,,automobile_dealers_autoets_model,,24161.35,27709.30,No
2026-01-29,All Stores,All Products,26252.75,,automobile_dealers_seasonalnaive_model,,24430.81,28074.69,No
2026-01-29,All Stores,All Products,548.07,,building_material_and_garden_equipment_LGBM_model,,544.23,551.91,No
2026-01-29,All Stores,All Products,1000.00,,building_material_and_garden_equipment_PatchTST_model,,980.00,1020.00,No
2026-01-29,All Stores,All Products,1000.00,,building_material_and_garden_equipment_TimesNet_model,,980.00,1020.00,No
2026-01-29,All Stores,All Products,35578.10,,building_material_and_garden_equipment_autoarima_model,,31785.47,39370.72,No
2026-01-29,All Stores,All Products,36309.46,,building_material_and_garden_equipment_autoets_model,,33825.89,38793.03,No
2026-01-29,All Stores,All Products,36753.85,,building_material_and_garden_equipment_seasonalnaive_model,,34203.14,39304.57,No
2026-01-29,All Stores,All Products,5662.30,,clothing_and_clothing_accessories_stores_LGBM_model,,5622.66,5701.93,No
2026-01-29,All Stores,All Products,1000.00,,clothing_and_clothing_accessories_stores_PatchTST_model,,980.00,1020.00,No
2026-01-29,All Stores,All Products,1000.00,,clothing_and_clothing_accessories_stores_TimesNet_model,,980.00,1020.00,No
2026-01-29,All Stores,All Products,6099.10,,clothing_and_clothing_accessories_stores_autoarima_model,,5448.94,6749.27,No
2026-01-29,All Stores,All Products,6224.48,,clothing_and_clothing_accessories_stores_autoets_model,,5798.72,6650.23,No
2026-01-29,All Stores,All Products,6300.66,,clothing_and_clothing_accessories_stores_seasonalnaive_model,,5863.39,6737.93,No
2026-01-29,All Stores,All Products,36581.93,,electronics_and_appliance_stores_LGBM_model,,36325.86,36838.01,No
2026-01-29,All Stores,All Products,1000.00,,electronics_and_appliance_stores_PatchTST_model,,980.00,1020.00,No
2026-01-29,All Stores,All Products,1000.00,,electronics_and_appliance_stores_TimesNet_model,,980.00,1020.00,No
2026-01-29,All Stores,All Products,2033.03,,electronics_and_appliance_stores_autoarima_model,,1816.31,2249.76,No
2026-01-29,All Stores,All Products,2074.83,,electronics_and_appliance_stores_autoets_model,,1932.91,2216.74,No
2026-01-29,All Stores,All Products,2100.22,,electronics_and_appliance_stores_seasonalnaive_model,,1954.46,2245.98,No
2026-01-29,All Stores,All Products,7052.28,,food_and_beverage_stores_LGBM_model,,7002.91,7101.64,No
2026-01-29,All Stores,All Products,1000.00,,food_and_beverage_stores_PatchTST_model,,980.00,1020.00,No
2026-01-29,All Stores,All Products,1000.00,,food_and_beverage_stores_TimesNet_model,,980.00,1020.00,No
2026-01-29,All Stores,All Products,15247.76,,food_and_beverage_stores_autoarima_model,,13622.34,16873.17,No
2026-01-29,All Stores,All Products,15561.20,,food_and_beverage_stores_autoets_model,,14496.81,16625.58,No
2026-01-29,All Stores,All Products,15751.65,,food_and_beverage_stores_seasonalnaive_model,,14658.49,16844.82,No
2026-01-29,All Stores,All Products,568.13,,furniture_and_home_furnishings_stores_LGBM_model,,564.15,572.11,No
2026-01-29,All Stores,All Products,1000.00,,furniture_and_home_furnishings_stores_PatchTST_model,,980.00,1020.00,No
2026-01-29,All Stores,All Products,1000.00,,furniture_and_home_furnishings_stores_TimesNet_model,,980.00,1020.00,No
2026-01-29,All Stores,All Products,5082.59,,furniture_and_home_furnishings_stores_autoarima_model,,4540.78,5624.39,No
2026-01-29,All Stores,All Products,5187.07,,furniture_and_home_furnishings_stores_autoets_model,,4832.27,5541.86,No
2026-01-29,All Stores,All Products,5250.55,,furniture_and_home_furnishings_stores_seasonalnaive_model,,4886.16,5614.94,No
2026-01-29,All Stores,All Products,2221.00,,gasoline_stations_LGBM_model,,2205.45,2236.55,No
2026-01-29,All Stores,All Products,1000.00,,gasoline_stations_PatchTST_model,,980.00,1020.00,No
2026-01-29,All Stores,All Products,1000.00,,gasoline_stations_TimesNet_model,,980.00,1020.00,No
2026-01-29,All Stores,All Products,12198.20,,gasoline_stations_autoarima_model,,10897.88,13498.53,No
2026-01-29,All Stores,All Products,12448.96,,gasoline_stations_autoets_model,,11597.45,13300.47,No
2026-01-29,All Stores,All Products,12601.32,,gasoline_stations_seasonalnaive_model,,11726.79,13475.85,No
2026-01-29,All Stores,All Products,3656.55,,general_merchandise_stores_LGBM_model,,3630.96,3682.15,No
2026-01-29,All Stores,All Products,1000.00,,general_merchandise_stores_PatchTST_model,,980.00,1020.00,No
2026-01-29,All Stores,All Products,1000.00,,general_merchandise_stores_TimesNet_model,,980.00,1020.00,No
2026-01-29,All Stores,All Products,18297.31,,general_merchandise_stores_autoarima_model,,16346.81,20247.80,No
2026-01-29,All Stores,All Products,18673.44,,general_merchandise_stores_autoets_model,,17396.17,19950.70,No
2026-01-29,All Stores,All Products,18901.98,,general_merchandise_stores_seasonalnaive_model,,17590.18,20213.78,No
2026-01-29,All Stores,All Products,5247.14,,health_and_personal_care_stores_LGBM_model,,5210.41,5283.87,No
2026-01-29,All Stores,All Products,1000.00,,health_and_personal_care_stores_PatchTST_model,,980.00,1020.00,No
2026-01-29,All Stores,All Products,1000.00,,health_and_personal_care_stores_TimesNet_model,,980.00,1020.00,No
2026-01-29,All Stores,All Products,8132.14,,health_and_personal_care_stores_autoarima_model,,7265.25,8999.02,No
2026-01-29,All Stores,All Products,8299.30,,health_and_personal_care_stores_autoets_model,,7731.63,8866.98,No
2026-01-29,All Stores,All Products,8400.88,,health_and_personal_care_stores_seasonalnaive_model,,7817.86,8983.90,No
2026-01-29,All Stores,All Products,741.21,,sporting_goods_hobby_and_musical_instrument_stores_LGBM_model,,736.02,746.40,No
2026-01-29,All Stores,All Products,1000.00,,sporting_goods_hobby_and_musical_instrument_stores_PatchTST_model,,980.00,1020.00,No
2026-01-29,All Stores,All Products,1000.00,,sporting_goods_hobby_and_musical_instrument_stores_TimesNet_model,,980.00,1020.00,No
2026-01-29,All Stores,All Products,9148.65,,sporting_goods_hobby_and_musical_instrument_stores_autoarima_model,,8173.41,10123.90,No
2026-01-29,All Stores,All Products,9336.72,,sporting_goods_hobby_and_musical_instrument_stores_autoets_model,,8698.09,9975.35,No
2026-01-29,All Stores,All Products,9450.99,,sporting_goods_hobby_and_musical_instrument_stores_seasonalnaive_model,,8795.09,10106.89,No
2026-01-29,All Stores,All Products,23695.01,,total_sales_LGBM_model,,23529.15,23860.88,No
2026-01-29,All Stores,All Products,1000.00,,total_sales_PatchTST_model,,980.00,1020.00,No
2026-01-29,All Stores,All Products,1000.00,,total_sales_TimesNet_model,,980.00,1020.00,No
2026-01-29,All Stores,All Products,17280.79,,total_sales_autoarima_model,,15438.66,19122.92,No
2026-01-29,All Stores,All Products,17636.02,,total_sales_autoets_model,,16429.72,18842.33,No
2026-01-29,All Stores,All Products,17851.87,,total_sales_seasonalnaive_model,,16612.95,19090.79,No
2026-01-28,All Stores,All Products,23578.77,,total_sales_LGBM_model,,23364.20,23793.34,No
2026-01-28,All Stores,All Products,23578.77,,total_sales_LGBM_model,,23364.20,23793.34,No
2026-01-28,All Stores,All Products,23578.77,,total_sales_LGBM_model,,23364.20,23793.34,No
2026-01-28,All Stores,All Products,23578.77,,total_sales_LGBM_model,,23364.20,23793.34,No
2026-01-28,All Stores,All Products,23578.77,,total_sales_LGBM_model,,23364.20,23793.34,No
2026-01-28,All Stores,All Products,23578.77,,total_sales_LGBM_model,,23364.20,23793.34,No
2026-01-28,All Stores,All Products,28125.36,,total_sales_RandomForest_model,,27869.42,28381.30,No
2026-01-28,All Stores,All Products,28125.36,,total_sales_RandomForest_model,,27869.42,28381.30,No
2026-01-28,All Stores,All Products,28125.36,,total_sales_RandomForest_model,,27869.42,28381.30,No
2026-01-28,All Stores,All Products,28125.36,,total_sales_RandomForest_model,,27869.42,28381.30,No
2026-01-28,All Stores,All Products,28125.36,,total_sales_RandomForest_model,,27869.42,28381.30,No
2026-01-28,All Stores,All Products,28125.36,,total_sales_RandomForest_model,,27869.42,28381.30,No
2026-01-27,All Stores,All Products,1030.00,,total_sales_PatchTST_model,,1009.40,1050.60,No
2026-01-27,All Stores,All Products,1030.00,,total_sales_PatchTST_model,,1009.40,1050.60,No
2026-01-27,All Stores,All Products,1030.00,,total_sales_PatchTST_model,,1009.40,1050.60,No
2026-01-27,All Stores,All Products,1030.00,,total_sales_PatchTST_model,,1009.40,1050.60,No
2026-01-27,All Stores,All Products,1030.00,,total_sales_PatchTST_model,,1009.40,1050.60,No
2026-01-27,All Stores,All Products,1030.00,,total_sales_PatchTST_model,,1009.40,1050.60,No
2026-01-27,All Stores,All Products,1030.00,,total_sales_TimesNet_model,,1009.40,1050.60,No
2026-01-27,All Stores,All Products,1030.00,,total_sales_TimesNet_model,,1009.40,1050.60,No
2026-01-27,All Stores,All Products,1030.00,,total_sales_TimesNet_model,,1009.40,1050.60,No
2026-01-27,All Stores,All Products,1030.00,,total_sales_TimesNet_model,,1009.40,1050.60,No
2026-01-22,All Stores,All Products,12294.92,,automobile_dealers_LGBM_model,,12208.86,12380.99,No
2026-01-22,All Stores,All Products,1000.00,,automobile_dealers_PatchTST_model,,980.00,1020.00,No
2026-01-22,All Stores,All Products,1000.00,,automobile_dealers_TimesNet_model,,980.00,1020.00,No
2026-01-22,All Stores,All Products,25412.93,,automobile_dealers_autoarima_model,,22703.91,28121.94,No
2026-01-22,All Stores,All Products,25935.33,,automobile_dealers_autoets_model,,24161.35,27709.30,No
2026-01-22,All Stores,All Products,26252.75,,automobile_dealers_seasonalnaive_model,,24430.81,28074.69,No
2026-01-22,All Stores,All Products,548.07,,building_material_and_garden_equipment_LGBM_model,,544.23,551.91,No
2026-01-22,All Stores,All Products,1000.00,,building_material_and_garden_equipment_PatchTST_model,,980.00,1020.00,No
2026-01-22,All Stores,All Products,1000.00,,building_material_and_garden_equipment_TimesNet_model,,980.00,1020.00,No
2026-01-22,All Stores,All Products,35578.10,,building_material_and_garden_equipment_autoarima_model,,31785.47,39370.72,No
2026-01-22,All Stores,All Products,36309.46,,building_material_and_garden_equipment_autoets_model,,33825.89,38793.03,No
2026-01-22,All Stores,All Products,36753.85,,building_material_and_garden_equipment_seasonalnaive_model,,34203.14,39304.57,No
2026-01-22,All Stores,All Products,5662.30,,clothing_and_clothing_accessories_stores_LGBM_model,,5622.66,5701.93,No
2026-01-22,All Stores,All Products,1000.00,,clothing_and_clothing_accessories_stores_PatchTST_model,,980.00,1020.00,No
2026-01-22,All Stores,All Products,1000.00,,clothing_and_clothing_accessories_stores_TimesNet_model,,980.00,1020.00,No
2026-01-22,All Stores,All Products,6099.10,,clothing_and_clothing_accessories_stores_autoarima_model,,5448.94,6749.27,No
2026-01-22,All Stores,All Products,6224.48,,clothing_and_clothing_accessories_stores_autoets_model,,5798.72,6650.23,No
2026-01-22,All Stores,All Products,6300.66,,clothing_and_clothing_accessories_stores_seasonalnaive_model,,5863.39,6737.93,No
2026-01-22,All Stores,All Products,36581.93,,electronics_and_appliance_stores_LGBM_model,,36325.86,36838.01,No
2026-01-22,All Stores,All Products,1000.00,,electronics_and_appliance_stores_PatchTST_model,,980.00,1020.00,No
2026-01-22,All Stores,All Products,1000.00,,electronics_and_appliance_stores_TimesNet_model,,980.00,1020.00,No
2026-01-22,All Stores,All Products,2033.03,,electronics_and_appliance_stores_autoarima_model,,1816.31,2249.76,No
2026-01-22,All Stores,All Products,2074.83,,electronics_and_appliance_stores_autoets_model,,1932.91,2216.74,No
2026-01-22,All Stores,All Products,2100.22,,electronics_and_appliance_stores_seasonalnaive_model,,1954.46,2245.98,No
2026-01-22,All Stores,All Products,7052.28,,food_and_beverage_stores_LGBM_model,,7002.91,7101.64,No
2026-01-22,All Stores,All Products,1000.00,,food_and_beverage_stores_PatchTST_model,,980.00,1020.00,No
2026-01-22,All Stores,All Products,1000.00,,food_and_beverage_stores_TimesNet_model,,980.00,1020.00,No
2026-01-22,All Stores,All Products,15247.76,,food_and_beverage_stores_autoarima_model,,13622.34,16873.17,No
2026-01-22,All Stores,All Products,15561.20,,food_and_beverage_stores_autoets_model,,14496.81,16625.58,No
2026-01-22,All Stores,All Products,15751.65,,food_and_beverage_stores_seasonalnaive_model,,14658.49,16844.82,No
2026-01-22,All Stores,All Products,568.13,,furniture_and_home_furnishings_stores_LGBM_model,,564.15,572.11,No
2026-01-22,All Stores,All Products,1000.00,,furniture_and_home_furnishings_stores_PatchTST_model,,980.00,1020.00,No
2026-01-22,All Stores,All Products,1000.00,,furniture_and_home_furnishings_stores_TimesNet_model,,980.00,1020.00,No
2026-01-22,All Stores,All Products,5082.59,,furniture_and_home_furnishings_stores_autoarima_model,,4540.78,5624.39,No
2026-01-22,All Stores,All Products,5187.07,,furniture_and_home_furnishings_stores_autoets_model,,4832.27,5541.86,No
2026-01-22,All Stores,All Products,5250.55,,furniture_and_home_furnishings_stores_seasonalnaive_model,,4886.16,5614.94,No
2026-01-22,All Stores,All Products,2221.00,,gasoline_stations_LGBM_model,,2205.45,2236.55,No
2026-01-22,All Stores,All Products,1000.00,,gasoline_stations_PatchTST_model,,980.00,1020.00,No
2026-01-22,All Stores,All Products,1000.00,,gasoline_stations_TimesNet_model,,980.00,1020.00,No
2026-01-22,All Stores,All Products,12198.20,,gasoline_stations_autoarima_model,,10897.88,13498.53,No
2026-01-22,All Stores,All Products,12448.96,,gasoline_stations_autoets_model,,11597.45,13300.47,No
2026-01-22,All Stores,All Products,12601.32,,gasoline_stations_seasonalnaive_model,,11726.79,13475.85,No
2026-01-22,All Stores,All Products,3656.55,,general_merchandise_stores_LGBM_model,,3630.96,3682.15,No
2026-01-22,All Stores,All Products,1000.00,,general_merchandise_stores_PatchTST_model,,980.00,1020.00,No
2026-01-22,All Stores,All Products,1000.00,,general_merchandise_stores_TimesNet_model,,980.00,1020.00,No
2026-01-22,All Stores,All Products,18297.31,,general_merchandise_stores_autoarima_model,,16346.81,20247.80,No
2026-01-22,All Stores,All Products,18673.44,,general_merchandise_stores_autoets_model,,17396.17,19950.70,No
2026-01-22,All Stores,All Products,18901.98,,general_merchandise_stores_seasonalnaive_model,,17590.18,20213.78,No
2026-01-22,All Stores,All Products,5247.14,,health_and_personal_care_stores_LGBM_model,,5210.41,5283.87,No
2026-01-22,All Stores,All Products,1000.00,,health_and_personal_care_stores_PatchTST_model,,980.00,1020.00,No
2026-01-22,All Stores,All Products,1000.00,,health_and_personal_care_stores_TimesNet_model,,980.00,1020.00,No
2026-01-22,All Stores,All Products,8132.14,,health_and_personal_care_stores_autoarima_model,,7265.25,8999.02,No
2026-01-22,All Stores,All Products,8299.30,,health_and_personal_care_stores_autoets_model,,7731.63,8866.98,No
2026-01-22,All Stores,All Products,8400.88,,health_and_personal_care_stores_seasonalnaive_model,,7817.86,8983.90,No
2026-01-22,All Stores,All Products,741.21,,sporting_goods_hobby_and_musical_instrument_stores_LGBM_model,,736.02,746.40,No
2026-01-22,All Stores,All Products,1000.00,,sporting_goods_hobby_and_musical_instrument_stores_PatchTST_model,,980.00,1020.00,No
2026-01-22,All Stores,All Products,1000.00,,sporting_goods_hobby_and_musical_instrument_stores_TimesNet_model,,980.00,1020.00,No
2026-01-22,All Stores,All Products,9148.65,,sporting_goods_hobby_and_musical_instrument_stores_autoarima_model,,8173.41,10123.90,No
2026-01-22,All Stores,All Products,9336.72,,sporting_goods_hobby_and_musical_instrument_stores_autoets_model,,8698.09,9975.35,No
2026-01-22,All Stores,All Products,9450.99,,sporting_goods_hobby_and_musical_instrument_stores_seasonalnaive_model,,8795.09,10106.89,No
2026-01-22,All Stores,All Products,23695.01,,total_sales_LGBM_model,,23529.15,23860.88,No
2026-01-22,All Stores,All Products,1000.00,,total_sales_PatchTST_model,,980.00,1020.00,No
2026-01-22,All Stores,All Products,1000.00,,total_sales_TimesNet_model,,980.00,1020.00,No
2026-01-22,All Stores,All Products,17280.79,,total_sales_autoarima_model,,15438.66,19122.92,No
2026-01-22,All Stores,All Products,17636.02,,total_sales_autoets_model,,16429.72,18842.33,No
2026-01-22,All Stores,All Products,17851.87,,total_sales_seasonalnaive_model,,16612.95,19090.79,No
2026-01-21,All Stores,All Products,23578.77,,total_sales_LGBM_model,,23380.71,23776.83,No
2026-01-21,All Stores,All Products,23578.77,,total_sales_LGBM_model,,23380.71,23776.83,No
2026-01-21,All Stores,All Products,23578.77,,total_sales_LGBM_model,,23380.71,23776.83,No
2026-01-21,All Stores,All Products,23578.77,,total_sales_LGBM_model,,23380.71,23776.83,No
2026-01-21,All Stores,All Products,23578.77,,total_sales_LGBM_model,,23380.71,23776.83,No
2026-01-21,All Stores,All Products,23578.77,,total_sales_LGBM_model,,23380.71,23776.83,No
2026-01-21,All Stores,All Products,28125.36,,total_sales_RandomForest_model,,27889.10,28361.61,No
2026-01-21,All Stores,All Products,28125.36,,total_sales_RandomForest_model,,27889.10,28361.61,No
2026-01-21,All Stores,All Products,28125.36,,total_sales_RandomForest_model,,27889.10,28361.61,No
2026-01-21,All Stores,All Products,28125.36,,total_sales_RandomForest_model,,27889.10,28361.61,No
2026-01-21,All Stores,All Products,28125.36,,total_sales_RandomForest_model,,27889.10,28361.61,No
2026-01-21,All Stores,All Products,28125.36,,total_sales_RandomForest_model,,27889.10,28361.61,No
2026-01-20,All Stores,All Products,1020.00,,total_sales_PatchTST_model,,999.60,1040.40,No
2026-01-20,All Stores,All Products,1020.00,,total_sales_PatchTST_model,,999.60,1040.40,No
2026-01-20,All Stores,All Products,1020.00,,total_sales_PatchTST_model,,999.60,1040.40,No
2026-01-20,All Stores,All Products,1020.00,,total_sales_PatchTST_model,,999.60,1040.40,No
2026-01-20,All Stores,All Products,1020.00,,total_sales_PatchTST_model,,999.60,1040.40,No
2026-01-20,All Stores,All Products,1020.00,,total_sales_PatchTST_model,,999.60,1040.40,No
2026-01-20,All Stores,All Products,1020.00,,total_sales_TimesNet_model,,999.60,1040.40,No
2026-01-20,All Stores,All Products,1020.00,,total_sales_TimesNet_model,,999.60,1040.40,No
2026-01-20,All Stores,All Products,1020.00,,total_sales_TimesNet_model,,999.60,1040.40,No
2026-01-20,All Stores,All Products,1020.00,,total_sales_TimesNet_model,,999.60,1040.40,No
2026-01-15,All Stores,All Products,12294.92,,automobile_dealers_LGBM_model,,12208.86,12380.99,No
2026-01-15,All Stores,All Products,1000.00,,automobile_dealers_PatchTST_model,,980.00,1020.00,No
2026-01-15,All Stores,All Products,1000.00,,automobile_dealers_TimesNet_model,,980.00,1020.00,No
2026-01-15,All Stores,All Products,25412.93,,automobile_dealers_autoarima_model,,22703.91,28121.94,No
2026-01-15,All Stores,All Products,25935.33,,automobile_dealers_autoets_model,,24161.35,27709.30,No
2026-01-15,All Stores,All Products,26252.75,,automobile_dealers_seasonalnaive_model,,24430.81,28074.69,No
2026-01-15,All Stores,All Products,548.07,,building_material_and_garden_equipment_LGBM_model,,544.23,551.91,No
2026-01-15,All Stores,All Products,1000.00,,building_material_and_garden_equipment_PatchTST_model,,980.00,1020.00,No
2026-01-15,All Stores,All Products,1000.00,,building_material_and_garden_equipment_TimesNet_model,,980.00,1020.00,No
2026-01-15,All Stores,All Products,35578.10,,building_material_and_garden_equipment_autoarima_model,,31785.47,39370.72,No
2026-01-15,All Stores,All Products,36309.46,,building_material_and_garden_equipment_autoets_model,,33825.89,38793.03,No
2026-01-15,All Stores,All Products,36753.85,,building_material_and_garden_equipment_seasonalnaive_model,,34203.14,39304.57,No
2026-01-15,All Stores,All Products,5662.30,,clothing_and_clothing_accessories_stores_LGBM_model,,5622.66,5701.93,No
2026-01-15,All Stores,All Products,1000.00,,clothing_and_clothing_accessories_stores_PatchTST_model,,980.00,1020.00,No
2026-01-15,All Stores,All Products,1000.00,,clothing_and_clothing_accessories_stores_TimesNet_model,,980.00,1020.00,No
2026-01-15,All Stores,All Products,6099.10,,clothing_and_clothing_accessories_stores_autoarima_model,,5448.94,6749.27,No
2026-01-15,All Stores,All Products,6224.48,,clothing_and_clothing_accessories_stores_autoets_model,,5798.72,6650.23,No
2026-01-15,All Stores,All Products,6300.66,,clothing_and_clothing_accessories_stores_seasonalnaive_model,,5863.39,6737.93,No
2026-01-15,All Stores,All Products,36581.93,,electronics_and_appliance_stores_LGBM_model,,36325.86,36838.01,No
2026-01-15,All Stores,All Products,1000.00,,electronics_and_appliance_stores_PatchTST_model,,980.00,1020.00,No
2026-01-15,All Stores,All Products,1000.00,,electronics_and_appliance_stores_TimesNet_model,,980.00,1020.00,No
2026-01-15,All Stores,All Products,2033.03,,electronics_and_appliance_stores_autoarima_model,,1816.31,2249.76,No
2026-01-15,All Stores,All Products,2074.83,,electronics_and_appliance_stores_autoets_model,,1932.91,2216.74,No
2026-01-15,All Stores,All Products,2100.22,,electronics_and_appliance_stores_seasonalnaive_model,,1954.46,2245.98,No
2026-01-15,All Stores,All Products,7052.28,,food_and_beverage_stores_LGBM_model,,7002.91,7101.64,No
2026-01-15,All Stores,All Products,1000.00,,food_and_beverage_stores_PatchTST_model,,980.00,1020.00,No
2026-01-15,All Stores,All Products,1000.00,,food_and_beverage_stores_TimesNet_model,,980.00,1020.00,No
2026-01-15,All Stores,All Products,15247.76,,food_and_beverage_stores_autoarima_model,,13622.34,16873.17,No
2026-01-15,All Stores,All Products,15561.20,,food_and_beverage_stores_autoets_model,,14496.81,16625.58,No
2026-01-15,All Stores,All Products,15751.65,,food_and_beverage_stores_seasonalnaive_model,,14658.49,16844.82,No
2026-01-15,All Stores,All Products,568.02,,furniture_and_home_furnishings_stores_LGBM_model,,564.04,571.99,No
2026-01-15,All Stores,All Products,1000.00,,furniture_and_home_furnishings_stores_PatchTST_model,,980.00,1020.00,No
2026-01-15,All Stores,All Products,1000.00,,furniture_and_home_furnishings_stores_TimesNet_model,,980.00,1020.00,No
2026-01-15,All Stores,All Products,5082.59,,furniture_and_home_furnishings_stores_autoarima_model,,4540.78,5624.39,No
2026-01-15,All Stores,All Products,5187.07,,furniture_and_home_furnishings_stores_autoets_model,,4832.27,5541.86,No
2026-01-15,All Stores,All Products,5250.55,,furniture_and_home_furnishings_stores_seasonalnaive_model,,4886.16,5614.94,No
2026-01-15,All Stores,All Products,2221.00,,gasoline_stations_LGBM_model,,2205.45,2236.55,No
2026-01-15,All Stores,All Products,1000.00,,gasoline_stations_PatchTST_model,,980.00,1020.00,No
2026-01-15,All Stores,All Products,1000.00,,gasoline_stations_TimesNet_model,,980.00,1020.00,No
2026-01-15,All Stores,All Products,12198.20,,gasoline_stations_autoarima_model,,10897.88,13498.53,No
2026-01-15,All Stores,All Products,12448.96,,gasoline_stations_autoets_model,,11597.45,13300.47,No
2026-01-15,All Stores,All Products,12601.32,,gasoline_stations_seasonalnaive_model,,11726.79,13475.85,No
2026-01-15,All Stores,All Products,3656.55,,general_merchandise_stores_LGBM_model,,3630.96,3682.15,No
2026-01-15,All Stores,All Products,1000.00,,general_merchandise_stores_PatchTST_model,,980.00,1020.00,No
2026-01-15,All Stores,All Products,1000.00,,general_merchandise_stores_TimesNet_model,,980.00,1020.00,No
2026-01-15,All Stores,All Products,18297.31,,general_merchandise_stores_autoarima_model,,16346.81,20247.80,No
2026-01-15,All Stores,All Products,18673.44,,general_merchandise_stores_autoets_model,,17396.17,19950.70,No
2026-01-15,All Stores,All Products,18901.98,,general_merchandise_stores_seasonalnaive_model,,17590.18,20213.78,No
2026-01-15,All Stores,All Products,5247.14,,health_and_personal_care_stores_LGBM_model,,5210.41,5283.87,No
2026-01-15,All Stores,All Products,1000.00,,health_and_personal_care_stores_PatchTST_model,,980.00,1020.00,No
2026-01-15,All Stores,All Products,1000.00,,health_and_personal_care_stores_TimesNet_model,,980.00,1020.00,No
2026-01-15,All Stores,All Products,8132.14,,health_and_personal_care_stores_autoarima_model,,7265.25,8999.02,No
2026-01-15,All Stores,All Products,8299.30,,health_and_personal_care_stores_autoets_model,,7731.63,8866.98,No
2026-01-15,All Stores,All Products,8400.88,,health_and_personal_care_stores_seasonalnaive_model,,7817.86,8983.90,No
2026-01-15,All Stores,All Products,741.41,,sporting_goods_hobby_and_musical_instrument_stores_LGBM_model,,736.23,746.60,No
2026-01-15,All Stores,All Products,1000.00,,sporting_goods_hobby_and_musical_instrument_stores_PatchTST_model,,980.00,1020.00,No
2026-01-15,All Stores,All Products,1000.00,,sporting_goods_hobby_and_musical_instrument_stores_TimesNet_model,,980.00,1020.00,No
2026-01-15,All Stores,All Products,9148.65,,sporting_goods_hobby_and_musical_instrument_stores_autoarima_model,,8173.41,10123.90,No
2026-01-15,All Stores,All Products,9336.72,,sporting_goods_hobby_and_musical_instrument_stores_autoets_model,,8698.09,9975.35,No
2026-01-15,All Stores,All Products,9450.99,,sporting_goods_hobby_and_musical_instrument_stores_seasonalnaive_model,,8795.09,10106.89,No
2026-01-15,All Stores,All Products,23695.01,,total_sales_LGBM_model,,23529.15,23860.88,No
2026-01-15,All Stores,All Products,1000.00,,total_sales_PatchTST_model,,980.00,1020.00,No
2026-01-15,All Stores,All Products,1000.00,,total_sales_TimesNet_model,,980.00,1020.00,No
2026-01-15,All Stores,All Products,17280.79,,total_sales_autoarima_model,,15438.66,19122.92,No
2026-01-15,All Stores,All Products,17636.02,,total_sales_autoets_model,,16429.72,18842.33,No
2026-01-15,All Stores,All Products,17851.87,,total_sales_seasonalnaive_model,,16612.95,19090.79,No
2026-01-14,All Stores,All Products,23578.77,,total_sales_LGBM_model,,23397.21,23760.33,No
2026-01-14,All Stores,All Products,23578.77,,total_sales_LGBM_model,,23397.21,23760.33,No
2026-01-14,All Stores,All Products,23578.77,,total_sales_LGBM_model,,23397.21,23760.33,No
2026-01-14,All Stores,All Products,23578.77,,total_sales_LGBM_model,,23397.21,23760.33,No
2026-01-14,All Stores,All Products,23578.77,,total_sales_LGBM_model,,23397.21,23760.33,No
2026-01-14,All Stores,All Products,23578.77,,total_sales_LGBM_model,,23397.21,23760.33,No
2026-01-14,All Stores,All Products,28202.22,,total_sales_RandomForest_model,,27985.06,28419.37,No
2026-01-14,All Stores,All Products,28202.22,,total_sales_RandomForest_model,,27985.06,28419.37,No
2026-01-14,All Stores,All Products,28202.22,,total_sales_RandomForest_model,,27985.06,28419.37,No
2026-01-14,All Stores,All Products,28202.22,,total_sales_RandomForest_model,,27985.06,28419.37,No
2026-01-14,All Stores,All Products,28202.22,,total_sales_RandomForest_model,,27985.06,28419.37,No
2026-01-14,All Stores,All Products,28202.22,,total_sales_RandomForest_model,,27985.06,28419.37,No
2026-01-13,All Stores,All Products,1010.00,,total_sales_PatchTST_model,,989.80,1030.20,No
2026-01-13,All Stores,All Products,1010.00,,total_sales_PatchTST_model,,989.80,1030.20,No
2026-01-13,All Stores,All Products,1010.00,,total_sales_PatchTST_model,,989.80,1030.20,No
2026-01-13,All Stores,All Products,1010.00,,total_sales_PatchTST_model,,989.80,1030.20,No
2026-01-13,All Stores,All Products,1010.00,,total_sales_PatchTST_model,,989.80,1030.20,No
2026-01-13,All Stores,All Products,1010.00,,total_sales_PatchTST_model,,989.80,1030.20,No
2026-01-13,All Stores,All Products,1010.00,,total_sales_TimesNet_model,,989.80,1030.20,No
2026-01-13,All Stores,All Products,1010.00,,total_sales_TimesNet_model,,989.80,1030.20,No
2026-01-13,All Stores,All Products,1010.00,,total_sales_TimesNet_model,,989.80,1030.20,No
2026-01-13,All Stores,All Products,1010.00,,total_sales_TimesNet_model,,989.80,1030.20,No
2026-01-08,All Stores,All Products,12294.92,,automobile_dealers_LGBM_model,,12208.86,12380.99,No
2026-01-08,All Stores,All Products,1000.00,,automobile_dealers_PatchTST_model,,980.00,1020.00,No
2026-01-08,All Stores,All Products,1000.00,,automobile_dealers_TimesNet_model,,980.00,1020.00,No
2026-01-08,All Stores,All Products,25412.93,,automobile_dealers_autoarima_model,,22703.91,28121.94,No
2026-01-08,All Stores,All Products,25935.33,,automobile_dealers_autoets_model,,24161.35,27709.30,No
2026-01-08,All Stores,All Products,26252.75,,automobile_dealers_seasonalnaive_model,,24430.81,28074.69,No
2026-01-08,All Stores,All Products,548.07,,building_material_and_garden_equipment_LGBM_model,,544.23,551.91,No
2026-01-08,All Stores,All Products,1000.00,,building_material_and_garden_equipment_PatchTST_model,,980.00,1020.00,No
2026-01-08,All Stores,All Products,1000.00,,building_material_and_garden_equipment_TimesNet_model,,980.00,1020.00,No
2026-01-08,All Stores,All Products,35578.10,,building_material_and_garden_equipment_autoarima_model,,31785.47,39370.72,No
2026-01-08,All Stores,All Products,36309.46,,building_material_and_garden_equipment_autoets_model,,33825.89,38793.03,No
2026-01-08,All Stores,All Products,36753.85,,building_material_and_garden_equipment_seasonalnaive_model,,34203.14,39304.57,No
2026-01-08,All Stores,All Products,5662.30,,clothing_and_clothing_accessories_stores_LGBM_model,,5622.66,5701.93,No
2026-01-08,All Stores,All Products,1000.00,,clothing_and_clothing_accessories_stores_PatchTST_model,,980.00,1020.00,No
2026-01-08,All Stores,All Products,1000.00,,clothing_and_clothing_accessories_stores_TimesNet_model,,980.00,1020.00,No
2026-01-08,All Stores,All Products,6099.10,,clothing_and_clothing_accessories_stores_autoarima_model,,5448.94,6749.27,No
2026-01-08,All Stores,All Products,6224.48,,clothing_and_clothing_accessories_stores_autoets_model,,5798.72,6650.23,No
2026-01-08,All Stores,All Products,6300.66,,clothing_and_clothing_accessories_stores_seasonalnaive_model,,5863.39,6737.93,No
2026-01-08,All Stores,All Products,36581.93,,electronics_and_appliance_stores_LGBM_model,,36325.86,36838.01,No
2026-01-08,All Stores,All Products,1000.00,,electronics_and_appliance_stores_PatchTST_model,,980.00,1020.00,No
2026-01-08,All Stores,All Products,1000.00,,electronics_and_appliance_stores_TimesNet_model,,980.00,1020.00,No
2026-01-08,All Stores,All Products,2033.03,,electronics_and_appliance_stores_autoarima_model,,1816.31,2249.76,No
2026-01-08,All Stores,All Products,2074.83,,electronics_and_appliance_stores_autoets_model,,1932.91,2216.74,No
2026-01-08,All Stores,All Products,2100.22,,electronics_and_appliance_stores_seasonalnaive_model,,1954.46,2245.98,No
2026-01-08,All Stores,All Products,7052.28,,food_and_beverage_stores_LGBM_model,,7002.91,7101.64,No
2026-01-08,All Stores,All Products,1000.00,,food_and_beverage_stores_PatchTST_model,,980.00,1020.00,No
2026-01-08,All Stores,All Products,1000.00,,food_and_beverage_stores_TimesNet_model,,980.00,1020.00,No
2026-01-08,All Stores,All Products,15247.76,,food_and_beverage_stores_autoarima_model,,13622.34,16873.17,No
2026-01-08,All Stores,All Products,15561.20,,food_and_beverage_stores_autoets_model,,14496.81,16625.58,No
2026-01-08,All Stores,All Products,15751.65,,food_and_beverage_stores_seasonalnaive_model,,14658.49,16844.82,No
2026-01-08,All Stores,All Products,568.02,,furniture_and_home_furnishings_stores_LGBM_model,,564.04,571.99,No
2026-01-08,All Stores,All Products,1000.00,,furniture_and_home_furnishings_stores_PatchTST_model,,980.00,1020.00,No
2026-01-08,All Stores,All Products,1000.00,,furniture_and_home_furnishings_stores_TimesNet_model,,980.00,1020.00,No
2026-01-08,All Stores,All Products,5082.59,,furniture_and_home_furnishings_stores_autoarima_model,,4540.78,5624.39,No
2026-01-08,All Stores,All Products,5187.07,,furniture_and_home_furnishings_stores_autoets_model,,4832.27,5541.86,No
2026-01-08,All Stores,All Products,5250.55,,furniture_and_home_furnishings_stores_seasonalnaive_model,,4886.16,5614.94,No
2026-01-08,All Stores,All Products,2221.00,,gasoline_stations_LGBM_model,,2205.45,2236.55,No
2026-01-08,All Stores,All Products,1000.00,,gasoline_stations_PatchTST_model,,980.00,1020.00,No
2026-01-08,All Stores,All Products,1000.00,,gasoline_stations_TimesNet_model,,980.00,1020.00,No
2026-01-08,All Stores,All Products,12198.20,,gasoline_stations_autoarima_model,,10897.88,13498.53,No
2026-01-08,All Stores,All Products,12448.96,,gasoline_stations_autoets_model,,11597.45,13300.47,No
2026-01-08,All Stores,All Products,12601.32,,gasoline_stations_seasonalnaive_model,,11726.79,13475.85,No
2026-01-08,All Stores,All Products,3656.36,,general_merchandise_stores_LGBM_model,,3630.77,3681.95,No
2026-01-08,All Stores,All Products,1000.00,,general_merchandise_stores_PatchTST_model,,980.00,1020.00,No
2026-01-08,All Stores,All Products,1000.00,,general_merchandise_stores_TimesNet_model,,980.00,1020.00,No
2026-01-08,All Stores,All Products,18297.31,,general_merchandise_stores_autoarima_model,,16346.81,20247.80,No
2026-01-08,All Stores,All Products,18673.44,,general_merchandise_stores_autoets_model,,17396.17,19950.70,No
2026-01-08,All Stores,All Products,18901.98,,general_merchandise_stores_seasonalnaive_model,,17590.18,20213.78,No
2026-01-08,All Stores,All Products,5247.14,,health_and_personal_care_stores_LGBM_model,,5210.41,5283.87,No
2026-01-08,All Stores,All Products,1000.00,,health_and_personal_care_stores_PatchTST_model,,980.00,1020.00,No
2026-01-08,All Stores,All Products,1000.00,,health_and_personal_care_stores_TimesNet_model,,980.00,1020.00,No
2026-01-08,All Stores,All Products,8132.14,,health_and_personal_care_stores_autoarima_model,,7265.25,8999.02,No
2026-01-08,All Stores,All Products,8299.30,,health_and_personal_care_stores_autoets_model,,7731.63,8866.98,No
2026-01-08,All Stores,All Products,8400.88,,health_and_personal_care_stores_seasonalnaive_model,,7817.86,8983.90,No
2026-01-08,All Stores,All Products,741.41,,sporting_goods_hobby_and_musical_instrument_stores_LGBM_model,,736.23,746.60,No
2026-01-08,All Stores,All Products,1000.00,,sporting_goods_hobby_and_musical_instrument_stores_PatchTST_model,,980.00,1020.00,No
2026-01-08,All Stores,All Products,1000.00,,sporting_goods_hobby_and_musical_instrument_stores_TimesNet_model,,980.00,1020.00,No
2026-01-08,All Stores,All Products,9148.65,,sporting_goods_hobby_and_musical_instrument_stores_autoarima_model,,8173.41,10123.90,No
2026-01-08,All Stores,All Products,9336.72,,sporting_goods_hobby_and_musical_instrument_stores_autoets_model,,8698.09,9975.35,No
2026-01-08,All Stores,All Products,9450.99,,sporting_goods_hobby_and_musical_instrument_stores_seasonalnaive_model,,8795.09,10106.89,No
2026-01-08,All Stores,All Products,23695.01,,total_sales_LGBM_model,,23529.15,23860.88,No
2026-01-08,All Stores,All Products,1000.00,,total_sales_PatchTST_model,,980.00,1020.00,No
2026-01-08,All Stores,All Products,1000.00,,total_sales_TimesNet_model,,980.00,1020.00,No
2026-01-08,All Stores,All Products,17280.79,,total_sales_autoarima_model,,15438.66,19122.92,No
2026-01-08,All Stores,All Products,17636.02,,total_sales_autoets_model,,16429.72,18842.33,No
2026-01-08,All Stores,All Products,17851.87,,total_sales_seasonalnaive_model,,16612.95,19090.79,No
2026-01-07,All Stores,All Products,23578.77,,total_sales_LGBM_model,,23413.72,23743.82,No
2026-01-07,All Stores,All Products,23578.77,,total_sales_LGBM_model,,23413.72,23743.82,No
2026-01-07,All Stores,All Products,23578.77,,total_sales_LGBM_model,,23413.72,23743.82,No
2026-01-07,All Stores,All Products,23578.77,,total_sales_LGBM_model,,23413.72,23743.82,No
2026-01-07,All Stores,All Products,23578.77,,total_sales_LGBM_model,,23413.72,23743.82,No
2026-01-07,All Stores,All Products,23578.77,,total_sales_LGBM_model,,23413.72,23743.82,No
2026-01-07,All Stores,All Products,28190.03,,total_sales_RandomForest_model,,27992.70,28387.36,No
2026-01-07,All Stores,All Products,28190.03,,total_sales_RandomForest_model,,27992.70,28387.36,No
2026-01-07,All Stores,All Products,28190.03,,total_sales_RandomForest_model,,27992.70,28387.36,No
2026-01-07,All Stores,All Products,28190.03,,total_sales_RandomForest_model,,27992.70,28387.36,No
2026-01-07,All Stores,All Products,28190.03,,total_sales_RandomForest_model,,27992.70,28387.36,No
2026-01-07,All Stores,All Products,28190.03,,total_sales_RandomForest_model,,27992.70,28387.36,No
2026-01-06,All Stores,All Products,1000.00,,total_sales_PatchTST_model,,980.00,1020.00,No
2026-01-06,All Stores,All Products,1000.00,,total_sales_PatchTST_model,,980.00,1020.00,No
2026-01-06,All Stores,All Products,1000.00,,total_sales_PatchTST_model,,980.00,1020.00,No
2026-01-06,All Stores,All Products,1000.00,,total_sales_PatchTST_model,,980.00,1020.00,No
2026-01-06,All Stores,All Products,1000.00,,total_sales_PatchTST_model,,980.00,1020.00,No
2026-01-06,All Stores,All Products,1000.00,,total_sales_PatchTST_model,,980.00,1020.00,No
2026-01-06,All Stores,All Products,1000.00,,total_sales_TimesNet_model,,980.00,1020.00,No
2026-01-06,All Stores,All Products,1000.00,,total_sales_TimesNet_model,,980.00,1020.00,No
2026-01-06,All Stores,All Products,1000.00,,total_sales_TimesNet_model,,980.00,1020.00,No
2026-01-06,All Stores,All Products,1000.00,,total_sales_TimesNet_model,,980.00,1020.00,No
2026-01-01,All Stores,All Products,12608.91,,automobile_dealers_LGBM_model,,12520.65,12697.17,No
2026-01-01,All Stores,All Products,1000.00,,automobile_dealers_PatchTST_model,,980.00,1020.00,No
2026-01-01,All Stores,All Products,1000.00,,automobile_dealers_TimesNet_model,,980.00,1020.00,No
2026-01-01,All Stores,All Products,25412.93,,automobile_dealers_autoarima_model,,22703.91,28121.94,No
2026-01-01,All Stores,All Products,25935.33,,automobile_dealers_autoets_model,,24161.35,27709.30,No
2026-01-01,All Stores,All Products,26252.75,,automobile_dealers_seasonalnaive_model,,24430.81,28074.69,No
2026-01-01,All Stores,All Products,548.07,,building_material_and_garden_equipment_LGBM_model,,544.23,551.91,No
2026-01-01,All Stores,All Products,1000.00,,building_material_and_garden_equipment_PatchTST_model,,980.00,1020.00,No
2026-01-01,All Stores,All Products,1000.00,,building_material_and_garden_equipment_TimesNet_model,,980.00,1020.00,No
2026-01-01,All Stores,All Products,35578.10,,building_material_and_garden_equipment_autoarima_model,,31785.47,39370.72,No
2026-01-01,All Stores,All Products,36309.46,,building_material_and_garden_equipment_autoets_model,,33825.89,38793.03,No
2026-01-01,All Stores,All Products,36753.85,,building_material_and_garden_equipment_seasonalnaive_model,,34203.14,39304.57,No
2026-01-01,All Stores,All Products,5900.41,,clothing_and_clothing_accessories_stores_LGBM_model,,5859.10,5941.71,No
2026-01-01,All Stores,All Products,1000.00,,clothing_and_clothing_accessories_stores_PatchTST_model,,980.00,1020.00,No
2026-01-01,All Stores,All Products,1000.00,,clothing_and_clothing_accessories_stores_TimesNet_model,,980.00,1020.00,No
2026-01-01,All Stores,All Products,6099.10,,clothing_and_clothing_accessories_stores_autoarima_model,,5448.94,6749.27,No
2026-01-01,All Stores,All Products,6224.48,,clothing_and_clothing_accessories_stores_autoets_model,,5798.72,6650.23,No
2026-01-01,All Stores,All Products,6300.66,,clothing_and_clothing_accessories_stores_seasonalnaive_model,,5863.39,6737.93,No
2026-01-01,All Stores,All Products,38082.90,,electronics_and_appliance_stores_LGBM_model,,37816.32,38349.48,No
2026-01-01,All Stores,All Products,1000.00,,electronics_and_appliance_stores_PatchTST_model,,980.00,1020.00,No
2026-01-01,All Stores,All Products,1000.00,,electronics_and_appliance_stores_TimesNet_model,,980.00,1020.00,No
2026-01-01,All Stores,All Products,2033.03,,electronics_and_appliance_stores_autoarima_model,,1816.31,2249.76,No
2026-01-01,All Stores,All Products,2074.83,,electronics_and_appliance_stores_autoets_model,,1932.91,2216.74,No
2026-01-01,All Stores,All Products,2100.22,,electronics_and_appliance_stores_seasonalnaive_model,,1954.46,2245.98,No
2026-01-01,All Stores,All Products,7312.12,,food_and_beverage_stores_LGBM_model,,7260.93,7363.30,No
2026-01-01,All Stores,All Products,1000.00,,food_and_beverage_stores_PatchTST_model,,980.00,1020.00,No
2026-01-01,All Stores,All Products,1000.00,,food_and_beverage_stores_TimesNet_model,,980.00,1020.00,No
2026-01-01,All Stores,All Products,15247.76,,food_and_beverage_stores_autoarima_model,,13622.34,16873.17,No
2026-01-01,All Stores,All Products,15561.20,,food_and_beverage_stores_autoets_model,,14496.81,16625.58,No
2026-01-01,All Stores,All Products,15751.65,,food_and_beverage_stores_seasonalnaive_model,,14658.49,16844.82,No
2026-01-01,All Stores,All Products,568.02,,furniture_and_home_furnishings_stores_LGBM_model,,564.04,571.99,No
2026-01-01,All Stores,All Products,1000.00,,furniture_and_home_furnishings_stores_PatchTST_model,,980.00,1020.00,No
2026-01-01,All Stores,All Products,1000.00,,furniture_and_home_furnishings_stores_TimesNet_model,,980.00,1020.00,No
2026-01-01,All Stores,All Products,5082.59,,furniture_and_home_furnishings_stores_autoarima_model,,4540.78,5624.39,No
2026-01-01,All Stores,All Products,5187.07,,furniture_and_home_furnishings_stores_autoets_model,,4832.27,5541.86,No
2026-01-01,All Stores,All Products,5250.55,,furniture_and_home_furnishings_stores_seasonalnaive_model,,4886.16,5614.94,No
2026-01-01,All Stores,All Products,2297.53,,gasoline_stations_LGBM_model,,2281.45,2313.61,No
2026-01-01,All Stores,All Products,1000.00,,gasoline_stations_PatchTST_model,,980.00,1020.00,No
2026-01-01,All Stores,All Products,1000.00,,gasoline_stations_TimesNet_model,,980.00,1020.00,No
2026-01-01,All Stores,All Products,12198.20,,gasoline_stations_autoarima_model,,10897.88,13498.53,No
2026-01-01,All Stores,All Products,12448.96,,gasoline_stations_autoets_model,,11597.45,13300.47,No
2026-01-01,All Stores,All Products,12601.32,,gasoline_stations_seasonalnaive_model,,11726.79,13475.85,No
2026-01-01,All Stores,All Products,3656.58,,general_merchandise_stores_LGBM_model,,3630.99,3682.18,No
2026-01-01,All Stores,All Products,1000.00,,general_merchandise_stores_PatchTST_model,,980.00,1020.00,No
2026-01-01,All Stores,All Products,1000.00,,general_merchandise_stores_TimesNet_model,,980.00,1020.00,No
2026-01-01,All Stores,All Products,18297.31,,general_merchandise_stores_autoarima_model,,16346.81,20247.80,No
2026-01-01,All Stores,All Products,18673.44,,general_merchandise_stores_autoets_model,,17396.17,19950.70,No
2026-01-01,All Stores,All Products,18901.98,,general_merchandise_stores_seasonalnaive_model,,17590.18,20213.78,No
2026-01-01,All Stores,All Products,5366.26,,health_and_personal_care_stores_LGBM_model,,5328.70,5403.82,No
2026-01-01,All Stores,All Products,1000.00,,health_and_personal_care_stores_PatchTST_model,,980.00,1020.00,No
2026-01-01,All Stores,All Products,1000.00,,health_and_personal_care_stores_TimesNet_model,,980.00,1020.00,No
2026-01-01,All Stores,All Products,8132.14,,health_and_personal_care_stores_autoarima_model,,7265.25,8999.02,No
2026-01-01,All Stores,All Products,8299.30,,health_and_personal_care_stores_autoets_model,,7731.63,8866.98,No
2026-01-01,All Stores,All Products,8400.88,,health_and_personal_care_stores_seasonalnaive_model,,7817.86,8983.90,No
2026-01-01,All Stores,All Products,741.58,,sporting_goods_hobby_and_musical_instrument_stores_LGBM_model,,736.39,746.77,No
2026-01-01,All Stores,All Products,1000.00,,sporting_goods_hobby_and_musical_instrument_stores_PatchTST_model,,980.00,1020.00,No
2026-01-01,All Stores,All Products,1000.00,,sporting_goods_hobby_and_musical_instrument_stores_TimesNet_model,,980.00,1020.00,No
2026-01-01,All Stores,All Products,9148.65,,sporting_goods_hobby_and_musical_instrument_stores_autoarima_model,,8173.41,10123.90,No
2026-01-01,All Stores,All Products,9336.72,,sporting_goods_hobby_and_musical_instrument_stores_autoets_model,,8698.09,9975.35,No
2026-01-01,All Stores,All Products,9450.99,,sporting_goods_hobby_and_musical_instrument_stores_seasonalnaive_model,,8795.09,10106.89,No
2026-01-01,All Stores,All Products,24943.34,,total_sales_LGBM_model,,24768.73,25117.94,No
2026-01-01,All Stores,All Products,1000.00,,total_sales_PatchTST_model,,980.00,1020.00,No
2026-01-01,All Stores,All Products,1000.00,,total_sales_TimesNet_model,,980.00,1020.00,No
2026-01-01,All Stores,All Products,17280.79,,total_sales_autoarima_model,,15438.66,19122.92,No
2026-01-01,All Stores,All Products,17636.02,,total_sales_autoets_model,,16429.72,18842.33,No
2026-01-01,All Stores,All Products,17851.87,,total_sales_seasonalnaive_model,,16612.95,19090.79,No
