year,month,quarter,day_of_week,week_of_year,is_weekend,y,lag_1,lag_2,lag_3,lag_4,lag_8,lag_12,rolling_mean_3,rolling_std_3,rolling_mean_6,rolling_std_6,rolling_mean_12,rolling_std_12,diff_1,diff_12,pct_change_1,pct_change_12,month_sin,month_cos,quarter_sin,quarter_cos,day_of_month,day_of_year,is_month_start,is_month_end,is_quarter_start,is_quarter_end,week_of_month,day_of_year_sin,day_of_year_cos,day_of_week_sin,day_of_week_cos,lag_1d,lag_7d,lag_14d,lag_30d,lag_4w,lag_8w,lag_12w,lag_3m,lag_6m,lag_12m,rolling_mean_7d,rolling_std_7d,rolling_mean_14d,rolling_std_14d,rolling_mean_30d,rolling_std_30d,rolling_mean_4w,rolling_std_4w,rolling_mean_8w,rolling_std_8w,rolling_mean_12w,rolling_std_12w,rolling_mean_3m,rolling_std_3m,rolling_mean_6m,rolling_std_6m,rolling_mean_12m,rolling_std_12m,pct_change_1w,diff_1w,pct_change_1m,diff_1m,pct_change_1y,diff_1y,momentum_30d,momentum_90d,yoy_change,index
2015,1,1,5,5,1,1565.3465346534654,,,,,,,1565.3465346534654,,1565.3465346534654,,1565.3465346534654,,,,,,0.49999999999999994,0.8660254037844387,1.0,6.123233995736766e-17,31,31,0,1,0,0,5,0.5086709438521044,0.8609610158889943,-0.9749279121818236,-0.2225209339563146,,,,,,,,,,,1565.3465346534654,,1565.3465346534654,,1565.3465346534654,,1565.3465346534654,,1565.3465346534654,,1565.3465346534654,,1565.3465346534654,,1565.3465346534654,,1565.3465346534654,,,,,,,,,,,2015-01-31
2015,2,1,5,9,1,1419.2475247524753,1565.3465346534654,,,,,,1492.2970297029703,103.3076006256306,1492.2970297029703,103.3076006256306,1492.2970297029703,103.3076006256306,-146.09900990099004,,-0.09333333333333327,,0.8660254037844386,0.5000000000000001,1.0,6.123233995736766e-17,28,59,0,1,0,0,4,0.8498170915275278,0.5270777086423722,-0.9749279121818236,-0.2225209339563146,1565.3465346534654,,,,,,,,,,1492.2970297029703,103.3076006256306,1492.2970297029703,103.3076006256306,1492.2970297029703,103.3076006256306,1492.2970297029703,103.3076006256306,1492.2970297029703,103.3076006256306,1492.2970297029703,103.3076006256306,1492.2970297029703,103.3076006256306,1492.2970297029703,103.3076006256306,1492.2970297029703,103.3076006256306,,,,,,,,,,2015-02-28
2015,3,1,1,14,0,1627.960396039604,1419.2475247524753,1565.3465346534654,,,,,1537.5181518151815,107.10312707281216,1537.5181518151815,107.10312707281216,1537.5181518151815,107.10312707281216,208.71287128712856,,0.1470588235294117,,1.0,6.123233995736766e-17,1.0,6.123233995736766e-17,31,90,0,1,0,1,5,0.9997685019798909,0.021516097436222254,0.7818314824680298,0.6234898018587336,1419.2475247524753,,,,,,,,,,1537.5181518151815,107.10312707281216,1537.5181518151815,107.10312707281216,1537.5181518151815,107.10312707281216,1537.5181518151815,107.10312707281216,1537.5181518151815,107.10312707281216,1537.5181518151815,107.10312707281216,1537.5181518151815,107.10312707281216,1537.5181518151815,107.10312707281216,1537.5181518151815,107.10312707281216,,,,,,,,,,2015-03-31
2015,4,2,3,18,0,1502.7326732673266,1627.960396039604,1419.2475247524753,1565.3465346534654,,,,1516.6468646864687,105.04984151518633,1528.8217821782177,89.16217769866014,1528.8217821782177,89.16217769866014,-125.22772277227727,,-0.07692307692307698,,0.8660254037844387,-0.49999999999999983,1.2246467991473532e-16,-1.0,30,120,0,1,0,0,5,0.8800122039735357,-0.47495107206704995,0.43388373911755823,-0.900968867902419,1627.960396039604,,,,,,,,,,1528.8217821782177,89.16217769866014,1528.8217821782177,89.16217769866014,1528.8217821782177,89.16217769866014,1528.8217821782177,89.16217769866014,1528.8217821782177,89.16217769866014,1528.8217821782177,89.16217769866014,1528.8217821782177,89.16217769866014,1528.8217821782177,89.16217769866014,1528.8217821782177,89.16217769866014,,,,,,,,,,2015-04-30
2015,5,2,6,22,1,1565.3465346534654,1502.7326732673266,1627.960396039604,1419.2475247524753,1565.3465346534654,,,1565.3465346534651,62.61386138613885,1536.1267326732673,78.9254835756564,1536.1267326732673,78.9254835756564,62.61386138613875,,0.04166666666666674,,0.49999999999999994,-0.8660254037844387,1.2246467991473532e-16,-1.0,31,151,0,1,0,0,5,0.5160623910158528,-0.8565509959010036,-0.7818314824680299,0.6234898018587334,1502.7326732673266,,,,,,,,,,1536.1267326732673,78.9254835756564,1536.1267326732673,78.9254835756564,1536.1267326732673,78.9254835756564,1536.1267326732673,78.9254835756564,1536.1267326732673,78.9254835756564,1536.1267326732673,78.9254835756564,1536.1267326732673,78.9254835756564,1536.1267326732673,78.9254835756564,1536.1267326732673,78.9254835756564,,,,,,,,,,2015-05-31
2015,6,2,1,27,0,1669.7029702970297,1565.3465346534654,1502.7326732673266,1627.960396039604,1419.2475247524753,,,1579.2607260726072,84.3503026946747,1558.3894389438944,89.20288173077299,1558.3894389438944,89.20288173077299,104.35643564356428,,0.06666666666666665,,1.2246467991473532e-16,-1.0,1.2246467991473532e-16,-1.0,30,181,0,1,0,1,5,0.02581844022713308,-0.9996666485105112,0.7818314824680298,0.6234898018587336,1565.3465346534654,,,,,,,,,,1558.3894389438944,89.20288173077299,1558.3894389438944,89.20288173077299,1558.3894389438944,89.20288173077299,1558.3894389438944,89.20288173077299,1558.3894389438944,89.20288173077299,1558.3894389438944,89.20288173077299,1558.3894389438944,89.20288173077299,1558.3894389438944,89.20288173077299,1558.3894389438944,89.20288173077299,,,,,,,,,,2015-06-30
2015,7,3,4,31,0,1711.4455445544554,1669.7029702970297,1565.3465346534654,1502.7326732673266,1627.960396039604,,,1648.8316831683169,75.25249592750636,1582.7392739273928,109.18429744884462,1580.2545968882603,99.8877253774775,41.74257425742576,,0.02499999999999991,,-0.4999999999999998,-0.8660254037844388,-1.0,-1.8369701987210297e-16,31,212,0,1,0,0,5,-0.4862727071086902,-0.8738071036110807,-0.433883739117558,-0.9009688679024191,1669.7029702970297,,,,,,,,,,1580.2545968882603,99.8877253774775,1580.2545968882603,99.8877253774775,1580.2545968882603,99.8877253774775,1580.2545968882603,99.8877253774775,1580.2545968882603,99.8877253774775,1580.2545968882603,99.8877253774775,1580.2545968882603,99.8877253774775,1580.2545968882603,99.8877253774775,1580.2545968882603,99.8877253774775,,,,,,,,,,2015-07-31
2015,8,3,0,36,0,1774.0594059405942,1711.4455445544554,1669.7029702970297,1565.3465346534654,1502.7326732673266,,,1718.4026402640263,52.52492075759427,1641.8745874587457,98.48653011813859,1604.480198019802,115.09661289347522,62.61386138613875,,0.03658536585365857,,-0.8660254037844384,-0.5000000000000004,-1.0,-1.8369701987210297e-16,31,243,0,1,0,0,5,-0.8631421280499115,-0.5049610547215202,0.0,1.0,1711.4455445544554,1565.3465346534654,,,,,,,,,1610.07072135785,123.13975179312246,1604.480198019802,115.09661289347522,1604.480198019802,115.09661289347522,1604.480198019802,115.09661289347522,1604.480198019802,115.09661289347522,1604.480198019802,115.09661289347522,1604.480198019802,115.09661289347522,1604.480198019802,115.09661289347522,1604.480198019802,115.09661289347522,0.1333333333333333,208.7128712871288,,,,,,,,2015-08-31
2015,9,3,2,40,0,1732.3168316831684,1774.0594059405942,1711.4455445544554,1669.7029702970297,1565.3465346534654,1565.3465346534654,,1739.2739273927393,31.88141770616319,1659.2673267326734,104.56494021836554,1618.6842684268427,115.78914913436498,-41.74257425742576,,-0.02352941176470591,,-1.0,-1.8369701987210297e-16,-1.0,-1.8369701987210297e-16,30,273,0,1,0,1,5,-0.9999166586547379,-0.012910296075008843,0.9749279121818236,-0.22252093395631434,1774.0594059405942,1419.2475247524753,,,,,,,,,1654.7949080622348,96.18492590008302,1618.6842684268427,115.78914913436498,1618.6842684268427,115.78914913436498,1618.6842684268427,115.78914913436498,1618.6842684268427,115.78914913436498,1618.6842684268427,115.78914913436498,1618.6842684268427,115.78914913436498,1618.6842684268427,115.78914913436498,1618.6842684268427,115.78914913436498,0.22058823529411753,313.0693069306931,,,,,,,,2015-09-30
2015,10,4,5,44,1,1836.6732673267325,1732.3168316831684,1774.0594059405942,1711.4455445544554,1669.7029702970297,1419.2475247524753,,1781.016501650165,52.524920757594,1714.924092409241,92.79315733764041,1640.4831683168316,129.10990139124812,104.35643564356405,,0.06024096385542155,,-0.8660254037844386,0.5000000000000001,-2.4492935982947064e-16,1.0,31,304,0,1,0,0,5,-0.867456354729597,0.4975132889071803,-0.9749279121818236,-0.2225209339563146,1732.3168316831684,1627.960396039604,,,,,,,,,1684.6110325318245,116.65181625031057,1640.4831683168316,129.10990139124812,1640.4831683168316,129.10990139124812,1640.4831683168316,129.10990139124812,1640.4831683168316,129.10990139124812,1640.4831683168316,129.10990139124812,1640.4831683168316,129.10990139124812,1640.4831683168316,129.10990139124812,1640.4831683168316,129.10990139124812,0.1282051282051282,208.71287128712856,,,,,,,,2015-10-31
2015,11,4,0,49,0,2191.4851485148515,1836.6732673267325,1732.3168316831684,1774.0594059405942,1711.4455445544554,1627.960396039604,,1920.1584158415842,240.69942524322823,1819.2805280528053,191.0226430004448,1690.5742574257426,206.40426173608296,354.81188118811906,,0.19318181818181834,,-0.5000000000000004,0.8660254037844384,-2.4492935982947064e-16,1.0,30,334,0,1,0,0,5,-0.5086709438521042,0.8609610158889945,0.0,1.0,1836.6732673267325,1502.7326732673266,,,,,,,,,1783.004243281471,199.047289959127,1690.5742574257426,206.40426173608296,1690.5742574257426,206.40426173608296,1690.5742574257426,206.40426173608296,1690.5742574257426,206.40426173608296,1690.5742574257426,206.40426173608296,1690.5742574257426,206.40426173608296,1690.5742574257426,206.40426173608296,1690.5742574257426,206.40426173608296,0.4583333333333335,688.7524752475249,,,,,,,,2015-11-30
2015,12,4,3,53,0,2483.6831683168316,2191.4851485148515,1836.6732673267325,1732.3168316831684,1774.0594059405942,1502.7326732673266,,2170.6138613861385,324.00950752194194,1954.943894389439,313.39380322695536,1756.6666666666667,301.90764067114463,292.1980198019801,,0.1333333333333333,,-2.4492935982947064e-16,1.0,-2.4492935982947064e-16,1.0,31,365,0,1,0,1,5,6.432490598706546e-16,1.0,0.43388373911755823,-0.900968867902419,2191.4851485148515,1565.3465346534654,,,,,,,,,1914.1951909476663,305.7279745288479,1756.6666666666667,301.90764067114463,1756.6666666666667,301.90764067114463,1756.6666666666667,301.90764067114463,1756.6666666666667,301.90764067114463,1756.6666666666667,301.90764067114463,1756.6666666666667,301.90764067114463,1756.6666666666667,301.90764067114463,1756.6666666666667,301.90764067114463,0.5866666666666667,918.3366336633662,,,,,,,,2015-12-31
2016,1,1,6,4,1,1588.1435643564355,2483.6831683168316,2191.4851485148515,1836.6732673267325,1732.3168316831684,1565.3465346534654,1565.3465346534654,2087.770627062706,456.68952477084633,1934.3935643564355,335.79622358163766,1758.5664191419144,300.66347736553575,-895.5396039603961,22.79702970297012,-0.3605691802337634,0.014563567362428698,0.49999999999999994,0.8660254037844387,1.0,6.123233995736766e-17,31,31,0,1,0,0,5,0.5086709438521044,0.8609610158889943,-0.7818314824680299,0.6234898018587334,2483.6831683168316,1669.7029702970297,,,,,,,,,1902.5438472418668,317.9099733756199,1743.7033511043412,292.8090783413403,1743.7033511043412,292.8090783413403,1743.7033511043412,292.8090783413403,1743.7033511043412,292.8090783413403,1743.7033511043412,292.8090783413403,1743.7033511043412,292.8090783413403,1743.7033511043412,292.8090783413403,1743.7033511043412,292.8090783413403,-0.048846655597723054,-81.55940594059416,,,,,,,,2016-01-31
2016,2,1,0,9,0,1439.9168316831683,1588.1435643564355,2483.6831683168316,2191.4851485148515,1836.6732673267325,1669.7029702970297,1419.2475247524753,1837.2478547854782,564.7138673744716,1878.7031353135314,390.8931240983558,1760.2888613861387,298.5949580417407,-148.22673267326718,20.669306930692983,-0.09333333333333327,0.014563567362428698,0.8660254037844386,0.5000000000000001,1.0,6.123233995736766e-17,29,60,0,1,0,0,5,0.8587639582758029,0.5123714121284237,0.0,1.0,1588.1435643564355,1711.4455445544554,,,,,,,,,1863.7540311173975,359.0202297967975,1722.0043140028288,292.8034587247684,1722.0043140028288,292.8034587247684,1722.0043140028288,292.8034587247684,1722.0043140028288,292.8034587247684,1722.0043140028288,292.8034587247684,1722.0043140028288,292.8034587247684,1722.0043140028288,292.8034587247684,1722.0043140028288,292.8034587247684,-0.15865460267505904,-271.5287128712871,,,,,,,,2016-02-29
2016,3,1,3,13,0,1651.669306930693,1439.9168316831683,1588.1435643564355,2483.6831683168316,2191.4851485148515,1711.4455445544554,1627.960396039604,1559.909900990099,108.66293067866577,1865.2618811881187,398.2508199116951,1762.264603960396,297.7169156967635,211.75247524752467,23.70891089108909,0.1470588235294117,0.01456356736242892,1.0,6.123233995736766e-17,1.0,6.123233995736766e-17,31,91,0,1,0,1,5,0.9999907397361901,0.004303538296244289,0.43388373911755823,-0.900968867902419,1439.9168316831683,1774.0594059405942,1565.3465346534654,,,,,,,,1846.2697312588402,367.00773190697385,1728.170226308345,290.14762097949193,1717.315313531353,282.7363061069382,1717.315313531353,282.7363061069382,1717.315313531353,282.7363061069382,1717.315313531353,282.7363061069382,1717.315313531353,282.7363061069382,1717.315313531353,282.7363061069382,1717.315313531353,282.7363061069382,-0.06898872642035947,-122.39009900990118,,,,,,,,2016-03-31
2016,4,2,5,17,1,1524.617821782178,1651.669306930693,1439.9168316831683,1588.1435643564355,2483.6831683168316,1774.0594059405942,1502.7326732673266,1538.7346534653464,106.57974195850736,1813.2526402640262,422.3765801553698,1764.0883663366333,296.04487336947926,-127.05148514851498,21.88514851485138,-0.07692307692307698,0.014563567362428698,0.8660254037844387,-0.49999999999999983,1.2246467991473532e-16,-1.0,30,121,0,1,0,0,5,0.8717063187093218,-0.49002866642905923,-0.9749279121818236,-0.2225209339563146,1651.669306930693,1732.3168316831684,1419.2475247524753,,,,,,,,1816.5984441301273,385.67690326363527,1735.696676096181,282.7911198533496,1705.2717202970296,277.3648639358717,1705.2717202970296,277.3648639358717,1705.2717202970296,277.3648639358717,1705.2717202970296,277.3648639358717,1705.2717202970296,277.3648639358717,1705.2717202970296,277.3648639358717,1705.2717202970296,277.3648639358717,-0.11989666445668845,-207.6990099009904,,,,,,,,2016-04-30
2016,5,2,1,22,0,1588.1435643564355,1524.617821782178,1651.669306930693,1439.9168316831683,1588.1435643564355,1732.3168316831684,1565.3465346534654,1588.1435643564355,63.5257425742606,1712.695709570957,384.4356812821937,1765.988118811881,294.7237823178795,63.52574257425749,22.79702970297012,0.04166666666666674,0.014563567362428698,0.49999999999999994,-0.8660254037844387,1.2246467991473532e-16,-1.0,31,152,0,1,0,0,5,0.5012418134457758,-0.865307254363206,0.7818314824680298,0.6234898018587336,1524.617821782178,1836.6732673267325,1627.960396039604,,,,,,,,1781.094200848656,394.8511991445369,1732.8526166902404,284.15491446525584,1698.3818287711124,270.05566796697815,1698.3818287711124,270.05566796697815,1698.3818287711124,270.05566796697815,1698.3818287711124,270.05566796697815,1698.3818287711124,270.05566796697815,1698.3818287711124,270.05566796697815,1698.3818287711124,270.05566796697815,-0.13531514145247536,-248.52970297029697,,,,,,,,2016-05-31
2016,6,2,3,26,0,1694.019801980198,1588.1435643564355,1524.617821782178,1651.669306930693,1439.9168316831683,1836.6732673267325,1669.7029702970297,1602.2603960396038,85.57874401001196,1581.0851485148514,90.50199390778249,1768.0145214521451,294.0844837816721,105.87623762376256,24.316831683168402,0.06666666666666687,0.01456356736242892,1.2246467991473532e-16,-1.0,1.2246467991473532e-16,-1.0,30,182,0,1,0,1,5,0.008606996888688698,-0.9999629591162655,0.43388373911755823,-0.900968867902419,1588.1435643564355,2191.4851485148515,1502.7326732673266,,,,,,,,1710.027722772277,351.0111412438723,1746.5159830268738,276.74083591443906,1698.1394939493948,261.9944982610706,1698.1394939493948,261.9944982610706,1698.1394939493948,261.9944982610706,1698.1394939493948,261.9944982610706,1698.1394939493948,261.9944982610706,1698.1394939493948,261.9944982610706,1698.1394939493948,261.9944982610706,-0.22699918677148279,-497.46534653465346,,,,,,,,2016-06-30
2016,7,3,6,30,1,1736.3702970297031,1694.019801980198,1588.1435643564355,1524.617821782178,1651.669306930693,2191.4851485148515,1711.4455445544554,1672.8445544554454,76.3484407211393,1605.7896039603959,110.77441031966084,1770.0915841584158,293.7364398619767,42.35049504950507,24.924752475247715,0.025000000000000133,0.01456356736242892,-0.4999999999999998,-0.8660254037844388,-1.0,-1.8369701987210297e-16,31,213,0,1,0,0,5,-0.5012418134457756,-0.8653072543632061,-0.7818314824680299,0.6234898018587334,1694.019801980198,2483.6831683168316,1565.3465346534654,,,,,,,,1603.2687411598301,101.34244699469113,1758.7319660537482,271.8600765603427,1700.1516414799376,254.76390588067008,1700.1516414799376,254.76390588067008,1700.1516414799376,254.76390588067008,1700.1516414799376,254.76390588067008,1700.1516414799376,254.76390588067008,1700.1516414799376,254.76390588067008,1700.1516414799376,254.76390588067008,-0.3008889703889145,-747.3128712871285,,,,,,,,2016-07-31
2016,8,3,2,35,0,1799.8960396039606,1736.3702970297031,1694.019801980198,1588.1435643564355,1524.617821782178,2483.6831683168316,1774.0594059405942,1743.4287128712874,53.28987097925538,1665.7861386138613,99.92084533380635,1772.2446369636962,293.86283000573854,63.52574257425749,25.836633663366456,0.03658536585365857,0.01456356736242892,-0.8660254037844384,-0.5000000000000004,-1.0,-1.8369701987210297e-16,31,244,0,1,0,0,5,-0.8717063187093218,-0.4900286664290594,0.9749279121818236,-0.22252093395631434,1736.3702970297031,1588.1435643564355,1669.7029702970297,,,,,,,,1633.5190947666197,124.93310586335363,1768.0314710042433,270.80511069620616,1705.1388613861386,248.96999999171493,1705.1388613861386,248.96999999171493,1705.1388613861386,248.96999999171493,1705.1388613861386,248.96999999171493,1705.1388613861386,248.96999999171493,1705.1388613861386,248.96999999171493,1705.1388613861386,248.96999999171493,0.13333333333333353,211.75247524752513,,,,,,,,2016-08-31
2016,9,3,4,39,0,1757.5455445544555,1799.8960396039606,1736.3702970297031,1694.019801980198,1588.1435643564355,1588.1435643564355,1732.3168316831684,1764.6039603960398,32.34572488053908,1683.432178217822,106.08777876898434,1774.3470297029705,293.6413682258701,-42.35049504950507,25.228712871287144,-0.02352941176470591,0.01456356736242892,-1.0,-1.8369701987210297e-16,-1.0,-1.8369701987210297e-16,30,274,0,1,0,1,5,-0.9999907397361901,0.004303538296243821,-0.433883739117558,-0.9009688679024191,1799.8960396039606,1439.9168316831683,1711.4455445544554,,,,,,,,1678.8946251768034,97.5857215476783,1771.3243281471005,270.34401027585943,1707.634417727487,242.93526232638715,1707.634417727487,242.93526232638715,1707.634417727487,242.93526232638715,1707.634417727487,242.93526232638715,1707.634417727487,242.93526232638715,1707.634417727487,242.93526232638715,1707.634417727487,242.93526232638715,0.22058823529411775,317.62871287128723,,,,,,,,2016-09-30
2016,10,4,0,44,0,1863.4217821782177,1757.5455445544555,1799.8960396039606,1736.3702970297031,1694.019801980198,1439.9168316831683,1836.6732673267325,1806.954455445545,53.28987097925496,1739.899504950495,94.14455673529967,1776.576072607261,294.25837634082654,105.87623762376211,26.748514851485197,0.06024096385542155,0.01456356736242892,-0.8660254037844386,0.5000000000000001,-2.4492935982947064e-16,1.0,31,305,0,1,0,0,5,-0.858763958275803,0.5123714121284235,0.0,1.0,1757.5455445544555,1651.669306930693,1774.0594059405942,,,,,,,,1709.1449787835925,118.3506828342211,1777.7073550212165,271.46618269853116,1714.7156615661565,239.39580378226154,1714.7156615661565,239.39580378226154,1714.7156615661565,239.39580378226154,1714.7156615661565,239.39580378226154,1714.7156615661565,239.39580378226154,1714.7156615661565,239.39580378226154,1714.7156615661565,239.39580378226154,0.1282051282051282,211.75247524752467,,,,,,,,2016-10-31
2016,11,4,2,48,0,2223.40099009901,1863.4217821782177,1757.5455445544555,1799.8960396039606,1736.3702970297031,1651.669306930693,2191.4851485148515,1948.1227722772276,244.20486753685626,1845.7757425742575,193.8046141295308,1779.2357260726073,298.46364070572594,359.9792079207923,31.915841584158443,0.19318181818181834,0.01456356736242892,-0.5000000000000004,0.8660254037844384,-2.4492935982947064e-16,1.0,30,335,0,1,0,0,5,-0.4937755501599774,0.8695893893466109,0.9749279121818236,-0.22252093395631434,1863.4217821782177,1524.617821782178,1732.3168316831684,,,,,,,,1808.971145685997,201.9461285747555,1812.7847949080624,295.788007536271,1736.8324149806285,256.8186186722161,1736.8324149806285,256.8186186722161,1736.8324149806285,256.8186186722161,1736.8324149806285,256.8186186722161,1736.8324149806285,256.8186186722161,1736.8324149806285,256.8186186722161,1736.8324149806285,256.8186186722161,0.4583333333333335,698.783168316832,,,,,,,,2016-11-30
2016,12,4,5,52,1,2519.8544554455443,2223.40099009901,1863.4217821782177,1757.5455445544555,1799.8960396039606,1524.617821782178,2483.6831683168316,2202.2257425742573,328.7282418108053,1983.4148514851483,317.95793499121856,1782.25,306.30449293329093,296.45346534653436,36.17128712871272,0.1333333333333333,0.014563567362428698,-2.4492935982947064e-16,1.0,-2.4492935982947064e-16,1.0,31,366,0,1,0,1,5,0.017213356155833904,0.9998518392091162,-0.9749279121818236,-0.2225209339563146,2223.40099009901,1588.1435643564355,1836.6732673267325,,,,,,,,1942.07270155587,310.18046448047767,1861.5834512022632,351.19746932481667,1769.4583333333333,297.7162616537385,1769.4583333333333,297.7162616537385,1769.4583333333333,297.7162616537385,1769.4583333333333,297.7162616537385,1769.4583333333333,297.7162616537385,1769.4583333333333,297.7162616537385,1769.4583333333333,297.7162616537385,0.5866666666666667,931.7108910891088,,,,,,,,2016-12-31
2017,1,1,1,5,0,1595.6435643564355,2519.8544554455443,2223.40099009901,1863.4217821782177,1757.5455445544555,1588.1435643564355,1588.1435643564355,2112.966336633663,471.89861444640803,1959.9603960396041,343.9538144790044,1782.875,305.87977915687895,-924.2108910891088,7.5,-0.3667715367813559,0.004722494973582014,0.49999999999999994,0.8660254037844387,1.0,6.123233995736766e-17,31,31,0,1,0,0,5,0.5086709438521044,0.8609610158889943,0.7818314824680298,0.6234898018587336,2519.8544554455443,1694.019801980198,2191.4851485148515,,,,,,,,1928.0189533239038,325.15941590477917,1819.0233380480906,344.17632112090035,1762.5057425742573,293.5137331666875,1762.5057425742573,293.5137331666875,1762.5057425742573,293.5137331666875,1762.5057425742573,293.5137331666875,1762.5057425742573,293.5137331666875,1762.5057425742573,293.5137331666875,1762.5057425742573,293.5137331666875,-0.05807266096226693,-98.37623762376256,,,,,,,,2017-01-31
2017,2,1,1,9,0,1446.7168316831685,1595.6435643564355,2519.8544554455443,2223.40099009901,1863.4217821782177,1694.019801980198,1439.9168316831683,1854.0716171617162,581.3732740169058,1901.0971947194719,402.1269033047907,1783.4416666666666,305.1921880099384,-148.926732673267,6.800000000000182,-0.09333333333333316,0.004722494973582236,0.8660254037844386,0.5000000000000001,1.0,6.123233995736766e-17,28,59,0,1,0,0,4,0.8498170915275278,0.5270777086423722,0.7818314824680298,0.6234898018587336,1595.6435643564355,1736.3702970297031,2483.6831683168316,,,,,,,,1886.6398868458275,369.07741043208983,1744.9543140028288,298.71233659604013,1750.3600152322922,294.1764523282699,1750.3600152322922,294.1764523282699,1750.3600152322922,294.1764523282699,1750.3600152322922,294.1764523282699,1750.3600152322922,294.1764523282699,1750.3600152322922,294.1764523282699,1750.3600152322922,294.1764523282699,-0.16681549197312706,-289.65346534653463,,,,,,,,2017-02-28
2017,3,1,4,13,0,1659.4693069306932,1446.7168316831685,1595.6435643564355,2519.8544554455443,2223.40099009901,1736.3702970297031,1651.669306930693,1567.2765676567658,109.17609082260785,1884.7511551155112,411.0240950687111,1784.0916666666665,304.8941856736154,212.75247524752467,7.800000000000182,0.1470588235294117,0.004722494973582236,1.0,6.123233995736766e-17,1.0,6.123233995736766e-17,31,90,0,1,0,1,5,0.9997685019798909,0.021516097436222254,-0.433883739117558,-0.9009688679024191,1446.7168316831685,1799.8960396039606,1588.1435643564355,,,,,,,,1866.5789250353607,378.27981075981194,1750.0490099009899,296.43165935870127,1746.9936927026035,288.99359728252443,1746.9936927026035,288.99359728252443,1746.9936927026035,288.99359728252443,1746.9936927026035,288.99359728252443,1746.9936927026035,288.99359728252443,1746.9936927026035,288.99359728252443,1746.9936927026035,288.99359728252443,-0.07801935755365419,-140.42673267326745,,,,,,,,2017-03-31
2017,4,2,6,17,1,1531.817821782178,1659.4693069306932,1446.7168316831685,1595.6435643564355,2519.8544554455443,1799.8960396039606,1524.617821782178,1546.0013201320132,107.08306425418928,1829.4838283828383,436.0009552370471,1784.6916666666668,304.34373594028835,-127.65148514851512,7.2000000000000455,-0.0769230769230771,0.004722494973582014,0.8660254037844387,-0.49999999999999983,1.2246467991473532e-16,-1.0,30,120,0,1,0,0,5,0.8800122039735357,-0.47495107206704995,-0.7818314824680299,0.6234898018587334,1659.4693069306932,1757.5455445544555,1439.9168316831683,,,,,,,,1834.332107496464,398.219246327397,1756.6133663366338,289.98303469709947,1739.3088401697312,286.49199081412826,1739.3088401697312,286.49199081412826,1739.3088401697312,286.49199081412826,1739.3088401697312,286.49199081412826,1739.3088401697312,286.49199081412826,1739.3088401697312,286.49199081412826,1739.3088401697312,286.49199081412826,-0.1284334983361699,-225.7277227722775,,,,,,,,2017-04-30
2017,5,2,2,22,0,1595.6435643564355,1531.817821782178,1659.4693069306932,1446.7168316831685,1595.6435643564355,1757.5455445544555,1588.1435643564355,1595.6435643564355,63.82574257425664,1724.857590759076,396.0592900129163,1785.3166666666666,303.91080429392105,63.82574257425745,7.5,0.04166666666666674,0.004722494973582014,0.49999999999999994,-0.8660254037844387,1.2246467991473532e-16,-1.0,31,151,0,1,0,0,5,0.5160623910158528,-0.8565509959010036,0.9749279121818236,-0.22252093395631434,1531.817821782178,1863.4217821782177,1651.669306930693,,1565.3465346534654,,,,,,1796.0780763790665,407.70778425433235,1752.6115275813295,291.9227902288322,1734.3548651416866,282.59163108773123,1740.3908769448374,285.8671594400688,1734.3548651416866,282.59163108773123,1734.3548651416866,282.59163108773123,1734.3548651416866,282.59163108773123,1734.3548651416866,282.59163108773123,1734.3548651416866,282.59163108773123,-0.1437024190566062,-267.77821782178216,,,,,,,,2017-05-31
2017,6,2,4,26,0,1702.019801980198,1595.6435643564355,1531.817821782178,1659.4693069306932,1446.7168316831685,1863.4217821782177,1694.019801980198,1609.8270627062705,85.98288919844184,1588.5518151815184,90.92938911911037,1785.9833333333336,303.70102874433496,106.37623762376256,8.0,0.06666666666666687,0.004722494973582014,1.2246467991473532e-16,-1.0,1.2246467991473532e-16,-1.0,30,181,0,1,0,1,5,0.02581844022713308,-0.9996666485105112,-0.433883739117558,-0.9009688679024191,1595.6435643564355,2223.40099009901,1524.617821782178,,1419.2475247524753,,,,,,1721.5950495049506,361.654038503637,1765.2830975954737,285.03391594650236,1733.2770297029704,277.7393682335114,1750.4898868458274,279.014433023744,1733.2770297029704,277.7393682335114,1733.2770297029704,277.7393682335114,1733.2770297029704,277.7393682335114,1733.2770297029704,277.7393682335114,1733.2770297029704,277.7393682335114,-0.23449714668679456,-521.3811881188119,,,,,,,,2017-06-30
2017,7,3,0,31,0,1744.570297029703,1702.019801980198,1595.6435643564355,1531.817821782178,1659.4693069306932,2223.40099009901,1736.3702970297031,1680.7445544554455,76.70899584868312,1613.3729372937294,111.29754191559627,1786.6666666666667,303.58845443601444,42.55049504950489,8.199999999999818,0.02499999999999991,0.004722494973582014,-0.4999999999999998,-0.8660254037844388,-1.0,-1.8369701987210297e-16,31,212,0,1,0,0,5,-0.4862727071086902,-0.8738071036110807,0.0,1.0,1702.019801980198,2519.8544554455443,1588.1435643564355,1565.3465346534654,1627.960396039604,,,,,,1610.8401697312588,101.82103619123399,1776.4564356435644,280.5871768034076,1739.2511551155114,275.9242602738051,1754.654526166902,277.98616944064395,1733.6413286489937,273.07868018193835,1733.6413286489937,273.07868018193835,1733.6413286489937,273.07868018193835,1733.6413286489937,273.07868018193835,1733.6413286489937,273.07868018193835,-0.3076702135476157,-775.2841584158414,0.1144946236559139,179.22376237623757,,,179.22376237623757,,,2017-07-31
2017,8,3,3,35,0,1808.3960396039606,1744.570297029703,1702.019801980198,1595.6435643564355,1531.817821782178,2519.8544554455443,1799.8960396039606,1751.6620462046205,53.54153212709509,1673.652805280528,100.39272102365076,1787.375,303.63204029667355,63.825742574257674,8.5,0.03658536585365857,0.004722494973582014,-0.8660254037844384,-0.5000000000000004,-1.0,-1.8369701987210297e-16,31,243,0,1,0,0,5,-0.8631421280499115,-0.5049610547215202,0.43388373911755823,-0.900968867902419,1744.570297029703,1595.6435643564355,1694.019801980198,1419.2475247524753,1502.7326732673266,,,,,,1641.2333804809055,125.52310182782725,1784.6261669024045,279.6658783719496,1752.2227722772275,269.43251543744,1765.5710749646391,273.69536471883,1735.9774133663366,268.96291869191174,1735.9774133663366,268.96291869191174,1735.9774133663366,268.96291869191174,1735.9774133663366,268.96291869191174,1735.9774133663366,268.96291869191174,0.13333333333333353,212.75247524752513,0.27419354838709675,389.1485148514853,,,389.1485148514853,,,2017-08-31
2017,9,3,5,39,1,1765.8455445544555,1808.3960396039606,1744.570297029703,1702.019801980198,1595.6435643564355,1595.6435643564355,1757.5455445544555,1772.937293729373,32.49847740370038,1691.382178217822,106.5887777709789,1788.0666666666666,303.5673588645824,-42.550495049505116,8.299999999999955,-0.02352941176470602,0.004722494973582014,-1.0,-1.8369701987210297e-16,-1.0,-1.8369701987210297e-16,30,273,0,1,0,1,5,-0.9999166586547379,-0.012910296075008843,-0.9749279121818236,-0.2225209339563146,1808.3960396039606,1446.7168316831685,1736.3702970297031,1627.960396039604,1565.3465346534654,,,,,,1686.823196605375,98.04656962718052,1786.7315417256011,279.38546190175794,1756.8189438943891,268.4138100180461,1772.7317538896746,270.87113389591104,1736.882508250825,264.77807171392095,1736.882508250825,264.77807171392095,1736.882508250825,264.77807171392095,1736.882508250825,264.77807171392095,1736.882508250825,264.77807171392095,0.22058823529411753,319.128712871287,0.08469809760132341,137.8851485148516,,,137.8851485148516,,,2017-09-30
2017,10,4,1,44,0,1872.2217821782176,1765.8455445544555,1808.3960396039606,1744.570297029703,1702.019801980198,1446.7168316831685,1863.4217821782177,1815.487788778878,53.541532127095394,1748.1161716171619,94.58915393127205,1788.8,303.7765015371827,106.37623762376211,8.799999999999955,0.06024096385542155,0.004722494973582014,-0.8660254037844386,0.5000000000000001,-2.4492935982947064e-16,1.0,31,304,0,1,0,0,5,-0.867456354729597,0.4975132889071803,0.7818314824680298,0.6234898018587336,1765.8455445544555,1659.4693069306932,1799.8960396039606,1502.7326732673266,1669.7029702970297,,,,,,1717.2164073550214,118.90959333902563,1791.897666195191,280.31475517662767,1769.1352475247522,264.80574994753675,1779.9645685997168,270.72195496118565,1740.8630751310425,261.76647378758537,1740.8630751310425,261.76647378758537,1740.8630751310425,261.76647378758537,1740.8630751310425,261.76647378758537,1740.8630751310425,261.76647378758537,0.12820512820512797,212.75247524752444,0.24587813620071675,369.489108910891,,,369.489108910891,,,2017-10-31
2017,11,4,3,48,0,2233.90099009901,1872.2217821782176,1765.8455445544555,1808.3960396039606,1744.570297029703,1659.4693069306932,2223.40099009901,1957.3227722772274,245.3581237963233,1854.492409240924,194.7198554456147,1789.675,305.1541302120125,361.67920792079235,10.5,0.19318181818181834,0.004722494973582014,-0.5000000000000004,0.8660254037844384,-2.4492935982947064e-16,1.0,30,334,0,1,0,0,5,-0.5086709438521042,0.8609610158889945,0.43388373911755823,-0.900968867902419,1872.2217821782176,1531.817821782178,1757.5455445544555,1565.3465346534654,1711.4455445544554,,,,,,1817.5140028288545,202.89981815188403,1825.923055162659,303.75488554043864,1791.420396039604,274.99962329755016,1798.6236916548798,283.52640702047495,1754.949872701556,271.01968262939965,1754.949872701556,271.01968262939965,1754.949872701556,271.01968262939965,1754.949872701556,271.01968262939965,1754.949872701556,271.01968262939965,0.4583333333333335,702.0831683168319,0.4270967741935483,668.5544554455446,,,668.5544554455446,,,2017-11-30
2017,12,4,6,52,1,2531.7544554455444,2233.90099009901,1872.2217821782176,1765.8455445544555,1808.3960396039606,1531.817821782178,2519.8544554455443,2212.6257425742574,330.28065928043185,1992.7815181518151,319.4594897410255,1790.6666666666667,307.751014361554,297.85346534653445,11.900000000000091,0.1333333333333333,0.004722494973582014,-2.4492935982947064e-16,1.0,-2.4492935982947064e-16,1.0,31,365,0,1,0,1,5,6.432490598706546e-16,1.0,-0.7818314824680299,0.6234898018587334,2233.90099009901,1595.6435643564355,1863.4217821782177,1669.7029702970297,1774.0594059405942,,,,,,1951.2441301272981,311.64529016489,1873.6611032531825,357.80939384049293,1820.1554455445544,305.22051312213046,1825.6842291371995,315.45550318962427,1776.5277777777778,296.8414809715889,1776.5277777777778,296.8414809715889,1776.5277777777778,296.8414809715889,1776.5277777777778,296.8414809715889,1776.5277777777778,296.8414809715889,0.5866666666666667,936.1108910891089,0.5162903225806452,862.0514851485148,,,862.0514851485148,,,2017-12-31
2018,1,1,2,5,0,1646.4356435643563,2531.7544554455444,2233.90099009901,1872.2217821782176,1765.8455445544555,1595.6435643564355,1595.6435643564355,2137.3636963696367,450.4852233737788,1976.4257425742574,336.7531481997883,1794.8993399339936,305.16331641818476,-885.3188118811881,50.79207920792078,-0.3496858907375311,0.03183172002978396,0.49999999999999994,0.8660254037844387,1.0,6.123233995736766e-17,31,31,0,1,0,0,5,0.5086709438521044,0.8609610158889943,0.9749279121818236,-0.22252093395631434,2531.7544554455444,1702.019801980198,2223.40099009901,1711.4455445544554,1732.3168316831684,,,,,,1943.3035360678925,319.65888010869094,1832.4492927864214,347.50693902746565,1817.9884488448845,306.2479915808278,1822.6170438472418,316.811538925797,1773.011774150388,293.46998842668114,1773.011774150388,293.46998842668114,1773.011774150388,293.46998842668114,1773.011774150388,293.46998842668114,1773.011774150388,293.46998842668114,-0.03265776247207752,-55.584158415841785,-0.037985375109918174,-65.00990099009914,,,-65.00990099009914,,,2018-01-31
2018,2,1,2,9,0,1492.7683168316833,1646.4356435643563,2531.7544554455444,2233.90099009901,1872.2217821782176,1702.019801980198,1446.7168316831685,1890.3194719471946,560.7874288604706,1923.821122112211,388.870277070453,1798.7369636963697,300.64272277846084,-153.66732673267302,46.05148514851476,-0.09333333333333316,0.03183172002978396,0.8660254037844386,0.5000000000000001,1.0,6.123233995736766e-17,28,59,0,1,0,0,4,0.8498170915275278,0.5270777086423722,0.9749279121818236,-0.22252093395631434,1646.4356435643563,1744.570297029703,2519.8544554455443,1774.0594059405942,1836.6732673267325,,,,,,1907.3318246110325,357.6590865362606,1759.0859971711457,295.79109422604984,1808.6120792079207,311.89344015282546,1810.3347241867043,322.855118123859,1765.6369463262117,293.0250646958837,1765.6369463262117,293.0250646958837,1765.6369463262117,293.0250646958837,1765.6369463262117,293.0250646958837,1765.6369463262117,293.0250646958837,-0.14433467119481314,-251.8019801980197,-0.15855787476280836,-281.2910891089109,,,-281.2910891089109,,,2018-02-28
2018,3,1,5,13,1,1712.2930693069306,1492.7683168316833,1646.4356435643563,2531.7544554455444,2233.90099009901,1744.570297029703,1659.4693069306932,1617.1656765676564,112.65135357961657,1914.8957095709568,393.80460079307153,1803.1389438943895,298.7992716092431,219.5247524752474,52.82376237623748,0.1470588235294117,0.03183172002978396,1.0,6.123233995736766e-17,1.0,6.123233995736766e-17,31,90,0,1,0,1,5,0.9997685019798909,0.021516097436222254,-0.9749279121818236,-0.2225209339563146,1492.7683168316833,1808.3960396039606,1595.6435643564355,1732.3168316831684,2191.4851485148515,,,,,,1893.6028288543137,363.8801456377053,1767.4181046676094,292.45710290884193,1807.9446204620463,312.08371136817414,1793.2207213578502,314.4950192500684,1764.2691546077683,289.26991046804386,1764.2691546077683,289.26991046804386,1764.2691546077683,289.26991046804386,1764.2691546077683,289.26991046804386,1764.2691546077683,289.26991046804386,-0.05314265691384534,-96.10297029702997,-0.011558949269564134,-20.023762376237755,,,-20.023762376237755,,,2018-03-31
2018,4,2,0,18,0,1580.5782178217821,1712.2930693069306,1492.7683168316833,1646.4356435643563,2531.7544554455444,1808.3960396039606,1531.817821782178,1595.2132013201317,110.49170237545697,1866.2884488448844,417.41620583478465,1807.202310231023,295.08258412461487,-131.71485148514853,48.760396039604075,-0.07692307692307698,0.03183172002978418,0.8660254037844387,-0.49999999999999983,1.2246467991473532e-16,-1.0,30,120,0,1,0,0,5,0.8800122039735357,-0.47495107206704995,0.0,1.0,1712.2930693069306,1765.8455445544555,1446.7168316831685,1836.6732673267325,2483.6831683168316,,,,,,1867.1360678925034,381.0537188082609,1776.979632248939,283.2075834261328,1799.408118811881,314.7618165854434,1760.966973125884,286.0874048351189,1759.6768811881188,287.0105815584427,1759.6768811881188,287.0105815584427,1759.6768811881188,287.0105815584427,1759.6768811881188,287.0105815584427,1759.6768811881188,287.0105815584427,-0.10491706214283802,-185.26732673267338,-0.1394341900983267,-256.09504950495034,,,-256.09504950495034,,,2018-04-30
2018,5,2,3,22,0,1646.4356435643563,1580.5782178217821,1712.2930693069306,1492.7683168316833,1646.4356435643563,1765.8455445544555,1595.6435643564355,1646.435643564356,65.85742574256884,1768.3775577557753,381.27639958611593,1811.4349834983498,292.12153104012475,65.85742574257415,50.79207920792078,0.04166666666666652,0.03183172002978396,0.49999999999999994,-0.8660254037844387,1.2246467991473532e-16,-1.0,31,151,0,1,0,0,5,0.5160623910158528,-0.8565509959010036,0.43388373911755823,-0.900968867902419,1580.5782178217821,1872.2217821782176,1659.4693069306932,2191.4851485148515,1588.1435643564355,,,,,,1834.8809052333802,390.0024922756464,1776.0486562942008,283.6446695629253,1781.239801980198,306.9847004551518,1763.0488330975954,284.99319195435663,1756.9148997826612,283.95152274816286,1756.9148997826612,283.95152274816286,1756.9148997826612,283.95152274816286,1756.9148997826612,283.95152274816286,1756.9148997826612,283.95152274816286,-0.12059796588370675,-225.78613861386134,-0.248712388181079,-545.0495049504952,,,-545.0495049504952,,,2018-05-31
2018,6,2,5,26,1,1756.1980198019803,1646.4356435643563,1580.5782178217821,1712.2930693069306,1492.7683168316833,1872.2217821782176,1702.019801980198,1661.070627062706,88.71987245475528,1639.1181518151816,93.82382797602912,1815.9498349834982,290.6919193100929,109.76237623762404,54.178217821782255,0.06666666666666687,0.03183172002978418,1.2246467991473532e-16,-1.0,1.2246467991473532e-16,-1.0,30,181,0,1,0,1,5,0.02581844022713308,-0.9996666485105112,-0.9749279121818236,-0.2225209339563146,1646.4356435643563,2233.90099009901,1531.817821782178,2483.6831683168316,1439.9168316831683,,,,,,1766.637623762376,348.08658261018303,1792.075813295615,274.990216890323,1756.990297029703,276.8360548278396,1774.3445898161244,277.8908814210452,1756.8978312116926,280.46734484587995,1756.8978312116926,280.46734484587995,1756.8978312116926,280.46734484587995,1756.8978312116926,280.46734484587995,1756.8978312116926,280.46734484587995,-0.21384249902492636,-477.70297029702965,-0.2929057771116036,-727.4851485148513,,,-727.4851485148513,,,2018-06-30
2018,7,3,1,31,0,1800.1029702970297,1756.1980198019803,1646.4356435643563,1580.5782178217821,1712.2930693069306,2233.90099009901,1744.570297029703,1734.2455445544554,79.15077512830104,1664.7293729372934,114.84033410985674,1820.5775577557754,289.893210171553,43.904950495049434,55.5326732673268,0.02499999999999991,0.03183172002978418,-0.4999999999999998,-0.8660254037844388,-1.0,-1.8369701987210297e-16,31,212,0,1,0,0,5,-0.4862727071086902,-0.8738071036110807,0.7818314824680298,0.6234898018587336,1756.1980198019803,2531.7544554455444,1595.6435643564355,1588.1435643564355,1651.669306930693,,,,,,1662.115983026874,105.06217490841539,1806.6800565770864,269.1222032875813,1764.055610561056,275.0774035349,1779.645792079208,276.87793978975304,1757.9026018880957,277.1866512842482,1757.9026018880957,277.1866512842482,1757.9026018880957,277.1866512842482,1757.9026018880957,277.1866512842482,1757.9026018880957,277.1866512842482,-0.2889899072063672,-731.6514851485147,0.13346363055438681,211.95940594059425,,,211.95940594059425,,,2018-07-31
2018,8,3,4,35,0,1865.9603960396041,1800.1029702970297,1756.1980198019803,1646.4356435643563,1580.5782178217821,2531.7544554455444,1808.3960396039606,1807.4204620462044,55.24585118772636,1726.9280528052805,103.58839401230397,1825.374587458746,290.1494726136559,65.85742574257438,57.564356435643504,0.03658536585365857,0.03183172002978396,-0.8660254037844384,-0.5000000000000004,-1.0,-1.8369701987210297e-16,31,243,0,1,0,0,5,-0.8631421280499115,-0.5049610547215202,-0.433883739117558,-0.9009688679024191,1800.1029702970297,1646.4356435643563,1702.019801980198,1439.9168316831683,1524.617821782178,,,,,,1693.4766619519094,129.5187180624804,1818.3900990099012,267.7812715879423,1778.2570627062705,268.68953755599375,1791.8365983026872,272.71660298533965,1760.3584608460844,274.4285215312465,1760.3584608460844,274.4285215312465,1760.3584608460844,274.4285215312465,1760.3584608460844,274.4285215312465,1760.3584608460844,274.4285215312465,0.13333333333333353,219.52475247524785,0.2958806751765093,426.0435643564358,,,426.0435643564358,,,2018-08-31
2018,9,3,6,39,1,1822.0554455445545,1865.9603960396041,1800.1029702970297,1756.1980198019803,1646.4356435643563,1646.4356435643563,1765.8455445544555,1829.3729372937294,33.53295983780274,1745.2217821782178,109.98168190330172,1830.0587458745874,289.55418627936837,-43.90495049504966,56.20990099009896,-0.02352941176470591,0.03183172002978396,-1.0,-1.8369701987210297e-16,-1.0,-1.8369701987210297e-16,30,273,0,1,0,1,5,-0.9999166586547379,-0.012910296075008843,-0.7818314824680299,0.6234898018587334,1865.9603960396041,1492.7683168316833,1744.570297029703,1651.669306930693,1588.1435643564355,,,,,,1740.5176803394625,101.16756058143335,1823.9247524752475,266.9375813711169,1783.936600660066,267.7205236072365,1800.190594059406,269.8130736661558,1761.7295049504949,271.4479485562004,1761.7295049504949,271.4479485562004,1761.7295049504949,271.4479485562004,1761.7295049504949,271.4479485562004,1761.7295049504949,271.4479485562004,0.22058823529411753,329.2871287128712,0.1031599593810284,170.38613861386148,,,170.38613861386148,,,2018-09-30
2018,10,4,2,44,0,1931.817821782178,1822.0554455445545,1865.9603960396041,1800.1029702970297,1756.1980198019803,1492.7683168316833,1872.2217821782176,1873.2778877887788,55.24585118772715,1803.761716171617,97.60008939706682,1835.0250825082505,290.85127543057246,109.76237623762358,59.596039603960435,0.06024096385542155,0.03183172002978418,-0.8660254037844386,0.5000000000000001,-2.4492935982947064e-16,1.0,31,304,0,1,0,0,5,-0.867456354729597,0.4975132889071803,0.9749279121818236,-0.22252093395631434,1822.0554455445545,1712.2930693069306,1808.3960396039606,1524.617821782178,1694.019801980198,,,,,,1771.878359264498,122.6946902230488,1832.740594059406,268.41922537024567,1797.5099339933993,264.4219231093112,1808.6833804809053,270.0897984872219,1765.4270770555318,269.5839027432704,1765.4270770555318,269.5839027432704,1765.4270770555318,269.5839027432704,1765.4270770555318,269.5839027432704,1765.4270770555318,269.5839027432704,0.1282051282051282,219.5247524752474,0.2670833268392534,407.20000000000005,,,407.20000000000005,,,2018-10-31
2018,11,4,4,48,0,2305.0099009900987,1931.817821782178,1822.0554455445545,1865.9603960396041,1800.1029702970297,1712.2930693069306,2233.90099009901,2019.6277227722767,253.16829490004014,1913.5240924092407,200.91812336839968,1840.9508250825081,300.2879641371361,373.19207920792064,71.10891089108873,0.19318181818181812,0.03183172002978396,-0.5000000000000004,0.8660254037844384,-2.4492935982947064e-16,1.0,30,334,0,1,0,0,5,-0.5086709438521042,0.8609610158889945,-0.433883739117558,-0.9009688679024191,1931.817821782178,1580.5782178217821,1765.8455445544555,1588.1435643564355,1736.3702970297031,,,,,,1875.3685997171144,209.35846835738886,1871.252333804809,295.405150777212,1821.4054785478547,276.9440175897647,1828.9919377652052,285.3958954399252,1776.9075626711608,278.0112438631625,1776.9075626711608,278.0112438631625,1776.9075626711608,278.0112438631625,1776.9075626711608,278.0112438631625,1776.9075626711608,278.0112438631625,0.45833333333333326,724.4316831683166,0.4513863561976901,716.8663366336632,,,716.8663366336632,,,2018-11-30
2018,12,4,0,1,0,2612.344554455445,2305.0099009900987,1931.817821782178,1822.0554455445545,1865.9603960396041,1580.5782178217821,2531.7544554455444,2283.0574257425737,340.7940607578988,2056.2151815181514,329.62843477931955,1847.6666666666667,317.5472584895931,307.3346534653465,80.59009900990077,0.1333333333333333,0.03183172002978396,-2.4492935982947064e-16,1.0,-2.4492935982947064e-16,1.0,31,365,0,1,0,1,5,6.432490598706546e-16,1.0,0.0,1.0,2305.0099009900987,1646.4356435643563,1872.2217821782176,1694.019801980198,1799.8960396039606,,,,,,2013.35558698727,321.56549579001967,1924.1182461103251,355.6709925758327,1852.0163036303632,311.03212553445974,1858.0079561527582,321.36242332344705,1794.3125,300.3106837223937,1794.3125,300.3106837223937,1794.3125,300.3106837223937,1794.3125,300.3106837223937,1794.3125,300.3106837223937,0.5866666666666667,965.9089108910889,0.5420980034600456,918.3247524752471,,,918.3247524752471,,,2018-12-31
2019,1,1,3,5,0,1668.9356435643563,2612.344554455445,2305.0099009900987,1931.817821782178,1822.0554455445545,1646.4356435643563,1646.4356435643563,2195.4300330032997,481.1558000151105,2034.3539603960392,353.49654112105645,1849.5416666666663,316.3150819238221,-943.4089108910889,22.5,-0.3611349464916762,0.013665884899873637,0.49999999999999994,0.8660254037844387,1.0,6.123233995736766e-17,31,31,0,1,0,0,5,0.5086709438521044,0.8609610158889943,0.43388373911755823,-0.900968867902419,2612.344554455445,1756.1980198019803,2233.90099009901,1736.3702970297031,1757.5455445544555,,,,,,2000.8895332390382,334.6225421004231,1883.7635785007071,349.821706002559,1849.768481848185,312.13842301158553,1854.843316831683,322.82135968290726,1791.7537886441705,297.7052642911732,1791.7537886441705,297.7052642911732,1791.7537886441705,297.7052642911732,1791.7537886441705,297.7052642911732,1791.7537886441705,297.7052642911732,-0.04968823290636859,-87.26237623762404,-0.03883656244333533,-67.43465346534686,,,-67.43465346534686,,,2019-01-31
2019,2,1,3,9,0,1513.1683168316833,1668.9356435643563,2612.344554455445,2305.0099009900987,1931.817821782178,1756.1980198019803,1492.7683168316833,1931.482838283828,594.7649724306905,1975.5552805280524,411.6633082844213,1851.2416666666666,314.2715486072442,-155.76732673267293,20.40000000000009,-0.09333333333333316,0.013665884899873859,0.8660254037844386,0.5000000000000001,1.0,6.123233995736766e-17,28,59,0,1,0,0,4,0.8498170915275278,0.5270777086423722,0.43388373911755823,-0.900968867902419,1668.9356435643563,1800.1029702970297,2531.7544554455444,1799.8960396039606,1863.4217821782177,,,,,,1959.8988684582744,378.07154811669324,1811.0074257425742,308.1231273054674,1840.2108910891088,318.0519065663827,1842.3342644978784,329.1996407592347,1786.1820792079207,297.2740794854924,1786.1820792079207,297.2740794854924,1786.1820792079207,297.2740794854924,1786.1820792079207,297.2740794854924,1786.1820792079207,297.2740794854924,-0.1593990222781534,-286.9346534653464,-0.15930237995043717,-286.7277227722773,,,-286.7277227722773,,,2019-02-28
2019,3,1,6,13,1,1735.6930693069307,1513.1683168316833,1668.9356435643563,2612.344554455445,2305.0099009900987,1800.1029702970297,1712.2930693069306,1639.2656765676566,114.19083401144947,1961.1615511551154,419.53831798745847,1853.1916666666666,313.40241406326646,222.5247524752474,23.40000000000009,0.1470588235294117,0.013665884899873859,1.0,6.123233995736766e-17,1.0,6.123233995736766e-17,31,90,0,1,0,1,5,0.9997685019798909,0.021516097436222254,-0.7818314824680299,0.6234898018587334,1513.1683168316833,1865.9603960396041,1646.4356435643563,1757.5455445544555,2223.40099009901,,,,,,1941.2892503536066,386.57645891915666,1817.382956152758,305.3670575541155,1839.4824752475247,318.272705705076,1824.9161244695897,321.0930650915177,1785.1920986216269,294.3712348496216,1785.1920986216269,294.3712348496216,1785.1920986216269,294.3712348496216,1785.1920986216269,294.3712348496216,1785.1920986216269,294.3712348496216,-0.06981248209188062,-130.26732673267338,-0.012433518616477457,-21.852475247524808,,,-21.852475247524808,,,2019-03-31
2019,4,2,1,18,0,1602.178217821782,1735.6930693069307,1513.1683168316833,1668.9356435643563,2612.344554455445,1865.9603960396041,1580.5782178217821,1617.0132013201319,112.00166926250988,1906.2216171617163,444.9628304416298,1854.9916666666668,311.7520261007887,-133.5148514851487,21.59999999999991,-0.07692307692307698,0.013665884899873637,0.8660254037844387,-0.49999999999999983,1.2246467991473532e-16,-1.0,30,120,0,1,0,0,5,0.8800122039735357,-0.47495107206704995,0.7818314824680298,0.6234898018587336,1735.6930693069307,1822.0554455445545,1492.7683168316833,1863.4217821782177,2519.8544554455443,,,,,,1909.8782178217823,406.3088260927879,1825.1979490806223,297.72482075883386,1830.7743564356435,321.1559520666295,1792.141973125884,293.151285393242,1781.6726009139375,292.57381032779733,1781.6726009139375,292.57381032779733,1781.6726009139375,292.57381032779733,1781.6726009139375,292.57381032779733,1781.6726009139375,292.57381032779733,-0.12067537695432651,-219.87722772277243,-0.14019561585840168,-261.2435643564356,,,-261.2435643564356,,,2019-04-30
2019,5,2,4,22,0,1668.9356435643563,1602.178217821782,1735.6930693069307,1513.1683168316833,1668.9356435643563,1822.0554455445545,1646.4356435643563,1668.935643564356,66.75742574256718,1800.2092409240922,404.9198431361712,1856.8666666666668,310.44859404911756,66.75742574257424,22.5,0.04166666666666674,0.013665884899873637,0.49999999999999994,-0.8660254037844387,1.2246467991473532e-16,-1.0,31,151,0,1,0,0,5,0.5160623910158528,-0.8565509959010036,-0.433883739117558,-0.9009688679024191,1602.178217821782,1931.817821782178,1712.2930693069306,2223.40099009901,1595.6435643564355,,,,,,1872.3236209335216,415.9769057293874,1822.10099009901,299.2114014340814,1812.2921782178216,313.64825395483706,1794.7595473833098,291.65514789847913,1779.5454885111153,290.1604654307758,1779.5454885111153,290.1604654307758,1779.5454885111153,290.1604654307758,1779.5454885111153,290.1604654307758,1779.5454885111153,290.1604654307758,-0.13608021173306217,-262.8821782178218,-0.2493771249557476,-554.4653465346537,,,-554.4653465346537,,,2019-05-31
2019,6,2,6,26,1,1780.1980198019803,1668.9356435643563,1602.178217821782,1735.6930693069307,1513.1683168316833,1931.817821782178,1756.1980198019803,1683.7706270627061,89.93230802005236,1661.5181518151815,95.1060136100134,1858.8666666666666,309.81776608021846,111.26237623762404,24.0,0.06666666666666687,0.013665884899873637,1.2246467991473532e-16,-1.0,1.2246467991473532e-16,-1.0,30,181,0,1,0,1,5,0.02581844022713308,-0.9996666485105112,-0.7818314824680299,0.6234898018587334,1668.9356435643563,2305.0099009900987,1580.5782178217821,2519.8544554455443,1446.7168316831685,,,,,,1797.3504950495048,369.7169274823822,1836.3595473833097,291.4728295472353,1787.6369636963695,283.75747657258523,1806.6695898161247,283.614247279384,1779.5575724239088,287.4100809099825,1779.5575724239088,287.4100809099825,1779.5575724239088,287.4100809099825,1779.5575724239088,287.4100809099825,1779.5575724239088,287.4100809099825,-0.22768313531438178,-524.8118811881184,-0.2935314117230563,-739.656435643564,,,-739.656435643564,,,2019-06-30
2019,7,3,2,31,0,1824.7029702970297,1780.1980198019803,1668.9356435643563,1602.178217821782,1735.6930693069307,2305.0099009900987,1800.1029702970297,1757.9455445544554,80.23244051093945,1687.4793729372934,116.40972889766381,1860.9166666666667,309.47478765084924,44.50495049504934,24.59999999999991,0.02499999999999991,0.013665884899873637,-0.4999999999999998,-0.8660254037844388,-1.0,-1.8369701987210297e-16,31,212,0,1,0,0,5,-0.4862727071086902,-0.8738071036110807,0.9749279121818236,-0.22252093395631434,1780.1980198019803,2612.344554455445,1646.4356435643563,1595.6435643564355,1659.4693069306932,,,,,,1684.8302687411597,106.49794249804575,1849.092927864215,286.3870666912806,1795.2722772277227,281.48585699070463,1812.5707920792079,282.1532494203064,1780.378397839784,284.80150477908626,1780.378397839784,284.80150477908626,1780.378397839784,284.80150477908626,1780.378397839784,284.80150477908626,1780.378397839784,284.80150477908626,-0.301507541497566,-787.6415841584155,0.1435529908165798,229.05940594059416,,,229.05940594059416,,,2019-07-31
2019,8,3,5,35,1,1891.4603960396041,1824.7029702970297,1780.1980198019803,1668.9356435643563,1602.178217821782,2612.344554455445,1865.9603960396041,1832.1204620462047,56.00083463125306,1750.5280528052806,105.00402108183788,1863.0416666666663,309.60009085107606,66.75742574257447,25.5,0.03658536585365857,0.013665884899873637,-0.8660254037844384,-0.5000000000000004,-1.0,-1.8369701987210297e-16,31,243,0,1,0,0,5,-0.8631421280499115,-0.5049610547215202,-0.9749279121818236,-0.2225209339563146,1824.7029702970297,1668.9356435643563,1756.1980198019803,1446.7168316831685,1531.817821782178,,,,,,1716.6195190947667,131.28870595590257,1858.7545261669022,285.2916002505149,1810.0970627062707,274.1106226813024,1825.4151697312589,277.038857450821,1782.362004950495,282.5906551887983,1782.362004950495,282.5906551887983,1782.362004950495,282.5906551887983,1782.362004950495,282.5906551887983,1782.362004950495,282.5906551887983,0.13333333333333353,222.52475247524785,0.3074157669396873,444.7435643564356,,,444.7435643564356,,,2019-08-31
2019,9,3,0,40,0,1846.9554455445545,1891.4603960396041,1824.7029702970297,1780.1980198019803,1668.9356435643563,1668.9356435643563,1822.0554455445545,1854.3729372937294,33.99121740729814,1769.071782178218,111.48467890928592,1865.1166666666668,309.38378747748635,-44.50495049504957,24.90000000000009,-0.02352941176470591,0.013665884899873859,-1.0,-1.8369701987210297e-16,-1.0,-1.8369701987210297e-16,30,273,0,1,0,1,5,-0.9999166586547379,-0.012910296075008843,0.0,1.0,1891.4603960396041,1513.1683168316833,1800.1029702970297,1659.4693069306932,1595.6435643564355,1565.3465346534654,,,,,1764.3033946251767,102.55010481994145,1862.1011315417256,284.82508529967646,1816.3466006600659,272.691595938658,1834.3905940594057,273.3656913495819,1787.3907355021217,281.16063913349717,1783.4952232065311,280.18681351222625,1783.4952232065311,280.18681351222625,1783.4952232065311,280.18681351222625,1783.4952232065311,280.18681351222625,0.22058823529411753,333.7871287128712,0.11297957595891317,187.48613861386139,,,187.48613861386139,,,2019-09-30
2019,10,4,3,44,0,1958.2178217821781,1846.9554455445545,1891.4603960396041,1824.7029702970297,1780.1980198019803,1513.1683168316833,1931.817821782178,1898.8778877887787,56.00083463125461,1828.4117161716174,98.93388098498373,1867.3166666666668,309.9944733353627,111.26237623762358,26.40000000000009,0.06024096385542155,0.013665884899873859,-0.8660254037844386,0.5000000000000001,-2.4492935982947064e-16,1.0,31,304,0,1,0,0,5,-0.867456354729597,0.4975132889071803,0.43388373911755823,-0.900968867902419,1846.9554455445545,1735.6930693069307,1865.9603960396041,1531.817821782178,1702.019801980198,1419.2475247524753,,,,,1796.0926449787837,124.37142173746359,1868.6909476661951,285.9861272262288,1830.5599339933992,268.42906597918045,1843.540523338048,273.0584386345311,1797.015205091938,277.53089726239705,1786.507681802663,278.6641715229488,1786.507681802663,278.6641715229488,1786.507681802663,278.6641715229488,1786.507681802663,278.6641715229488,0.1282051282051282,222.5247524752474,0.2783620832299165,426.4000000000001,,,426.4000000000001,,,2019-10-31
2019,11,4,5,48,1,2336.5099009900987,1958.2178217821781,1846.9554455445545,1891.4603960396041,1824.7029702970297,1735.6930693069307,2305.0099009900987,2047.227722772277,256.6280636784418,1939.674092409241,203.6638473166505,1869.9416666666664,314.14335823365946,378.29207920792055,31.5,0.19318181818181812,0.013665884899873637,-0.5000000000000004,0.8660254037844384,-2.4492935982947064e-16,1.0,30,334,0,1,0,0,5,-0.5086709438521042,0.8609610158889945,-0.9749279121818236,-0.2225209339563146,1958.2178217821781,1602.178217821782,1822.0554455445545,1595.6435643564355,1744.570297029703,1627.960396039604,,,,,1900.997171145686,212.21953708877516,1905.4376944837338,311.45070235464976,1855.2554785478546,279.90603787740054,1864.6812234794909,287.63752127977097,1809.6678748231966,285.71431685272483,1795.8297533143143,285.3804885754565,1795.8297533143143,285.3804885754565,1795.8297533143143,285.3804885754565,1795.8297533143143,285.3804885754565,0.45833333333333326,734.3316831683167,0.4643056589724497,740.8663366336632,,,740.8663366336632,,,2019-11-30
2019,12,4,1,1,0,2648.0445544554455,2336.5099009900987,1958.2178217821781,1846.9554455445545,1891.4603960396041,1602.178217821782,2612.344554455445,2314.257425742574,345.45131316677765,2084.315181518152,334.13309902873925,1872.9166666666667,321.88682277438244,311.53465346534676,35.70000000000027,0.13333333333333353,0.013665884899873859,-2.4492935982947064e-16,1.0,-2.4492935982947064e-16,1.0,31,365,0,1,0,1,5,6.432490598706546e-16,1.0,0.7818314824680298,0.6234898018587336,2336.5099009900987,1668.9356435643563,1931.817821782178,1702.019801980198,1808.3960396039606,1502.7326732673266,,,,,2040.869872701556,325.9599728432572,1956.5967468175388,369.5264720843859,1886.7896369636962,313.33993675823143,1894.6686704384724,323.1308328987543,1830.119872701556,303.76543641545624,1810.0333333333333,303.5887861983389,1810.0333333333333,303.5887861983389,1810.0333333333333,303.5887861983389,1810.0333333333333,303.5887861983389,0.5866666666666667,979.1089108910892,0.5558247626582278,946.0247524752474,,,946.0247524752474,,,2019-12-31
2020,1,1,4,5,0,1648.3663366336632,2648.0445544554455,2336.5099009900987,1958.2178217821781,1846.9554455445545,1668.9356435643563,1668.9356435643563,2210.973597359736,511.5258130766378,2054.9257425742576,367.6125949270847,1871.2025577557758,323.1241990787919,-999.6782178217823,-20.569306930693074,-0.37751563361718443,-0.012324805339265832,0.49999999999999994,0.8660254037844387,1.0,6.123233995736766e-17,31,31,0,1,0,0,5,0.5086709438521044,0.8609610158889943,-0.433883739117558,-0.9009688679024191,2648.0445544554455,1780.1980198019803,2305.0099009900987,1744.570297029703,1765.8455445544555,1565.3465346534654,,,,,2022.036775106082,346.6808896166326,1909.6936350777935,363.5258121947596,1883.5828382838286,315.33159261967336,1890.4729844413014,325.6186127172394,1831.602369165488,302.6502803448884,1807.3830546989125,301.75902832260346,1807.3830546989125,301.75902832260346,1807.3830546989125,301.75902832260346,1807.3830546989125,301.75902832260346,-0.07405450500556188,-131.8316831683171,-0.05514478869658401,-96.20396039603975,,,-96.20396039603975,,,2020-01-31
2020,2,1,5,9,1,1494.5188118811882,1648.3663366336632,2648.0445544554455,2336.5099009900987,1958.2178217821781,1780.1980198019803,1513.1683168316833,1930.3099009900989,626.3182416366951,1988.7688118811882,432.8440068486315,1869.6484323432342,325.0419373496096,-153.847524752475,-18.649504950495157,-0.09333333333333316,-0.012324805339265943,0.8660254037844386,0.5000000000000001,1.0,6.123233995736766e-17,29,60,0,1,0,0,5,0.8587639582758029,0.5123714121284237,-0.9749279121818236,-0.2225209339563146,1648.3663366336632,1824.7029702970297,2612.344554455445,1808.3960396039606,1872.2217821782176,1669.7029702970297,,,,,1974.8676096181048,396.8387361693615,1829.848939179632,317.12198242041126,1873.1202640264025,323.02557729198963,1876.983592644979,334.11539382918414,1828.4740806223479,305.2483773539757,1802.3368572341105,301.9015128230897,1802.3368572341105,301.9015128230897,1802.3368572341105,301.9015128230897,1802.3368572341105,301.9015128230897,-0.18095227759841548,-330.18415841584147,-0.17356664184661208,-313.87722772277243,,,-313.87722772277243,,,2020-02-29
2020,3,1,1,14,0,1714.3009900990098,1494.5188118811882,1648.3663366336632,2648.0445544554455,2336.5099009900987,1824.7029702970297,1735.6930693069307,1619.0620462046202,112.7834542107315,1966.6597359735972,444.76024062883374,1867.8657590759076,325.90092259538596,219.78217821782164,-21.392079207920915,0.1470588235294117,-0.012324805339265943,1.0,6.123233995736766e-17,1.0,6.123233995736766e-17,31,91,0,1,0,1,5,0.9999907397361901,0.004303538296244289,0.7818314824680298,0.6234898018587336,1494.5188118811882,1891.4603960396041,1668.9356435643563,1765.8455445544555,2233.90099009901,1711.4455445544554,,,,,1949.5591230551624,408.52181880386536,1833.0893210749648,315.5792977670227,1871.402112211221,323.7521039166419,1858.4264497878357,327.9299220398813,1828.525070721358,305.22871079044785,1800.9394625176803,299.66226212466745,1800.9394625176803,299.66226212466745,1800.9394625176803,299.66226212466745,1800.9394625176803,299.66226212466745,-0.09366276254662054,-177.1594059405943,-0.029189729880056414,-51.54455445544568,,,-51.54455445544568,,,2020-03-31
2020,4,2,3,18,0,1582.4316831683168,1714.3009900990098,1494.5188118811882,1648.3663366336632,2648.0445544554455,1891.4603960396041,1602.178217821782,1597.083828382838,110.6212704911782,1904.028712871287,471.8225129303094,1866.2202145214521,327.4107474693399,-131.86930693069303,-19.746534653465233,-0.07692307692307687,-0.012324805339265832,0.8660254037844387,-0.49999999999999983,1.2246467991473532e-16,-1.0,30,121,0,1,0,0,5,0.8717063187093218,-0.49002866642905923,0.43388373911755823,-0.900968867902419,1714.3009900990098,1846.9554455445545,1513.1683168316833,1872.2217821782176,2531.7544554455444,1774.0594059405942,,,,,1911.7700141442715,431.19975723673656,1838.036704384724,310.6829872531426,1861.7424422442243,328.0218285003857,1824.522065063649,303.93366815711676,1825.1031471004242,306.9199136085171,1797.5252784653464,298.5266159478503,1797.5252784653464,298.5266159478503,1797.5252784653464,298.5266159478503,1797.5252784653464,298.5266159478503,-0.14322151788466442,-264.52376237623776,-0.15478406552494406,-289.7900990099008,,,-289.7900990099008,,,2020-04-30
2020,5,2,6,22,1,1648.3663366336632,1582.4316831683168,1714.3009900990098,1494.5188118811882,1648.3663366336632,1846.9554455445545,1668.9356435643563,1648.366336633663,65.93465346534208,1789.338118811881,427.1959964447169,1864.5061056105608,328.5892192780679,65.9346534653464,-20.569306930693074,0.04166666666666652,-0.012324805339265832,0.49999999999999994,-0.8660254037844387,1.2246467991473532e-16,-1.0,31,152,0,1,0,0,5,0.5012418134457758,-0.865307254363206,-0.7818314824680299,0.6234898018587334,1582.4316831683168,1958.2178217821781,1735.6930693069307,2233.90099009901,1646.4356435643563,1732.3168316831684,,,,,1867.505516265912,441.4196910595978,1831.799080622348,313.75723820643015,1842.2246204620462,322.4876525783785,1824.591018387553,303.8919855178481,1823.6040311173977,307.5856594256341,1795.2305255140898,296.7624511407103,1795.2305255140898,296.7624511407103,1795.2305255140898,296.7624511407103,1795.2305255140898,296.7624511407103,-0.15823136818687433,-309.85148514851494,-0.26211307307733234,-585.5346534653468,,,-585.5346534653468,,,2020-05-31
2020,6,2,1,27,0,1758.2574257425742,1648.3663366336632,1582.4316831683168,1714.3009900990098,1494.5188118811882,1958.2178217821781,1780.1980198019803,1663.0184818481846,88.82390982999621,1641.0402640264026,93.93385050568028,1862.677722772277,329.16152958123143,109.89108910891105,-21.940594059406067,0.06666666666666687,-0.012324805339265943,1.2246467991473532e-16,-1.0,1.2246467991473532e-16,-1.0,30,182,0,1,0,1,5,0.008606996888688698,-0.9999629591162655,0.7818314824680298,0.6234898018587336,1648.3663366336632,2336.5099009900987,1602.178217821782,2531.7544554455444,1492.7683168316833,1836.6732673267325,,,,,1784.8980198019801,390.1517023370775,1842.947595473833,307.6848339868514,1816.4413861386138,295.22674729255095,1834.0727722772278,297.2239265035914,1822.203748231966,307.70355134815367,1794.6703270327032,294.5059814433209,1794.6703270327032,294.5059814433209,1794.6703270327032,294.5059814433209,1794.6703270327032,294.5059814433209,-0.24748556597277394,-578.2524752475244,-0.30551818642572437,-773.4970297029702,,,-773.4970297029702,,,2020-06-30
2020,7,3,4,31,0,1802.2138613861387,1758.2574257425742,1648.3663366336632,1582.4316831683168,1714.3009900990098,2336.5099009900987,1824.7029702970297,1736.279207920792,79.24359129975022,1666.6815181518152,114.97500164940637,1860.803630363036,329.4612804065946,43.95643564356442,-22.48910891089099,0.025000000000000133,-0.012324805339265832,-0.4999999999999998,-0.8660254037844388,-1.0,-1.8369701987210297e-16,31,213,0,1,0,0,5,-0.5012418134457756,-0.8653072543632061,-0.433883739117558,-0.9009688679024191,1758.2574257425742,2648.0445544554455,1668.9356435643563,1646.4356435643563,1712.2930693069306,2191.4851485148515,,,,,1664.065063649222,105.18537608772603,1852.4674681753888,303.9255637449026,1821.63399339934,293.49838230410586,1837.2842291371994,296.34386961213795,1815.2524752475244,303.5788370026655,1794.7829170976797,292.2678127258536,1794.7829170976797,292.2678127258536,1794.7829170976797,292.2678127258536,1794.7829170976797,292.2678127258536,-0.31941709275478825,-845.8306930693068,0.09461543087377478,155.7782178217824,,,155.7782178217824,,,2020-07-31
2020,8,3,0,36,0,1868.1485148514853,1802.2138613861387,1758.2574257425742,1648.3663366336632,1582.4316831683168,2648.0445544554455,1891.4603960396041,1809.5399339933992,55.310635245589786,1728.953135313531,103.70986696216667,1858.8609735973598,329.3327843357025,65.93465346534663,-23.311881188118832,0.03658536585365857,-0.012324805339265832,-0.8660254037844384,-0.5000000000000004,-1.0,-1.8369701987210297e-16,31,244,0,1,0,0,5,-0.8717063187093218,-0.4900286664290594,0.0,1.0,1802.2138613861387,1648.3663366336632,1780.1980198019803,1492.7683168316833,1580.5782178217821,2483.6831683168316,,,,,1695.4625176803395,129.67059821175275,1858.749646393211,303.2250026785078,1834.1466666666668,286.92253368506493,1847.5545968882602,292.07005626588165,1804.2607850070722,289.7660090016054,1795.8618229470005,290.2149142877432,1795.8618229470005,290.2149142877432,1795.8618229470005,290.2149142877432,1795.8618229470005,290.2149142877432,0.13333333333333353,219.7821782178221,0.25146581273678525,375.38019801980204,,,375.38019801980204,,,2020-08-31
2020,9,3,2,40,0,1824.1920792079209,1868.1485148514853,1802.2138613861387,1758.2574257425742,1648.3663366336632,1648.3663366336632,1846.9554455445545,1831.5181518151815,33.57228226951384,1747.2683168316833,110.11065194342069,1856.9640264026402,329.4731222252535,-43.95643564356442,-22.76336633663368,-0.02352941176470591,-0.012324805339265832,-1.0,-1.8369701987210297e-16,-1.0,-1.8369701987210297e-16,30,274,0,1,0,1,5,-0.9999907397361901,0.004303538296243821,0.9749279121818236,-0.22252093395631434,1868.1485148514853,1494.5188118811882,1824.7029702970297,1712.2930693069306,1646.4356435643563,1588.1435643564355,,,,,1742.5586987270156,101.28619474051521,1858.71315417256,303.22944598933293,1837.8766336633662,286.0097107562615,1853.9030410183875,289.4567886102441,1808.4759370579916,288.278095580853,1796.2724063710718,288.09326602870885,1796.2724063710718,288.09326602870885,1796.2724063710718,288.09326602870885,1796.2724063710718,288.09326602870885,0.22058823529411775,329.6732673267327,0.06535038417592998,111.89900990099022,,,111.89900990099022,,,2020-09-30
2020,10,4,5,44,1,1934.0831683168315,1824.1920792079209,1868.1485148514853,1802.2138613861387,1758.2574257425742,1494.5188118811882,1958.2178217821781,1875.4745874587459,55.31063524559093,1805.8768976897688,97.71454016038773,1854.9528052805279,328.87195792496794,109.89108910891059,-24.134653465346673,0.06024096385542155,-0.012324805339265943,-0.8660254037844386,0.5000000000000001,-2.4492935982947064e-16,1.0,31,305,0,1,0,0,5,-0.858763958275803,0.5123714121284235,-0.9749279121818236,-0.2225209339563146,1824.1920792079209,1714.3009900990098,1891.4603960396041,1580.5782178217821,1756.1980198019803,1439.9168316831683,,,,,1773.956152758133,122.83856817478211,1861.757637906648,303.79696569359766,1849.6601320132015,282.3016717476582,1860.256082036775,289.184917564076,1817.3003359264499,284.32743490153587,1798.2411315417255,286.4719459139809,1798.2411315417255,286.4719459139809,1798.2411315417255,286.4719459139809,1798.2411315417255,286.4719459139809,0.1282051282051282,219.78217821782164,0.22365546134263425,353.50495049504934,,,353.50495049504934,,,2020-10-31
2020,11,4,0,49,0,2307.7128712871286,1934.0831683168315,1824.1920792079209,1868.1485148514853,1802.2138613861387,1714.3009900990098,2336.5099009900987,2021.9960396039598,253.4651727490128,1915.7679867986799,201.15373004382744,1852.5530528052805,325.12231921961813,373.6297029702971,-28.79702970297012,0.19318181818181834,-0.012324805339265832,-0.5000000000000004,0.8660254037844384,-2.4492935982947064e-16,1.0,30,335,0,1,0,0,5,-0.4937755501599774,0.8695893893466109,0.0,1.0,1934.0831683168315,1582.4316831683168,1846.9554455445545,1646.4356435643563,1800.1029702970297,1651.669306930693,,,,,1877.5677510608202,209.6039726049669,1894.6688826025456,326.2015207290083,1871.702706270627,291.5516544479274,1878.385007072136,300.9460703692436,1829.0153995756718,290.8201627383052,1805.4167898479989,290.7741339543791,1805.4167898479989,290.7741339543791,1805.4167898479989,290.7741339543791,1805.4167898479989,290.7741339543791,0.45833333333333326,725.2811881188118,0.40164171026519946,661.2772277227723,,,661.2772277227723,,,2020-11-30
2020,12,4,3,53,0,2615.407920792079,2307.7128712871286,1934.0831683168315,1824.1920792079209,1868.1485148514853,1582.4316831683168,2648.0445544554455,2285.734653465346,341.1936929778033,2058.6264026402637,330.0149736258044,1849.8333333333333,317.9196303424133,307.6950495049505,-32.63663366336641,0.1333333333333333,-0.012324805339265832,-2.4492935982947064e-16,1.0,-2.4492935982947064e-16,1.0,31,366,0,1,0,1,5,0.017213356155833904,0.9998518392091162,0.43388373911755823,-0.900968867902419,2307.7128712871286,1648.3663366336632,1958.2178217821781,1756.1980198019803,1865.9603960396041,1524.617821782178,,,,,2015.7165487977368,321.9425796295713,1941.6110325318243,379.05479561025163,1900.3430363036305,320.5715105281442,1905.15099009901,331.56973519186477,1848.4937942008487,306.1849904310432,1816.6666666666667,304.0905424872869,1816.6666666666667,304.0905424872869,1816.6666666666667,304.0905424872869,1816.6666666666667,304.0905424872869,0.5866666666666667,967.0415841584158,0.4892443171567742,859.2099009900987,,,859.2099009900987,,,2020-12-31
2021,1,1,6,4,1,1857.3267326732673,2615.407920792079,2307.7128712871286,1934.0831683168315,1824.1920792079209,1648.3663366336632,1648.3663366336632,2260.1491749174916,381.2722135878321,2067.8118811881186,322.1233744408209,1867.2466996699668,311.5402062591632,-758.0811881188117,208.96039603960412,-0.28985198908827425,0.1267681773132716,0.49999999999999994,0.8660254037844387,1.0,6.123233995736766e-17,31,31,0,1,0,0,5,0.5086709438521044,0.8609610158889943,-0.7818314824680299,0.6234898018587334,2615.407920792079,1758.2574257425742,2336.5099009900987,1800.1029702970297,1822.0554455445545,1588.1435643564355,,,,,2029.869306930693,310.7201788693157,1907.3836633663366,361.89995883582554,1902.2504950495052,320.12443093086966,1906.4106789250352,331.3092474029829,1853.3006364922205,304.1294735552194,1817.2236538722366,302.0089152928041,1817.2236538722366,302.0089152928041,1817.2236538722366,302.0089152928041,1817.2236538722366,302.0089152928041,0.05634516623119201,99.06930693069307,0.03178916057607273,57.22376237623757,,,57.22376237623757,,,2021-01-31
2021,2,1,6,8,1,1683.9762376237625,1857.3267326732673,2615.407920792079,2307.7128712871286,1934.0831683168315,1758.2574257425742,1494.5188118811882,2052.2369636963695,495.3622348550105,2037.1165016501648,352.31475849570063,1883.0348184818483,295.31202432985253,-173.35049504950484,189.4574257425743,-0.09333333333333327,0.1267681773132714,0.8660254037844386,0.5000000000000001,1.0,6.123233995736766e-17,28,59,0,1,0,0,4,0.8498170915275278,0.5270777086423722,-0.7818314824680299,0.6234898018587334,1857.3267326732673,1802.2138613861387,2648.0445544554455,1865.9603960396041,1931.817821782178,1694.019801980198,,,,,2012.9782178217822,327.89734892924463,1838.5216407355022,295.8137629692704,1896.1843564356434,322.55085811888875,1897.5591937765203,333.9058894839161,1853.1212871287128,304.2280569266796,1815.423013112122,300.33293528386486,1815.423013112122,300.33293528386486,1815.423013112122,300.33293528386486,1815.423013112122,300.33293528386486,-0.06560687734996995,-118.23762376237619,-0.09752841421612846,-181.98415841584165,,,-181.98415841584165,,,2021-02-28
2021,3,1,2,13,0,1931.619801980198,1683.9762376237625,1857.3267326732673,2615.407920792079,2307.7128712871286,1802.2138613861387,1714.3009900990098,1824.3075907590758,127.08080713212436,2055.0211221122113,341.90575796115854,1901.144719471947,290.6505059135927,247.6435643564355,217.31881188118814,0.1470588235294117,0.1267681773132714,1.0,6.123233995736766e-17,1.0,6.123233995736766e-17,31,90,0,1,0,1,5,0.9997685019798909,0.021516097436222254,0.9749279121818236,-0.22252093395631434,1683.9762376237625,1868.1485148514853,1648.3663366336632,1822.0554455445545,2305.0099009900987,1736.3702970297031,,,,,2022.0455445544553,324.08025309486976,1858.7540311173973,291.4621632612002,1899.836501650165,322.3027628111182,1884.2238330975956,324.3500404765827,1856.6078854314,303.98443592718525,1816.972303630363,298.5983546673644,1816.972303630363,298.5983546673644,1816.972303630363,298.5983546673644,1816.972303630363,298.5983546673644,0.0339755038874725,63.471287128712675,0.06013228450515018,109.5643564356435,,,109.5643564356435,,,2021-03-31
2021,4,2,4,17,0,1783.0336633663364,1931.619801980198,1683.9762376237625,1857.3267326732673,2615.407920792079,1868.1485148514853,1582.4316831683168,1799.5432343234322,124.64452732342703,2029.846204620462,357.78380814606436,1917.8615511551154,276.055606221962,-148.58613861386152,200.60198019801965,-0.07692307692307698,0.1267681773132714,0.8660254037844387,-0.49999999999999983,1.2246467991473532e-16,-1.0,30,120,0,1,0,0,5,0.8800122039735357,-0.47495107206704995,-0.433883739117558,-0.9009688679024191,1931.619801980198,1824.1920792079209,1494.5188118811882,1931.817821782178,2612.344554455445,1799.8960396039606,,,,,2016.1657708628004,328.6098867717882,1879.362234794908,273.365493616794,1894.87702970297,322.93776831311715,1854.60558698727,291.61088659939236,1856.306771570014,304.0499781264556,1816.5257425742575,296.6265666675224,1816.5257425742575,296.6265666675224,1816.5257425742575,296.6265666675224,1816.5257425742575,296.6265666675224,-0.022562544981258648,-41.15841584158443,-0.07701769635740408,-148.7841584158416,,,-148.7841584158416,,,2021-04-30
2021,5,2,0,22,0,1857.3267326732673,1783.0336633663364,1931.619801980198,1683.9762376237625,1857.3267326732673,1824.1920792079209,1648.3663366336632,1857.3267326732669,74.29306930693144,1954.7818481848183,334.3026787123937,1935.2749174917492,263.8304835693669,74.29306930693087,208.96039603960412,0.04166666666666674,0.1267681773132716,0.49999999999999994,-0.8660254037844387,1.2246467991473532e-16,-1.0,31,151,0,1,0,0,5,0.5160623910158528,-0.8565509959010036,0.0,1.0,1783.0336633663364,1934.0831683168315,1714.3009900990098,2305.0099009900987,1668.9356435643563,1757.5455445544555,,,,,2005.2005657708628,333.05589682471805,1889.578359264498,269.3656637317348,1879.9542574257425,313.53906662005556,1861.333840169731,289.3327625280462,1858.0885785007072,303.7529161992415,1817.055625562556,294.7052967085723,1817.055625562556,294.7052967085723,1817.055625562556,294.7052967085723,1817.055625562556,294.7052967085723,-0.03968621251709803,-76.75643564356415,-0.1942217984072574,-447.68316831683137,,,-447.68316831683137,,,2021-05-31
2021,6,2,2,26,0,1981.148514851485,1857.3267326732673,1783.0336633663364,1931.619801980198,1683.9762376237625,1934.0831683168315,1758.2574257425742,1873.8363036303629,100.08395498098723,1849.0719471947195,105.84167352230243,1953.8491749174918,258.01707532420954,123.82178217821775,222.89108910891082,0.06666666666666665,0.1267681773132714,1.2246467991473532e-16,-1.0,1.2246467991473532e-16,-1.0,30,181,0,1,0,1,5,0.02581844022713308,-0.9996666485105112,0.9749279121818236,-0.22252093395631434,1857.3267326732673,2307.7128712871286,1582.4316831683168,2612.344554455445,1513.1683168316833,1863.4217821782177,,,,,1958.5485148514852,305.3378706826466,1918.0581329561526,255.09317121294458,1858.9143894389438,282.32166124389875,1878.0474186704382,281.8968673113316,1860.1908415841583,304.1975640265877,1819.1593805534399,293.3743092465828,1819.1593805534399,293.3743092465828,1819.1593805534399,293.3743092465828,1819.1593805534399,293.3743092465828,-0.14150996014226935,-326.5643564356435,-0.24162051614800706,-631.1960396039601,,,-631.1960396039601,,,2021-06-30
2021,7,3,5,30,1,2030.6772277227724,1981.148514851485,1857.3267326732673,1783.0336633663364,1931.619801980198,2307.7128712871286,1802.2138613861387,1956.3841584158415,89.28915693258104,1877.9636963696369,129.55017304509175,1972.8877887788778,254.21189771212357,49.528712871287325,228.46336633663373,0.025000000000000133,0.1267681773132714,-0.4999999999999998,-0.8660254037844388,-1.0,-1.8369701987210297e-16,31,212,0,1,0,0,5,-0.4862727071086902,-0.8738071036110807,-0.9749279121818236,-0.2225209339563146,1981.148514851485,2615.407920792079,1648.3663366336632,1668.9356435643563,1735.6930693069307,2223.40099009901,,,,,1875.015558698727,118.51953449437815,1945.366053748232,244.23382837005062,1870.9724422442243,281.65206840242195,1888.5825671852901,281.89183494991755,1856.7493458274398,301.0880096537173,1821.8368216568492,292.4574666245717,1821.8368216568492,292.4574666245717,1821.8368216568492,292.4574666245717,1821.8368216568492,292.4574666245717,-0.2235715080698465,-584.7306930693067,0.21674987022617742,361.7415841584161,,,361.7415841584161,,,2021-07-31
2021,8,3,1,35,0,2104.970297029703,2030.6772277227724,1981.148514851485,1857.3267326732673,1783.0336633663364,2615.407920792079,1868.1485148514853,2038.93201320132,62.32226366171675,1948.1293729372937,116.85697776636212,1992.6229372937294,254.53385893049565,74.29306930693065,236.82178217821775,0.03658536585365857,0.1267681773132714,-0.8660254037844384,-0.5000000000000004,-1.0,-1.8369701987210297e-16,31,243,0,1,0,0,5,-0.8631421280499115,-0.5049610547215202,0.7818314824680298,0.6234898018587336,2030.6772277227724,1857.3267326732673,1758.2574257425742,1513.1683168316833,1602.178217821782,2519.8544554455443,,,,,1910.3932107496464,146.10870359817812,1970.13125884017,241.36304898472534,1890.6991749174917,276.4033550527831,1906.5394271570015,278.97091377924403,1849.3407001414428,289.35039941005516,1825.3759900990099,292.31960467702027,1825.3759900990099,292.31960467702027,1825.3759900990099,292.31960467702027,1825.3759900990099,292.31960467702027,0.1333333333333333,247.64356435643572,0.3911012235817575,591.8019801980197,,,591.8019801980197,,,2021-08-31
2021,9,3,3,39,0,2055.441584158416,2104.970297029703,2030.6772277227724,1981.148514851485,1857.3267326732673,1857.3267326732673,1824.1920792079209,2063.6963696369635,37.82817930107345,1968.766336633663,124.06917859306388,2011.8937293729375,249.3233034494865,-49.5287128712871,231.24950495049507,-0.02352941176470591,0.1267681773132714,-1.0,-1.8369701987210297e-16,-1.0,-1.8369701987210297e-16,30,273,0,1,0,1,5,-0.9999166586547379,-0.012910296075008843,0.43388373911755823,-0.900968867902419,2104.970297029703,1683.9762376237625,1802.2138613861387,1735.6930693069307,1668.9356435643563,1595.6435643564355,,,,,1963.4596888260255,114.1260610347671,1988.2189533239039,237.26500470530206,1901.3574587458745,276.3849654108517,1920.3432107496462,276.3284317928251,1857.551379066478,288.5430811983105,1828.216306075052,291.6094577853955,1828.216306075052,291.6094577853955,1828.216306075052,291.6094577853955,1828.216306075052,291.6094577853955,0.22058823529411753,371.46534653465346,0.18421950315165003,319.7485148514852,,,319.7485148514852,,,2021-09-30
2021,10,4,6,43,1,2179.2633663366337,2055.441584158416,2104.970297029703,2030.6772277227724,1981.148514851485,1683.9762376237625,1934.0831683168315,2113.2250825082506,62.32226366171729,2034.8046204620462,110.1016343135242,2032.325412541254,252.394329628176,123.82178217821775,245.18019801980222,0.06024096385542155,0.1267681773132716,-0.8660254037844386,0.5000000000000001,-2.4492935982947064e-16,1.0,31,304,0,1,0,0,5,-0.867456354729597,0.4975132889071803,-0.7818314824680299,0.6234898018587334,2055.441584158416,1931.619801980198,1868.1485148514853,1602.178217821782,1780.1980198019803,1446.7168316831685,,,,,1998.8373408769446,138.41058956607102,2010.4414427157,239.7110733639966,1920.5936303630363,274.9227722513683,1934.5955445544553,279.1097766083566,1870.63256718529,286.174518664649,1832.497367785559,292.38519439432145,1832.497367785559,292.38519439432145,1832.497367785559,292.38519439432145,1832.497367785559,292.38519439432145,0.1282051282051282,247.64356435643572,0.36018786305771866,577.0851485148517,,,577.0851485148517,,,2021-10-31
2021,11,4,1,48,0,2600.257425742574,2179.2633663366337,2055.441584158416,2104.970297029703,2030.6772277227724,1931.619801980198,2307.7128712871286,2278.320792079208,285.596490710799,2158.626402640264,226.65362176124907,2056.704125412541,292.37406510438353,420.99405940594033,292.54455445544545,0.19318181818181812,0.1267681773132714,-0.5000000000000004,0.8660254037844384,-2.4492935982947064e-16,1.0,30,334,0,1,0,0,5,-0.5086709438521042,0.8609610158889945,0.7818314824680298,0.6234898018587336,2179.2633663366337,1783.0336633663364,1824.1920792079209,1668.9356435643563,1824.7029702970297,1659.4693069306932,,,,,2115.583592644979,236.17508616971918,2065.8746817538895,279.7213497498406,1951.6376897689768,297.2049399776897,1962.2939179632249,305.07491399594613,1887.4323550212164,300.79378327898525,1841.747488965764,302.56970345896457,1841.747488965764,302.56970345896457,1841.747488965764,302.56970345896457,1841.747488965764,302.56970345896457,0.45833333333333326,817.2237623762376,0.5580333704115685,931.3217821782177,,,931.3217821782177,,,2021-11-30
2021,12,4,4,52,0,2946.958415841584,2600.257425742574,2179.2633663366337,2055.441584158416,2104.970297029703,1783.0336633663364,2615.407920792079,2575.4930693069305,384.44619554738335,2319.594719471947,371.8503703184348,2084.3333333333335,358.2217224130303,346.70099009901014,331.5504950495051,0.13333333333333353,0.1267681773132716,-2.4492935982947064e-16,1.0,-2.4492935982947064e-16,1.0,31,365,0,1,0,1,5,6.432490598706546e-16,1.0,-0.433883739117558,-0.9009688679024191,2600.257425742574,1857.3267326732673,1934.0831683168315,1780.1980198019803,1891.4603960396041,1531.817821782178,,,,,2271.245261669024,362.75465364874464,2138.2229137199433,361.9213945336784,1990.5297029702967,346.28504506592014,1999.9902758132957,356.8207008781423,1912.7027227722772,328.5395273669117,1854.904761904762,324.01696590392896,1854.904761904762,324.01696590392896,1854.904761904762,324.01696590392896,1854.904761904762,324.01696590392896,0.5866666666666667,1089.6316831683168,0.6554104560622913,1166.7603960396038,,,1166.7603960396038,,,2021-12-31
2022,1,1,0,5,0,1864.0841584158416,2946.958415841584,2600.257425742574,2179.2633663366337,2055.441584158416,1857.3267326732673,1857.3267326732673,2470.433333333333,552.9872381676197,2291.8292079207918,402.67964982964196,2084.8964521452144,357.837535961018,-1082.8742574257426,6.757425742574242,-0.3674548821607645,0.0036382536382535413,0.49999999999999994,0.8660254037844387,1.0,6.123233995736766e-17,31,31,0,1,0,0,5,0.5086709438521044,0.8609610158889943,0.0,1.0,2946.958415841584,1981.148514851485,2307.7128712871286,1824.7029702970297,1846.9554455445545,1595.6435643564355,1565.3465346534654,,,,2254.5217821782176,380.6161562929241,2106.5351485148517,365.3449218128289,1991.8424092409243,345.7089125953977,2000.602015558699,356.5632079795365,1917.4963048090522,325.7760697777526,1858.4611621876472,322.4361033525481,1855.0127548048924,322.08405787040635,1855.0127548048924,322.08405787040635,1855.0127548048924,322.08405787040635,-0.05908913721413722,-117.0643564356435,0.02158224585582902,39.381188118811906,,,39.381188118811906,,,2022-01-31
2022,2,1,0,9,0,1690.1029702970297,1864.0841584158416,2946.958415841584,2600.257425742574,2179.2633663366337,1981.148514851485,1683.9762376237625,2167.048514851485,681.000700221078,2222.6846534653464,471.0046492201552,2085.40701320132,357.21733521968275,-173.98118811881182,6.12673267326727,-0.09333333333333327,0.0036382536382535413,0.8660254037844386,0.5000000000000001,1.0,6.123233995736766e-17,28,59,0,1,0,0,4,0.8498170915275278,0.5270777086423722,0.0,1.0,1864.0841584158416,2030.6772277227724,2615.407920792079,1891.4603960396041,1958.2178217821781,1702.019801980198,1419.2475247524753,,,,2205.868316831683,432.2622744356386,2040.441937765205,349.56101483661524,1985.1304950495048,349.657150395844,1991.026485148515,361.31209295905757,1917.2835042432816,325.9232394177771,1861.6856317774634,319.33026447437527,1853.0951991710797,320.6772759501462,1853.0951991710797,320.6772759501462,1853.0951991710797,320.6772759501462,-0.1677146189341312,-340.57425742574264,-0.106456062291435,-201.35742574257438,,,-201.35742574257438,,,2022-02-28
2022,3,1,3,13,0,1938.6475247524752,1690.1029702970297,1864.0841584158416,2946.958415841584,2600.257425742574,2030.6772277227724,1931.619801980198,1830.9448844884485,127.5431593410244,2203.2189768976896,481.59324513656486,2085.9926567656767,356.9479457555205,248.54455445544545,7.0277227722772295,0.1470588235294117,0.0036382536382535413,1.0,6.123233995736766e-17,1.0,6.123233995736766e-17,31,90,0,1,0,1,5,0.9997685019798909,0.021516097436222254,0.43388373911755823,-0.900968867902419,1690.1029702970297,2104.970297029703,1857.3267326732673,1846.9554455445545,2336.5099009900987,1744.570297029703,1627.960396039604,,,,2182.107920792079,443.16638895216215,2046.2505657708627,346.9500409803302,1988.186897689769,348.8074083845416,1976.8171145685997,354.9900865034753,1920.7491690240452,325.0840912861896,1865.384288071664,318.38840038383705,1854.0785592352338,318.93933725693046,1854.0785592352338,318.93933725693046,1854.0785592352338,318.93933725693046,-0.07901430842607315,-166.32277227722784,0.04964498706729015,91.69207920792064,,,91.69207920792064,,,2022-03-31
2022,4,2,5,17,1,1789.5207920792077,1938.6475247524752,1690.1029702970297,1864.0841584158416,2946.958415841584,2104.970297029703,1783.0336633663364,1806.0904290429037,125.09801572844928,2138.261881188119,510.86515636759907,2086.5332508250826,356.4519735259298,-149.1267326732675,6.487128712871254,-0.07692307692307698,0.0036382536382535413,0.8660254037844387,-0.49999999999999983,1.2246467991473532e-16,-1.0,30,120,0,1,0,0,5,0.8800122039735357,-0.47495107206704995,-0.9749279121818236,-0.2225209339563146,1938.6475247524752,2055.441584158416,1683.9762376237625,1958.2178217821781,2648.0445544554455,1808.3960396039606,1502.7326732673266,,,,2144.1192362093348,466.6113660356493,2053.7894625176805,339.54019820230565,1982.5636633663366,350.66208752794824,1946.155551626591,331.142518098958,1920.4121110325318,325.21246066861056,1868.7984323432345,315.9813045542186,1853.3449482448245,317.1757230440922,1853.3449482448245,317.1757230440922,1853.3449482448245,317.1757230440922,-0.1293740450366958,-265.92079207920824,-0.08614824552533129,-168.69702970297044,,,-168.69702970297044,,,2022-04-30
2022,5,2,1,22,0,1864.0841584158416,1789.5207920792077,1938.6475247524752,1690.1029702970297,1864.0841584158416,2055.441584158416,1857.3267326732673,1864.0841584158413,74.56336633663334,2015.5663366336632,463.96646441478833,2087.0963696369636,356.06208208077896,74.56336633663386,6.757425742574242,0.04166666666666674,0.0036382536382535413,0.49999999999999994,-0.8660254037844387,1.2246467991473532e-16,-1.0,31,151,0,1,0,0,5,0.5160623910158528,-0.8565509959010036,0.7818314824680298,0.6234898018587336,1789.5207920792077,2179.2633663366337,1931.619801980198,2336.5099009900987,1648.3663366336632,1765.8455445544555,1565.3465346534654,,,,2099.0936350777934,477.72907299248163,2048.9654879773693,341.88110695001774,1966.816138613861,344.7774398144251,1953.8597595473832,326.43360614571714,1922.1663719943422,324.6279725298209,1872.3548326261198,314.2009195323662,1853.465613527645,315.37049375025265,1853.465613527645,315.37049375025265,1853.465613527645,315.37049375025265,-0.1446264883764884,-315.1792079207921,-0.20219291276020968,-472.42574257425713,,,-472.42574257425713,,,2022-05-31
2022,6,2,3,26,0,1988.3564356435643,1864.0841584158416,1789.5207920792077,1938.6475247524752,1690.1029702970297,2179.2633663366337,1981.148514851485,1880.6537953795375,100.44808579432684,1855.7993399339932,106.22675237607375,2087.69702970297,355.8731344906101,124.27227722772273,7.207920792079221,0.06666666666666665,0.0036382536382535413,1.2246467991473532e-16,-1.0,1.2246467991473532e-16,-1.0,30,181,0,1,0,1,5,0.02581844022713308,-0.9996666485105112,0.43388373911755823,-0.900968867902419,1864.0841584158416,2600.257425742574,1783.0336633663364,2648.0445544554455,1494.5188118811882,1872.2217821782176,1669.7029702970297,,,,2011.679207920792,423.6663409713419,2063.6314002828854,333.9066501138291,1944.8265346534652,319.97621444579266,1971.4968175388967,313.79259195190406,1924.2402050919377,324.674058900785,1876.1483262611978,313.64786995195914,1854.964400440044,313.91592687867694,1854.964400440044,313.91592687867694,1854.964400440044,313.91592687867694,-0.2353232353232353,-611.9009900990097,-0.24912274142137392,-659.6881188118812,,,-659.6881188118812,,,2022-06-30
2022,7,3,6,30,1,2038.0653465346536,1988.3564356435643,1864.0841584158416,1789.5207920792077,1938.6475247524752,2600.257425742574,2030.6772277227724,1963.5019801980195,89.61401353264665,1884.796204620462,130.0215094335094,2088.312706270627,355.7718962581755,49.70891089108932,7.388118811881213,0.025000000000000133,0.0036382536382535413,-0.4999999999999998,-0.8660254037844388,-1.0,-1.8369701987210297e-16,31,212,0,1,0,0,5,-0.4862727071086902,-0.8738071036110807,-0.7818314824680299,0.6234898018587334,1988.3564356435643,2946.958415841584,1857.3267326732673,1648.3663366336632,1714.3009900990098,2233.90099009901,1711.4455445544554,1565.3465346534654,,,1881.8373408769446,118.95073862195571,2076.5413012729846,328.7711563815279,1957.816501650165,315.40347483897796,1983.059830268741,309.9052623846805,1920.7431400282887,322.3242286280583,1880.0366572371522,313.6059989565448,1860.216831683168,312.9689315700724,1856.9764987487758,312.75661736560113,1856.9764987487758,312.75661736560113,-0.3084173378291025,-908.8930693069306,0.2364152926690095,389.6990099009904,,,389.6990099009904,472.71881188118823,,2022-07-31
2022,8,3,2,35,0,2112.6287128712875,2038.0653465346536,1988.3564356435643,1864.0841584158416,1789.5207920792077,2946.958415841584,2104.970297029703,2046.3501650165015,62.54900786422697,1955.2171617161719,117.28213309087585,2088.950907590759,355.8113607816934,74.56336633663386,7.658415841584429,0.03658536585365857,0.0036382536382537634,-0.8660254037844384,-0.5000000000000004,-1.0,-1.8369701987210297e-16,31,243,0,1,0,0,5,-0.8631421280499115,-0.5049610547215202,0.9749279121818236,-0.22252093395631434,2038.0653465346536,1864.0841584158416,1981.148514851485,1494.5188118811882,1582.4316831683168,2531.7544554455444,1774.0594059405942,1419.2475247524753,,,1917.3437057991512,146.64028412062433,2085.9327439886847,327.7128059417114,1978.4201650165016,304.0807486535305,2001.9954384724188,300.57721720142496,1913.2587517680338,312.5978626561919,1884.0672442244222,314.40222928668175,1867.9210671067108,310.51653225633567,1859.755327163151,312.1733597423375,1859.755327163151,312.1733597423375,0.13333333333333353,248.5445544554459,0.41358455716731246,618.1099009900993,,,618.1099009900993,693.3811881188121,,2022-08-31
2022,9,3,4,39,0,2062.919801980198,2112.6287128712875,2038.0653465346536,1988.3564356435643,1864.0841584158416,1864.0841584158416,2055.441584158416,2071.204620462046,37.96580781204205,1975.9292079207924,124.52057373347513,2089.574092409241,355.75387974184457,-49.708910891089545,7.478217821781982,-0.023529411764706132,0.0036382536382535413,-1.0,-1.8369701987210297e-16,-1.0,-1.8369701987210297e-16,30,273,0,1,0,1,5,-0.9999166586547379,-0.012910296075008843,-0.433883739117558,-0.9009688679024191,2112.6287128712875,1690.1029702970297,2030.6772277227724,1714.3009900990098,1648.3663366336632,1646.4356435643563,1732.3168316831684,1627.960396039604,,,1970.6032531824615,114.54128059154606,2088.235785007072,327.40777312884825,1990.040792079208,300.2767706195255,2016.800919377652,292.6178450484191,1920.6959688826025,311.0850419043668,1888.0029938708155,314.54894282651367,1872.7539493949391,310.12442720234253,1861.9398914084954,311.1860685601803,1861.9398914084954,311.1860685601803,0.22058823529411753,372.8168316831682,0.20335916148601973,348.6188118811881,,,348.6188118811881,434.959405940594,,2022-09-30
2022,10,4,0,44,0,2187.192079207921,2062.919801980198,2112.6287128712875,2038.0653465346536,1988.3564356435643,1690.1029702970297,2179.2633663366337,2120.913531353135,62.549007864227505,2042.2077557755777,110.50221198514282,2090.234818481848,355.94291156752183,124.27227722772295,7.928712871287189,0.06024096385542177,0.0036382536382537634,-0.8660254037844386,0.5000000000000001,-2.4492935982947064e-16,1.0,31,304,0,1,0,0,5,-0.867456354729597,0.4975132889071803,0.0,1.0,2062.919801980198,1938.6475247524752,2104.970297029703,1582.4316831683168,1758.2574257425742,1492.7683168316833,1836.6732673267325,1502.7326732673266,,,2006.1096181046676,138.91416239713246,2094.108769448373,328.4667722089016,2010.1994719471948,292.1590440370014,2032.1200141442714,289.7954582717511,1933.0963932107495,307.5371857316826,1892.1758368694016,316.18057245343994,1880.3590539053907,309.33995477708555,1865.4000210659365,311.32126240202217,1865.4000210659365,311.32126240202217,0.1282051282051282,248.54455445544568,0.3821715670080388,604.7603960396041,,,604.7603960396041,684.4594059405943,,2022-10-31
2022,11,4,2,48,0,2609.717821782178,2187.192079207921,2062.919801980198,2112.6287128712875,2038.0653465346536,1938.6475247524752,2600.257425742574,2286.6099009900986,286.6355631821997,2166.4800330033004,227.47824512524517,2091.0231848184817,357.1835524806849,422.52574257425704,9.460396039603893,0.1931818181818179,0.0036382536382535413,-0.5000000000000004,0.8660254037844384,-2.4492935982947064e-16,1.0,30,334,0,1,0,0,5,-0.5086709438521042,0.8609610158889945,0.9749279121818236,-0.22252093395631434,2187.192079207921,1789.5207920792077,2055.441584158416,1648.3663366336632,1802.2138613861387,1712.2930693069306,2191.4851485148515,1565.3465346534654,,,2123.2806223479492,237.03435103624113,2133.699929278642,355.72121433956386,2042.2445214521451,303.60152999311356,2060.959441301273,305.8063077862668,1949.1218352192361,318.99080792838714,1897.154797265441,324.1433731401897,1891.9631793179317,316.8867126091487,1873.234945284002,318.93812609928574,1873.234945284002,318.93812609928574,0.45833333333333326,820.1970297029702,0.5832147040273898,961.3514851485147,,,961.3514851485147,1044.3712871287125,,2022-11-30
2022,12,4,5,52,1,2957.680198019802,2609.717821782178,2187.192079207921,2062.919801980198,2112.6287128712875,1789.5207920792077,2946.958415841584,2584.863366336633,385.8449083170456,2328.03399339934,373.2032562811318,2091.9166666666665,359.525023897901,347.9623762376241,10.721782178217836,0.13333333333333353,0.0036382536382535413,-2.4492935982947064e-16,1.0,-2.4492935982947064e-16,1.0,31,365,0,1,0,1,5,6.432490598706546e-16,1.0,-0.9749279121818236,-0.2225209339563146,2609.717821782178,1864.0841584158416,2179.2633663366337,1758.2574257425742,1868.1485148514853,1580.5782178217821,2483.6831683168316,1669.7029702970297,,,2279.5086280056576,364.0744470871759,2189.3011315417257,418.6585826808681,2082.2252805280527,341.5210780552901,2099.871287128713,346.91811479679234,1973.7129420084864,342.2926330774485,1902.797619047619,338.29381971464267,1906.2740374037405,335.2854040330324,1884.53125,336.00743946107,1884.53125,336.00743946107,0.5866666666666667,1093.5960396039604,0.6821656230291018,1199.4227722772278,,,1199.4227722772278,1287.9772277227723,,2022-12-31
2023,1,1,1,5,0,1866.9059405940593,2957.680198019802,2609.717821782178,2187.192079207921,2062.919801980198,1864.0841584158416,1864.0841584158416,2478.101320132013,557.170797687425,2299.5074257425745,404.98840157219246,2092.1518151815185,359.3633489672611,-1090.7742574257427,2.8217821782177452,-0.36879384666267423,0.0015137632952235691,0.49999999999999994,0.8660254037844387,1.0,6.123233995736766e-17,31,31,0,1,0,0,5,0.5086709438521044,0.8609610158889943,0.7818314824680298,0.6234898018587336,2957.680198019802,1988.3564356435643,2600.257425742574,1802.2138613861387,1824.1920792079209,1646.4356435643563,1588.1435643564355,1711.4455445544554,,,2262.1585572843,382.6803326526297,2136.918882602546,409.05276116606035,2084.3816831683166,339.8924412554306,2101.396782178218,345.7529348754373,1977.6499115983024,339.7181421780413,1906.1162187647337,336.5326518762755,1908.0013751375136,334.6702899507359,1884.3495457793204,334.25761006967434,1884.3495457793204,334.25761006967434,-0.06108084691072779,-121.45049504950498,0.03589589481803457,64.69207920792064,,,64.69207920792064,155.4603960396039,,2023-01-31
2023,2,1,1,9,0,1692.661386138614,1866.9059405940593,2957.680198019802,2609.717821782178,2187.192079207921,1988.3564356435643,1690.1029702970297,2172.415841584158,685.616783127104,2229.5128712871287,474.1352261914487,2092.36501650165,359.103804460356,-174.24455445544527,2.558415841584292,-0.09333333333333316,0.0015137632952237912,0.8660254037844386,0.5000000000000001,1.0,6.123233995736766e-17,28,59,0,1,0,0,4,0.8498170915275278,0.5270777086423722,0.7818314824680298,0.6234898018587336,1866.9059405940593,2038.0653465346536,2946.958415841584,1868.1485148514853,1934.0831683168315,1756.1980198019803,1439.9168316831683,1774.0594059405942,,,2212.81513437058,435.0730339340974,2047.3262376237624,351.2657319447307,2078.532112211221,345.2106184020353,2092.7745756718527,353.01383214194607,1976.5153288543138,340.5762047569289,1909.125082508251,333.4298098637031,1907.0969526952695,335.1459736701692,1882.3935441503334,333.093463828407,1882.3935441503334,333.093463828407,-0.16947639141371695,-345.40396039603957,-0.09393639066582571,-175.48712871287125,,,-175.48712871287125,-81.39801980198013,,2023-02-28
2023,3,1,4,13,0,1941.5821782178218,1692.661386138614,1866.9059405940593,2957.680198019802,2609.717821782178,2038.0653465346536,1938.6475247524752,1833.7165016501647,127.73622949419092,2209.2899339933997,485.12227194628605,2092.609570957096,358.99058553439517,248.92079207920779,2.934653465346628,0.1470588235294117,0.0015137632952237912,1.0,6.123233995736766e-17,1.0,6.123233995736766e-17,31,90,0,1,0,1,5,0.9997685019798909,0.021516097436222254,-0.433883739117558,-0.9009688679024191,1692.661386138614,2112.6287128712875,1864.0841584158416,1824.1920792079209,2307.7128712871286,1800.1029702970297,1651.669306930693,1732.3168316831684,,,2188.3799151343705,446.29618472796,2052.861810466761,348.757590298,2082.445115511551,342.8857176084394,2079.698479490806,351.5352457659238,1979.0417432814709,339.76756461960235,1912.57642621405,332.23106272913753,1909.4221232123214,334.64530726209654,1882.9914091409141,331.44303701768496,1882.9914091409141,331.44303701768496,-0.08096384074085372,-171.04653465346564,0.06435183024195168,117.39009900990095,,,117.39009900990095,209.26534653465342,,2023-03-31
2023,4,2,6,17,1,1792.2297029702968,1941.5821782178218,1692.661386138614,1866.9059405940593,2957.680198019802,2112.6287128712875,1789.5207920792077,1808.824422442244,125.28738451296361,2143.4628712871286,514.6202098051227,2092.835313531353,358.78346105835914,-149.35247524752504,2.70891089108909,-0.0769230769230771,0.0015137632952235691,0.8660254037844387,-0.49999999999999983,1.2246467991473532e-16,-1.0,30,120,0,1,0,0,5,0.8800122039735357,-0.47495107206704995,-0.7818314824680299,0.6234898018587334,1941.5821782178218,2062.919801980198,1690.1029702970297,1934.0831683168315,2615.407920792079,1865.9603960396041,1524.617821782178,1836.6732673267325,,,2149.709900990099,470.0724886766501,2060.1565770862803,341.58051950087884,2077.7166666666662,345.966453242293,2050.2992574257423,339.28206751872835,1977.7251237623764,340.3560745149115,1915.76228194248,329.7397594287552,1908.928305830583,334.7866264827488,1882.0837920792078,329.88971244931935,1882.0837920792078,329.88971244931935,-0.1312169764186012,-270.69009900990113,-0.07334403590823091,-141.85346534653468,,,-141.85346534653468,-44.44356435643567,,2023-04-30
2023,5,2,2,22,0,1866.9059405940593,1792.2297029702968,1941.5821782178218,1692.661386138614,1866.9059405940593,2062.919801980198,1864.0841584158416,1866.9059405940588,74.67623762376064,2019.6608910891089,467.18267881993813,2093.0704620462043,358.6207946957642,74.67623762376252,2.8217821782177452,0.04166666666666674,0.0015137632952235691,0.49999999999999994,-0.8660254037844387,1.2246467991473532e-16,-1.0,31,151,0,1,0,0,5,0.5160623910158528,-0.8565509959010036,0.9749279121818236,-0.22252093395631434,1792.2297029702968,2187.192079207921,1938.6475247524752,2307.7128712871286,1857.3267326732673,1822.0554455445545,1588.1435643564355,2191.4851485148515,,,2103.954738330976,481.27041768392337,2055.0321782178216,344.0726659772814,2063.023102310231,345.2214031895673,2050.641371994342,339.0850495484673,1978.5260254596888,340.0357222426662,1919.0808816595943,327.7998482017293,1905.3218701870187,333.45421539384023,1881.9335163219291,328.23959392373956,1881.9335163219291,328.23959392373956,-0.14643713355520716,-320.28613861386157,-0.19101463452305867,-440.80693069306926,,,-440.80693069306926,-324.5792079207922,,2023-05-31
2023,6,2,4,26,0,1991.3663366336634,1866.9059405940593,1792.2297029702968,1941.5821782178218,1692.661386138614,2187.192079207921,1988.3564356435643,1883.5006600660063,100.6001404196767,1858.6085808580858,106.38755453478804,2093.321287128713,358.5419418995685,124.46039603960412,3.0099009900991405,0.06666666666666665,0.0015137632952237912,1.2246467991473532e-16,-1.0,1.2246467991473532e-16,-1.0,30,181,0,1,0,1,5,0.02581844022713308,-0.9996666485105112,-0.433883739117558,-0.9009688679024191,1866.9059405940593,2609.717821782178,1789.5207920792077,2615.407920792079,1683.9762376237625,1931.817821782178,1694.019801980198,2483.6831683168316,,,2015.618811881188,426.6115504625647,2069.4497171145686,336.23079531898713,2042.2217161716171,329.2196349888946,2061.6195898161245,331.6691639173188,1979.5893917963224,339.98010576754785,1922.62072135785,326.9445551586786,1899.8516831683166,327.8508724925793,1883.0063871092989,326.7902896870361,1883.0063871092989,326.7902896870361,-0.23694189463221038,-618.3514851485145,-0.23860200896287875,-624.0415841584156,,,-624.0415841584156,-492.3168316831682,,2023-06-30
2023,7,3,0,31,0,2041.150495049505,1991.3663366336634,1866.9059405940593,1792.2297029702968,1941.5821782178218,2609.717821782178,2038.0653465346536,1966.4742574257423,89.7496679370684,1887.6493399339934,130.21833122207678,2093.5783828382837,358.49982179646133,49.7841584158416,3.0851485148514257,0.02499999999999991,0.0015137632952235691,-0.4999999999999998,-0.8660254037844388,-1.0,-1.8369701987210297e-16,31,212,0,1,0,0,5,-0.4862727071086902,-0.8738071036110807,0.0,1.0,1991.3663366336634,2957.680198019802,1864.0841584158416,1857.3267326732673,1931.619801980198,2305.0099009900987,1736.3702970297031,1588.1435643564355,,,1884.6859971711456,119.13080188402215,2082.0973125884016,331.20424679586057,2048.349174917492,327.36513905970264,2065.5314002828854,330.7236902902907,1974.8776166902403,337.2051976554985,1926.249057048562,326.54363423803613,1904.8850935093508,326.4861363268803,1884.541766798039,325.5575607132672,1884.541766798039,325.5575607132672,-0.30988127235119034,-916.529702970297,0.09897222666453431,183.8237623762377,,,183.8237623762377,453.00693069306953,,2023-07-31
2023,8,3,3,35,0,2115.8267326732675,2041.150495049505,1991.3663366336634,1866.9059405940593,1792.2297029702968,2957.680198019802,2112.6287128712875,2049.4478547854783,62.64369225648146,1958.1768976897692,117.45967047913192,2093.8448844884488,358.5164591413164,74.67623762376252,3.198019801980081,0.03658536585365857,0.0015137632952235691,-0.8660254037844384,-0.5000000000000004,-1.0,-1.8369701987210297e-16,31,243,0,1,0,0,5,-0.8631421280499115,-0.5049610547215202,0.43388373911755823,-0.900968867902419,2041.150495049505,1866.9059405940593,1988.3564356435643,1683.9762376237625,1783.0336633663364,2612.344554455445,1799.8960396039606,1439.9168316831683,,,1920.2461103253186,146.8622628003278,2091.202333804809,330.1795539787557,2062.744191419142,320.20678567848756,2077.4168670438476,326.14354654632035,1966.0112270155587,326.4966720974187,1930.0101367279585,326.8900225816165,1912.3952035203522,323.42998973135843,1886.7656607006854,324.7661797676045,1886.7656607006854,324.7661797676045,0.13333333333333353,248.92079207920824,0.2564469054853671,431.85049504950507,,,431.85049504950507,675.9099009900992,,2023-08-31
2023,9,3,5,39,1,2066.0425742574257,2115.8267326732675,2041.150495049505,1991.3663366336634,1866.9059405940593,1866.9059405940593,2062.919801980198,2074.339933993399,38.02327905837648,1978.9202970297029,124.70906840749092,2094.105115511551,358.49310394170186,-49.78415841584183,3.1227722772277957,-0.02352941176470602,0.0015137632952237912,-1.0,-1.8369701987210297e-16,-1.0,-1.8369701987210297e-16,30,273,0,1,0,1,5,-0.9999166586547379,-0.012910296075008843,-0.9749279121818236,-0.2225209339563146,2115.8267326732675,1692.661386138614,2038.0653465346536,1931.619801980198,1857.3267326732673,1668.9356435643563,1757.5455445544555,1651.669306930693,,,1973.5862800565772,114.71466897789405,2093.2007072135784,329.91777033648054,2067.2249504950496,319.24772242908796,2084.8710042432817,323.2997382617531,1973.1024222065064,324.231697019805,1933.6827204148985,326.66194192365907,1916.9993509350934,322.6251341710877,1888.4730598774163,323.6742260764962,1888.4730598774163,323.6742260764962,0.22058823529411753,373.3811881188117,0.06959069902856885,134.42277227722775,,,134.42277227722775,414.37326732673273,,2023-09-30
2023,10,4,1,44,0,2190.5029702970296,2066.0425742574257,2115.8267326732675,2041.150495049505,1991.3663366336634,1692.661386138614,2187.192079207921,2124.1240924092403,62.64369225648217,2045.2991749174917,110.66948617768487,2094.3810231023103,358.57252485735506,124.46039603960389,3.310891089108736,0.06024096385542155,0.0015137632952235691,-0.8660254037844386,0.5000000000000001,-2.4492935982947064e-16,1.0,31,304,0,1,0,0,5,-0.867456354729597,0.4975132889071803,0.7818314824680298,0.6234898018587336,2066.0425742574257,1941.5821782178218,2112.6287128712875,1783.0336633663364,1981.148514851485,1513.1683168316833,1863.4217821782177,1524.617821782178,,,2009.1463932107495,139.12444555735638,2098.76315417256,330.925470224183,2080.8072607260724,315.3844150238809,2092.3479490806226,323.23296759888547,1985.1976838755304,319.3593505052037,1937.5765440829796,327.7618967880592,1924.3980748074807,321.1575838432373,1891.3223986549597,323.46225160462575,1891.3223986549597,323.46225160462575,0.1282051282051282,248.92079207920779,0.2285258631412479,407.46930693069316,,,407.46930693069316,665.8851485148516,,2023-10-31
2023,11,4,3,48,0,2613.668316831683,2190.5029702970296,2066.0425742574257,2115.8267326732675,2041.150495049505,1941.5821782178218,2609.717821782178,2290.0712871287124,287.0694615768503,2169.7595709570955,227.82259334317718,2094.7102310231026,359.09011128244975,423.1653465346535,3.950495049505207,0.19318181818181812,0.0015137632952237912,-0.5000000000000004,0.8660254037844384,-2.4492935982947064e-16,1.0,30,334,0,1,0,0,5,-0.5086709438521042,0.8609610158889945,0.43388373911755823,-0.900968867902419,2190.5029702970296,1792.2297029702968,2062.919801980198,1857.3267326732673,2030.6772277227724,1735.6930693069307,2223.40099009901,1588.1435643564355,,,2126.494766619519,237.39316493654707,2138.102333804809,357.9673658137172,2106.0186468646866,326.9230367576795,2113.1690594059405,337.5719957463893,2000.8758132956152,328.31330617871055,1942.2225836869402,334.5578584792571,1935.7927942794279,327.228677207112,1898.073295086518,329.4195739651202,1898.073295086518,329.4195739651202,0.4583333333333335,821.4386138613863,0.40722053414361103,756.3415841584158,,,756.3415841584158,1025.5247524752476,,2023-11-30
2023,12,4,6,52,1,2962.157425742574,2613.668316831683,2190.5029702970296,2066.0425742574257,2115.8267326732675,1792.2297029702968,2957.680198019802,2588.776237623762,386.42898617690514,2331.558085808581,373.7681976721481,2095.0833333333335,360.06925968279205,348.489108910891,4.477227722772113,0.1333333333333333,0.0015137632952235691,-2.4492935982947064e-16,1.0,-2.4492935982947064e-16,1.0,31,365,0,1,0,1,5,6.432490598706546e-16,1.0,-0.7818314824680299,0.6234898018587334,2613.668316831683,1866.9059405940593,2187.192079207921,1981.148514851485,2104.970297029703,1602.178217821782,2519.8544554455443,1694.019801980198,,,2282.9592644978784,364.62556962190513,2193.457001414427,420.58451058912044,2138.7189438943897,361.2613564843102,2143.7828854314002,373.7325871712421,2025.161156294201,347.9943701223412,1947.4880952380952,347.0075740813837,1949.8832123212321,343.59464010805493,1907.9259259259259,343.49250919469625,1907.9259259259259,343.49250919469625,0.5866666666666667,1095.2514851485148,0.49517181752758677,981.008910891089,,,981.008910891089,1268.137623762376,,2023-12-31
2024,1,1,2,5,0,1918.5148514851485,2962.157425742574,2613.668316831683,2190.5029702970296,2066.0425742574257,1866.9059405940593,1866.9059405940593,2498.1135313531345,531.3305346353736,2311.1188118811883,395.5439012532558,2099.3840759075906,357.3943758826773,-1043.6425742574256,51.60891089108918,-0.35232515503317585,0.0276440873473609,0.49999999999999994,0.8660254037844387,1.0,6.123233995736766e-17,31,31,0,1,0,0,5,0.5086709438521044,0.8609610158889943,0.9749279121818236,-0.22252093395631434,2962.157425742574,1991.3663366336634,2609.717821782178,2030.6772277227724,2055.441584158416,1668.9356435643563,1595.6435643564355,1736.3702970297031,,,2272.551909476662,375.22125460821934,2144.085360678925,408.3533149338519,2134.9801980198017,362.99428827256423,2138.8926449787837,375.82133059081724,2029.617927864215,344.9339591842297,1951.3318010372466,344.8447728265473,1951.9070407040706,342.85852566072225,1908.023072031974,341.90007218739476,1908.023072031974,341.90007218739476,-0.03658366811184921,-72.85148514851494,-0.055233975496639776,-112.1623762376239,,,-112.1623762376239,182.14455445544536,,2024-01-31
2024,2,1,3,9,0,1739.4534653465348,1918.5148514851485,2962.157425742574,2613.668316831683,2190.5029702970296,1991.3663366336634,1692.661386138614,2206.708580858085,660.3354927076472,2248.389933993399,457.6740518303594,2103.283415841584,352.7788875950933,-179.06138613861367,46.79207920792078,-0.09333333333333327,0.0276440873473609,0.8660254037844386,0.5000000000000001,1.0,6.123233995736766e-17,29,60,0,1,0,0,5,0.8587639582758029,0.5123714121284237,0.43388373911755823,-0.900968867902419,1918.5148514851485,2041.150495049505,2957.680198019802,2104.970297029703,2179.2633663366337,1780.1980198019803,1446.7168316831685,1799.8960396039606,,,2229.4523338048093,420.7909738480643,2057.0691654879774,346.80592487203063,2122.796303630363,370.1010174246291,2123.1851485148513,383.19024908571924,2028.8903465346536,345.51212242149217,1954.8167609618104,341.14306658755044,1951.2354565456544,343.21863494062615,1906.4906210621061,340.70742107730814,1906.4906210621061,340.70742107730814,-0.14780734219974945,-301.6970297029702,-0.1736446505677275,-365.5168316831682,,,-365.5168316831682,-60.442574257425804,,2024-02-29
2024,3,1,6,13,1,1995.2554455445545,1739.4534653465348,1918.5148514851485,2962.157425742574,2613.668316831683,2041.150495049505,1941.5821782178218,1884.4079207920788,131.26738097974913,2236.592079207921,464.1807970970869,2107.7561881188117,350.8774796105613,255.8019801980197,53.673267326732685,0.1470588235294117,0.0276440873473609,1.0,6.123233995736766e-17,1.0,6.123233995736766e-17,31,91,0,1,0,1,5,0.9999907397361901,0.004303538296244289,-0.7818314824680299,0.6234898018587334,1739.4534653465348,2115.8267326732675,1866.9059405940593,2055.441584158416,2600.257425742574,1824.7029702970297,1659.4693069306932,1757.5455445544555,,,2212.227864214993,428.612274439604,2066.2369872701556,343.06858950075093,2120.790099009901,370.64144753993105,2101.5779349363506,372.1924210151105,2031.9359264497878,344.4295378914888,1958.8142149929276,339.6044120553225,1953.8766776677667,342.6254863203691,1907.2903041655516,339.2598468999624,1907.2903041655516,339.2598468999624,-0.05698542572830423,-120.57128712871304,-0.029281366630764194,-60.18613861386143,,,-60.18613861386143,237.70990099009896,,2024-03-31
2024,4,2,1,18,0,1841.7742574257425,1995.2554455445545,1739.4534653465348,1918.5148514851485,2962.157425742574,2115.8267326732675,1792.2297029702968,1858.8277227722767,128.75083991396048,2178.470627062706,492.0990447477516,2111.884900990099,347.0983528498426,-153.48118811881204,49.54455445544568,-0.07692307692307698,0.0276440873473609,0.8660254037844387,-0.49999999999999983,1.2246467991473532e-16,-1.0,30,121,0,1,0,0,5,0.8717063187093218,-0.49002866642905923,0.7818314824680298,0.6234898018587336,1995.2554455445545,2066.0425742574257,1692.661386138614,2179.2633663366337,2946.958415841584,1891.4603960396041,1531.817821782178,1863.4217821782177,,,2180.189533239038,449.2459319093969,2076.8879066478075,332.737519616221,2109.5404620462045,373.9127449068267,2062.107072135785,336.06886276893226,2031.0486739745404,344.86170780448595,1962.5041725601131,336.579439965377,1953.6361496149614,342.69729137097227,1906.7053394625177,337.7849259334084,1906.7053394625177,337.7849259334084,-0.10854970736132552,-224.26831683168325,-0.15486384717153956,-337.4891089108912,,,-337.4891089108912,-21.647524752475192,,2024-04-30
2024,5,2,4,22,0,1918.5148514851485,1841.7742574257425,1995.2554455445545,1739.4534653465348,1918.5148514851485,2066.0425742574257,1866.9059405940593,1918.514851485148,76.74059405940149,2062.611716171617,449.09856421211293,2116.1856435643563,344.0937055816937,76.74059405940602,51.60891089108918,0.04166666666666674,0.0276440873473609,0.49999999999999994,-0.8660254037844387,1.2246467991473532e-16,-1.0,31,152,0,1,0,0,5,0.5012418134457758,-0.865307254363206,-0.433883739117558,-0.9009688679024191,1841.7742574257425,2190.5029702970296,1941.5821782178218,2600.257425742574,1864.0841584158416,1846.9554455445545,1595.6435643564355,2223.40099009901,,,2141.3340876944835,459.8424542838276,2075.240240452617,333.51527674452825,2086.815709570957,363.63617178523333,2064.051025459689,335.03683682833173,2032.3265205091936,344.2992875009622,1966.3478783592643,334.1744375862128,1950.248525852585,341.5055098433571,1906.8098484184702,336.27541150957325,1906.8098484184702,336.27541150957325,-0.1241669710107719,-271.9881188118811,-0.26218272372118523,-681.7425742574255,,,-681.7425742574255,-304.8861386138615,,2024-05-31
2024,6,2,6,26,1,2046.4158415841584,1918.5148514851485,1841.7742574257425,1995.2554455445545,1739.4534653465348,2190.5029702970296,1991.3663366336634,1935.5683168316828,103.38113948859308,1909.9881188118813,109.32854138502152,2120.773102310231,342.6422317789572,127.90099009900996,55.04950495049502,0.06666666666666665,0.0276440873473609,1.2246467991473532e-16,-1.0,1.2246467991473532e-16,-1.0,30,182,0,1,0,1,5,0.008606996888688698,-0.9999629591162655,-0.7818314824680299,0.6234898018587334,1918.5148514851485,2613.668316831683,1792.2297029702968,2946.958415841584,1690.1029702970297,1958.2178217821781,1702.019801980198,2519.8544554455443,,,2060.2980198019804,410.01472248044996,2093.3963932107495,323.69769336505624,2056.797623762376,325.3359434758554,2076.776485148515,326.9772345418084,2033.901485148515,344.15581742024295,1970.4478312116923,333.0029773437017,1944.9880968096809,336.23864463351015,1908.0344623936078,335.03939719601505,1908.0344623936078,335.03939719601505,-0.2170330763067726,-567.2524752475247,-0.30558373997288024,-900.5425742574257,,,-900.5425742574257,-473.4386138613859,,2024-06-30
2024,7,3,2,31,0,2097.5762376237626,2046.4158415841584,1918.5148514851485,1841.7742574257425,1995.2554455445545,2613.668316831683,2041.150495049505,2020.8356435643561,92.23071559691579,1939.8316831683169,133.81809814460874,2125.475247524753,341.83644439622344,51.160396039604166,56.42574257425758,0.025000000000000133,0.0276440873473609,-0.4999999999999998,-0.8660254037844388,-1.0,-1.8369701987210297e-16,31,213,0,1,0,0,5,-0.5012418134457756,-0.8653072543632061,0.9749279121818236,-0.22252093395631434,2046.4158415841584,2962.157425742574,1866.9059405940593,1864.0841584158416,1938.6475247524752,2336.5099009900987,1744.570297029703,1595.6435643564355,,,1936.7864214992928,122.42406417706289,2109.8728429985854,317.08546231799335,2064.5806930693066,323.3535450603573,2082.4525106082033,325.86818274077024,2029.6348125884017,341.8091076926422,1974.6502828854316,332.344882980645,1950.5651265126514,334.5374833609181,1909.6826517434354,334.03463447021517,1909.6826517434354,334.03463447021517,-0.29187550283627217,-864.5811881188115,0.12525833565709288,233.49207920792105,,,233.49207920792105,501.9326732673271,,2024-07-31
2024,8,3,5,35,1,2174.3168316831684,2097.5762376237626,2046.4158415841584,1918.5148514851485,1841.7742574257425,2962.157425742574,2115.8267326732675,2106.1029702970295,64.37541995697919,2012.3089108910892,120.70673586965033,2130.3494224422443,342.10325626559063,76.7405940594058,58.49009900990086,0.03658536585365857,0.0276440873473609,-0.8660254037844384,-0.5000000000000004,-1.0,-1.8369701987210297e-16,31,244,0,1,0,0,5,-0.8717063187093218,-0.4900286664290594,-0.9749279121818236,-0.2225209339563146,2097.5762376237626,1918.5148514851485,1991.3663366336634,1690.1029702970297,1789.5207920792077,2648.0445544554455,1808.3960396039606,1446.7168316831685,,,1973.3295615275815,150.92213602120947,2122.9407355021217,315.59223125838366,2080.7211551155115,316.0183843300749,2096.1952263083454,321.13651633293483,2021.175388967468,331.94565409294387,1979.0064827911362,332.53754741134935,1958.6495709570956,330.9975330269585,1911.9639808808467,333.48553390763647,1911.9639808808467,333.48553390763647,0.1333333333333333,255.80198019801992,0.2864996215591762,484.21386138613866,,,484.21386138613866,727.5999999999999,,2024-08-31
2024,9,3,0,40,0,2123.1564356435642,2174.3168316831684,2097.5762376237626,2046.4158415841584,1918.5148514851485,1918.5148514851485,2066.0425742574257,2131.6831683168316,39.07439790589694,2033.6257425742576,128.15653678755652,2135.108910891089,341.5240645048189,-51.160396039604166,57.113861386138524,-0.02352941176470602,0.0276440873473609,-1.0,-1.8369701987210297e-16,-1.0,-1.8369701987210297e-16,30,274,0,1,0,1,5,-0.9999907397361901,0.004303538296243821,0.0,1.0,2174.3168316831684,1739.4534653465348,2041.150495049505,1938.6475247524752,1864.0841584158416,1648.3663366336632,1765.8455445544555,1659.4693069306932,,,2028.1442715700143,117.8858513071408,2128.7983026874117,314.71720900675484,2086.871452145215,314.95166623081815,2105.447807637907,317.9173051667725,2029.653783592645,328.29375804636175,1983.2601838755304,332.0629753376196,1963.8016501650163,329.89525707063336,1913.7690445967673,332.6185320168688,1913.7690445967673,332.6185320168688,0.22058823529411753,383.7029702970294,0.09517403681447822,184.50891089108904,,,184.50891089108904,463.6871287128711,,2024-09-30
2024,10,4,3,44,0,2251.057425742574,2123.1564356435642,2174.3168316831684,2097.5762376237626,2046.4158415841584,1739.4534653465348,2190.5029702970296,2182.8435643564353,64.37541995698042,2101.8396039603963,113.72884312026918,2140.155115511551,342.8616921125042,127.90099009900996,60.55445544554459,0.06024096385542177,0.0276440873473609,-0.8660254037844386,0.5000000000000001,-2.4492935982947064e-16,1.0,31,305,0,1,0,0,5,-0.858763958275803,0.5123714121284235,0.43388373911755823,-0.900968867902419,2123.1564356435642,1995.2554455445545,2115.8267326732675,1789.5207920792077,1988.3564356435643,1494.5188118811882,1872.2217821782176,1531.817821782178,,,2064.687411598303,142.97041388249593,2138.457637906648,316.35943218608384,2102.2560066006604,311.17580645674366,2114.8299858557284,318.20999431097425,2043.1634016973126,321.365074855405,1987.7701320132012,333.10768064285827,1971.793201320132,328.0193607139842,1916.6274207081726,332.64633749825344,1916.6274207081726,332.64633749825344,0.1282051282051282,255.8019801980197,0.2579107410800836,461.5366336633665,,,461.5366336633665,719.2396039603962,,2024-10-31
2024,11,4,5,48,1,2685.920792079208,2251.057425742574,2123.1564356435642,2174.3168316831684,2097.5762376237626,1995.2554455445545,2613.668316831683,2353.3782178217816,295.00523484744065,2229.740594059406,234.12054101325808,2146.176155115512,352.43386561823183,434.8633663366336,72.25247524752467,0.19318181818181812,0.0276440873473609,-0.5000000000000004,0.8660254037844384,-2.4492935982947064e-16,1.0,30,335,0,1,0,0,5,-0.4937755501599774,0.8695893893466109,-0.9749279121818236,-0.2225209339563146,2251.057425742574,1841.7742574257425,2066.0425742574257,1864.0841584158416,2038.0653465346536,1714.3009900990098,2233.90099009901,1595.6435643564355,,,2185.279773691655,243.95568232371934,2182.7346534653466,347.30925928082866,2129.6505610561057,325.33833833473113,2137.9676803394623,335.50499420457885,2060.513755304102,329.4149567040354,1993.1513201320133,340.69634351533364,1983.907392739274,334.0488464037074,1923.092070887761,338.65772710720387,1923.092070887761,338.65772710720387,0.45833333333333326,844.1465346534653,0.4408795761462774,821.8366336633662,,,821.8366336633662,1090.2772277227723,,2024-11-30
2024,12,4,1,1,0,3044.0435643564356,2685.920792079208,2251.057425742574,2123.1564356435642,2174.3168316831684,1841.7742574257425,2962.157425742574,2660.3405940594057,397.1114628243321,2396.011881188119,384.10067837626207,2153.0,370.02304574856265,358.1227722772278,81.88613861386148,0.1333333333333333,0.0276440873473609,-2.4492935982947064e-16,1.0,-2.4492935982947064e-16,1.0,31,366,0,1,0,1,5,0.017213356155833904,0.9998518392091162,0.7818314824680298,0.6234898018587336,2685.920792079208,1918.5148514851485,2190.5029702970296,1988.3564356435643,2112.6287128712875,1582.4316831683168,2531.7544554455444,1702.019801980198,,,2346.0695898161243,374.70531071761485,2243.701838755304,416.7514575907369,2164.8401320132016,364.28992597342045,2171.2324964639324,376.56170274148633,2086.6139674681754,348.21366979887557,1999.25,354.7491691247134,1998.8187678767877,350.85457305398427,1932.4333333333334,352.41507436224265,1932.4333333333334,352.41507436224265,0.5866666666666667,1125.528712871287,0.5309345496554196,1055.6871287128713,,,1055.6871287128713,1342.0237623762375,,2024-12-31
2025,1,1,2,1,0,1914.579207920792,3044.0435643564356,2685.920792079208,2251.057425742574,2123.1564356435642,1918.5148514851485,1918.5148514851485,2548.1811881188114,577.1928464465072,2365.512376237624,418.2819437584714,2152.67202970297,370.251449777154,-1129.4643564356436,-3.9356435643564964,-0.3710407990414001,-0.0020514011456882475,0.49999999999999994,0.8660254037844387,1.0,6.123233995736766e-17,1,1,1,0,1,0,1,0.017213356155834685,0.9998518392091162,0.9749279121818236,-0.22252093395631434,3044.0435643564356,2046.4158415841584,2613.668316831683,2038.0653465346536,2062.919801980198,1648.3663366336632,1646.4356435643563,1744.570297029703,,,2327.235785007072,395.0386088079494,2193.7669024045263,410.8528322818517,2160.7239273927394,366.46295124807466,2165.9346181046676,379.1764326724208,2091.3677687411596,343.91254809083165,2002.4421852899575,352.7368719225999,2000.7077557755777,349.9267623420789,1932.2857785778579,350.947359623738,1932.2857785778579,350.947359623738,-0.06442318857408269,-131.83663366336646,-0.06058988188176917,-123.48613861386161,,,-123.48613861386161,170.00891089108904,,2025-01-01
2025,1,1,3,1,0,2009.278824656659,1914.579207920792,3044.0435643564356,2685.920792079208,2251.057425742574,2046.4158415841584,1739.4534653465348,2322.6338656446283,626.55085140719,2338.0060417332056,438.316310159484,2175.1574763121475,350.5440424017577,94.69961673586704,269.8253593101242,0.04946236559139772,0.15512076907235306,0.49999999999999994,0.8660254037844387,1.0,6.123233995736766e-17,2,2,0,0,0,0,1,0.03442161162274574,0.9994074007397048,0.43388373911755823,-0.900968867902419,1914.579207920792,2097.5762376237626,2962.157425742574,2112.6287128712875,2187.192079207921,1758.2574257425742,1492.7683168316833,1808.3960396039606,,,2314.6218688689146,404.8811264766702,2125.7041451841037,347.86789677774,2157.278931118918,367.4152106733016,2159.5805732992653,380.29605429923555,2095.8502937217686,341.11640574669855,2008.5911199069214,348.2181366190619,2002.9397867206073,349.32646367227215,1932.9168691194873,349.56366245030466,1932.9168691194873,349.56366245030466,-0.042094971988780316,-88.29741296710358,-0.048920043349294895,-103.34988821462844,,,-103.34988821462844,200.8827850526984,,2025-01-02
2025,1,1,4,1,0,2103.3716703928458,2009.278824656659,1914.579207920792,3044.0435643564356,2685.920792079208,2097.5762376237626,1995.2554455445545,2009.076567656765,94.39639374724409,2334.7085808580855,440.32570541525257,2184.1671617161714,346.8699979663908,94.09284573618675,108.11622484829127,0.046829163071613555,0.054186658199438575,0.49999999999999994,0.8660254037844387,1.0,6.123233995736766e-17,3,3,0,0,0,0,1,0.051619667223253764,0.998666816288476,-0.433883739117558,-0.9009688679024191,2009.278824656659,2174.3168316831684,1918.5148514851485,2062.919801980198,2609.717821782178,1802.2138613861387,1712.2930693069306,1765.8455445544555,,,2304.48684582744,409.8362419947408,2138.9082036775103,342.87107160524266,2158.6273267326733,367.1310945216054,2141.496782178218,369.9978298724055,2101.2281117397456,338.76880745229477,2013.246817538897,346.8204517928924,2006.690077007701,348.56344229938713,1934.3026805119537,348.4671806154021,1934.3026805119537,348.4671806154021,-0.03262871365227993,-70.94516129032263,0.01960903587905749,40.451868412647855,,,40.451868412647855,337.52612583839027,,2025-01-03
2025,1,1,5,1,1,2496.4292558288084,2103.3716703928458,2009.278824656659,1914.579207920792,3044.0435643564356,2174.3168316831684,1841.7742574257425,2203.0265836261037,258.41287109284707,2375.6038858724582,442.3923912941347,2238.721744916427,339.5273498575999,393.05758543596266,654.654998403066,0.18687024788279638,0.35544801202623,0.49999999999999994,0.8660254037844387,1.0,6.123233995736766e-17,4,4,0,0,0,0,1,0.06880242680231986,0.9976303053065857,-0.9749279121818236,-0.2225209339563146,2103.3716703928458,2123.1564356435642,1739.4534653465348,2187.192079207921,2957.680198019802,1868.1485148514853,1580.5782178217821,1872.2217821782176,,,2357.8115344253315,406.5814772210439,2192.977902997673,334.6197835478283,2168.9352326200365,372.26606108692005,2125.023534242825,341.4826080058871,2112.4474106857692,341.3035371522328,2024.1498060865993,347.4500046899941,2013.6257156038182,352.0504877589664,1938.835959345154,350.6999027268181,1938.835959345154,350.6999027268181,0.17581032368540428,373.2728201852442,0.1413854684097411,309.23717662088757,,,309.23717662088757,624.2074736505908,,2025-01-04
2025,1,1,6,1,1,2389.290833599489,2496.4292558288084,2103.3716703928458,2009.278824656659,1914.579207920792,2123.1564356435642,1918.5148514851485,2329.697253273714,203.1923041830583,2326.1655594591716,416.6007683439358,2277.9530767592887,326.0976514931095,-107.13842222931953,470.7759821143404,-0.0429166666666666,0.2453856334497,0.49999999999999994,0.8660254037844387,1.0,6.123233995736766e-17,5,5,0,0,0,0,1,0.08596479873744647,0.9962981749346078,-0.7818314824680299,0.6234898018587334,2496.4292558288084,2251.057425742574,1995.2554455445545,2609.717821782178,1866.9059405940593,1824.1920792079209,1646.4356435643563,2233.90099009901,,,2377.5591641191763,403.88028550583465,2221.12328785874,333.2785290385424,2161.58766634728,365.3777584603838,2143.6801375644477,341.1281185426328,2122.5384598713326,340.97972350684705,2032.9933202536843,347.1740563604272,2015.35226942049,353.5208841674462,1942.4395983391887,351.59897650933794,1942.4395983391887,351.59897650933794,0.06140821032644883,138.2334078569147,-0.08446391649812901,-220.426988182689,,,-220.426988182689,155.38984350047895,,2025-01-05
2025,1,1,0,2,0,1786.507186202491,2389.290833599489,2496.4292558288084,2103.3716703928458,2009.278824656659,2251.057425742574,2046.4158415841584,2224.0757585435954,382.71314584806345,2116.576163100181,275.71617306128536,2256.29402214415,350.5860882103901,-602.7836473969978,-259.90865538166736,-0.2522855898998694,-0.12700676475435635,0.49999999999999994,0.8660254037844387,1.0,6.123233995736766e-17,6,6,0,0,0,0,1,0.10310169744743485,0.9946708199115211,0.0,1.0,2389.290833599489,2685.920792079208,1841.7742574257425,2957.680198019802,1692.661386138614,1934.0831683168315,1756.1980198019803,2531.7544554455444,,,2249.0715061367887,431.5490913260656,2217.175639914222,338.4054017257924,2122.5485659533692,339.00090487939474,2147.031773281015,336.96832932528196,2119.903174476434,343.0268255211809,2033.3541436632142,346.8985537741598,2007.0717442066787,349.9997142673559,1941.202039512707,350.465178146316,1941.202039512707,350.465178146316,-0.3348622969557,-899.4136058767167,-0.39597689182266005,-1171.173011817311,,,-1171.173011817311,-745.2472692430533,,2025-01-06
2025,1,1,1,2,0,1879.9932609389969,1786.507186202491,2389.290833599489,2496.4292558288084,2103.3716703928458,2685.920792079208,2097.5762376237626,2018.597093580325,324.415317470453,2110.811838603215,281.0930008056514,2238.162107420419,364.8763662960164,93.48607473650577,-217.58297668476575,0.05232896652110619,-0.10373066436491218,0.49999999999999994,0.8660254037844387,1.0,6.123233995736766e-17,7,7,0,0,0,0,1,0.1202080448993527,0.9927487224577402,0.7818314824680298,0.6234898018587336,1786.507186202491,3044.0435643564356,1918.5148514851485,1866.9059405940593,1941.5821782178218,2307.7128712871286,1800.1029702970297,1646.4356435643563,,,2082.778605648583,267.10565506460586,2214.424097732354,341.16593112539493,2122.9848099648675,338.66884479391456,2144.8321690924854,338.55637113994663,2112.265324291646,343.53045630720766,2034.3052185518088,346.36045395846537,2009.6668288441747,348.1567295410785,1940.7200806263,349.11392545306023,1940.7200806263,349.11392545306023,-0.38240264267162005,-1164.0503034174387,0.007010165890185771,13.087320344937552,,,13.087320344937552,233.55761737464059,,2025-01-07
2025,1,1,2,2,0,1874.2289364420312,1879.9932609389969,1786.507186202491,2389.290833599489,2496.4292558288084,3044.0435643564356,2174.3168316831684,1846.9097945278393,52.3895331016002,2088.3035239007772,295.8679255340473,2213.154782816991,379.6348877293211,-5.764324496965628,-300.0878952411372,-0.0030661410424878133,-0.1380147965873193,0.49999999999999994,0.8660254037844387,1.0,6.123233995736766e-17,8,8,0,0,0,0,2,0.13727877211326478,0.9905324521322229,0.9749279121818236,-0.22252093395631434,1879.9932609389969,1914.579207920792,2046.4158415841584,1692.661386138614,1792.2297029702968,2615.407920792079,1865.9603960396041,1492.7683168316833,,,2077.0142811516175,271.73575426529703,2202.125033079345,350.6601180456431,2129.037061641648,332.2755062519697,2147.7607131450472,335.73626752220696,2099.0299852853946,338.02699426875307,2034.4036535566,346.31320597334775,2013.9052801731787,344.09152802493026,1940.2006185623602,347.7864047608061,1940.2006185623602,347.7864047608061,-0.02107526881720434,-40.35027147876076,0.10726749708494165,181.5675503034172,,,181.5675503034172,381.460619610348,,2025-01-08
2025,1,1,3,2,0,1966.804854679016,1874.2289364420312,1879.9932609389969,1786.507186202491,2389.290833599489,1914.579207920792,2123.1564356435642,1907.0090173533474,51.86485785513274,2065.542387948472,299.70505785655985,2200.1254844032787,385.64003010197695,92.57591823698476,-156.35158096454825,0.04939413560262684,-0.07364110262424228,0.49999999999999994,0.8660254037844387,1.0,6.123233995736766e-17,9,9,0,0,0,0,2,0.15430882066428117,0.9880226656636976,0.43388373911755823,-0.900968867902419,1874.2289364420312,2009.278824656659,2097.5762376237626,1941.5821782178218,1866.9059405940593,1857.3267326732673,1822.0554455445545,1712.2930693069306,,,2070.9465711548114,273.9653952483115,2192.7842200118625,355.3694030084624,2129.877817523688,331.81642718465065,2151.328531505224,333.16206234224563,2100.9849517497832,336.9184601589613,2036.1268608082003,345.60325891183595,2016.733188899535,342.62761877053356,1940.4068529508613,346.43311924886495,1940.4068529508613,346.43311924886495,-0.021138912855910297,-42.47396997764304,0.012990784909421738,25.22267646119417,,,25.22267646119417,254.51178537208534,,2025-01-09
2025,1,1,4,2,0,2058.77400191632,1966.804854679016,1874.2289364420312,1879.9932609389969,1786.507186202491,2009.278824656659,2251.057425742574,1966.6025976791218,92.27269898863025,1992.5998456297239,215.20884730058836,2184.101865751091,387.32247120264174,91.96914723730379,-192.28342382625442,0.04676068752754481,-0.08541915529446098,0.49999999999999994,0.8660254037844387,1.0,6.123233995736766e-17,10,10,0,0,0,0,2,0.1712931441814776,0.9852201067560606,-0.433883739117558,-0.9009688679024191,1966.804854679016,2103.3716703928458,2174.3168316831684,1792.2297029702968,1991.3663366336634,1683.9762376237625,1931.817821782178,1580.5782178217821,,,2064.5754756581646,273.6039945912885,2184.531160742802,357.1684019995474,2138.7626274885556,325.98092852121886,2153.735948122462,332.20554062527265,2107.677768969293,332.17327700167743,2037.6382439050353,345.41915311835464,2022.0464753894744,339.48132046066326,1941.317369481365,345.2438638078347,1941.317369481365,345.2438638078347,-0.02120294244915666,-44.597668476525996,0.1487221746767582,266.544298946023,,,266.544298946023,478.19578409453766,,2025-01-10
2025,1,1,5,2,1,2443.3367933567547,2058.77400191632,1966.804854679016,1874.2289364420312,1879.9932609389969,2103.3716703928458,2685.920792079208,2156.3052166506964,252.79423555663345,2001.6075055892682,235.3242309089359,2163.88653252422,364.4026569336905,384.5627914404349,-242.5839987224531,0.18679213506799752,-0.09031688478596778,0.49999999999999994,0.8660254037844387,1.0,6.123233995736766e-17,11,11,0,0,0,0,2,0.1882267098432442,0.9821256058680006,-0.9749279121818236,-0.2225209339563146,2058.77400191632,2496.4292558288084,2123.1564356435642,1866.9059405940593,2041.150495049505,1931.619801980198,2305.0099009900987,1646.4356435643563,,,2056.9908381621567,260.03673983796193,2207.4011862937446,363.137126214552,2157.9769892473114,326.39235012578143,2168.099744490578,335.83231685665544,2116.8155723867317,334.2738216468558,2039.2849926236865,347.03512550397005,2030.90093260939,339.9666104837977,1945.1495788239254,346.69914520905974,1945.1495788239254,346.69914520905974,-0.02126736111111116,-53.09246247205374,0.30876266459319957,576.4308527626954,,,576.4308527626954,796.9011497923984,,2025-01-11
2025,1,1,6,2,1,2338.322069626317,2443.3367933567547,2058.77400191632,1966.804854679016,1874.2289364420312,2496.4292558288084,3044.0435643564356,2280.1442882997967,198.7727994977479,2093.5766528265726,242.17599973467003,2105.076407963377,247.7040108850078,-105.01472373043771,-705.7214947301186,-0.04298004434589808,-0.2318368577222779,0.49999999999999994,0.8660254037844387,1.0,6.123233995736766e-17,12,12,0,0,0,0,2,0.2051044998686192,0.9787400799669153,-0.7818314824680299,0.6234898018587334,2443.3367933567547,2389.290833599489,2251.057425742574,1991.3663366336634,2115.8267326732675,1783.0336633663364,2612.344554455445,1756.1980198019803,,,2049.7095861659895,249.6889714586274,2213.6343751425834,364.6897432807508,2169.5421803470667,326.4321046529056,2176.0460065246157,337.1792293032126,2126.7314367842314,332.42341379368855,2036.0228201852442,342.8460331856296,2037.368977607438,340.219034310419,1948.1281582997008,347.06459525418114,1948.1281582997008,347.06459525418114,-0.021332172398781157,-50.96876397317192,0.17422998802880763,346.95573299265357,,,346.95573299265357,582.1240498243367,,2025-01-12
2025,1,1,0,3,0,1748.2806132226124,2338.322069626317,2443.3367933567547,2058.77400191632,1966.804854679016,2389.290833599489,1914.579207920792,2176.646492068561,374.67321450784414,2071.624544873842,269.8022215075341,2091.2181917385283,263.4801184721593,-590.0414564037046,-166.2985946981796,-0.25233540925266895,-0.08685908319185065,0.49999999999999994,0.8660254037844387,1.0,6.123233995736766e-17,13,13,0,0,0,0,2,0.22192151300416552,0.9750645322571948,0.0,1.0,2338.322069626317,1786.507186202491,2685.920792079208,2041.150495049505,2066.0425742574257,1857.3267326732673,1668.9356435643563,1800.1029702970297,,,2044.248647168864,256.723802366293,2146.6600766528263,357.3065680035133,2159.779850952837,334.67933393449084,2164.6973650590867,346.24449679882946,2124.7841846511838,334.34404498883794,2036.9674031573663,341.93055801067993,2036.7931736399446,340.6686635515185,1946.6255451788206,346.18145210621134,1946.6255451788206,346.18145210621134,-0.021397379912663772,-38.22657297987871,-0.14348274786068116,-292.86988182689265,,,-292.86988182689265,-51.82235707441737,,2025-01-13
2025,1,1,1,3,0,1839.642989460236,1748.2806132226124,2338.322069626317,2443.3367933567547,2058.77400191632,1786.507186202491,2009.278824656659,1975.415224103055,317.589050257842,2065.860220376876,275.1789399116567,2077.0818721388264,272.6665458148838,91.36237623762372,-169.63583519642293,0.05225841638157558,-0.08442622950819678,0.49999999999999994,0.8660254037844387,1.0,6.123233995736766e-17,14,14,0,0,0,0,2,0.2386727660059501,0.9711000518829505,0.7818314824680298,0.6234898018587336,1748.2806132226124,1879.9932609389969,3044.0435643564356,2115.8267326732675,2190.5029702970296,1981.148514851485,1513.1683168316833,1865.9603960396041,,,2038.4843226718983,261.43632603081954,2060.6314641602407,254.95599069422738,2150.573726179069,339.6910661276644,2152.1666514577723,351.58370185722697,2122.2573002691975,335.98007112236536,2040.8540064029446,337.73470381756243,2036.500758011285,340.82820432116796,1945.8271678973385,345.00137040218476,1945.8271678973385,345.00137040218476,-0.021462987297415692,-40.35027147876076,-0.13053230633119173,-276.18374321303145,,,-276.18374321303145,-26.317406579368026,,2025-01-14
2025,1,1,2,3,0,1833.8786649632705,1839.642989460236,1748.2806132226124,2338.322069626317,2443.3367933567547,1879.9932609389969,2103.3716703928458,1807.267422548706,51.165316524759966,2043.7058554242515,289.71566271583265,2054.624121686362,281.2669287182291,-5.764324496965628,-269.4930054295753,-0.003133393017009767,-0.12812429168984774,0.49999999999999994,0.8660254037844387,1.0,6.123233995736766e-17,15,15,0,0,0,0,3,0.255353295116187,0.9668478136052775,0.9749279121818236,-0.22252093395631434,1839.642989460236,1874.2289364420312,1914.579207920792,2066.0425742574257,2613.668316831683,2030.6772277227724,1735.6930693069307,1822.0554455445545,,,2032.7199981749322,266.0653950358416,2054.867139663275,259.3859064073205,2142.834929202598,344.29659269977236,2124.3170210339003,344.4859985170061,2118.7430402199207,337.9786754115728,2042.0228825417103,336.83454576182925,2036.6321271159372,340.7468884993492,1944.9979197274565,343.84665963965,1944.9979197274565,343.84665963965,-0.02152899824253074,-40.35027147876076,-0.1123713093751707,-232.16390929415525,,,-232.16390929415525,11.823219418716008,,2025-01-15
2025,1,1,3,3,0,1924.3308847013732,1833.8786649632705,1839.642989460236,1748.2806132226124,2338.322069626317,1874.2289364420312,2496.4292558288084,1865.9508463749596,50.64068044042771,2021.2986692217607,293.4916246674422,2006.9492574257422,245.82546949163654,90.45221973810271,-572.0983711274353,0.049322903126698625,-0.22916666666666663,0.49999999999999994,0.8660254037844387,1.0,6.123233995736766e-17,16,16,0,0,0,0,3,0.2719581575341055,0.9623090774541486,0.43388373911755823,-0.900968867902419,1833.8786649632705,1966.804854679016,2009.278824656659,2190.5029702970296,2962.157425742574,2104.970297029703,1602.178217821782,1931.817821782178,,,2026.6522881781261,268.2941298459367,2048.7994296664683,261.5191726587578,2133.962526349409,346.44870038451427,2087.251787425286,304.51278106600324,2115.5173364283432,338.9730717471656,2045.8580333378961,333.58451186847975,2036.5489389261506,340.77367769677056,1944.845956234618,342.5753702631725,1944.845956234618,342.5753702631725,-0.021595416483032093,-42.47396997764281,-0.1215118578723332,-266.1720855956564,,,-266.1720855956564,-7.486937080804864,,2025-01-16
2025,1,1,4,3,0,2014.1763334397956,1924.3308847013732,1833.8786649632705,1839.642989460236,1748.2806132226124,1966.804854679016,2389.290833599489,1924.1286277014794,90.14900440624025,1949.7719259022672,210.6773685681141,1975.689715745768,214.66104748116112,89.84544873842242,-375.1145001596933,0.046689189189189184,-0.15699825859817151,0.49999999999999994,0.8660254037844387,1.0,6.123233995736766e-17,17,17,0,0,0,0,3,0.288482432880609,0.9574851883550393,-0.433883739117558,-0.9009688679024191,1924.3308847013732,2058.77400191632,2103.3716703928458,2613.668316831683,1918.5148514851485,2055.441584158416,1668.9356435643563,2305.0099009900987,,,2020.2811926814798,267.93349597959707,2042.4283341698224,261.173677406495,2113.979460236346,334.92282984533625,2090.6682689236663,303.0827998480263,2114.780456951225,339.15084819412124,2049.968041550699,331.00140691440527,2033.3174548422585,339.5761679025482,1945.3520173821007,341.3649719893067,1945.3520173821007,341.3649719893067,-0.021662245800176394,-44.59766847652418,-0.22936804166436775,-599.4919833918875,,,-599.4919833918875,-290.8335675503031,,2025-01-17
2025,1,1,5,3,1,2390.2443308847014,2014.1763334397956,1924.3308847013732,1833.8786649632705,1839.642989460236,2058.77400191632,1786.507186202491,2109.58384967529,247.17560650127834,1958.425636111998,230.0087708304145,2026.0011444692852,235.98221032507354,376.0679974449058,603.7371446822103,0.1867105631226733,0.33794274623968956,0.49999999999999994,0.8660254037844387,1.0,6.123233995736766e-17,18,18,0,0,0,0,3,0.30492122465628907,0.9523775757303974,-0.9749279121818236,-0.2225209339563146,2014.1763334397956,2443.3367933567547,2496.4292558288084,2962.157425742574,1739.4534653465348,2179.2633663366337,1780.1980198019803,2612.344554455445,,,2012.696555185472,254.36985699696217,2034.8436966738147,248.19435987373484,2094.9156904077504,299.3694151205147,2113.910799835744,300.0904745090743,2118.5479741752974,341.04675250057323,2057.230497635017,331.70283475271975,2030.8496745803614,336.11030136862917,1948.5758747263226,342.21883231350733,1948.5758747263226,342.21883231350733,-0.021729490022172837,-53.092462472053285,-0.1930731600851705,-571.9130948578727,,,-571.9130948578727,-222.10022357074376,,2025-01-18
2025,1,1,6,3,1,2287.3533056531455,2390.2443308847014,2014.1763334397956,1924.3308847013732,1833.8786649632705,2443.3367933567547,1879.9932609389969,2230.5913233258802,194.3533551391522,2048.2710848504207,236.6936528448234,2059.947814862131,242.28491350292785,-102.89102523155589,407.36004471414867,-0.04304623753399839,0.2166816515664982,0.49999999999999994,0.8660254037844387,1.0,6.123233995736766e-17,19,19,0,0,0,0,3,0.3212696616923644,0.9469877530760753,-0.7818314824680299,0.6234898018587334,2390.2443308847014,2338.322069626317,2389.290833599489,1918.5148514851485,1995.2554455445545,2600.257425742574,1824.7029702970297,1668.9356435643563,,,2005.4153031893052,244.01413326557707,2027.5624446776471,238.2939071615251,2107.2103055466837,299.4488965395964,2124.3428662681936,300.88892582676726,2112.960400602272,335.5297487401377,2062.7382397225897,331.63634560839137,2037.7209819369034,334.94767319218107,1951.013122430832,342.18527655988447,1951.013122430832,342.18527655988447,-0.02179715302491103,-50.96876397317146,0.1922520713782716,368.83845416799704,,,368.83845416799704,618.4176620887893,,2025-01-19
2025,1,1,0,4,0,1710.054040242734,2287.3533056531455,2390.2443308847014,2014.1763334397956,1924.3308847013732,2338.322069626317,1874.2289364420312,2129.2172255935266,366.6332946328889,2026.6729266475033,263.8884730091869,2046.2665735121898,257.8600409241802,-577.2992654104116,-164.17489619929734,-0.2523874488403819,-0.08759596707057626,0.49999999999999994,0.8660254037844387,1.0,6.123233995736766e-17,20,20,0,0,0,0,3,0.3375228995941133,0.9413173175128471,0.0,1.0,2287.3533056531455,1748.2806132226124,1786.507186202491,1739.4534653465348,1841.7742574257425,2946.958415841584,1891.4603960396041,1513.1683168316833,,,1999.9543641921796,251.0539972735344,2022.1015056805215,245.02405906297128,2106.2303247098903,300.7392502282497,2119.6385727973716,306.4487447693239,2090.8728224665783,319.9821671077007,2060.5786402488175,333.35135657495425,2039.908601085915,332.1141744142716,1949.2919861294886,341.55981514863885,1949.2919861294886,341.55981514863885,-0.021865238732708514,-38.22657297987848,-0.016901530100975726,-29.399425103800922,,,-29.399425103800922,196.88572341105055,,2025-01-20
2025,1,1,1,4,0,1799.292717981475,1710.054040242734,2287.3533056531455,2390.2443308847014,2014.1763334397956,1748.2806132226124,1966.804854679016,1932.2333546257844,310.7628036210163,2020.9086021505375,269.26507321552197,2032.3072287873947,266.92752994256955,89.23867773874122,-167.51213669754088,0.05218471208434683,-0.08516967827236677,0.49999999999999994,0.8660254037844387,1.0,6.123233995736766e-17,21,21,0,0,0,0,3,0.3536761221763716,0.9353679493131483,0.7818314824680298,0.6234898018587336,1710.054040242734,1839.642989460236,1879.9932609389969,1995.2554455445545,1918.5148514851485,1864.0841584158416,1846.9554455445545,1735.6930693069307,,,1994.1900396952135,255.76728505137856,2016.3371811835561,249.5321903531518,2099.698233791121,305.32594378359335,2115.3806394579547,310.15262498127606,2089.715832458822,320.9328220791324,2060.0112268254475,333.75967030993843,2040.6152638489652,331.52674373615963,1948.228161532694,340.5721249983174,1948.228161532694,340.5721249983174,-0.021933751119069034,-40.35027147876099,-0.098214355460434,-195.9627275630794,,,-195.9627275630794,63.59964867454437,,2025-01-21
2025,1,1,2,4,0,1793.5283934845097,1799.292717981475,1710.054040242734,2287.3533056531455,2390.2443308847014,1839.642989460236,2058.77400191632,1767.6250505695725,49.94119323528407,1999.1081869477268,283.5635214325102,2010.2034280847438,275.3849000112667,-5.764324496965401,-265.24560843181007,-0.0032036613272309333,-0.1288366805608181,0.49999999999999994,0.8660254037844387,1.0,6.123233995736766e-17,22,22,0,0,0,0,4,0.3697245428906731,0.9291414114031743,0.9749279121818236,-0.22252093395631434,1799.292717981475,1833.8786649632705,1874.2289364420312,1841.7742574257425,2046.4158415841584,1690.1029702970297,1958.2178217821781,1602.178217821782,,,1988.4257151982479,260.3952738781686,2010.5728566865898,253.96030895631847,2098.0900383264134,306.8545444041337,2106.3489448829673,315.8647327595603,2091.562715015741,318.8823875695517,2058.0506383933325,334.8467779353373,2042.7413769118846,329.28943635004845,1947.1387265464393,339.61049454288235,1947.1387265464393,339.61049454288235,-0.022002694207453932,-40.35027147876076,-0.026195318859905337,-48.245863941232756,,,-48.245863941232756,191.35017566272768,,2025-01-22
2025,1,1,3,4,0,1881.8569147237304,1793.5283934845097,1799.292717981475,1710.054040242734,2287.3533056531455,1833.8786649632705,2443.3367933567547,1824.8926753965713,49.416599243734346,1977.0549504950495,287.278294971006,1963.4134381986585,240.60566611516813,88.32852123922066,-561.4798786330243,0.049248465516408046,-0.22980044345897999,0.49999999999999994,0.8660254037844387,1.0,6.123233995736766e-17,23,23,0,0,0,0,4,0.38566340624360707,0.9226395488404876,0.43388373911755823,-0.900968867902419,1793.5283934845097,1924.3308847013732,1966.804854679016,1918.5148514851485,2097.5762376237626,1938.6475247524752,2336.5099009900987,1668.9356435643563,,,1982.3580052014418,262.62306136185487,2004.505146689784,256.09232365851517,2096.868107101033,307.6662070445881,2098.6446833508235,318.70467270833626,2090.5485969795136,319.46730137112263,2052.638102842542,333.9648656121689,2045.1071688136556,327.3326965037197,1946.6822103798468,338.4565996816855,1946.6822103798468,338.4565996816855,-0.02207207207207207,-42.47396997764281,-0.019107455297018294,-36.657936761418114,,,-36.657936761418114,212.9212711593741,,2025-01-23
2025,1,1,4,4,0,1969.5786649632705,1881.8569147237304,1793.5283934845097,1799.292717981475,1710.054040242734,1924.3308847013732,2338.322069626317,1881.6546577238366,88.02531001283111,1906.944006174811,206.14618963490798,1932.6848211434046,209.96807234835396,87.72175023954014,-368.7434046630465,0.04661446338093045,-0.15769572953736632,0.49999999999999994,0.8660254037844387,1.0,6.123233995736766e-17,24,24,0,0,0,0,4,0.401487989205973,0.9158642882672872,-0.433883739117558,-0.9009688679024191,1881.8569147237304,2014.1763334397956,2058.77400191632,2046.4158415841584,2174.3168316831684,1789.5207920792077,2648.0445544554455,1780.1980198019803,,,1975.9869097047954,262.2632277168249,1998.1340511931376,255.7476363598183,2094.3068678803365,308.4195936322668,2091.33260596797,319.2524108042246,2093.763916138157,317.2811101472433,2044.5611279676352,327.5338699880146,2047.2113982043365,326.21742561870843,1946.8412135366764,337.27650593628823,1946.8412135366764,337.27650593628823,-0.022141888838680512,-44.59766847652509,-0.03754719596062506,-76.83717662088793,,,-76.83717662088793,189.3806451612902,,2025-01-24
2025,1,1,5,4,1,2337.151868412647,1969.5786649632705,1881.8569147237304,1793.5283934845097,1799.292717981475,2014.1763334397956,1748.2806132226124,2062.8624826998825,241.5569843790185,1915.2437666347278,224.69335146570623,1981.757425742574,230.73868328884458,367.5732034493767,588.8712551900348,0.18662529706891973,0.336828796668154,0.49999999999999994,0.8660254037844387,1.0,6.123233995736766e-17,25,25,0,0,0,0,4,0.4171936026123168,0.9088176373395029,-0.9749279121818236,-0.2225209339563146,1969.5786649632705,2390.2443308847014,2443.3367933567547,2097.5762376237626,2123.1564356435642,1864.0841584158416,1648.3663366336632,1824.7029702970297,,,1968.4022722087873,248.70338189259374,1990.54941369713,242.77424146507846,2102.2927222399658,311.5924900472713,2098.975299995437,322.5865144223902,2102.2115538166718,317.35240683127654,2052.760955726909,326.11442468742325,2052.9052748500653,326.76182158650425,1949.5330111565104,337.6627169305691,1949.5330111565104,337.6627169305691,-0.022212148685403665,-53.092462472054194,0.11421545805662237,239.5756307888846,,,239.5756307888846,512.4488981156176,,2025-01-25
2025,1,1,6,4,1,2236.384541679974,2337.151868412647,1969.5786649632705,1881.8569147237304,1793.5283934845097,2390.2443308847014,1839.642989460236,2181.038358351964,189.93397531837763,2002.9655168742677,231.21135428597202,2014.8192217608857,236.86689905050835,-100.76732673267315,396.74155221973797,-0.04311543810848395,0.21566225321585075,0.49999999999999994,0.8660254037844387,1.0,6.123233995736766e-17,26,26,0,0,0,0,4,0.4327755925504312,0.901501684131884,-0.7818314824680299,0.6234898018587334,2337.151868412647,2287.3533056531455,2338.322069626317,2174.3168316831684,2251.057425742574,1988.3564356435643,1494.5188118811882,1891.4603960396041,,,1961.1210202126201,238.33934197209993,1983.2681617009625,232.86810021253393,2104.3616459065256,312.2924826078255,2098.451268421773,322.3421369835378,2106.6406271387505,317.46527726404713,2061.592690605466,320.8165910331344,2056.737765357181,326.8697453886577,1951.4977476669453,337.33274385572844,1951.4977476669453,337.33274385572844,-0.022282855843565263,-50.96876397317146,0.0285458444199036,62.06770999680566,,,62.06770999680566,344.92414564036994,,2025-01-26
2025,1,1,0,5,0,1671.8274672628552,2236.384541679974,2337.151868412647,1969.5786649632705,1881.8569147237304,2287.3533056531455,1833.8786649632705,2081.7879591184915,358.5933869943759,1981.7213084211646,257.97494153060666,2001.314955285851,252.24098912221768,-564.5570744171189,-162.0511977004153,-0.2524418604651162,-0.088365277810602,0.49999999999999994,0.8660254037844387,1.0,6.123233995736766e-17,27,27,0,0,0,0,4,0.4482293417404106,0.893918596519257,0.0,1.0,2236.384541679974,1710.054040242734,1748.2806132226124,2123.1564356435642,2685.920792079208,2038.0653465346536,1714.3009900990098,1846.9554455445545,,,1955.6600812154945,245.3844704248649,1977.807222703837,239.601725546267,2089.317346960502,322.0737701830493,2062.233649678332,310.6492376792332,2100.100665008897,322.63392871767167,2061.087053428845,321.40348454245293,2054.791898931828,328.6490469648369,1949.5952287526318,336.96594985638666,1949.5952287526318,336.96594985638666,-0.02235401459854014,-38.22657297987871,-0.21257452385693087,-451.32896838070906,,,-451.32896838070906,-175.12797828169937,,2025-01-27
2025,1,1,1,5,0,1758.9424465027146,1671.8274672628552,2236.384541679974,2337.151868412647,1969.5786649632705,1710.054040242734,1924.3308847013732,1889.0514851485143,303.936578946337,1975.9569839241985,263.3514138000731,1987.5325854359628,261.1894338307019,87.1149792398594,-165.3884381986586,0.05210763726862644,-0.08594594594594596,0.49999999999999994,0.8660254037844387,1.0,6.123233995736766e-17,28,28,0,0,0,0,4,0.4635502709028509,0.886070621534138,0.7818314824680298,0.6234898018587336,1671.8274672628552,1799.292717981475,1839.642989460236,2251.057425742574,3044.0435643564356,2112.6287128712875,1582.4316831683168,1958.2178217821781,,,1949.8957567185287,250.09855171446415,1972.0428982068713,244.10969796050856,2072.9135143191734,326.05949529908395,2016.3371811835557,249.04505481895112,2093.784838823744,325.8302406546192,2063.1883720399687,318.8028450760752,2052.5777280953903,329.97559607944453,1948.30703427797,336.1833236571633,1948.30703427797,336.1833236571633,-0.022425629290617755,-40.35027147876053,-0.2186150267035154,-492.1149792398596,,,-492.1149792398596,-199.27537527946356,,2025-01-28
2025,1,1,2,5,0,1753.1781220057487,1758.9424465027146,1671.8274672628552,2236.384541679974,2337.151868412647,1799.292717981475,2014.1763334397956,1727.982678590439,48.71717026529922,1954.5105184712017,277.41150976989917,1965.7827344831255,269.50368134054276,-5.764324496965855,-260.9982114340469,-0.0032771535580524702,-0.12958061670217125,0.49999999999999994,0.8660254037844387,1.0,6.123233995736766e-17,29,29,0,0,0,0,5,0.47873384011578846,0.8779600847008882,0.9749279121818236,-0.22252093395631434,1758.9424465027146,1793.5283934845097,1833.8786649632705,2685.920792079208,1914.579207920792,2062.919801980198,1648.3663366336632,2336.5099009900987,,,1944.1314322215628,254.7254066905255,1966.2785737099055,248.53591771008226,2041.8220919833918,309.64838468435624,2010.5728566865903,253.3187495053185,2088.253737395629,328.9775092415152,2064.4361313896366,317.36156907346964,2046.0962638844528,330.06482795279067,1946.9974442627204,335.4267767397066,1946.9974442627204,335.4267767397066,-0.02249770431588627,-40.35027147876099,-0.34727110078008305,-932.7426700734591,,,-932.7426700734591,-583.33177898435,,2025-01-29
2025,1,1,3,5,0,1839.382944746087,1753.1781220057487,1758.9424465027146,1671.8274672628552,2236.384541679974,1793.5283934845097,2390.2443308847014,1783.8345044181833,48.19262159678823,1932.8112317683378,281.0650756307946,1919.8776189715745,235.38681535668832,86.20482274033839,-550.8613861386143,0.04917060146844321,-0.23046237533998204,0.49999999999999994,0.8660254037844387,1.0,6.123233995736766e-17,30,30,0,0,0,0,5,0.4937755501599772,0.869589389346611,0.43388373911755823,-0.900968867902419,1753.1781220057487,1881.8569147237304,1924.3308847013732,3044.0435643564356,2009.278824656659,2187.192079207921,1758.2574257425742,2648.0445544554455,,,1938.0637222247567,256.95220283433264,1960.2108637130993,250.66661642483777,2001.66673799638,246.96374835361834,2004.505146689784,255.37727584437133,2082.042859994525,330.35597228476365,2065.4019113777736,316.540972170132,2037.1111348876823,324.45340537161013,1946.2800142659426,334.4147428253875,1946.2800142659426,334.4147428253875,-0.02257024412713049,-42.473969977643264,-0.39574355430259256,-1204.6606196103485,,,-1204.6606196103485,-808.6616097093583,,2025-01-30
2025,1,1,4,5,0,1924.9809964867457,1839.382944746087,1753.1781220057487,1758.9424465027146,1671.8274672628552,1881.8569147237304,2287.3533056531455,1839.1806877461934,85.90161582241475,1864.1160864473543,201.6153307143758,1889.6799265410411,205.2761638520215,85.59805174065855,-362.3723091663999,0.04653628652214925,-0.15842428376534767,0.49999999999999994,0.8660254037844387,1.0,6.123233995736766e-17,31,31,0,1,0,0,5,0.5086709438521044,0.8609610158889943,-0.433883739117558,-0.9009688679024191,1839.382944746087,1969.5786649632705,2014.1763334397956,1914.579207920792,2103.3716703928458,2609.717821782178,1802.2138613861387,1648.3663366336632,,,1931.6926267281103,256.59320507391607,1953.8397682164527,250.32277367750277,2002.0134642819116,246.84453822597945,1998.1340511931376,255.04443246988447,2069.8154166856775,323.0615968930493,2066.863424890876,315.5931532239765,2040.184631108272,322.0306281502731,1946.1389611680675,333.3026698212148,1946.1389611680675,333.3026698212148,-0.02264325323475036,-44.59766847652486,0.005432937181663933,10.401788565953666,,,10.401788565953666,276.61465985308246,,2025-01-31
2025,2,1,5,5,1,2284.059405940594,1924.9809964867457,1839.382944746087,1753.1781220057487,1758.9424465027146,1969.5786649632705,1710.054040242734,2016.1411157244754,235.93836968516618,1872.0618971574575,219.37797577423808,1937.5137070158626,225.49626201148402,359.0784094538483,574.00536569786,0.1865360801531013,0.3356650446066505,0.8660254037844386,0.5000000000000001,1.0,6.123233995736766e-17,1,32,1,0,0,0,1,0.5234156073655503,0.8520775211013093,-0.9749279121818236,-0.2225209339563146,1924.9809964867457,2337.151868412647,2390.2443308847014,2009.278824656659,2496.4292558288084,2957.680198019802,1868.1485148514853,1494.5188118811882,,,1924.1079892321027,243.03734304429668,1946.255130720445,237.3556364384843,2011.1728169913765,252.16407295517763,1990.54941369713,242.52768743145802,2057.7864739699776,301.20296441159013,2071.8147450228894,315.70054735418495,2048.9573043755986,317.72415610941704,1948.3621219889392,333.32599869187516,1948.3621219889392,333.32599869187516,-0.022716736207695765,-53.092462472053285,0.136755823986195,274.7805812839349,,,274.7805812839349,789.5405940594057,,2025-02-01
2025,2,1,6,5,1,2204.2132956152755,2284.059405940594,1924.9809964867457,1839.382944746087,1753.1781220057487,2337.151868412647,1799.292717981475,2137.7512326808715,188.5397315981393,1960.7928685495274,229.61929106727743,1971.257088485346,233.10053336902845,-79.84611032531848,404.92057763380035,-0.034957983193277364,0.225044304124155,0.8660254037844386,0.5000000000000001,1.0,6.123233995736766e-17,2,33,0,0,0,0,1,0.5380051715382996,0.8429415373547828,-0.7818314824680299,0.6234898018587334,2284.059405940594,2236.384541679974,2287.3533056531455,2103.3716703928458,2389.290833599489,1866.9059405940593,1824.1920792079209,1714.3009900990098,,,1919.5120969371458,236.3603825226645,1940.316558574883,229.06008497675046,2014.5342044987908,254.10016359495665,1983.939501626265,233.61614019038052,2063.8098195953567,300.6886379527115,2076.3388071229765,314.83100279756184,2054.4007744368905,316.11887352307224,1950.0343518819218,332.87099813848005,1950.0343518819218,332.87099813848005,-0.014385382059800667,-32.17124606469861,0.047942846545801165,100.84162522242968,,,100.84162522242968,489.91230551626563,,2025-02-02
2025,2,1,0,6,0,1661.7971711456858,2204.2132956152755,2284.059405940594,1924.9809964867457,1839.382944746087,2236.384541679974,1793.5283934845097,2050.023290900518,338.5756789529336,1944.6019893233563,249.2817927230266,1960.2794866237775,245.02806958457504,-542.4161244695897,-131.73122233882395,-0.24608150470219436,-0.07344808301746109,0.8660254037844386,0.5000000000000001,1.0,6.123233995736766e-17,3,34,0,0,0,0,1,0.5524353131676196,0.8335557718385699,0.0,1.0,2204.2132956152755,1671.8274672628552,1710.054040242734,2496.4292558288084,1786.507186202491,1692.661386138614,1934.0831683168315,1582.4316831683168,,,1918.0791974918357,238.13592664366655,1936.8696393536652,233.11876754792996,1986.713135009353,245.04891264080842,1979.4855725170933,238.65411498642803,2063.258672899054,301.4087268389771,2073.097307156654,317.7019515756858,2055.2826131921947,314.8958171608112,1948.162681877141,332.5934199740266,1948.162681877141,332.5934199740266,-0.005999600026664997,-10.030296117169428,-0.3343303571428572,-834.6320846831227,,,-834.6320846831227,79.36548797736896,,2025-02-03
2025,2,1,1,6,0,1763.2362800565768,1661.7971711456858,2204.2132956152755,2284.059405940594,1924.9809964867457,1671.8274672628552,1881.8569147237304,1876.4155822725124,288.37645337078897,1946.278348998494,247.76627024051535,1950.3944337348478,250.80409920371207,101.43910891089104,-118.62063466715358,0.061041811041810945,-0.06303382246496037,0.8660254037844386,0.5000000000000001,1.0,6.123233995736766e-17,4,35,0,0,0,0,1,0.5667017562911176,0.8239230057575542,0.7818314824680298,0.6234898018587336,1661.7971711456858,1758.9424465027146,1799.292717981475,2389.290833599489,1879.9932609389969,1941.5821782178218,2307.7128712871286,1648.3663366336632,,,1918.6926022852447,237.6627537278511,1934.2941795018867,234.94761272677258,1965.8446498912563,236.07628874863673,1975.3156803427214,241.4604032107179,2060.0739247176034,303.6516369395063,2066.615442975338,318.411080867113,2056.558945896894,313.4574864373534,1946.9696083170084,331.84441026213636,1946.9696083170084,331.84441026213636,0.002441144997324729,4.293833553862214,-0.26202526069200005,-626.0545535429121,,,-626.0545535429121,114.8699434229136,,2025-02-04
2025,2,1,2,6,0,1772.3533239038188,1763.2362800565768,1661.7971711456858,2204.2132956152755,2284.059405940594,1758.9424465027146,1969.5786649632705,1732.4622583686935,61.367304293912234,1935.1067455247828,254.95689122019647,1933.95898864656,255.84419508582982,9.11704384724203,-197.2253410594517,0.005170630816959676,-0.10013580293485236,0.8660254037844386,0.5000000000000001,1.0,6.123233995736766e-17,5,36,0,0,0,0,1,0.5808002734538009,0.8140460935082178,0.9749279121818236,-0.22252093395631434,1763.2362800565768,1753.1781220057487,1793.5283934845097,1786.507186202491,1874.2289364420312,1792.2297029702968,2615.407920792079,1758.2574257425742,,,1921.4319168421118,235.5380794982508,1932.7816745318376,235.9893668137297,1965.3728544813005,236.4608809808793,1971.677265609214,243.7962820800559,2059.7189893771306,303.9818468282769,2056.579078726668,314.16291473888566,2056.715566987574,313.31025039902096,1945.8502731605136,331.067531717925,1945.8502731605136,331.067531717925,0.010937395155337981,19.1752018980701,-0.007922645040548959,-14.153862298672266,,,-14.153862298672266,14.095898161244577,,2025-02-05
2025,2,1,3,6,0,1875.231966053748,1772.3533239038188,1763.2362800565768,1661.7971711456858,2204.2132956152755,1753.1781220057487,2337.151868412647,1803.6071900047143,62.19615366066626,1926.8152404526163,256.15817222500976,1895.4656634499854,222.2043092664851,102.87864214992919,-461.9199023588992,0.058046350444011185,-0.1976422279621166,0.8660254037844386,0.5000000000000001,1.0,6.123233995736766e-17,6,37,0,0,0,0,1,0.5947266869607634,0.8039279618328213,0.43388373911755823,-0.900968867902419,1772.3533239038188,1839.382944746087,1881.8569147237304,1879.9932609389969,1966.804854679016,1866.9059405940593,1857.3267326732673,1802.2138613861387,,,1926.5532056003492,233.84037639786186,1932.308463912553,236.1059506348177,1965.2141446517921,236.52175287451152,1968.4068053011686,244.47732630867986,2059.8676684031966,303.8878479771621,2056.7922362669115,314.03214155199544,2057.526879261659,312.73783392252085,1945.4004750260754,330.0528349096387,1945.4004750260754,330.0528349096387,0.01948969974417669,35.849021307660905,-0.002532612740787532,-4.761294885248844,,,-4.761294885248844,73.01810466760935,,2025-02-06
2025,2,1,4,6,0,1979.070297029703,1875.231966053748,1772.3533239038188,1763.2362800565768,1661.7971711456858,1839.382944746087,2236.384541679974,1875.5518623290893,103.35885784392148,1875.983722300801,193.74683673559818,1874.0228097291294,197.33884268081323,103.83833097595493,-257.3142446502711,0.05537359263050168,-0.11505813953488353,0.8660254037844386,0.5000000000000001,1.0,6.123233995736766e-17,7,38,0,0,0,0,1,0.6084768701151261,0.7935716089521474,-0.433883739117558,-0.9009688679024191,1875.231966053748,1924.9809964867457,1969.5786649632705,1874.2289364420312,2058.77400191632,1991.3663366336634,1683.9762376237625,1868.1485148514853,,,1934.2802485350574,234.67195277182887,1932.9864376315838,236.23479602688738,1968.7088566713815,235.90478371323547,1965.5602444123608,243.84937681835024,2059.6480962674113,303.94268033327006,2060.305260783649,311.4512414281228,2058.7593435080835,312.2012344317153,1945.613575165339,329.0109362560476,1945.613575165339,329.0109362560476,0.028098615332657673,54.08930054295729,0.05593839607806861,104.84136058767172,,,104.84136058767172,110.92178217821765,,2025-02-07
2025,2,1,5,6,1,2368.0321782178216,1979.070297029703,1875.231966053748,1772.3533239038188,1763.2362800565768,1924.9809964867457,1671.8274672628552,2074.111480433757,259.7838181726692,1903.2868694012257,252.02914230217502,1932.0398689753767,231.8187687148542,388.9618811881187,696.2047109549665,0.19653767820773926,0.416433348887852,0.8660254037844386,0.5000000000000001,1.0,6.123233995736766e-17,8,39,0,0,0,0,2,0.6220467484408675,0.7829801036770629,-0.9749279121818236,-0.2225209339563146,1979.070297029703,2284.059405940594,2337.151868412647,1966.804854679016,2443.3367933567547,2041.150495049505,1931.619801980198,1824.1920792079209,,,1946.2763588603755,256.6493987960019,1935.1921740462392,240.40613268771128,1982.0831007893416,246.9098900353196,1962.8707938716848,238.7466269111214,2065.485269181131,306.70726128559556,2065.5006462150495,312.91525216738836,2064.80201127486,312.8724656579486,1948.2702959392539,329.6745808952023,1948.2702959392539,329.6745808952023,0.03676470588235303,83.9727722772277,0.2039995592772148,401.22732353880565,,,401.22732353880565,543.8400990099008,,2025-02-08
2025,2,1,6,6,1,2284.827157001414,2368.0321782178216,1979.070297029703,1875.231966053748,1772.3533239038188,2284.059405940594,1758.9424465027146,2210.6432107496457,204.81767420187143,2007.1252003771806,260.82743937979353,1975.863594850268,245.4289903496578,-83.20502121640766,525.8847104986994,-0.03513677811550164,0.2989777815324828,0.8660254037844386,0.5000000000000001,1.0,6.123233995736766e-17,9,40,0,0,0,0,2,0.6354323008901774,0.7721565844991642,-0.7818314824680299,0.6234898018587334,2368.0321782178216,2204.2132956152755,2236.384541679974,2058.77400191632,2338.322069626317,2115.8267326732675,1783.0336633663364,1934.0831683168315,,,1957.7926247726812,271.52970749980807,1938.6523608549135,245.37202064916985,1989.6182059588443,252.7121474830235,1960.960261277938,235.82705023264347,2068.5031339012767,308.04015403190095,2071.474378282134,312.2468750320722,2068.699166704689,313.40991115058955,1950.3737763208924,329.71156260110365,1950.3737763208924,329.71156260110365,0.03657262277951934,80.61386138613852,0.10979988812501151,226.0531550850942,,,226.0531550850942,350.7439886845825,,2025-02-09
2025,2,1,0,7,0,1722.25756718529,2284.827157001414,2368.0321782178216,1979.070297029703,1875.231966053748,2204.2132956152755,1753.1781220057487,2125.038967468175,351.29106336382455,2000.2954148986328,268.9024554868182,1973.2868819485632,248.1269481543058,-562.5695898161239,-30.92055482045862,-0.2462197580645159,-0.017636858703828362,0.8660254037844386,0.5000000000000001,1.0,6.123233995736766e-17,10,41,0,0,0,0,2,0.6486295610349814,0.7611042586607747,0.0,1.0,2284.827157001414,1661.7971711456858,1671.8274672628552,2443.3367933567547,1748.2806132226124,2066.0425742574257,1857.3267326732673,2307.7128712871286,,,1966.4298242069106,261.3144780451217,1942.254510849373,241.4931272839052,1965.582231753129,242.14050979384524,1960.030866776605,236.74575310617422,2062.3641159178455,311.4963867601827,2069.8664120263243,313.7073148740999,2062.194107770224,314.4672604724113,1948.9569054566962,329.17091306421844,1948.9569054566962,329.17091306421844,0.03638253638253652,60.46039603960435,-0.29512068419385473,-721.0792261714646,,,-721.0792261714646,-585.4553041018385,,2025-02-10
2025,2,1,1,7,0,1827.05558698727,1722.25756718529,2284.827157001414,2368.0321782178216,1979.070297029703,1661.7971711456858,1839.382944746087,1944.7134370579909,299.17162818174654,2009.4124587458746,260.4221077523168,1972.2596021353286,248.7564471500773,104.79801980197999,-12.327357758817016,0.060849214309595334,-0.006701898478524093,0.8660254037844386,0.5000000000000001,1.0,6.123233995736766e-17,11,42,0,0,0,0,2,0.6616346182422783,0.7498264012045686,0.7818314824680298,0.6234898018587336,1722.25756718529,1763.2362800565768,1758.9424465027146,2338.322069626317,1839.642989460236,2190.5029702970296,1981.148514851485,2615.407920792079,,,1975.5468680541524,254.0561804052278,1947.1197351696985,238.17934261747772,1948.5400156651606,232.81414066472385,1959.581316688285,236.99464120643276,2055.8739840730286,312.56247839156424,2068.0319724088936,314.681379267013,2053.434637394615,309.8299389648448,1948.2044281821934,328.2867876352723,1948.2044281821934,328.2867876352723,0.03619441571871773,63.8193069306933,-0.21864673360447373,-511.2664826390469,,,-511.2664826390469,-788.352333804809,,2025-02-11
2025,2,1,2,7,0,1836.172630834512,1827.05558698727,1722.25756718529,2284.827157001414,2368.0321782178216,1763.2362800565768,1924.9809964867457,1795.1619283356904,63.30137856466313,2002.9025695426683,264.8968600953304,1964.8589049976424,251.59574779147945,9.117043847241803,-88.80836565223376,0.004990019960079861,-0.04613467136263505,0.8660254037844386,0.5000000000000001,1.0,6.123233995736766e-17,12,43,0,0,0,0,2,0.6744436188329455,0.7383263540031065,0.9749279121818236,-0.22252093395631434,1827.05558698727,1772.3533239038188,1753.1781220057487,1748.2806132226124,1833.8786649632705,2613.668316831683,2030.6772277227724,1857.3267326732673,,,1984.6639119013942,246.5843246603338,1953.047914371753,233.97667447330403,1951.4697495855576,230.7510525542448,1959.663244040829,236.949969566181,2041.9901325373648,304.49902796347,2065.716441493557,315.6736102995116,2053.199591818629,309.98836699901386,1947.5171165420236,327.3896075141185,1947.5171165420236,327.3896075141185,0.03600823045267498,63.819306930693074,0.05027340402173075,87.89201761189952,,,87.89201761189952,-21.154101838755423,,2025-02-12
2025,2,1,3,7,0,1942.4101838755305,1836.172630834512,1827.05558698727,1722.25756718529,2284.827157001414,1772.3533239038188,2284.059405940594,1868.5461338991038,64.13036356762815,1996.7925506836398,265.9771005066597,1936.3881364922206,230.64979213687232,106.2375530410186,-341.64922206506344,0.05785815083886492,-0.14957983193277302,0.8660254037844386,0.5000000000000001,1.0,6.123233995736766e-17,13,44,0,0,0,0,2,0.6870527672236669,0.7266075247685656,0.43388373911755823,-0.900968867902419,1836.172630834512,1875.231966053748,1839.382944746087,1839.642989460236,1924.3308847013732,2962.157425742574,2104.970297029703,1683.9762376237625,,,1994.2608001616486,242.89514195748492,1960.4070028809988,231.73614704047063,1954.895322732734,229.79452698240812,1960.3089332970492,236.87474397128892,2023.7803603611676,277.79063880515156,2063.781202051245,315.9282501876707,2056.071080110315,307.7183963752147,1947.4859767086912,326.38404351399123,1947.4859767086912,326.38404351399123,0.035823950870010446,67.17821782178248,0.05586257496920477,102.7671944152944,,,102.7671944152944,258.433946251768,,2025-02-13
2025,2,1,4,7,0,2049.6074257425744,1942.4101838755305,1836.172630834512,1827.05558698727,1722.25756718529,1875.231966053748,2204.2132956152755,1942.7300801508718,106.71775704905114,1943.721758604432,200.89329810321465,1923.5043140028286,218.3177354550461,107.19724186704389,-154.60586987270108,0.055187747035573054,-0.07014106583072077,0.8660254037844386,0.5000000000000001,1.0,6.123233995736766e-17,14,45,0,0,0,0,2,0.6994583270516471,0.7146733860429609,-0.433883739117558,-0.9009688679024191,1942.4101838755305,1979.070297029703,1924.9809964867457,1833.8786649632705,2014.1763334397956,1918.5148514851485,2055.441584158416,1931.619801980198,,,2004.3375328349161,243.62197961442052,1969.3088906849866,232.66245722176504,1962.0862814253774,229.25172647733066,1961.5743294507197,237.26747576713404,2026.121299187193,277.43957493407413,2063.7117477843894,315.93074696061143,2057.3820537076745,307.4334384920004,1948.1048945816242,325.48455655199547,1948.1048945816242,325.48455655199547,0.035641547861507306,70.53712871287144,0.11763524212416998,215.7287607793039,,,215.7287607793039,117.98762376237642,,2025-02-14
2025,2,1,5,7,1,2452.0049504950493,2049.6074257425744,1942.4101838755305,1836.172630834512,1827.05558698727,1979.070297029703,1661.7971711456858,2148.0075200377178,268.6701331735065,1971.5847241867043,260.43480080459744,1989.354962281942,249.19425963060385,402.39752475247496,790.2077793493636,0.19632907243526687,0.4755139755139757,0.8660254037844386,0.5000000000000001,1.0,6.123233995736766e-17,15,46,0,0,0,0,3,0.7116566222817746,0.702527474169157,-0.9749279121818236,-0.2225209339563146,2049.6074257425744,2368.0321782178216,2284.059405940594,1924.3308847013732,2390.2443308847014,1739.4534653465348,2179.2633663366337,1783.0336633663364,,,2016.3336431602345,265.592102298879,1981.305001010305,253.532967516057,1979.6754169518333,245.89370918994157,1963.7800658653753,241.6468254550318,2038.8454328505593,280.37738570561527,2066.9586714053235,318.5235049158475,2064.815068009105,308.8098050782547,1951.1404370871264,326.8451388575382,1951.1404370871264,326.8451388575382,0.03546099290780136,83.9727722772277,0.27421171171171177,527.6740657936762,,,527.6740657936762,668.9712871287129,,2025-02-15
2025,2,1,6,7,1,2365.441018387553,2452.0049504950493,2049.6074257425744,1942.4101838755305,1836.172630834512,2368.0321782178216,1763.2362800565768,2289.017798208392,211.8049183060773,2078.781966053748,269.4968217365312,2039.5386904761906,259.9240717106963,-86.56393210749638,602.2047383309762,-0.03530332681017612,0.3415337723833889,0.8660254037844386,0.5000000000000001,1.0,6.123233995736766e-17,16,47,0,0,0,0,3,0.7236440382959124,0.6901733882429719,-0.7818314824680299,0.6234898018587334,2452.0049504950493,2284.827157001414,2204.2132956152755,2014.1763334397956,2287.3533056531455,1995.2554455445545,2600.257425742574,1857.3267326732673,,,2027.8499090725397,280.50365732036755,1992.8212669226104,267.70278923611573,1991.3842397834253,255.75848389244803,1966.568912748747,245.9321035041488,2045.4558895084701,283.6755126627348,2064.1632379844305,314.7953487185497,2070.460782294819,309.61750602070214,1953.6212788913208,327.43246382284923,1953.6212788913208,327.43246382284923,0.035282258064516236,80.61386138613898,0.17439619318129407,351.26468494775736,,,351.26468494775736,508.11428571428564,,2025-02-16
2025,2,1,0,8,0,1782.717963224894,2365.441018387553,2452.0049504950493,2049.6074257425744,1942.4101838755305,2284.827157001414,1772.3533239038188,2200.0546440358316,364.00653489765193,2071.3923620933524,278.2454926870993,2040.4024104196133,258.970982455059,-582.723055162659,10.364639321075174,-0.24634858812074,0.005847953216374435,0.8660254037844386,0.5000000000000001,1.0,6.123233995736766e-17,17,48,0,0,0,0,3,0.7354170229639855,0.6776147890466889,0.0,1.0,2365.441018387553,1722.25756718529,1661.7971711456858,2390.2443308847014,1710.054040242734,1841.7742574257425,2946.958415841584,1981.148514851485,,,2036.4871085067691,270.2698014876574,2001.4584663568396,257.9749858155873,1971.1333608614318,246.98938691369113,1969.1640528552525,243.4963613828494,2044.401312826312,284.55488487731174,2050.3032325961362,300.77660521689234,2068.2559983878573,310.9642263357426,1952.6039972504493,326.71683004793346,1952.6039972504493,326.71683004793346,0.035105315947843385,60.46039603960389,-0.25416914907395416,-607.5263676598074,,,-607.5263676598074,-198.43055162659107,,2025-02-17
2025,2,1,1,8,0,1890.8748939179632,1782.717963224894,2365.441018387553,2452.0049504950493,2049.6074257425744,1722.25756718529,1875.231966053748,2013.0112918434697,309.96695715541625,2080.509405940594,269.76370490313525,2041.7059877416311,258.1018963729148,108.15693069306917,15.642927864215153,0.06066968130921602,0.008341862845445247,0.8660254037844386,0.5000000000000001,1.0,6.123233995736766e-17,18,49,0,0,0,0,3,0.7469720876965552,0.6648553979642865,0.7818314824680298,0.6234898018587336,1782.717963224894,1827.05558698727,1763.2362800565768,2287.3533056531455,1799.292717981475,1918.5148514851485,1864.0841584158416,2030.6772277227724,,,2045.604152354011,263.00637032492926,2010.5755102040816,251.0714643274169,1957.9174138035924,239.9939288402365,1972.4348448529843,241.73878478927494,2043.9077421554696,284.80107430198717,2050.6221699235425,300.59091011877535,2066.7026391233594,311.50276360633296,1952.2387362839847,325.77761431463165,1952.2387362839847,325.77761431463165,0.034930139720558806,63.819306930693074,-0.17333501158535247,-396.47841173518236,,,-396.47841173518236,-139.80233380480922,,2025-02-18
2025,2,1,2,8,0,1899.991937765205,1890.8748939179632,1782.717963224894,2365.441018387553,2452.0049504950493,1827.05558698727,1979.070297029703,1857.8615983026873,65.23576121771086,2073.43969825554,274.61884822287544,2035.1161244695895,260.8414713016098,9.117043847241803,-79.07835926449798,0.004821600771456103,-0.0399573271263699,0.8660254037844386,0.5000000000000001,1.0,6.123233995736766e-17,19,50,0,0,0,0,3,0.7583058084785625,0.6518989958787126,0.9749279121818236,-0.22252093395631434,1890.8748939179632,1836.172630834512,1772.3533239038188,1710.054040242734,1793.5283934845097,2046.4158415841584,1690.1029702970297,2104.970297029703,,,2054.721196201253,255.53656502897957,2019.6925540513234,243.97267693837009,1964.2486770543412,235.69647726917023,1976.2371142915804,239.6488121376779,2041.2930295872738,285.4490391571301,2053.120848107688,298.42250379422177,2064.4251017981983,311.96882375931716,1951.9314021750508,324.83706193952264,1951.9314021750508,324.83706193952264,0.0347567030784508,63.819306930693074,0.11107128374464148,189.93789752247108,,,189.93789752247108,-204.97835926449807,,2025-02-19
2025,2,1,3,8,0,2009.5884016973123,1899.991937765205,1890.8748939179632,1782.717963224894,2365.441018387553,1836.172630834512,2368.0321782178216,1933.4850777934932,66.0648700447775,2066.769860914663,275.7968997194876,2005.2458097595472,238.84813395559962,109.59646393210733,-358.44377652050935,0.05768259420143451,-0.15136778115501526,0.8660254037844386,0.5000000000000001,1.0,6.123233995736766e-17,20,51,0,0,0,0,3,0.7694148268839378,0.6387494220515272,0.43388373911755823,-0.900968867902419,1899.991937765205,1942.4101838755305,1875.231966053748,1799.292717981475,1881.8569147237304,2097.5762376237626,1938.6475247524752,2055.441584158416,,,2064.3180844615076,251.85052451834974,2029.289442311578,240.47045251283137,1971.2585331782025,233.74043459879198,1980.7989531120654,239.000537047148,2039.7218182314446,285.3757524260654,2053.965382357031,298.1949361223423,2063.9156219930746,312.02109698227537,1952.2685776108533,323.9102601745236,1952.2685776108533,323.9102601745236,0.03458498023715406,67.1782178217818,0.11687686034307743,210.29568371583719,,,210.29568371583719,-45.85318246110364,,2025-02-20
2025,2,1,4,8,0,2120.144554455446,2009.5884016973123,1899.991937765205,1890.8748939179632,1782.717963224894,1942.4101838755305,2284.827157001414,2009.9082979726543,110.0766569673549,2011.4597949080623,208.04192497236872,1991.5222595473833,225.69261152702998,110.55615275813352,-164.68260254596817,0.05501432664756467,-0.07207661290322553,0.8660254037844386,0.5000000000000001,1.0,6.123233995736766e-17,21,52,0,0,0,0,3,0.7802958510707755,0.6254105729852463,-0.433883739117558,-0.9009688679024191,2009.5884016973123,2049.6074257425744,1979.070297029703,1793.5283934845097,1969.5786649632705,2174.3168316831684,1789.5207920792077,2179.2633663366337,,,2074.3948171347743,252.57392570739472,2039.3661749848452,241.15899992505913,1982.1457385439003,232.78125293210022,1986.1763063082146,240.42828968004963,2038.7544561380923,285.0027814425373,2057.9013795281767,296.84131620261246,2063.258746305506,311.83771057622505,1953.244600732043,323.2153349765295,1953.244600732043,323.2153349765295,0.034414945919370776,70.53712871287144,0.18210816296940724,326.6161609709361,,,326.6161609709361,-59.11881188118787,,2025-02-21
2025,2,1,5,8,1,2535.977722772277,2120.144554455446,2009.5884016973123,1899.991937765205,1890.8748939179632,2049.6074257425744,1722.25756718529,2221.903559641678,277.55648197764907,2039.8825789721832,268.84063490560413,2059.3322725129656,257.4452468634961,415.83316831683123,813.720155586987,0.19613434727503143,0.4724729744789924,0.8660254037844386,0.5000000000000001,1.0,6.123233995736766e-17,22,53,0,0,0,0,4,0.7909456567567772,0.6118864012687243,-0.9749279121818236,-0.2225209339563146,2120.144554455446,2452.0049504950493,2368.0321782178216,1881.8569147237304,2337.151868412647,2123.1564356435642,1864.0841584158416,2600.257425742574,,,2086.390927460093,274.5370488061985,2051.3622853101633,262.03884277785994,2003.9497654788518,252.83467343484384,1993.2772296782016,253.74538799781618,2046.1262648368195,292.46681993103556,2065.9001124371816,300.58463593735235,2062.544527383614,310.66538192458495,1956.6130002814084,325.3054837663898,1956.6130002814084,325.3054837663898,0.03424657534246567,83.9727722772277,0.34759327498848447,654.1208080485467,,,654.1208080485467,-64.27970297029697,,2025-02-22
2025,2,1,6,8,1,2446.0548797736915,2535.977722772277,2120.144554455446,2009.5884016973123,1899.991937765205,2452.0049504950493,1827.05558698727,2367.3923856671377,218.79247462470371,2150.438731730316,278.16640909790056,2110.915546911834,268.45187691548165,-89.92284299858557,618.9992927864214,-0.035458845789971605,0.3387960920264734,0.8660254037844386,0.5000000000000001,1.0,6.123233995736766e-17,23,54,0,0,0,0,4,0.8013610881746766,0.5981809144059164,-0.7818314824680299,0.6234898018587334,2535.977722772277,2365.441018387553,2284.827157001414,1969.5786649632705,2236.384541679974,2251.057425742574,1988.3564356435643,2946.958415841584,,,2097.9071933723985,289.4778004403149,2062.878551222469,276.24630496649434,2019.8323059725326,265.26133486101764,2000.7654560386911,264.0691455772257,2049.608362230232,296.0894630786213,2071.3489034387308,303.298214239779,2056.978932538415,298.9073663577368,1959.4258846463067,326.47925467797586,1959.4258846463067,326.47925467797586,0.03407984420642651,80.61386138613852,0.24191783922441434,476.47621481042097,,,476.47621481042097,-500.9035360678927,,2025-02-23
2025,2,1,0,9,0,1843.178359264498,2446.0548797736915,2535.977722772277,2120.144554455446,2009.5884016973123,2365.441018387553,1836.172630834512,2275.070320603488,376.7220847324554,2142.4893092880716,287.58968911873984,2111.499357614333,267.806910446058,-602.8765205091934,7.00572842998622,-0.24646892655367214,0.003815397480792626,0.8660254037844386,0.5000000000000001,1.0,6.123233995736766e-17,24,55,0,0,0,0,4,0.8115390590073611,0.5842981736283683,0.0,1.0,2446.0548797736915,1782.717963224894,1722.25756718529,2337.151868412647,1671.8274672628552,2685.920792079208,2038.0653465346536,1864.0841584158416,,,2106.5443928066275,279.2265213385911,2071.5157506566984,266.49539982785655,2003.3665223342612,260.1673830341885,2006.8851307530356,258.081436281026,2034.5593902156836,284.3439271054898,2069.0288202569436,304.29962662087826,2056.7466458811778,299.0670333920305,1958.7616130726965,325.658325403485,1958.7616130726965,325.658325403485,0.0339147286821706,60.46039603960412,-0.21135704351281515,-493.9735091481491,,,-493.9735091481491,-20.905799151343444,,2025-02-24
2025,2,1,1,9,0,1954.694200848656,1843.178359264498,2446.0548797736915,2535.977722772277,2120.144554455446,1782.717963224894,1942.4101838755305,2081.3091466289484,320.7624247266611,2151.6063531353134,279.10659292258373,2112.523025695427,267.1244326774674,111.5158415841579,12.284016973125517,0.06050192648130759,0.0063241106719365,0.8660254037844386,0.5000000000000001,1.0,6.123233995736766e-17,25,56,0,0,0,0,4,0.8214765533024142,0.5702422926917871,0.7818314824680298,0.6234898018587336,1843.178359264498,1890.8748939179632,1827.05558698727,2236.384541679974,1758.9424465027146,3044.0435643564356,2112.6287128712875,1690.1029702970297,,,2115.6614366538697,271.9583319616879,2080.63279450394,259.5825334472216,1993.9768443065502,256.52529381141585,2013.8762648368192,253.7308679929968,2015.1067230101876,249.10604490642208,2067.148647494769,304.51482880000174,2059.6865484428627,296.7135776113552,1958.7385027759688,324.72668475190784,1958.7385027759688,324.72668475190784,0.03375120540019272,63.819306930692846,-0.12595791805094125,-281.69034083131805,,,-281.69034083131805,264.59123055162627,,2025-02-25
2025,2,1,2,9,0,1963.8112446958985,1954.694200848656,1843.178359264498,2446.0548797736915,2535.977722772277,1890.8748939179632,2049.6074257425744,1920.561268269684,67.17042561057096,2143.9768269684114,284.34173006092544,2105.373343941537,270.09316466163176,9.117043847242485,-85.79618104667588,0.004664179104477917,-0.041859811771316036,0.8660254037844386,0.5000000000000001,1.0,6.123233995736766e-17,26,57,0,0,0,0,4,0.8311706263658079,0.5560174366570446,0.9749279121818236,-0.22252093395631434,1954.694200848656,1899.991937765205,1836.172630834512,1671.8274672628552,1753.1781220057487,1914.579207920792,2062.919801980198,1938.6475247524752,,,2124.778480501111,264.49048835055777,2089.749838351182,252.4804650113483,2003.7096368876516,249.31903735999967,2021.3988763614673,248.78973827138307,2015.9858665240288,248.8315367059796,2065.968783717575,304.7233412574748,2059.966145331123,296.6100774932594,1958.7671623348385,323.8030761211545,1958.7671623348385,323.8030761211545,0.0335892514395395,63.81930693069353,0.1746494678132573,291.9837774330433,,,291.9837774330433,25.163719943423303,,2025-02-26
2025,2,1,3,9,0,2076.7666195190945,1963.8112446958985,1954.694200848656,1843.178359264498,2446.0548797736915,1899.991937765205,2452.0049504950493,1998.4240216878827,67.99964778095656,2136.747171145686,285.61748003319354,2074.103483026874,247.05257393502538,112.95537482319605,-375.2383309759548,0.05751844793041072,-0.15303326810176132,0.8660254037844386,0.5000000000000001,1.0,6.123233995736766e-17,27,58,0,0,0,0,4,0.8406184056344782,0.5416278206559814,0.43388373911755823,-0.900968867902419,1963.8112446958985,2009.5884016973123,1942.4101838755305,1758.9424465027146,1839.382944746087,2009.278824656659,2187.192079207921,1789.5207920792077,,,2134.3753687613657,260.8073980474454,2099.3467266114367,248.97840410686644,2014.303775988198,245.27948598010096,2029.876864746218,246.3905561298948,2017.1910057180007,248.96185668446165,2064.6541949117554,304.43212911093053,2063.1577656360105,295.20942243689313,1959.4300806336264,323.0081919731164,1959.4300806336264,323.0081919731164,0.03342884431709647,67.17821782178225,0.18069049027062034,317.82417301638,,,317.82417301638,287.24582743988685,,2025-02-27
2025,2,1,4,9,0,2190.681683168317,2076.7666195190945,1963.8112446958985,1954.694200848656,1843.178359264498,2009.5884016973123,2365.441018387553,2077.0865157944363,113.43555753548472,2079.197831211693,215.1925015313389,2059.540205091938,233.07286524229718,113.91506364922225,-174.75933521923616,0.05485212569316089,-0.07388023369036023,0.8660254037844386,0.5000000000000001,1.0,6.123233995736766e-17,28,59,0,1,0,0,4,0.8498170915275278,0.5270777086423722,-0.433883739117558,-0.9009688679024191,2076.7666195190945,2120.144554455446,2049.6074257425744,1753.1781220057487,1924.9809964867457,2103.3716703928458,2609.717821782178,1864.0841584158416,,,2144.4521014346333,261.52759396616176,2109.4234592847038,249.6643443490284,2028.88722802695,242.2054562306978,2039.3661749848454,247.31581221657456,2018.7501130889916,249.78340133809334,2059.6656694520666,298.773570638838,2066.786627022149,294.74179419453844,1960.721989027675,322.5630175018038,1960.721989027675,322.5630175018038,0.033269961977186124,70.53712871287098,0.24954883686435458,437.5035611625681,,,437.5035611625681,326.59752475247524,,2025-02-28
2025,3,1,5,9,1,2619.9504950495048,2190.681683168317,2076.7666195190945,1963.8112446958985,1954.694200848656,2120.144554455446,1782.717963224894,2295.7995992456385,286.4428614390462,2108.1804337576614,277.24662863328734,2129.309582743989,265.7012184659794,429.26881188118796,837.2325318246108,0.19595216191352338,0.46963824289405665,1.0,6.123233995736766e-17,1.0,6.123233995736766e-17,1,60,1,0,0,0,1,0.8587639582758029,0.5123714121284237,-0.9749279121818236,-0.2225209339563146,2190.681683168317,2535.977722772277,2452.0049504950493,1839.382944746087,2284.059405940594,2496.4292558288084,2957.680198019802,1988.3564356435643,,,2156.4482117599514,283.4840259933271,2121.4195696100223,270.55225369826906,2054.9061463703974,262.24333242885825,2051.3622853101633,266.98813852973194,2020.9558495036467,254.57766086695517,2055.6450777500395,288.64410444485344,2073.804338793326,300.31966436741584,1964.3843696166853,325.3920379247599,1964.3843696166853,325.3920379247599,0.0331125827814569,83.9727722772277,0.4243638077285581,780.5675503034176,,,780.5675503034176,631.5940594059405,,2025-03-01
2025,3,1,6,9,1,2508.9114021079527,2619.9504950495048,2190.681683168317,2076.7666195190945,1963.8112446958985,2535.977722772277,1890.8748939179632,2439.8478601085912,222.81215819294084,2219.135940898237,283.13280543341017,2180.8126250931546,275.01804774027516,-111.0390929415521,618.0365081899895,-0.04238213399503721,0.3268521413965124,1.0,6.123233995736766e-17,1.0,6.123233995736766e-17,2,61,0,0,0,0,1,0.8674563547295968,0.49751328890718066,-0.7818314824680299,0.6234898018587334,2619.9504950495048,2446.0548797736915,2365.441018387553,1924.9809964867457,2204.2132956152755,2389.290833599489,1866.9059405940593,2038.0653465346536,1565.3465346534654,,2165.42771495056,294.9500002852834,2131.6674541614793,282.93978302213446,2074.3704932244377,273.6880807258001,2062.244360542045,279.37125175768483,2023.091931084155,258.2005083863181,2063.287999910919,292.0657806886069,2079.0359616330297,303.7713651562745,1969.6263966580989,326.52605554966556,1967.3928062602831,327.0014240349561,0.025697102241662106,62.85652233426117,0.3033434650455926,583.930405621207,,,583.930405621207,470.84605557329905,,2025-03-02
2025,3,1,0,10,0,1877.0027467262855,2508.9114021079527,2619.9504950495048,2190.681683168317,2076.7666195190945,2446.0548797736915,1899.991937765205,2335.288214627914,400.75129146102887,2206.187365211176,298.97846830930064,2178.8968591732446,277.22329927413875,-631.9086553816671,-22.989191038919444,-0.2518656716417911,-0.01209962557312727,1.0,6.123233995736766e-17,1.0,6.123233995736766e-17,3,62,0,0,0,0,1,0.8758917051442429,0.48250774176121847,0.0,1.0,2508.9114021079527,1843.178359264498,1782.717963224894,2284.059405940594,1661.7971711456858,1786.507186202491,1692.661386138614,2112.6287128712875,1419.2475247524753,,2170.2597703022443,289.00804191589884,2138.402081554436,275.0059249317544,2060.801937917294,273.0233801317094,2069.930273955638,270.77436642910817,2024.7079232363656,256.9731541465844,2065.482539917915,289.93215751762256,2076.4178953425294,304.4931103130704,1972.16948122462,323.9882968625875,1966.8961575815251,326.1656792541318,0.018351120113674124,33.82438746178741,-0.17821631878557875,-407.0566592143084,,,-407.0566592143084,-235.62596614500194,,2025-03-03
2025,3,1,1,10,0,1976.33982753114,1877.0027467262855,2508.9114021079527,2619.9504950495048,2190.681683168317,1843.178359264498,2009.5884016973123,2120.7513254551254,339.8060442900528,2208.275462350382,296.98423138154664,2176.1261446593967,279.2281910182553,99.3370808048544,-33.248574166172375,0.05292324743696297,-0.01654496718735554,1.0,6.123233995736766e-17,1.0,6.123233995736766e-17,4,63,0,0,0,0,1,0.8840675099433636,0.46735921715800227,0.7818314824680298,0.6234898018587336,1877.0027467262855,1954.694200848656,1890.8748939179632,2204.2132956152755,1763.2362800565768,1879.9932609389969,1941.5821782178218,2062.919801980198,1627.960396039604,,2173.352002685456,286.42142200933216,2144.5067196696627,269.9914666439331,2053.206155647823,272.06410059746514,2077.541114936872,264.7628233849718,2026.4283976397967,256.30831876540134,2065.8963214573596,289.77796207755154,2075.455895626429,304.6729496760837,1974.1049225106842,322.95951441907624,1966.9477623353482,325.2691345832601,0.011073663938372613,21.645626682483908,-0.10338086088920351,-227.87346808413554,,,-227.87346808413554,-86.579974449058,,2025-03-04
2025,3,1,2,10,0,1971.398977962312,1976.33982753114,1877.0027467262855,2508.9114021079527,2619.9504950495048,1954.694200848656,2120.144554455446,1941.580517406579,55.98052650825488,2190.7141887575854,309.18074700034646,2163.730679951636,285.17741097760637,-4.9408495688278435,-148.74557649313374,-0.0024999999999999467,-0.07015822396663829,1.0,6.123233995736766e-17,1.0,6.123233995736766e-17,5,64,0,0,0,0,1,0.8919813464595485,0.45207220393230435,0.9749279121818236,-0.22252093395631434,1976.33982753114,1963.8112446958985,1899.991937765205,1661.7971711456858,1772.3533239038188,1874.2289364420312,1792.2297029702968,2187.192079207921,1502.7326732673266,,2174.435964580658,285.5091522284778,2149.607222540885,265.65661708921715,2063.526215875044,262.40556147270706,2084.649888296104,258.8717769594708,2028.1635769526588,255.58711158124245,2068.0292890167884,288.3954228616207,2073.0581945014774,304.6328498881292,1976.7086242034343,321.02145842110417,1966.971953724625,324.3793696629971,0.0038637793153020183,7.587733266413579,0.1863054121118637,309.6018068166263,,,309.6018068166263,-215.7931012456088,,2025-03-05
2025,3,1,3,10,0,2069.9559246247204,1971.398977962312,1976.33982753114,1877.0027467262855,2508.9114021079527,1963.8112446958985,2535.977722772277,2005.898243372724,55.53055820132841,2170.593229000319,313.0869242714904,2124.895530106006,260.5441038456946,98.55694666240834,-466.02179814755664,0.04999340456404178,-0.18376415295876947,1.0,6.123233995736766e-17,1.0,6.123233995736766e-17,6,65,0,0,0,0,1,0.8996308696522433,0.43665123195606403,0.43388373911755823,-0.900968867902419,1971.398977962312,2076.7666195190945,2009.5884016973123,1763.2362800565768,1875.231966053748,1966.804854679016,1866.9059405940593,2609.717821782178,1565.3465346534654,,2173.4630081671758,285.9087871193965,2153.919188464271,263.69175667671783,2073.7502040273152,256.2040592730055,2091.6043153879245,255.63283633232254,2030.0055603445464,255.50855325735023,2070.446550731439,287.53903118348273,2067.060840088617,299.2138264899465,1979.5120097032745,319.60928239127776,1967.5286238375986,323.58529787272477,-0.003279470514578664,-6.810694894374137,0.17395266195311154,306.7196445681436,,,306.7196445681436,-539.7618971574575,,2025-03-06
2025,3,1,4,10,0,2167.992781858831,2069.9559246247204,1971.398977962312,1976.33982753114,1877.0027467262855,2076.7666195190945,2446.0548797736915,2069.7825614819544,98.29701660635227,2095.2669434685404,225.4584772284942,2101.723688613101,241.01798592031284,98.03685723411081,-278.06209791486026,0.047361809045226355,-0.11367778385274274,1.0,6.123233995736766e-17,1.0,6.123233995736766e-17,7,66,0,0,0,0,1,0.9070138128026359,0.4211008707960896,-0.433883739117558,-0.9009688679024191,2069.9559246247204,2190.681683168317,2120.144554455446,1772.3533239038188,1979.070297029703,2058.77400191632,1991.3663366336634,2957.680198019802,1669.7029702970297,,2170.221736551535,285.809641494641,2157.3369189930845,263.53036035740564,2086.938185959149,250.26875056393268,2098.351546988965,255.0451345726186,2031.9558957006627,256.1481808408499,2072.549246507929,287.59957594481057,2058.286535464606,283.9949517055246,1982.2802864341731,319.06839491493764,1968.6063881280352,323.04413308590193,-0.010357005074635661,-22.688901309485573,0.22322832170030837,395.6394579550124,,,395.6394579550124,-789.6874161609708,,2025-03-07
2025,3,1,5,10,1,2574.442670073459,2167.992781858831,2069.9559246247204,1971.398977962312,1976.33982753114,2190.681683168317,1843.178359264498,2270.7971255190027,267.4944277735794,2106.188821462791,249.77971857686455,2162.6623811805143,261.29774413509006,406.44988821462766,731.2643108089608,0.18747750989564582,0.39674093781177233,1.0,6.123233995736766e-17,1.0,6.123233995736766e-17,8,67,0,0,0,0,2,0.9141279881853337,0.40542572835999735,-0.9749279121818236,-0.2225209339563146,2167.992781858831,2619.9504950495048,2535.977722772277,1875.231966053748,2368.0321782178216,2443.3367933567547,2041.150495049505,1866.9059405940593,1711.4455445544554,,2163.720618697814,274.15496292290175,2160.0844152288832,267.94516198299334,2110.2452094264727,262.14917811165446,2105.723350269523,265.8814867669788,2034.297072070604,260.53806895369996,2078.8979628772618,292.73836423339543,2066.148054681044,288.3965183619279,1987.0747149092788,321.45095220545625,1971.8461543416472,325.2064235933838,-0.017369727047146344,-45.50782497604587,0.37286624624426334,699.2107040197109,,,699.2107040197109,707.5367294793996,,2025-03-08
2025,3,1,6,10,1,2465.223890130948,2574.442670073459,2167.992781858831,2069.9559246247204,1971.398977962312,2619.9504950495048,1954.694200848656,2402.553114021079,210.34756366804464,2204.2256786969015,257.16224858406395,2205.2065219540386,265.8800614236163,-109.21877994251099,510.5296892822919,-0.0424242424242427,0.2611813597547068,1.0,6.123233995736766e-17,1.0,6.123233995736766e-17,9,68,0,0,0,0,2,0.9209712877166346,0.38963044953078796,-0.7818314824680299,0.6234898018587334,2574.442670073459,2508.9114021079527,2446.0548797736915,1979.070297029703,2284.827157001414,2338.322069626317,2115.8267326732675,1692.661386138614,1774.0594059405942,,2157.479545558242,265.34271893395663,2161.453630254401,269.56299019049504,2126.450329196514,268.7049647824511,2112.1660907384353,272.4858318021205,2036.5631760081867,263.7624222407351,2083.057452846996,295.7363266200032,2074.732082503181,288.65232466019904,1990.9145175992253,323.0164662187623,1974.4705040001008,326.3256905663195,-0.017412935323383283,-43.68751197700476,0.24564746074502297,486.15359310124495,,,486.15359310124495,772.5625039923339,,2025-03-09
2025,3,1,0,11,0,1844.237112743532,2465.223890130948,2574.442670073459,2167.992781858831,2069.9559246247204,2508.9114021079527,1963.8112446958985,2294.6345576493127,393.8598472252224,2182.208559565634,284.75020482192355,2195.242010958008,277.72615918291854,-620.9867773874159,-119.57413195236654,-0.2518987341772152,-0.0608888111193614,1.0,6.123233995736766e-17,1.0,6.123233995736766e-17,10,69,0,0,0,0,2,0.9275416835791966,0.37371971479046906,0.0,1.0,2465.223890130948,1877.0027467262855,1843.178359264498,2368.0321782178216,1722.25756718529,1748.2806132226124,2066.0425742574257,1941.5821782178218,1732.3168316831684,,2152.798740703563,271.33643582633454,2161.5292555029037,269.46696167337825,2108.9904936807043,269.48261532696824,2116.522503079801,266.9398710002811,2038.2766849282032,262.16240291202183,2080.4169116384974,296.878091031332,2073.6504706645774,289.33842375094497,1991.5362969384496,322.6233860497374,1973.781438437897,325.594483536471,-0.017456359102244634,-32.76563398275357,-0.2211942347288951,-523.7950654742897,,,-523.7950654742897,-97.34506547428987,,2025-03-10
2025,3,1,1,11,0,1941.753880549345,1844.237112743532,2465.223890130948,2574.442670073459,2167.992781858831,1877.0027467262855,2076.7666195190945,2083.738294474608,333.9548244460279,2177.2677099968055,289.3595330134901,2183.9909493771956,285.58564893925137,97.51676780581306,-135.01273896974953,0.05287648054145522,-0.06501103094627636,1.0,6.123233995736766e-17,1.0,6.123233995736766e-17,11,70,0,0,0,0,2,0.9338372288229252,0.35769823883312546,0.7818314824680298,0.6234898018587336,1844.237112743532,1976.33982753114,1954.694200848656,2284.827157001414,1827.05558698727,1839.642989460236,2190.5029702970296,1792.2297029702968,1836.6732673267325,,2147.8578911347354,275.37007506260846,2160.604946910096,270.2520588960453,2097.554717798969,269.0424759724234,2120.6188707070182,263.1869696786403,2040.1000936976511,261.1087206311132,2077.455612951025,297.0073576850734,2075.3118504154563,288.1311154680373,1992.1200781230198,322.4366153851587,1973.6128723437466,324.74029261220505,-0.01749999999999996,-34.585946981794905,-0.15015283558792913,-343.07327645206897,,,-343.07327645206897,149.52417757904823,,2025-03-11
2025,3,1,2,11,0,1936.8130309805172,1941.753880549345,1844.237112743532,2465.223890130948,2574.442670073459,1976.33982753114,2190.681683168317,1907.6013414244644,54.93061173755256,2155.077227722772,303.9713226897177,2162.8352283615454,294.3146391077743,-4.9408495688278435,-253.86865218779963,-0.0025445292620864812,-0.11588568715315917,1.0,6.123233995736766e-17,1.0,6.123233995736766e-17,12,71,0,0,0,0,2,0.9398560579418954,0.3415707691678556,0.9749279121818236,-0.22252093395631434,1941.753880549345,1971.398977962312,1963.8112446958985,1722.25756718529,1836.172630834512,1833.8786649632705,2613.668316831683,1866.9059405940593,2191.4851485148515,,2142.9170415659078,279.3454761993375,2158.6765030732827,271.85591139051627,2104.7065665921427,261.46716236305593,2124.213170712232,259.824191185621,2041.9382073765307,259.99051570177784,2069.3978119289873,291.41350697477435,2076.0885958641948,287.6568186497766,1990.7052330256067,322.1155064961185,1973.4202030172376,323.8955308606981,-0.01754385964912275,-34.585946981794905,0.12457803518081101,214.55546379522707,,,214.55546379522707,69.90709038645787,,2025-03-12
2025,3,1,3,11,0,2033.5496646438835,1936.8130309805172,1941.753880549345,1844.237112743532,2465.223890130948,1971.398977962312,2619.9504950495048,1970.7055253912483,54.48066058169897,2132.670041520281,307.7604491083465,2113.968492494411,257.95296790825046,96.73663366336632,-586.4008304056213,0.04994629430719666,-0.22382133995037223,1.0,6.123233995736766e-17,1.0,6.123233995736766e-17,13,72,0,0,0,0,2,0.9455963874271426,0.3253420847119801,0.43388373911755823,-0.900968867902419,1936.8130309805172,2069.9559246247204,2076.7666195190945,1827.05558698727,1942.4101838755305,1924.3308847013732,2962.157425742574,1991.3663366336634,2483.6831683168316,,2137.7161472829307,281.26260679250964,2155.5895777250535,273.1000611795534,2111.5897025140303,256.5782225450692,2127.4681521682446,258.02694137055084,2043.8885427326472,259.50143198317414,2058.3429576301933,274.2462133166323,2076.5572995087527,287.5515696021528,1988.2044913385348,320.0072995679247,1973.733377296543,323.0756687203313,-0.017587939698492483,-36.40625998083692,0.1130201396866708,206.4940776566134,,,206.4940776566134,42.183328010220066,,2025-03-13
2025,3,1,4,11,0,2129.7662088789525,2033.5496646438835,1936.8130309805172,1941.753880549345,1844.237112743532,2069.9559246247204,2508.9114021079527,2033.3763015011175,96.47670577067001,2058.557297987863,221.57240557374024,2082.373059725327,226.4804787305062,96.21654423506902,-379.14519322900014,0.04731457800511518,-0.15111940298507454,1.0,6.123233995736766e-17,1.0,6.123233995736766e-17,14,73,0,0,0,0,2,0.9510565162951535,0.30901699437494745,-0.433883739117558,-0.9009688679024191,2033.5496646438835,2167.992781858831,2190.681683168317,1836.172630834512,2049.6074257425744,2014.1763334397956,1918.5148514851485,2041.150495049505,1588.1435643564355,,2132.255208285805,280.9477109756011,2151.23847241867,272.9831926753965,2121.376155115511,251.2549005610744,2130.3309658516873,257.5753665654663,2045.9526476512035,259.7204159232396,2060.8578547420243,273.916923122681,2077.541918551302,287.5806844202463,1991.2135060303265,318.76855820327165,1974.5418375638094,322.4289057016174,-0.017632241813602012,-38.22657297987871,0.15989432208833598,293.5935780444406,,,293.5935780444406,88.61571382944749,,2025-03-14
2025,3,1,5,11,1,2528.934845097413,2129.7662088789525,2033.5496646438835,1936.8130309805172,1941.753880549345,2167.992781858831,1877.0027467262855,2230.750239540083,262.67841572856844,2069.175790482274,245.2233512213197,2136.7007345895877,249.73622217442485,399.1686362184605,651.9320983711275,0.18742368742368742,0.3473261291216403,1.0,6.123233995736766e-17,1.0,6.123233995736766e-17,15,74,0,0,0,0,3,0.9562348265919056,0.29260033563334836,-0.9749279121818236,-0.2225209339563146,2129.7662088789525,2574.442670073459,2619.9504950495048,1942.4101838755305,2452.0049504950493,2390.2443308847014,1739.4534653465348,2115.8267326732675,1439.9168316831683,,2125.7540904320845,269.2950144915191,2144.7373545649493,261.81755121155595,2140.926977156241,259.5320692606382,2133.0784620874856,261.51385566391514,2048.4292639764303,263.69402900532253,2070.2564425962014,276.29007764516837,2082.132008689348,291.46914763906943,1997.2636061048502,318.5812212330349,1977.399533478931,324.04634073947364,-0.017676767676767624,-45.50782497604587,0.30195715925028677,586.5246612218825,,,586.5246612218825,413.1081124241455,,2025-03-15
2025,3,1,6,11,1,2421.536378153944,2528.934845097413,2129.7662088789525,2033.5496646438835,1936.8130309805172,2574.442670073459,1976.33982753114,2360.0791440434364,206.5590563338068,2165.3923347173427,252.46278720449453,2173.800447141488,256.7186373870321,-107.39846694346897,445.1965506228041,-0.042467866323907644,0.22526315789473683,1.0,6.123233995736766e-17,1.0,6.123233995736766e-17,16,75,0,0,0,0,3,0.9611297838723007,0.27609697309746883,-0.7818314824680299,0.6234898018587334,2528.934845097413,2465.223890130948,2508.9114021079527,2049.6074257425744,2365.441018387553,2287.3533056531455,1995.2554455445545,2066.0425742574257,1651.669306930693,,2119.5130172925124,260.47827447626065,2138.496281425377,253.37403792573633,2153.3246089032864,263.8665605511938,2135.0818677934285,263.56667868280255,2050.8253902710876,266.49927350024507,2075.3312156034563,278.7993696304469,2086.081939843754,293.6492935827136,2001.5406453894234,319.08304582036703,1979.677158323418,324.7712115592624,-0.017721518987341645,-43.68751197700385,0.18146350746978746,371.92895241136966,,,371.92895241136966,355.49380389651833,,2025-03-16
2025,3,1,0,12,0,1811.4714787607793,2421.536378153944,2528.934845097413,2129.7662088789525,2033.5496646438835,2465.223890130948,1971.398977962312,2253.980900670712,386.9684083161694,2143.678601085915,279.6798853490845,2160.4731555413605,271.88459663908895,-610.0648993931648,-159.92749920153278,-0.25193298969072153,-0.08112386228729707,1.0,6.123233995736766e-17,1.0,6.123233995736766e-17,17,76,0,0,0,0,3,0.9657399376548549,0.2595117970697999,0.0,1.0,2421.536378153944,1844.237112743532,1877.0027467262855,2452.0049504950493,1782.717963224894,1710.054040242734,1841.7742574257425,2190.5029702970296,1524.617821782178,,2114.8322124378333,266.4748221821046,2133.815476570698,259.1166731599834,2131.9734931788107,264.7782939451646,2136.108779062567,262.195394792369,2052.6364159589098,264.47835330076043,2074.970468238397,279.1246325761004,2081.870478826684,294.8504220998556,2003.1342768170825,317.3996828515464,1978.8189660807518,324.16012765311194,-0.01776649746192871,-32.76563398275266,-0.2612284577993813,-640.53347173427,,,-640.53347173427,-379.0314915362503,,2025-03-17
2025,3,1,1,12,0,1907.16793356755,1811.4714787607793,2421.536378153944,2528.934845097413,2129.7662088789525,1844.237112743532,2069.9559246247204,2046.7252634940908,328.1036141527044,2138.737751517087,284.2891665655115,2146.9074896199295,280.7288260726296,95.69645480677082,-162.7879910571703,0.05282802182026969,-0.07864321608040203,1.0,6.123233995736766e-17,1.0,6.123233995736766e-17,18,77,0,0,0,0,3,0.970063921851507,0.2428497220959356,0.7818314824680298,0.6234898018587336,1811.4714787607793,1941.753880549345,1976.33982753114,2365.441018387553,1890.8748939179632,1799.292717981475,1918.5148514851485,2613.668316831683,1588.1435643564355,,2109.8913628690057,270.5089169602628,2128.8746270018705,262.98107782323837,2116.6977236848106,264.0630008217652,2136.6906733357664,261.64849532412325,2054.5627590943755,262.98821993807445,2074.835385882235,279.2039959032326,2074.020474568194,289.8961197810403,2004.906634423811,315.95686737162947,1978.4552552558116,323.37242808724574,-0.01781170483460559,-34.585946981794905,-0.19373684706473604,-458.27308482000285,,,-458.27308482000285,-706.500383264133,,2025-03-18
2025,3,1,2,12,0,1902.227083998722,1907.16793356755,1811.4714787607793,2421.536378153944,2528.934845097413,1941.753880549345,2167.992781858831,1873.62216544235,53.880737651385054,2116.8506547428938,298.6972190467419,2124.760348131587,289.2676289123317,-4.940849568828071,-265.7656978601092,-0.002590673575129654,-0.12258606213266188,1.0,6.123233995736766e-17,1.0,6.123233995736766e-17,19,78,0,0,0,0,3,0.9741004551724205,0.22611568550828828,0.9749279121818236,-0.22252093395631434,1907.16793356755,1936.8130309805172,1971.398977962312,1782.717963224894,1899.991937765205,1793.5283934845097,2046.4158415841584,2962.157425742574,1694.019801980198,,2104.9505133001776,274.48372894043183,2123.9337774330425,266.7895130559795,2120.681361043938,259.7165482478195,2136.7704999869634,261.5739363449702,2056.503807139272,261.42304408885656,2073.118853053837,279.8233687911841,2062.24347077104,274.53293502605476,2006.0633415461364,315.1925584869751,1978.070264491887,322.59613077456066,-0.017857142857142905,-34.58594698179513,0.06703759273151588,119.50912077382804,,,119.50912077382804,-1059.930341743852,,2025-03-19
2025,3,1,3,12,0,1997.1434046630468,1902.227083998722,1907.16793356755,1811.4714787607793,2421.536378153944,1936.8130309805172,2574.442670073459,1935.5128074097727,53.43080466323685,2094.7468540402424,302.4340223854814,2076.6520760140525,253.47268024596218,94.91632066432476,-577.2992654104121,0.049897470950102774,-0.22424242424242424,1.0,6.123233995736766e-17,1.0,6.123233995736766e-17,20,79,0,0,0,0,3,0.9778483415056568,0.20931464596304847,0.43388373911755823,-0.900968867902419,1902.227083998722,2033.5496646438835,2069.9559246247204,1890.8748939179632,2009.5884016973123,1881.8569147237304,2097.5762376237626,1918.5148514851485,1736.3702970297031,,2099.7496190172014,276.40032895926123,2118.732883150066,268.6261164075976,2124.223644735441,257.18650543112904,2136.3260358071684,261.8085150549782,2058.562494459617,260.4749236038706,2071.9232240900187,279.9321517536567,2063.1171213619054,274.19530875545166,2007.512081032988,314.5446641854702,1978.16610941737,321.7833034256962,-0.01790281329923271,-36.406259980836694,0.05620070956936307,106.26851074508363,,,106.26851074508363,78.62855317789831,,2025-03-20
2025,3,1,4,12,0,2091.5396358990733,1997.1434046630468,1902.227083998722,1907.16793356755,1811.4714787607793,2033.5496646438835,2465.223890130948,1996.9700415202806,94.65639501819001,2021.8476525071858,217.686473004783,2045.5117214947297,222.45108154786337,94.39623123602655,-373.68425423187455,0.04726562499999987,-0.15158227848101258,1.0,6.123233995736766e-17,1.0,6.123233995736766e-17,21,80,0,0,0,0,3,0.9813064702716093,0.19245158197082998,-0.433883739117558,-0.9009688679024191,1997.1434046630468,2129.7662088789525,2167.992781858831,1899.991937765205,2120.144554455446,1969.5786649632705,2174.3168316831684,1739.4534653465348,1799.8960396039606,,2094.2886800200754,276.0858882864431,2113.2719441529403,268.32461748354746,2130.6085680065703,253.78292566190012,2135.304431573012,261.92977708658657,2060.7403689406137,260.2271376636442,2070.9377812830653,279.71296768434524,2067.0291899236004,272.0286932453305,2009.1323232346276,314.2202157051719,1978.7329770497786,321.0738825470066,-0.017948717948718218,-38.226572979879165,0.10081500575163971,191.54769813386838,,,191.54769813386838,352.08617055253853,,2025-03-21
2025,3,1,5,12,1,2483.4270201213667,2091.5396358990733,1997.1434046630468,1902.227083998722,1907.16793356755,2129.7662088789525,1844.237112743532,2190.703353561162,257.8624068010474,2032.1627595017562,240.66700199671388,2098.7775471095497,245.2347081697494,391.88738422229335,639.1899073778347,0.18736789755066519,0.34658770445572484,1.0,6.123233995736766e-17,1.0,6.123233995736766e-17,22,81,0,0,0,0,4,0.9844738167520922,0.1755314904214282,-0.9749279121818236,-0.2225209339563146,2091.5396358990733,2528.934845097413,2574.442670073459,2009.5884016973123,2535.977722772277,2337.151868412647,2123.1564356435642,1995.2554455445545,1757.5455445544555,,2087.7875621663547,264.43525151172076,2106.7708262992196,257.1620176034284,2146.4031886207054,260.64365326660595,2133.4276207640514,259.12575540011625,2063.3524252211264,263.76220639849225,2075.226716812563,283.2628517298218,2072.4533185300093,275.4272077543031,2013.164998098888,315.628130289289,1981.2438926869506,322.2425174123924,-0.01799485861182537,-45.50782497604632,0.23578888991588887,473.8386184240544,,,473.8386184240544,488.1715745768122,,2025-03-22
2025,3,1,6,12,1,2377.84886617694,2483.4270201213667,2091.5396358990733,1997.1434046630468,1902.227083998722,2528.934845097413,1941.753880549345,2317.605174065793,202.7705780125301,2126.558990737783,247.76334731924786,2135.118795911849,252.06723776405357,-105.5781539444265,436.0949856275952,-0.04251308900523554,0.2245881880273204,1.0,6.123233995736766e-17,1.0,6.123233995736766e-17,23,82,0,0,0,0,4,0.9873494423939864,0.15855938510313478,-0.7818314824680299,0.6234898018587334,2483.4270201213667,2421.536378153944,2465.223890130948,2120.144554455446,2446.0548797736915,2236.384541679974,2251.057425742574,1841.7742574257425,1863.4217821782177,,2081.5464890267826,255.61385082648633,2100.5297531596475,248.71505687166513,2154.993332344755,263.97375616500364,2130.9916917070245,256.38411858846035,2065.878573872858,266.11645167845035,2076.7361387224964,284.54599917001826,2078.40970307169,276.17804075596325,2016.0229263433255,316.59219820833783,1983.207283644822,322.6488997927617,-0.018041237113401887,-43.68751197700385,0.12155034956457733,257.7043117214944,,,257.7043117214944,536.0746087511977,,2025-03-23
2025,3,1,0,13,0,1778.705844778026,2377.84886617694,2483.4270201213667,2091.5396358990733,1997.1434046630468,2421.536378153944,1936.8130309805172,2213.3272436921106,380.0769750236204,2105.148642606196,274.60966425795164,2121.9431970616415,267.0612245712038,-599.1430213989142,-158.10718620249122,-0.251968503937008,-0.08163265306122447,1.0,6.123233995736766e-17,1.0,6.123233995736766e-17,24,83,0,0,0,0,4,0.989932495087353,0.141540295217043,0.0,1.0,2377.84886617694,1811.4714787607793,1844.237112743532,2535.977722772277,1843.178359264498,1671.8274672628552,2685.920792079208,1918.5148514851485,2223.40099009901,,2076.8656841721036,261.61333411043813,2095.8489483049684,254.45980566503172,2129.7509364116136,262.4887508491751,2128.6891019039363,259.33721712306595,2067.787116328486,263.6104578474639,2065.9359607784345,278.2936682364847,2076.856269663833,277.47765296307716,2013.5523977582088,316.6999538518769,1982.1998873942464,322.1691613692602,-0.01808785529715773,-32.76563398275334,-0.2986114078188422,-757.2718779942511,,,-757.2718779942511,-139.80900670712253,,2025-03-24
2025,3,1,1,13,0,1872.581986585755,1778.705844778026,2377.84886617694,2483.4270201213667,2091.5396358990733,1811.4714787607793,2033.5496646438835,2009.7122325135733,322.25241393032667,2100.207793037368,279.21889516914774,2108.5292238901307,275.8041226809574,93.87614180772903,-160.9676780581285,0.05277777777777781,-0.07915601023017904,1.0,6.123233995736766e-17,1.0,6.123233995736766e-17,25,84,0,0,0,0,4,0.9922222094179323,0.12447926388678915,0.7818314824680298,0.6234898018587336,1778.705844778026,1907.16793356755,1941.753880549345,2446.0548797736915,1954.694200848656,1758.9424465027146,3044.0435643564356,2046.4158415841584,2519.8544554455443,,2071.924834603276,265.6478991962705,2090.9080987361403,258.3242422071038,2110.635173305349,259.52445220936374,2125.7565228231183,261.8299007738941,2069.8163938299685,261.61962145611824,2051.9899896144975,257.24409357929164,2074.9247823860724,278.29573768760645,2009.9564395978769,314.58671474896755,1981.6625447432248,321.46628983344146,-0.0181347150259068,-34.58594698179513,-0.23444808942348594,-573.4728931879365,,,-573.4728931879365,-173.83385499840347,,2025-03-25
2025,3,1,2,13,0,1867.6411370169271,1872.581986585755,1778.705844778026,2377.84886617694,2483.4270201213667,1907.16793356755,2129.7662088789525,1839.6429894602359,52.83090667525814,2078.6240817630146,293.42317525536635,2086.6854679016287,284.2209959175067,-4.9408495688278435,-262.1250718620254,-0.0026385224274406704,-0.1230769230769233,1.0,6.123233995736766e-17,1.0,6.123233995736766e-17,26,85,0,0,0,0,4,0.994217906893952,0.10738134666416309,0.9749279121818236,-0.22252093395631434,1872.581986585755,1902.227083998722,1936.8130309805172,1843.178359264498,1963.8112446958985,1753.1781220057487,1914.579207920792,2097.5762376237626,1595.6435643564355,,2066.983985034448,269.62209870558456,2085.9672491673127,262.13171407646024,2111.45059923043,258.69222188527146,2122.321876120298,264.6485570559947,2071.860376240883,259.5396808719255,2051.4312030561186,257.59691154990395,2072.369947934885,279.13960992603194,2011.4675372237682,313.23583194498457,1981.1063427543156,320.77628182973234,-0.018181818181818188,-34.585946981794905,0.013272062157994702,24.46277775242902,,,24.46277775242902,-229.93510060683548,,2025-03-26
2025,3,1,3,13,0,1960.73714468221,1867.6411370169271,1872.581986585755,1778.705844778026,2377.84886617694,1902.227083998722,2528.934845097413,1900.320089428297,52.380992953364036,2056.823666560204,297.10764670814854,2039.3356595336948,248.9928323148163,93.09600766528297,-568.1977004152029,0.049846839320523806,-0.2246786632390746,1.0,6.123233995736766e-17,1.0,6.123233995736766e-17,27,86,0,0,0,0,4,0.995918996147179,0.09025161003104117,0.43388373911755823,-0.900968867902419,1867.6411370169271,1997.1434046630468,2033.5496646438835,1954.694200848656,2076.7666195190945,1839.382944746087,2009.278824656659,2174.3168316831684,1446.7168316831685,,2061.7830907514713,271.5381483239647,2080.766354884336,263.96761857119185,2111.6520306915486,258.56827711413854,2118.177966304695,266.29159140626433,2074.0274155254565,258.06574793714054,2050.8533259135656,257.7470168996703,2069.9968403015414,279.17104238996785,2014.3232056293184,310.3885581631109,1981.007463152024,319.9960912792644,-0.01822916666666663,-36.406259980836694,0.003091503433596099,6.042943833554091,,,6.042943833554091,-213.5796870009583,,2025-03-27
2025,3,1,4,13,0,2053.313062919195,1960.73714468221,1867.6411370169271,1872.581986585755,1778.705844778026,1997.1434046630468,2421.536378153944,1960.5637815394439,92.83608435381245,1985.1380070265088,213.8006871054814,2008.6503832641329,218.42216843875994,92.57591823698499,-368.22331523474895,0.04721485411140591,-0.152061855670103,1.0,6.123233995736766e-17,1.0,6.123233995736766e-17,28,87,0,0,0,0,4,0.9973249731081555,0.07309512989807777,-0.433883739117558,-0.9009688679024191,1960.73714468221,2091.5396358990733,2129.7662088789525,1963.8112446958985,2190.681683168317,1924.9809964867457,2103.3716703928458,2123.1564356435642,1659.4693069306932,,2056.3221517543457,271.22417922587294,2075.3054158872105,263.6665929490828,2114.635424632325,257.31696420336243,2113.2719441529403,266.1717245666827,2076.319059568893,257.2867633301438,2050.2573901103074,257.68198841869395,2069.2208028268265,279.11867951626147,2016.5112264959216,309.25921935285965,1981.3567655663583,319.25801433865263,-0.018276762402088642,-38.226572979878256,0.04557557069959439,89.5018182232966,,,89.5018182232966,-69.84337272436915,,2025-03-28
2025,3,1,5,13,1,2437.9191951453204,2053.313062919195,1960.73714468221,1867.6411370169271,1872.581986585755,2091.5396358990733,1811.4714787607793,2150.6564675822415,253.0464011690149,1995.149728521239,236.1106719526943,2060.854359629511,240.73369122762458,384.6061322261253,626.4477163845411,0.1873100303951365,0.345822566752799,1.0,6.123233995736766e-17,1.0,6.123233995736766e-17,29,88,0,0,0,0,5,0.9984354211555643,0.055916990100603484,-0.9749279121818236,-0.2225209339563146,2053.313062919195,2483.4270201213667,2528.934845097413,2076.7666195190945,2619.9504950495048,2284.059405940594,2496.4292558288084,2251.057425742574,1531.817821782178,,2049.821033900625,259.575684399553,2068.8042980334894,252.5071711824482,2126.6738438198654,263.8494362790595,2106.7708262992196,255.34063846470292,2079.0665558046917,260.3487939988533,2049.560841768838,256.5379367924122,2071.2970447090793,281.1739054117325,2021.5451230146055,308.69958050779036,1983.5517772470264,320.05537801655925,-0.01832460732984309,-45.50782497604632,0.1739013773776159,361.1525756262258,,,361.1525756262258,186.86176940274618,,2025-03-29
2025,3,1,6,13,1,2334.161354199936,2437.9191951453204,2053.313062919195,1960.73714468221,1867.6411370169271,2483.4270201213667,1907.16793356755,2275.13120408815,198.98213036137335,2087.7256467582242,243.06393017504863,2096.4371446822097,247.41635714887033,-103.75784094538449,426.9934206323858,-0.04255999999999982,0.22388873738751025,1.0,6.123233995736766e-17,1.0,6.123233995736766e-17,30,89,0,0,0,0,5,0.9992500112396835,0.03872228089217446,-0.7818314824680299,0.6234898018587334,2437.9191951453204,2377.84886617694,2421.536378153944,2190.681683168317,2508.9114021079527,2204.2132956152755,2389.290833599489,2685.920792079208,1595.6435643564355,,2043.579960761053,250.74944919562628,2062.563224893918,244.05665522538928,2131.45649952092,266.33833003425036,2100.5297531596475,247.15173823421424,2081.387056850846,262.058019411849,2048.9045384426527,255.72757018800883,2067.3886065104202,274.90939379416096,2025.6479996248472,307.91412929948575,1985.2293350314899,320.20483244557516,-0.018372703412073532,-43.687511977004306,0.0654954446983409,143.4796710316191,,,143.4796710316191,-351.7594378792719,,2025-03-30
2025,3,1,0,14,0,1745.9402107952728,2334.161354199936,2437.9191951453204,2053.313062919195,1960.73714468221,2377.84886617694,1902.227083998722,2172.6735867135094,373.1855476587264,2066.6186841264766,269.5395471004041,2083.4132385819225,262.2383508228451,-588.221143404663,-156.2868732034492,-0.25200534759358295,-0.08215994531783999,1.0,6.123233995736766e-17,1.0,6.123233995736766e-17,31,90,0,1,0,1,5,0.9997685019798909,0.021516097436222254,0.0,1.0,2334.161354199936,1778.705844778026,1811.4714787607793,2619.9504950495048,1877.0027467262855,1661.7971711456858,1786.507186202491,3044.0435643564356,1702.019801980198,,2038.8991559063738,256.75197874432206,2057.8824200392387,249.80358306861726,2102.322823379112,258.7556674679542,2095.8489483049684,252.72027055428885,2082.8896111303034,259.8403282245606,2048.421598259233,256.2668132537777,2052.9652359152965,256.5313502437565,2025.892001896042,307.6735499997047,1984.0898630113174,319.8643749956045,-0.018421052631579005,-32.765633982753116,-0.3335980148883375,-874.0102842542319,,,-874.0102842542319,-1298.1033535611627,,2025-03-31
2025,4,2,1,14,0,1837.99603960396,1745.9402107952728,2334.161354199936,2437.9191951453204,2053.313062919195,1778.705844778026,1997.1434046630468,1972.699201533056,316.40122433761803,2061.677834557649,274.1487240982238,2070.150958160332,270.8798692797517,92.05582880868724,-159.14736505908672,0.05272564789991052,-0.07968750000000013,0.8660254037844387,-0.49999999999999983,1.2246467991473532e-16,-1.0,1,91,1,0,1,0,1,0.9999907397361901,0.004303538296244289,0.7818314824680298,0.6234898018587336,1745.9402107952728,1872.581986585755,1907.16793356755,2508.9114021079527,1976.33982753114,1763.2362800565768,1879.9932609389969,1914.579207920792,1744.570297029703,,2033.958306337546,260.7870296182672,2052.9415704704106,253.66804283536084,2079.958977962312,251.28843825168738,2090.908098736141,256.46785992822345,2084.2246068365066,258.3559769283112,2047.921631338578,256.6400652934355,2052.1143118228874,257.1218744754928,2026.4110337992322,307.2748655174756,1983.397475222657,319.2603423051338,-0.01846965699208436,-34.585946981794905,-0.26741293532338317,-670.9153625039926,,,-670.9153625039926,-76.58316831683192,,2025-04-01
2025,4,2,2,14,0,1840.5488118811877,1837.99603960396,1745.9402107952728,2334.161354199936,2437.9191951453204,1872.581986585755,2091.5396358990733,1808.1616874268066,53.900494220643026,2041.6464457574787,287.0850386896385,2049.2350561588414,278.6566655733955,2.552772277227632,-250.99082401788564,0.001388888888888884,-0.12000290107339717,0.8660254037844387,-0.49999999999999983,1.2246467991473532e-16,-1.0,2,92,0,0,0,0,1,0.9999166586547379,-0.01291029607500882,0.9749279121818236,-0.22252093395631434,1837.99603960396,1867.6411370169271,1902.227083998722,1877.0027467262855,1971.398977962312,1772.3533239038188,1874.2289364420312,2009.278824656659,1808.3960396039606,,2030.0879741752976,263.8497755480163,2048.535979604873,257.00064137355815,2078.743846800809,252.38942244376778,2086.2348785189574,259.8953818495285,2085.442383407531,257.01647431681494,2047.5206774747585,256.94083159921,2050.2395339031596,258.0511738772695,2026.5896603118838,307.15674285277646,1982.7236607729333,318.6539698858837,-0.01450617283950617,-27.09232513573943,-0.01942135402235179,-36.45393484509782,,,-36.45393484509782,-168.73001277547132,,2025-04-02
2025,4,2,3,14,0,1940.106930693069,1840.5488118811877,1837.99603960396,1745.9402107952728,2334.161354199936,1867.6411370169271,2483.4270201213667,1872.8839273927388,58.230819083288175,2022.7787570531243,289.8714619614726,2003.9583820398166,243.6337544758504,99.55811881188129,-543.3200894282977,0.05409153952843271,-0.21877835951134383,0.8660254037844387,-0.49999999999999983,1.2246467991473532e-16,-1.0,3,93,0,0,0,0,1,0.9995462806873573,-0.030120304846908114,0.43388373911755823,-0.900968867902419,1840.5488118811877,1960.73714468221,1997.1434046630468,1976.33982753114,2069.9559246247204,1875.231966053748,1966.804854679016,2103.3716703928458,1765.8455445544555,,2027.1408007482771,264.86678228773184,2044.4619457498743,258.32665353211326,2077.5360835728734,252.982352312697,2081.59741444997,261.3510240209369,2086.600864918947,256.19664186529945,2047.2028450463545,257.0583645635271,2048.425481239829,258.24725408844756,2027.5577791237647,306.60444774604787,1982.5235822279571,317.91494977490373,-0.010521662245800312,-20.63021398914111,-0.018333333333333313,-36.23289683807093,,,-36.23289683807093,-163.26473969977678,,2025-04-03
2025,4,2,4,14,0,2039.9337623762376,1940.106930693069,1840.5488118811877,1837.99603960396,1745.9402107952728,1960.73714468221,2377.84886617694,1940.1965016501645,99.69250542640938,1956.4478515916105,210.56177195806364,1975.7987900564249,214.24625846610851,99.82683168316862,-337.9151038007026,0.051454293628808934,-0.1421095800524934,0.8660254037844387,-0.49999999999999983,1.2246467991473532e-16,-1.0,4,94,0,0,0,0,1,0.9988797155850336,-0.04732138832243185,-0.433883739117558,-0.9009688679024191,1940.106930693069,2053.313062919195,2091.5396358990733,1971.398977962312,2167.992781858831,1979.070297029703,2058.77400191632,2496.4292558288084,1872.2217821782176,,2025.2294720992834,264.6946588292443,2040.7758119268146,257.9711594502417,2079.820576386671,252.29937943380426,2077.023878039877,260.90325134890145,2087.687712514421,255.86105632074793,2046.978556480401,257.0563660935062,2043.3533090903559,253.79381265093468,2028.4895123470872,306.38451277639024,1982.791854097809,317.19207143653625,-0.00651595744680844,-13.37930054295748,0.03476454293628817,68.53478441392554,,,68.53478441392554,-456.4954934525708,,2025-04-04
2025,4,2,5,14,1,2431.8514851485143,2039.9337623762376,1940.106930693069,1840.5488118811877,1837.99603960396,2053.313062919195,1778.705844778026,2137.2973927392736,259.9287096441035,1972.72954008304,246.34604259710102,2030.2275934206318,240.92710099423002,391.91772277227665,653.1456403704883,0.19212276888625412,0.3672027290448341,0.8660254037844387,-0.49999999999999983,1.2246467991473532e-16,-1.0,5,95,0,0,0,0,1,0.9979171608653922,-0.06450844944931623,-0.9749279121818236,-0.2225209339563146,2039.9337623762376,2437.9191951453204,2483.4270201213667,2069.9559246247204,2574.442670073459,2368.0321782178216,2443.3367933567547,2389.290833599489,2233.90099009901,,2024.3626563854539,263.12321856195126,2037.091845143039,251.44943457380776,2091.883761737464,260.3351397825818,2071.9313357211295,252.07690637862885,2088.8273429953265,257.2706873138609,2046.8418266207789,256.8459690980895,2043.8262052186785,254.48435585613515,2029.5892373195845,307.47923021647864,1984.8805035445566,317.9285994674549,-0.002488888888888874,-6.067709996806116,0.17483249581239502,361.89556052379385,,,361.89556052379385,42.56065154902535,,2025-04-05
2025,4,2,6,14,1,2337.8019801980195,2431.8514851485143,2039.9337623762376,1940.106930693069,1840.5488118811877,2437.9191951453204,1872.581986585755,2269.862409240923,204.6013546683607,2071.373168316831,255.69237682113794,2068.9959262216544,250.4938051198115,-94.04950495049479,465.2199936122645,-0.03867403314917117,0.2484377169837524,0.8660254037844387,-0.49999999999999983,1.2246467991473532e-16,-1.0,6,96,0,0,0,0,1,0.9966589017541702,-0.08167639533042241,-0.7818314824680299,0.6234898018587334,2431.8514851485143,2334.161354199936,2377.84886617694,2167.992781858831,2465.223890130948,2284.827157001414,2338.322069626317,1786.507186202491,2531.7544554455444,,2024.8827458137514,263.84024584706486,2034.2313532874025,247.47110477278855,2097.54406834877,263.86903623746923,2067.3805532235247,245.78543778528115,2089.77332198098,258.1005332709904,2046.8356350799663,256.83886417639036,2049.95170292974,254.85566084912384,2028.5117235682094,306.0461369143633,1986.514399269804,318.09605193143994,0.0015597147950088264,3.6406259980835785,0.07832553676382359,169.80919833918824,,,169.80919833918824,551.2947939955284,,2025-04-06
2025,4,2,0,15,0,1755.769900990099,2337.8019801980195,2431.8514851485143,2039.9337623762376,1940.106930693069,2334.161354199936,1867.6411370169271,2175.1411221122107,366.21782203279935,2057.6688118811876,272.36249361884177,2059.6733232194183,260.54880384981345,-582.0320792079206,-111.87123602682823,-0.24896551724137927,-0.05989974937343345,0.8660254037844387,-0.49999999999999983,1.2246467991473532e-16,-1.0,7,97,0,0,0,0,1,0.9951053111006976,-0.09882013873287143,0.0,1.0,2337.8019801980195,1745.9402107952728,1778.705844778026,2574.442670073459,1844.237112743532,1722.25756718529,1748.2806132226124,1879.9932609389969,1646.4356435643563,,2026.2869872701554,262.12879598901594,2032.5930715882644,249.3615292404285,2070.2549760459915,255.03317219309403,2064.2210099466165,249.30359939380864,2090.3717565132088,257.2704304241706,2046.9247932676742,256.7352551184586,2048.571443374752,256.119724906236,2029.1191361094634,305.39138865702193,1985.4510605680541,317.7451939536624,0.005630026809651634,9.829690194826071,-0.31800000000000006,-818.67276908336,,,-818.67276908336,-124.22335994889795,,2025-04-07
2025,4,2,1,15,0,1855.8654455445544,1755.769900990099,2337.8019801980195,2431.8514851485143,2039.9337623762376,1745.9402107952728,1960.73714468221,1983.1457755775573,311.19213858443726,2060.221584158415,269.9818675534967,2050.934014957947,265.8733889612894,100.0955445544555,-104.8716991376557,0.05700948882767065,-0.05348585322723254,0.8660254037844387,-0.49999999999999983,1.2246467991473532e-16,-1.0,8,98,0,0,0,0,2,0.9932568492674143,-0.11593459959550041,0.7818314824680298,0.6234898018587336,1755.769900990099,1837.99603960396,1872.581986585755,2465.223890130948,1941.753880549345,1827.05558698727,1839.642989460236,1874.2289364420312,1492.7683168316833,,2028.839759547383,260.06840078041904,2031.3990329424646,250.22518869302255,2049.943027893112,246.61856763791423,2061.1535658393027,251.38594141204803,2090.8862182731605,256.7626096244923,2047.1179177448682,256.5835091877846,2048.367404587002,256.2674481923751,2031.1363423800904,303.0187997351923,1984.856631141341,317.1336864360652,0.00972222222222241,17.869405940594334,-0.24718178621659614,-609.3584445863935,,,-609.3584445863935,-18.363490897476822,,2025-04-08
2025,4,2,2,15,0,1858.4182178217816,1855.8654455445544,1755.769900990099,2337.8019801980195,2431.8514851485143,1837.99603960396,2053.313062919195,1823.3511881188115,58.5410278270994,2046.6067986798673,279.15441548515963,2034.6927778664958,271.6057616583295,2.5527722772271773,-194.8948450974135,0.0013755158184316496,-0.09491725768321535,0.8660254037844387,-0.49999999999999983,1.2246467991473532e-16,-1.0,9,99,0,0,0,0,2,0.9911140639934547,-0.1330147065341959,0.9749279121818236,-0.22252093395631434,1855.8654455445544,1840.5488118811877,1867.6411370169271,1844.237112743532,1936.8130309805172,1836.172630834512,1833.8786649632705,1966.804854679016,1712.2930693069306,,2031.3925318246106,257.991551183984,2030.740252999954,250.70117421431058,2050.41573139572,246.223962046948,2058.3537510836336,253.2517144354934,2091.283460897933,256.37829280816123,2047.4100552788984,256.35166206549445,2047.1631086219222,256.9089192796872,2031.9481487607284,302.35483832407726,1984.2792867882836,316.5208144567941,0.009708737864077666,17.86940594059388,0.007689415303628433,14.18110507824963,,,14.18110507824963,-108.38663685723441,,2025-04-09
2025,4,2,3,15,0,1958.916831683168,1858.4182178217816,1855.8654455445544,1755.769900990099,2337.8019801980195,1840.5488118811877,2437.9191951453204,1891.0668316831677,58.773684898715466,2033.1039768976896,281.49137896077417,1994.77591424465,240.35896750062193,100.4986138613865,-479.0023634621523,0.054077501445922715,-0.19647999999999988,0.8660254037844387,-0.49999999999999983,1.2246467991473532e-16,-1.0,10,100,0,0,0,0,2,0.9886775902323405,-0.1500553983446526,0.43388373911755823,-0.900968867902419,1858.4182178217816,1940.106930693069,1960.73714468221,1941.753880549345,2033.5496646438835,1942.4101838755305,1924.3308847013732,2058.77400191632,1580.5782178217821,,2034.079660537482,256.97826250674655,2030.6102306428795,250.74074195283544,2050.9878297668474,245.9826022036623,2055.688292763608,253.91433090652566,2091.5782224659265,256.2134551384983,2047.8217927429675,256.17931463508256,2046.0535845082204,257.0737872979386,2034.0500299488472,300.5089330612586,1984.1640029014422,315.8019666946958,0.00969529085872578,18.809900990099095,0.008838891120932058,17.16295113382307,,,17.16295113382307,-99.85717023315169,,2025-04-10
2025,4,2,4,15,0,2059.6841584158415,1958.916831683168,1858.4182178217816,1855.8654455445544,1755.769900990099,1940.106930693069,2334.161354199936,1959.0064026402633,100.63300019386887,1971.0760891089105,207.2723617264319,1971.9028145959755,217.0565960747022,100.76732673267338,-274.4771957840944,0.05144032921810715,-0.11759135472370763,0.8660254037844387,-0.49999999999999983,1.2246467991473532e-16,-1.0,11,101,0,0,0,0,2,0.9859481499638304,-0.16705162550211924,-0.433883739117558,-0.9009688679024191,1958.916831683168,2039.9337623762376,2053.313062919195,1936.8130309805172,2129.7662088789525,2049.6074257425744,2014.1763334397956,2443.3367933567547,1646.4356435643563,,2036.9011456859969,257.16160896735715,2031.06530889264,250.79089222690197,2055.083534014692,245.0371030790044,2053.1853623899256,253.50214986784312,2091.758164120806,256.18697976249103,2048.3635525641107,256.1554231690339,2041.790777453321,253.5689823845566,2036.3458550313555,299.1063899937864,1984.5057230621408,315.12436709375925,0.009681881051175623,19.750396039603856,0.06343984962406024,122.8711274353243,,,122.8711274353243,-383.65263494091323,,2025-04-11
2025,4,2,5,15,1,2455.3638613861385,2059.6841584158415,1958.916831683168,1858.4182178217816,1855.8654455445544,2039.9337623762376,1745.9402107952728,2157.9882838283825,262.4170137968748,1990.6697359735972,250.02098346964996,2031.0214521452144,244.76046744703635,395.67970297029706,709.4236505908657,0.19210697977821267,0.4063275742230168,0.8660254037844387,-0.49999999999999983,1.2246467991473532e-16,-1.0,12,102,0,0,0,0,2,0.9829265519799822,-0.18399835165768005,-0.9749279121818236,-0.2225209339563146,2059.6841584158415,2431.8514851485143,2437.9191951453204,2033.5496646438835,2528.934845097413,2452.0049504950493,2390.2443308847014,2338.322069626317,1756.1980198019803,,2040.260056577086,263.26123166069584,2032.3113564812702,253.00142461082916,2069.1440072394334,255.63187435535787,2050.55782725738,248.7246613991779,2091.818144672433,256.27323584274075,2049.13878507008,257.29855074743404,2043.091241806208,255.40039166311718,2040.230109706823,299.98646864886297,1986.6267056672039,315.99479767238404,0.009668508287292932,23.512376237624267,0.20742753623188426,421.81419674225504,,,421.81419674225504,117.04179175982154,,2025-04-12
2025,4,2,6,15,1,2360.3738613861383,2455.3638613861385,2059.6841584158415,1958.916831683168,1858.4182178217816,2431.8514851485143,1837.99603960396,2291.8072937293723,206.5590411621795,2091.4370627062704,258.12064773137956,2074.552937293729,253.6029229594,-94.99000000000024,522.3778217821782,-0.03868673050615601,0.28421052631578947,0.8660254037844387,-0.49999999999999983,1.2246467991473532e-16,-1.0,13,103,0,0,0,0,2,0.9796136916454901,-0.20089055513063506,-0.7818314824680299,0.6234898018587334,2455.3638613861385,2337.8019801980195,2334.161354199936,2129.7662088789525,2421.536378153944,2365.441018387553,2287.3533056531455,1748.2806132226124,1800.1029702970297,,2043.4846110325318,267.61530973590595,2034.1836784231416,255.49181514298743,2076.830928989673,260.9299756799229,2048.3734516585296,245.59482832867974,2091.7276597259793,256.17574453949516,2050.008077400235,258.23471178326844,2049.892277896914,255.61129925216852,2043.3427257684293,300.38740197183,1988.3027018811902,316.2741279053509,0.009655172413793212,22.571881188118823,0.10827838827838798,230.60765250718578,,,230.60765250718578,612.0932481635259,,2025-04-13
2025,4,2,0,16,0,1772.698811881188,2360.3738613861383,2455.3638613861385,2059.6841584158415,1958.916831683168,2337.8019801980195,1840.5488118811877,2196.145511551155,369.77845478210463,2077.5759570957093,274.9831442691349,2068.8987706270623,259.9708401443959,-587.6750495049503,-67.84999999999968,-0.24897540983606548,-0.036864004671873674,0.8660254037844387,-0.49999999999999983,1.2246467991473532e-16,-1.0,14,104,0,0,0,0,2,0.9760105506323683,-0.21772323039653177,0.0,1.0,2360.3738613861383,1755.769900990099,1745.9402107952728,2528.934845097413,1811.4714787607793,1782.717963224894,1710.054040242734,1839.642989460236,1865.9603960396041,,2045.9030268741158,264.6418893307269,2036.0950070721356,253.25994143828754,2051.6230612157988,252.1278007764844,2046.9887135556871,247.0848110664278,2091.548746309127,256.3988826253819,2050.753848491169,257.3299829738033,2049.1484537015913,256.32639811082225,2042.824605856438,300.77524741299595,1987.3401845151186,315.89283701859375,0.009641873278236845,16.928910891089117,-0.2990334190231363,-756.236033216225,,,-756.236033216225,-66.94417757904807,,2025-04-14
2025,4,2,1,16,0,1873.7348514851485,1772.698811881188,2360.3738613861383,2455.3638613861385,2059.6841584158415,1755.769900990099,1940.106930693069,2002.2691749174912,314.21536432488284,2080.128729372937,272.60250546749563,2063.3677640264023,263.640203837155,101.03603960396049,-66.37207920792048,0.05699560406245263,-0.03421052631578936,0.8660254037844387,-0.49999999999999983,1.2246467991473532e-16,-1.0,15,105,0,0,0,0,3,0.9721181966290613,-0.23449138957040985,0.7818314824680298,0.6234898018587336,1772.698811881188,1855.8654455445544,1837.99603960396,2421.536378153944,1907.16793356755,1890.8748939179632,1799.292717981475,1833.8786649632705,1822.0554455445545,,2048.4557991513434,262.5814030309779,2038.6477793493632,251.28196839825256,2033.363010326839,244.12333507853864,2045.7946749098871,247.86507186942748,2091.242674122827,256.65289390676907,2051.6400643662128,256.5806391652463,2049.591300218501,255.98450599441807,2043.1117136672192,300.58794006010083,1986.8352719238742,315.2779120551891,0.009628610729023324,17.869405940594106,-0.22622064719358526,-547.8015266687955,,,-547.8015266687955,39.856186521878044,,2025-04-15
2025,4,2,2,16,0,1876.2876237623757,1873.7348514851485,1772.698811881188,2360.3738613861383,2455.3638613861385,1855.8654455445544,2039.9337623762376,1840.9070957095707,59.08389500264682,2066.357194719472,281.87996421544096,2049.7305858085806,269.1376604104293,2.5527722772271773,-163.64613861386192,0.0013623978201631193,-0.08022130013831286,0.8660254037844387,-0.49999999999999983,1.2246467991473532e-16,-1.0,16,106,0,0,0,0,3,0.9679377830240642,-0.25119006388481935,0.9749279121818236,-0.22252093395631434,1873.7348514851485,1858.4182178217816,1840.5488118811877,1811.4714787607793,1902.227083998722,1899.991937765205,1793.5283934845097,1924.3308847013732,1931.817821782178,,2051.0085714285715,260.504619626787,2041.2005516265908,249.28830166471107,2035.5235484935588,242.37237428605548,2044.8682656157318,248.46927604227307,2090.8193828013477,256.99337568319083,2052.6252932980924,255.7350881714606,2049.057486208068,256.29855170478254,2042.803212567109,300.73126381579925,1986.3461230382038,314.6624502411585,0.009615384615384581,17.869405940594106,0.035780935974734085,64.8161450015964,,,64.8161450015964,-48.04326093899749,,2025-04-16
2025,4,2,3,16,0,1977.726732673267,1876.2876237623757,1873.7348514851485,1772.698811881188,2360.3738613861383,1858.4182178217816,2431.8514851485143,1909.2497359735971,59.31655308030929,2052.697623762376,284.2438731959281,2011.8868564356435,240.97685322320538,101.43910891089126,-454.1247524752473,0.054063730755460115,-0.18674033149171265,0.8660254037844387,-0.49999999999999983,1.2246467991473532e-16,-1.0,17,107,0,0,0,0,3,0.9634705485641488,-0.2678143051621742,0.43388373911755823,-0.900968867902419,1876.2876237623757,1958.916831683168,1940.106930693069,1907.16793356755,1997.1434046630468,2009.5884016973123,1881.8569147237304,2014.1763334397956,2305.0099009900987,,2053.6957001414426,259.49140506587383,2043.8876803394621,248.31562758813837,2037.8755084637494,241.42436691433406,2044.1748130446683,248.6344445350646,2090.2504244259185,257.2116595772196,2053.766600654634,255.177110005326,2048.652490643995,256.3830735658634,2040.9849727431267,300.12586721752353,1986.3081521555391,313.96604379804694,0.009602194787379892,18.809900990098868,0.03699663666939368,70.55879910571684,,,70.55879910571684,-36.44960076652865,,2025-04-17
2025,4,2,4,16,0,2079.4345544554453,1977.726732673267,1876.2876237623757,1873.7348514851485,1772.698811881188,1958.916831683168,2337.8019801980195,1977.8163036303624,101.57349496655436,1990.0427392739273,209.28155890396047,1990.3562376237621,219.82379198237174,101.70782178217837,-258.36742574257414,0.051426630434782794,-0.1105172413793103,0.8660254037844387,-0.49999999999999983,1.2246467991473532e-16,-1.0,18,108,0,0,0,0,3,0.9587178169872964,-0.2843591872810034,-0.433883739117558,-0.9009688679024191,1977.726732673267,2059.6841584158415,2039.9337623762376,1902.227083998722,2091.5396358990733,2120.144554455446,1969.5786649632705,2390.2443308847014,2612.344554455445,,2056.5171852899575,259.6746802437487,2046.709165487977,248.4915967705231,2043.78242414564,240.15554822234873,2043.7424887073958,248.5595493780139,2089.523460140204,257.18316110410984,2055.0744088628744,255.02190397226326,2045.1990486836698,253.81055801867564,2038.0243616320158,297.0710826137698,1986.7166012884334,313.33442897255605,0.009589041095890316,19.750396039603856,0.09315789473684233,177.20747045672329,,,177.20747045672329,-310.8097764292561,,2025-04-18
2025,4,2,5,16,1,2478.876237623762,2079.4345544554453,1977.726732673267,1876.2876237623757,1873.7348514851485,2059.6841584158415,1755.769900990099,2178.6791749174913,264.9053181724063,2009.793135313531,252.37528988713632,2050.615099009901,247.09125500414396,399.44168316831656,723.106336633663,0.19209149059895325,0.411845730027548,0.8660254037844387,-0.49999999999999983,1.2246467991473532e-16,-1.0,19,109,0,0,0,0,3,0.9536809966304457,-0.30081980763566735,-0.9749279121818236,-0.2225209339563146,2079.4345544554453,2455.3638613861385,2431.8514851485143,1997.1434046630468,2483.4270201213667,2535.977722772277,2337.151868412647,2287.3533056531455,1668.9356435643563,,2059.8760961810463,265.77407681364645,2050.0680763790665,254.34694317680646,2059.8401852443308,252.7068501016671,2043.579960761053,248.26271117365962,2088.503790762552,255.48850753831738,2056.761603734435,257.36859824777605,2047.3270812611213,256.65067844011975,2042.5240315990125,297.5829001798933,1988.8657700060548,314.3335667314824,0.009575923392612706,23.512376237623357,0.24121093749999978,481.7328329607151,,,481.7328329607151,191.52293197061636,,2025-04-19
2025,4,2,6,16,1,2382.945742574257,2478.876237623762,2079.4345544554453,1977.726732673267,1876.2876237623757,2455.3638613861385,1855.8654455445544,2313.752178217821,208.51672972293323,2111.5009570957095,260.54892007439383,2094.5384570957094,256.0113747109632,-95.93049504950477,527.0802970297027,-0.038699186991869805,0.28400781872149405,0.8660254037844387,-0.49999999999999983,1.2246467991473532e-16,-1.0,20,110,0,0,0,0,3,0.9483615800121715,-0.3171912885891061,-0.7818314824680299,0.6234898018587334,2478.876237623762,2360.3738613861383,2337.8019801980195,2091.5396358990733,2377.84886617694,2446.0548797736915,2236.384541679974,1710.054040242734,1513.1683168316833,,2063.1006506364915,270.1288164019169,2053.292630834512,258.5271820656642,2069.553722133503,259.4771648048434,2043.761992060957,248.51861815996256,2087.376841883991,254.01764157027532,2058.5063799355576,259.0920055988217,2054.8036557314717,256.5161504190447,2047.3561284086932,295.99671487351753,1990.5791611911338,314.7210492828647,0.0095628415300546,22.571881188118823,0.13932612209374629,291.40610667518376,,,291.40610667518376,672.8917023315232,,2025-04-20
2025,4,2,0,17,0,1789.627722772277,2382.945742574257,2478.876237623762,2079.4345544554453,1977.726732673267,2360.3738613861383,1858.4182178217816,2217.1499009900986,373.3390879899863,2097.483102310231,277.6038022936858,2088.805915841584,262.4679214954371,-593.3180198019802,-68.79049504950467,-0.24898511502029774,-0.037015615962984194,0.8660254037844387,-0.49999999999999983,1.2246467991473532e-16,-1.0,21,111,0,0,0,0,3,0.9427611433904207,-0.3334687789181868,0.0,1.0,2382.945742574257,1772.698811881188,1755.769900990099,2483.4270201213667,1778.705844778026,1843.178359264498,1671.8274672628552,1799.292717981475,1735.6930693069307,,2065.519066478076,267.15499180565826,2055.711046676096,255.67248835862802,2046.4270788885337,252.13199759302768,2044.1520591321803,248.09539695949138,2086.420580518058,255.05234233581467,2059.9087639297177,257.2863329428672,2054.696266895814,256.6263197527331,2047.6557653723896,295.7066131654999,1989.7092415442992,314.31433496843397,0.00954979536152778,16.92891089108889,-0.2793717277486911,-693.7992973490898,,,-693.7992973490898,-9.664995209198196,,2025-04-21
2025,4,2,1,17,0,1891.6042574257424,1789.627722772277,2382.945742574257,2478.876237623762,2079.4345544554453,1772.698811881188,1958.916831683168,2021.3925742574254,317.2385908822202,2100.0358745874582,275.22315106208606,2083.1965346534653,266.1891408833144,101.97653465346548,-67.3125742574257,0.05698198198198212,-0.03436213991769543,0.8660254037844387,-0.49999999999999983,1.2246467991473532e-16,-1.0,22,112,0,0,0,0,4,0.9368813462954315,-0.3496474552512284,0.7818314824680298,0.6234898018587336,1789.627722772277,1873.7348514851485,1855.8654455445544,2377.84886617694,1872.581986585755,1954.694200848656,1758.9424465027146,1793.5283934845097,1602.178217821782,,2068.0718387553034,265.0944162128054,2058.2638189533236,253.69439790722885,2030.2189252634937,245.63740867914376,2044.8314259478939,247.6337962866014,2085.2939743855063,255.78306989000188,2061.48807120261,255.81962559805586,2055.785998717383,255.7114446463063,2049.263687814634,294.05303216291304,1989.2863752334433,313.69939267574586,0.009536784741144277,17.86940594059388,-0.20448928258967636,-486.2446087511978,,,-486.2446087511978,98.07586394123268,,2025-04-22
2025,4,2,2,17,0,1894.15702970297,1891.6042574257424,1789.627722772277,2382.945742574257,2478.876237623762,1873.7348514851485,2059.6841584158415,1858.4630033003295,59.62676450727361,2086.1075907590753,284.60551801940903,2069.4026072607257,271.7490619481612,2.552772277227632,-165.52712871287144,0.0013495276653170407,-0.08036529680365301,0.8660254037844387,-0.49999999999999983,1.2246467991473532e-16,-1.0,23,113,0,0,0,0,4,0.9307239310379795,-0.36572252349726897,0.9749279121818236,-0.22252093395631434,1891.6042574257424,1876.2876237623757,1858.4182178217816,1778.705844778026,1867.6411370169271,1963.8112446958985,1753.1781220057487,1881.8569147237304,1668.9356435643563,,2070.6246110325314,263.017697822285,2060.8165912305512,251.70076232608025,2034.0672980943252,242.44473741455883,2045.7784221152529,246.98093234641829,2084.050149117775,256.5527582341964,2063.1663915323393,254.2300816076782,2055.922666661597,255.620712628321,2050.514917737626,292.90257208170533,1988.8780947805228,313.08461952356663,0.009523809523809712,17.869405940594334,0.06490740740740741,115.45118492494407,,,115.45118492494407,12.300114979239652,,2025-04-23
2025,4,2,3,17,0,1996.536633663366,1894.15702970297,1891.6042574257424,1789.627722772277,2382.945742574257,1876.2876237623757,2455.3638613861385,1927.432640264026,59.85942356368305,2072.291270627062,286.99637181158624,2031.1670049504949,243.2960980109098,102.37960396039603,-458.8272277227725,0.054050219889345996,-0.18686730506155957,0.8660254037844387,-0.49999999999999983,1.2246467991473532e-16,-1.0,24,114,0,0,0,0,4,0.9242907221930934,-0.3816892202666588,0.43388373911755823,-0.900968867902419,1894.15702970297,1977.726732673267,1958.916831683168,1872.581986585755,1960.73714468221,2076.7666195190945,1839.382944746087,1969.5786649632705,1780.1980198019803,,2073.311739745403,262.004555993585,2063.5037199434228,250.7281429266553,2038.1991196635788,240.64732793000013,2047.056975293151,246.61678540430682,2082.617470798923,256.818050147609,2065.037268781354,253.13932620269514,2056.2221996471535,255.53417889588516,2051.716798925745,292.2302558104262,1988.9108235791675,312.41244285115886,0.009510869565217517,18.809900990099095,0.06619451002175625,123.95464707761107,,,123.95464707761107,26.957968700095535,,2025-04-24
2025,4,2,4,17,0,2099.184950495049,1996.536633663366,1894.15702970297,1891.6042574257424,1789.627722772277,1977.726732673267,2360.3738613861383,1996.6262046204617,102.51398974431716,2009.0093894389436,211.29076784088963,2009.4012623762374,221.91055126187328,102.64831683168313,-261.1889108910891,0.0514131897711978,-0.1106557377049181,0.8660254037844387,-0.49999999999999983,1.2246467991473532e-16,-1.0,25,115,0,0,0,0,4,0.9175836260593937,-0.39754281428255595,-0.433883739117558,-0.9009688679024191,1996.536633663366,2079.4345544554453,2059.6841584158415,1867.6411370169271,2053.313062919195,2190.681683168317,1924.9809964867457,2337.151868412647,1824.7029702970297,,2076.1332248939175,262.1877612493868,2066.3252050919373,250.90404721052082,2045.9172467795165,238.69365146838376,2048.6952569922887,246.81217066286428,2080.9836005726147,256.4087720840311,2067.1111253766917,252.69127465442855,2053.5781227814023,253.82007013552686,2053.2416988157343,291.7548035063597,1989.380075183065,311.8271639620051,0.009497964721845165,19.750396039603856,0.12397660818713452,231.54381347812205,,,231.54381347812205,-237.96691791759804,,2025-04-25
2025,4,2,5,17,1,2502.3886138613857,2099.184950495049,1996.536633663366,1894.15702970297,1891.6042574257424,2079.4345544554453,1772.698811881188,2199.3700660066,267.39362276447923,2028.9165346534649,254.729597489559,2070.208745874587,249.42207718060965,403.2036633663365,729.6898019801977,0.19207629288274441,0.4116264968925267,0.8660254037844387,-0.49999999999999983,1.2246467991473532e-16,-1.0,26,116,0,0,0,0,4,0.9106046300942163,-0.4132786077829042,-0.9749279121818236,-0.2225209339563146,2099.184950495049,2478.876237623762,2455.3638613861385,1960.73714468221,2437.9191951453204,2619.9504950495048,2284.059405940594,2236.384541679974,1891.4603960396041,,2079.4921357850067,268.28693571071403,2069.6841159830265,256.7592707051077,2063.972295752156,252.13543388959584,2050.9977362321483,250.84543222168716,2078.884281265684,252.3651857579748,2069.710282613844,256.0502004473795,2056.5337235834177,257.49480982190715,2056.6357444702994,293.41108066650185,1991.5538401774645,312.9497870398467,0.009485094850948617,23.512376237623812,0.27624889478337744,541.6514691791756,,,541.6514691791756,266.00407218141163,,2025-04-26
2025,4,2,6,17,1,2405.517623762376,2502.3886138613857,2099.184950495049,1996.536633663366,1894.15702970297,2478.876237623762,1873.7348514851485,2335.69706270627,210.47442029294768,2131.5648514851478,262.9771938104915,2114.5239768976894,258.41986175465337,-96.87099009900976,531.7827722772274,-0.03871140939597306,0.28380897748458334,0.8660254037844387,-0.49999999999999983,1.2246467991473532e-16,-1.0,27,117,0,0,0,0,4,0.9033558023246845,-0.4288919379124835,-0.7818314824680299,0.6234898018587334,2502.3886138613857,2382.945742574257,2360.3738613861383,2053.313062919195,2334.161354199936,2508.9114021079527,2204.2132956152755,1671.8274672628552,1846.9554455445545,,2082.7166902404524,272.6423243970302,2072.908670438472,260.94020071715147,2075.7124477802618,259.7081047432023,2053.546174430807,254.16919870985532,2077.037963795227,249.52410712749386,2072.106762710833,258.25677460937294,2064.685836433413,256.7915277086925,2059.7388676826204,294.1339013552976,1993.3005228086245,313.4416099674185,0.009472259810554773,22.571881188118823,0.17152988855116513,352.20456084318084,,,352.20456084318084,733.6901564995208,,2025-04-27
2025,4,2,0,18,0,1806.5566336633665,2405.517623762376,2502.3886138613857,2099.184950495049,1996.536633663366,2382.945742574257,1876.2876237623757,2238.1542904290427,376.8997216434483,2117.3902475247523,280.22446748560253,2108.7130610561053,264.96504024473137,-598.9609900990095,-69.7309900990092,-0.2489946380697049,-0.03716433941997821,0.8660254037844387,-0.49999999999999983,1.2246467991473532e-16,-1.0,28,118,0,0,0,0,4,0.895839290734909,-0.4443781781046132,0.0,1.0,2405.517623762376,1789.627722772277,1772.698811881188,2437.9191951453204,1745.9402107952728,1877.0027467262855,1661.7971711456858,1758.9424465027146,1958.2178217821781,,2085.1351060820366,269.66810315846624,2075.3270862800564,258.08508057208553,2054.6670290641964,254.88094079109092,2055.711046676096,251.69828204940268,2075.7799974905324,250.7255959346454,2073.830089645567,255.9585823435554,2065.21488295742,256.20292539444984,2058.896305526405,294.64311839299074,1992.5158846189383,313.0137867069391,0.009459459459459696,16.928910891089572,-0.25897599999999976,-631.3625614819539,,,-631.3625614819539,47.61418716065191,,2025-04-28
2025,4,2,1,18,0,1909.4736633663365,1806.5566336633665,2405.517623762376,2502.3886138613857,2099.184950495049,1789.627722772277,1977.726732673267,2040.5159735973593,320.2618182333158,2119.94301980198,277.84380411993624,2103.025305280528,268.7381135891877,102.91702970297001,-68.25306930693046,0.056968615201546724,-0.03451086956521732,0.8660254037844387,-0.49999999999999983,1.2246467991473532e-16,-1.0,29,119,0,0,0,0,5,0.8880573226294932,-0.45973273945210397,0.7818314824680298,0.6234898018587336,1806.5566336633665,1891.6042574257424,1873.7348514851485,2334.161354199936,1837.99603960396,1976.33982753114,1763.2362800565768,1753.1781220057487,2336.5099009900987,,2087.6878783592642,267.607440017946,2077.879858557284,256.1068752711677,2040.5107727030766,250.57978103292388,2058.2638189533236,249.76342598511846,2074.585958844732,251.36617454177866,2075.5710108754456,254.31263347397442,2066.9515000836486,254.58870843255252,2056.5238819840506,294.11406823088106,1992.1684276262497,312.40168621821607,0.009446693657219951,17.869405940594106,-0.18194444444444446,-424.6876908335994,,,-424.6876908335994,156.29554136058778,,2025-04-29
2025,4,2,2,18,0,1912.026435643564,1909.4736633663365,1806.5566336633665,2405.517623762376,2502.3886138613857,1891.6042574257424,2079.4345544554453,1876.018910891089,60.16963627794208,2105.8579867986796,287.33107675268064,2089.074628712871,274.3604958987667,2.5527722772274046,-167.40811881188142,0.0013368983957218195,-0.0805065581184985,0.8660254037844387,-0.49999999999999983,1.2246467991473532e-16,-1.0,30,120,0,1,0,0,5,0.8800122039735357,-0.47495107206704995,0.9749279121818236,-0.22252093395631434,1909.4736633663365,1894.15702970297,1876.2876237623757,1745.9402107952728,1840.5488118811877,1971.398977962312,1772.3533239038188,1839.382944746087,2648.0445544554455,,2090.240650636492,265.5307854935693,2080.432630834512,254.11327062635488,2046.0469801980194,245.63313647745895,2060.8165912305512,247.81346358304833,2073.5257348747546,251.9338856660783,2077.2337860152043,252.75807776369658,2067.7586499825093,253.97352832701324,2052.434892435096,290.94361482324325,1991.8345026596553,311.7903597992774,0.00943396226415083,17.86940594059388,0.09512709760699023,166.08622484829107,,,166.08622484829107,72.6434908974768,,2025-04-30
2025,5,2,3,18,0,2015.3465346534651,1912.026435643564,1909.4736633663365,1806.5566336633665,2405.517623762376,1894.15702970297,2478.876237623762,1945.6155445544553,60.4022962867779,2091.8849174917486,289.74887468290973,2050.447153465346,245.61537822452186,103.32009900990124,-463.52970297029674,0.05403696156278559,-0.1869918699186991,0.49999999999999994,-0.8660254037844387,1.2246467991473532e-16,-1.0,1,121,1,0,0,0,1,0.8717063187093218,-0.49002866642905923,0.43388373911755823,-0.900968867902419,1912.026435643564,1996.536633663366,1977.726732673267,1837.99603960396,1940.106930693069,2069.9559246247204,1875.231966053748,1924.9809964867457,1648.3663366336632,,2092.9277793493634,264.5177150513534,2083.119759547383,253.14070504493486,2051.958663366336,242.56832509731254,2063.5037199434223,246.8621874642121,2072.550567196696,252.05361527607295,2078.9018165937723,251.86971170176838,2068.7627115176956,253.58105022646467,2054.4736713129837,289.3778862801635,1991.932062958385,311.1438046724198,0.009421265141319024,18.809900990099095,0.09649122807017552,177.35049504950507,,,177.35049504950507,90.36553816671949,,2025-05-01
2025,5,2,4,18,0,2120.6646438837433,2015.3465346534651,1912.026435643564,1909.4736633663365,1806.5566336633665,1996.536633663366,2382.945742574257,2016.0125380602574,104.32069859247306,2028.2642558288087,213.4485925348512,2028.5903952411365,224.06140064814755,105.3181092302782,-262.2810986905138,0.05225806451612924,-0.11006591295997192,0.49999999999999994,-0.8660254037844387,1.2246467991473532e-16,-1.0,2,122,0,0,0,0,1,0.8631421280499114,-0.5049610547215204,-0.433883739117558,-0.9009688679024191,2015.3465346534651,2099.184950495049,2079.4345544554453,1840.5488118811877,2039.9337623762376,2167.992781858831,1979.070297029703,2284.059405940594,1494.5188118811882,,2095.9963069763194,264.7269032691377,2086.0647659351184,253.33429265952668,2061.2958577664217,239.52202895960758,2066.386965711548,247.048085778424,2071.7054218757125,251.8070012181803,2080.58746358013,251.66726723984092,2066.9472141615083,252.60535826643908,2057.952259268553,286.3567639260188,1992.4640157721258,310.6078615575076,0.010232396808879773,21.47969338869416,0.15219147147543177,280.11583200255563,,,280.11583200255563,-163.3947620568506,,2025-05-02
2025,5,2,5,18,1,2530.0183647396993,2120.6646438837433,2015.3465346534651,1912.026435643564,1909.4736633663365,2099.184950495049,1789.627722772277,2222.0098477589695,271.8913586939883,2049.0143793250295,258.7103340481924,2090.2896154050886,252.4217157493715,409.353720855956,740.3906419674224,0.19303086041283435,0.4137120991959702,0.49999999999999994,-0.8660254037844387,1.2246467991473532e-16,-1.0,3,123,0,0,0,0,1,0.854322169749827,-0.5197438121555155,-0.9749279121818236,-0.2225209339563146,2120.6646438837433,2502.3886138613857,2478.876237623762,1940.106930693069,2431.8514851485143,2574.442670073459,2368.0321782178216,2204.2132956152755,1714.3009900990098,,2099.9434142446503,271.9048184647474,2089.7177750148285,259.7224188113098,2080.9595722346426,253.06176504127632,2069.8929256969473,253.05028197375566,2070.912130709038,250.25960680495166,2082.515870562533,254.5010144569524,2070.5672704851127,256.8927561379362,2062.4840224610016,287.3408104652068,1994.6761735868072,311.8777523631514,0.011041350941762396,27.629750878313644,0.3040612992583325,589.9114340466303,,,589.9114340466303,325.8050691244239,,2025-05-03
2025,5,2,6,18,1,2434.0185244330883,2530.0183647396993,2120.6646438837433,2015.3465346534651,1912.026435643564,2502.3886138613857,1891.6042574257424,2361.56717768551,214.07829275479907,2153.5913611199826,267.76091847304195,2135.4908043223672,261.99234375909003,-95.99984030661108,542.4142670073459,-0.0379443254817986,0.286748279867751,0.49999999999999994,-0.8660254037844387,1.2246467991473532e-16,-1.0,4,124,0,0,0,0,1,0.8452490573530633,-0.5343725582809787,-0.7818314824680299,0.6234898018587334,2530.0183647396993,2405.517623762376,2382.945742574257,2039.9337623762376,2337.8019801980195,2465.223890130948,2284.827157001414,1661.7971711456858,1582.4316831683168,,2104.0149714833233,277.40100952192023,2093.365830861888,264.4731484933806,2094.0957309698706,260.9636120434253,2073.3292308482,257.43834798471147,2070.354892035862,249.39891355772696,2084.2919582700533,256.4430674962606,2079.1475077438613,255.98090745499215,2067.2150604680282,286.4017517658937,1996.476756991915,312.5036419482997,0.011848136296808809,28.500900670712326,0.19318507753790848,394.08476205685065,,,394.08476205685065,772.2213532874025,,2025-05-04
2025,5,2,0,19,0,1829.4145640370489,2434.0185244330883,2530.0183647396993,2120.6646438837433,2015.3465346534651,2405.517623762376,1894.15702970297,2264.4838177366123,379.8261891586024,2140.2481778984347,283.86914220715914,2130.0955988502074,268.0114049917722,-604.6039603960394,-64.74246566592115,-0.2483974358974358,-0.034180094179453335,0.49999999999999994,-0.8660254037844387,1.2246467991473532e-16,-1.0,5,125,0,0,0,0,1,0.835925479418637,-0.548842958284719,0.0,1.0,2434.0185244330883,1806.5566336633665,1789.627722772277,2431.8514851485143,1755.769900990099,1844.237112743532,1722.25756718529,1763.2362800565768,1648.3663366336632,,2107.280390108135,273.42189647202866,2096.2077480950857,261.1511445069487,2074.014500266155,257.2291138508727,2075.959397385591,254.4324344810604,2070.0902036661037,249.65099503817976,2085.5676368040026,254.88220236481868,2079.8828220103114,255.1569686720308,2068.220883953603,285.2381164568605,1995.7948704900584,312.0451951620074,0.012652761583970218,22.857930373682393,-0.2477276777757974,-602.4369211114654,,,-602.4369211114654,66.17828398047209,,2025-05-05
2025,5,2,1,19,0,1935.1660811242411,1829.4145640370489,2434.0185244330883,2530.0183647396993,2120.6646438837433,1806.5566336633665,1996.536633663366,2066.1997231981263,322.8991309186265,2144.104785478548,280.2829683496415,2124.9813861386137,271.3563411828349,105.75151708719227,-61.3705525391249,0.05780620705993833,-0.030738505622367907,0.49999999999999994,-0.8660254037844387,1.2246467991473532e-16,-1.0,6,126,0,0,0,0,1,0.8263541987239096,-0.5631507242749186,0.7818314824680298,0.6234898018587336,1829.4145640370489,1909.4736633663365,1891.6042574257424,2337.8019801980195,1855.8654455445544,1941.753880549345,1827.05558698727,1772.3533239038188,1758.2574257425742,,2110.9507355021215,270.4806631990801,2099.319306930693,258.77451552892734,2060.5933036303627,253.4675988759305,2078.791562942008,252.32438983630144,2069.9725643906554,249.71411271233714,2086.8546664961095,253.83190492421232,2081.6918526460936,253.52406109977332,2069.2037098168344,284.46787072529884,1995.5484119967016,311.4317079829045,0.01345523546662064,25.69241775790465,-0.1722284019280682,-402.6358990737783,,,-402.6358990737783,162.81275722042233,,2025-05-06
2025,5,2,2,19,0,1939.2834557649312,1935.1660811242411,1829.4145640370489,2434.0185244330883,2530.0183647396993,1909.4736633663365,2099.184950495049,1901.2880336420737,62.278286089779634,2131.4276056637923,288.8603594667209,2111.6562615777707,276.61336009605026,4.117374640690059,-159.90149473011797,0.0021276595744681437,-0.07617313314503737,0.49999999999999994,-0.8660254037844387,1.2246467991473532e-16,-1.0,7,127,0,0,0,0,1,0.8165380514459161,-0.5772916165517272,0.9749279121818236,-0.22252093395631434,1935.1660811242411,1912.026435643564,1894.15702970297,1755.769900990099,1858.4182178217816,1936.8130309805172,1836.172630834512,1875.231966053748,1802.2138613861387,,2114.8445955194597,267.31734506169266,2102.542623077976,256.29155654889104,2066.710422122857,248.01314515707094,2081.6796071542635,250.16214715106997,2070.0166791189486,249.69037799997247,2088.0821763167096,252.85244981079768,2082.4035358651067,253.02739765697842,2069.965207563383,283.9321251320955,1995.3206186516336,310.81869057547306,0.01425556656186755,27.257020121367304,0.1045202760745283,183.5135547748323,,,183.5135547748323,64.0514897111832,,2025-05-07
2025,5,2,3,19,0,2045.685084637496,1939.2834557649312,1935.1660811242411,1829.4145640370489,2434.0185244330883,1912.026435643564,2502.3886138613857,1973.378207175556,62.65342440525135,2118.9310124560843,291.0328111643389,2073.597634142446,247.8935578792872,106.40162887256474,-456.70352922388975,0.054866465526874464,-0.18250703615501174,0.49999999999999994,-0.8660254037844387,1.2246467991473532e-16,-1.0,8,128,0,0,0,0,2,0.8064799463209448,-0.5912614448635781,0.43388373911755823,-0.900968867902419,1939.2834557649312,2015.3465346534651,1996.536633663366,1855.8654455445544,1958.916831683168,2033.5496646438835,1942.4101838755305,1979.070297029703,1868.1485148514853,,2119.178674088607,265.6762007893026,2106.053226718985,255.06148197159408,2073.0377434259553,244.8497425073996,2084.7784733312037,249.12035763051756,2070.233383047406,249.66341783104716,2089.3116394210188,252.38625507876455,2083.1437001718605,252.81907359009358,2070.951521839972,283.5352272472986,1995.5237011757702,310.2053513427184,0.01505376344086029,30.338549984030806,0.10228092750401085,189.81963909294154,,,189.81963909294154,66.614787607793,,2025-05-08
2025,5,2,4,19,0,2152.520121366975,2045.685084637496,1939.2834557649312,1935.1660811242411,1829.4145640370489,2015.3465346534651,2405.517623762376,2045.8295539231342,106.61840621018678,2056.01463856063,215.35323646328084,2052.5145089428297,226.97362239231592,106.83503672947927,-252.99750239540072,0.052224576271186374,-0.10517383032085093,0.49999999999999994,-0.8660254037844387,1.2246467991473532e-16,-1.0,9,129,0,0,0,0,2,0.7961828637826158,-0.6050560696488488,-0.433883739117558,-0.9009688679024191,2045.685084637496,2120.6646438837433,2099.184950495049,1858.4182178217816,2059.6841584158415,2129.7662088789525,2049.6074257425744,2368.0321782178216,1824.1920792079209,,2123.729456586211,265.97855134265615,2109.8628817812655,255.34915539441363,2082.841140210795,241.82946440295805,2088.0940434366016,249.39163919536668,2070.639702913263,249.78055553387134,2090.536790559405,252.44097507587824,2080.7491217624065,251.10523457130984,2072.7755665186332,282.9944885661114,1996.1542088873814,309.73913848090217,0.01502145922746756,31.85547748323188,0.1582538853336819,294.10190354519364,,,294.10190354519364,-215.51205685084642,,2025-05-09
2025,5,2,5,19,1,2567.9415522197382,2152.520121366975,2045.685084637496,1939.2834557649312,1935.1660811242411,2120.6646438837433,1806.5566336633665,2255.382252741403,275.90472637495577,2078.3351431917386,263.8477136182863,2115.963252155861,256.4704700751436,415.421430852763,761.3849185563718,0.19299305345816986,0.42145643505923336,0.49999999999999994,-0.8660254037844387,1.2246467991473532e-16,-1.0,10,130,0,0,0,0,2,0.7856498550787145,-0.6186714032625031,-0.9749279121818236,-0.2225209339563146,2152.520121366975,2530.0183647396993,2502.3886138613857,1958.916831683168,2455.3638613861385,2528.934845097413,2452.0049504950493,2284.827157001414,1934.0831683168315,,2129.1470547976455,275.83684642433724,2114.545234521148,263.5693108482737,2103.1419642286805,256.2033592583254,2092.114675252087,256.34258045581345,2071.3362512547333,251.1325418858052,2091.916988198984,254.74747879044332,2083.894837264832,255.42671233427808,2076.2970019847603,285.19418358430624,1998.4413582607108,311.22468163240126,0.014989293361884704,37.923187480038905,0.3108987123324043,609.0247205365702,,,609.0247205365702,283.11439521832426,,2025-05-10
2025,5,2,6,19,1,2470.424784413925,2567.9415522197382,2152.520121366975,2045.685084637496,1939.2834557649312,2530.0183647396993,1909.4736633663365,2396.9621526668793,217.2356094206077,2185.1701799212174,272.5320390328765,2162.7091789098263,266.344098997969,-97.51676780581329,560.9511210475885,-0.037974683544304,0.2937726410212178,0.49999999999999994,-0.8660254037844387,1.2246467991473532e-16,-1.0,11,131,0,0,0,0,2,0.7748840413670407,-0.6321034111873487,-0.7818314824680299,0.6234898018587334,2567.9415522197382,2434.0185244330883,2405.517623762376,2059.6841584158415,2360.3738613861383,2421.536378153944,2365.441018387553,1722.25756718529,2307.7128712871286,,2134.3479490806226,282.7986108219385,2119.1814602819727,269.5835191770252,2116.833318428617,264.63697784757136,2096.0450653602225,261.4017771531019,2072.209258509376,252.4535707504906,2093.166794937393,256.35800967049215,2092.2078063451504,255.6993949684962,2077.200957057687,286.1879155747767,2000.321770317098,312.02705423138275,0.014957264957264904,36.406259980836694,0.19941922858405392,410.7406259980835,,,410.7406259980835,748.1672172286349,,2025-05-11
2025,5,2,0,20,0,1856.7192590226764,2470.424784413925,2567.9415522197382,2152.520121366975,2045.685084637496,2434.0185244330883,1912.026435643564,2298.3618652187797,385.56909070436336,2172.095709570957,288.34731449113906,2158.1002475247524,271.50490638465396,-613.7055253912486,-55.3071766208875,-0.24842105263157888,-0.02892594766989809,0.49999999999999994,-0.8660254037844387,1.2246467991473532e-16,-1.0,12,132,0,0,0,0,2,0.7638886127905428,-0.6453481132295501,0.0,1.0,2470.424784413925,1829.4145640370489,1806.5566336633665,2455.3638613861385,1772.698811881188,1811.4714787607793,1782.717963224894,1827.05558698727,2615.407920792079,,2138.2486197928547,278.0399069983874,2122.764504950495,265.4098354067815,2096.878498349835,260.7720448140687,2099.045795615276,258.01277063641976,2073.017254585481,251.6750966919149,2094.04776274451,255.40368199629933,2092.537402701099,255.3726831958821,2072.9860200478574,283.7939121555433,1999.7519190818027,311.536230121518,0.014925373134328401,27.30469498562752,-0.24381095273818454,-598.6446023634621,,,-598.6446023634621,29.663672035406307,,2025-05-12
2025,5,2,1,20,0,1963.9877036090704,1856.7192590226764,2470.424784413925,2567.9415522197382,2152.520121366975,1829.4145640370489,2015.3465346534651,2097.0439156818907,327.77520445011226,2176.213084211647,284.5088922514934,2153.8203449377193,274.3496943142195,107.26844458639403,-51.35883104439472,0.057773109243697496,-0.02548387096774196,0.49999999999999994,-0.8660254037844387,1.2246467991473532e-16,-1.0,13,133,0,0,0,0,2,0.7526668275320084,-0.6584015846980488,0.7818314824680298,0.6234898018587336,1856.7192590226764,1935.1660811242411,1909.4736633663365,2360.3738613861383,1873.7348514851485,1907.16793356755,1890.8748939179632,1836.172630834512,1857.3267326732673,,2142.3659944335445,274.7249592112179,2126.658364967833,262.4229951517448,2083.6656264239327,256.97527579906085,2102.2691117625586,255.64665125954795,2074.0318933362228,251.10820848905956,2094.9181533360706,254.8268760807839,2093.957570176372,254.2840591085995,2073.5785809975005,283.4522487529088,1999.6105585463374,310.9256183426281,0.014893617021276784,28.821622484829277,-0.16793363299841346,-396.38615777706787,,,-396.38615777706787,127.81507277455853,,2025-05-13
2025,5,2,2,20,0,1968.1050782497605,1963.9877036090704,1856.7192590226764,2470.424784413925,2567.9415522197382,1935.1660811242411,2120.6646438837433,1929.6040136271693,63.153612595007054,2163.283083147024,293.2558005422147,2141.107047801554,279.51201424058075,4.117374640690059,-152.55956563398286,0.002096436058700357,-0.07193950541590033,0.49999999999999994,-0.8660254037844387,1.2246467991473532e-16,-1.0,14,134,0,0,0,0,2,0.741222010848596,-0.6712599575675313,0.9749279121818236,-0.22252093395631434,1963.9877036090704,1939.2834557649312,1912.026435643564,1772.698811881188,1876.2876237623757,1902.227083998722,1899.991937765205,1942.4101838755305,1683.9762376237625,,2146.483369074235,271.3695202920526,2130.663982296847,259.30430876280053,2090.1791686362185,251.23375379768615,2105.5483065656795,253.2179522156695,2075.2082860907058,250.44213193433893,2095.7290240561247,254.30697813676406,2094.2430690027522,254.12637229124167,2075.1570745565336,282.05820667074005,1999.486521222335,310.31682906316064,0.014861995753715496,28.821622484829277,0.11023094564000258,195.40626636857246,,,195.40626636857246,25.69489437422999,,2025-05-14
2025,5,2,3,20,0,2076.0236346215265,1968.1050782497605,1963.9877036090704,1856.7192590226764,2470.424784413925,1939.2834557649312,2530.0183647396993,2002.7054721601191,63.5287565085351,2150.5336686894493,295.47179471310125,2103.27415362504,251.39692100530746,107.91855637176604,-453.9947301181728,0.054833737062321086,-0.17944325481798706,0.49999999999999994,-0.8660254037844387,1.2246467991473532e-16,-1.0,15,135,0,0,0,0,3,0.7295575540864875,-0.6839194216246106,0.43388373911755823,-0.900968867902419,1968.1050782497605,2045.685084637496,2015.3465346534651,1873.7348514851485,1977.726732673267,1997.1434046630468,2009.5884016973123,2049.6074257425744,1931.619801980198,,2150.817447643382,269.7286567508429,2134.9980608659944,257.73091119389886,2096.9221280740976,247.91696218470193,2109.058910206689,252.05894488416632,2076.6168616256787,250.2168081683899,2096.519919686175,254.13910430409246,2094.536582434741,254.08949186505436,2075.959318071208,281.8529557830871,1999.786666765077,309.7424518193841,0.01483050847457612,30.33854998403058,0.10796019670341361,202.28878313637802,,,202.28878313637802,26.416208878952148,,2025-05-15
2025,5,2,4,20,0,2184.375598850208,2076.0236346215265,1968.1050782497605,1963.9877036090704,1856.7192590226764,2045.685084637496,2434.0185244330883,2076.168103907165,108.13533267960196,2086.606009794528,218.59248336938026,2082.470576493133,231.04440158451985,108.35196422868148,-249.64292558288025,0.05219206680584576,-0.10256410256410231,0.49999999999999994,-0.8660254037844387,1.2246467991473532e-16,-1.0,16,136,0,0,0,0,3,0.717676913675962,-0.6963762255968722,-0.433883739117558,-0.9009688679024191,2076.0236346215265,2152.520121366975,2120.6646438837433,1876.2876237623757,2079.4345544554453,2091.5396358990733,2120.144554455446,2452.0049504950493,1783.0336633663364,,2155.3682301409863,270.0307305662672,2139.548843363599,258.02066901690637,2107.191727243692,244.82410075980883,2112.8068046493586,252.38212569308115,2078.274646678377,250.624680063571,2097.284574976589,254.30761617052607,2091.5629229720207,251.41090398390256,2078.188995490563,281.10922211875965,2000.5077172810345,309.34971730092144,0.014799154334038223,31.85547748323279,0.16420082464225128,308.0879750878323,,,308.0879750878323,-267.62935164484134,,2025-05-16
2025,5,2,5,20,1,2605.8647396997767,2184.375598850208,2076.0236346215265,1968.1050782497605,1963.9877036090704,2152.520121366975,1829.4145640370489,2288.754657723837,279.9180953531675,2109.179335675503,267.6448450885868,2147.1747577983606,260.5695165030716,421.4891408495687,776.4501756627278,0.19295634920634908,0.4244254915896708,0.49999999999999994,-0.8660254037844387,1.2246467991473532e-16,-1.0,17,137,0,0,0,0,3,0.705583610107178,-0.7086266782644596,-0.9749279121818236,-0.2225209339563146,2184.375598850208,2567.9415522197382,2530.0183647396993,1977.726732673267,2478.876237623762,2483.4270201213667,2535.977722772277,2365.441018387553,1857.3267326732673,,2160.7858283524206,279.8882155259501,2144.966441575033,267.4730491363598,2128.129660811242,259.77364455413164,2117.3421082949308,260.22321437667216,2080.4610345279916,254.723926432257,2098.1165632733446,255.8696520364634,2094.2342976532673,255.59618082017315,2082.3475399740437,283.3514250641023,2002.8631920764383,311.04554880157553,0.01476793248945163,37.92318748003845,0.3176060659186539,628.1380070265097,,,628.1380070265097,240.42372131222373,,2025-05-17
2025,5,2,6,20,1,2506.8310443947616,2605.8647396997767,2184.375598850208,2076.0236346215265,1968.1050782497605,2567.9415522197382,1935.1660811242411,2432.3571276482485,220.3929381132792,2217.531299904184,276.4484464571946,2194.8135047375704,270.35881296411753,-99.03369530501504,571.6649632705205,-0.03800415800415824,0.29540873460246364,0.49999999999999994,-0.8660254037844387,1.2246467991473532e-16,-1.0,18,138,0,0,0,0,3,0.6932812268869777,-0.7206671495538609,-0.7818314824680299,0.6234898018587334,2605.8647396997767,2470.424784413925,2434.0185244330883,2079.4345544554453,2382.945742574257,2377.84886617694,2446.0548797736915,1782.717963224894,1981.148514851485,,2165.986722635397,286.85250056063586,2150.1673358580097,274.1504373846345,2142.376210475886,268.5813717940096,2121.766583359949,265.8977447905705,2082.7642877104527,258.0236110629162,2098.8400890426433,256.94902745717576,2102.279998555155,257.0726503437396,2085.267998471506,285.0067837494877,2004.816555845114,312.0213284733285,0.01473684210526316,36.406259980836694,0.20553495613678563,427.3964899393163,,,427.3964899393163,724.1130811698677,,2025-05-18
2025,5,2,0,21,0,1884.0239540083044,2506.8310443947616,2605.8647396997767,2184.375598850208,2076.0236346215265,2470.424784413925,1939.2834557649312,2332.239912700947,391.3119949880363,2204.204008304056,292.57334536107953,2190.2085462578516,275.5280610068887,-622.8070903864573,-55.25950175662683,-0.2484439834024894,-0.028494803888702402,0.49999999999999994,-0.8660254037844387,1.2246467991473532e-16,-1.0,19,139,0,0,0,0,3,0.6807734094770161,-0.7324940716135789,0.0,1.0,2506.8310443947616,1856.7192590226764,1829.4145640370489,2478.876237623762,1789.627722772277,1778.705844778026,1843.178359264498,1890.8748939179632,2030.6772277227724,,2169.8873933476298,282.0922646599013,2154.0680065702422,269.5861437833809,2122.5478010220377,264.8136163336261,2125.137877332664,262.1019441292058,2084.6449682324223,256.14407261368984,2099.3263461229267,256.4976294628931,2102.2038770006034,257.13695895036557,2084.453258061981,285.3730938587126,2004.3501751430413,311.5064860451884,0.014705882352941346,27.304694985627975,-0.23996852871754493,-594.8522836154575,,,-594.8522836154575,-6.850939909658791,,2025-05-19
2025,5,2,1,21,0,1992.8093260938997,1884.0239540083044,2506.8310443947616,2605.8647396997767,2184.375598850208,1856.7192590226764,2045.685084637496,2127.888108165655,332.6512828524837,2208.3213829447463,288.73486188170165,2185.8022330458853,278.4566671745463,108.78537208559533,-52.87575854359625,0.05774097078444895,-0.025847457627118597,0.49999999999999994,-0.8660254037844387,1.2246467991473532e-16,-1.0,20,140,0,0,0,0,3,0.6680638642135335,-0.7441039398713607,0.7818314824680298,0.6234898018587336,1884.0239540083044,1963.9877036090704,1935.1660811242411,2382.945742574257,1891.6042574257424,1872.581986585755,1954.694200848656,1899.991937765205,2104.970297029703,,2174.0047679883196,278.77696130780186,2158.185381210932,266.40713870515475,2109.543253806026,261.13893296139986,2128.752344070813,259.44653896123646,2086.7918850093533,254.83481941773692,2099.7800976139415,256.2723029067393,2103.2351813153664,256.5021797224161,2083.830141556782,285.450486417255,2004.305787262083,310.9053644253062,0.014675052410901612,28.821622484829277,-0.16372022640301476,-390.1364164803574,,,-390.1364164803574,92.81738832869473,,2025-05-20
2025,5,2,2,21,0,1996.9267007345893,1992.8093260938997,1884.0239540083044,2506.8310443947616,2605.8647396997767,1963.9877036090704,2152.520121366975,1957.9199936122643,64.02895200879792,2195.1385606302565,297.6512721153779,2172.836114659853,283.7201078318972,4.117374640689604,-155.59342063238591,0.0020661157024792765,-0.07228430484244441,0.49999999999999994,-0.8660254037844387,1.2246467991473532e-16,-1.0,21,141,0,0,0,0,3,0.6551563572090853,-0.7554933140726803,0.9749279121818236,-0.22252093395631434,1992.8093260938997,1968.1050782497605,1939.2834557649312,1789.627722772277,1894.15702970297,1867.6411370169271,1963.8112446958985,2009.5884016973123,2055.441584158416,,2178.1221426290094,275.4217539176445,2162.302755851622,263.1897379955028,2116.4532197381027,255.05353319700174,2132.4226894647986,256.71742039037485,2089.1005557900257,253.39489155063384,2100.17432923345,256.0860213110619,2103.094495749114,256.55758629040685,2083.505058871094,285.5163090638339,2004.2775148999087,310.3072296441915,0.01464435146443499,28.821622484828822,0.11583357551099493,207.2989779623124,,,207.2989779623124,-12.661700962722989,,2025-05-21
2025,5,2,3,21,0,2106.3621846055576,1996.9267007345893,1992.8093260938997,1884.0239540083044,2506.8310443947616,1968.1050782497605,2567.9415522197382,2032.032737144682,64.40410129302336,2182.1363249228148,299.91080465797245,2134.3711673586713,255.13346703360435,109.43548387096826,-461.5793676141807,0.054801953336950815,-0.17974683544303793,0.49999999999999994,-0.8660254037844387,1.2246467991473532e-16,-1.0,22,142,0,0,0,0,4,0.6420547132365637,-0.766658819300159,0.43388373911755823,-0.900968867902419,1996.9267007345893,2076.0236346215265,2045.685084637496,1891.6042574257424,1996.536633663366,1960.73714468221,2076.7666195190945,2120.144554455446,2179.2633663366337,,2182.456221198157,273.7811631471682,2166.6368344207694,261.6165107958828,2123.6118173107634,251.51432718859593,2136.3450305698775,255.39996756289045,2091.7010029315143,252.80015523646685,2100.526657389241,256.07378730321307,2102.941358306337,256.5514081057514,2083.1000523059215,285.4314092483837,2004.6671510438234,309.7764084522902,0.014613778705636848,30.338549984031033,0.1135321652701693,214.75792717981517,,,214.75792717981517,-13.782369849888255,,2025-05-22
2025,5,2,4,21,0,2216.23107633344,2106.3621846055576,1996.9267007345893,1992.8093260938997,1884.0239540083044,2076.0236346215265,2470.424784413925,2106.5066538911956,109.65225917750804,2117.1973810284258,221.83180012460204,2113.1883583519643,234.40610068056188,109.86889172788233,-254.19370808048507,0.05216049382716048,-0.10289473684210515,0.49999999999999994,-0.8660254037844387,1.2246467991473532e-16,-1.0,23,143,0,0,0,0,4,0.6287628145958344,-0.777597146973627,-0.433883739117558,-0.9009688679024191,2106.3621846055576,2184.375598850208,2152.520121366975,1894.15702970297,2099.184950495049,2053.313062919195,2190.681683168317,2535.977722772277,2600.257425742574,,2187.0070036957613,274.0829683522713,2171.187616918374,261.90602482538276,2134.347618865112,248.23482703141448,2140.5252493498197,255.72688722784866,2094.6102531710544,253.2873198846984,2100.830816831683,256.19730560025994,2099.38861779035,252.67191756669706,2080.966572586982,282.96887532654017,2005.4715766152667,309.45976425203327,0.01458333333333317,31.85547748323188,0.17003555754877175,322.07404663046987,,,322.07404663046987,-319.74664643883716,,2025-05-23
2025,5,2,5,21,1,2643.7879271798147,2216.23107633344,2106.3621846055576,1996.9267007345893,1992.8093260938997,2184.375598850208,1856.7192590226764,2322.127062706271,283.93146557361354,2140.0235281592672,271.44198328310256,2178.7774140317256,264.3250122703441,427.5568508463748,787.0686681571383,0.19292070010755835,0.42390289449112983,0.49999999999999994,-0.8660254037844387,1.2246467991473532e-16,-1.0,24,144,0,0,0,0,4,0.6152845999633276,-0.7883050558305255,-0.9749279121818236,-0.2225209339563146,2216.23107633344,2605.8647396997767,2567.9415522197382,1996.536633663366,2502.3886138613857,2437.9191951453204,2619.9504950495048,2446.0548797736915,2946.958415841584,,2192.424601907195,283.939664277649,2176.6052151298077,271.35818208732707,2155.922661982327,263.5021714702376,2145.575224825478,264.3869686540478,2098.286480528813,259.7717151835055,2101.114595785615,256.7917525967086,2101.585651650418,256.5500235986545,2079.282292094417,278.65492154276416,2007.8894415795264,311.35924852390167,0.014553014553014387,37.923187480037996,0.32418703599183796,647.2512935164486,,,647.2512935164486,197.7330474061232,,2025-05-24
2025,5,2,6,21,1,2543.2373043755993,2643.7879271798147,2216.23107633344,2106.3621846055576,1996.9267007345893,2605.8647396997767,1963.9877036090704,2467.7521026296176,223.55027832322816,2249.89241988715,280.36486177529446,2227.0482140956033,274.2395077182834,-100.55062280421544,579.2496007665288,-0.038032786885245695,0.2949354518371403,0.49999999999999994,-0.8660254037844387,1.2246467991473532e-16,-1.0,25,145,0,0,0,0,4,0.6016240632249226,-0.7987793728863649,-0.7818314824680299,0.6234898018587334,2643.7879271798147,2506.8310443947616,2470.424784413925,2099.184950495049,2405.517623762376,2334.161354199936,2508.9114021079527,1843.178359264498,1864.0841584158416,,2197.625496190172,290.90639781171393,2181.8061094127847,278.0383036929983,2170.724407111679,272.52264387143106,2150.4937848473787,270.60976170231976,2102.0199796390925,264.6794842224534,2101.5232374792777,257.47491574978085,2109.364084373875,259.22596303991617,2083.0553651275263,280.31780359257135,2009.9096221938514,312.50418667805155,0.014522821576763878,36.4062599808376,0.21153560279470818,444.0523538805501,,,444.0523538805501,700.0589451111011,,2025-05-25
2025,5,2,0,22,0,1911.328648993932,2543.2373043755993,2643.7879271798147,2216.23107633344,2106.3621846055576,2506.8310443947616,1968.1050782497605,2366.117960183115,397.0549018908206,2236.3123070371553,296.79941767072745,2222.316844990951,279.55143444003403,-631.9086553816674,-56.77642925582859,-0.24846625766871167,-0.028848271305879636,0.49999999999999994,-0.8660254037844387,1.2246467991473532e-16,-1.0,26,146,0,0,0,0,4,0.5877852522924732,-0.8090169943749473,0.0,1.0,2543.2373043755993,1884.0239540083044,1856.7192590226764,2502.3886138613857,1806.5566336633665,1745.9402107952728,1877.0027467262855,1954.694200848656,1690.1029702970297,,2201.526166902405,286.14467336132253,2185.706780125017,273.47232474466045,2151.0224082827635,269.0615300615303,2154.235642537756,266.36896721317413,2104.973344606926,261.5380919462407,2101.9318791729406,257.14130660467686,2108.8822449088225,259.55677991325814,2084.2843966758423,279.0674944696734,2009.5390170314454,311.97255854264347,0.01449275362318847,27.30469498562752,-0.2361983113227969,-591.0599648674538,,,-591.0599648674538,-43.36555185472412,,2025-05-26
2025,5,2,1,22,0,2021.6309485787287,1911.328648993932,2543.2373043755993,2643.7879271798147,2216.23107633344,1884.0239540083044,2076.0236346215265,2158.73230064942,337.5273659146407,2240.4296816778456,292.96087526136733,2217.7841211540513,282.5638508801301,110.30229958479686,-54.39268604279778,0.057709750566893314,-0.02620041753653446,0.49999999999999994,-0.8660254037844387,1.2246467991473532e-16,-1.0,27,147,0,0,0,0,4,0.5737722679043246,-0.8190148866680801,0.7818314824680298,0.6234898018587336,1911.328648993932,1992.8093260938997,1963.9877036090704,2405.517623762376,1909.4736633663365,1837.99603960396,1976.33982753114,1963.8112446958985,1938.6475247524752,,2205.643541543094,282.82902523122385,2189.824154765707,270.292811593381,2138.226185776642,265.6476235893917,2158.2412598667697,263.3784658926156,2108.252539410047,259.27123192056143,2102.4710591854114,256.92217976138653,2109.5246860630764,259.2650655641572,2084.7454156970994,278.8940488558759,2009.5843051645816,311.3864711071195,0.01446280991735538,28.82162248482905,-0.15958589178125626,-383.8866751836472,,,-383.8866751836472,57.819703882830254,,2025-05-27
2025,5,2,2,22,0,2025.7483232194188,2021.6309485787287,1911.328648993932,2543.2373043755993,2643.7879271798147,1992.8093260938997,2184.375598850208,1986.2359735973596,64.90430380887688,2226.994038113489,302.04677285477794,2204.565181518152,287.9283941934469,4.117374640690059,-158.6272756307892,0.0020366598778005507,-0.0726190476190477,0.49999999999999994,-0.8660254037844387,1.2246467991473532e-16,-1.0,28,148,0,0,0,0,4,0.5595892624101765,-0.8287700871745037,0.9749279121818236,-0.22252093395631434,2021.6309485787287,1996.9267007345893,1968.1050782497605,1806.5566336633665,1912.026435643564,1840.5488118811877,1971.398977962312,2076.7666195190945,1789.5207920792077,,2209.7609161837845,279.47404339836373,2193.941529406397,267.075449258933,2145.5325754285104,259.14555991699655,2162.302755851622,260.29986963720813,2111.559673541087,256.96535401134565,2103.118075200377,256.65641696067377,2108.957816104191,259.3932369641733,2086.0577908701007,278.05159539491285,2009.644618664786,310.8043717241795,0.01443298969072182,28.821622484829504,0.12133120294799271,219.19168955605232,,,219.19168955605232,-51.01829629967574,,2025-05-28
2025,5,2,3,22,0,2136.700734589588,2025.7483232194188,2021.6309485787287,1911.328648993932,2543.2373043755993,1996.9267007345893,2605.8647396997767,2061.360002129245,65.27945824858372,2213.73898115618,304.34983984397314,2165.4681810923025,258.8702209889513,110.95241137016933,-469.16400511018855,0.0547710740265297,-0.1800415800415801,0.49999999999999994,-0.8660254037844387,1.2246467991473532e-16,-1.0,29,149,0,0,0,0,5,0.545240438540651,-0.8382797052177743,0.43388373911755823,-0.900968867902419,2025.7483232194188,2106.3621846055576,2076.0236346215265,1909.4736633663365,2015.3465346534651,1940.106930693069,2069.9559246247204,2190.681683168317,1864.0841584158416,,2214.094994752931,277.83371777134045,2198.275607975544,265.5023891130153,2153.1068111359523,255.30031913538045,2166.6368344207694,258.76816246877746,2115.070277182096,255.92120559111254,2103.9126562713873,256.6558309395348,2108.3580277866495,259.26452317572597,2087.5723274043994,277.5778212192481,2010.1169462332798,310.3206796612448,0.014403292181069949,30.33854998403058,0.11899984565519395,227.22707122325164,,,227.22707122325164,-53.98094857872866,,2025-05-29
2025,5,2,4,22,0,2248.086553816672,2136.700734589588,2025.7483232194188,2021.6309485787287,1911.328648993932,2106.3621846055576,2506.8310443947616,2136.845203875226,111.16918570274085,2147.7887522623228,225.07118371305424,2143.9061402107955,237.7679992707585,111.38581922708408,-258.7444905780894,0.05212981744421907,-0.10321576763485452,0.49999999999999994,-0.8660254037844387,1.2246467991473532e-16,-1.0,30,150,0,0,0,0,5,0.5307300481619334,-0.8475409228928311,-0.433883739117558,-0.9009688679024191,2136.700734589588,2216.23107633344,2184.375598850208,1912.026435643564,2120.6646438837433,2039.9337623762376,2167.992781858831,2619.9504950495048,1988.3564356435643,,2218.645777250536,278.1352621410282,2202.826390473149,265.7916661734675,2164.308815075056,251.70495815762217,2171.187616918374,259.050024955212,2118.787291314961,256.32137562199824,2104.8661535566,257.0452440632813,2104.226206217396,253.92804005819715,2089.0152725053613,277.7342207524415,2010.9983151502554,310.0817225746014,0.014373716632443578,31.855477483232335,0.1757612300271334,336.0601181731083,,,336.0601181731083,-371.86394123283253,,2025-05-30
2025,5,2,5,22,1,2681.7111146598536,2248.086553816672,2136.700734589588,2025.7483232194188,2021.6309485787287,2216.23107633344,1884.0239540083044,2355.499467688704,287.94483698435295,2170.8677206430325,275.2391279235362,2210.380070265091,268.080699444948,433.62456084318137,797.6871606515492,0.19288606130711394,0.4233954451345756,0.49999999999999994,-0.8660254037844387,1.2246467991473532e-16,-1.0,31,151,0,1,0,0,5,0.5160623910158528,-0.8565509959010036,-0.9749279121818236,-0.2225209339563146,2248.086553816672,2643.7879271798147,2605.8647396997767,2015.3465346534651,2530.0183647396993,2431.8514851485143,2574.442670073459,2508.9114021079527,2038.0653465346536,,2224.0633754619703,287.99118931789184,2208.2439886845827,275.2435970639613,2186.5209677419352,267.04127149169364,2176.6052151298077,268.2549673272108,2123.2490704133775,263.93163167751436,2106.143158849295,259.6593782233613,2106.146203023528,257.64835248239837,2092.591082328279,281.1964475840635,2013.4732701299954,312.1771052592535,0.014344262295082233,37.923187480038905,0.33064516129032295,666.3645800063885,,,666.3645800063885,172.79971255190094,,2025-05-31
2025,6,2,6,22,1,2579.643564356436,2681.7111146598536,2248.086553816672,2136.700734589588,2025.7483232194188,2643.7879271798147,1992.8093260938997,2503.147077610987,226.7076295692535,2282.253539870116,284.28128466092863,2259.282923453636,278.12039680577107,-102.06755030341765,586.8342382625362,-0.03806060606060613,0.29447585906916074,1.2246467991473532e-16,-1.0,1.2246467991473532e-16,-1.0,1,152,1,0,0,0,1,0.5012418134457758,-0.865307254363206,-0.7818314824680299,0.6234898018587334,2681.7111146598536,2543.2373043755993,2506.8310443947616,2120.6646438837433,2434.0185244330883,2337.8019801980195,2465.223890130948,1877.0027467262855,2112.6287128712875,,2229.2642697449473,294.9603022654251,2213.44488296756,281.92636998036454,2201.8202650910252,276.13130592931554,2181.8061094127847,274.7632355244126,2127.5676701304924,269.4274537879127,2107.5052978281697,261.8565826772054,2113.9533232194185,261.2473400991668,2095.185609280974,283.5272155752319,2015.5547785646515,313.4859206146188,0.014314928425357865,36.406259980836694,0.21643163703249546,458.9789204726926,,,458.9789204726926,702.6408176301504,,2025-06-01
2025,6,2,0,23,0,1936.3449504950495,2579.643564356436,2681.7111146598536,2248.086553816672,2136.700734589588,2543.2373043755993,1996.9267007345893,2399.233209837113,404.10840338179156,2268.03920685617,301.52796804812726,2254.2344442670073,283.80736222550934,-643.2986138613865,-60.581750239539815,-0.24937500000000012,-0.030337493217579947,1.2246467991473532e-16,-1.0,1.2246467991473532e-16,-1.0,2,153,0,0,0,0,1,0.48627270710869,-0.8738071036110808,0.0,1.0,2579.643564356436,1911.328648993932,1884.0239540083044,2530.0183647396993,1829.4145640370489,1755.769900990099,1844.237112743532,1976.33982753114,2062.919801980198,,2232.8380271022497,290.5852559723261,2217.182097002327,277.53626298772315,2182.0311512828703,273.0555914474078,2185.625051786285,270.3922787762434,2130.7922245859377,265.9550091921448,2108.6018197061644,260.93208574810507,2113.508935696795,261.51792981548857,2094.4824156616123,283.7645508674787,2015.2646326742868,312.94585071948217,0.01308843537414961,25.016301501117596,-0.23465182012847952,-593.6734142446498,,,-593.6734142446498,-39.99487703609043,,2025-06-02
2025,6,2,1,23,0,2045.6215181518155,1936.3449504950495,2579.643564356436,2681.7111146598536,2248.086553816672,1911.328648993932,2106.3621846055576,2187.203344334433,344.22715868725373,2271.351406011569,298.42738130131477,2249.172722062529,287.20573917604963,109.27656765676602,-60.74066645374205,0.05643445277083936,-0.02883676268861446,1.2246467991473532e-16,-1.0,1.2246467991473532e-16,-1.0,3,154,0,0,0,0,1,0.4711595076738638,-0.8820480249558537,0.7818314824680298,0.6234898018587336,1936.3449504950495,2021.6309485787287,1992.8093260938997,2434.0185244330883,1935.1660811242411,1855.8654455445544,1941.753880549345,1971.398977962312,2187.192079207921,,2236.2652513269763,287.80726075939407,2220.9543964350355,274.5953068453977,2169.0845844068276,269.88521625055415,2189.569888822984,267.39200964093067,2134.180725882496,263.5867980896691,2109.8383392014316,260.37740863940985,2114.3336305877897,261.1815655899394,2093.6959125446338,283.7023412470171,2015.3754242271245,312.3775473988209,0.011866938221317236,23.99056957308676,-0.15957027540360857,-388.39700628127275,,,-388.39700628127275,74.22254018950343,,2025-06-03
2025,6,2,2,23,0,2047.323366336634,2045.6215181518155,1936.3449504950495,2579.643564356436,2681.7111146598536,2021.6309485787287,2216.23107633344,2009.7632783278325,63.58783073932009,2256.45517796941,308.5517406007303,2235.097079562795,293.046541232947,1.701848184818573,-168.9077099968058,0.0008319467554076532,-0.0762139434829372,1.2246467991473532e-16,-1.0,1.2246467991473532e-16,-1.0,4,155,0,0,0,0,1,0.4559066935084588,-0.8900275764346767,0.9749279121818236,-0.22252093395631434,2045.6215181518155,2025.7483232194188,1996.9267007345893,1829.4145640370489,1939.2834557649312,1858.4182178217816,1936.8130309805172,2069.9559246247204,2609.717821782178,,2239.3474003437213,285.2815210340149,2224.554158263753,271.74811346295667,2176.3482111501476,263.2797209113496,2193.4284570576874,264.4094075310277,2137.5540321059757,261.19139663320493,2111.1539384318617,259.77111696590964,2114.082157717922,261.2356637948336,2090.5714989032695,281.0722779081594,2015.4915985620682,311.8129459157155,0.010650406504065124,21.575043117215273,0.11911395403932734,217.9088022995852,,,217.9088022995852,-22.63255828808633,,2025-06-04
2025,6,2,3,23,0,2156.8686468646865,2047.323366336634,2045.6215181518155,1936.3449504950495,2579.643564356436,2025.7483232194188,2643.7879271798147,2083.2711771177114,63.74295833014651,2241.2521934774127,311.2817187119027,2194.5204728698677,263.53764182447566,109.54528052805244,-486.91928031512816,0.053506584416152414,-0.18417486338797806,1.2246467991473532e-16,-1.0,1.2246467991473532e-16,-1.0,5,156,0,0,0,0,1,0.440518784350495,-0.8977433935342337,0.43388373911755823,-0.900968867902419,2047.323366336634,2136.700734589588,2106.3621846055576,1935.1660811242411,2045.685084637496,1958.916831683168,2033.5496646438835,2167.992781858831,2957.680198019802,,2242.2285306687354,284.1717725432551,2228.1617627108335,270.39021114750057,2183.7382966748287,259.3587825514567,2197.3992985658015,262.93923130343325,2141.0888859485026,260.0669174854139,2112.622021553538,259.6757042684459,2113.9585562179873,261.21250044742413,2086.122545841297,273.50656943546505,2016.003834244324,311.3618116325442,0.009438810006761278,20.167912275098388,0.11456513624486764,221.70256574044538,,,221.70256574044538,-11.124134994144697,,2025-06-05
2025,6,2,4,23,0,2266.593069306931,2156.8686468646865,2047.323366336634,2045.6215181518155,1936.3449504950495,2136.700734589588,2543.2373043755993,2156.9283608360834,109.63486368163079,2172.0658525852587,229.08476255024755,2171.466786614146,241.43253083974304,109.7244224422443,-276.6442350686684,0.05087209302325579,-0.10877641445126118,1.2246467991473532e-16,-1.0,1.2246467991473532e-16,-1.0,6,157,0,0,0,0,1,0.42500033996955416,-0.9051931898913974,-0.433883739117558,-0.9009688679024191,2156.8686468646865,2248.086553816672,2216.23107633344,1939.2834557649312,2152.520121366975,2059.6841584158415,2129.7662088789525,2574.442670073459,1866.9059405940593,,2244.872318595915,284.3214040682001,2231.7590479232254,270.554234474024,2194.648617126229,255.5776456580815,2201.4733324207996,263.1017943397416,2144.7836879287006,260.35898885584874,2114.250912749109,260.21312880637754,2110.5380050983595,257.09797950612347,2088.343029889702,273.3392941577751,2016.9084885225284,311.16172659806045,0.008232118758434437,18.506515490258607,0.16877863448430008,327.3096135419996,,,327.3096135419996,-307.84960076652806,,2025-06-06
2025,6,2,5,23,1,2700.5643564356437,2266.593069306931,2156.8686468646865,2047.323366336634,2045.6215181518155,2248.086553816672,1911.328648993932,2374.675357535753,287.51102921984005,2192.2193179317933,273.18610748357577,2237.236428900955,269.94123502122056,433.9712871287129,789.2357074417118,0.1914641375222288,0.4129251700680272,1.2246467991473532e-16,-1.0,1.2246467991473532e-16,-1.0,7,158,0,0,0,0,1,0.4093559588156213,-0.9123747579707273,-0.9749279121818236,-0.2225209339563146,2266.593069306931,2681.7111146598536,2643.7879271798147,2045.685084637496,2567.9415522197382,2455.3638613861385,2528.934845097413,2465.223890130948,1692.661386138614,,2247.5656388495995,289.1966708700405,2235.814507155785,277.5407225487533,2216.477926186167,269.9772081754533,2206.2098611427964,271.01822307171176,2149.162268197442,267.6372255186915,2116.2941212174214,264.15248483045696,2113.1528991684113,261.8979484911976,2093.942490835796,275.5033935848999,2019.3676822920002,313.29431181504975,0.007030303030302942,18.85324177579014,0.32012711864406795,654.8792717981478,,,654.8792717981478,235.34046630469584,,2025-06-07
2025,6,2,6,23,1,2594.691485148515,2700.5643564356437,2266.593069306931,2156.8686468646865,2047.323366336634,2681.7111146598536,2021.6309485787287,2520.616303630363,226.27001326015366,2301.9437403740376,281.93215737173523,2284.9914736151036,278.8731931699363,-105.87287128712887,573.0605365697861,-0.039203980099502544,0.2834644656447638,1.2246467991473532e-16,-1.0,1.2246467991473532e-16,-1.0,8,159,0,0,0,0,2,0.39359027665646673,-0.9192859697186104,-0.7818314824680299,0.6234898018587334,2700.5643564356437,2579.643564356436,2543.2373043755993,2152.520121366975,2470.424784413925,2360.3738613861383,2421.536378153944,1844.237112743532,1941.5821782178218,,2249.715341819897,292.1177110497519,2239.4898057824216,282.22602566986615,2231.216971645552,278.3065047281635,2210.647957597603,276.46784183126243,2153.346511478913,272.7815693154384,2118.355491538785,267.2210107056745,2121.4912810840224,265.1661295494034,2097.5708758743003,277.7769453649335,2021.4297747753567,314.6214029396437,0.005833333333333135,15.047920792078912,0.2054203161179906,442.17136378153964,,,442.17136378153964,750.4543724049829,,2025-06-08
2025,6,2,0,24,0,1947.630891089109,2594.691485148515,2700.5643564356437,2266.593069306931,2156.8686468646865,2579.643564356436,2025.7483232194188,2414.2955775577557,407.59564940797287,2285.6119691969197,301.8823810248556,2278.4816876042446,286.2880717683241,-647.060594059406,-78.11743213030991,-0.24937862468931238,-0.03856225930680368,1.2246467991473532e-16,-1.0,1.2246467991473532e-16,-1.0,9,160,0,0,0,0,2,0.3777079652039649,-0.9259247771938498,0.0,1.0,2594.691485148515,1936.3449504950495,1911.328648993932,2567.9415522197382,1856.7192590226764,1772.698811881188,1811.4714787607793,1941.753880549345,1792.2297029702968,,2251.327619047619,290.1242147204362,2242.0828230749344,279.12881411083754,2210.539949607864,275.45525022120063,2213.894801599976,272.6650300152621,2156.4702986076254,269.3229877568947,2119.9764369236464,265.7459398101156,2121.556581201131,265.1220898626107,2098.4342158082936,277.06321223224353,2021.1662073336202,314.0880249105898,0.005828476269775118,11.285940594059412,-0.24155949367088614,-620.3106611306293,,,-620.3106611306293,5.877010539763887,,2025-06-09
2025,6,2,1,24,0,2057.5344554455446,1947.630891089109,2594.691485148515,2700.5643564356437,2266.593069306931,1936.3449504950495,2136.700734589588,2199.952277227723,346.2426606688058,2287.3138173817383,300.29498036717735,2271.884497675574,290.7299631470699,109.90356435643571,-79.16627914404353,0.05642935982339958,-0.03705070993914816,1.2246467991473532e-16,-1.0,1.2246467991473532e-16,-1.0,10,161,0,0,0,0,2,0.36171373072976765,-0.9322892131745133,0.7818314824680298,0.6234898018587336,1947.630891089109,2045.6215181518155,2021.6309485787287,2470.424784413925,1963.9877036090704,1873.7348514851485,1907.16793356755,1936.8130309805172,1866.9059405940593,,2253.0294672324376,288.74812441103273,2244.647359279707,277.105176984721,2196.7769386422515,272.31955057367475,2217.2357570227073,270.05008909271254,2159.752434392633,266.92401568208476,2121.766514565051,264.79993470458896,2122.8979303618535,264.4815158704418,2099.493263113024,276.5371037267592,2021.2956317041248,313.53415811272095,0.00582362728785335,11.912937293729101,-0.16713333333333324,-412.89032896838035,,,-412.89032896838035,120.72142446502744,,2025-06-10
2025,6,2,2,24,0,2059.236303630363,2057.5344554455446,1947.630891089109,2594.691485148515,2700.5643564356437,2045.6215181518155,2248.086553816672,2021.467216721672,63.949795222498565,2271.0417601760178,311.22342677316755,2256.146976826715,297.175170829906,1.701848184818573,-188.85025018630904,0.0008271298593880427,-0.08400488400488404,1.2246467991473532e-16,-1.0,1.2246467991473532e-16,-1.0,11,162,0,0,0,0,2,0.3456123126707335,-0.9383773917408641,0.9749279121818236,-0.22252093395631434,2057.5344554455446,2047.323366336634,2025.7483232194188,1856.7192590226764,1968.1050782497605,1876.2876237623757,1902.227083998722,2033.5496646438835,1991.3663366336634,,2254.731315417256,287.36544457298396,2247.0393578804888,275.20831226533323,2203.527506795841,266.03676741059775,2220.4904436434426,267.47318974673766,2163.0193751045613,264.5001175225399,2123.635671941618,263.7837842369443,2123.183337461703,264.397861337082,2099.8703184852275,276.4351013661471,2021.4301730939344,312.98392574646124,0.005818786367414619,11.912937293729101,0.10907251789604744,202.51704460768678,,,202.51704460768678,25.686638986479693,,2025-06-11
2025,6,2,3,24,0,2169.4085808580858,2059.236303630363,2057.5344554455446,1947.630891089109,2594.691485148515,2047.323366336634,2681.7111146598536,2095.393113311331,64.10492296957291,2254.8443454345434,314.0176688290467,2213.455099009901,265.60248158802045,110.17227722772259,-512.3025338017678,0.05350152240104378,-0.19103569023569045,1.2246467991473532e-16,-1.0,1.2246467991473532e-16,-1.0,12,163,0,0,0,0,2,0.3294084822245304,-0.9441875088341993,0.43388373911755823,-0.900968867902419,2059.236303630363,2156.8686468646865,2136.700734589588,1963.9877036090704,2076.0236346215265,1977.726732673267,1997.1434046630468,2129.7662088789525,2041.150495049505,,2256.52273455917,286.69199362916834,2249.375632613953,274.33703416049264,2210.3748693708085,262.275814244019,2223.825620294748,266.18419811485614,2166.4422652507187,263.29618724652687,2125.686447848702,263.4579600862836,2123.6238082614714,264.4419684371224,2100.5828634063864,276.44819840121545,2021.9530649941612,312.5523034097218,0.005813953488372103,12.539933993399245,0.10459376953915189,205.42087724901535,,,205.42087724901535,39.64237197913326,,2025-06-12
2025,6,2,4,24,0,2279.76,2169.4085808580858,2059.236303630363,2057.5344554455446,1947.630891089109,2156.8686468646865,2579.643564356436,2169.4682948294826,110.26186031194739,2184.710286028603,230.4244889707746,2188.464801980198,240.98276605255143,110.35141914191445,-299.8835643564357,0.050867052023121584,-0.11624999999999996,1.2246467991473532e-16,-1.0,1.2246467991473532e-16,-1.0,13,164,0,0,0,0,2,0.3131070409358269,-0.9497178427914316,-0.433883739117558,-0.9009688679024191,2169.4085808580858,2266.593069306931,2248.086553816672,1968.1050782497605,2184.375598850208,2079.4345544554453,2091.5396358990733,2528.934845097413,2115.8267326732675,,2258.40372465818,286.8122461539867,2251.6380216270477,274.45616133845664,2220.7633667624827,258.4937468532293,2227.2322060500983,266.27096706189826,2170.0195053497287,263.4533761434121,2127.927166468951,263.9639655641269,2120.8551988715,261.4381567296558,2101.493603780424,276.76854694583596,2022.8608358920692,312.37442499431705,0.0058091286307053736,13.16693069306939,0.15835278573001554,311.65492175023974,,,311.65492175023974,-249.1748450974128,,2025-06-13
2025,6,2,5,24,1,2716.239273927393,2279.76,2169.4085808580858,2059.236303630363,2057.5344554455446,2266.593069306931,1936.3449504950495,2388.4692849284925,289.1699036776032,2204.9682508250826,274.75567186354914,2253.45599559956,270.2010765786941,436.47927392739257,779.8943234323433,0.19145843155744147,0.4027662133407346,1.2246467991473532e-16,-1.0,1.2246467991473532e-16,-1.0,14,165,0,0,0,0,2,0.29671281927349075,-0.9549667548552551,-0.9749279121818236,-0.2225209339563146,2279.76,2700.5643564356437,2681.7111146598536,2076.0236346215265,2605.8647396997767,2478.876237623762,2483.4270201213667,2421.536378153944,2066.0425742574257,,2260.642998585573,290.8722092575228,2254.104318717586,278.739842870598,2242.1038880726783,272.19641404383407,2231.1741537010844,272.82041166456185,2174.258130998008,270.3324531869915,2130.698740919023,268.9173892946051,2124.129675491205,267.0321699089119,2105.1058076674794,280.5208158656902,2025.2937426921928,314.5172853281598,0.005804311774461057,15.674917491749056,0.3083855254001393,640.2156393058663,,,640.2156393058663,294.70289577344874,,2025-06-14
2025,6,2,6,24,1,2609.7394059405938,2716.239273927393,2279.76,2169.4085808580858,2059.236303630363,2700.5643564356437,2045.6215181518155,2535.2462266226617,227.5751842045132,2315.3196699669966,283.5510370863795,2300.4658195819584,279.6618827807356,-106.49986798679902,564.1178877887783,-0.03920857378400677,0.2757684560819682,1.2246467991473532e-16,-1.0,1.2246467991473532e-16,-1.0,15,166,0,0,0,0,3,0.28023067519921585,-0.9599326896597447,-0.7818314824680299,0.6234898018587334,2716.239273927393,2594.691485148515,2579.643564356436,2184.375598850208,2506.8310443947616,2382.945742574257,2377.84886617694,1811.4714787607793,2190.5029702970296,,2262.79270155587,293.79341222568854,2256.2540216878833,281.5455309180152,2256.2826816423576,280.0509756393534,2234.8494523277213,277.3273963986974,2178.308017843835,275.1711821414434,2133.4593425828753,272.649456856778,2132.999319126536,269.77375684417797,2107.43489897661,282.96357711366136,2027.3372589972573,315.86129131887077,0.005799502899751285,15.047920792078912,0.19473015873015842,425.36380709038576,,,425.36380709038576,798.2679271798145,,2025-06-15
2025,6,2,0,25,0,1958.9168316831683,2609.7394059405938,2716.239273927393,2279.76,2169.4085808580858,2594.691485148515,2047.323366336634,2428.298503850385,409.9694148289265,2298.883399339934,303.62964727508023,2293.0986083608364,287.9775488993152,-650.8225742574255,-88.40653465346577,-0.24938220757825358,-0.043181519884499475,1.2246467991473532e-16,-1.0,1.2246467991473532e-16,-1.0,16,167,0,0,0,0,3,0.26366549272800704,-0.9646141756912435,0.0,1.0,2609.7394059405938,1947.630891089109,1936.3449504950495,2605.8647396997767,1884.0239540083044,1789.627722772277,1778.705844778026,1907.16793356755,2613.668316831683,,2264.404978783593,291.79981604188606,2257.866298915606,279.63076153236346,2234.7177513751376,277.09673193504887,2237.524197958967,274.1615535413717,2181.3310376458153,271.7319276560212,2135.6047114746034,270.5251410221104,2133.5743068833763,269.3418205871378,2103.7973907257856,280.6182795483953,2027.0988602958143,315.33446733795853,0.005794701986755024,11.285940594059412,-0.2482661122661124,-646.9479080166084,,,-646.9479080166084,51.7488981156182,,2025-06-16
2025,6,2,1,25,0,2069.447392739274,1958.9168316831683,2609.7394059405938,2716.239273927393,2279.76,1947.630891089109,2156.8686468646865,2212.7012101210116,348.25816277094896,2300.5852475247525,302.04224421140464,2285.8135038503847,292.8024692887765,110.53056105610585,-87.42125412541236,0.05642432556012822,-0.04053156146179393,1.2246467991473532e-16,-1.0,1.2246467991473532e-16,-1.0,17,168,0,0,0,0,3,0.24702218048093552,-0.9690098257244062,0.7818314824680298,0.6234898018587336,1958.9168316831683,2057.5344554455446,2045.6215181518155,2506.8310443947616,1992.8093260938997,1891.6042574257424,1872.581986585755,1902.227083998722,2962.157425742574,,2266.1068269684115,290.4237044881817,2259.5681471004245,278.30904315982724,2220.138296319955,273.7723191051346,2240.26127176773,272.0020241470062,2184.506807919271,269.31275437506275,2137.9483472621455,269.06787261220546,2135.432310313827,268.3027486678875,2098.8378905424333,273.1526610350516,2027.2459038112434,314.79451563631125,0.005789909015715633,11.912937293729556,-0.17447671738128145,-437.3836516554875,,,-437.3836516554875,167.22030874055213,,2025-06-17
2025,6,2,2,25,0,2071.1492409240923,2069.447392739274,1958.9168316831683,2609.7394059405938,2716.239273927393,2057.5344554455446,2266.593069306931,2033.1711551155113,64.31176006849657,2284.208690869087,313.0405724633829,2269.526518151815,299.33172174537526,1.7018481848181182,-195.44382838283855,0.0008223684210524329,-0.08622801817822578,1.2246467991473532e-16,-1.0,1.2246467991473532e-16,-1.0,18,169,0,0,0,0,3,0.23030567023061221,-0.9731183372332619,0.9749279121818236,-0.22252093395631434,2069.447392739274,2059.236303630363,2047.323366336634,1884.0239540083044,1996.9267007345893,1894.15702970297,1867.6411370169271,1997.1434046630468,1918.5148514851485,,2267.8086751532296,289.0410414027718,2261.2699952852427,276.98101778625124,2226.3758058838143,267.9194996373098,2242.912076774498,269.89628644659444,2187.6673831196485,266.8708345688441,2140.3710627848495,267.5164054520204,2136.254597383394,267.98738267812996,2099.6858593726497,272.8264655956277,2027.3978184725333,314.2581339213384,0.005785123966941974,11.912937293729101,0.09932213787286215,187.1252869157879,,,187.1252869157879,74.00583626104549,,2025-06-18
2025,6,2,3,25,0,2181.948514851485,2071.1492409240923,2069.447392739274,1958.9168316831683,2609.7394059405938,2059.236303630363,2700.5643564356437,2107.51504950495,64.46688796919007,2267.9067766776675,315.85276264484,2226.308531353135,267.14943589821263,110.79927392739273,-518.6158415841587,0.05349651861782645,-0.19203980099502493,1.2246467991473532e-16,-1.0,1.2246467991473532e-16,-1.0,19,170,0,0,0,0,3,0.21352091543979612,-0.9769384927771817,0.43388373911755823,-0.900968867902419,2071.1492409240923,2169.4085808580858,2156.8686468646865,1992.8093260938997,2106.3621846055576,1996.536633663366,1960.73714468221,2091.5396358990733,1739.4534653465348,,2269.600094295144,288.36760855522215,2263.061414427157,276.33419314738114,2232.680445509067,264.4364808401245,2245.611588568995,268.8559288883911,2190.978309569436,265.60360710365296,2143.004531477341,266.81465619697144,2137.2591404828654,267.9873341830023,2102.144165203233,271.55303562966117,2027.930751908323,313.8452105438824,0.005780346820809301,12.539933993399245,0.09491083079599827,189.13918875758532,,,189.13918875758532,90.40887895241167,,2025-06-19
2025,6,2,4,25,0,2292.9269306930696,2181.948514851485,2071.1492409240923,2069.447392739274,1958.9168316831683,2169.4085808580858,2594.691485148515,2182.008228822882,110.8888569430486,2197.354719471947,231.7642171315121,2201.161485148515,242.37472029105976,110.97841584158459,-301.76455445544525,0.05086206896551748,-0.11630074565037274,1.2246467991473532e-16,-1.0,1.2246467991473532e-16,-1.0,20,171,0,0,0,0,3,0.19667288979357647,-0.980469160361632,-0.433883739117558,-0.9009688679024191,2181.948514851485,2279.76,2266.593069306931,1996.9267007345893,2216.23107633344,2099.184950495049,2053.313062919195,2483.4270201213667,1995.2554455445545,,2271.4810843941536,288.48784397535223,2264.942404526167,276.44968448504994,2242.5471198410164,260.83435042615747,2248.3507262246962,268.9361916649906,2194.437987787258,265.64800365507676,2145.8570775222684,267.12489069222886,2135.142472822551,265.96715263060725,2103.79789567628,271.8047355554426,2028.8413916979612,313.68850976017103,0.005775577557755707,13.16693069306939,0.14822788931090636,296.0002299584803,,,296.0002299584803,-190.5000894282971,,2025-06-20
2025,6,2,5,25,1,2731.914191419142,2292.9269306930696,2181.948514851485,2071.1492409240923,2069.447392739274,2279.76,1947.630891089109,2402.263212321232,290.82877816824833,2217.717183718372,276.3252364249097,2266.518426842684,271.75571760414164,438.98726072607224,784.283300330033,0.19145279112465308,0.4026857983811627,1.2246467991473532e-16,-1.0,1.2246467991473532e-16,-1.0,21,172,0,0,0,0,3,0.1797665857255624,-0.9837092937736097,-0.9749279121818236,-0.2225209339563146,2292.9269306930696,2716.239273927393,2700.5643564356437,2106.3621846055576,2643.7879271798147,2502.3886138613857,2437.9191951453204,2377.84886617694,1841.7742574257425,,2273.7203583215464,292.54774971590234,2267.1816784535595,280.34916808192776,2263.3988534014693,274.2319772401618,2251.498092804672,274.199569749305,2198.536658815075,272.17620405846844,2149.3570179540993,272.86205957468815,2139.0765319919087,272.14433578696924,2108.743117531799,275.0886145587622,2031.2491752586502,315.8404380400659,0.00577081615828523,15.674917491749056,0.29698216735253746,625.5520068135843,,,625.5520068135843,354.06532524220165,,2025-06-21
2025,6,2,6,25,1,2624.787326732673,2731.914191419142,2292.9269306930696,2181.948514851485,2071.1492409240923,2716.239273927393,2057.5344554455446,2549.8761496149614,228.8803554541492,2328.695599559956,285.16991701450644,2313.789499449945,281.2683162873184,-107.1268646864687,567.2528712871285,-0.03921311475409839,0.2756954420791431,1.2246467991473532e-16,-1.0,1.2246467991473532e-16,-1.0,22,173,0,0,0,0,4,0.16280701293851715,-0.986657932891657,-0.7818314824680299,0.6234898018587334,2731.914191419142,2609.7394059405938,2594.691485148515,2216.23107633344,2543.2373043755993,2405.517623762376,2334.161354199936,1778.705844778026,1918.5148514851485,,2275.8700612918433,295.4691136056844,2269.331381423857,283.15502109875706,2277.0173950814437,281.8476619607107,2254.410593603139,277.82231728226117,2202.452189225259,276.7468054483247,2152.8168509604416,277.04406185966,2148.4774373469604,274.1618489340425,2112.666853505397,277.3874940775667,2033.2749027380837,317.20009695494326,0.005766062602965416,15.047920792079367,0.18434731592842457,408.55625039923325,,,408.55625039923325,846.0814819546472,,2025-06-22
2025,6,2,0,26,0,1970.202772277228,2624.787326732673,2731.914191419142,2292.9269306930696,2181.948514851485,2609.7394059405938,2059.236303630363,2442.3014301430144,412.34318031634433,2312.1548294829486,305.3769146072718,2306.3700385038505,289.643111431459,-654.5845544554452,-89.03353135313523,-0.2493857493857493,-0.04323618964767284,1.2246467991473532e-16,-1.0,1.2246467991473532e-16,-1.0,23,174,0,0,0,0,4,0.1457991969198751,-0.9893142039703663,0.0,1.0,2624.787326732673,1958.9168316831683,1947.630891089109,2643.7879271798147,1911.328648993932,1806.5566336633665,1745.9402107952728,1872.581986585755,2046.4158415841584,,2277.4823385195664,293.4754187090561,2270.9436586515794,281.240149892885,2254.5645565846908,278.4313029173157,2256.513240863257,275.34130691536666,2205.3744417005064,273.33336201081113,2155.4866433590364,274.1412392222173,2149.5621127435325,273.24964297114906,2112.2434475648024,277.5473049783808,2033.0603716820942,316.6797016825043,0.0057613168724282016,11.285940594059639,-0.2547803278688524,-673.5851549025867,,,-673.5851549025867,97.62078569147297,,2025-06-23
2025,6,2,1,26,0,2081.3603300330033,1970.202772277228,2624.787326732673,2731.914191419142,2292.9269306930696,1958.9168316831683,2169.4085808580858,2225.4501430143014,350.27366499160104,2313.8566776677667,303.789509170929,2299.0326842684267,294.50256038649803,111.15755775577531,-88.0482508250825,0.05641934897254042,-0.040586292320396344,1.2246467991473532e-16,-1.0,1.2246467991473532e-16,-1.0,24,175,0,0,0,0,4,0.12874817745258132,-0.99167731989929,0.7818314824680298,0.6234898018587336,1970.202772277228,2069.447392739274,2057.5344554455446,2543.2373043755993,2021.6309485787287,1909.4736633663365,1837.99603960396,1867.6411370169271,2097.5762376237626,,2279.1841867043845,292.0992861611214,2272.645506836398,279.9184066980244,2239.1686574399373,274.66295711645665,2258.6464330580525,273.68053758509757,2208.4438464624113,270.90443175233514,2158.3838372927153,272.02327889884526,2151.936770443711,271.69634061557184,2112.1533591892985,277.55472400843877,2033.22410035447,316.1531789946724,0.005756578947368363,11.912937293729101,-0.18160986139513757,-461.876974342596,,,-461.876974342596,213.71919301607613,,2025-06-24
2025,6,2,2,26,0,2083.0621782178214,2081.3603300330033,1970.202772277228,2624.787326732673,2731.914191419142,2069.447392739274,2279.76,2044.8750935093506,64.6737252712131,2297.375621562156,314.85771888528205,2282.641199119912,301.0733816495103,1.7018481848181182,-196.69782178217883,0.0008176614881436617,-0.0862800565770866,1.2246467991473532e-16,-1.0,1.2246467991473532e-16,-1.0,25,176,0,0,0,0,4,0.11165900712169512,-0.993746580436178,0.9749279121818236,-0.22252093395631434,2081.3603300330033,2071.1492409240923,2059.236303630363,1911.328648993932,2025.7483232194188,1912.026435643564,1840.5488118811877,1960.73714468221,2174.3168316831684,,2280.886034889203,290.7166396428274,2274.347355021216,278.5903927003743,2244.8931084140672,269.33247892388925,2260.693356450852,272.0837952038482,2211.4980561512375,268.4548892235375,2161.2709011776756,269.88791138743176,2153.2959374829957,271.03427342987464,2111.6463888922685,277.5238837049126,2033.3924722391434,315.6301645252224,0.005751848808545512,11.912937293729101,0.08985034013605397,171.7335292238895,,,171.7335292238895,122.32503353561128,,2025-06-25
2025,6,2,3,26,0,2194.4884488448843,2083.0621782178214,2081.3603300330033,1970.202772277228,2624.787326732673,2071.1492409240923,2716.239273927393,2119.6369856985693,64.82885332295801,2280.969207920792,317.68785709123114,2239.1619636963696,268.6963954937544,111.42627062706288,-521.7508250825085,0.05349157206742361,-0.192085737840066,1.2246467991473532e-16,-1.0,1.2246467991473532e-16,-1.0,26,177,0,0,0,0,4,0.09453674981719912,-0.9955213724144752,0.43388373911755823,-0.900968867902419,2083.0621782178214,2181.948514851485,2169.4085808580858,2021.6309485787287,2136.700734589588,2015.3465346534651,1940.106930693069,2053.313062919195,2123.1564356435642,,2282.677454031117,290.0432246857305,2276.1387741631306,277.94358306644307,2250.6550250896057,266.22250151498565,2262.7572033885417,271.3265511066285,2214.6970189046556,267.13913141027365,2164.299252584244,268.80137285823196,2154.86455288217,270.85758902024753,2112.042677854498,277.5913321582711,2033.9348829347862,315.2351801024612,0.005747126436781658,12.539933993399245,0.08550398399256798,172.8575002661555,,,172.8575002661555,141.17538592568917,,2025-06-26
2025,6,2,4,26,0,2306.093861386139,2194.4884488448843,2083.0621782178214,2081.3603300330033,1970.202772277228,2181.948514851485,2609.7394059405938,2194.548162816281,111.51585357491857,2209.9991529152917,233.1039470024554,2213.858168316832,243.76667979582172,111.60541254125474,-303.6455445544548,0.050857142857143156,-0.11635090609555165,1.2246467991473532e-16,-1.0,1.2246467991473532e-16,-1.0,27,178,0,0,0,0,4,0.07738647923346301,-0.9970011699250151,-0.433883739117558,-0.9009688679024191,2194.4884488448843,2292.9269306930696,2279.76,2025.7483232194188,2248.086553816672,2120.6646438837433,2039.9337623762376,2437.9191951453204,2251.057425742574,,2284.5584441301276,290.1634431982221,2278.0197642621406,278.05905847817604,2259.9998763618296,262.95593191431095,2264.828892944594,271.43182029751154,2218.008254931484,267.1016030564549,2167.467825191505,268.8864221755547,2153.3998269515123,269.6635121196946,2112.3484358302953,277.7755571844416,2034.8481680973744,315.09869496542376,0.005742411812961423,13.16693069306939,0.13839109970047092,280.3455381667202,,,280.3455381667202,-131.82533375918138,,2025-06-27
2025,6,2,5,26,1,2747.589108910891,2306.093861386139,2194.4884488448843,2083.0621782178214,2081.3603300330033,2292.9269306930696,1958.9168316831683,2416.057139713971,292.4876526912163,2230.466116611661,277.89480116458407,2279.5808580858084,273.31036376961873,441.4952475247519,788.6722772277226,0.19144721510137463,0.4026063100137174,1.2246467991473532e-16,-1.0,1.2246467991473532e-16,-1.0,28,179,0,0,0,0,4,0.06021327736579302,-0.9981855344718586,-0.9749279121818236,-0.2225209339563146,2306.093861386139,2731.914191419142,2716.239273927393,2136.700734589588,2681.7111146598536,2530.0183647396993,2431.8514851485143,2334.161354199936,2685.920792079208,,2286.79771805752,294.2232922097992,2280.259038189533,281.95850075682887,2280.36282217254,276.388652906717,2267.1816784535595,275.43520683523116,2221.893446791684,273.2344952845713,2171.2266064267715,274.7692912209063,2157.993468670523,276.21896345043336,2112.6910375904718,278.52396171336363,2037.2319170633057,317.2585768230381,0.0057377049180327155,15.674917491749056,0.2859026369168356,610.8883743213028,,,610.8883743213028,413.427754710955,,2025-06-28
2025,6,2,6,26,1,2639.835247524752,2747.589108910891,2306.093861386139,2194.4884488448843,2083.0621782178214,2731.914191419142,2069.447392739274,2564.50607260726,230.1855270038704,2342.071529152915,286.788797152501,2327.1131793179316,282.8747550504884,-107.75386138613885,570.3878547854779,-0.03921760391198048,0.27562326869806064,1.2246467991473532e-16,-1.0,1.2246467991473532e-16,-1.0,29,180,0,0,0,0,5,0.04302223300453059,-0.99907411510223,-0.7818314824680299,0.6234898018587334,2747.589108910891,2624.787326732673,2609.7394059405938,2248.086553816672,2579.643564356436,2434.0185244330883,2337.8019801980195,1745.9402107952728,3044.0435643564356,,2288.947421027817,297.1448151862874,2282.4087411598302,284.76451680480557,2293.421111962809,283.9616921307085,2269.331381423857,278.1853760832287,2225.5687454183208,277.49076250157174,2174.8222405616134,278.9202128060276,2167.925635745295,277.3050646662238,2110.4454358302955,272.5381189629648,2039.2405948315106,318.632717024513,0.005733005733005614,15.047920792078912,0.17425872373240758,391.7486937080798,,,391.7486937080798,893.8950367294792,,2025-06-29
2025,6,2,0,27,0,1981.4887128712871,2639.835247524752,2747.589108910891,2306.093861386139,2194.4884488448843,2624.787326732673,2071.1492409240923,2456.304356435643,414.71694586908626,2325.4262596259628,307.12418300296395,2319.6414686468647,291.30867946028235,-658.3465346534649,-89.66052805280515,-0.24938925081433216,-0.04329023050642211,1.2246467991473532e-16,-1.0,1.2246467991473532e-16,-1.0,30,181,0,1,0,1,5,0.02581844022713308,-0.9996666485105112,0.0,1.0,2639.835247524752,1970.202772277228,1958.9168316831683,2681.7111146598536,1936.3449504950495,1829.4145640370489,1755.769900990099,1837.99603960396,1914.579207920792,,2290.5596982555394,295.1510226990272,2284.021018387553,282.8495449748535,2270.0803652365234,279.69084022151094,2270.9436586515794,276.30849962087973,2228.284355218932,274.2688042071469,2177.509369274485,275.9054036948267,2169.5199987815986,275.7952181502709,2110.817155302243,272.3150193852979,2039.048728114035,318.1186356187186,0.00572831423895237,11.285940594059184,-0.26111030303030314,-700.2224017885665,,,-700.2224017885665,143.49267326732706,,2025-06-30
2025,7,3,1,27,0,2093.2732673267324,1981.4887128712871,2639.835247524752,2747.589108910891,2306.093861386139,1970.202772277228,2181.948514851485,2238.19907590759,352.28916732872926,2327.128107810781,305.5367752266165,2312.2518646864687,296.2026566852723,111.78455445544523,-88.67524752475265,0.056414429075128725,-0.04064039408867004,-0.4999999999999998,-0.8660254037844388,-1.0,-1.8369701987210297e-16,1,182,1,0,1,0,1,0.008606996888688698,-0.9999629591162655,0.7818314824680298,0.6234898018587336,1981.4887128712871,2081.3603300330033,2069.447392739274,2579.643564356436,2045.6215181518155,1935.1660811242411,1855.8654455445544,1840.5488118811877,2009.278824656659,,2292.2615464403584,293.77486940254647,2285.7228665723715,281.52777727302316,2253.8680220022,275.1882233871392,2272.645506836398,275.01299988837684,2231.107697829691,272.0009696960227,2180.33565286713,273.7786601330355,2172.3280482865493,273.6866302215476,2111.283791094854,272.21199891997577,2039.2282795683814,317.60508744540635,0.005723630417007186,11.912937293729101,-0.18854166666666683,-486.3702970297036,,,-486.3702970297036,252.72445544554466,,2025-07-01
2025,7,3,2,27,0,2095.743692111146,2093.2732673267324,1981.4887128712871,2639.835247524752,2747.589108910891,2081.3603300330033,2292.9269306930696,2056.8352241030548,65.26368297724396,2310.670648355158,316.57036688454315,2295.819928137975,302.7687964820078,2.470424784413808,-197.18323858192343,0.001180173092053538,-0.08599630277896475,-0.4999999999999998,-0.8660254037844388,-1.0,-1.8369701987210297e-16,2,183,0,0,0,0,1,-0.008606996888688009,-0.9999629591162655,0.9749279121818236,-0.22252093395631434,2093.2732673267324,2083.0621782178214,2071.1492409240923,1936.3449504950495,2047.323366336634,1939.2834557649312,1858.4182178217816,1940.106930693069,2103.3716703928458,,2294.0731912822616,292.30519449173784,2287.4796130857326,280.15924064998717,2259.1813133894034,270.3422901358719,2274.374804185488,273.69275182340306,2233.9016306215876,269.7431067367367,2183.1609561324794,271.63270497442113,2174.0573456356387,272.69274067987874,2111.241413437734,272.2138313026548,2039.4147990817241,317.09543716374503,0.006087919038583189,12.68151389332479,0.08231939333709337,159.3987416160967,,,159.3987416160967,155.63676141807719,,2025-07-02
2025,7,3,3,27,0,2208.646438837432,2095.743692111146,2093.2732673267324,1981.4887128712871,2639.835247524752,2083.0621782178214,2731.914191419142,2132.55446609177,65.9091570792711,2294.4294112637067,319.3397286910178,2252.214282089499,270.17872329209774,112.90274672628584,-523.2677525817098,0.05387240202667787,-0.1915388683236383,-0.4999999999999998,-0.8660254037844388,-1.0,-1.8369701987210297e-16,3,184,0,0,0,0,1,-0.02581844022713239,-0.9996666485105112,0.43388373911755823,-0.900968867902419,2095.743692111146,2194.4884488448843,2181.948514851485,2045.6215181518155,2156.8686468646865,2045.685084637496,1958.916831683168,2039.9337623762376,2496.4292558288084,,2296.095761281197,291.54929084183556,2289.386607656157,279.4756829179571,2264.615477412257,267.52529654714994,2276.2240110416574,273.0435644234789,2236.811654803729,268.55207840321145,2186.1339276462204,270.5131387950732,2175.931930929652,272.3400354401612,2109.642620010004,270.78021124216554,2039.9714821072362,316.72050464557566,0.006451612903225934,14.157989992547755,0.0796945667803235,163.0249206856165,,,163.0249206856165,168.7126764611944,,2025-07-03
2025,7,3,4,27,0,2321.809230277867,2208.646438837432,2095.743692111146,2093.2732673267324,1981.4887128712871,2194.4884488448843,2624.787326732673,2208.7331204088146,113.0327940109632,2223.466098158203,234.55084893402852,2226.966107384932,245.19845524964543,113.16279144043483,-302.9780964548063,0.051236263736264,-0.11542957913925633,-0.4999999999999998,-0.8660254037844388,-1.0,-1.8369701987210297e-16,4,185,0,0,0,0,1,-0.04302223300453034,-0.99907411510223,-0.433883739117558,-0.9009688679024191,2208.646438837432,2306.093861386139,2292.9269306930696,2047.323366336634,2266.593069306931,2152.520121366975,2059.6841584158415,2431.8514851485143,2389.290833599489,,2298.3408139800154,291.6995807884813,2291.4496290550715,279.6103955947291,2273.7650062102985,264.5143625590725,2278.196016790619,273.170795071533,2239.8346746057096,268.5388001661287,2189.254464216007,270.5487731540064,2174.709239208867,271.42363477722125,2109.2677222137727,270.43737004283184,2040.8955402979598,316.6107061668926,0.006814713466294808,15.715368891727849,0.13407059600574112,274.48586394123276,,,274.48586394123276,-110.04225487064741,,2025-07-04
2025,7,3,5,27,1,2767.3091664005105,2321.809230277867,2208.646438837432,2095.743692111146,2093.2732673267324,2306.093861386139,1970.202772277228,2432.5882785052695,295.34726837518537,2244.7117513041626,280.9854983246503,2293.391640228539,275.42365733752,445.4999361226437,797.1063941232826,0.1918762016762796,0.404580891540397,-0.4999999999999998,-0.8660254037844388,-1.0,-1.8369701987210297e-16,5,186,0,0,0,0,1,-0.060213277365792774,-0.9981855344718586,-0.9749279121818236,-0.2225209339563146,2321.809230277867,2747.589108910891,2731.914191419142,2156.8686468646865,2700.5643564356437,2567.9415522197382,2455.3638613861385,2337.8019801980195,1786.507186202491,,2301.157965049961,296.8118380629084,2293.9778415537407,284.024570414148,2294.113023528159,278.3304546117739,2280.5797600036503,277.25367478173933,2243.3948105732234,274.2290096798352,2192.968098799511,276.3247518654117,2179.4815412777834,278.0191966617226,2114.716622103762,273.75834791553626,2043.2694410368567,318.8073237801166,0.007177222178405218,19.72005748961965,0.28302164826920984,610.440519535824,,,610.440519535824,429.5071862024911,,2025-07-05
2025,7,3,6,27,1,2659.7373363142765,2767.3091664005105,2321.809230277867,2208.646438837432,2095.743692111146,2747.589108910891,2081.3603300330033,2582.9519109975513,232.46408201510496,2357.7531885446606,290.190944171084,2341.5897240853114,285.3730143196421,-107.57183008623406,578.3770062812732,-0.03887235708692238,0.27788413084249663,-0.4999999999999998,-0.8660254037844388,-1.0,-1.8369701987210297e-16,6,187,0,0,0,0,1,-0.07738647923346322,-0.9970011699250151,-0.7818314824680299,0.6234898018587334,2767.3091664005105,2639.835247524752,2624.787326732673,2266.593069306931,2594.691485148515,2470.424784413925,2360.3738613861383,1755.769900990099,1879.9932609389969,,2304.0011205913215,300.6670036168111,2296.4742708095696,287.29069680015726,2307.217832428404,286.13591698629983,2282.9028261167127,280.2394737076928,2246.775391857158,278.2165193284355,2196.531949691513,280.41014560462753,2189.5256238924967,278.8673018439135,2119.048533633624,276.1819198130268,2045.2774797836887,320.224687415656,0.007539140485447238,19.90208878952444,0.17345163202478142,393.14426700734566,,,393.14426700734566,903.9674353241776,,2025-07-06
2025,7,3,0,28,0,1997.1434046630472,2659.7373363142765,2767.3091664005105,2321.809230277867,2208.646438837432,2639.835247524752,2083.0621782178214,2474.7299691259445,417.08466715240525,2341.7315447673795,309.7106874107745,2334.42982628908,293.41359819676717,-662.5939316512292,-85.91877355477413,-0.24912006257332797,-0.04124637970638134,-0.4999999999999998,-0.8660254037844388,-1.0,-1.8369701987210297e-16,7,188,0,0,0,0,1,-0.09453674981719933,-0.9955213724144752,0.0,1.0,2659.7373363142765,1981.4887128712871,1970.202772277228,2700.5643564356437,1947.630891089109,1856.7192590226764,1772.698811881188,1855.8654455445544,1874.2289364420312,,2306.2375051330014,297.9139353247525,2298.3986016942704,285.0183950967015,2283.7704673693174,281.5762542433125,2284.671130172925,278.1943108692755,2249.2829658864507,275.25406306391426,2199.2039091293923,277.3758071435647,2191.0953789938135,277.36157683758734,2119.7313917904075,275.72479750823265,2045.1212003190115,319.7144878499729,0.007900469828604484,15.654691791760115,-0.26047183437650456,-703.4209517725965,,,-703.4209517725965,141.27795911849284,,2025-07-07
2025,7,3,1,28,0,2110.56624081763,1997.1434046630472,2659.7373363142765,2767.3091664005105,2321.809230277867,1981.4887128712871,2194.4884488448843,2255.8156605983177,354.37370814611734,2344.201969551794,307.40667058030306,2327.436308953476,298.0163723441728,113.42283615458268,-83.92220802725433,0.05679253472222201,-0.038242264647794566,-0.4999999999999998,-0.8660254037844388,-1.0,-1.8369701987210297e-16,8,189,0,0,0,0,2,-0.11165900712169444,-0.9937465804361781,0.7818314824680298,0.6234898018587336,1997.1434046630472,2093.2732673267324,2081.3603300330033,2594.691485148515,2057.5344554455446,1963.9877036090704,1873.7348514851485,1858.4182178217816,1966.804854679016,,2308.7079299174156,295.9186355706998,2300.484738178887,283.40997335692134,2267.6329592249544,276.97788231020814,2286.565122507642,276.76751949612714,2251.9004397651747,273.18090028634555,2202.0233304309695,275.2229739540462,2193.897023693767,275.22870903331284,2120.5300661578444,275.48746034705783,2045.3329965665798,319.21676057192917,0.008261211644374544,17.292973490897566,-0.18658297030761428,-484.1252443308849,,,-484.1252443308849,252.14802299584835,,2025-07-08
2025,7,3,2,28,0,2113.036665602044,2110.56624081763,1997.1434046630472,2659.7373363142765,2767.3091664005105,2093.2732673267324,2306.093861386139,2073.5821036942402,66.20937835261851,2328.2670073458958,318.1298047358162,2311.348209304801,304.4155538426164,2.470424784414263,-193.0571957840948,0.001170503316426208,-0.0837161049759062,-0.4999999999999998,-0.8660254037844388,-1.0,-1.8369701987210297e-16,9,190,0,0,0,0,2,-0.12874817745258066,-0.99167731989929,0.9749279121818236,-0.22252093395631434,2110.56624081763,2095.743692111146,2083.0621782178214,1947.630891089109,2059.236303630363,1968.1050782497605,1876.2876237623757,1958.916831683168,2058.77400191632,,2311.17835470183,293.90979040407683,2302.6257729920458,281.74945264952305,2273.1464850420525,271.98962916112777,2288.4865640066314,275.3137856332905,2254.488503825037,271.1221624620031,2204.8417714052507,273.05071465619403,2195.609466292866,274.2278997288145,2120.831525400543,275.449191152914,2045.5513954989522,318.723007188791,0.008251473477406845,17.29297349089802,0.08492665384889286,165.4057745129353,,,165.4057745129353,154.1198339188761,,2025-07-09
2025,7,3,3,28,0,2226.849568827851,2113.036665602044,2110.56624081763,1997.1434046630472,2659.7373363142765,2095.743692111146,2747.589108910891,2150.1508250825077,66.4345446190447,2312.4403971042266,320.8656315988654,2267.9532476312147,271.96148607742816,113.81290322580662,-520.7395400830401,0.053862247200229696,-0.1895259878539315,-0.4999999999999998,-0.8660254037844388,-1.0,-1.8369701987210297e-16,10,191,0,0,0,0,2,-0.14579919691987442,-0.9893142039703664,0.43388373911755823,-0.900968867902419,2113.036665602044,2208.646438837432,2194.4884488448843,2057.5344554455446,2169.4085808580858,2076.0236346215265,1977.726732673267,2059.6841584158415,2443.3367933567547,,2313.778801843318,292.9303112377345,2304.937281562258,280.925578993334,2278.7903221547963,269.1027020321161,2290.538027862694,274.60672822987004,2257.181824078721,270.06414936383266,2207.8075194547105,271.9046999737179,2197.466859741888,273.86278674613516,2119.6288185976045,274.5041623696711,2046.1343478247688,318.3745467755357,0.008241758241758435,18.2031299904188,0.08229029309044655,169.3151133823062,,,169.3151133823062,167.16541041200935,,2025-07-10
2025,7,3,4,28,0,2340.922516767806,2226.849568827851,2113.036665602044,2110.56624081763,1997.1434046630472,2208.646438837432,2639.835247524752,2226.9362503992334,113.9429503113646,2241.375955498776,235.95697590956823,2243.0438534014693,247.38194729950985,114.07294793995516,-298.9127307569461,0.05122615803814701,-0.11323158558369217,-0.4999999999999998,-0.8660254037844388,-1.0,-1.8369701987210297e-16,11,192,0,0,0,0,2,-0.16280701293851646,-0.9866579328916572,-0.433883739117558,-0.9009688679024191,2226.849568827851,2321.809230277867,2306.093861386139,2059.236303630363,2279.76,2184.375598850208,2079.4345544554453,2455.3638613861385,2338.322069626317,,2316.509271341881,293.10666678540355,2307.425042660948,281.0907745835239,2288.179862592711,266.075125601822,2292.722403461544,274.76103550341224,2259.9773047558215,270.1070358793647,2210.920471387001,271.91413758042023,2196.195289246129,272.9159366122188,2119.6432655261683,274.5158044983366,2047.079181699586,318.3001004098408,0.008232065856526694,19.113286489939128,0.13679159241746053,281.6862131374428,,,281.6862131374428,-114.44134461833255,,2025-07-11
2025,7,3,5,28,1,2790.063078888534,2340.922516767806,2226.849568827851,2113.036665602044,2110.56624081763,2321.809230277867,1981.4887128712871,2452.61172149473,297.7553077916841,2263.0969125944853,283.4004188264005,2310.425050569573,277.89997204352187,449.1405621207282,808.574366017247,0.19186477079167585,0.40806407867223116,-0.4999999999999998,-0.8660254037844388,-1.0,-1.8369701987210297e-16,12,193,0,0,0,0,2,-0.17976658572556214,-0.9837092937736098,-0.9749279121818236,-0.2225209339563146,2340.922516767806,2767.3091664005105,2747.589108910891,2169.4085808580858,2716.239273927393,2605.8647396997767,2478.876237623762,2360.3738613861383,1748.2806132226124,,2319.759830268741,299.00607825705924,2310.458897659351,286.3863064997467,2308.8683458603923,280.2722166095555,2295.3589679244424,279.29239196642345,2263.266560812763,275.4641217528045,2214.625076640152,277.66775662399306,2200.969613885044,279.49934222094856,2125.4309458909793,277.6072033227855,2049.4529321698383,320.55246821673927,0.008222396241190477,22.753912488023616,0.2860938707013665,620.6544980304484,,,620.6544980304484,429.6892175023959,,2025-07-12
2025,7,3,6,28,1,2681.5810923027784,2790.063078888534,2340.922516767806,2226.849568827851,2113.036665602044,2767.3091664005105,2093.2732673267324,2604.1888959863722,234.3586464663538,2377.1698605344404,292.5409039877018,2359.4507026509104,287.82445323577525,-108.48198658575575,588.307824976046,-0.03888155339805843,0.2810468342374426,-0.4999999999999998,-0.8660254037844388,-1.0,-1.8369701987210297e-16,13,194,0,0,0,0,2,-0.19667288979357622,-0.9804691603616321,-0.7818314824680299,0.6234898018587334,2790.063078888534,2659.7373363142765,2639.835247524752,2279.76,2609.7394059405938,2506.8310443947616,2382.945742574257,1772.698811881188,1839.642989460236,,2322.880366838527,303.22971649987784,2313.440743714925,290.27055535523573,2322.262382270485,288.31905434868185,2297.9247424373775,282.5979099856572,2266.3870973825497,279.23742280443616,2218.180259375016,281.7309484143124,2211.0683058897284,280.26998452319583,2130.10837979566,279.84893211996064,2051.4660791766314,322.02199400224924,0.008212749315604118,21.843755988501925,0.1762558744353695,401.8210923027782,,,401.8210923027782,908.8822804215904,,2025-07-13
2025,7,3,0,29,0,2013.5262216544236,2681.5810923027784,2790.063078888534,2340.922516767806,2226.849568827851,2659.7373363142765,2095.743692111146,2495.056797615245,420.53044722382583,2360.9965240072393,312.2469047708787,2352.5992467795168,295.5474311202211,-668.0548706483548,-82.2174704567226,-0.24912723041117135,-0.03923068969082799,-0.4999999999999998,-0.8660254037844388,-1.0,-1.8369701987210297e-16,14,195,0,0,0,0,2,-0.2135209154397959,-0.9769384927771817,0.0,1.0,2681.5810923027784,1997.1434046630472,1981.4887128712871,2716.239273927393,1958.9168316831683,1884.0239540083044,1789.627722772277,1873.7348514851485,1833.8786649632705,,2325.2207692658667,300.34608982588793,2315.729137199434,287.5659381664671,2298.838613861386,283.716011109266,2299.875077793494,280.35112072704834,2268.69963787623,276.53644099896246,2220.8457176950415,278.6700854564112,2212.621543336054,278.76280445997975,2131.1064217772773,279.10592591422153,2051.345635184497,321.5159176730928,0.008203124999999867,16.38281699137633,-0.2587080818019839,-702.7130522729692,,,-702.7130522729692,139.79137016927507,,2025-07-14
2025,7,3,1,29,0,2127.859214308528,2013.5262216544236,2681.5810923027784,2790.063078888534,2340.922516767806,1997.1434046630472,2208.646438837432,2274.3221760885767,357.299421954874,2363.466948791654,309.9428797364142,2345.8669780687746,300.0110474384246,114.33299265410437,-80.78722452890406,0.05678247018812699,-0.03657770800627924,-0.4999999999999998,-0.8660254037844388,-1.0,-1.8369701987210297e-16,15,196,0,0,0,0,3,-0.23030567023061196,-0.973118337233262,0.7818314824680298,0.6234898018587336,2013.5262216544236,2110.56624081763,2093.2732673267324,2609.7394059405938,2069.447392739274,1992.8093260938997,1891.6042574257424,1876.2876237623757,1924.3308847013732,,2327.6911940502805,298.3507270098225,2318.199561983848,285.65003416255354,2282.7759408069837,279.1108321709249,2301.9612142781098,278.7859233339597,2271.11124302292,274.6692903968299,2223.6582767055506,276.49079902535897,2215.4167832310113,276.6053316734309,2132.237134719539,278.6754924860045,2051.5877667640034,321.03402475576246,0.00819352321498279,17.29297349089802,-0.1846468618802145,-481.8801916320658,,,-481.8801916320658,251.57159054615227,,2025-07-15
2025,7,3,2,29,0,2130.3296390929413,2127.859214308528,2013.5262216544236,2681.5810923027784,2790.063078888534,2110.56624081763,2321.809230277867,2090.5716916852975,66.73476671768192,2347.3802938358353,320.76750376429374,2329.9103454700307,306.4303441854022,2.4704247844133533,-191.47959118492554,0.0011609907120739837,-0.0824699930932783,-0.4999999999999998,-0.8660254037844388,-1.0,-1.8369701987210297e-16,16,197,0,0,0,0,3,-0.24702218048093527,-0.9690098257244063,0.9749279121818236,-0.22252093395631434,2127.859214308528,2113.036665602044,2095.743692111146,1958.9168316831683,2071.1492409240923,1996.9267007345893,1894.15702970297,1977.726732673267,2014.1763334397956,,2330.1616188346948,296.34192909691154,2320.669986768262,283.7211927942211,2288.4897010539767,273.9593842964277,2304.0747999269975,277.19100955733876,2273.4934383507475,272.8203389748431,2226.4698553887647,274.29185025029926,2217.112371080119,275.5978151104377,2132.882430862057,278.5350315727175,2051.8361638375964,320.55616677535204,0.008183943881527433,17.29297349089711,0.08750387185273678,171.412807409773,,,171.412807409773,152.60290641967435,,2025-07-16
2025,7,3,3,29,0,2245.052698818269,2130.3296390929413,2127.859214308528,2013.5262216544236,2681.5810923027784,2113.036665602044,2767.3091664005105,2167.7471840732455,66.95993359576869,2331.4019908442456,323.52939717260745,2286.3889731715108,274.03531419680706,114.72305972532786,-522.2564675822414,0.05385225723760523,-0.18872357086922453,-0.4999999999999998,-0.8660254037844388,-1.0,-1.8369701987210297e-16,17,198,0,0,0,0,3,-0.2636654927280072,-0.9646141756912435,0.43388373911755823,-0.900968867902419,2130.3296390929413,2226.849568827851,2208.646438837432,2069.447392739274,2181.948514851485,2106.3621846055576,1996.536633663366,2079.4345544554453,2390.2443308847014,,2332.762065976183,295.3625021217345,2323.2704339097504,282.78074198908746,2294.3432112566093,270.97766264722696,2306.3285207829535,276.416732203904,2275.9700546759746,271.90352872109946,2229.428379973942,273.1196476670705,2218.9525726841503,275.2208626197514,2132.07581068391,277.9952737580587,2052.443763004202,320.2335117317122,0.008174386920980936,18.203129990418347,0.08485613439370931,175.605306078995,,,175.605306078995,165.61814436282384,,2025-07-17
2025,7,3,4,29,0,2360.035803257745,2245.052698818269,2130.3296390929413,2127.859214308528,2013.5262216544236,2226.849568827851,2659.7373363142765,2245.1393803896517,114.85310661492615,2259.7307782391144,237.90152559577118,2261.4138454167996,249.47192571881067,114.98310443947594,-299.7015330565314,0.05121621621621619,-0.1126808760265936,-0.4999999999999998,-0.8660254037844388,-1.0,-1.8369701987210297e-16,18,199,0,0,0,0,3,-0.2802306751992161,-0.9599326896597445,-0.433883739117558,-0.9009688679024191,2245.052698818269,2340.922516767806,2321.809230277867,2071.1492409240923,2292.9269306930696,2216.23107633344,2099.184950495049,2478.876237623762,2287.3533056531455,,2335.4925354747456,295.5388078014101,2326.000903408313,282.9500506741252,2303.972763334398,267.88803863151395,2308.7252662316923,276.5871165708709,2278.537996228194,272.00812533391,2232.533747268736,273.10387475150145,2217.6321234134166,274.2431425560336,2132.479602337269,278.2747219682014,2053.408001374903,320.19308451769245,0.008164852255054367,19.113286489939128,0.13948128730924259,288.8865623336528,,,288.8865623336528,-118.84043436601678,,2025-07-18
2025,7,3,5,29,1,2812.8169913765573,2360.035803257745,2245.052698818269,2130.3296390929413,2127.859214308528,2340.922516767806,1997.1434046630472,2472.63516448419,300.1633473419242,2281.603428084744,285.678796631274,2329.3866443095926,280.1560613441702,452.7811881188122,815.6735867135101,0.19185352505830733,0.40842013888888884,-0.4999999999999998,-0.8660254037844388,-1.0,-1.8369701987210297e-16,19,200,0,0,0,0,3,-0.2967128192734901,-0.9549667548552553,-0.9749279121818236,-0.2225209339563146,2360.035803257745,2790.063078888534,2767.3091664005105,2181.948514851485,2731.914191419142,2643.7879271798147,2502.3886138613857,2382.945742574257,1710.054040242734,,2338.743094401606,301.43805771367784,2329.2514623351735,288.614528653327,2325.0017125519007,282.34987259338845,2311.614651944457,281.5497807437196,2281.5563723745645,277.0264002162613,2236.229323191536,278.8395720107054,2222.408470622331,280.81924752178895,2138.606063176901,281.0480238099468,2055.7811544686583,322.49715430642,0.00815533980582539,22.75391248802316,0.289130780232004,630.8684765250723,,,630.8684765250723,429.8712488023002,,2025-07-19
2025,7,3,6,29,1,2703.4248482912813,2812.8169913765573,2360.035803257745,2245.052698818269,2130.3296390929413,2790.063078888534,2110.56624081763,2625.425880975194,236.25321215881098,2396.5865325242207,294.8908646675239,2378.79152826573,290.1557111958856,-109.39214308527607,592.8586074736513,-0.03889060092449914,0.28090026079635333,-0.4999999999999998,-0.8660254037844388,-1.0,-1.8369701987210297e-16,20,201,0,0,0,0,3,-0.3131070409358267,-0.9497178427914317,-0.7818314824680299,0.6234898018587334,2812.8169913765573,2681.5810923027784,2659.7373363142765,2292.9269306930696,2624.787326732673,2543.2373043755993,2405.517623762376,1789.627722772277,1799.292717981475,,2341.863630971392,305.6621611095463,2332.3719989049596,292.6703292793824,2338.684976471841,290.5690251390828,2314.4231348572644,285.1584866406695,2284.416864230202,280.58177672172275,2239.7758377692608,282.8838509986772,2232.5617720169867,281.51457448354114,2143.6290194564003,283.022353477751,2057.798736069352,324.0155470664585,0.008145849495733382,21.843755988502835,0.17902791061646828,410.49791759821164,,,410.49791759821164,913.7971255190043,,2025-07-20
2025,7,3,0,30,0,2029.9090386458,2703.4248482912813,2812.8169913765573,2360.035803257745,2245.052698818269,2681.5810923027784,2113.036665602044,2515.383626104546,423.97622756869293,2380.261503247099,314.783126548412,2371.8642260193765,297.9644881941089,-673.5158096454813,-83.12762695624428,-0.2491342824163142,-0.039340361816466496,-0.4999999999999998,-0.8660254037844388,-1.0,-1.8369701987210297e-16,21,202,0,0,0,0,3,-0.3294084822245302,-0.9441875088341994,0.0,1.0,2703.4248482912813,2013.5262216544236,1997.1434046630472,2731.914191419142,1970.202772277228,1911.328648993932,1806.5566336633665,1891.6042574257424,1793.5283934845097,,2344.204033398732,302.77824980678076,2334.7124013322996,289.9012999796451,2315.284804712729,286.0411542538659,2316.555501513285,282.7017853487527,2286.534371188271,278.151876783264,2242.4347949714324,279.7956005669009,2234.0984918083204,280.0059012308274,2144.942245262852,281.93512441926157,2057.712122102198,323.51418972781477,0.008136381247578317,16.38281699137633,-0.2569645690111053,-702.0051527733419,,,-702.0051527733419,138.30478122005752,,2025-07-21
2025,7,3,1,30,0,2145.152187799425,2029.9090386458,2703.4248482912813,2812.8169913765573,2360.035803257745,2013.5262216544236,2226.849568827851,2292.8286915788353,360.2251362509097,2382.731928031513,312.47909347570004,2365.056110933674,302.47826229541266,115.24314915362515,-81.69738102842575,0.056772568110000865,-0.03668742701440264,-0.4999999999999998,-0.8660254037844388,-1.0,-1.8369701987210297e-16,22,203,0,0,0,0,4,-0.3456123126707333,-0.9383773917408642,0.7818314824680298,0.6234898018587336,2029.9090386458,2127.859214308528,2110.56624081763,2624.787326732673,2081.3603300330033,2021.6309485787287,1909.4736633663365,1894.15702970297,1881.8569147237304,,2346.6744581831454,300.78282498489204,2337.1828261167134,287.9853174394475,2299.296966748288,281.5138682930007,2318.8337821478003,280.98801057678696,2288.7401076029264,276.4978482200368,2245.240491690874,277.58950646056763,2236.887326898281,277.8235108614705,2146.404996779939,281.244721282548,2057.9828343798986,323.0480870624847,0.008126934984519885,17.29297349089711,-0.18273295289424318,-479.6351389332481,,,-479.6351389332481,250.99515809645504,,2025-07-22
2025,7,3,2,30,0,2147.6226125838393,2145.152187799425,2029.9090386458,2703.4248482912813,2812.8169913765573,2127.859214308528,2340.922516767806,2107.561279676355,67.26015650037827,2366.4935803257745,323.4052058125295,2348.9477855850105,308.95796255163043,2.470424784414263,-193.29990418396665,0.0011516314779271841,-0.08257424276086789,-0.4999999999999998,-0.8660254037844388,-1.0,-1.8369701987210297e-16,23,204,0,0,0,0,4,-0.3617137307297674,-0.9322892131745134,0.9749279121818236,-0.22252093395631434,2145.152187799425,2130.3296390929413,2113.036665602044,1970.202772277228,2083.0621782178214,2025.7483232194188,1912.026435643564,1996.536633663366,1969.5786649632705,,2349.1448829675596,298.7740736003159,2339.653250901127,286.0565020961952,2305.210961425175,276.17489112085576,2321.1395119465865,279.24111662780814,2290.9164341987193,274.86500932629826,2248.0452080830205,275.3634923603828,2238.5660599973976,276.8095009598799,2147.3941298222753,280.9322669658199,2058.259500362009,322.5860670436956,0.00811751063007371,17.29297349089802,0.09005156362740441,177.41984030661138,,,177.41984030661138,151.08597892047328,,2025-07-23
2025,7,3,3,30,0,2263.2558288086875,2147.6226125838393,2145.152187799425,2029.9090386458,2703.4248482912813,2130.3296390929413,2790.063078888534,2185.343543063984,67.48532397587206,2350.363584584265,326.19316535180195,2305.0471814116895,276.2802433914969,115.63321622484818,-526.8072500798467,0.05384242815628015,-0.18881553398058248,-0.4999999999999998,-0.8660254037844388,-1.0,-1.8369701987210297e-16,24,205,0,0,0,0,4,-0.37770796520396466,-0.9259247771938499,0.43388373911755823,-0.900968867902419,2147.6226125838393,2245.052698818269,2226.849568827851,2081.3603300330033,2194.4884488448843,2136.700734589588,2015.3465346534651,2099.184950495049,2337.151868412647,,2351.7453301090477,297.7946979828967,2342.2536980426153,285.1160915983333,2311.2741447176977,273.0702073619284,2323.5954898024365,278.38704542591086,2293.176346595489,274.0931878034894,2250.9965092039156,274.16533636573433,2240.389069756438,276.42124815303856,2146.9835962689203,280.7073229831605,2058.890258295691,322.2885281960647,0.008108108108108025,18.203129990418347,0.08739260384231495,181.89549877568425,,,181.89549877568425,164.07087831363833,,2025-07-24
2025,7,3,4,30,0,2379.149089747685,2263.2558288086875,2147.6226125838393,2145.152187799425,2029.9090386458,2245.052698818269,2681.5810923027784,2263.3425103800705,115.76326292156753,2278.0856009794534,239.8460823032107,2279.8445145320984,251.49186061780992,115.89326093899763,-302.4320025550933,0.05120643431635408,-0.11278122575639993,-0.4999999999999998,-0.8660254037844388,-1.0,-1.8369701987210297e-16,25,206,0,0,0,0,4,-0.39359027665646645,-0.9192859697186105,-0.433883739117558,-0.9009688679024191,2263.2558288086875,2360.035803257745,2340.922516767806,2083.0621782178214,2306.093861386139,2248.086553816672,2120.6646438837433,2502.3886138613857,2236.384541679974,,2354.475799607611,297.97095460572245,2344.984167541178,285.28535449237864,2321.1437084353597,269.8695000194496,2326.2046051010634,278.5592334509998,2295.5167490228287,274.26068031214356,2254.0737049880104,274.13548030590596,2239.0197417107306,275.4121874983372,2147.776732647074,281.16265661644985,2059.8726473492247,322.2808006985939,0.008098727342846335,19.113286489940037,0.1421402177169684,296.08691152986376,,,296.08691152986376,-123.23952411370055,,2025-07-25
2025,7,3,5,30,1,2835.57090386458,2379.149089747685,2263.2558288086875,2147.6226125838393,2145.152187799425,2360.035803257745,2013.5262216544236,2492.6586074736506,302.57138702271027,2300.1099435750025,287.9571751526689,2348.3482380496116,282.41217147623684,456.4218141168949,822.0446822101565,0.19184246001384442,0.4082612251926472,-0.4999999999999998,-0.8660254037844388,-1.0,-1.8369701987210297e-16,26,207,0,0,0,0,4,-0.4093559588156211,-0.9123747579707274,-0.9749279121818236,-0.2225209339563146,2379.149089747685,2812.8169913765573,2790.063078888534,2194.4884488448843,2747.589108910891,2681.7111146598536,2530.0183647396993,2405.517623762376,1671.8274672628552,,2357.7263585344713,303.8700454323526,2348.234726468039,290.9497336979137,2342.513123602683,284.480839404424,2329.346812063695,283.9329815198398,2298.2642452586274,278.93076087773477,2257.7112352156873,279.80961234102836,2243.7981114896434,281.98560585137324,2154.2419739615284,283.52722375009563,2062.2448132712902,324.63270851322534,0.008089368258859642,22.753912488022706,0.29213298222514816,641.0824550196958,,,641.0824550196958,430.0532801022041,,2025-07-26
2025,7,3,6,30,1,2725.268604279783,2835.57090386458,2379.149089747685,2263.2558288086875,2147.6226125838393,2812.8169913765573,2127.859214308528,2646.662865964016,238.14777906285005,2416.003204514,297.24082619007675,2398.1323538805495,292.4869904173095,-110.30229958479686,597.4093899712552,-0.03889950324799374,0.2807560697409157,-0.4999999999999998,-0.8660254037844388,-1.0,-1.8369701987210297e-16,27,208,0,0,0,0,4,-0.42500033996955394,-0.9051931898913975,-0.7818314824680299,0.6234898018587334,2835.57090386458,2703.4248482912813,2681.5810923027784,2306.093861386139,2639.835247524752,2579.643564356436,2434.0185244330883,1806.5566336633665,1758.9424465027146,,2360.846895104257,308.09460652380375,2351.355263037825,295.00601492294203,2356.4856150324713,292.8027211271486,2332.3980033763746,287.82547755725903,2300.8646924001155,282.26067984300954,2261.178498071005,283.796753649418,2254.0060222742704,282.60762264222495,2159.6104526158456,285.14445910079604,2064.2662272682674,326.1968093854598,0.008080030781069558,21.843755988501925,0.18176829222453583,419.1747428936442,,,419.1747428936442,918.7119706164167,,2025-07-27
2025,7,3,0,31,0,2046.2918556371772,2725.268604279783,2835.57090386458,2379.149089747685,2263.2558288086875,2703.4248482912813,2130.3296390929413,2535.7104545938464,427.4220081803915,2399.5264824869587,317.31935263745265,2391.1292052592357,300.3815676868814,-678.976748642606,-84.03778345576416,-0.2491412213740457,-0.03944825341281266,-0.4999999999999998,-0.8660254037844388,-1.0,-1.8369701987210297e-16,28,209,0,0,0,0,4,-0.4405187843504952,-0.8977433935342336,0.0,1.0,2725.268604279783,2029.9090386458,2013.5262216544236,2747.589108910891,1981.4887128712871,1936.3449504950495,1829.4145640370489,1909.4736633663365,1753.1781220057487,,2363.187297531597,305.21041513642933,2353.6956654651644,292.23668904250775,2333.1090399233476,288.4640579424018,2334.7124013322996,285.1473996146528,2302.8280299919393,280.05281483340076,2263.7603705900547,280.7920339966616,2255.526224410613,281.0974424754952,2161.238862247131,283.643438665427,2064.2115939198443,325.70068609306355,0.008070714834742754,16.38281699137724,-0.2552409496017034,-701.2972532737137,,,-701.2972532737137,136.81819227084065,,2025-07-28
2025,7,3,1,31,0,2162.445161290322,2046.2918556371772,2725.268604279783,2835.57090386458,2379.149089747685,2029.9090386458,2245.052698818269,2311.335207069094,363.1508510224457,2401.9969072713725,315.0153116874614,2384.2452437985735,304.94549846780956,116.15330565314503,-82.60753752794699,0.05676282458592752,-0.0367953667953671,-0.4999999999999998,-0.8660254037844388,-1.0,-1.8369701987210297e-16,29,210,0,0,0,0,5,-0.455906693508459,-0.8900275764346766,0.7818314824680298,0.6234898018587336,2046.2918556371772,2145.152187799425,2127.859214308528,2639.835247524752,2093.2732673267324,2045.6215181518155,1935.1660811242411,1912.026435643564,1839.382944746087,,2365.6577223160107,303.21492933863254,2356.1660902495782,290.3206294093517,2317.1960370488664,284.09459038164675,2337.1828261167134,283.27164879447884,2304.9141664765552,278.5330174752855,2266.466073925365,278.67460452829613,2258.3086546955774,278.8898322538961,2163.0336523390433,282.6157235461233,2064.5092713967247,325.2502796051745,0.008061420345489179,17.29297349089711,-0.18084086371755803,-477.3900862344299,,,-477.3900862344299,250.41872564675828,,2025-07-29
2025,7,3,2,31,0,2164.915586074737,2162.445161290322,2046.2918556371772,2725.268604279783,2835.57090386458,2145.152187799425,2360.035803257745,2124.5508676674117,67.78554766774249,2385.6068668157145,326.04291080723334,2367.9852256999898,311.4856002620564,2.4704247844147176,-195.1202171830082,0.0011424219345015363,-0.08267680384919085,-0.4999999999999998,-0.8660254037844388,-1.0,-1.8369701987210297e-16,30,211,0,0,0,0,5,-0.47115950767386394,-0.8820480249558535,0.9749279121818236,-0.22252093395631434,2162.445161290322,2147.6226125838393,2130.3296390929413,1981.4887128712871,2095.743692111146,2047.323366336634,1939.2834557649312,2015.3465346534651,1924.9809964867457,,2368.1281471004245,301.206223773534,2358.636515033992,288.3918398615967,2323.310266155648,278.53995977514614,2339.653250901127,281.3833941697459,2307.0140275433073,276.99474741287196,2269.152170714767,276.5623611796045,2259.9705330447023,277.86954415237165,2164.3666222811985,282.0519336575615,2064.812613737142,324.80399158162726,0.00805214723926384,17.292973490897566,0.09257023368942341,183.42687320344976,,,183.42687320344976,149.56905142127175,,2025-07-30
2025,7,3,3,31,0,2281.458958799106,2164.915586074737,2162.445161290322,2046.2918556371772,2725.268604279783,2147.6226125838393,2812.8169913765573,2202.939902054721,68.01071572683112,2369.325178324284,328.8569360731355,2323.7053896518687,278.52519380418363,116.54337272436896,-531.3580325774515,0.05383275610097882,-0.18890600924499235,-0.4999999999999998,-0.8660254037844388,-1.0,-1.8369701987210297e-16,31,212,0,1,0,0,5,-0.4862727071086902,-0.8738071036110807,0.43388373911755823,-0.900968867902419,2164.915586074737,2263.2558288086875,2245.052698818269,2093.2732673267324,2208.646438837432,2156.8686468646865,2045.685084637496,2120.6646438837433,2284.059405940594,,2370.7285942419126,300.226898700258,2361.23696217548,287.45146910918874,2329.5831225380603,275.28072291415583,2342.2536980426157,280.4627814225189,2309.2388545421363,276.2662480453247,2271.9590025500247,275.4613114203093,2261.757136543762,277.48044537850956,2164.352175352635,282.04583517871714,2065.465162969256,324.5308635351344,0.008042895442359255,18.203129990418347,0.08990020290695289,188.1856914723735,,,188.1856914723735,160.79431491536252,,2025-07-31
2025,8,3,4,31,0,2398.2623762376243,2281.458958799106,2164.915586074737,2162.445161290322,2046.2918556371772,2263.2558288086875,2703.4248482912813,2281.545640370489,116.67341923121748,2296.440423719792,241.79064586248566,2298.275183647397,253.5118164487193,116.80341743851841,-305.162472053657,0.05119680851063846,-0.11287995382839555,-0.8660254037844384,-0.5000000000000004,-1.0,-1.8369701987210297e-16,1,213,1,0,0,0,1,-0.5012418134457756,-0.8653072543632061,-0.433883739117558,-0.9009688679024191,2281.458958799106,2379.149089747685,2360.035803257745,2095.743692111146,2321.809230277867,2266.593069306931,2152.520121366975,2530.0183647396993,2204.2132956152755,,2373.459063740476,300.4031070577491,2363.967431674043,287.6206869394231,2339.6670786756094,271.94004101822935,2344.984167541178,280.6284798775089,2311.5900921658986,276.45693822450204,2274.8845055841994,275.48247939334027,2260.293181115961,276.39466759599924,2165.430225800537,282.5694119583009,2066.464554000092,324.55453497628747,0.008033664881407665,19.113286489939128,0.14434908489297937,302.5186841264781,,,302.5186841264781,-131.75598850207507,,2025-08-01
2025,8,3,5,31,1,2852.9072181411693,2398.2623762376243,2281.458958799106,2164.915586074737,2162.445161290322,2379.149089747685,2029.9090386458,2510.8761843926327,301.9100538515597,2317.7135260300224,288.2221357539324,2366.8583652720113,283.82182697681765,454.64484190354506,822.9981794953694,0.18957260323484215,0.40543598940985603,-0.8660254037844384,-0.5000000000000004,-1.0,-1.8369701987210297e-16,2,214,0,0,0,0,1,-0.5160623910158526,-0.8565509959010037,-0.9749279121818236,-0.2225209339563146,2398.2623762376243,2835.57090386458,2812.8169913765573,2208.646438837432,2767.3091664005105,2700.5643564356437,2567.9415522197382,2434.0185244330883,1661.7971711456858,,2375.935680065703,304.88588164428717,2366.831019300087,292.5898888691057,2361.1424379857344,286.2964157417698,2348.0412408176303,285.8178014276028,2314.31050041064,281.0652769834653,2278.2769539880255,280.837400924251,2264.94749993494,282.80553434817665,2172.0475038394006,284.6485242863128,2068.819172755005,326.91144910899345,0.006113870844478564,17.33631427658929,0.2916993720565151,644.2607793037373,,,644.2607793037373,418.88869370808106,,2025-08-02
2025,8,3,6,31,1,2736.710571702332,2852.9072181411693,2398.2623762376243,2281.458958799106,2164.915586074737,2835.57090386458,2145.152187799425,2662.6267220270415,236.2028696997824,2432.783312040882,295.90622328722986,2416.1548972639202,293.0371327428664,-116.19664643883743,591.5583839029068,-0.040729206228636516,0.2757652288109913,-0.8660254037844384,-0.5000000000000004,-1.0,-1.8369701987210297e-16,3,215,0,0,0,0,1,-0.5307300481619331,-0.8475409228928312,-0.7818314824680299,0.6234898018587334,2852.9072181411693,2725.268604279783,2703.4248482912813,2321.809230277867,2659.7373363142765,2594.691485148515,2470.424784413925,1829.4145640370489,1763.2362800565768,,2377.570246840353,307.09356141946955,2369.2085709723046,295.6545930294906,2374.972482699883,294.2418492740319,2350.7902849386323,289.27603193149343,2316.846555527673,284.2636772534849,2281.4470228843165,284.51135549629566,2275.0285666867762,283.2764421639899,2177.4556943485436,286.0820786509732,2070.812878423505,328.45502140562525,0.004198473282442716,11.441967422548714,0.17869742957943657,414.90134142446504,,,414.90134142446504,907.296007665283,,2025-08-03
2025,8,3,0,32,0,2050.972660491856,2736.710571702332,2852.9072181411693,2398.2623762376243,2281.458958799106,2725.268604279783,2147.6226125838393,2546.8634834451186,433.3661227851802,2414.204561907804,318.8818285969194,2408.1007345895882,302.27146386372215,-685.7379112104759,-96.64995209198332,-0.25057012542759405,-0.04500322893122377,-0.8660254037844384,-0.5000000000000004,-1.0,-1.8369701987210297e-16,4,216,0,0,0,0,1,-0.5452404385406507,-0.8382797052177745,0.0,1.0,2736.710571702332,2046.2918556371772,2029.9090386458,2767.3091664005105,1997.1434046630472,1947.630891089109,1856.7192590226764,1935.1660811242411,1772.3533239038188,,2378.238933248164,306.2559424543674,2370.7131153898804,293.8431724394064,2351.0945991695944,290.3453901476005,2352.7127583610895,287.00869894142863,2318.6919442670073,282.15080161209687,2283.759563377997,281.7940071830338,2276.3153064575276,281.97535205953045,2179.0035795518106,284.6280316069798,2070.753830155851,327.96620969754986,0.002287457110179192,4.680804854678854,-0.25885669537979616,-716.3365059086545,,,-716.3365059086545,115.80657936761486,,2025-08-04
2025,8,3,1,32,0,2163.268636218461,2050.972660491856,2736.710571702332,2852.9072181411693,2398.2623762376243,2046.2918556371772,2263.2558288086875,2316.9839561375493,367.80486728862,2413.930070265091,319.1399367996026,2399.7684685404024,307.95188619201997,112.29597572660487,-99.98719259022664,0.05475254638434546,-0.04417847567981614,-0.8660254037844384,-0.5000000000000004,-1.0,-1.8369701987210297e-16,5,217,0,0,0,0,1,-0.5595892624101763,-0.828770087174504,0.7818314824680298,0.6234898018587336,2050.972660491856,2162.445161290322,2145.152187799425,2659.7373363142765,2110.56624081763,2057.5344554455446,1963.9877036090704,1939.2834557649312,1875.231966053748,,2378.356572523612,306.1593793674379,2372.0071474198116,292.8115128147251,2334.5456424997337,286.2670043724817,2354.594986768262,285.53087397101604,2320.5800546379523,280.7215588988532,2286.1319554328707,279.90195862985956,2278.804030684789,279.94843967439203,2180.603783274948,283.71889177355683,2071.0283548029215,327.516576358838,0.00038080731150080815,0.8234749281386939,-0.18666080041715538,-496.4687000958156,,,-496.4687000958156,223.98518045352967,,2025-08-05
2025,8,3,2,32,0,2161.621686362185,2163.268636218461,2050.972660491856,2736.710571702332,2852.9072181411693,2162.445161290322,2379.149089747685,2125.287661024167,64.36394634456468,2393.9571915256042,332.5564391817069,2381.6411849249444,315.5836665387125,-1.6469498562760236,-217.5274033855003,-0.0007613247049866878,-0.09143075745983187,-0.8660254037844384,-0.5000000000000004,-1.0,-1.8369701987210297e-16,6,218,0,0,0,0,1,-0.5737722679043243,-0.8190148866680802,0.9749279121818236,-0.22252093395631434,2163.268636218461,2164.915586074737,2147.6226125838393,1997.1434046630472,2113.036665602044,2059.236303630363,1968.1050782497605,2045.685084637496,1979.070297029703,,2377.886015421819,306.54439582306406,2373.007081261122,292.0091135409041,2340.0282518897056,281.1108377746625,2356.3301660811244,284.15284933299705,2322.408365043878,279.3184127666566,2288.435724577066,278.04306959910235,2280.092215148397,279.129231498761,2181.6179576601285,283.3204627360696,2071.296382411085,327.06740785451666,-0.00152149106124011,-3.2938997125520473,0.08235677083333326,164.4782816991376,,,164.4782816991376,115.9366017246889,,2025-08-06
2025,8,3,3,32,0,2273.657617374641,2161.621686362185,2163.268636218461,2050.972660491856,2736.710571702332,2164.915586074737,2835.57090386458,2199.5159799850953,64.21382177584955,2373.1897317151074,336.1055354526898,2334.8150777174496,282.008962748603,112.03593101245633,-561.9132864899389,0.051829573934837114,-0.19816583874665628,-0.8660254037844384,-0.5000000000000004,-1.0,-1.8369701987210297e-16,7,219,0,0,0,0,1,-0.5877852522924734,-0.8090169943749472,0.43388373911755823,-0.900968867902419,2161.621686362185,2281.458958799106,2263.2558288086875,2110.56624081763,2226.849568827851,2169.4085808580858,2076.0236346215265,2152.520121366975,2368.0321782178216,,2376.771538075467,306.96728570414916,2373.7500661586896,291.72147428538767,2345.464631108272,278.08094891578844,2358.0018821006524,283.4998206054438,2324.2699549816734,278.62670682397874,2290.7885100860317,277.0584348773734,2281.4381873262596,278.79903152787324,2181.093654544333,283.0607679071921,2071.8933182074375,326.7681096982877,-0.003419452887537866,-7.801341424464681,0.07727375403002279,163.09137655701124,,,163.09137655701124,121.13749600766596,,2025-08-07
2025,8,3,4,32,0,2385.5201852443315,2273.657617374641,2161.621686362185,2163.268636218461,2050.972660491856,2281.458958799106,2725.268604279783,2273.5998296603852,111.9492606272425,2295.2918928989675,244.3151196130292,2306.502709464495,255.00758900422622,111.86256786969034,-339.74841903545166,0.04919939001143736,-0.12466603053435099,-0.8660254037844384,-0.5000000000000004,-1.0,-1.8369701987210297e-16,8,220,0,0,0,0,2,-0.6016240632249227,-0.7987793728863648,-0.433883739117558,-0.9009688679024191,2273.657617374641,2398.2623762376243,2379.149089747685,2113.036665602044,2340.922516767806,2279.76,2184.375598850208,2567.9415522197382,2284.827157001414,,2374.951225076425,306.8563656615008,2374.2051444084505,291.73551353800815,2354.5474150963487,274.65641166962587,2359.5946559748145,283.52558980047826,2326.158529718179,278.6779508242256,2293.1830884954857,276.9968674970312,2279.411283248755,277.35207074174076,2181.653060256794,283.3662527209204,2072.815750169311,326.72881628080535,-0.0053130929791270765,-12.742190993292752,0.12895352176231722,272.4835196422873,,,272.4835196422873,-182.42136697540673,,2025-08-08
2025,8,3,5,32,1,2837.737943149154,2385.5201852443315,2273.657617374641,2161.621686362185,2163.268636218461,2398.2623762376243,2046.2918556371772,2498.971915256042,298.66389933077096,2312.1297881401047,281.4766659942719,2372.4565500904932,282.45994903314056,452.2177579048225,791.4460875119769,0.189567776748242,0.38677087304613034,-0.8660254037844384,-0.5000000000000004,-1.0,-1.8369701987210297e-16,9,221,0,0,0,0,2,-0.6152845999633277,-0.7883050558305253,-0.9749279121818236,-0.2225209339563146,2385.5201852443315,2852.9072181411693,2835.57090386458,2226.849568827851,2790.063078888534,2716.239273927393,2605.8647396997767,2470.424784413925,1722.25756718529,,2372.7841857918515,302.9471124319402,2374.3599329287767,291.9995896003127,2374.9103609070585,287.22063183873684,2361.297329698408,286.3356801832132,2328.328148811425,282.2205429855569,2295.943483774645,281.27277578663825,2283.4925405680356,282.8426058900046,2187.8501734565925,285.45320171154657,2075.058923755762,328.8671418703598,-0.005317128750474742,-15.16927499201529,0.27432853250291944,610.8883743213032,,,610.8883743213032,367.3131587352291,,2025-08-09
2025,8,3,6,32,1,2722.1480677099967,2837.737943149154,2385.5201852443315,2273.657617374641,2161.621686362185,2852.9072181411693,2162.445161290322,2648.468732034494,234.93979765103188,2423.9923560097945,290.16481772048684,2419.0984589587993,290.7191104517694,-115.58987543915737,559.7029064196745,-0.040733104238259044,0.25882871687978537,-0.8660254037844384,-0.5000000000000004,-1.0,-1.8369701987210297e-16,10,222,0,0,0,0,2,-0.6287628145958345,-0.7775971469736268,-0.7818314824680299,0.6234898018587334,2837.737943149154,2736.710571702332,2725.268604279783,2340.922516767806,2681.5810923027784,2609.7394059405938,2506.8310443947616,1856.7192590226764,1827.05558698727,,2370.703828078661,300.0678062245963,2374.1370374595067,291.71217107062273,2387.6178792717983,294.01791348477485,2362.746150248666,288.11340870293196,2330.3354463430214,284.64779237830675,2298.506781671255,284.1838438037685,2293.108416220117,282.8815612670141,2192.822909460608,286.92554835347806,2076.9509972760957,330.24350298368915,-0.005321170657544894,-14.562503992335223,0.16285269940013314,381.2255509421907,,,381.2255509421907,865.4288086873203,,2025-08-10
2025,8,3,0,33,0,2040.050782497605,2722.1480677099967,2837.737943149154,2385.5201852443315,2273.657617374641,2736.710571702332,2164.915586074737,2533.312264452252,431.06892953573475,2403.4560470563188,315.5572661532001,2408.6930586607054,302.63427566787624,-682.0972852123916,-124.86480357713185,-0.2505731753916697,-0.057676522992532675,-0.8660254037844384,-0.5000000000000004,-1.0,-1.8369701987210297e-16,11,223,0,0,0,0,2,-0.6420547132365636,-0.7666588193001592,0.0,1.0,2722.1480677099967,2050.972660491856,2046.2918556371772,2790.063078888534,2013.5262216544236,1958.9168316831683,1884.0239540083044,1963.9877036090704,1836.172630834512,,2369.1435597937675,302.02938763206794,2373.6912465209657,292.25598106087006,2362.6174693921007,290.48352100504576,2363.6934559930646,286.96397337317086,2331.7842668932794,282.9242097046209,2300.364243915175,281.94316296195825,2293.9535615411005,281.9994711504575,2193.9555658587365,285.91039891292235,2076.8434164749924,329.766356491321,-0.0053252187143399965,-10.921877994250963,-0.26881553398058244,-750.0122963909291,,,-750.0122963909291,76.06307888853462,,2025-08-11
2025,8,3,1,33,0,2151.739987224529,2040.050782497605,2722.1480677099967,2837.737943149154,2385.5201852443315,2050.972660491856,2281.458958799106,2304.646279144043,365.8543797810308,2401.8090972000427,317.09392400748834,2397.8831443628237,309.8235079241353,111.68920472692412,-129.7189715745767,0.05474824729126815,-0.05685790273556224,-0.8660254037844384,-0.5000000000000004,-1.0,-1.8369701987210297e-16,12,224,0,0,0,0,2,-0.655156357209085,-0.7554933140726804,0.7818314824680298,0.6234898018587336,2040.050782497605,2163.268636218461,2162.445161290322,2681.5810923027784,2127.859214308528,2069.447392739274,1992.8093260938997,1968.1050782497605,1942.4101838755305,,2367.4966099374915,303.3675845302576,2372.9265912305523,292.8645692868041,2344.956099222826,286.50169423261,2364.546340740065,286.27174413330187,2333.2537775090873,281.74812546907225,2302.2562755953018,280.3833445773031,2295.9939494185983,280.2743887113173,2195.1185092106753,285.3066075730911,2077.0611390643808,329.31005641308445,-0.005329272934906815,-11.52864899393171,-0.19758533747090756,-529.8411050782493,,,-529.8411050782493,183.63490897476868,,2025-08-12
2025,8,3,2,33,0,2150.093037368253,2151.739987224529,2040.050782497605,2722.1480677099967,2837.737943149154,2163.268636218461,2398.2623762376243,2113.9612690301287,64.01365577409429,2381.2150005323115,330.7979006290022,2377.2023661237095,317.9714288095774,-1.6469498562760236,-248.16933886937113,-0.0007654037504783995,-0.10347881087919053,-0.8660254037844384,-0.5000000000000004,-1.0,-1.8369701987210297e-16,13,225,0,0,0,0,2,-0.6680638642135333,-0.7441039398713608,0.9749279121818236,-0.22252093395631434,2151.739987224529,2161.621686362185,2164.915586074737,2013.5262216544236,2130.3296390929413,2071.1492409240923,1996.9267007345893,2076.0236346215265,2049.6074257425744,,2365.8496600812155,304.6999043223414,2371.8678377515175,293.70001025405907,2349.508326413287,282.10523648436276,2365.252176392755,285.69665449316295,2334.6634881598757,280.6080450480649,2304.07968436475,278.86772504590584,2296.8169427824505,279.7294321188791,2195.6767626085957,285.1185455642784,2077.272825726131,328.85456620106373,-0.005333333333333412,-11.52864899393171,0.06782470188126921,136.56681571382956,,,136.56681571382956,74.06940274672661,,2025-08-13
2025,8,3,3,33,0,2261.5221973810285,2150.093037368253,2151.739987224529,2040.050782497605,2722.1480677099967,2161.621686362185,2852.9072181411693,2187.7850739912697,63.86353134071202,2360.5486692217614,334.3296290532919,2327.9202810603642,281.2482296090283,111.42916001277536,-591.3850207601408,0.05182527363986367,-0.20729206228636543,-0.8660254037844384,-0.5000000000000004,-1.0,-1.8369701987210297e-16,14,226,0,0,0,0,2,-0.6807734094770159,-0.7324940716135792,0.43388373911755823,-0.900968867902419,2150.093037368253,2273.657617374641,2281.458958799106,2127.859214308528,2245.052698818269,2181.948514851485,2106.3621846055576,2184.375598850208,2452.0049504950493,,2364.116028653557,305.3457053226237,2370.443783364512,294.21996640724285,2353.9637591823703,279.5276355886411,2365.840372769996,285.45687378300016,2336.084446776475,280.02151983691584,2305.926827373982,278.0550044668848,2297.6741272105705,279.49910949569147,2194.6185250912954,284.5147061500271,2077.8053383609717,328.52697928397123,-0.005337399923751596,-12.135419993612686,0.06281570800065173,133.66298307250054,,,133.66298307250054,77.14659853082048,,2025-08-14
2025,8,3,4,33,0,2372.7779942510383,2261.5221973810285,2150.093037368253,2151.739987224529,2040.050782497605,2273.657617374641,2736.710571702332,2261.464409666773,111.34248968852265,2283.0553444054085,243.01858579430646,2297.5925662727564,251.1739170265443,111.25579687000982,-363.9325774512936,0.049195093905711085,-0.132981755986317,-0.8660254037844384,-0.5000000000000004,-1.0,-1.8369701987210297e-16,15,227,0,0,0,0,3,-0.6932812268869771,-0.7206671495538615,-0.433883739117558,-0.9009688679024191,2261.5221973810285,2385.5201852443315,2398.2623762376243,2130.3296390929413,2360.035803257745,2292.9269306930696,2216.23107633344,2605.8647396997767,2365.441018387553,,2362.2957156545153,305.234799104605,2368.62347036547,294.113431428191,2362.0453710209736,276.3254986518902,2366.2954510197565,285.4574342141655,2337.5103586257246,280.0010656181596,2307.790481158715,277.97119116472754,2295.0842744833626,277.6853247643775,2194.659286068315,284.5398401965198,2078.6554036517214,328.43383776155423,-0.005341472720335916,-12.742190993293207,0.11380790592639345,242.448355158097,,,242.448355158097,-233.08674544873838,,2025-08-15
2025,8,3,5,33,1,2822.5686681571387,2372.7779942510383,2261.5221973810285,2150.093037368253,2151.739987224529,2385.5201852443315,2050.972660491856,2485.622953263068,297.058536610893,2299.792111146599,279.9577310553251,2361.8922335781967,279.4697683396976,449.79067390610044,771.5960076652827,0.18956289842365792,0.3762097967118887,-0.8660254037844384,-0.5000000000000004,-1.0,-1.8369701987210297e-16,16,228,0,0,0,0,3,-0.7055836101071774,-0.7086266782644601,-0.9749279121818236,-0.2225209339563146,2372.7779942510383,2837.737943149154,2852.9072181411693,2245.052698818269,2812.8169913765573,2731.914191419142,2643.7879271798147,2506.8310443947616,1782.717963224894,,2360.128676369942,301.32559970132075,2366.4564310808964,290.3585298998511,2381.295903332269,287.77353326454494,2366.643725190492,286.02777180732966,2339.1291885674746,282.5730234580985,2309.918823313207,281.24003361714745,2298.5924703029445,282.34588806326923,2200.4362344290494,286.67746239595954,2080.793085446277,330.37580809572626,-0.005345551737304333,-15.16927499201529,0.25723938223938236,577.5159693388696,,,577.5159693388696,315.7376237623771,,2025-08-16
2025,8,3,6,33,1,2707.5855637176624,2822.5686681571387,2372.7779942510383,2261.5221973810285,2150.093037368253,2837.737943149154,2163.268636218461,2634.310742041946,233.67672584563422,2411.0479080166083,288.5981580040402,2407.2519775364635,288.33366627533877,-114.98310443947639,544.3169274992015,-0.040737044145873424,0.25161781499809655,-0.8660254037844384,-0.5000000000000004,-1.0,-1.8369701987210297e-16,17,229,0,0,0,0,3,-0.7176769136759615,-0.6963762255968726,-0.7818314824680299,0.6234898018587334,2822.5686681571387,2722.1480677099967,2736.710571702332,2360.035803257745,2703.4248482912813,2624.787326732673,2543.2373043755993,1884.0239540083044,1890.8748939179632,,2358.048318656751,298.4461581407391,2364.3760733677054,287.59284153977956,2392.880895347599,293.8203284203732,2366.7923221700053,286.2102388835671,2340.607728513635,284.30618434842273,2311.8753502101363,283.44575480849846,2307.7431548552704,282.10447081348985,2204.9735159279367,288.2096221264515,2082.589052432728,331.60251656678116,-0.005349636988918438,-14.562503992334314,0.1472646135199165,347.54976045991725,,,347.54976045991725,823.561609709358,,2025-08-17
2025,8,3,0,34,0,2029.1289045033536,2707.5855637176624,2822.5686681571387,2372.7779942510383,2261.5221973810285,2722.1480677099967,2161.621686362185,2519.7610454593846,428.7717363364361,2390.6127275630793,313.8663511352122,2396.2109123815612,300.85926809211384,-678.4566592143087,-132.49278185883122,-0.25057625816365736,-0.061293233082706844,-0.8660254037844384,-0.5000000000000004,-1.0,-1.8369701987210297e-16,18,230,0,0,0,0,3,-0.7295575540864876,-0.6839194216246105,0.0,1.0,2707.5855637176624,2040.050782497605,2050.972660491856,2812.8169913765573,2029.9090386458,1970.202772277228,1911.328648993932,1992.8093260938997,1899.991937765205,,2356.4880503718573,300.4078235770176,2362.815805082813,289.4770132329711,2366.7579591184926,290.01059009063516,2366.7644602363466,286.2442842971016,2341.6599808748156,283.0164651899033,2313.277734204296,281.72632308305305,2308.1467057264867,281.67454555310354,2205.6909435209263,287.60629964087497,2082.43630915293,331.139430425276,-0.0053537284894839,-10.921877994251417,-0.2786132511556241,-783.6880868732037,,,-783.6880868732037,36.319578409453925,,2025-08-18
2025,8,3,1,34,0,2140.2113382305974,2029.1289045033536,2707.5855637176624,2822.5686681571387,2372.7779942510383,2040.050782497605,2273.657617374641,2292.3086021505374,363.9038923630952,2388.9657777068032,315.4030093768635,2385.090389119557,308.1781908635326,111.08243372724382,-133.44627914404373,0.054743901918065774,-0.05869233701868104,-0.8660254037844384,-0.5000000000000004,-1.0,-1.8369701987210297e-16,19,231,0,0,0,0,3,-0.7412220108485957,-0.6712599575675315,0.7818314824680298,0.6234898018587336,2029.1289045033536,2151.739987224529,2163.268636218461,2703.4248482912813,2145.152187799425,2081.3603300330033,2021.6309485787287,1996.9267007345893,2009.5884016973123,,2354.8411005155817,301.7460363017579,2361.168855226537,290.7623847909063,2347.9841754498034,285.66216224101294,2366.588001323174,286.38744695251626,2342.7108917354867,282.14024161120096,2314.689405509676,280.5419365189492,2309.73875725422,280.29729792897876,2206.416626501667,287.27333298493824,2082.600910375373,330.68041522893714,-0.005357826253348685,-11.52864899393171,-0.20833333333333337,-563.2135100606838,,,-563.2135100606838,143.28463749600814,,2025-08-19
2025,8,3,2,34,0,2138.5643883743214,2140.2113382305974,2029.1289045033536,2707.5855637176624,2822.5686681571387,2151.739987224529,2385.5201852443315,2102.6348770360905,63.6633655208862,2368.4728095390187,329.0393626201399,2364.5107393803896,316.28588780652933,-1.6469498562760236,-246.9557968700101,-0.0007695267410542384,-0.10352282843698357,-0.8660254037844384,-0.5000000000000004,-1.0,-1.8369701987210297e-16,20,232,0,0,0,0,3,-0.7526668275320083,-0.6584015846980489,0.9749279121818236,-0.22252093395631434,2140.2113382305974,2150.093037368253,2161.621686362185,2029.9090386458,2147.6226125838393,2083.0621782178214,2025.7483232194188,2106.3621846055576,2120.144554455446,,2353.1941506593057,303.0783403368888,2359.521905370261,292.04209906845347,2351.606020440754,282.1576093483321,2366.264493315691,286.64895165107856,2343.702002631139,281.30781290450795,2316.032453904377,279.40977251954615,2310.0965595183175,280.0552174161216,2206.5189589123274,287.24570891556897,2082.7598975287797,330.2224967314437,-0.00536193029490617,-11.52864899393171,0.05352720129814692,108.65534972852151,,,108.65534972852151,32.202203768763866,,2025-08-20
2025,8,3,3,34,0,2249.3867773874163,2138.5643883743214,2140.2113382305974,2029.1289045033536,2707.5855637176624,2150.093037368253,2837.737943149154,2176.054167997445,63.513241225080414,2347.907606728415,332.55372312025025,2315.4814755669117,279.7511080160471,110.82238901309483,-588.3511657617378,0.051820926980524096,-0.20733104238258881,-0.8660254037844384,-0.5000000000000004,-1.0,-1.8369701987210297e-16,21,233,0,0,0,0,3,-0.7638886127905429,-0.64534811322955,0.43388373911755823,-0.900968867902419,2138.5643883743214,2261.5221973810285,2273.657617374641,2145.152187799425,2263.2558288086875,2194.4884488448843,2136.700734589588,2216.23107633344,2535.977722772277,,2351.460519231647,303.7241258308939,2357.788273942602,292.66239843360523,2355.0805067603537,280.1623916935691,2365.769170050646,286.8454562539276,2344.6823299265416,280.87368778059067,2317.373954413875,278.80825888690447,2310.4649561966953,279.95214361575324,2204.9267869935225,286.20172677982856,2083.2319283499087,329.8723359853932,-0.00536604062859336,-12.135419993612231,0.048590766744115665,104.2345895879912,,,104.2345895879912,33.15570105397637,,2025-08-21
2025,8,3,4,34,0,2360.035803257745,2249.3867773874163,2138.5643883743214,2140.2113382305974,2029.1289045033536,2261.5221973810285,2722.1480677099967,2249.3289896731603,110.73571875046949,2270.8187959118495,241.7220532766673,2285.305453529224,249.82680729525603,110.64902587032884,-362.11226445225157,0.04919075144508667,-0.13302445548337793,-0.8660254037844384,-0.5000000000000004,-1.0,-1.8369701987210297e-16,22,234,0,0,0,0,4,-0.7748840413670406,-0.6321034111873488,-0.433883739117558,-0.9009688679024191,2249.3867773874163,2372.7779942510383,2385.5201852443315,2147.6226125838393,2379.149089747685,2306.093861386139,2248.086553816672,2643.7879271798147,2446.0548797736915,,2349.640206232605,303.61323358550226,2355.96796094356,292.55587709169816,2362.1609464494836,277.40918390845184,2365.0865526760053,286.8351783830763,2345.6455788885337,280.8314365506405,2318.706683573887,278.74062402494053,2307.3121548197832,277.7452048240742,2204.4489032351007,285.8684761099523,2084.0138601999306,329.7331343323655,-0.005370157268891562,-12.742190993293207,0.09890619954794944,212.41319067390577,,,212.41319067390577,-283.7521239220696,,2025-08-22
2025,8,3,5,34,1,2807.3993931651235,2360.035803257745,2249.3867773874163,2138.5643883743214,2140.2113382305974,2372.7779942510383,2040.050782497605,2472.2739912700945,295.4531739176179,2287.4544341530927,278.4387962667638,2349.2511710848507,277.965226846487,447.36358990737835,767.3486106675184,0.18955796742144626,0.3761419162948798,-0.8660254037844384,-0.5000000000000004,-1.0,-1.8369701987210297e-16,23,235,0,0,0,0,4,-0.7856498550787144,-0.6186714032625032,-0.9749279121818236,-0.2225209339563146,2360.035803257745,2822.5686681571387,2837.737943149154,2263.2558288086875,2835.57090386458,2747.589108910891,2681.7111146598536,2543.2373043755993,1843.178359264498,,2347.4731669480316,299.7040886044815,2353.800921658986,288.80103788503936,2380.299065261365,288.2949349312288,2364.0804272938813,285.1683134015466,2346.713619678788,282.4966732025896,2320.202972603712,281.0405820375793,2310.247289139667,281.6349679833286,2209.8056867567707,288.08642783320556,2086.051565926593,331.4978988562234,-0.005374280230326267,-15.16927499201529,0.24042512447338193,544.143564356436,,,544.143564356436,264.1620887895242,,2025-08-23
2025,8,3,6,34,1,2693.0230597253276,2807.3993931651235,2360.035803257745,2249.3867773874163,2138.5643883743214,2822.5686681571387,2151.739987224529,2620.1527520493987,232.41365428755682,2398.103460023422,287.03149846518113,2394.3580937932506,286.7790043425717,-114.37633343979587,541.2830725007984,-0.040741026630644606,0.2515559852559066,-0.8660254037844384,-0.5000000000000004,-1.0,-1.8369701987210297e-16,24,236,0,0,0,0,4,-0.7961828637826154,-0.6050560696488494,-0.7818314824680299,0.6234898018587334,2807.3993931651235,2707.5855637176624,2722.1480677099967,2379.149089747685,2725.268604279783,2639.835247524752,2579.643564356436,1911.328648993932,1954.694200848656,,2345.3928092348406,296.82451022761643,2351.7205639457957,286.03522669023647,2390.761530927287,293.8927903480626,2362.928800702651,283.7170819250393,2347.663402039513,283.58740172965224,2321.5527285009607,282.56971606952163,2318.932782592238,281.2475521871363,2213.90751375053,289.6856035559555,2087.7565420327696,332.59010377706755,-0.005378409527468375,-14.562503992334769,0.1319269865559074,313.87396997764245,,,313.87396997764245,781.6944107313957,,2025-08-24
2025,8,3,0,35,0,2018.207026509103,2693.0230597253276,2807.3993931651235,2360.035803257745,2249.3867773874163,2707.5855637176624,2150.093037368253,2506.209826466518,426.47454318809383,2377.7694080698393,312.17543697633397,2383.3675928883213,299.2473718204458,-674.8160332162247,-131.88601085915025,-0.25057937427578203,-0.06133967626841896,-0.8660254037844384,-0.5000000000000004,-1.0,-1.8369701987210297e-16,25,237,0,0,0,0,4,-0.8064799463209447,-0.5912614448635782,0.0,1.0,2693.0230597253276,2029.1289045033536,2040.050782497605,2835.57090386458,2046.2918556371772,1981.4887128712871,1936.3449504950495,2021.6309485787287,1963.8112446958985,,2343.832540949948,298.78626060368157,2350.1602956609026,287.9194741411665,2363.5160683487707,289.08227070927165,2361.925771090934,284.9250262828154,2348.3190862116166,282.7666341979723,2322.5272770249376,281.3637677285354,2318.8947390136864,281.2884478390907,2214.209712538381,289.4515248058828,2087.5617254626754,332.14305190659275,-0.005382545174932529,-10.921877994250735,-0.2882537256400457,-817.3638773554771,,,-817.3638773554771,-3.42392206962586,,2025-08-25
2025,8,3,1,35,0,2128.6826892366653,2018.207026509103,2693.0230597253276,2807.3993931651235,2360.035803257745,2029.1289045033536,2261.5221973810285,2279.9709251570316,361.953405036262,2376.1224582135633,313.712095605316,2372.297633876291,306.5328777839001,110.4756627275624,-132.8395081443632,0.05473950951337847,-0.058738980452280765,-0.8660254037844384,-0.5000000000000004,-1.0,-1.8369701987210297e-16,26,238,0,0,0,0,4,-0.8165380514459157,-0.5772916165517278,0.7818314824680298,0.6234898018587336,2018.207026509103,2140.2113382305974,2151.739987224529,2725.268604279783,2162.445161290322,2093.2732673267324,2045.6215181518155,2025.7483232194188,2076.7666195190945,,2342.1855910936715,300.1244893211693,2348.5133458046266,289.20485736428486,2343.6298711806667,283.810658804049,2360.7199685175897,285.87036798831207,2348.9513973171515,282.22501355657545,2323.516100490234,280.5235871509201,2320.038454191656,280.29062093120643,2214.498135147923,289.3396493149163,2087.676588489977,331.68465955192477,-0.0053866871873800015,-11.528648993932165,-0.21890903307888065,-596.5859150431179,,,-596.5859150431179,102.93436601724648,,2025-08-26
2025,8,3,2,35,0,2127.0357393803897,2128.6826892366653,2018.207026509103,2693.0230597253276,2807.3993931651235,2140.2113382305974,2372.7779942510383,2091.3084850420523,63.31307559020854,2355.730618545726,327.28082516388633,2351.8191126370702,314.60035036493815,-1.646949856275569,-245.7422548706486,-0.0007736943907155069,-0.10356731875719227,-0.8660254037844384,-0.5000000000000004,-1.0,-1.8369701987210297e-16,27,239,0,0,0,0,4,-0.8263541987239095,-0.5631507242749187,0.9749279121818236,-0.22252093395631434,2128.6826892366653,2138.5643883743214,2150.093037368253,2046.2918556371772,2164.915586074737,2095.743692111146,2047.323366336634,2136.700734589588,2190.681683168317,,2340.538641237396,301.4567774243169,2346.8663959483506,290.48455287065923,2346.321333972107,281.2651231034217,2359.367116849934,286.9190190229653,2349.5101838755304,281.74513424601975,2324.4650573121826,279.7116748511742,2319.931065355998,280.3634950908617,2214.1445465713236,289.4077982483587,2087.7862240077775,331.22760282666553,-0.005390835579514808,-11.52864899393171,0.03945863515059078,80.74388374321256,,,80.74388374321256,-9.664995209198423,,2025-08-27
2025,8,3,3,35,0,2237.251357393804,2127.0357393803897,2128.6826892366653,2018.207026509103,2693.0230597253276,2138.5643883743214,2822.5686681571387,2164.3232620036197,63.16295143427226,2335.2665442350685,330.7778176610761,2303.0426700734592,278.25399046005117,110.21561801341431,-585.3173107633347,0.05181653320292612,-0.2073704414587333,-0.8660254037844384,-0.5000000000000004,-1.0,-1.8369701987210297e-16,28,240,0,0,0,0,4,-0.8359254794186365,-0.5488429582847199,0.43388373911755823,-0.900968867902419,2127.0357393803897,2249.3867773874163,2261.5221973810285,2162.445161290322,2281.458958799106,2208.646438837432,2156.8686468646865,2248.086553816672,2619.9504950495048,,2338.805009809737,302.10254724328775,2345.132764520692,291.1048355557611,2348.8148738422233,279.90708405587884,2357.788273942602,287.4846800839659,2350.0209859926085,281.51093874841814,2325.4219943422913,279.2685432670248,2319.8106742846326,280.39701689798375,2212.018440251014,287.8112567028953,2088.2014049338495,330.85975315280695,-0.005394990366088592,-12.135419993612231,0.034593337876297925,74.80619610348185,,,74.80619610348185,-10.835196422868194,,2025-08-28
2025,8,3,4,35,0,2347.2936122644523,2237.251357393804,2127.0357393803897,2128.6826892366653,2018.207026509103,2249.3867773874163,2707.5855637176624,2237.193569679548,110.1289478130947,2258.58224741829,240.42552208116058,2273.0183407856916,248.47970178174,110.04225487064832,-360.29195145321,0.04918636187524217,-0.1330676142912025,-0.8660254037844384,-0.5000000000000004,-1.0,-1.8369701987210297e-16,29,241,0,0,0,0,5,-0.8452490573530634,-0.5343725582809785,-0.433883739117558,-0.9009688679024191,2237.251357393804,2360.035803257745,2372.7779942510383,2164.915586074737,2398.2623762376243,2321.809230277867,2266.593069306931,2681.7111146598536,2508.9114021079527,1565.3465346534654,2336.984696810695,301.99166912090976,2343.31245152165,290.99832799884877,2354.89414138188,277.74746262325993,2355.96796094356,287.38025657744635,2350.476064242369,281.485100944158,2326.3827150917855,279.2025281459819,2316.0949242580173,277.75063834276597,2211.1205636407726,287.1311675067362,2090.3734801494356,329.9832374601515,-0.005399151561897408,-12.742190993292752,0.0842425577065522,182.37802618971546,,,182.37802618971546,-334.41750239540124,,2025-08-29
2025,8,3,5,35,1,2792.2301181731073,2347.2936122644523,2237.251357393804,2127.0357393803897,2128.6826892366653,2360.035803257745,2029.1289045033536,2458.9250292771208,293.84781125138136,2275.116757159587,276.9198616310624,2336.6101085915043,276.46068956603904,444.9365059086549,763.1012136697536,0.189552982883731,0.3760733051390488,-0.8660254037844384,-0.5000000000000004,-1.0,-1.8369701987210297e-16,30,242,0,0,0,0,5,-0.8543221697498269,-0.5197438121555157,-0.9749279121818236,-0.2225209339563146,2347.2936122644523,2807.3993931651235,2822.5686681571387,2281.458958799106,2852.9072181411693,2767.3091664005105,2700.5643564356437,2579.643564356436,1877.0027467262855,1419.2475247524753,2334.8176575261214,298.08257916808424,2341.1454122370765,287.2435518582694,2371.919846694347,288.5361226491932,2353.800921658986,283.699415483358,2350.9210812383085,282.1749338718553,2327.473974160089,280.85686797926235,2318.4569970782027,280.9031744523563,2216.2051601488106,289.2769936726089,2094.1873206867153,330.1391820120017,-0.005403319181783384,-15.169274992016199,0.22387917933130685,510.7711593740014,,,510.7711593740014,212.5865538166713,,2025-08-30
2025,8,3,6,35,1,2678.460555732993,2792.2301181731073,2347.2936122644523,2237.251357393804,2127.0357393803897,2807.3993931651235,2140.2113382305974,2605.9947620568505,231.15058298085376,2385.1590120302353,285.46483910683304,2381.4642100500373,285.2243467595222,-113.76956244011444,538.2492175023954,-0.04074505238649573,0.2514934893987566,-0.8660254037844384,-0.5000000000000004,-1.0,-1.8369701987210297e-16,31,243,0,1,0,0,5,-0.8631421280499115,-0.5049610547215202,-0.7818314824680299,0.6234898018587334,2792.2301181731073,2693.0230597253276,2707.5855637176624,2398.2623762376243,2736.710571702332,2659.7373363142765,2594.691485148515,1936.3449504950495,1976.33982753114,1627.960396039604,2332.737299812931,295.20286248804183,2339.0650545238855,284.4776165418824,2381.2597860108594,293.9033368873216,2351.720563945796,280.9881750748997,2351.255424442214,282.5583286454213,2328.4712250003804,281.96366098540733,2326.7027260252908,280.4522927268513,2220.105830861043,290.75452781280615,2097.1053766858636,330.6490072399741,-0.0054074932406334986,-14.562503992334769,0.11683383030631589,280.19817949536855,,,280.19817949536855,742.1156052379433,,2025-08-31
2025,9,3,0,36,0,2007.2851485148517,2678.460555732993,2792.2301181731073,2347.2936122644523,2237.251357393804,2693.0230597253276,2138.5643883743214,2492.65860747365,424.17735009153637,2364.9260885765993,310.4845236906013,2370.5242733950813,297.6354799203278,-671.1754072181411,-131.27923985946973,-0.2505825242718446,-0.0613866201892872,-1.0,-1.8369701987210297e-16,-1.0,-1.8369701987210297e-16,1,244,1,0,0,0,1,-0.8717063187093218,-0.4900286664290594,0.0,1.0,2678.460555732993,2018.207026509103,2029.1289045033536,2852.9072181411693,2050.972660491856,1997.1434046630472,1947.630891089109,2045.6215181518155,1971.398977962312,1502.7326732673266,2331.177031528038,297.16469872976825,2337.5047862389924,286.3619405437375,2353.072383689982,287.5920129423503,2350.1602956609026,282.8352394418629,2351.436527010996,282.33039611106716,2329.181394731639,281.0665954357911,2326.276766362658,280.9127396556989,2220.3051984752237,290.5952989775771,2098.506911339329,329.1887073213358,-0.005411673753382362,-10.92187799425119,-0.2964071401443221,-845.6220696263176,,,-845.6220696263176,-38.33636963696381,,2025-09-01
2025,9,3,1,36,0,2123.0556105610563,2007.2851485148517,2678.460555732993,2792.2301181731073,2347.2936122644523,2018.207026509103,2249.3867773874163,2269.6004382696333,358.7835652725931,2364.2627337733775,311.09807679061623,2359.9966761595515,304.4655750781946,115.77046204620456,-126.33116682636,0.05767514502454252,-0.0561624919717405,-1.0,-1.8369701987210297e-16,-1.0,-1.8369701987210297e-16,2,245,0,0,0,0,1,-0.8800122039735356,-0.4749510720670502,0.7818314824680298,0.6234898018587336,2007.2851485148517,2128.6826892366653,2140.2113382305974,2736.710571702332,2163.268636218461,2110.56624081763,2057.5344554455446,2047.323366336634,2069.9559246247204,1565.3465346534654,2330.3731631458077,297.81067610189075,2336.27937711974,287.3062978817135,2332.6172183186063,281.1149509785738,2348.7241161731386,283.91940396529526,2351.6595514707,282.14153295643746,2329.961408483014,280.39375177098594,2327.118235742929,280.18022294230786,2220.6001967304255,290.4687435748333,2100.0561032168503,327.9827228023577,-0.0026434558349449633,-5.627078675609027,-0.22423085856666247,-613.6549611412756,,,-613.6549611412756,75.73224422442217,,2025-09-02
2025,9,3,2,36,0,2127.3102310231025,2123.0556105610563,2007.2851485148517,2678.460555732993,2792.2301181731073,2128.6826892366653,2360.035803257745,2085.8836633663364,68.10154441320466,2345.939212711594,323.08208158276955,2340.602878473331,311.78688788682,4.254620462046205,-232.72557223464264,0.002004008016031955,-0.09861103459252318,-1.0,-1.8369701987210297e-16,-1.0,-1.8369701987210297e-16,3,246,0,0,0,0,1,-0.888057322629493,-0.4597327394521046,0.9749279121818236,-0.22252093395631434,2123.0556105610563,2127.0357393803897,2138.5643883743214,2050.972660491856,2161.621686362185,2113.036665602044,2059.236303630363,2156.8686468646865,2167.992781858831,1669.7029702970297,2330.4123762376234,297.77945657164884,2335.4755087375097,287.9171428375959,2335.161804002981,278.8137376542137,2347.498707053885,284.82944203323535,2351.914436567505,281.92840973459835,2330.771812380547,279.6993803729864,2326.789808900245,280.39927011581415,2220.374182559116,290.52572815313584,2101.3272344966445,327.1960072372782,0.00012904890953668868,0.2744916427127464,0.03722017947959366,76.33757053124646,0.3590027408812988,561.9636963696371,76.33757053124646,-29.558415841584065,561.9636963696371,2025-09-03
2025,9,3,3,36,0,2243.7524752475247,2127.3102310231025,2123.0556105610563,2007.2851485148517,2678.460555732993,2127.0357393803897,2807.3993931651235,2164.706105610561,68.48920983196741,2328.682356542106,325.7494919736799,2293.632301980198,275.4051382373815,116.44224422442221,-563.6469179175988,0.05473684210526297,-0.20077190274025492,-1.0,-1.8369701987210297e-16,-1.0,-1.8369701987210297e-16,4,247,0,0,0,0,1,-0.8958392907349089,-0.44437817810461344,0.43388373911755823,-0.900968867902419,2127.3102310231025,2237.251357393804,2249.3867773874163,2163.268636218461,2273.657617374641,2226.849568827851,2169.4085808580858,2266.593069306931,2574.442670073459,1711.4455445544554,2331.341107359584,297.45043109560174,2335.0730585846604,288.05064091343365,2337.8445986372835,277.4867745514282,2346.430666263631,285.1724450677236,2352.216274182142,281.8010980897461,2331.6568587423258,279.29996776321315,2326.536024521807,280.46469395438237,2218.5370148100833,289.3172958856081,2102.805864859681,326.6314725867965,0.0029058504455636847,6.501117853720643,0.037204736241059244,80.4838390290638,0.5809451389664024,824.5049504950493,80.4838390290638,-22.840594059406158,824.5049504950493,2025-09-04
2025,9,3,4,36,0,2360.642574257426,2243.7524752475247,2127.3102310231025,2123.0556105610563,2007.2851485148517,2237.251357393804,2693.0230597253276,2243.9017601760174,116.66624325098665,2256.751099222826,239.02466447279383,2265.9339281912066,246.81588503005216,116.8900990099014,-332.3804854679015,0.05209580838323369,-0.12342281447148185,-1.0,-1.8369701987210297e-16,-1.0,-1.8369701987210297e-16,5,248,0,0,0,0,1,-0.9033558023246842,-0.4288919379124841,-0.433883739117558,-0.9009688679024191,2243.7524752475247,2347.2936122644523,2360.035803257745,2161.621686362185,2385.5201852443315,2340.922516767806,2279.76,2700.5643564356437,2465.223890130948,1774.0594059405942,2333.248101930009,297.61249719093337,2335.1163993703517,288.05473140607165,2344.478628233791,275.50037949149265,2345.542180156956,285.08488774283796,2352.5684180658855,281.79904987035974,2332.6197465311047,279.2583159291526,2322.759115830938,277.6458372834897,2217.956007499675,288.9238741158266,2104.4352625494503,326.44998779448775,0.005686958769548944,13.348961992973727,0.09207017543859641,199.02088789524123,0.4500614265557341,732.6821782178222,199.02088789524123,-339.92178217821765,732.6821782178222,2025-09-05
2025,9,3,5,36,1,2815.88696369637,2360.642574257426,2243.7524752475247,2127.3102310231025,2123.0556105610563,2347.2936122644523,2018.207026509103,2473.4273377337736,302.2826001814677,2279.6555005500554,288.89802033284417,2332.407256290145,279.3098923152277,455.2443894389439,797.6799371872671,0.1928476569910833,0.39524187891022056,-1.0,-1.8369701987210297e-16,-1.0,-1.8369701987210297e-16,6,249,0,0,0,0,1,-0.9106046300942162,-0.41327860778290443,-0.9749279121818236,-0.2225209339563146,2360.642574257426,2792.2301181731073,2807.3993931651235,2273.657617374641,2837.737943149154,2790.063078888534,2716.239273927393,2594.691485148515,1844.237112743532,1732.3168316831684,2336.6276512904747,303.7638943545711,2335.722654408298,289.1321006807368,2362.552939777849,288.18834208692317,2344.7617880336425,283.71426098214266,2353.029558866025,282.54812417005684,2333.8060285521638,281.11304662170505,2325.2168433703587,281.0383235523277,2223.3540622271903,290.9721184795426,2107.44517958282,328.00109712141517,0.00847238390893823,23.656845523262746,0.23848328885500059,542.2293463217288,0.8738442397568351,1313.1542904290434,542.2293463217288,221.19547854785515,1313.1542904290434,2025-09-06
2025,9,3,6,36,1,2708.6257425742574,2815.88696369637,2360.642574257426,2243.7524752475247,2127.3102310231025,2792.2301181731073,2128.6826892366653,2628.385093509351,237.99324538877104,2396.5455995599564,298.38244558165127,2380.735844068278,290.79249034285925,-107.2612211221126,579.9430533375921,-0.03809145129224667,0.27244222742543034,-1.0,-1.8369701987210297e-16,-1.0,-1.8369701987210297e-16,7,250,0,0,0,0,1,-0.9175836260593934,-0.3975428142825566,-0.7818314824680299,0.6234898018587334,2815.88696369637,2678.460555732993,2693.0230597253276,2385.5201852443315,2722.1480677099967,2681.5810923027784,2609.7394059405938,1947.630891089109,1941.753880549345,1836.6732673267325,2340.9369636963697,309.5797891836661,2336.8371317546503,290.6414095198812,2373.3231250221797,295.03255686476143,2344.278847850223,283.0588313235702,2353.512499049444,283.14239304815055,2334.9832468454224,282.4861956724493,2333.672341720194,280.9982734176992,2227.614461460662,292.4364731591686,2109.867269791841,329.21322209090926,0.011262135922329941,30.165186841264585,0.13544448683708477,323.1055573299259,0.7303681214421252,1143.279207920792,323.1055573299259,760.9948514851485,1143.279207920792,2025-09-07
2025,9,3,0,37,0,2035.5,2708.6257425742574,2815.88696369637,2360.642574257426,2243.7524752475247,2678.460555732993,2127.0357393803897,2520.0042354235425,423.00651058425495,2381.9529977997804,316.0505990750971,2373.1078657865787,299.1334164361993,-673.1257425742574,-91.53573938038971,-0.24851190476190477,-0.04303441530655916,-1.0,-1.8369701987210297e-16,-1.0,-1.8369701987210297e-16,8,251,0,0,0,0,2,-0.9242907221930934,-0.3816892202666586,0.0,1.0,2708.6257425742574,2007.2851485148517,2018.207026509103,2837.737943149154,2040.050782497605,2013.5262216544236,1958.9168316831683,2057.5344554455446,1936.8130309805172,2191.4851485148515,2344.9676567656766,304.6561873210035,2338.072344146857,289.2163335331051,2346.5818602505415,287.7542391281765,2344.1163199038797,283.2412317782053,2353.9048879484726,282.6775055920179,2335.8949512301465,281.3792590722856,2333.4275144374656,281.2510546011012,2228.1627223996593,291.98038549879163,2109.433977712633,329.20815140578213,0.014056224899598346,28.2148514851483,-0.2827033218785797,-802.237943149154,0.21907910341555992,365.79702970297035,-802.237943149154,-22.03445544554461,365.79702970297035,2025-09-08
2025,9,3,1,37,0,2152.8379537953792,2035.5,2708.6257425742574,2815.88696369637,2360.642574257426,2007.2851485148517,2237.251357393804,2298.9878987898787,359.5753344508755,2386.207618261826,312.0839822305655,2366.07341548671,303.57818380120165,117.33795379537924,-84.4134035984248,0.057645764576457426,-0.037730853674286635,-1.0,-1.8369701987210297e-16,-1.0,-1.8369701987210297e-16,9,252,0,0,0,0,2,-0.9307239310379793,-0.3657225234972692,0.7818314824680298,0.6234898018587336,2035.5,2123.0556105610563,2128.6826892366653,2722.1480677099967,2151.739987224529,2127.859214308528,2069.447392739274,2059.236303630363,2033.5496646438835,2483.6831683168316,2349.222277227723,301.22928940803627,2339.7977201867657,287.94032680949806,2327.604856453387,280.82117802912813,2344.1555329956964,283.21368664292413,2354.35093686788,282.3338318349565,2336.887696004623,280.57382325439914,2334.467532772632,280.39751638738994,2228.8254351171677,291.67141315442217,2108.5149632278512,328.62176059955954,0.01402805611222413,29.78234323432298,-0.20914002462531323,-569.3101139146174,0.2579061955230557,441.3924092409238,-569.3101139146174,93.60165016501605,441.3924092409238,2025-09-09
2025,9,3,2,37,0,2157.092574257426,2152.8379537953792,2035.5,2708.6257425742574,2815.88696369637,2123.0556105610563,2347.2936122644523,2115.143509350935,69.00610034713425,2371.764301430143,321.84798866413655,2350.2233289861247,309.55429228126724,4.25462046204666,-190.20103800702645,0.001976284584980448,-0.0810299303901475,-1.0,-1.8369701987210297e-16,-1.0,-1.8369701987210297e-16,10,253,0,0,0,0,2,-0.9368813462954315,-0.34964745525122826,0.9749279121818236,-0.22252093395631434,2152.8379537953792,2127.3102310231025,2127.0357393803897,2040.050782497605,2150.093037368253,2130.3296390929413,2071.1492409240923,2169.4085808580858,2129.7662088789525,1588.1435643564355,2353.476897689769,297.76295458228276,2341.9446369636967,286.3395232923049,2331.5062495120483,277.48165231407415,2344.4055164560236,283.0390851628339,2354.828846424389,281.9701506582837,2337.910830925259,279.74859759769953,2334.330688254847,280.4819690851269,2228.9772482581593,291.62667357505575,2110.095377144243,327.47832057057474,0.014000000000000012,29.782343234323434,0.05737199915020175,117.04179175982085,0.21590774640026789,383.03316831683173,117.04179175982085,-12.316006600659875,383.03316831683173,2025-09-10
2025,9,3,3,37,0,2275.1023102310232,2157.092574257426,2152.8379537953792,2035.5,2708.6257425742574,2127.3102310231025,2792.2301181731073,2195.010946094609,69.39377065517839,2357.507590759076,324.3242093856314,2307.129344990951,276.67679320164797,118.00973597359734,-517.127807942084,0.054707775355548716,-0.18520243176820572,-1.0,-1.8369701987210297e-16,-1.0,-1.8369701987210297e-16,11,254,0,0,0,0,2,-0.9427611433904206,-0.33346877891818705,0.43388373911755823,-0.900968867902419,2157.092574257426,2243.7524752475247,2237.251357393804,2151.739987224529,2261.5221973810285,2245.052698818269,2181.948514851485,2279.76,2528.934845097413,1439.9168316831683,2357.9554455445545,296.06851348751894,2344.6482764520692,285.45228246195444,2335.6183269455973,275.6337008098899,2344.8905204863804,282.9034021834156,2355.3654466281882,281.7859766749671,2339.019804679777,279.30717691499245,2334.278936146303,280.49258062826624,2227.5670675089013,290.78058986564037,2112.4153368068755,325.6707093264926,0.0139720558882237,31.349834983498567,0.05733142653802514,123.36232300649408,0.3133292182010776,542.7854785478548,123.36232300649408,-4.657689768976979,542.7854785478548,2025-09-11
2025,9,3,4,37,0,2393.559900990099,2275.1023102310232,2157.092574257426,2152.8379537953792,2035.5,2243.7524752475247,2678.460555732993,2275.251595159516,118.23373405047182,2287.119746974697,239.74669640726992,2283.3876237623763,253.1384579589615,118.45759075907563,-284.90065474289395,0.05206692913385824,-0.10636731391585774,-1.0,-1.8369701987210297e-16,-1.0,-1.8369701987210297e-16,12,255,0,0,0,0,2,-0.9483615800121716,-0.31719128858910595,-0.433883739117558,-0.9009688679024191,2275.1023102310232,2360.642574257426,2347.2936122644523,2150.093037368253,2372.7779942510383,2360.035803257745,2292.9269306930696,2716.239273927393,2421.536378153944,1651.669306930693,2362.6579207920795,296.379557253008,2347.953011361044,285.75292228259303,2343.733889066326,273.5592916955686,2345.632731441347,283.0065185059042,2355.9640912305517,281.831685775212,2340.217816230932,279.3229105330616,2330.6936097803327,277.60280888104137,2227.411642635769,290.68379302381754,2114.4761440125963,325.0938282654528,0.013944223107569487,32.91732673267279,0.11323550162268936,243.46686362184573,0.3032039740382957,556.8866336633664,243.46686362184573,-322.6793729372939,556.8866336633664,2025-09-12
2025,9,3,5,37,1,2855.0742574257424,2393.559900990099,2275.1023102310232,2157.092574257426,2152.8379537953792,2360.642574257426,2007.2851485148517,2507.912156215621,306.4297531075971,2311.5278327832784,292.82174983743045,2354.036716171617,285.3335157079417,461.51435643564355,847.7891089108907,0.19281504350266632,0.4223560910307895,-1.0,-1.8369701987210297e-16,-1.0,-1.8369701987210297e-16,13,256,0,0,0,0,2,-0.9536809966304455,-0.300819807635668,-0.9749279121818236,-0.2225209339563146,2393.559900990099,2815.88696369637,2792.2301181731073,2261.5221973810285,2822.5686681571387,2812.8169913765573,2731.914191419142,2609.7394059405938,1811.4714787607793,1524.617821782178,2368.256105610561,306.56238008054174,2352.441878450518,293.65328002385604,2363.5189577344836,288.46637513453726,2346.7936453437974,285.09437433102306,2356.7186852671443,283.13071023905655,2341.6840074929155,281.71671367567484,2333.4195525746127,281.5501865949914,2233.209435850574,292.74160276640174,2118.171856333828,325.93088765898256,0.01391650099403563,39.18729372937241,0.26245688003066303,593.5520600447139,0.30280337941628255,663.5891089108909,593.5520600447139,245.33485148514865,663.5891089108909,2025-09-13
2025,9,3,6,37,1,2746.245544554455,2855.0742574257424,2393.559900990099,2275.1023102310232,2157.092574257426,2815.88696369637,2123.0556105610563,2664.959900990098,241.2558645635541,2429.985423542354,302.4294316018657,2405.9692106710672,295.9851122088178,-108.82871287128728,623.1899339933989,-0.03811764705882359,0.29353443729564366,-1.0,-1.8369701987210297e-16,-1.0,-1.8369701987210297e-16,14,257,0,0,0,0,2,-0.9587178169872964,-0.2843591872810036,-0.7818314824680299,0.6234898018587334,2855.0742574257424,2708.6257425742574,2678.460555732993,2372.7779942510383,2707.5855637176624,2703.4248482912813,2624.787326732673,1958.9168316831683,1907.16793356755,1588.1435643564355,2373.6303630363036,313.7688387359006,2357.2836633663364,299.93386251196375,2375.96787607793,296.8174454266532,2348.174358945111,286.99369553587064,2357.483340557558,284.1401132278156,2343.12993865746,283.49336256043244,2342.1676493842933,282.01443420260625,2237.870978133835,294.19780356207167,2121.3888062788233,326.39983400734894,0.01388888888888884,37.619801980197735,0.15739675233346095,373.46755030341683,0.10571492354057366,262.56237623762354,373.46755030341683,787.3287128712868,262.56237623762354,2025-09-14
2025,9,3,0,38,0,2063.7148514851488,2746.245544554455,2855.0742574257424,2393.559900990099,2275.1023102310232,2708.6257425742574,2127.3102310231025,2555.0115511551153,428.94085549905213,2415.131573157316,320.4176637563957,2400.669595709571,301.93756753227353,-682.5306930693064,-63.595379537953704,-0.24853228962817986,-0.029894736842105196,-1.0,-1.8369701987210297e-16,-1.0,-1.8369701987210297e-16,15,258,0,0,0,0,3,-0.9634705485641486,-0.26781430516217486,0.0,1.0,2746.245544554455,2035.5,2007.2851485148517,2822.5686681571387,2029.1289045033536,2029.9090386458,1970.202772277228,2069.447392739274,1902.227083998722,1694.019801980198,2377.6610561056104,308.84382824136014,2361.3143564356437,295.21054032619793,2350.672748855531,289.69494427546437,2349.409571337318,285.64091566044954,2358.0870157868326,283.4666185621563,2344.24317769565,282.19190273259954,2342.10395448147,282.0773623845921,2238.768132397648,293.413724696926,2122.4157369718923,325.632156171888,0.013861386138613874,28.214851485148756,-0.2688522072936661,-758.85381667199,0.2994510684060414,475.57128712871327,-758.85381667199,-5.732541254125408,475.57128712871327,2025-09-15
2025,9,3,1,38,0,2182.620297029703,2063.7148514851488,2746.245544554455,2855.0742574257424,2393.559900990099,2035.5,2243.7524752475247,2330.860231023102,364.61396746174455,2419.386193619362,316.45099274203915,2395.5752475247527,305.32253094360766,118.90544554455437,-61.13217821782155,0.0576171875,-0.027245508982035815,-1.0,-1.8369701987210297e-16,-1.0,-1.8369701987210297e-16,16,259,0,0,0,0,3,-0.9679377830240642,-0.25119006388481957,0.7818314824680298,0.6234898018587336,2063.7148514851488,2152.8379537953792,2123.0556105610563,2707.5855637176624,2140.2113382305974,2145.152187799425,2081.3603300330033,2071.1492409240923,1997.1434046630468,1736.3702970297031,2381.9156765676566,305.4166059822358,2365.5689768976895,291.9235058266111,2333.173906632599,283.1741419985442,2350.9241770087147,284.6011055990702,2358.7560891659446,282.99871733263393,2345.44865349323,281.27015922078647,2343.342521771532,281.1173598480776,2239.7985595774635,292.88564156625614,2123.6553203052254,325.007274185108,0.013833992094861802,29.78234323432389,-0.19388686131386867,-524.9652666879592,0.5157960855825008,742.7034653465348,-524.9652666879592,111.47105610561084,742.7034653465348,2025-09-16
2025,9,3,2,38,0,2186.874917491749,2182.620297029703,2063.7148514851488,2746.245544554455,2855.0742574257424,2152.8379537953792,2360.642574257426,2144.403355335533,69.9106675624704,2404.681628162816,326.39009270698983,2381.094609460946,311.19412188731343,4.25462046204575,-173.7676567656772,0.0019493177387912564,-0.07361032062227302,-1.0,-1.8369701987210297e-16,-1.0,-1.8369701987210297e-16,17,260,0,0,0,0,3,-0.9721181966290612,-0.23449138957041052,0.9749279121818236,-0.22252093395631434,2182.620297029703,2157.092574257426,2127.3102310231025,2029.1289045033536,2138.5643883743214,2147.6226125838393,2083.0621782178214,2181.948514851485,2091.5396358990733,1799.8960396039606,2386.1702970297033,301.95048629972075,2369.823597359736,288.59903566802365,2338.432107065545,278.7639476610625,2352.649553048623,283.4099528566453,2359.457023182157,282.5144678394077,2346.6845194369666,280.32987396228987,2343.3972595786463,281.0860587712975,2240.328200030756,292.7021818300598,2124.7302616326915,324.57314207658436,0.01380670611439827,29.78234323432298,0.07774075498027799,157.74601298839525,0.32403920585993795,535.2056105610559,157.74601298839525,4.926402640263859,535.2056105610559,2025-09-17
2025,9,3,3,38,0,2306.452145214522,2186.874917491749,2182.620297029703,2063.7148514851488,2746.245544554455,2157.092574257426,2815.88696369637,2225.3157865786575,70.29834257175634,2390.163668866887,328.91128735227755,2338.641707920792,279.63608111037314,119.57722772277293,-509.4348184818482,0.05467950030718849,-0.1809145129224652,-1.0,-1.8369701987210297e-16,-1.0,-1.8369701987210297e-16,18,261,0,0,0,0,3,-0.9760105506323682,-0.21772323039653224,0.43388373911755823,-0.900968867902419,2186.874917491749,2275.1023102310232,2243.7524752475247,2140.2113382305974,2249.3867773874163,2263.2558288086875,2194.4884488448843,2292.9269306930696,2483.4270201213667,1757.5455445544555,2390.648844884488,300.2562964538048,2374.3021452145217,286.97406123665957,2343.9734672983423,276.3294424088376,2354.687601899591,282.8444890655015,2360.2283859751183,282.30592293661977,2348.0174205842245,279.863291433961,2343.5475397399955,281.0623866443393,2239.345006281273,292.177806855796,2126.2550021900806,324.1324156084427,0.013779527559055316,31.349834983498567,0.07767494920448503,166.24080698392436,0.5128067586921101,781.8343234323438,166.24080698392436,13.525214521452199,781.8343234323438,2025-09-18
2025,9,3,4,38,0,2426.477227722773,2306.452145214522,2186.874917491749,2182.620297029703,2063.7148514851488,2275.1023102310232,2708.6257425742574,2306.6014301430146,119.80122487481118,2318.7308305830584,243.0942581097299,2315.1293316831684,256.6130137440409,120.02508250825122,-282.1485148514844,0.05203883495145645,-0.10416666666666641,-1.0,-1.8369701987210297e-16,-1.0,-1.8369701987210297e-16,19,262,0,0,0,0,3,-0.9796136916454901,-0.20089055513063528,-0.433883739117558,-0.9009688679024191,2306.452145214522,2393.559900990099,2360.642574257426,2138.5643883743214,2360.035803257745,2379.149089747685,2306.093861386139,2731.914191419142,2377.84886617694,1863.4217821782177,2395.3513201320134,300.56709378992025,2379.004620462046,287.27225403817624,2353.570561943291,273.93881241849635,2357.060509916199,283.16953582922076,2361.073531296102,282.4344105267504,2349.4505558977557,279.954238255385,2340.1537956989246,278.1492183741188,2239.6151638454166,292.3290302831771,2127.819045094371,324.2190782543784,0.013752455795678076,32.917326732674155,0.13462902539367305,287.9128393484516,0.5278702015242911,838.3336633663375,287.9128393484516,-305.4369636963688,838.3336633663375,2025-09-19
2025,9,3,5,38,1,2894.2615511551157,2426.477227722773,2306.452145214522,2186.874917491749,2182.620297029703,2393.559900990099,2035.5,2542.3969746974703,310.5769071133097,2343.400165016502,296.74548519612273,2386.6927942794277,289.21496273981575,467.7843234323427,858.7615511551157,0.19278331487633782,0.421892189218922,-1.0,-1.8369701987210297e-16,-1.0,-1.8369701987210297e-16,20,263,0,0,0,0,3,-0.9829265519799822,-0.18399835165767986,-0.9749279121818236,-0.2225209339563146,2426.477227722773,2855.0742574257424,2815.88696369637,2249.3867773874163,2807.3993931651235,2835.57090386458,2747.589108910891,2624.787326732673,1778.705844778026,2223.40099009901,2400.9495049504953,310.74918317099156,2384.602805280528,297.03849667547394,2375.066387735548,290.294861072275,2360.162729844413,288.7075289279629,2362.121578569148,284.3297058986132,2351.1966564006634,282.909193491703,2343.147953748063,282.66139295447334,2245.812695547512,294.32131653379093,2129.6825466528603,326.6885166454064,0.013725490196078605,39.18729372937332,0.28668914579319216,644.8747737676995,0.7085169534452394,1200.2417491749177,644.8747737676995,269.4742244224426,1200.2417491749177,2025-09-20
2025,9,3,6,38,1,2783.865346534653,2894.2615511551157,2426.477227722773,2306.452145214522,2186.874917491749,2855.0742574257424,2152.8379537953792,2701.534708470847,244.51849374896332,2463.4252475247526,306.4764244960523,2439.278410341034,299.9959434644963,-110.39620462046287,631.0273927392736,-0.03814313346228271,0.2931142084460161,-1.0,-1.8369701987210297e-16,-1.0,-1.8369701987210297e-16,21,264,0,0,0,0,3,-0.9859481499638303,-0.1670516255021195,-0.7818314824680299,0.6234898018587334,2894.2615511551157,2746.245544554455,2708.6257425742574,2360.035803257745,2693.0230597253276,2725.268604279783,2639.835247524752,1970.202772277228,1872.581986585755,2519.8544554455443,2406.3237623762375,317.9578948326356,2389.9770627062708,303.9521276261323,2389.1940391781113,299.69898914670705,2363.4070972304607,293.0641560680535,2363.1679489665557,285.7944818075437,2352.9113004364954,285.10756319479106,2352.1886490175903,283.6095957532558,2250.875380880561,295.6997915254654,2130.415910239219,327.8610570125752,0.013698630136986134,37.619801980197735,0.17958606504692098,423.82954327690777,0.6032670861145415,1047.4950495049497,423.82954327690777,813.6625742574249,1047.4950495049497,2025-09-21
2025,9,3,0,39,0,2091.929702970297,2783.865346534653,2894.2615511551157,2426.477227722773,2306.452145214522,2746.245544554455,2157.092574257426,2590.0188668866886,434.87520268101156,2448.3101485148513,324.78476440628555,2433.8481710671067,306.0958933955379,-691.9356435643558,-65.16287128712884,-0.24855212355212342,-0.03020865773902215,-1.0,-1.8369701987210297e-16,-1.0,-1.8369701987210297e-16,22,265,0,0,0,0,4,-0.9886775902323404,-0.15005539834465262,0.0,1.0,2783.865346534653,2063.7148514851488,2035.5,2807.3993931651235,2018.207026509103,2046.2918556371772,1981.4887128712871,2081.3603300330033,1867.6411370169271,1595.6435643564355,2410.3544554455443,313.03151350405693,2394.007755775577,299.2272658799584,2365.3450495049506,293.67893429412976,2366.0400499612174,290.16476589375026,2363.982910526076,284.9382470646941,2354.2260741281502,283.6249055668221,2352.306086494671,283.49835718544045,2252.121428469191,294.5461750125364,2131.7944828464797,326.6473435954652,0.013671875,28.2148514851483,-0.2548514087225011,-715.4696901948264,0.16225029498403365,292.03366336633644,-715.4696901948264,10.569372937293792,292.03366336633644,2025-09-22
2025,9,3,1,39,0,2212.402640264026,2091.929702970297,2783.865346534653,2894.2615511551157,2426.477227722773,2063.7148514851488,2275.1023102310232,2362.732563256325,369.65260450706904,2452.5647689768975,320.8180411415748,2428.6231985698573,309.56742931484877,120.47293729372905,-62.699669966997135,0.05758938128880309,-0.02755905511811041,-1.0,-1.8369701987210297e-16,-1.0,-1.8369701987210297e-16,23,266,0,0,0,0,4,-0.9911140639934546,-0.13301470653419636,0.7818314824680298,0.6234898018587336,2091.929702970297,2182.620297029703,2152.8379537953792,2693.0230597253276,2128.6826892366653,2162.445161290322,2093.2732673267324,2083.0621782178214,1960.73714468221,1446.7168316831685,2414.609075907591,309.6039761634201,2398.262376237624,295.9397750396667,2349.3243688562407,288.24623171894217,2369.0300482121943,288.05198742124696,2364.875008364892,284.37343573110513,2355.6442809488326,282.600334985662,2353.743202739629,282.4440317181075,2253.519570111312,293.75154179257805,2133.9213878703154,324.6609313630659,0.013645224171539683,29.78234323432298,-0.17846873524741447,-480.6204194613015,0.25880245158874593,454.85709570957056,-480.6204194613015,129.34046204620472,454.85709570957056,2025-09-23
2025,9,3,2,39,0,2216.6572607260723,2212.402640264026,2091.929702970297,2783.865346534653,2894.2615511551157,2182.620297029703,2393.559900990099,2173.6632013201315,70.81524562689225,2437.5989548954894,330.9322219697737,2413.881311881188,315.54342324858226,4.254620462046205,-176.90264026402656,0.0019230769230769162,-0.07390775563663587,-1.0,-1.8369701987210297e-16,-1.0,-1.8369701987210297e-16,24,267,0,0,0,0,4,-0.9932568492674143,-0.11593459959550066,0.9749279121818236,-0.22252093395631434,2212.402640264026,2186.874917491749,2157.092574257426,2018.207026509103,2127.0357393803897,2164.915586074737,2095.743692111146,2194.4884488448843,2053.313062919195,1659.4693069306932,2418.8636963696367,306.13806634549485,2402.51699669967,292.61535204951525,2355.939376663473,282.60731438864013,2372.2308168316836,285.75215526578205,2365.7989668408086,283.79540406352515,2357.083728194248,281.56661181385317,2353.9895228716423,282.31322118096523,2254.427037876906,293.3816729815911,2135.4691321864134,323.7195589413279,0.013618677042801508,29.782343234323434,0.09832996893298374,198.45023421696942,0.18956281499239824,353.23547854785465,198.45023421696942,22.16881188118805,353.23547854785465,2025-09-24
2025,9,3,3,39,0,2337.8019801980195,2216.6572607260723,2212.402640264026,2091.929702970297,2783.865346534653,2186.874917491749,2855.0742574257424,2255.620627062706,71.20292515889888,2422.819746974697,333.4983871361674,2370.775288778878,283.49819147867754,121.14471947194716,-517.272277227723,0.05465198504899482,-0.18117647058823538,-1.0,-1.8369701987210297e-16,-1.0,-1.8369701987210297e-16,25,268,0,0,0,0,4,-0.9951053111006974,-0.09882013873287211,0.43388373911755823,-0.900968867902419,2216.6572607260723,2306.452145214522,2275.1023102310232,2128.6826892366653,2237.251357393804,2281.458958799106,2208.646438837432,2306.093861386139,2437.9191951453204,1531.817821782178,2423.3422442244223,304.44412110542476,2406.9955445544556,290.9905368374456,2362.910019695518,279.36909200571085,2375.821910503262,284.62260575421686,2366.8050922229318,283.590762491483,2358.6212941628264,281.09852051362566,2354.341835302885,282.2725603876112,2253.8708311271985,293.12664912789546,2137.7079770709024,322.31713250914277,0.013592233009708465,31.349834983497658,0.0982388272421868,209.11929096135418,0.05145315244908444,114.4009900990095,209.11929096135418,31.708118811880468,114.4009900990095,2025-09-25
2025,9,3,4,39,0,2459.394554455446,2337.8019801980195,2216.6572607260723,2212.402640264026,2091.929702970297,2306.452145214522,2746.245544554455,2337.951265126512,121.36871572303532,2350.3419141914187,246.4418777138848,2346.8710396039605,260.08774289073534,121.59257425742635,-286.8509900990093,0.05201149425287377,-0.10445205479452035,-1.0,-1.8369701987210297e-16,-1.0,-1.8369701987210297e-16,26,269,0,0,0,0,4,-0.99665890175417,-0.08167639533042288,-0.433883739117558,-0.9009688679024191,2337.8019801980195,2426.477227722773,2393.559900990099,2127.0357393803897,2347.2936122644523,2398.2623762376243,2321.809230277867,2747.589108910891,2334.161354199936,1595.6435643564355,2428.044719471947,304.75467874210216,2411.69801980198,291.28851105820104,2373.9886468646864,276.26549620508547,2379.8255155815123,284.99463693368335,2367.8967382625356,283.83161283588936,2360.25921468875,281.28222249935754,2351.139673586714,279.3812155980382,2254.5665711286183,293.4667084731561,2140.1072853767328,321.4845781201956,0.013565891472868019,32.91732673267279,0.15625445728141507,332.3588150750561,-0.023993409960421097,-60.459900990098504,332.3588150750561,-288.1945544554451,-60.459900990098504,2025-09-26
2025,9,3,5,39,1,2933.448844884488,2459.394554455446,2337.8019801980195,2216.6572607260723,2212.402640264026,2426.477227722773,2063.7148514851488,2576.881793179318,314.7240621559256,2375.272497249725,300.669226179733,2419.3488723872388,293.0965763672415,474.05429042904234,869.7339933993394,0.19275243558226318,0.4214409722222219,-1.0,-1.8369701987210297e-16,-1.0,-1.8369701987210297e-16,27,270,0,0,0,0,4,-0.9979171608653922,-0.06450844944931625,-0.9749279121818236,-0.2225209339563146,2459.394554455446,2894.2615511551157,2855.0742574257424,2237.251357393804,2792.2301181731073,2852.9072181411693,2767.3091664005105,2639.835247524752,1745.9402107952728,1702.019801980198,2433.6429042904288,314.93605261431037,2417.296204620462,301.0545103628702,2397.1952297810426,293.1104516734805,2384.86904153549,293.68044219061295,2369.3349815972383,286.52524323920846,2362.2370680040353,284.74173990110205,2354.4020468907106,284.4583819086289,2261.1638413180026,295.3107534707993,2143.527921607022,323.35612029489766,0.013539651837523925,39.18729372937241,0.3111842954927029,696.1974874906841,0.8384111028377597,1337.8052805280527,696.1974874906841,293.6135973597361,1337.8052805280527,2025-09-27
2025,9,3,6,39,1,2821.4851485148515,2933.448844884488,2459.394554455446,2337.8019801980195,2216.6572607260723,2894.2615511551157,2182.620297029703,2738.109515951595,247.7811325495549,2496.8650715071503,310.5234239954499,2472.5876100110013,304.00694397599943,-111.96369636963664,638.8648514851484,-0.03816793893129755,0.29270544783010144,-1.0,-1.8369701987210297e-16,-1.0,-1.8369701987210297e-16,28,271,0,0,0,0,4,-0.9988797155850335,-0.04732138832243232,-0.7818314824680299,0.6234898018587334,2933.448844884488,2783.865346534653,2746.245544554455,2347.2936122644523,2678.460555732993,2736.710571702332,2659.7373363142765,1981.4887128712871,1837.99603960396,1744.570297029703,2439.017161716172,322.1469572185659,2422.6704620462046,307.97056725639277,2413.001614322723,302.94729708184684,2389.9770627062708,300.1486380173784,2370.848813326033,288.717097787789,2364.1626371968996,287.3131280341196,2363.7353406200837,285.86232952041416,2266.627669700841,296.5332875588921,2146.5193517500365,324.633854649241,0.01351351351351382,37.619801980198645,0.20201628538193095,474.19153625039917,0.9502677280890015,1374.768316831683,474.19153625039917,839.9964356435644,1374.768316831683,2025-09-28
2025,9,3,0,40,0,2120.144554455446,2821.4851485148515,2933.448844884488,2459.394554455446,2337.8019801980195,2783.865346534653,2186.874917491749,2625.0261826182614,440.80955203856684,2481.4887238723873,329.15189959310084,2467.0267464246426,310.2544012051332,-701.3405940594057,-66.73036303630306,-0.24857142857142844,-0.030514028261314552,-1.0,-1.8369701987210297e-16,-1.0,-1.8369701987210297e-16,29,272,0,0,0,0,5,-0.9995462806873573,-0.03012030484690836,0.0,1.0,2821.4851485148515,2091.929702970297,2063.7148514851488,2792.2301181731073,2007.2851485148517,2050.972660491856,1997.1434046630472,2093.2732673267324,1840.5488118811877,1808.3960396039606,2443.0478547854786,317.219241352973,2426.7011551155115,303.24420946321385,2390.5987621988006,298.75772939645407,2394.007755775577,295.5415689315229,2372.08402571824,287.4689665719966,2365.62693659919,285.72914086611326,2364.033910477069,285.5905742534385,2268.1809793818093,295.01733813317674,2147.3853198468464,324.14482045875667,0.013487475915221703,28.214851485148756,-0.24069848661233972,-672.0855637176614,0.27760395784409186,460.67524752475265,-672.0855637176614,26.871287128713448,460.67524752475265,2025-09-29
2025,9,3,1,40,0,2242.1849834983495,2120.144554455446,2821.4851485148515,2933.448844884488,2459.394554455446,2091.929702970297,2306.452145214522,2394.6048954895487,374.69124542408974,2485.7433443344335,325.18512590272763,2461.6711496149615,313.8125026384781,122.04042904290372,-64.26716171617227,0.0575623151668776,-0.027864077669903176,-1.0,-1.8369701987210297e-16,-1.0,-1.8369701987210297e-16,30,273,0,1,0,1,5,-0.9999166586547379,-0.012910296075008843,0.7818314824680298,0.6234898018587336,2120.144554455446,2212.402640264026,2182.620297029703,2678.460555732993,2123.0556105610563,2163.268636218461,2110.56624081763,2095.743692111146,1940.106930693069,1765.8455445544555,2447.3024752475244,313.7913978055233,2430.9557755775577,299.95627689318695,2376.056243124312,294.8551331644939,2398.262376237624,292.3365862617398,2373.4932462053807,286.6188807633765,2367.1938263930083,284.6725133094533,2365.6610359369274,284.4597701556965,2269.859190786283,293.99808452991937,2148.708484955024,323.554705791208,0.013461538461538414,29.782343234323434,-0.1628829557713054,-436.2755722346433,0.4637412828176277,710.3671617161715,-436.2755722346433,146.44129138720336,710.3671617161715,2025-09-30
2025,10,4,2,40,0,2246.4396039603957,2242.1849834983495,2120.144554455446,2821.4851485148515,2933.448844884488,2212.402640264026,2426.477227722773,2202.92304730473,71.71983412989591,2470.5162816281627,335.4743754280979,2446.66801430143,319.89288437485965,4.254620462046205,-180.03762376237728,0.00189753320683117,-0.07419712070874906,-0.8660254037844386,0.5000000000000001,-2.4492935982947064e-16,1.0,1,274,1,0,1,0,1,-0.9999907397361901,0.004303538296243821,0.9749279121818236,-0.22252093395631434,2242.1849834983495,2216.6572607260723,2186.874917491749,2007.2851485148517,2127.3102310231025,2161.621686362185,2113.036665602044,2208.646438837432,2039.9337623762376,1872.2217821782176,2451.5570957095706,310.3256927631558,2435.2103960396043,296.63190240140204,2384.028058305831,287.6868984623754,2402.51699669967,289.09607463234295,2375.0078518767777,285.7015499048259,2368.78195661156,283.6076613922527,2366.0809599938493,284.25319877790264,2271.0064454617504,293.49833927585047,2149.7479789044187,323.2649550180678,0.013435700575815668,29.782343234323434,0.11914323962516704,239.15445544554404,0.40785802928766435,650.7960396039603,239.15445544554404,37.79316512296373,650.7960396039603,2025-10-01
2025,10,4,3,40,0,2379.409134461833,2246.4396039603957,2242.1849834983495,2120.144554455446,2821.4851485148515,2216.6572607260723,2894.2615511551157,2289.3445739735257,78.02720192845916,2457.1853782958938,337.5872700182633,2403.7636462436567,287.26617326305353,132.96953050143748,-514.8524166932825,0.059191233215002415,-0.1778873151556749,-0.8660254037844386,0.5000000000000001,-2.4492935982947064e-16,1.0,2,275,0,0,0,0,1,-0.9997685019798909,0.021516097436222233,0.43388373911755823,-0.900968867902419,2246.4396039603957,2337.8019801980195,2306.452145214522,2123.0556105610563,2243.7524752475247,2273.657617374641,2226.849568827851,2321.809230277867,2431.8514851485143,2233.90099009901,2457.500974890116,308.17473605157943,2440.421609557269,294.8312699962911,2392.5731757691897,283.44390309571327,2407.3618773858952,287.46897736834643,2376.896271824763,285.3687712089376,2370.598141916726,283.1759515731664,2366.720958929226,284.2172416604979,2270.7150990690466,293.36377964848117,2150.1521681943154,323.46137475697566,0.017797552836485098,41.607154263813754,0.12074743714934111,256.35352390077696,0.39799145209329123,677.3893324816352,256.35352390077696,57.59990418396637,677.3893324816352,2025-10-02
2025,10,4,4,40,0,2513.8522516767803,2379.409134461833,2246.4396039603957,2242.1849834983495,2120.144554455446,2337.8019801980195,2783.865346534653,2379.900330033003,133.70700054406396,2387.252612761276,251.74054864156528,2381.2625550055004,264.4560466165144,134.44311721494705,-270.0130948578726,0.056502732240437004,-0.09699215344376622,-0.8660254037844386,0.5000000000000001,-2.4492935982947064e-16,1.0,3,276,0,0,0,0,1,-0.9992500112396835,0.03872228089217399,-0.433883739117558,-0.9009688679024191,2379.409134461833,2459.394554455446,2426.477227722773,2127.3102310231025,2360.642574257426,2385.5201852443315,2340.922516767806,2767.3091664005105,2337.8019801980195,2531.7544554455444,2465.280645921735,308.91698599709053,2446.6626826968413,295.437551709508,2405.457909790979,279.73119074144023,2412.8336515794435,288.0043934465028,2379.1879158681995,285.95396749986867,2372.656829237071,283.58591294180695,2363.9047709878514,281.44556868360314,2271.6931561328174,293.88170603735216,2150.1024398505133,323.4039155433362,0.02214272497378622,54.457697221334456,0.18170458404074674,386.5420206536778,0.44095784271740324,769.2819546470773,386.5420206536778,-253.45691472373028,769.2819546470773,2025-10-03
2025,10,4,5,40,1,3011.101085915043,2513.8522516767803,2379.409134461833,2246.4396039603957,2242.1849834983495,2459.394554455446,2091.929702970297,2634.787490684552,332.75768872874016,2418.8552689946414,319.84470425975826,2457.860170250896,303.2975955796669,497.2488342382626,919.1713829447458,0.19780352401641332,0.4393892307373566,-0.8660254037844386,0.5000000000000001,-2.4492935982947064e-16,1.0,4,277,0,0,0,0,1,-0.9984354211555643,0.05591699010060302,-0.9749279121818236,-0.2225209339563146,2513.8522516767803,2933.448844884488,2894.2615511551157,2243.7524752475247,2815.88696369637,2837.737943149154,2790.063078888534,2659.7373363142765,1755.769900990099,1646.4356435643563,2476.3738232118144,329.2555505841666,2455.008363751122,310.329151432197,2431.0361968132293,298.8636051116752,2419.8055845158246,300.22628861940416,2382.283686274733,291.8854497779038,2375.288234082625,288.48883302466425,2367.8088126500825,287.9569168061012,2278.6672182712896,296.4537925728015,2153.8931771903763,325.47504847675816,0.026471312484609655,77.6522410305547,0.34199343248985903,767.3486106675182,0.6650672861319,1202.7050463110822,767.3486106675182,351.36374960076637,1202.7050463110822,2025-10-04
2025,10,4,6,40,1,2908.340083040562,3011.101085915043,2513.8522516767803,2379.409134461833,2246.4396039603957,2933.448844884488,2212.402640264026,2811.0978068774616,262.4998018910975,2550.221190425494,334.16416161397376,2515.8549571489407,318.26314947340086,-102.76100287448071,695.937442776536,-0.03412738395106141,0.3145618388402771,-0.8660254037844386,0.5000000000000001,-2.4492935982947064e-16,1.0,5,278,0,0,0,0,1,-0.9973249731081555,0.07309512989807776,-0.7818314824680299,0.6234898018587334,3011.101085915043,2821.4851485148515,2783.865346534653,2360.642574257426,2708.6257425742574,2722.1480677099967,2681.5810923027784,1997.1434046630472,1855.8654455445544,1492.7683168316833,2488.781671001201,345.65653605700436,2463.8994163586863,322.0380281091999,2449.292780439334,310.90129444226204,2426.9382395324787,309.5690934225497,2385.6085436913504,296.8455319604792,2377.9877458771225,292.4235824972819,2377.93322018761,290.7828146518409,2284.5142995907117,298.4406496608344,2157.825320985401,326.01607356082445,0.030783410138248923,86.85493452571063,0.2320120439899387,547.6975087831361,0.6469957364104413,1142.4945384861066,547.6975087831361,911.1966783775149,1142.4945384861066,2025-10-05
2025,10,4,0,41,0,2194.517342702012,2908.340083040562,3011.101085915043,2513.8522516767803,2379.409134461833,2821.4851485148515,2216.6572607260723,2704.6528372192056,444.76805528575306,2542.276583626104,343.39151311000575,2514.009963980269,320.21349530873283,-713.8227403385504,-22.139918024060535,-0.2454399141630903,-0.009987975324975862,-0.8660254037844386,0.5000000000000001,-2.4492935982947064e-16,1.0,6,279,0,0,0,0,1,-0.9959189961471792,0.0902516100310407,0.0,1.0,2908.340083040562,2120.144554455446,2091.929702970297,2815.88696369637,2035.5,2040.050782497605,2013.5262216544236,2110.56624081763,1858.4182178217816,1712.2930693069306,2499.4063550364253,333.36132282950604,2471.2271049109518,313.9896977469739,2428.5804597395227,306.30039646160446,2432.6174303432645,303.52156097373387,2388.366875123572,294.28277842533976,2380.14240208007,290.3653285794241,2378.866010208548,290.04922877637784,2286.3815169511577,296.8067956544838,2159.1648328559427,325.16996957203025,0.0350791119833187,74.37278824656596,-0.22066568331943848,-621.3696209943582,0.17214603717985955,322.29556052379417,-621.3696209943582,83.95110188438184,322.29556052379417,2025-10-06
2025,10,4,1,41,0,2330.4340466304693,2194.517342702012,2908.340083040562,3011.101085915043,2513.8522516767803,2120.144554455446,2337.8019801980195,2477.7638241243476,379.03202194327577,2556.2756574044497,330.38479199957277,2513.395969516306,320.5889251713857,135.91670392845754,-7.367933567550153,0.061934668404629356,-0.00315164998146078,-0.8660254037844386,0.5000000000000001,-2.4492935982947064e-16,1.0,7,280,0,0,0,0,1,-0.994217906893952,0.10738134666416306,0.7818314824680298,0.6234898018587336,2194.517342702012,2242.1849834983495,2212.402640264026,2708.6257425742574,2152.8379537953792,2151.739987224529,2127.859214308528,2113.036665602044,1958.916831683168,1580.5782178217821,2512.0133640552995,323.53641723128175,2479.6579196514117,308.03363635332005,2415.974069874729,302.1313815218665,2438.9601479445178,299.2844906882273,2391.5578404701073,292.63452770446366,2382.5540072267595,289.08317014494344,2381.281536664419,288.71269282105135,2288.4455014786427,295.80697065479745,2161.2477657137447,323.85240518770973,0.039358511354594006,88.24906313211977,-0.13962493599590375,-378.1916959437881,0.04321277306349236,96.53305653145935,-378.1916959437881,217.39738102842512,96.53305653145935,2025-10-07
2025,10,4,2,41,0,2344.433120408815,2330.4340466304693,2194.517342702012,2908.340083040562,3011.101085915043,2242.1849834983495,2459.394554455446,2289.7948365804314,82.80908251199595,2550.446321728947,334.4135644795033,2503.8158500124205,324.04836839322576,13.999073778345519,-114.96143404663098,0.0060070671378091856,-0.046743794662131966,-0.8660254037844386,0.5000000000000001,-2.4492935982947064e-16,1.0,8,281,0,0,0,0,2,-0.9922222094179324,0.12447926388678869,0.9749279121818236,-0.22252093395631434,2330.4340466304693,2246.4396039603957,2216.6572607260723,2035.5,2157.092574257426,2150.093037368253,2130.3296390929413,2226.849568827851,2059.6841584158415,1646.4356435643563,2526.0124378336445,312.0461443419956,2488.784766771608,301.4645767714299,2426.271840555023,293.86802377251644,2445.6508817356394,294.81036943493007,2395.028199095831,290.8659245202201,2385.102858194806,287.7734201355995,2382.5880205708745,288.2717125477775,2290.027440156381,295.3377778537942,2163.186647593868,322.84955387319707,0.04362170087976547,97.99351644841909,0.15177259661450004,308.93312040881483,-0.07398874509090747,-187.32133503672958,308.93312040881483,117.58355158096401,-187.32133503672958,2025-10-08
2025,10,4,3,41,0,2482.560204407537,2344.433120408815,2330.4340466304693,2194.517342702012,2908.340083040562,2246.4396039603957,2933.448844884488,2385.809123815607,84.08074817366952,2545.2309805174064,335.34112804656434,2466.241796639341,294.49592897111705,138.12708399872236,-450.88864047695097,0.05891705026528382,-0.1537059837478454,-0.8660254037844386,0.5000000000000001,-2.4492935982947064e-16,1.0,9,282,0,0,0,0,2,-0.989932495087353,0.141540295217043,0.43388373911755823,-0.900968867902419,2344.433120408815,2379.409134461833,2337.8019801980195,2152.8379537953792,2275.1023102310232,2261.5221973810285,2245.052698818269,2340.922516767806,2455.3638613861385,1756.1980198019803,2540.7483049687457,306.35282620992734,2499.124639929431,298.3541707024269,2437.262582242095,289.42108947027776,2453.060092241943,292.96653453558946,2398.975306364162,290.52084172837635,2387.93032849944,287.5475083366915,2384.16177265576,288.42827012097433,2290.1785309509446,295.42977656697144,2165.204320328884,322.56856811195104,0.043351548269580986,103.15106994570397,0.15315702235315443,329.72225061215795,0.5078392004640164,836.1245608431809,329.72225061215795,141.6376876397312,836.1245608431809,2025-10-09
2025,10,4,4,41,0,2622.16087511977,2482.560204407537,2344.433120408815,2330.4340466304693,2194.517342702012,2379.409134461833,2821.4851485148515,2483.0513999787067,138.8645289086297,2480.4076120515274,255.31909438287585,2449.631440523084,277.7848164586961,139.60067071223284,-199.3242733950815,0.05623254189944138,-0.07064516129032261,-0.8660254037844386,0.5000000000000001,-2.4492935982947064e-16,1.0,10,283,0,0,0,0,2,-0.9873494423939864,0.15855938510313475,-0.433883739117558,-0.9009688679024191,2482.560204407537,2513.8522516767803,2459.394554455446,2157.092574257426,2393.559900990099,2372.7779942510383,2360.035803257745,2790.063078888534,2360.3738613861383,1800.1029702970297,2556.2209654606013,307.5009786157592,2510.7508056911684,299.85443039216165,2452.7648589375067,286.33564652931284,2461.224412746574,294.4286350085425,2403.42857209396,292.01944835677944,2391.050865069226,288.6613087335817,2382.2961926138855,286.3085793220763,2291.6329032494646,296.4199885693251,2167.487814508947,322.88633813324753,0.04308472121650997,108.30862344298976,0.21559960217397856,465.06830086234413,0.7565759170754367,1129.3925582880868,465.06830086234413,-167.90220376876414,1129.3925582880868,2025-10-10
2025,10,4,5,41,1,3140.0399233471735,2622.16087511977,2482.560204407537,2344.433120408815,2330.4340466304693,2513.8522516767803,2120.144554455446,2748.253667624826,346.4021354517468,2519.0242521026294,337.3367210452771,2534.622721264062,320.543359461841,517.8790482274035,1019.8953688917277,0.19750086775425202,0.48104992027474536,-0.8660254037844386,0.5000000000000001,-2.4492935982947064e-16,1.0,11,284,0,0,0,0,2,-0.9844738167520923,0.17553149042142777,-0.9749279121818236,-0.2225209339563146,2622.16087511977,3011.101085915043,2933.448844884488,2275.1023102310232,2855.0742574257424,2822.5686681571387,2812.8169913765573,2681.5810923027784,1772.698811881188,1865.9603960396041,2574.6407993794774,341.29526091294747,2525.5073112956456,326.18393010819113,2481.596112708045,310.36690016675095,2471.401757958054,312.8929868757919,2409.0977016509255,303.17300128695877,2394.946376164114,296.52256440724574,2387.3901796254895,295.62028403760104,2299.2292427576094,300.53877147750535,2171.0269243070234,326.53402938662657,0.04282115869017633,128.93883743213064,0.3801752603505206,864.9376131161503,0.8338215458748186,1427.7468540402429,864.9376131161503,458.4588310443951,1427.7468540402429,2025-10-11
2025,10,4,6,41,1,3032.1213669754065,3140.0399233471735,2622.16087511977,2482.560204407537,2344.433120408815,3011.101085915043,2242.1849834983495,2931.4407218141164,273.22540398140666,2658.624922814862,349.2890345516417,2600.450753220483,335.7777420700047,-107.91855637176695,789.936383477057,-0.03436853002070417,0.35230651765607934,-0.8660254037844386,0.5000000000000001,-2.4492935982947064e-16,1.0,12,285,0,0,0,0,2,-0.9813064702716093,0.19245158197082995,-0.7818314824680299,0.6234898018587334,3140.0399233471735,2908.340083040562,2821.4851485148515,2393.559900990099,2746.245544554455,2707.5855637176624,2703.4248482912813,2013.5262216544236,1873.7348514851485,1822.0554455445545,2592.3238399415973,363.9228762336747,2540.5527554713995,345.190386399228,2502.881494907555,325.641882049927,2481.611608758802,326.5591204363811,2414.8929838519566,311.95703335272395,2398.859429957973,302.74595067203086,2398.7079034623894,300.6025077845017,2305.6647233992217,303.7617655775591,2174.3882185332204,329.1494091039964,0.04256080114449179,123.7812839348444,0.26678315663675933,638.5614659853077,0.9183621112747062,1451.5431491536244,638.5614659853077,1018.595145320983,1451.5431491536244,2025-10-12
2025,10,4,0,42,0,2287.353305653146,3032.1213669754065,3140.0399233471735,2622.16087511977,2482.560204407537,2908.340083040562,2246.4396039603957,2819.838198658575,464.29163750986976,2651.4447993186413,357.72564508258574,2603.860228361546,332.0432935066011,-744.7680613222606,40.91370169275024,-0.24562607204116615,0.018212687143077888,-0.8660254037844386,0.5000000000000001,-2.4492935982947064e-16,1.0,13,286,0,0,0,0,2,-0.9778483415056568,0.20931464596304888,0.0,1.0,3032.1213669754065,2194.517342702012,2120.144554455446,2855.0742574257424,2063.7148514851488,2029.1289045033536,2029.9090386458,2127.859214308528,1876.2876237623757,1931.817821782178,2605.586120363188,348.36880841081637,2552.496237699807,332.172694701724,2483.957463181802,320.9310546914653,2489.598696407659,318.5973637701899,2419.504133872488,308.03503990025985,2401.9242426604415,300.2588118518384,2400.480060032885,299.45576870623705,2307.948421631948,302.05606878009536,2175.3758170995284,328.95288551297006,0.042303590472805075,92.8359629511342,-0.1988462998102466,-567.7209517725964,0.3892758666845135,640.9176620887897,-567.7209517725964,159.49409134461803,640.9176620887897,2025-10-13
2025,10,4,1,42,0,2428.4275630788884,2287.353305653146,3032.1213669754065,3140.0399233471735,2622.16087511977,2194.517342702012,2379.409134461833,2582.634078569147,395.60662703772635,2665.443873096987,344.71520361650374,2607.945097412967,329.32138613480066,141.07425742574242,49.01842861705518,0.06167576170986799,0.020601092896174844,-0.8660254037844386,0.5000000000000001,-2.4492935982947064e-16,1.0,14,287,0,0,0,0,2,-0.9741004551724206,0.22611568550828803,0.7818314824680298,0.6234898018587336,2287.353305653146,2330.4340466304693,2242.1849834983495,2746.245544554455,2182.620297029703,2140.2113382305974,2145.152187799425,2130.3296390929413,1977.726732673267,2305.0099009900987,2619.585194141534,337.26093565529516,2565.7992790984167,322.3740609390123,2473.3635304659497,317.19824672079073,2498.377527337987,313.1656664210553,2424.6508521733513,305.682515440205,2405.2965685566255,298.9279969476893,2403.7922591882843,298.0795622414507,2310.452315134202,301.1701466777987,2175.718643938664,329.1526142213213,0.0420494699646643,97.99351644841909,-0.11572817372640609,-317.81798147556674,0.3827754818632043,672.2295432769081,-317.81798147556674,298.0979239859471,672.2295432769081,2025-10-14
2025,10,4,2,42,0,2442.4266368572335,2428.4275630788884,2287.353305653146,3032.1213669754065,3140.0399233471735,2330.4340466304693,2513.8522516767803,2386.0691685297556,85.77651021269934,2658.7549451719365,349.33212244734233,2601.9929628446716,331.81266501640636,13.999073778345064,-71.42561481954681,0.005764665988470474,-0.028412813351263888,-0.8660254037844386,0.5000000000000001,-2.4492935982947064e-16,1.0,15,288,0,0,0,0,3,-0.970063921851507,0.2428497220959358,0.9749279121818236,-0.22252093395631434,2428.4275630788884,2344.433120408815,2246.4396039603957,2063.7148514851488,2186.874917491749,2138.5643883743214,2147.6226125838393,2245.052698818269,2079.4345544554453,2612.344554455445,2633.584267919879,325.7745397734424,2579.798352876762,311.5114551515437,2485.987256645019,307.7275665526292,2507.504374458183,307.42226235707847,2430.0769637534027,303.19872681456945,2408.8061402741655,297.593920971434,2405.985302944273,297.6242707185733,2312.4689378142116,300.82971709928194,2175.2466497231135,328.64620157456926,0.04179838426413762,97.99351644841863,0.18350974462365555,378.7117853720847,0.3568260689299434,642.3236665602037,378.7117853720847,197.3739380389643,642.3236665602037,2025-10-15
2025,10,4,3,42,0,2585.7112743532416,2442.4266368572335,2428.4275630788884,2287.353305653146,3032.1213669754065,2344.433120408815,3011.101085915043,2485.5218247631205,87.04848001856637,2652.6800117108482,350.4110391674817,2566.5438118811876,305.83893870166645,143.28463749600814,-425.38981156180125,0.0586648685097777,-0.14127383951061534,-0.8660254037844386,0.5000000000000001,-2.4492935982947064e-16,1.0,16,289,0,0,0,0,3,-0.965739937654855,0.25951179706979943,0.43388373911755823,-0.900968867902419,2442.4266368572335,2482.560204407537,2379.409134461833,2182.620297029703,2306.452145214522,2249.3867773874163,2263.2558288086875,2360.035803257745,2478.876237623762,1668.9356435643563,2648.32013505498,320.0879670442897,2594.5342200118625,306.13610721609723,2499.423622555804,302.7852710699765,2517.4779147845657,305.1798011449469,2436.0827583420787,302.88533492371096,2412.6448955782676,297.77347408450584,2408.4928081786675,298.18293469207157,2313.062465796042,301.26494418974846,2177.793248697527,328.26370555796484,0.041550279329608975,103.15106994570442,0.1846821354461421,403.0909773235385,0.38572677096537955,719.7508783136375,403.0909773235385,225.6754710954965,719.7508783136375,2025-10-16
2025,10,4,4,42,0,2730.46949856276,2585.7112743532416,2442.4266368572335,2428.4275630788884,2287.353305653146,2482.560204407537,2908.340083040562,2586.2024699244116,144.02205907323938,2584.418274246779,266.27542651811086,2551.7212631747043,291.75370451203884,144.75822420951818,-177.87058447780237,0.055983908816627626,-0.06115879828326176,-0.8660254037844386,0.5000000000000001,-2.4492935982947064e-16,1.0,17,290,0,0,0,0,3,-0.9611297838723007,0.27609697309746883,-0.433883739117558,-0.9009688679024191,2585.7112743532416,2622.16087511977,2513.8522516767803,2186.874917491749,2426.477227722773,2360.035803257745,2379.149089747685,2812.8169913765573,2382.945742574257,1513.1683168316833,2663.792795546836,321.22843075833646,2610.0068805037185,307.2168220380515,2517.543441924837,299.6857180846965,2528.3347816002797,307.2229907872192,2442.697645758239,305.230284819429,2416.8272813974945,299.7579671626602,2407.577836036292,297.0525275036333,2314.9931533293116,302.82483293212755,2181.1746408690024,327.66751119388954,0.04130510239500196,108.30862344298976,0.24857140969657765,543.5945810710109,0.4985655377499829,908.4140530182053,543.5945810710109,-82.34749281379754,908.4140530182053,2025-10-17
2025,10,4,5,42,1,3268.978760779304,2730.46949856276,2585.7112743532416,2442.4266368572335,2428.4275630788884,2622.16087511977,2194.517342702012,2861.7198445651015,360.0466698860721,2623.8945065474286,350.24213819012374,2641.2597146811454,333.9815632571204,538.5092622165444,1074.4614180772924,0.1972222222222222,0.48961172334794845,-0.8660254037844386,0.5000000000000001,-2.4492935982947064e-16,1.0,18,291,0,0,0,0,3,-0.9562348265919058,0.2926003356333479,-0.9749279121818236,-0.2225209339563146,2730.46949856276,3140.0399233471735,3011.101085915043,2306.452145214522,2894.2615511551157,2807.3993931651235,2835.57090386458,2703.4248482912813,1789.627722772277,1735.6930693069307,2682.2126294657114,355.00937127768685,2628.4267144225946,339.1829093683018,2549.627662443664,326.6205193303033,2541.717539086858,330.9949891932144,2450.9401344656358,321.07865154127325,2421.9868987417176,310.5869168182979,2413.86176839727,309.11817965734656,2323.211770207128,308.5081865036101,2185.4337677897593,331.7998807783859,0.04106280193236733,128.93883743213064,0.417319135609145,962.5266155647823,0.6921775562477948,1337.160938997126,962.5266155647823,565.5539124880229,1337.160938997126,2025-10-18
2025,10,4,6,42,1,3155.902650910252,3268.978760779304,2730.46949856276,2585.7112743532416,2442.4266368572335,3140.0399233471735,2330.4340466304693,3051.7836367507716,283.9518149359328,2768.6527307569468,362.59917311852666,2710.048765037794,348.8216638726987,-113.07610986905229,825.4686042797825,-0.034590652966523305,0.35421238608889705,-0.8660254037844386,0.5000000000000001,-2.4492935982947064e-16,1.0,19,292,0,0,0,0,3,-0.9510565162951536,0.30901699437494723,-0.7818314824680299,0.6234898018587334,3268.978760779304,3032.1213669754065,2908.340083040562,2426.477227722773,2783.865346534653,2693.0230597253276,2725.268604279783,2029.9090386458,1891.6042574257424,1602.178217821782,2699.8956700278322,377.70076439242234,2646.109754984715,360.67109551408214,2573.9418432165794,343.83315401758796,2555.0045856717006,348.1007703959384,2459.2058414510802,333.15501458781205,2427.113494534937,319.090880702966,2426.3728085335415,316.1109885781405,2330.235650170931,312.9865658456801,2189.749668992782,334.28776760162737,0.04082332761578056,123.7812839348453,0.3006108670024643,729.4254231874788,0.3691492819855824,850.8927499201532,729.4254231874788,1125.993612264452,850.8927499201532,2025-10-19
2025,10,4,0,43,0,2380.1892686042797,3155.902650910252,3268.978760779304,2730.46949856276,2585.7112743532416,3032.1213669754065,2344.433120408815,2935.023560097945,483.81542959969744,2760.6130150111785,372.0628108966639,2713.0284440540827,345.55199990233336,-775.7133823059721,35.7561481954649,-0.2457976268951878,0.015251511286118458,-0.8660254037844386,0.5000000000000001,-2.4492935982947064e-16,1.0,20,293,0,0,0,0,3,-0.9455963874271428,0.3253420847119795,0.0,1.0,3155.902650910252,2287.353305653146,2194.517342702012,2894.2615511551157,2091.929702970297,2018.207026509103,2046.2918556371772,2145.152187799425,1894.15702970297,1668.9356435643563,2713.1579504494225,362.1088622383229,2659.3720354063053,345.8993710836714,2556.806100464885,340.1086150413133,2565.2995701586287,338.0147033725391,2465.669810059923,327.9134677466451,2431.0884637369268,316.3577682022838,2428.9843316535957,314.7294550496445,2332.9358292759384,311.2954021831551,2191.725373506782,333.3014504537012,0.0405866302864939,92.83596295113375,-0.17761777001310297,-514.072282550836,-0.08886855505152125,-232.15528585116544,-514.072282550836,235.03708080485467,-232.15528585116544,2025-10-20
2025,10,4,1,43,0,2526.4210795273075,2380.1892686042797,3155.902650910252,3268.978760779304,2730.46949856276,2287.353305653146,2482.560204407537,2687.5043330139465,412.1816029222133,2774.6120887895245,359.0490560535371,2716.68351698073,343.1159908986763,146.23181092302775,43.8608751197703,0.06143705160420998,0.017667597765363308,-0.8660254037844386,0.5000000000000001,-2.4492935982947064e-16,1.0,21,294,0,0,0,0,3,-0.9398560579418953,0.341570769167856,0.7818314824680298,0.6234898018587336,2380.1892686042797,2428.4275630788884,2330.4340466304693,2783.865346534653,2212.402640264026,2128.6826892366653,2162.445161290322,2147.6226125838393,1996.536633663366,1780.1980198019803,2727.157024227769,350.99012703879197,2673.3711091846512,335.36833862591226,2548.2246248979736,337.4192280009895,2576.5145144180315,331.00911738616094,2472.772281315113,324.77415369024106,2435.421510382605,315.1241421414622,2433.193203508523,313.45478407368245,2335.8796317529604,310.6011144058546,2193.7982153393527,333.0553178657897,0.04035266191929465,97.99351644841909,-0.09247726989662453,-257.4442670073454,0.5137917925532551,857.4854359629512,-257.4442670073454,378.79846694346816,857.4854359629512,2025-10-21
2025,10,4,2,43,0,2540.420153305653,2526.4210795273075,2380.1892686042797,3155.902650910252,3268.978760779304,2428.4275630788884,2622.16087511977,2482.3435004790795,88.74462707179654,2767.0635686149258,364.2530953265086,2709.8717901628875,345.96267052924185,13.999073778345519,-81.74072181411702,0.005541069100391205,-0.03117303846217423,-0.8660254037844386,0.5000000000000001,-2.4492935982947064e-16,1.0,22,295,0,0,0,0,4,-0.9338372288229252,0.35769823883312546,0.9749279121818236,-0.22252093395631434,2526.4210795273075,2442.4266368572335,2344.433120408815,2091.929702970297,2216.6572607260723,2127.0357393803897,2164.915586074737,2263.2558288086875,2099.184950495049,1824.7029702970297,2741.156098006114,339.5074527103667,2687.3701829629968,324.49571675035975,2563.1743065758187,326.25626651931316,2588.0774748673025,323.5435667470694,2480.1541458494926,321.4539336485888,2439.89180284964,313.9016098709446,2436.272807114045,313.127798133898,2338.330938435241,310.4637656092977,2195.7863186254876,332.98209784266925,0.04012137559002049,97.99351644841954,0.21439078459402894,448.49045033535594,0.6788747986905119,1027.2518364739697,448.49045033535594,277.1643244969655,1027.2518364739697,2025-10-22
2025,10,4,3,43,0,2688.862344298946,2540.420153305653,2526.4210795273075,2380.1892686042797,3155.902650910252,2442.4266368572335,3140.0399233471735,2585.2345257106354,90.01687122808382,2760.1290429042906,365.4830685312959,2672.2736585755347,318.38016204458705,148.44219099329302,-451.17757904822747,0.058432141943188576,-0.1436853002070394,-0.8660254037844386,0.5000000000000001,-2.4492935982947064e-16,1.0,23,296,0,0,0,0,4,-0.9275416835791965,0.3737197147904692,0.43388373911755823,-0.900968867902419,2540.420153305653,2585.7112743532416,2482.560204407537,2212.402640264026,2337.8019801980195,2237.251357393804,2281.458958799106,2379.149089747685,2502.3886138613857,1891.4603960396041,2755.8919651412143,333.8271473108106,2702.1060500980975,319.11924112948105,2579.056296710316,320.1314915441984,2600.6153450137635,320.2713020161331,2488.218627758513,320.91375417491224,2444.7418431532096,314.5708447416127,2439.7140654979476,314.1930121503896,2339.366903604339,311.3241800654179,2198.001324037319,333.60366401364655,0.039892725444183874,103.15106994570442,0.21535849549431907,476.4597040349199,0.5491577352282795,953.1692749920153,476.4597040349199,309.7132545512609,953.1692749920153,2025-10-23
2025,10,4,4,43,0,2838.778122005749,2688.862344298946,2540.420153305653,2526.4210795273075,2380.1892686042797,2585.7112743532416,3032.1213669754065,2689.3535398701156,149.1795908511971,2688.4289364420315,277.23693028782844,2656.16172149473,303.0366662967174,149.91577770680306,-193.34324496965746,0.05575435203094781,-0.06376500857632905,-0.8660254037844386,0.5000000000000001,-2.4492935982947064e-16,1.0,24,297,0,0,0,0,4,-0.9209712877166346,0.38963044953078774,-0.433883739117558,-0.9009688679024191,2688.862344298946,2730.46949856276,2622.16087511977,2216.6572607260723,2459.394554455446,2347.2936122644523,2398.2623762376243,2835.57090386458,2405.517623762376,1846.9554455445545,2771.36462563307,334.9605390500022,2717.578710589953,320.1944781495718,2599.793658752972,315.96934618828504,2614.16475814056,322.09544583441516,2496.995136861036,323.69819416370393,2449.9860782218775,317.4454480805378,2439.749701255072,314.238593262558,2341.773906372358,313.5057149318155,2200.7563870274894,334.78984980859224,0.03966666666666652,108.3086234429893,0.2806572185525422,622.1208612796768,0.7718241893621349,1236.599904183967,622.1208612796768,3.207218141169051,1236.599904183967,2025-10-24
2025,10,4,5,43,1,3397.917598211434,2838.778122005749,2688.862344298946,2540.420153305653,2526.4210795273075,2730.46949856276,2287.353305653146,2975.186021505376,373.6912824239455,2728.7647609922283,363.14795678479237,2748.708745874587,346.61298101798286,559.1394762056848,1110.564292558288,0.19696483915784957,0.4855237229043503,-0.8660254037844386,0.5000000000000001,-2.4492935982947064e-16,1.0,25,298,0,0,0,0,4,-0.9141279881853337,0.4054257283599973,-0.9749279121818236,-0.2225209339563146,2838.778122005749,3268.978760779304,3140.0399233471735,2337.8019801980195,2933.448844884488,2792.2301181731073,2852.9072181411693,2725.268604279783,1806.5566336633665,1958.2178217821781,2789.784459551946,368.72870431214176,2735.998544508828,352.18614086986895,2635.1308460200858,343.72015898938906,2630.7529279022374,349.90736117278675,2507.8109847188634,343.2697114331845,2456.4742970322377,331.05775008682065,2447.2235789654233,328.7689311772588,2350.6148006198473,320.6842986663926,2204.755553073126,340.43580066527966,0.03944315545243593,128.93883743212973,0.45346681497960706,1060.1156180134144,1.0359788056024017,1728.9819546470776,1060.1156180134144,672.6489939316507,1728.9819546470776,2025-10-25
2025,10,4,6,43,1,3279.683934845097,3397.917598211434,2838.778122005749,2688.862344298946,2540.420153305653,3268.978760779304,2428.4275630788884,3172.1265516874264,294.67894642591705,2878.680538699031,375.9097797018477,2819.6467768551047,361.8782202354362,-118.23366336633671,851.2563717662088,-0.03479591836734697,0.35053809498313426,-0.8660254037844386,0.5000000000000001,-2.4492935982947064e-16,1.0,26,299,0,0,0,0,4,-0.9070138128026362,0.42110087079608916,-0.7818314824680299,0.6234898018587334,3397.917598211434,3155.902650910252,3032.1213669754065,2459.394554455446,2821.4851485148515,2678.460555732993,2736.710571702332,2046.2918556371772,1909.4736633663365,2336.5099009900987,2807.4675001140668,391.47909281906794,2753.6815850709495,373.7526362573116,2662.4738253664077,361.429115849558,2647.117170271175,369.33292988735366,2518.5471164887226,357.7984952185492,2462.9382656410803,341.7243373721777,2460.927935401067,337.46016081509117,2358.22707990584,326.3665777037011,2207.375480944945,345.05054577162593,0.03922214897824672,123.7812839348453,0.3335330554845757,820.2893803896513,0.8423141124546984,1499.4859150431168,820.2893803896513,1233.39207920792,1499.4859150431168,2025-10-26
2025,10,4,0,44,0,2473.025231555414,3279.683934845097,3397.917598211434,2838.778122005749,2688.862344298946,3155.902650910252,2442.4266368572335,3050.2089215373144,503.33940713409316,2869.781230703715,386.4026728475135,2822.19665974662,359.07554888797955,-806.6587032896832,30.598594698180477,-0.24595623215984763,0.01252794832664983,-0.8660254037844386,0.5000000000000001,-2.4492935982947064e-16,1.0,27,300,0,0,0,0,4,-0.8996308696522434,0.4366512319560638,0.0,1.0,3279.683934845097,2380.1892686042797,2287.353305653146,2933.448844884488,2120.144554455446,2007.2851485148517,2050.972660491856,2162.445161290322,1912.026435643564,2648.0445544554455,2820.729780535657,375.85214468575793,2766.9438654925398,358.93291872275984,2647.1263715887712,359.2951023256338,2659.7200515961736,356.48201376312466,2526.863903685876,351.0477034635744,2467.9627010108843,338.6833809412862,2464.378825070679,335.95822461008447,2361.343739883128,324.7564258094462,2206.889316159112,344.5508645645361,0.03900360537528691,92.8359629511342,-0.15695641467618793,-460.4236133290742,0.3553029023418801,648.3222612583843,-460.4236133290742,310.58007026509176,648.3222612583843,2025-10-27
2025,10,4,1,44,0,2624.4145959757266,2473.025231555414,3279.683934845097,3397.917598211434,2838.778122005749,2380.1892686042797,2585.7112743532416,2792.3745874587453,428.75690659449634,2883.780304482061,373.38595304363787,2825.4219365484932,356.92567678346455,151.38936442031263,38.703321622484964,0.06121626358219401,0.014968152866242201,-0.8660254037844386,0.5000000000000001,-2.4492935982947064e-16,1.0,28,301,0,0,0,0,4,-0.8919813464595487,0.45207220393230374,0.7818314824680298,0.6234898018587336,2473.025231555414,2526.4210795273075,2428.4275630788884,2821.4851485148515,2242.1849834983495,2123.0556105610563,2163.268636218461,2164.915586074737,2015.3465346534651,1648.3663366336632,2834.728854314003,364.72346367312326,2780.9429392708853,348.38137707369987,2640.5573531708005,357.7957627624198,2673.3711091846512,347.09576058006763,2535.816742711137,346.93104815503443,2473.452533865138,337.42006653108666,2469.4843696251346,334.8458118515515,2364.7274513349184,324.3039565116847,2209.6005613239513,343.98340478778243,0.03878748370273799,97.99351644841909,-0.06984639016897087,-197.07055253912495,0.3875070297378702,732.9541999361224,-197.07055253912495,459.4990099009897,732.9541999361224,2025-10-28
2025,10,4,2,44,0,2638.413669754072,2624.4145959757266,2473.025231555414,3279.683934845097,3397.917598211434,2526.4210795273075,2730.46949856276,2578.617832428404,91.71336617966796,2875.3721920579155,379.17619802938543,2817.750617481103,360.1269047730878,13.999073778345519,-92.05582880868769,0.005334170065892652,-0.03371428571428581,-0.8660254037844386,0.5000000000000001,-2.4492935982947064e-16,1.0,29,302,0,0,0,0,5,-0.8840675099433637,0.46735921715800205,0.9749279121818236,-0.22252093395631434,2624.4145959757266,2540.420153305653,2442.4266368572335,2120.144554455446,2246.4396039603957,2127.3102310231025,2161.621686362185,2281.458958799106,2120.6646438837433,1494.5188118811882,2848.727928092348,353.24435627842126,2794.9420130492313,337.5001150232331,2657.8329903474214,344.0498216120694,2687.3701829629968,336.9966396081471,2544.9435898313336,342.6858398529984,2479.128628905517,336.11903352665513,2473.4505330801894,334.70766532429445,2367.603834811976,324.4232123629652,2212.7780470402645,342.6402048317984,0.03857374392220425,97.99351644841909,0.24444989574389786,518.2691152986263,0.428520474664815,791.4582242095175,518.2691152986263,356.95471095496623,791.4582242095175,2025-10-29
2025,10,4,3,44,0,2792.0134142446504,2638.413669754072,2624.4145959757266,2473.025231555414,3279.683934845097,2540.420153305653,3268.978760779304,2684.9472266581492,92.98585865546916,2867.578074097732,380.55696445787817,2778.0035052698818,330.93570291913596,153.59974449057836,-476.9653465346537,0.05821670280570346,-0.14590652966523043,-0.8660254037844386,0.5000000000000001,-2.4492935982947064e-16,1.0,30,303,0,0,0,0,5,-0.8758917051442433,0.48250774176121763,0.43388373911755823,-0.900968867902419,2638.413669754072,2688.862344298946,2585.7112743532416,2242.1849834983495,2379.409134461833,2243.7524752475247,2273.657617374641,2398.2623762376243,2530.0183647396993,1714.3009900990098,2863.4637952274493,347.5698879825345,2809.677880184332,332.1229259315808,2676.160604705632,335.68777518779115,2702.106050098097,332.0158387847733,2554.7339637419964,341.75501318407277,2485.299531249208,337.0582913964267,2477.825544613601,336.28350589811913,2369.059362864781,325.7410029481766,2215.7716926628914,342.98069666180305,0.03836234687298523,103.15106994570442,0.24521992377651003,549.8284307463009,0.42579307735215743,833.7955924624723,549.8284307463009,393.7510380070262,833.7955924624723,2025-10-30
2025,10,4,4,44,0,2947.0867454487384,2792.0134142446504,2638.413669754072,2624.4145959757266,2473.025231555414,2688.862344298946,3155.902650910252,2792.50460981582,154.3371240807585,2792.4395986372833,288.2030155993191,2760.602179814756,314.3319811969109,155.07333120408794,-208.81590546151347,0.05554175721825505,-0.06616677653263003,-0.8660254037844386,0.5000000000000001,-2.4492935982947064e-16,1.0,31,304,0,1,0,0,5,-0.867456354729597,0.4975132889071803,-0.433883739117558,-0.9009688679024191,2792.0134142446504,2838.778122005749,2730.46949856276,2246.4396039603957,2513.8522516767803,2360.642574257426,2385.5201852443315,2852.9072181411693,2434.0185244330883,1582.4316831683168,2878.936455719305,348.6967533965055,2825.150540676187,333.1930459725441,2699.5155094219094,329.0676210736261,2717.578710589953,333.01121784829706,2565.206181084698,344.672038162905,2491.9848474421174,340.60586491165856,2478.8719838059073,337.607716207733,2371.9097418704237,328.5453167450258,2219.562401169226,343.5022243614381,0.03815325424815641,108.3086234429893,0.3118922673252047,700.6471414883426,0.2613200330115901,610.5768444586397,700.6471414883426,94.17952730756906,610.5768444586397,2025-10-31
2025,11,4,5,44,1,3526.8564356435645,2947.0867454487384,2792.0134142446504,2638.413669754072,2624.4145959757266,2838.778122005749,2380.1892686042797,3088.652198445651,387.33596481134913,2833.635015437028,376.0541354971636,2856.157777068029,359.25575518865696,579.7696901948261,1146.6671670392848,0.19672637430512663,0.48175461597290514,-0.5000000000000004,0.8660254037844384,-2.4492935982947064e-16,1.0,1,305,1,0,0,0,1,-0.858763958275803,0.5123714121284235,-0.9749279121818236,-0.2225209339563146,2947.0867454487384,3397.917598211434,3268.978760779304,2379.409134461833,3011.101085915043,2815.88696369637,2837.737943149154,2736.710571702332,1829.4145640370489,1648.3663366336632,2897.3562896381804,382.45269797431723,2843.5703745950627,365.2066313564764,2737.7637527946345,356.14877515127534,2735.998544508828,362.7814180340989,2577.902064512327,366.47804686356403,2500.188639019432,356.94125767946514,2487.6513822941433,354.2515769918637,2381.33997449046,337.1356181416675,2224.780429222031,349.02457427233514,0.0379464285714286,128.93883743213064,0.4822404371584701,1147.4473011817313,0.3318720146568084,878.8118811881191,1147.4473011817313,790.1458639412326,878.8118811881191,2025-11-01
2025,11,4,6,44,1,3400.830099009901,3526.8564356435645,2947.0867454487384,2792.0134142446504,2638.413669754072,3397.917598211434,2526.4210795273075,3291.591093367401,304.93129338012295,2988.269160012775,388.66028835183226,2929.025195358245,374.64375743109764,-126.0263366336635,874.4090194825935,-0.035733333333333395,0.34610581211830094,-0.5000000000000004,0.8660254037844384,-2.4492935982947064e-16,1.0,2,306,0,0,0,0,1,-0.8498170915275277,0.5270777086423724,-0.7818314824680299,0.6234898018587334,3526.8564356435645,3279.683934845097,3155.902650910252,2513.8522516767803,2908.340083040562,2708.6257425742574,2722.1480677099967,2050.972660491856,1935.1660811242411,1758.2574257425742,2914.662884518867,404.72937830445477,2861.0651923164664,386.56161566728196,2767.3296810390716,373.32212433272275,2753.5874736505907,382.831394290807,2590.2628565915343,382.2993689301398,2508.2681870110973,369.48664658576996,2502.6497982776773,363.9969030229283,2389.4825523676022,343.9303778935461,2229.3431310922183,353.6151206714743,0.03693836557775665,121.14616416480385,0.3528361090996863,886.9778473331207,1.0631518755443436,1752.4637623762378,886.9778473331207,1349.857438518045,1752.4637623762378,2025-11-02
2025,11,4,0,45,0,2561.908514851485,3400.830099009901,3526.8564356435645,2947.0867454487384,2792.0134142446504,3279.683934845097,2540.420153305653,3163.198349834983,524.5309891914769,2977.851479825402,401.00528333614,2930.815892153731,372.66359361426123,-838.921584158416,21.48836154583205,-0.24668141592920356,0.008458585686257791,-0.5000000000000004,0.8660254037844384,-2.4492935982947064e-16,1.0,3,307,0,0,0,0,1,-0.8406184056344783,0.5416278206559811,0.0,1.0,3400.830099009901,2473.025231555414,2380.1892686042797,3011.101085915043,2194.517342702012,2035.5,2040.050782497605,2163.268636218461,1939.2834557649312,1802.2138613861387,2927.360496418306,389.67902204784446,2874.0451384769813,371.94735285315625,2752.356595336953,372.21426929752323,2766.7085869416437,369.00654892366373,2599.6630086424543,374.80899943601526,2514.4807790629293,365.8889054534006,2507.0791302624884,362.2419213897405,2392.9415804736386,342.5052996725669,2231.4533940185106,353.3257384173275,0.035941114616193204,88.88328329607111,-0.14917884130982362,-449.1925710635578,0.7142029223618449,1067.3897029702969,-449.1925710635578,398.6398786330242,1067.3897029702969,2025-11-03
2025,11,4,1,45,0,2716.1497029702973,2561.908514851485,3400.830099009901,3526.8564356435645,2947.0867454487384,2473.025231555414,2688.862344298946,2892.9627722772275,446.5361152247612,2990.8074853614394,388.9187141148878,2933.089838709677,371.133117201925,154.24118811881226,27.287358671351285,0.06020558002936882,0.010148291424887379,-0.5000000000000004,0.8660254037844384,-2.4492935982947064e-16,1.0,4,308,0,0,0,0,1,-0.8311706263658079,0.5560174366570446,0.7818314824680298,0.6234898018587336,2561.908514851485,2624.4145959757266,2526.4210795273075,2908.340083040562,2330.4340466304693,2152.8379537953792,2151.739987224529,2161.621686362185,2045.685084637496,1868.1485148514853,2940.4655117032444,379.1943283769836,2887.5971830086237,361.6202964295655,2745.950249334611,371.0892288988525,2780.4841460966377,359.18553816855314,2609.7221470205773,370.12892895421874,2521.199942345617,364.3263543589587,2513.2405526692455,361.01390668472345,2396.666383908821,342.3534032964721,2233.8089528743963,353.7234152207596,0.03495450266708522,91.73510699457074,-0.06608249880782058,-192.19038007026484,0.5844065415918738,1001.8487128712875,-192.19038007026484,554.5280166081125,1001.8487128712875,2025-11-04
2025,11,4,2,45,0,2728.0626402640264,2716.1497029702973,2561.908514851485,3400.830099009901,3526.8564356435645,2624.4145959757266,2838.778122005749,2668.706952695269,92.681763379572,2980.1490230313357,396.263292507018,2923.863548564534,375.04637974533694,11.912937293729101,-110.71548174172267,0.004385964912280604,-0.03900110434255999,-0.5000000000000004,0.8660254037844384,-2.4492935982947064e-16,1.0,5,309,0,0,0,0,1,-0.8214765533024145,0.5702422926917867,0.9749279121818236,-0.22252093395631434,2716.1497029702973,2638.413669754072,2540.420153305653,2194.517342702012,2344.433120408815,2157.092574257426,2150.093037368253,2273.657617374641,2152.520121366975,1824.1920792079209,2953.27250749038,368.66008793619216,2901.0002177913643,351.0867201510429,2763.735092586678,356.2381010665512,2794.1852003771805,349.11189762924494,2619.91804105641,365.2659731954873,2528.080532856281,362.6872851399856,2518.2894973680163,360.80305115868345,2399.863842347138,342.7478791457318,2236.3197044328854,354.015574490847,0.03397836038285473,89.64897050995432,0.24312648944714366,533.5452975620146,0.7239686675142571,1145.6309570957096,533.5452975620146,454.40502288938524,1145.6309570957096,2025-11-05
2025,11,4,3,45,0,2884.184818481848,2728.0626402640264,2716.1497029702973,2561.908514851485,3400.830099009901,2638.413669754072,3397.917598211434,2776.132387238724,93.76553440313326,2969.665368536854,398.1405674454744,2881.0524835870688,344.054880503521,156.12217821782178,-513.7327797295857,0.05722822339692035,-0.1511904761904761,-0.5000000000000004,0.8660254037844384,-2.4492935982947064e-16,1.0,6,310,0,0,0,0,1,-0.8115390590073611,0.5842981736283683,0.43388373911755823,-0.900968867902419,2728.0626402640264,2792.0134142446504,2688.862344298946,2330.4340466304693,2482.560204407537,2275.1023102310232,2261.5221973810285,2385.5201852443315,2567.9415522197382,1934.0831683168315,2966.439850952837,363.5511251767814,2914.9518230901435,345.85009247912956,2782.1934516483902,347.2452658180059,2808.5289365941203,344.04807784255786,2630.794514418031,363.87740408861265,2535.4931831074814,363.5357306709206,2523.8302155151,362.5658506504311,2401.6207493819275,344.420690299895,2238.958875683344,355.29530848796117,0.03301252199109994,92.17140423719775,0.23761701072469177,553.7507718513789,0.7497231982861321,1235.818481848185,553.7507718513789,498.6646332375167,1235.818481848185,2025-11-06
2025,11,4,4,45,0,3041.56099009901,2884.184818481848,2728.0626402640264,2716.1497029702973,2561.908514851485,2792.0134142446504,3279.683934845097,2884.602816281628,156.74959291473968,2888.782794279428,299.3441856640176,2861.208904858228,325.33089506344635,157.37617161716162,-238.12294474608734,0.054565217391304266,-0.07260545512210592,-0.5000000000000004,0.8660254037844384,-2.4492935982947064e-16,1.0,7,311,0,0,0,0,1,-0.8013610881746769,0.5981809144059159,-0.433883739117558,-0.9009688679024191,2884.184818481848,2947.0867454487384,2838.778122005749,2344.433120408815,2622.16087511977,2393.559900990099,2372.7779942510383,2837.737943149154,2470.424784413925,2307.7128712871286,2979.9361716171616,364.4653874415396,2929.436313668233,346.6598827462294,2805.4310473047303,340.19450831768495,2823.5075121290934,344.7626141830374,2642.3659624378333,366.49004975108454,2543.454885439005,367.2338249545115,2526.094916036765,365.1758256590375,2404.7937283024003,347.6735276281781,2240.997342680044,357.78732188476516,0.03205682520074116,94.47424465027143,0.2973545560423716,697.127869690195,0.7298723984142714,1283.3035643564356,697.127869690195,203.82304694985578,1283.3035643564356,2025-11-07
2025,11,4,5,45,1,3636.580858085808,3041.56099009901,2884.184818481848,2728.0626402640264,2716.1497029702973,2947.0867454487384,2473.025231555414,3187.4422222222215,396.84499558048253,2928.074587458746,383.6094731201563,2958.1718737357605,369.512627135842,595.0198679867981,1163.555626530394,0.19562976705833823,0.4704988900572491,-0.5000000000000004,0.8660254037844384,-2.4492935982947064e-16,1.0,8,312,0,0,0,0,2,-0.7909456567567774,0.6118864012687242,-0.9749279121818236,-0.2225209339563146,3041.56099009901,3526.8564356435645,3397.917598211434,2482.560204407537,3140.0399233471735,2855.0742574257424,2822.5686681571387,2722.1480677099967,1856.7192590226764,2615.407920792079,2995.611089108911,393.13921615072826,2946.4836893735455,376.0891952763891,2843.8984024273395,366.64410563267,2841.2411169411866,373.24126154235745,2656.3214374496206,388.9294106388826,2553.145506747679,384.9983293083507,2536.2552803742738,382.9791903779621,2414.6818482971953,357.17917407837564,2243.8339341725264,364.7443414245171,0.031111111111110867,109.7244224422434,0.46485102420856594,1154.0206536782707,1.0178409100065409,1834.3669966996692,1154.0206536782707,914.4327903758112,1834.3669966996692,2025-11-08
2025,11,4,6,45,1,3506.1655445544557,3636.580858085808,3041.56099009901,2884.184818481848,2728.0626402640264,3526.8564356435645,2624.4145959757266,3394.769130913091,312.76034204143946,3085.4507590759076,396.80956261853845,3031.6511194506547,384.4769937473204,-130.41531353135224,881.7509485787291,-0.035862068965517024,0.33598005053424274,-0.5000000000000004,0.8660254037844384,-2.4492935982947064e-16,1.0,9,313,0,0,0,0,2,-0.780295851070776,0.6254105729852457,-0.7818314824680299,0.6234898018587334,3636.580858085808,3400.830099009901,3279.683934845097,2622.16087511977,3032.1213669754065,2746.245544554455,2707.5855637176624,2040.050782497605,1963.9877036090704,1857.3267326732673,3010.6590099009895,412.76082384407965,2962.6609472099285,395.87464998292296,2873.365224741829,383.35139789014687,2858.1712661404385,392.4758849637902,2669.8914374496203,405.0470523113711,2562.652411281451,398.4816312065888,2552.545444397128,392.69346667221276,2423.249502969114,364.72439176470465,2248.4140419833075,370.18906349323765,0.030973451327433787,105.33544554455466,0.3371283119287285,884.0046694346856,0.8768130674199583,1638.0170297029704,884.0046694346856,1466.1147620568506,1638.0170297029704,2025-11-09
2025,11,4,0,46,0,2640.910099009901,3506.1655445544557,3636.580858085808,3041.56099009901,2884.184818481848,3400.830099009901,2638.413669754072,3261.218833883388,541.1462218487094,3072.910825082508,411.72291014016406,3031.8591552219737,384.245480223654,-865.2554455445547,2.4964292558288435,-0.24678111587982843,0.0009461856889414477,-0.5000000000000004,0.8660254037844384,-2.4492935982947064e-16,1.0,10,314,0,0,0,0,2,-0.7694148268839381,0.6387494220515268,0.0,1.0,3506.1655445544557,2561.908514851485,2473.025231555414,3140.0399233471735,2287.353305653146,2063.7148514851488,2029.1289045033536,2151.739987224529,1968.1050782497605,1683.9762376237625,3021.9449504950494,399.30661345950324,2974.6527234566774,382.2086458986187,2856.7275639305867,382.2080211517906,2870.798294474608,378.8829852874823,2680.1984954411337,396.5971618189083,2569.935520739862,394.18045112310347,2557.9806678614095,390.46257037787285,2426.987308640004,363.47930513665267,2251.0721915982685,369.5599238124478,0.03083700440528636,79.00158415841588,-0.15895652173913044,-499.12982433727257,0.4477149249308252,816.7180198019801,-499.12982433727257,489.1701117853718,816.7180198019801,2025-11-10
2025,11,4,1,46,0,2799.5402640264024,2640.910099009901,3506.1655445544557,3636.580858085808,3041.56099009901,2561.908514851485,2792.0134142446504,2982.2053025302525,460.6426312553346,3084.8237623762375,400.6341119528317,3032.4863927037864,383.8242787354232,158.63016501650145,7.526849781751935,0.06006647673314336,0.002695850150056689,-0.5000000000000004,0.8660254037844384,-2.4492935982947064e-16,1.0,11,315,0,0,0,0,2,-0.7583058084785625,0.6518989958787125,0.7818314824680298,0.6234898018587336,2640.910099009901,2716.1497029702973,2624.4145959757266,3032.1213669754065,2428.4275630788884,2182.620297029703,2140.2113382305974,2150.093037368253,2076.0236346215265,1931.619801980198,3033.8578877887785,389.7936022103505,2987.1616997460114,372.60949053446365,2848.974860498953,380.88419999454726,2884.0523195084484,369.2023259661799,2691.2149234232174,391.05391680716303,2577.7846746183836,392.0793074873979,2565.1967481576116,388.8375492678642,2431.006845470031,363.57698226856337,2253.4830817706193,370.3003893280827,0.030701754385964675,83.39056105610507,-0.0767057366113969,-232.58110294900416,0.4474766700248727,865.4570957095709,-232.58110294900416,649.4472266581492,865.4570957095709,2025-11-11
2025,11,4,2,46,0,2811.453201320132,2799.5402640264024,2640.910099009901,3506.1655445544557,3636.580858085808,2716.1497029702973,2947.0867454487384,2750.634521452145,95.21064110148214,3072.701826182618,408.9333168436516,3021.183597359736,388.5358741089109,11.912937293729556,-135.63354412860645,0.004255319148936287,-0.046022922242811126,-0.5000000000000004,0.8660254037844384,-2.4492935982947064e-16,1.0,12,316,0,0,0,0,2,-0.7469720876965551,0.6648553979642867,0.9749279121818236,-0.22252093395631434,2799.5402640264024,2728.0626402640264,2638.413669754072,2287.353305653146,2442.4266368572335,2186.874917491749,2138.5643883743214,2261.5221973810285,2184.375598850208,1783.0336633663364,3045.7708250825085,380.04254116578153,2999.5216662864445,362.89449058370366,2866.4448570211857,365.96323166757145,2897.231839667838,359.30763914565676,2702.3681070630105,385.27219391806125,2585.7952557248814,389.8651220116176,2571.3070926458236,388.3324574048338,2434.490609928197,364.2043414063567,2256.33980270938,370.62772887370676,0.03056768558951961,83.39056105610553,0.2291294022535495,524.099895666986,0.2182855312290397,503.7403300330034,524.099895666986,549.9310039391034,503.7403300330034,2025-11-12
2025,11,4,3,46,0,2971.9643564356434,2811.453201320132,2799.5402640264024,2640.910099009901,3506.1655445544557,2728.0626402640264,3526.8564356435645,2860.985940594059,96.29452791188692,3061.1023872387236,410.97525287051275,2974.9425907590758,354.403484254259,160.51115511551143,-554.8920792079211,0.05709188224799289,-0.15733333333333344,-0.5000000000000004,0.8660254037844384,-2.4492935982947064e-16,1.0,13,317,0,0,0,0,2,-0.7354170229639858,0.6776147890466887,0.43388373911755823,-0.900968867902419,2811.453201320132,2884.184818481848,2792.0134142446504,2428.4275630788884,2585.7112743532416,2306.452145214522,2249.3867773874163,2372.7779942510383,2605.8647396997767,1857.3267326732673,3058.3107590759073,375.24005788462256,3012.3753050143723,358.13491797077904,2884.5627501330778,356.8719945575158,2911.026592599352,354.2841017549098,2714.252253691959,383.09576613027565,2594.3973697611696,390.3243897173972,2577.9647188923195,390.02319084693124,2436.524496687841,366.1835783935224,2259.4360183309423,371.9386081205819,0.030434782608695476,87.77953795379517,0.22382252681551273,543.536793356755,0.13632918704917762,356.5564356435643,543.536793356755,599.1863621846051,356.5564356435643,2025-11-13
2025,11,4,4,46,0,3133.7295049504955,2971.9643564356434,2811.453201320132,2799.5402640264024,2640.910099009901,2884.184818481848,3400.830099009901,2972.3823542354235,161.13855842731985,2977.2938283828385,308.6937877423289,2952.6842079207922,332.9630082269006,161.76514851485217,-267.10059405940547,0.05443037974683573,-0.07853982300884943,-0.5000000000000004,0.8660254037844384,-2.4492935982947064e-16,1.0,14,318,0,0,0,0,2,-0.7236440382959123,0.690173388242972,-0.433883739117558,-0.9009688679024191,2971.9643564356434,3041.56099009901,2947.0867454487384,2442.4266368572335,2730.46949856276,2426.477227722773,2360.035803257745,2822.5686681571387,2506.8310443947616,1981.148514851485,3071.477689768977,376.17027666313425,3025.706930693069,358.99046993305706,2907.60617906952,349.58303907277843,2925.428735684628,354.8684150013199,2726.8817586424543,385.0889999632248,2603.6080090670357,393.8401810113268,2581.4220615233567,393.5787626193018,2440.0072659131506,369.81916472074715,2262.637632192328,374.4883784731522,0.030303030303030498,92.16851485148572,0.28303935834191063,691.3028680932621,0.6872257583026817,1276.4027722772282,691.3028680932621,311.1608367933568,1276.4027722772282,2025-11-14
2025,11,4,5,46,1,3746.305280528053,3133.7295049504955,2971.9643564356434,2811.453201320132,2799.5402640264024,3041.56099009901,2561.908514851485,3283.9997139713973,408.4566298525017,3017.317117711771,394.59381956271557,3051.3839383938393,378.9623555746601,612.5757755775576,1184.396765676568,0.19547819127651045,0.46231032794909455,-0.5000000000000004,0.8660254037844384,-2.4492935982947064e-16,1.0,15,319,0,0,0,0,3,-0.7116566222817751,0.7025274741691566,-0.9749279121818236,-0.2225209339563146,3133.7295049504955,3636.580858085808,3526.8564356435645,2585.7112743532416,3268.978760779304,2894.2615511551157,2807.3993931651235,2707.5855637176624,1884.0239540083044,2030.6772277227724,3087.152607260726,404.8364335152905,3041.3818481848184,386.30750609719,2946.292645942013,375.9558533578195,2942.476111389941,382.3817900459,2742.0968252383996,407.97479877704114,2614.7854601070703,412.5715545130412,2592.9633917101387,412.11328552795277,2450.353273282705,380.08512936480224,2267.403265672343,382.36182488518017,0.030172413793103647,109.72442244224521,0.4488490334115547,1160.5940061748115,1.2246782328795902,2062.329042904291,1160.5940061748115,1038.7197168103908,2062.329042904291,2025-11-15
2025,11,4,6,46,1,3611.50099009901,3746.305280528053,3133.7295049504955,2971.9643564356434,2811.453201320132,3636.580858085808,2716.1497029702973,3497.1785918591863,321.8920288863851,3179.0822662266223,408.13866835141545,3125.9965456545656,394.7705618380936,-134.80429042904325,895.3512871287126,-0.03598326359832649,0.32963988919667564,-0.5000000000000004,0.8660254037844384,-2.4492935982947064e-16,1.0,16,320,0,0,0,0,3,-0.6994583270516471,0.7146733860429608,-0.7818314824680299,0.6234898018587334,3746.305280528053,3506.1655445544557,3400.830099009901,2730.46949856276,3155.902650910252,2783.865346534653,2693.0230597253276,2029.1289045033536,1992.8093260938997,2104.970297029703,3102.2005280528056,424.48783510891764,3056.429768976898,405.0354203452084,2975.660362326555,392.5596784750365,2958.747480646682,401.0383602431296,2756.8760331591916,424.18426950583626,2625.7197211829475,426.6025310519536,2610.5453037723128,421.4369937471529,2459.3460047494,388.2602895944583,2271.5880731530906,388.7696203759703,0.030042918454935563,105.3354455445542,0.32266666666666644,881.0314915362501,0.8696748637577041,1679.881188118812,881.0314915362501,1582.3720855956562,1679.881188118812,2025-11-16
2025,11,4,0,47,0,2719.911683168317,3611.50099009901,3746.305280528053,3133.7295049504955,2971.9643564356434,3506.1655445544557,2728.0626402640264,3359.239317931793,557.7615239586883,3165.8108360836086,423.93739414730584,3125.317299229923,395.5237893553593,-891.589306930693,-8.1509570957096,-0.24687499999999996,-0.0029878188922086713,-0.5000000000000004,0.8660254037844384,-2.4492935982947064e-16,1.0,17,321,0,0,0,0,3,-0.6870527672236675,0.726607524768565,0.0,1.0,3611.50099009901,2640.910099009901,2561.908514851485,3268.978760779304,2380.1892686042797,2091.929702970297,2018.207026509103,2140.2113382305974,1996.9267007345893,2055.441584158416,3113.4864686468645,411.0157796532099,3067.7157095709576,392.1938227132934,2957.3581264061886,391.20999223003315,2970.8804240239697,387.8071682455453,2768.0899970912988,414.4755014397136,2634.0733480479385,421.4016398424194,2616.9864187160647,418.58813634933017,2463.362587985143,387.18798809138343,2273.4338234281186,389.31752610944585,0.02991452991453003,79.00158415841588,-0.16796287703016255,-549.0670776109873,0.5254404552481478,936.8780198019804,-549.0670776109873,579.7003449377194,936.8780198019804,2025-11-17
2025,11,4,1,47,0,2882.930825082508,2719.911683168317,3611.50099009901,3746.305280528053,3133.7295049504955,2640.910099009901,2884.184818481848,3071.447832783278,474.7492703550266,3177.7237733773377,412.84738818141307,3125.2127997799776,395.5934490153569,163.0191419141911,-1.2539933993402883,0.05993545412632528,-0.0004347826086957829,-0.5000000000000004,0.8660254037844384,-2.4492935982947064e-16,1.0,18,322,0,0,0,0,3,-0.6744436188329457,0.7383263540031063,0.7818314824680298,0.6234898018587336,2719.911683168317,2799.5402640264024,2716.1497029702973,3155.902650910252,2526.4210795273075,2212.402640264026,2128.6826892366653,2138.5643883743214,2106.3621846055576,2179.2633663366337,3125.3994059405945,401.49804598998315,3079.6286468646863,383.1215787104699,2948.2590655452645,389.60405145141345,2983.6129149366548,378.41289222218876,2780.0637146773433,407.76147290634003,2643.0524925222935,418.52902497580004,2625.257156901712,416.37694690949945,2467.6768582100144,387.51421105307764,2275.388455257968,390.60771158681536,0.029787234042553123,83.39056105610553,-0.08649564198344684,-272.97182582774394,0.5521936848090692,1025.6040924092406,-272.97182582774394,744.3664367081865,1025.6040924092406,2025-11-18
2025,11,4,2,47,0,2894.8437623762375,2882.930825082508,2719.911683168317,3611.50099009901,3746.305280528053,2799.5402640264024,3041.56099009901,2832.562090209021,97.73978296257073,3164.8703410341036,421.6414894829151,3112.9863641364136,400.64883573471343,11.912937293729556,-146.71722772277235,0.004132231404958775,-0.048237476808905444,-0.5000000000000004,0.8660254037844384,-2.4492935982947064e-16,1.0,19,323,0,0,0,0,3,-0.661634618242279,0.749826401204568,0.9749279121818236,-0.22252093395631434,2882.930825082508,2811.453201320132,2728.0626402640264,2380.1892686042797,2540.420153305653,2216.6572607260723,2127.0357393803897,2249.3867773874163,2216.23107633344,2600.257425742574,3137.312343234323,391.74914262013806,3091.5415841584154,373.8292304953418,2965.4142153376624,374.7766744571377,2996.27090097489,368.8457676464017,2792.174187921096,400.73460954475814,2652.1930642246252,415.4969526192863,2632.4289011793653,415.38770510129706,2471.44692868803,388.3544166850727,2276.206750637506,391.5974994049523,0.029661016949152463,83.39056105610553,0.2162241887905605,514.6544937719577,0.46119472653126503,913.6952475247524,514.6544937719577,645.4569849888212,913.6952475247524,2025-11-19
2025,11,4,3,47,0,3059.743894389439,2894.8437623762375,2882.930825082508,2719.911683168317,3611.50099009901,2811.453201320132,3636.580858085808,2945.839493949394,98.82377673641047,3152.539405940594,423.81062625123536,3064.916617161716,365.14872996324715,164.90013201320153,-576.8369636963689,0.05696339614468271,-0.1586206896551723,-0.5000000000000004,0.8660254037844384,-2.4492935982947064e-16,1.0,20,324,0,0,0,0,3,-0.6486295610349818,0.7611042586607742,0.43388373911755823,-0.900968867902419,2894.8437623762375,2971.9643564356434,2884.184818481848,2526.4210795273075,2688.862344298946,2337.8019801980195,2237.251357393804,2360.035803257745,2643.7879271798147,2946.958415841584,3149.8522772277233,386.9497173121235,3104.081518151815,369.25502777938294,2983.1916424997335,365.77603489320734,3009.516670620979,364.0253652631835,2805.0660078173714,397.4506212970938,2661.9846420460017,415.29200241208804,2640.203435525273,416.77788055307457,2473.757795172528,390.61660939646885,2276.5200436334726,392.18030387127976,0.029535864978903037,87.77953795379563,0.21109814954596406,533.3228148621315,0.5067603322762797,1029.0666666666666,533.3228148621315,699.7080911316939,1029.0666666666666,2025-11-20
2025,11,4,4,47,0,3225.8980198019804,3059.743894389439,2894.8437623762375,2882.930825082508,2719.911683168317,2971.9643564356434,3506.1655445544557,3060.1618921892186,165.52752454365586,3065.804862486249,318.0451291408105,3041.56099009901,342.628624449852,166.15412541254136,-280.2675247524753,0.05430327868852469,-0.07993562231759654,-0.5000000000000004,0.8660254037844384,-2.4492935982947064e-16,1.0,21,325,0,0,0,0,3,-0.6354323008901775,0.7721565844991641,-0.433883739117558,-0.9009688679024191,3059.743894389439,3133.7295049504955,3041.56099009901,2540.420153305653,2838.778122005749,2459.394554455446,2347.2936122644523,2807.3993931651235,2543.2373043755993,1864.0841584158416,3163.019207920792,387.8766851071417,3117.248448844885,370.1396693532994,3006.040904716278,358.5011063219851,3023.3423812565593,364.65141272112294,2818.753569698559,398.52692541287394,2672.444218326211,418.323909589814,2644.8534202656824,420.97767426594044,2477.550354702674,394.5888004999553,2280.3028599151007,394.7503670399734,0.02941176470588225,92.16851485148482,0.26982854218203545,685.4778664963274,0.5325147458631623,1120.9277227722773,685.4778664963274,418.4986266368569,1120.9277227722773,2025-11-21
2025,11,4,5,47,1,3856.029702970297,3225.8980198019804,3059.743894389439,2894.8437623762375,2882.930825082508,3133.7295049504955,2640.910099009901,3380.557205720572,420.0682921604201,3106.559647964796,405.578313138421,3142.8209570957097,389.77071277844766,630.1316831683166,1215.119603960396,0.19533527696792996,0.4601139601139601,-0.5000000000000004,0.8660254037844384,-2.4492935982947064e-16,1.0,22,326,0,0,0,0,4,-0.622046748440868,0.7829801036770625,-0.9749279121818236,-0.2225209339563146,3225.8980198019804,3746.305280528053,3636.580858085808,2688.862344298946,3397.917598211434,2933.448844884488,2792.2301181731073,2693.0230597253276,1911.328648993932,1690.1029702970297,3178.6941254125413,416.5354966027854,3132.9233663366335,397.4626852730978,3044.9464833386564,385.22889077387197,3039.7035278550898,391.3780955314029,2835.228227878663,421.74726666295015,2685.1084990976055,437.65021280541305,2657.7757163017377,439.89752325529423,2488.3542494469875,405.47196786055423,2286.319323061415,402.1659565553144,0.029288702928870203,109.72442244224385,0.4340747904577691,1167.167358671351,0.8760103584014611,1800.588118811881,1167.167358671351,1163.0066432449694,1800.588118811881,2025-11-22
2025,11,4,6,47,1,3716.836435643564,3856.029702970297,3225.8980198019804,3059.743894389439,2894.8437623762375,3746.305280528053,2799.5402640264024,3599.5880528052803,331.02397495012684,3272.7137733773375,419.46794609115227,3219.2623047304733,405.9406667099113,-139.1932673267329,917.2961716171617,-0.03609756097560979,0.327659574468085,-0.5000000000000004,0.8660254037844384,-2.4492935982947064e-16,1.0,23,327,0,0,0,0,4,-0.6084768701151264,0.7935716089521472,-0.7818314824680299,0.6234898018587334,3856.029702970297,3611.50099009901,3506.1655445544557,2838.778122005749,3279.683934845097,2821.4851485148515,2678.460555732993,2018.207026509103,2021.6309485787287,1938.6475247524752,3193.7420462046207,436.2150089273013,3147.9712871287124,416.225734836544,3074.21509379325,402.01513174362475,3055.3161171693205,409.60085654734485,2851.2166437202472,437.8796128168927,2697.470116715588,451.89310179207683,2676.6493764032316,448.5040941550258,2497.772057708459,414.1648270850463,2291.2587367027795,408.7499363018663,0.029166666666666563,105.3354455445542,0.309308539061665,878.058313637815,0.7055471555471553,1537.5730693069304,878.058313637815,1698.6294091344612,1537.5730693069304,2025-11-23
2025,11,4,0,48,0,2798.9132673267327,3716.836435643564,3856.029702970297,3225.8980198019804,3059.743894389439,3611.50099009901,2811.453201320132,3457.2598019801976,574.3768894941247,3258.7108470847083,436.1528333218776,3218.217310231023,407.10039168798494,-917.9231683168314,-12.539933993399245,-0.24696356275303633,-0.004460303300624413,-0.5000000000000004,0.8660254037844384,-2.4492935982947064e-16,1.0,24,328,0,0,0,0,4,-0.594726686960764,0.8039279618328208,0.0,1.0,3716.836435643564,2719.911683168317,2640.910099009901,3397.917598211434,2473.025231555414,2120.144554455446,2007.2851485148517,2128.6826892366653,2025.7483232194188,1789.5207920792077,3205.0279867986796,422.7261029299614,3159.2572277227728,403.3625443828605,3054.2482827637605,400.25493584512,3066.9549755897247,396.8745508813196,2863.337513592949,426.5221409338715,2706.8942609871583,445.5359188932649,2684.0963828264544,444.8527954674013,2502.067418509055,413.25034558659104,2294.062604689578,408.7606419265116,0.02904564315352709,79.00158415841588,-0.17628571428571427,-599.0043308847012,0.07639852870622121,198.65584158415868,-599.0043308847012,670.2305780900674,198.65584158415868,2025-11-24
2025,11,4,1,48,0,2966.321386138614,2798.9132673267327,3716.836435643564,3856.029702970297,3225.8980198019804,2719.911683168317,2971.9643564356434,3160.690363036303,488.85602186983044,3270.623784378438,425.06171391030455,3217.7470627062708,407.4138396103161,167.4081188118812,-5.642970297029478,0.05981182795698925,-0.001898734177215089,-0.5000000000000004,0.8660254037844384,-2.4492935982947064e-16,1.0,25,329,0,0,0,0,4,-0.5808002734538014,0.8140460935082175,0.7818314824680298,0.6234898018587336,2798.9132673267327,2882.930825082508,2799.5402640264024,3279.683934845097,2624.4145959757266,2242.1849834983495,2123.0556105610563,2127.0357393803897,2136.700734589588,1864.0841584158416,3216.940924092409,413.20394110705894,3171.1701650165014,394.2820681744079,3043.802864473544,398.2527831539487,3079.1659323812564,387.91294219007955,2876.2685207829536,418.244685195971,2716.933139267844,441.70611976921947,2693.421778901546,441.8306475409083,2506.676422128772,413.7786903618641,2297.124374766586,409.65807063195354,0.02892561983471098,83.39056105610598,-0.09554656940479955,-313.36254870648327,0.006570493222076923,19.362970297029733,-313.36254870648327,839.2856467582242,19.362970297029733,2025-11-25
2025,11,4,2,48,0,2978.234323432343,2966.321386138614,2798.9132673267327,3716.836435643564,3856.029702970297,2882.930825082508,3133.7295049504955,2914.4896589658965,100.26916897526476,3257.0388558855884,434.3503816826846,3204.7891309130914,412.76659815458544,11.912937293729101,-155.49518151815255,0.00401606425702794,-0.04961984793917584,-0.5000000000000004,0.8660254037844384,-2.4492935982947064e-16,1.0,26,330,0,0,0,0,4,-0.5667017562911184,0.8239230057575536,0.9749279121818236,-0.22252093395631434,2966.321386138614,2894.8437623762375,2811.453201320132,2473.025231555414,2638.413669754072,2246.4396039603957,2127.3102310231025,2237.251357393804,2248.086553816672,1988.3564356435643,3228.8538613861388,403.457105271997,3183.0831023102305,384.98747558428676,3060.6431675361086,383.70055460510065,3091.3023842983375,378.8219842388332,2889.336283630667,409.55016473296683,2727.0631879870016,437.7607287870427,2701.654922968641,440.1353301973287,2510.732798626637,414.80713969899784,2299.874035565999,410.9000112155634,0.028806584362139898,83.39056105610553,0.20428788409860932,505.20909187692905,0.5976930601477468,1114.1501650165014,505.20909187692905,740.982966038539,1114.1501650165014,2025-11-26
2025,11,4,3,48,0,3147.523432343234,2978.234323432343,2966.321386138614,2798.9132673267327,3716.836435643564,2894.8437623762375,3746.305280528053,3030.69304730473,101.35326176264543,3243.976424642464,436.64662691958495,3154.890643564356,375.8989493728552,169.28910891089117,-598.781848184819,0.05684210526315803,-0.1598326359832637,-0.5000000000000004,0.8660254037844384,-2.4492935982947064e-16,1.0,27,331,0,0,0,0,4,-0.5524353131676203,0.8335557718385695,0.43388373911755823,-0.900968867902419,2978.234323432343,3059.743894389439,2971.9643564356434,2624.4145959757266,2792.0134142446504,2379.409134461833,2243.7524752475247,2347.2936122644523,2681.7111146598536,2038.0653465346536,3241.393795379538,398.6605746968054,3195.62303630363,380.4138938943886,3078.0801287483587,374.9799414314194,3103.9991706590013,374.3506807571418,2903.052610378549,404.99882734769454,2737.8223660476647,436.84429085876405,2710.5463654139608,440.9783846872668,2513.3206448359892,417.3251594494179,2302.955863582134,413.0856866808717,0.0286885245901638,87.77953795379517,0.19932400816915208,523.1088363675076,0.8623264307914138,1457.4204620462044,523.1088363675076,800.2298200787818,1457.4204620462044,2025-11-27
2025,11,4,4,48,0,3318.066534653465,3147.523432343234,2978.234323432343,2966.321386138614,2798.9132673267327,3059.743894389439,3611.50099009901,3147.941430143014,169.9164912169583,3154.3158965896587,327.3980608209539,3130.4377722772274,352.2987200239684,170.543102310231,-293.4344554455447,0.054183266932270824,-0.08125000000000004,-0.5000000000000004,0.8660254037844384,-2.4492935982947064e-16,1.0,28,332,0,0,0,0,4,-0.5380051715382992,0.8429415373547832,-0.433883739117558,-0.9009688679024191,3147.523432343234,3225.8980198019804,3133.7295049504955,2638.413669754072,2947.0867454487384,2513.8522516767803,2360.642574257426,2792.2301181731073,2579.643564356436,2112.6287128712875,3254.560726072607,399.58447925009307,3208.7899669967,381.2959628640104,3100.7352242450056,367.9663598331641,3117.248448844884,375.15556189023056,2917.413579717419,405.20551687629484,2749.2202703380935,439.367557974501,2716.3889922637422,445.5327392775532,2517.4229946709725,421.5883747136474,2306.304301975973,416.4108199074408,0.02857142857142847,92.16851485148482,0.25759905381431114,679.6528648993931,0.7115367761744689,1379.41900990099,679.6528648993931,525.8364164803579,1379.41900990099,2025-11-28
2025,11,4,5,48,1,3965.7541254125417,3318.066534653465,3147.523432343234,2978.234323432343,2966.321386138614,3225.8980198019804,2719.911683168317,3477.1146974697463,431.6799802418451,3195.802178217822,416.5629422078584,3234.25797579758,400.5832558457639,647.6875907590766,1245.842442244225,0.19520030234315966,0.4580451821115723,-0.5000000000000004,0.8660254037844384,-2.4492935982947064e-16,1.0,29,333,0,0,0,0,5,-0.5234156073655503,0.8520775211013093,-0.9749279121818236,-0.2225209339563146,3318.066534653465,3856.029702970297,3746.305280528053,2792.0134142446504,3526.8564356435645,3011.101085915043,2815.88696369637,2678.460555732993,1936.3449504950495,2062.919801980198,3270.235643564356,428.23625414233175,3224.464884488449,408.62415768427473,3139.8599146172683,395.3873839667768,3132.9233663366335,401.1709378394024,2934.4609554227313,428.6235755146397,2762.9091651204294,458.9460082556908,2730.692254149071,464.5586368565823,2528.6974900871805,432.94503007921924,2311.5899528743967,425.2947578536018,0.028455284552845628,109.72442244224476,0.4203922177377626,1173.7407111678913,1.2160983783847592,2176.233333333334,1173.7407111678913,1287.293569679549,2176.233333333334,2025-11-29
2025,11,4,6,48,1,3822.1718811881183,3965.7541254125417,3318.066534653465,3147.523432343234,2978.234323432343,3856.029702970297,2882.930825082508,3701.9975137513743,340.1561593554424,3366.3452805280526,430.7973822672393,3312.52806380638,417.11497289040915,-143.58224422442345,939.2410561056104,-0.0362055335968382,0.3257938234014788,-0.5000000000000004,0.8660254037844384,-2.4492935982947064e-16,1.0,30,334,0,1,0,0,5,-0.5086709438521042,0.8609610158889945,-0.7818314824680299,0.6234898018587334,3965.7541254125417,3716.836435643564,3611.50099009901,2947.0867454487384,3400.830099009901,2908.340083040562,2708.6257425742574,2007.2851485148517,2045.6215181518155,2187.192079207921,3285.2835643564354,447.9423325322283,3239.512805280528,427.4202289169673,3169.0294191419143,412.5808862702478,3147.971287128713,419.09419329099615,2950.779380389652,444.70491572607085,2776.165666770594,473.21940809545674,2750.857662289885,472.1326550638692,2538.567214326271,442.02549268717377,2316.1315634354523,432.6291619310104,0.028340080971659853,105.3354455445542,0.29693226271360906,875.0851357393799,1.0504288199285607,1958.0877227722767,875.0851357393799,1814.8867326732666,1958.0877227722767,2025-11-30
2025,12,4,0,49,0,2877.9148514851486,3822.1718811881183,3965.7541254125417,3318.066534653465,3147.523432343234,3716.836435643564,2894.8437623762375,3555.280286028603,590.9923131055232,3351.6108580858086,448.3691495956949,3311.117321232123,418.6817508052342,-944.2570297029697,-16.92891089108889,-0.24704724409448808,-0.005847953216374213,-2.4492935982947064e-16,1.0,-2.4492935982947064e-16,1.0,1,335,1,0,0,0,1,-0.4937755501599774,0.8695893893466109,0.0,1.0,3822.1718811881183,2798.9132673267327,2719.911683168317,3526.8564356435645,2561.908514851485,2194.517342702012,2035.5,2123.0556105610563,2047.323366336634,2609.717821782178,3296.569504950495,434.43748972176274,3250.7987458745874,414.5367402158395,3147.3980330033005,410.1781217591446,3159.2572277227723,406.80202363006237,2962.982907332208,432.79162577840555,2786.19441500256,466.2082034065627,2759.2449871890417,467.5371712372138,2543.1816114659855,441.2032405082398,2316.8765551846277,433.3664194418331,0.02822580645161299,79.00158415841588,-0.18400000000000005,-648.9415841584159,0.4473837788312154,889.5584158415843,-648.9415841584159,754.8592409240923,889.5584158415843,2025-12-01
2025,12,4,2,1,0,3197.6831683168316,2877.9148514851486,3822.1718811881183,3965.7541254125417,3318.066534653465,2798.9132673267327,3059.743894389439,3299.256633663366,480.25327815929546,3388.1856655665565,419.86470900519697,3322.6122607260727,413.007989879575,319.768316831683,137.9392739273926,0.11111111111111116,0.04508196721311464,-2.4492935982947064e-16,1.0,-2.4492935982947064e-16,1.0,31,365,0,1,0,1,5,6.432490598706546e-16,1.0,0.9749279121818236,-0.22252093395631434,2877.9148514851486,2966.321386138614,2882.930825082508,3400.830099009901,2716.1497029702973,2330.4340466304693,2152.8379537953792,2127.3102310231025,2156.8686468646865,2957.680198019802,3329.6211881188124,413.4173408164986,3273.2810561056103,401.37717869077295,3140.626468646865,407.5182168876776,3176.454851485148,397.44666432995075,2978.4694987908924,425.1953121781708,2798.6330485087683,463.0340423238541,2771.1380198256384,464.8880026997405,2548.9639143629415,442.9289883142013,2317.543230102119,434.53797633689123,0.07799619530754587,231.3617821782177,-0.05973451327433632,-203.1469306930694,0.5689797060500978,1159.617821782178,-203.1469306930694,1070.3729372937291,1159.617821782178,2025-12-31
