year,month,quarter,day_of_week,week_of_year,is_weekend,y,lag_1,lag_2,lag_3,lag_4,lag_8,lag_12,rolling_mean_3,rolling_std_3,rolling_mean_6,rolling_std_6,rolling_mean_12,rolling_std_12,diff_1,diff_12,pct_change_1,pct_change_12,month_sin,month_cos,quarter_sin,quarter_cos,day_of_month,day_of_year,is_month_start,is_month_end,is_quarter_start,is_quarter_end,week_of_month,day_of_year_sin,day_of_year_cos,day_of_week_sin,day_of_week_cos,lag_1d,lag_7d,lag_14d,lag_30d,lag_4w,lag_8w,lag_12w,lag_3m,lag_6m,lag_12m,rolling_mean_7d,rolling_std_7d,rolling_mean_14d,rolling_std_14d,rolling_mean_30d,rolling_std_30d,rolling_mean_4w,rolling_std_4w,rolling_mean_8w,rolling_std_8w,rolling_mean_12w,rolling_std_12w,rolling_mean_3m,rolling_std_3m,rolling_mean_6m,rolling_std_6m,rolling_mean_12m,rolling_std_12m,pct_change_1w,diff_1w,pct_change_1m,diff_1m,pct_change_1y,diff_1y,momentum_30d,momentum_90d,yoy_change,index
2015,1,1,5,5,1,2985.7425742574255,,,,,,,2985.7425742574255,,2985.7425742574255,,2985.7425742574255,,,,,,0.49999999999999994,0.8660254037844387,1.0,6.123233995736766e-17,31,31,0,1,0,0,5,0.5086709438521044,0.8609610158889943,-0.9749279121818236,-0.2225209339563146,,,,,,,,,,,2985.7425742574255,,2985.7425742574255,,2985.7425742574255,,2985.7425742574255,,2985.7425742574255,,2985.7425742574255,,2985.7425742574255,,2985.7425742574255,,2985.7425742574255,,,,,,,,,,,2015-01-31
2015,2,1,5,9,1,2707.073267326733,2985.7425742574255,,,,,,2846.4079207920795,197.04895663924822,2846.4079207920795,197.04895663924822,2846.4079207920795,197.04895663924822,-278.6693069306925,,-0.09333333333333316,,0.8660254037844386,0.5000000000000001,1.0,6.123233995736766e-17,28,59,0,1,0,0,4,0.8498170915275278,0.5270777086423722,-0.9749279121818236,-0.2225209339563146,2985.7425742574255,,,,,,,,,,2846.4079207920795,197.04895663924822,2846.4079207920795,197.04895663924822,2846.4079207920795,197.04895663924822,2846.4079207920795,197.04895663924822,2846.4079207920795,197.04895663924822,2846.4079207920795,197.04895663924822,2846.4079207920795,197.04895663924822,2846.4079207920795,197.04895663924822,2846.4079207920795,197.04895663924822,,,,,,,,,,2015-02-28
2015,3,1,1,14,0,3105.1722772277226,2707.073267326733,2985.7425742574255,,,,,2932.662706270627,204.28854522502976,2932.662706270627,204.28854522502976,2932.662706270627,204.28854522502976,398.0990099009896,,0.14705882352941146,,1.0,6.123233995736766e-17,1.0,6.123233995736766e-17,31,90,0,1,0,1,5,0.9997685019798909,0.021516097436222254,0.7818314824680298,0.6234898018587336,2707.073267326733,,,,,,,,,,2932.662706270627,204.28854522502976,2932.662706270627,204.28854522502976,2932.662706270627,204.28854522502976,2932.662706270627,204.28854522502976,2932.662706270627,204.28854522502976,2932.662706270627,204.28854522502976,2932.662706270627,204.28854522502976,2932.662706270627,204.28854522502976,2932.662706270627,204.28854522502976,,,,,,,,,,2015-03-31
2015,4,2,3,18,0,2866.3128712871285,3105.1722772277226,2707.073267326733,2985.7425742574255,,,,2892.852805280528,200.37210757317888,2916.0752475247523,170.06797158006282,2916.0752475247523,170.06797158006282,-238.85940594059412,,-0.07692307692307698,,0.8660254037844387,-0.49999999999999983,1.2246467991473532e-16,-1.0,30,120,0,1,0,0,5,0.8800122039735357,-0.47495107206704995,0.43388373911755823,-0.900968867902419,3105.1722772277226,,,,,,,,,,2916.0752475247523,170.06797158006282,2916.0752475247523,170.06797158006282,2916.0752475247523,170.06797158006282,2916.0752475247523,170.06797158006282,2916.0752475247523,170.06797158006282,2916.0752475247523,170.06797158006282,2916.0752475247523,170.06797158006282,2916.0752475247523,170.06797158006282,2916.0752475247523,170.06797158006282,,,,,,,,,,2015-04-30
2015,5,2,6,22,1,2985.7425742574255,2866.3128712871285,3105.1722772277226,2707.073267326733,2985.7425742574255,,,2985.7425742574255,119.42970297029684,2930.0087128712867,150.54249732495205,2930.0087128712867,150.54249732495205,119.42970297029706,,0.04166666666666674,,0.49999999999999994,-0.8660254037844387,1.2246467991473532e-16,-1.0,31,151,0,1,0,0,5,0.5160623910158528,-0.8565509959010036,-0.7818314824680299,0.6234898018587334,2866.3128712871285,,,,,,,,,,2930.0087128712867,150.54249732495205,2930.0087128712867,150.54249732495205,2930.0087128712867,150.54249732495205,2930.0087128712867,150.54249732495205,2930.0087128712867,150.54249732495205,2930.0087128712867,150.54249732495205,2930.0087128712867,150.54249732495205,2930.0087128712867,150.54249732495205,2930.0087128712867,150.54249732495205,,,,,,,,,,2015-05-31
2015,6,2,1,27,0,3184.792079207921,2985.7425742574255,2866.3128712871285,3105.1722772277226,2707.073267326733,,,3012.282508250825,160.889799371322,2972.472607260726,170.14561046636234,2972.472607260726,170.14561046636234,199.04950495049525,,0.06666666666666665,,1.2246467991473532e-16,-1.0,1.2246467991473532e-16,-1.0,30,181,0,1,0,1,5,0.02581844022713308,-0.9996666485105112,0.7818314824680298,0.6234898018587336,2985.7425742574255,,,,,,,,,,2972.472607260726,170.14561046636234,2972.472607260726,170.14561046636234,2972.472607260726,170.14561046636234,2972.472607260726,170.14561046636234,2972.472607260726,170.14561046636234,2972.472607260726,170.14561046636234,2972.472607260726,170.14561046636234,2972.472607260726,170.14561046636234,2972.472607260726,170.14561046636234,,,,,,,,,,2015-06-30
2015,7,3,4,31,0,3264.411881188119,3184.792079207921,2985.7425742574255,2866.3128712871285,3105.1722772277226,,,3144.982178217822,143.53663929094617,3018.917491749175,208.2581703900922,3014.1782178217823,190.52588529305567,79.61980198019819,,0.025000000000000133,,-0.4999999999999998,-0.8660254037844388,-1.0,-1.8369701987210297e-16,31,212,0,1,0,0,5,-0.4862727071086902,-0.8738071036110807,-0.433883739117558,-0.9009688679024191,3184.792079207921,,,,,,,,,,3014.1782178217823,190.52588529305567,3014.1782178217823,190.52588529305567,3014.1782178217823,190.52588529305567,3014.1782178217823,190.52588529305567,3014.1782178217823,190.52588529305567,3014.1782178217823,190.52588529305567,3014.1782178217823,190.52588529305567,3014.1782178217823,190.52588529305567,3014.1782178217823,190.52588529305567,,,,,,,,,,2015-07-31
2015,8,3,0,36,0,3383.841584158416,3264.411881188119,3184.792079207921,2985.7425742574255,2866.3128712871285,,,3277.6818481848186,100.18605378658852,3131.712211221122,187.85324492362986,3060.3861386138615,219.53532311294344,119.42970297029706,,0.03658536585365857,,-0.8660254037844384,-0.5000000000000004,-1.0,-1.8369701987210297e-16,31,243,0,1,0,0,5,-0.8631421280499115,-0.5049610547215202,0.0,1.0,3264.411881188119,2985.7425742574255,,,,,,,,,3071.049504950495,234.87680930255516,3060.3861386138615,219.53532311294344,3060.3861386138615,219.53532311294344,3060.3861386138615,219.53532311294344,3060.3861386138615,219.53532311294344,3060.3861386138615,219.53532311294344,3060.3861386138615,219.53532311294344,3060.3861386138615,219.53532311294344,3060.3861386138615,219.53532311294344,0.13333333333333353,398.0990099009905,,,,,,,,2015-08-31
2015,9,3,2,40,0,3304.221782178218,3383.841584158416,3264.411881188119,3184.792079207921,2985.7425742574255,2985.7425742574255,,3317.491749174918,60.81062823194018,3164.8871287128713,199.44720665559973,3087.47898789879,220.8562670016386,-79.61980198019819,,-0.02352941176470591,,-1.0,-1.8369701987210297e-16,-1.0,-1.8369701987210297e-16,30,273,0,1,0,1,5,-0.9999166586547379,-0.012910296075008843,0.9749279121818236,-0.22252093395631434,3383.841584158416,2707.073267326733,,,,,,,,,3156.3564356435645,183.46316416463588,3087.47898789879,220.8562670016386,3087.47898789879,220.8562670016386,3087.47898789879,220.8562670016386,3087.47898789879,220.8562670016386,3087.47898789879,220.8562670016386,3087.47898789879,220.8562670016386,3087.47898789879,220.8562670016386,3087.47898789879,220.8562670016386,0.22058823529411753,597.1485148514848,,,,,,,,2015-09-30
2015,10,4,5,44,1,3503.2712871287126,3304.221782178218,3383.841584158416,3264.411881188119,3184.792079207921,2707.073267326733,,3397.1115511551156,100.18605378658766,3271.046864686469,176.993703521435,3129.058217821782,246.26427491173143,199.0495049504948,,0.06024096385542155,,-0.8660254037844386,0.5000000000000001,-2.4492935982947064e-16,1.0,31,304,0,1,0,0,5,-0.867456354729597,0.4975132889071803,-0.9749279121818236,-0.2225209339563146,3304.221782178218,3105.1722772277226,,,,,,,,,3213.227722772277,222.50171858598074,3129.058217821782,246.26427491173143,3129.058217821782,246.26427491173143,3129.058217821782,246.26427491173143,3129.058217821782,246.26427491173143,3129.058217821782,246.26427491173143,3129.058217821782,246.26427491173143,3129.058217821782,246.26427491173143,3129.058217821782,246.26427491173143,0.1282051282051282,398.09900990099004,,,,,,,,2015-10-31
2015,11,4,0,49,0,4180.039603960396,3503.2712871287126,3304.221782178218,3383.841584158416,3264.411881188119,3105.1722772277226,,3662.5108910891086,459.11017505596254,3470.0963696369636,364.35666175341004,3224.60198019802,393.6955671671923,676.768316831683,,0.19318181818181812,,-0.5000000000000004,0.8660254037844384,-2.4492935982947064e-16,1.0,30,334,0,1,0,0,5,-0.5086709438521042,0.8609610158889945,0.0,1.0,3503.2712871287126,2866.3128712871285,,,,,,,,,3400.9029702970292,379.6628764078066,3224.60198019802,393.6955671671923,3224.60198019802,393.6955671671923,3224.60198019802,393.6955671671923,3224.60198019802,393.6955671671923,3224.60198019802,393.6955671671923,3224.60198019802,393.6955671671923,3224.60198019802,393.6955671671923,3224.60198019802,393.6955671671923,0.45833333333333326,1313.7267326732672,,,,,,,,2015-11-30
2015,12,4,3,53,0,4737.378217821782,4180.039603960396,3503.2712871287126,3304.221782178218,3383.841584158416,2866.3128712871285,,4140.229702970297,618.01585761111,3728.860726072607,597.7674592101242,3350.6666666666665,575.8587483920953,557.338613861386,,0.1333333333333333,,-2.4492935982947064e-16,1.0,-2.4492935982947064e-16,1.0,31,365,0,1,0,1,5,6.432490598706546e-16,1.0,0.43388373911755823,-0.900968867902419,4180.039603960396,2985.7425742574255,,,,,,,,,3651.1366336633664,583.1456546421206,3350.6666666666665,575.8587483920953,3350.6666666666665,575.8587483920953,3350.6666666666665,575.8587483920953,3350.6666666666665,575.8587483920953,3350.6666666666665,575.8587483920953,3350.6666666666665,575.8587483920953,3350.6666666666665,575.8587483920953,3350.6666666666665,575.8587483920953,0.5866666666666667,1751.635643564356,,,,,,,,2015-12-31
2016,1,1,6,4,1,2917.425742574257,4737.378217821782,4180.039603960396,3503.2712871287126,3304.221782178218,2985.7425742574255,2985.7425742574255,3944.947854785478,932.474048398929,3671.0297029702965,664.7220646232092,3344.973597359736,580.1164030313972,-1819.9524752475245,-68.3168316831684,-0.3841687092664363,-0.022881018702745726,0.49999999999999994,0.8660254037844387,1.0,6.123233995736766e-17,31,31,0,1,0,0,5,0.5086709438521044,0.8609610158889943,-0.7818314824680299,0.6234898018587334,4737.378217821782,3184.792079207921,,,,,,,,,3612.9414427157003,625.9653141508388,3317.340441736481,564.2846277160724,3317.340441736481,564.2846277160724,3317.340441736481,564.2846277160724,3317.340441736481,564.2846277160724,3317.340441736481,564.2846277160724,3317.340441736481,564.2846277160724,3317.340441736481,564.2846277160724,3317.340441736481,564.2846277160724,-0.08395095503382421,-267.36633663366365,,,,,,,,2016-01-31
2016,2,1,0,9,0,2645.132673267327,2917.425742574257,4737.378217821782,4180.039603960396,3503.2712871287126,3184.792079207921,2707.073267326733,3433.3122112211217,1137.5310945537672,3547.9115511551154,785.915560364224,3339.811881188118,586.5481627856332,-272.2930693069302,-61.94059405940607,-0.09333333333333316,-0.022881018702745726,0.8660254037844386,0.5000000000000001,1.0,6.123233995736766e-17,29,60,0,1,0,0,5,0.8587639582758029,0.5123714121284237,0.0,1.0,2917.425742574257,3264.411881188119,,,,,,,,,3524.4729844413014,720.1145428930238,3269.3256011315416,571.1387429481986,3269.3256011315416,571.1387429481986,3269.3256011315416,571.1387429481986,3269.3256011315416,571.1387429481986,3269.3256011315416,571.1387429481986,3269.3256011315416,571.1387429481986,3269.3256011315416,571.1387429481986,3269.3256011315416,571.1387429481986,-0.18970621063154525,-619.279207920792,,,,,,,,2016-02-29
2016,3,1,3,13,0,3034.122772277228,2645.132673267327,2917.425742574257,4737.378217821782,4180.039603960396,3264.411881188119,3105.1722772277226,2865.560396039604,199.6142152009856,3502.8950495049503,810.0310652542854,3333.891089108911,589.4832589305437,388.99009900990086,-71.04950495049479,0.1470588235294117,-0.022881018702745615,1.0,6.123233995736766e-17,1.0,6.123233995736766e-17,31,91,0,1,0,1,5,0.9999907397361901,0.004303538296244289,0.43388373911755823,-0.900968867902419,2645.132673267327,3383.841584158416,2985.7425742574255,,,,,,,,3474.51315417256,743.2567946383704,3272.7813295615274,569.434731641697,3253.6454125412542,553.7034646065074,3253.6454125412542,553.7034646065074,3253.6454125412542,553.7034646065074,3253.6454125412542,553.7034646065074,3253.6454125412542,553.7034646065074,3253.6454125412542,553.7034646065074,3253.6454125412542,553.7034646065074,-0.10334964069193142,-349.71881188118823,,,,,,,,2016-03-31
2016,4,2,5,17,1,2800.728712871287,3034.122772277228,2645.132673267327,2917.425742574257,4737.378217821782,3383.841584158416,2866.3128712871285,2826.661386138614,195.78738963229537,3385.804620462046,859.2471175035784,3328.4257425742576,594.4951966817308,-233.39405940594088,-65.58415841584156,-0.07692307692307698,-0.022881018702745726,0.8660254037844387,-0.49999999999999983,1.2246467991473532e-16,-1.0,30,121,0,1,0,0,5,0.8717063187093218,-0.49002866642905923,-0.9749279121818236,-0.2225209339563146,3034.122772277228,3304.221782178218,2707.073267326733,,,,,,,,3402.5855728429983,785.6372424057148,3279.471004243281,562.7889626044329,3225.338118811881,546.7807644037316,3225.338118811881,546.7807644037316,3225.338118811881,546.7807644037316,3225.338118811881,546.7807644037316,3225.338118811881,546.7807644037316,3225.338118811881,546.7807644037316,3225.338118811881,546.7807644037316,-0.15237871501924938,-503.4930693069309,,,,,,,,2016-04-30
2016,5,2,1,22,0,2917.425742574257,2800.728712871287,3034.122772277228,2645.132673267327,2917.425742574257,3304.221782178218,2985.7425742574255,2917.4257425742576,116.69702970298005,3175.3689768976897,776.4533016783134,3322.732673267327,598.3895235887805,116.69702970297021,-68.3168316831684,0.04166666666666674,-0.022881018702745726,0.49999999999999994,-0.8660254037844387,1.2246467991473532e-16,-1.0,31,152,0,1,0,0,5,0.5012418134457758,-0.865307254363206,0.7818314824680298,0.6234898018587336,2800.728712871287,3503.2712871287126,3105.1722772277226,,,,,,,,3318.893352192362,804.1109990948866,3266.06053748232,569.4590800573654,3207.2256260920212,534.659414697588,3207.2256260920212,534.659414697588,3207.2256260920212,534.659414697588,3207.2256260920212,534.659414697588,3207.2256260920212,534.659414697588,3207.2256260920212,534.659414697588,3207.2256260920212,534.659414697588,-0.16722814093984018,-585.8455445544555,,,,,,,,2016-05-31
2016,6,2,3,26,0,3111.920792079208,2917.425742574257,2800.728712871287,3034.122772277228,2645.132673267327,3503.2712871287126,3184.792079207921,2943.358415841584,157.20847686283264,2904.459405940594,166.25250557108836,3316.6600660066,600.2834000704985,194.49504950495066,-72.87128712871299,0.06666666666666665,-0.022881018702745726,1.2246467991473532e-16,-1.0,1.2246467991473532e-16,-1.0,30,182,0,1,0,1,5,0.008606996888688698,-0.9999629591162655,0.43388373911755823,-0.900968867902419,2917.425742574257,4180.039603960396,2866.3128712871285,,,,,,,,3166.3049504950495,709.2072128522728,3283.6039603960394,559.8996772112339,3201.930913091309,519.1820170024704,3201.930913091309,519.1820170024704,3201.930913091309,519.1820170024704,3201.930913091309,519.1820170024704,3201.930913091309,519.1820170024704,3201.930913091309,519.1820170024704,3201.930913091309,519.1820170024704,-0.2555283952020919,-1068.1188118811879,,,,,,,,2016-06-30
2016,7,3,6,30,1,3189.7188118811882,3111.920792079208,2917.425742574257,2800.728712871287,3034.122772277228,4180.039603960396,3264.411881188119,3073.0217821782176,140.2523747628065,2949.8415841584156,203.49301129839463,3310.4356435643563,601.2608760964829,77.79801980198044,-74.69306930693074,0.025000000000000133,-0.022881018702745726,-0.4999999999999998,-0.8660254037844388,-1.0,-1.8369701987210297e-16,31,213,0,1,0,0,5,-0.5012418134457756,-0.8653072543632061,-0.7818314824680299,0.6234898018587334,3111.920792079208,4737.378217821782,2985.7425742574255,,,,,,,,2945.210749646393,186.16645894830472,3298.17369165488,554.1771840950705,3201.288170922355,504.56200595843285,3201.288170922355,504.56200595843285,3201.288170922355,504.56200595843285,3201.288170922355,504.56200595843285,3201.288170922355,504.56200595843285,3201.288170922355,504.56200595843285,3201.288170922355,504.56200595843285,-0.3266911221313037,-1547.6594059405934,,,,,,,,2016-07-31
2016,8,3,2,35,0,3306.4158415841584,3189.7188118811882,3111.920792079208,2917.425742574257,2800.728712871287,4737.378217821782,3383.841584158416,3202.6851485148513,97.89369481614855,3060.0554455445545,183.55497131315872,3303.983498349835,600.816808937969,116.69702970297021,-77.42574257425758,0.03658536585365857,-0.022881018702745726,-0.8660254037844384,-0.5000000000000004,-1.0,-1.8369701987210297e-16,31,244,0,1,0,0,5,-0.8717063187093218,-0.4900286664290594,0.9749279121818236,-0.22252093395631434,3189.7188118811882,2917.425742574257,3184.792079207921,,,,,,,,3000.7807637906653,229.50258863605984,3306.861103253182,553.2155314536815,3206.5445544554455,491.66687252352364,3206.5445544554455,491.66687252352364,3206.5445544554455,491.66687252352364,3206.5445544554455,491.66687252352364,3206.5445544554455,491.66687252352364,3206.5445544554455,491.66687252352364,3206.5445544554455,491.66687252352364,0.13333333333333353,388.9900990099013,,,,,,,,2016-08-31
2016,9,3,4,39,0,3228.6178217821785,3306.4158415841584,3189.7188118811882,3111.920792079208,2917.425742574257,2917.425742574257,3304.221782178218,3241.584158415842,59.41921911004655,3092.4712871287124,194.88365138990073,3297.6831683168316,601.2103561263624,-77.79801980197999,-75.60396039603938,-0.0235294117647058,-0.022881018702745615,-1.0,-1.8369701987210297e-16,-1.0,-1.8369701987210297e-16,30,274,0,1,0,1,5,-0.9999907397361901,0.004303538296243821,-0.433883739117558,-0.9009688679024191,3306.4158415841584,2645.132673267327,3264.411881188119,,,,,,,,3084.1357850070717,179.26534007411772,3304.3043847241865,553.5094380716446,3207.5956624233854,479.241796223342,3207.5956624233854,479.241796223342,3207.5956624233854,479.241796223342,3207.5956624233854,479.241796223342,3207.5956624233854,479.241796223342,3207.5956624233854,479.241796223342,3207.5956624233854,479.241796223342,0.22058823529411775,583.4851485148515,,,,,,,,2016-09-30
2016,10,4,0,44,0,3423.1128712871287,3228.6178217821785,3306.4158415841584,3189.7188118811882,3111.920792079208,2645.132673267327,3503.2712871287126,3319.382178217822,97.89369481614547,3196.20198019802,172.9439072808911,3291.0033003300327,599.1602838825365,194.4950495049502,-80.15841584158397,0.06024096385542155,-0.022881018702745726,-0.8660254037844386,0.5000000000000001,-2.4492935982947064e-16,1.0,31,305,0,1,0,0,5,-0.858763958275803,0.5123714121284235,0.0,1.0,3228.6178217821785,3034.122772277228,3383.841584158416,,,,,,,,3139.7057991513434,217.41065260162054,3307.109476661952,554.0427784970612,3217.391899189919,469.9437856280377,3217.391899189919,469.9437856280377,3217.391899189919,469.9437856280377,3217.391899189919,469.9437856280377,3217.391899189919,469.9437856280377,3217.391899189919,469.9437856280377,3217.391899189919,469.9437856280377,0.1282051282051282,388.99009900990086,,,,,,,,2016-10-31
2016,11,4,2,48,0,4084.39603960396,3423.1128712871287,3228.6178217821785,3306.4158415841584,3189.7188118811882,3034.122772277228,4180.039603960396,3578.708910891089,448.60526655388594,3390.6970297029707,356.0198101613595,3283.0330033003297,586.7667715035093,661.2831683168315,-95.64356435643549,0.19318181818181812,-0.022881018702745726,-0.5000000000000004,0.8660254037844384,-2.4492935982947064e-16,1.0,30,335,0,1,0,0,5,-0.4937755501599774,0.8695893893466109,0.9749279121818236,-0.22252093395631434,3423.1128712871287,2800.728712871287,3304.221782178218,,,,,,,,3323.0868458274404,370.97580303198146,3362.836209335219,591.686878283692,3255.087731381834,493.44817041854367,3255.087731381834,493.44817041854367,3255.087731381834,493.44817041854367,3255.087731381834,493.44817041854367,3255.087731381834,493.44817041854367,3255.087731381834,493.44817041854367,3255.087731381834,493.44817041854367,0.45833333333333326,1283.6673267326732,,,,,,,,2016-11-30
2016,12,4,5,52,1,4628.9821782178215,4084.39603960396,3423.1128712871287,3228.6178217821785,3306.4158415841584,2800.728712871287,4737.378217821782,4045.49702970297,603.8750252145155,3643.5405940594064,584.0899307960441,3274.0,562.6825135999962,544.5861386138613,-108.39603960396016,0.1333333333333333,-0.022881018702745726,-2.4492935982947064e-16,1.0,-2.4492935982947064e-16,1.0,31,366,0,1,0,1,5,0.017213356155833904,0.9998518392091162,-0.9749279121818236,-0.2225209339563146,4084.39603960396,2917.425742574257,3503.2712871287126,,,,,,,,3567.5949080622345,569.8026880118301,3443.2441301272984,681.8583902388007,3312.3333333333335,558.1701730533283,3312.3333333333335,558.1701730533283,3312.3333333333335,558.1701730533283,3312.3333333333335,558.1701730533283,3312.3333333333335,558.1701730533283,3312.3333333333335,558.1701730533283,3312.3333333333335,558.1701730533283,0.5866666666666667,1711.5564356435643,,,,,,,,2016-12-31
2017,1,1,1,5,0,3165.668316831683,4628.9821782178215,4084.39603960396,3423.1128712871287,3228.6178217821785,2917.425742574257,2917.425742574257,3959.6821782178217,739.58571149501,3639.5321782178216,587.8973609848372,3294.686881188119,552.8589257917081,-1463.3138613861383,248.24257425742599,-0.31612000328537027,0.08508959478721256,0.49999999999999994,0.8660254037844387,1.0,6.123233995736766e-17,31,31,0,1,0,0,5,0.5086709438521044,0.8609610158889943,0.7818314824680298,0.6234898018587336,4628.9821782178215,3111.920792079208,4180.039603960396,,,,,,,,3575.273125884017,562.9600369404429,3370.789038189533,650.7265544938965,3306.4667326732674,547.2046718691282,3306.4667326732674,547.2046718691282,3306.4667326732674,547.2046718691282,3306.4667326732674,547.2046718691282,3306.4667326732674,547.2046718691282,3306.4667326732674,547.2046718691282,3306.4667326732674,547.2046718691282,0.017271495113011737,53.74752475247533,,,,,,,,2017-01-31
2017,2,1,1,9,0,2870.2059405940595,3165.668316831683,4628.9821782178215,4084.39603960396,3423.1128712871287,3111.920792079208,2645.132673267327,3554.9521452145214,941.7960967150993,3566.830528052805,659.8938887137056,3313.44298679868,532.2529142523309,-295.46237623762363,225.07326732673255,-0.09333333333333327,0.08508959478721234,0.8660254037844386,0.5000000000000001,1.0,6.123233995736766e-17,28,59,0,1,0,0,4,0.8498170915275278,0.5270777086423722,0.7818314824680298,0.6234898018587336,3165.668316831683,3189.7188118811882,4737.378217821782,,,,,,,,3529.6284299858557,610.3861561930788,3237.4195898161242,529.0615311374712,3289.687471439451,542.9325635796334,3289.687471439451,542.9325635796334,3289.687471439451,542.9325635796334,3289.687471439451,542.9325635796334,3289.687471439451,542.9325635796334,3289.687471439451,542.9325635796334,3289.687471439451,542.9325635796334,-0.10016960432279953,-319.51287128712875,,,,,,,,2017-02-28
2017,3,1,4,13,0,3292.2950495049504,2870.2059405940595,3165.668316831683,4628.9821782178215,4084.39603960396,3189.7188118811882,3034.122772277228,3109.389768976898,216.5993078861987,3577.443399339934,653.8510255226855,3334.9573432343236,525.1058641877916,422.0891089108909,258.1722772277226,0.1470588235294117,0.08508959478721234,1.0,6.123233995736766e-17,1.0,6.123233995736766e-17,31,90,0,1,0,1,5,0.9997685019798909,0.021516097436222254,-0.433883739117558,-0.9009688679024191,2870.2059405940595,3306.4158415841584,2917.425742574257,,,,,,,,3527.61117397454,611.2694913933586,3264.1959688826028,521.0460602424611,3289.7840484048406,532.3894165606387,3289.7840484048406,532.3894165606387,3289.7840484048406,532.3894165606387,3289.7840484048406,532.3894165606387,3289.7840484048406,532.3894165606387,3289.7840484048406,532.3894165606387,3289.7840484048406,532.3894165606387,-0.0042707247834993245,-14.120792079208059,,,,,,,,2017-03-31
2017,4,2,6,17,1,3039.0415841584154,3292.2950495049504,2870.2059405940595,3165.668316831683,4628.9821782178215,3306.4158415841584,2800.728712871287,3067.1808580858087,212.44685928054713,3513.4315181518155,689.7940699930065,3354.8167491749173,507.26817450900006,-253.253465346535,238.31287128712847,-0.07692307692307698,0.08508959478721234,0.8660254037844387,-0.49999999999999983,1.2246467991473532e-16,-1.0,30,120,0,1,0,0,5,0.8800122039735357,-0.47495107206704995,-0.7818314824680299,0.6234898018587334,3292.2950495049504,3228.6178217821785,2645.132673267327,,,,,,,,3500.5288543140027,630.6176075642398,3292.3323196605375,495.03138465505947,3280.8289603960397,524.5819190714925,3280.8289603960397,524.5819190714925,3280.8289603960397,524.5819190714925,3280.8289603960397,524.5819190714925,3280.8289603960397,524.5819190714925,3280.8289603960397,524.5819190714925,3280.8289603960397,524.5819190714925,-0.05871745994362321,-189.57623762376306,,,,,,,,2017-04-30
2017,5,2,2,22,0,3165.668316831683,3039.0415841584154,3292.2950495049504,2870.2059405940595,3165.668316831683,3228.6178217821785,2917.425742574257,3165.6683168316827,126.62673267326741,3360.310231023102,637.7054622615697,3375.5036303630363,492.6608534487995,126.62673267326772,248.24257425742599,0.04166666666666674,0.08508959478721256,0.49999999999999994,-0.8660254037844387,1.2246467991473532e-16,-1.0,31,151,0,1,0,0,5,0.5160623910158528,-0.8565509959010036,0.9749279121818236,-0.22252093395631434,3039.0415841584154,3423.1128712871287,3034.122772277228,,2985.7425742574255,,,,,,3463.7510608203675,643.2653035225021,3301.7284299858557,490.9852352565328,3276.8579037214067,515.5729056605581,3287.2548797736918,521.9286504124859,3276.8579037214067,515.5729056605581,3276.8579037214067,515.5729056605581,3276.8579037214067,515.5729056605581,3276.8579037214067,515.5729056605581,3276.8579037214067,515.5729056605581,-0.07520773171544404,-257.44455445544554,,,,,,,,2017-05-31
2017,6,2,4,26,0,3376.7128712871286,3165.668316831683,3039.0415841584154,3292.2950495049504,2870.2059405940595,3423.1128712871287,3111.920792079208,3193.8075907590755,170.5852824561982,3151.5986798679864,180.39886390249575,3397.5696369636967,485.66210921400375,211.04455445544545,264.7920792079208,0.06666666666666665,0.08508959478721234,1.2246467991473532e-16,-1.0,1.2246467991473532e-16,-1.0,30,181,0,1,0,1,5,0.02581844022713308,-0.9996666485105112,-0.433883739117558,-0.9009688679024191,3165.668316831683,4084.39603960396,2800.728712871287,,2707.073267326733,,,,,,3362.6534653465346,582.1757887971039,3342.8701555869875,469.43415068742485,3280.1864026402636,506.9336635113986,3311.170579915134,509.55441915355243,3280.1864026402636,506.9336635113986,3280.1864026402636,506.9336635113986,3280.1864026402636,506.9336635113986,3280.1864026402636,506.9336635113986,3280.1864026402636,506.9336635113986,-0.1732650706383143,-707.6831683168316,,,,,,,,2017-06-30
2017,7,3,0,31,0,3461.130693069307,3376.7128712871286,3165.668316831683,3039.0415841584154,3292.2950495049504,4084.39603960396,3189.7188118811882,3334.5039603960395,152.18639249930945,3200.842409240924,220.8081491718081,3420.1872937293724,481.40361719975454,84.41782178217863,271.41188118811897,0.025000000000000133,0.08508959478721234,-0.4999999999999998,-0.8660254037844388,-1.0,-1.8369701987210297e-16,31,212,0,1,0,0,5,-0.4862727071086902,-0.8738071036110807,0.0,1.0,3376.7128712871286,4628.9821782178215,2917.425742574257,2985.7425742574255,3105.1722772277226,,,,,,3195.8175388967466,202.00728750318964,3381.7062234794903,453.7583843346637,3296.0326732673266,504.8380066644148,3323.883380480905,508.6642482324735,3286.023315234749,499.47155798446,3286.023315234749,499.47155798446,3286.023315234749,499.47155798446,3286.023315234749,499.47155798446,3286.023315234749,499.47155798446,-0.25229120359200485,-1167.8514851485143,0.15921939249237327,475.38811881188167,,,475.38811881188167,,,2017-07-31
2017,8,3,3,35,0,3587.7574257425745,3461.130693069307,3376.7128712871286,3165.668316831683,3039.0415841584154,4628.9821782178215,3306.4158415841584,3475.2003300330034,106.2234296402657,3320.434323432343,199.17358944337647,3443.6324257425745,482.2092703401124,126.62673267326727,281.341584158416,0.03658536585365857,0.08508959478721234,-0.8660254037844384,-0.5000000000000004,-1.0,-1.8369701987210297e-16,31,243,0,1,0,0,5,-0.8631421280499115,-0.5049610547215202,0.43388373911755823,-0.900968867902419,3461.130693069307,3165.668316831683,3111.920792079208,2707.073267326733,2866.3128712871285,,,,,,3256.115983026874,249.03087090572134,3415.694554455446,449.7996779392122,3325.388811881188,494.91753542785403,3349.6492574257422,502.8670268192099,3295.4525061881186,494.23624630337423,3295.4525061881186,494.23624630337423,3295.4525061881186,494.23624630337423,3295.4525061881186,494.23624630337423,3295.4525061881186,494.23624630337423,0.13333333333333353,422.08910891089135,0.32532704934341417,880.6841584158415,,,880.6841584158415,,,2017-08-31
2017,9,3,5,39,1,3503.3396039603963,3587.7574257425745,3461.130693069307,3376.7128712871286,3165.668316831683,3165.668316831683,3228.6178217821785,3517.4092409240925,64.47517638667316,3355.6084158415847,211.46622231732198,3466.5259075907584,477.572261405374,-84.41782178217818,274.72178217821784,-0.02352941176470591,0.08508959478721234,-1.0,-1.8369701987210297e-16,-1.0,-1.8369701987210297e-16,30,273,0,1,0,1,5,-0.9999166586547379,-0.012910296075008843,-0.9749279121818236,-0.2225209339563146,3587.7574257425745,2870.2059405940595,3189.7188118811882,3105.1722772277226,2985.7425742574255,,,,,,3346.563649222065,194.51895522041994,3438.09603960396,445.4684483793487,3338.6610561056104,494.14657282512604,3368.13486562942,498.4886867670781,3301.752115211521,487.79673404838746,3301.752115211521,487.79673404838746,3301.752115211521,487.79673404838746,3301.752115211521,487.79673404838746,3301.752115211521,487.79673404838746,0.22058823529411775,633.1336633663368,0.12822712918465018,398.1673267326737,,,398.1673267326737,,,2017-09-30
2017,10,4,1,44,0,3714.3841584158413,3503.3396039603963,3587.7574257425745,3461.130693069307,3376.7128712871286,2870.2059405940595,3423.1128712871287,3601.8270627062707,106.22342964026207,3468.165511551155,187.65963427234064,3490.798514851485,482.54128610216435,211.044554455445,291.27128712871263,0.06024096385542155,0.08508959478721234,-0.8660254037844386,0.5000000000000001,-2.4492935982947064e-16,1.0,31,304,0,1,0,0,5,-0.867456354729597,0.4975132889071803,0.7818314824680298,0.6234898018587336,3503.3396039603963,3292.2950495049504,3306.4158415841584,2866.3128712871285,3184.792079207921,,,,,,3406.8620933521925,235.9100369339188,3467.2366336633663,449.51724630692945,3366.930099009901,490.43700097784995,3387.0488684582747,501.31358936729646,3313.8883517763543,485.5337058153872,3313.8883517763543,485.5337058153872,3313.8883517763543,485.5337058153872,3313.8883517763543,485.5337058153872,3313.8883517763543,485.5337058153872,0.1282051282051282,422.0891089108909,0.29587533713578273,848.0712871287128,,,848.0712871287128,,,2017-10-31
2017,11,4,3,48,0,4431.935643564356,3714.3841584158413,3503.3396039603963,3587.7574257425745,3461.130693069307,3292.2950495049504,4084.39603960396,3883.219801980198,486.7769069043628,3679.2100660066008,386.31339154420965,3519.7601485148516,529.5472147960392,717.5514851485145,347.53960396039565,0.19318181818181812,0.08508959478721234,-0.5000000000000004,0.8660254037844384,-2.4492935982947064e-16,1.0,30,334,0,1,0,0,5,-0.5086709438521042,0.8609610158889945,0.43388373911755823,-0.900968867902419,3714.3841584158413,3039.0415841584154,3228.6178217821785,2985.7425742574255,3264.411881188119,,,,,,3605.8469589816123,402.541983787835,3553.1879066478073,511.19267443808144,3415.1365346534653,521.7524242363052,3428.7461456859974,537.95151516456,3345.8325601131537,514.3194513709176,3345.8325601131537,514.3194513709176,3345.8325601131537,514.3194513709176,3345.8325601131537,514.3194513709176,3345.8325601131537,514.3194513709176,0.45833333333333326,1392.8940594059404,0.48436629526462394,1446.1930693069303,,,1446.1930693069303,,,2017-11-30
2017,12,4,6,52,1,5022.860396039604,4431.935643564356,3714.3841584158413,3503.3396039603963,3587.7574257425745,3039.0415841584154,4628.9821782178215,4389.726732673267,655.2585064121349,3953.5679867986796,633.78990632677,3552.5833333333335,610.5609406760702,590.9247524752482,393.8782178217825,0.13333333333333353,0.08508959478721256,-2.4492935982947064e-16,1.0,-2.4492935982947064e-16,1.0,31,365,0,1,0,1,5,6.432490598706546e-16,1.0,-0.7818314824680299,0.6234898018587334,4431.935643564356,3165.668316831683,3423.1128712871287,3184.792079207921,3383.841584158416,,,,,,3871.1601131541724,618.2869678434224,3667.45558698727,641.9532470190426,3476.405478547855,596.3580015808376,3487.282531824611,616.3458945750068,3392.4166666666665,578.8691550418065,3392.4166666666665,578.8691550418065,3392.4166666666665,578.8691550418065,3392.4166666666665,578.8691550418065,3392.4166666666665,578.8691550418065,0.5866666666666667,1857.1920792079209,0.577139188718663,1838.0683168316832,,,1838.0683168316832,,,2017-12-31
2018,1,1,2,5,0,3402.99504950495,5022.860396039604,4431.935643564356,3714.3841584158413,3503.3396039603963,3165.668316831683,3165.668316831683,4285.930363036304,819.7433084097172,3943.878712871287,643.198415056781,3572.360561056106,600.6519976355386,-1619.8653465346538,237.3267326732671,-0.3224985802535695,0.07496891933100325,0.49999999999999994,0.8660254037844387,1.0,6.123233995736766e-17,31,31,0,1,0,0,5,0.5086709438521044,0.8609610158889943,0.9749279121818236,-0.22252093395631434,5022.860396039604,3376.7128712871286,4084.39603960396,3264.411881188119,3304.221782178218,,,,,,3874.914710042433,614.8542402441519,3618.784087694484,633.6880362490505,3481.024917491749,595.1948607235851,3490.8101485148513,615.5414892564673,3392.702568905539,570.7753335706972,3392.702568905539,570.7753335706972,3392.702568905539,570.7753335706972,3392.702568905539,570.7753335706972,3392.702568905539,570.7753335706972,0.007783361872815586,26.282178217821638,0.04245272145817336,138.58316831683123,,,138.58316831683123,,,2018-01-31
2018,2,1,2,9,0,3085.382178217822,3402.99504950495,5022.860396039604,4431.935643564356,3714.3841584158413,3376.7128712871286,2870.2059405940595,3837.0792079207927,1039.1233100908455,3860.149504950495,726.1751101448345,3590.291914191419,580.664155641203,-317.6128712871282,215.17623762376252,-0.09333333333333316,0.07496891933100325,0.8660254037844386,0.5000000000000001,1.0,6.123233995736766e-17,28,59,0,1,0,0,4,0.8498170915275278,0.5270777086423722,0.9749279121818236,-0.22252093395631434,3402.99504950495,3461.130693069307,4628.9821782178215,3383.841584158416,3503.2712871287126,,,,,,3821.2363507779346,670.8513574569436,3508.5269448373406,576.0683282075125,3471.0762706270625,599.3551147677758,3475.8855374823193,620.2760885167505,3384.6151902032307,565.2122714618336,3384.6151902032307,565.2122714618336,3384.6151902032307,565.2122714618336,3384.6151902032307,565.2122714618336,3384.6151902032307,565.2122714618336,-0.10856235957916804,-375.7485148514852,-0.0882013529645842,-298.459405940594,,,-298.459405940594,,,2018-02-28
2018,3,1,5,13,1,3539.1148514851484,3085.382178217822,3402.99504950495,5022.860396039604,4431.935643564356,3461.130693069307,3292.2950495049504,3342.4973597359735,232.83752392626525,3866.11204620462,722.798462209366,3610.860231023102,573.4758273901064,453.7326732673264,246.819801980198,0.1470588235294117,0.07496891933100325,1.0,6.123233995736766e-17,1.0,6.123233995736766e-17,31,90,0,1,0,1,5,0.9997685019798909,0.021516097436222254,-0.9749279121818236,-0.2225209339563146,3085.382178217822,3587.7574257425745,3165.668316831683,3304.221782178218,4180.039603960396,,,,,,3814.2874115983027,673.9178214550631,3535.2016973125887,567.5543573621508,3478.906039603961,598.6340694491784,3452.9953677510607,604.9652460802957,3388.57671997969,558.2741221445052,3388.57671997969,558.2741221445052,3388.57671997969,558.2741221445052,3388.57671997969,558.2741221445052,3388.57671997969,558.2741221445052,-0.013557932849197152,-48.64257425742608,0.07108877211991604,234.89306930693056,,,234.89306930693056,,,2018-03-31
2018,4,2,0,18,0,3266.875247524752,3539.1148514851484,3085.382178217822,3402.99504950495,5022.860396039604,3587.7574257425745,3039.0415841584154,3297.1240924092403,228.37377073607033,3791.5272277227723,763.5278780676646,3629.8463696369636,556.338941250178,-272.2396039603964,227.83366336633662,-0.07692307692307698,0.07496891933100325,0.8660254037844387,-0.49999999999999983,1.2246467991473532e-16,-1.0,30,120,0,1,0,0,5,0.8800122039735357,-0.47495107206704995,0.0,1.0,3539.1148514851484,3503.3396039603963,2870.2059405940595,3503.2712871287126,4737.378217821782,,,,,,3780.5067892503534,697.6119988486666,3563.535219236209,541.0867995196675,3471.0261716171613,599.8568894262323,3400.4774045261665,550.7339612747068,3385.5341831683168,551.4061464303143,3385.5341831683168,551.4061464303143,3385.5341831683168,551.4061464303143,3385.5341831683168,551.4061464303143,3385.5341831683168,551.4061464303143,-0.06749684106226239,-236.46435643564428,-0.067478656441052,-236.39603960396062,,,-236.39603960396062,,,2018-04-30
2018,5,2,3,22,0,3402.99504950495,3266.875247524752,3539.1148514851484,3085.382178217822,3402.99504950495,3503.3396039603963,3165.668316831683,3402.99504950495,136.11980198019,3620.037128712871,704.1669252403093,3649.623597359736,542.3810958900505,136.1198019801982,237.3267326732671,0.04166666666666674,0.07496891933100325,0.49999999999999994,-0.8660254037844387,1.2246467991473532e-16,-1.0,31,151,0,1,0,0,5,0.5160623910158528,-0.8565509959010036,0.43388373911755823,-0.900968867902419,3266.875247524752,3714.3841584158413,3292.2950495049504,4180.039603960396,2917.425742574257,,,,,,3736.022630834512,712.3044801339237,3571.442362093352,537.6158634117066,3445.124686468647,584.7729274689359,3417.8191654879774,542.5440756393444,3385.9600579570147,544.4767726963773,3385.9600579570147,544.4767726963773,3385.9600579570147,544.4767726963773,3385.9600579570147,544.4767726963773,3385.9600579570147,544.4767726963773,-0.08383330738834949,-311.3891089108911,-0.18589406514695017,-777.0445544554455,,,-777.0445544554455,,,2018-05-31
2018,6,2,5,26,1,3629.861386138614,3402.99504950495,3266.875247524752,3539.1148514851484,3085.382178217822,3714.3841584158413,3376.7128712871286,3433.243894389439,183.3738767357076,3387.8706270627063,193.92317177780308,3670.7193069306927,535.6830574142153,226.86633663366365,253.1485148514853,0.06666666666666665,0.07496891933100325,1.2246467991473532e-16,-1.0,1.2246467991473532e-16,-1.0,30,181,0,1,0,1,5,0.02581844022713308,-0.9996666485105112,-0.9749279121818236,-0.2225209339563146,3402.99504950495,4431.935643564356,3039.0415841584154,4737.378217821782,2645.132673267327,,,,,,3621.4405940594056,642.8242399807644,3613.643776520509,515.3362888895897,3408.2074587458746,533.050555024482,3452.988048090523,522.1340000381037,3391.7672324375294,539.1110506116272,3391.7672324375294,539.1110506116272,3391.7672324375294,539.1110506116272,3391.7672324375294,539.1110506116272,3391.7672324375294,539.1110506116272,-0.18097606146209266,-802.074257425742,-0.23378264955007066,-1107.5168316831678,,,-1107.5168316831678,,,2018-06-30
2018,7,3,1,31,0,3720.6079207920793,3629.861386138614,3402.99504950495,3266.875247524752,3539.1148514851484,4431.935643564356,3461.130693069307,3584.4881188118816,163.59564188186116,3440.8061056105603,237.3618974946947,3692.342409240924,531.6757814254084,90.74653465346546,259.4772277227721,0.025000000000000133,0.07496891933100325,-0.4999999999999998,-0.8660254037844388,-1.0,-1.8369701987210297e-16,31,212,0,1,0,0,5,-0.4862727071086902,-0.8738071036110807,0.7818314824680298,0.6234898018587336,3629.861386138614,5022.860396039604,3165.668316831683,2917.425742574257,3034.122772277228,,,,,,3435.4045261669025,217.15155554429353,3653.2823196605373,499.3219784906074,3434.980198019802,527.6940042283118,3477.505374823197,517.8369246446194,3399.4146903062397,535.0098157435605,3399.4146903062397,535.0098157435605,3399.4146903062397,535.0098157435605,3399.4146903062397,535.0098157435605,3399.4146903062397,535.0098157435605,-0.2592651144105692,-1302.2524752475247,0.2753050974003939,803.1821782178222,,,803.1821782178222,,,2018-07-31
2018,8,3,4,35,0,3856.7277227722775,3720.6079207920793,3629.861386138614,3402.99504950495,3266.875247524752,5022.860396039604,3587.7574257425745,3735.7323432343237,114.18688536802313,3569.363696369637,214.10541820322044,3714.756600660066,532.5347844298547,136.1198019801982,268.97029702970303,0.03658536585365857,0.07496891933100325,-0.8660254037844384,-0.5000000000000004,-1.0,-1.8369701987210297e-16,31,243,0,1,0,0,5,-0.8631421280499115,-0.5049610547215202,-0.433883739117558,-0.9009688679024191,3720.6079207920793,3402.99504950495,3376.7128712871286,2645.132673267327,2800.728712871287,,,,,,3500.2234794908063,267.7004461775839,3687.5690947666194,495.334611664164,3475.3666996699667,511.2677845374062,3515.219625176803,505.0171945064844,3409.8081683168316,533.2278465023653,3409.8081683168316,533.2278465023653,3409.8081683168316,533.2278465023653,3409.8081683168316,533.2278465023653,3409.8081683168316,533.2278465023653,0.13333333333333353,453.7326732673273,0.45804698635715746,1211.5950495049506,,,1211.5950495049506,,,2018-08-31
2018,9,3,6,39,1,3765.981188118812,3856.7277227722775,3720.6079207920793,3629.861386138614,3402.99504950495,3402.99504950495,3503.3396039603963,3781.1056105610564,69.30881068404868,3607.1747524752477,227.31961647945863,3736.6433993399346,528.4372063233112,-90.74653465346546,262.64158415841575,-0.02352941176470591,0.07496891933100325,-1.0,-1.8369701987210297e-16,-1.0,-1.8369701987210297e-16,30,273,0,1,0,1,5,-0.9999166586547379,-0.012910296075008843,-0.7818314824680299,0.6234898018587334,3856.7277227722775,3085.382178217822,3461.130693069307,3034.122772277228,2917.425742574257,,,,,,3597.451909476662,209.10183108269337,3709.3441301272987,491.29881898537866,3499.76198019802,506.92971572078716,3545.525176803395,493.13628935332633,3417.723124312431,529.8008499455877,3417.723124312431,529.8008499455877,3417.723124312431,529.8008499455877,3417.723124312431,529.8008499455877,3417.723124312431,529.8008499455877,0.22058823529411753,680.59900990099,0.24120922941173406,731.8584158415842,,,731.8584158415842,,,2018-09-30
2018,10,4,2,44,0,3992.847524752475,3765.981188118812,3856.7277227722775,3720.6079207920793,3629.861386138614,3085.382178217822,3714.3841584158413,3871.8521452145214,114.18688536802054,3728.1701320132015,201.72827425578654,3759.8486798679864,533.4610789955367,226.86633663366274,278.4633663366335,0.06024096385542155,0.07496891933100325,-0.8660254037844386,0.5000000000000001,-2.4492935982947064e-16,1.0,31,304,0,1,0,0,5,-0.867456354729597,0.4975132889071803,0.9749279121818236,-0.22252093395631434,3765.981188118812,3539.1148514851484,3587.7574257425745,2800.728712871287,3111.920792079208,,,,,,3662.270862800566,253.595957462194,3738.279137199434,495.49807475949183,3539.499273927393,496.86842196983497,3576.98684582744,492.54895947315487,3430.2258286698234,530.6995561870107,3430.2258286698234,530.6995561870107,3430.2258286698234,530.6995561870107,3430.2258286698234,530.6995561870107,3430.2258286698234,530.6995561870107,0.1282051282051282,453.7326732673264,0.42564594221588714,1192.1188118811879,,,1192.1188118811879,,,2018-10-31
2018,11,4,4,48,0,4764.193069306931,3992.847524752475,3765.981188118812,3856.7277227722775,3720.6079207920793,3539.1148514851484,4431.935643564356,4174.340594059406,523.270045570271,3955.036468646865,415.27488903137294,3787.536798679868,578.2571882649304,771.345544554456,332.2574257425749,0.19318181818181834,0.07496891933100347,-0.5000000000000004,0.8660254037844384,-2.4492935982947064e-16,1.0,30,334,0,1,0,0,5,-0.5086709438521042,0.8609610158889945,-0.433883739117558,-0.9009688679024191,3992.847524752475,3266.875247524752,3503.3396039603963,2917.425742574257,3189.7188118811882,,,,,,3876.1734087694485,432.7201212977687,3828.3400990099008,559.9098542277372,3601.058184818482,530.4091804512194,3633.218069306931,534.7643428730562,3458.6081103855067,559.8038945691216,3458.6081103855067,559.8038945691216,3458.6081103855067,559.8038945691216,3458.6081103855067,559.8038945691216,3458.6081103855067,559.8038945691216,0.4583333333333335,1497.3178217821787,0.6330126247200165,1846.7673267326736,,,1846.7673267326736,,,2018-11-30
2018,12,4,0,1,0,5399.418811881188,4764.193069306931,3992.847524752475,3765.981188118812,3856.7277227722775,3266.875247524752,5022.860396039604,4718.819801980198,704.3825285202998,4249.962706270627,681.3044506869855,3818.9166666666665,656.334034584276,635.2257425742573,376.55841584158406,0.1333333333333333,0.07496891933100325,-2.4492935982947064e-16,1.0,-2.4492935982947064e-16,1.0,31,365,0,1,0,1,5,6.432490598706546e-16,1.0,0.0,1.0,4764.193069306931,3402.99504950495,3714.3841584158413,3111.920792079208,3306.4158415841584,,,,,,4161.376803394625,664.6392736590872,3948.699717114568,697.6873788261881,3677.3081188118813,615.2965936195479,3707.9681753889677,625.906203421288,3499.0416666666665,620.6340395206176,3499.0416666666665,620.6340395206176,3499.0416666666665,620.6340395206176,3499.0416666666665,620.6340395206176,3499.0416666666665,620.6340395206176,0.5866666666666669,1996.4237623762378,0.7350759137650174,2287.4980198019803,,,2287.4980198019803,,,2018-12-31
2019,1,1,3,5,0,3299.257425742574,5399.418811881188,4764.193069306931,3992.847524752475,3765.981188118812,3402.99504950495,3402.99504950495,4487.623102310231,1077.0504500441596,4179.737623762376,763.5330301780815,3810.2718646864687,662.960039816639,-2100.161386138614,-103.73762376237619,-0.3889606380444687,-0.030484212363890317,0.49999999999999994,0.8660254037844387,1.0,6.123233995736766e-17,31,31,0,1,0,0,5,0.5086709438521044,0.8609610158889943,0.43388373911755823,-0.900968867902419,5399.418811881188,3629.861386138614,4431.935643564356,3189.7188118811882,3228.6178217821785,,,,,,4114.147666195191,718.2849048576963,3867.7941301272986,702.9934978681578,3680.959405940594,612.6225727555964,3710.491018387553,624.0421116113363,3494.9644372600524,614.797898606534,3494.9644372600524,614.797898606534,3494.9644372600524,614.797898606534,3494.9644372600524,614.797898606534,3494.9644372600524,614.797898606534,-0.09107894909114722,-330.60396039603984,0.034341150528182096,109.53861386138578,,,109.53861386138578,,,2019-01-31
2019,2,1,3,9,0,2991.3267326732675,3299.257425742574,5399.418811881188,4764.193069306931,3992.847524752475,3629.861386138614,3085.382178217822,3896.6676567656773,1310.4965103289235,4035.504125412541,905.3263144865282,3802.4339108910895,672.7923513099984,-307.93069306930647,-94.05544554455446,-0.09333333333333316,-0.030484212363890317,0.8660254037844386,0.5000000000000001,1.0,6.123233995736766e-17,28,59,0,1,0,0,4,0.8498170915275278,0.5270777086423722,0.43388373911755823,-0.900968867902419,3299.257425742574,3720.6079207920793,5022.860396039604,3306.4158415841584,3423.1128712871287,,,,,,4009.9646393210746,829.2038172449024,3722.684582743989,654.2065214000144,3670.4564356435644,621.8960733036953,3695.0700848656293,636.614994000062,3484.891683168317,612.6464475155924,3484.891683168317,612.6464475155924,3484.891683168317,612.6464475155924,3484.891683168317,612.6464475155924,3484.891683168317,612.6464475155924,-0.19601129805786022,-729.2811881188118,-0.09529627367134996,-315.0891089108909,,,-315.0891089108909,,,2019-02-28
2019,3,1,6,13,1,3431.227722772277,2991.3267326732675,3299.257425742574,5399.418811881188,4764.193069306931,3720.6079207920793,3539.1148514851484,3240.6039603960394,225.73965540061914,3979.7118811881187,935.0838880523644,3793.4433168316828,677.3365059666614,439.9009900990095,-107.88712871287134,0.1470588235294117,-0.030484212363890317,1.0,6.123233995736766e-17,1.0,6.123233995736766e-17,31,90,0,1,0,1,5,0.9997685019798909,0.021516097436222254,-0.7818314824680299,0.6234898018587334,2991.3267326732675,3856.7277227722775,3402.99504950495,3228.6178217821785,4084.39603960396,,,,,,3949.1789250353604,857.4248623791628,3724.7012022630834,653.1879817392648,3677.2100990099007,618.0204134287104,3671.742644978783,633.7812718318368,3483.8394486507477,606.5355911501683,3483.8394486507477,606.5355911501683,3483.8394486507477,606.5355911501683,3483.8394486507477,606.5355911501683,3483.8394486507477,606.5355911501683,-0.11032668899274645,-425.50000000000045,0.06275437731377553,202.6099009900986,,,202.6099009900986,,,2019-03-31
2019,4,2,1,18,0,3167.287128712871,3431.227722772277,2991.3267326732675,3299.257425742574,5399.418811881188,3856.7277227722775,3266.875247524752,3196.6138613861385,221.41197621061434,3842.118481848185,991.7841660892495,3785.1443069306933,684.9421556856388,-263.94059405940607,-99.58811881188103,-0.07692307692307698,-0.030484212363890206,0.8660254037844387,-0.49999999999999983,1.2246467991473532e-16,-1.0,30,120,0,1,0,0,5,0.8800122039735357,-0.47495107206704995,0.7818314824680298,0.6234898018587336,3431.227722772277,3765.981188118812,3085.382178217822,3423.1128712871287,4628.9821782178215,,,,,,3863.6512022630836,907.1615804771073,3730.5515558698726,647.3621905807205,3668.682574257425,623.3890185543704,3619.5392503536063,611.8335320249538,3477.751904036558,602.1619466796761,3477.751904036558,602.1619466796761,3477.751904036558,602.1619466796761,3477.751904036558,602.1619466796761,3477.751904036558,602.1619466796761,-0.1589742565084351,-598.6940594059411,-0.07473482534569897,-255.82574257425767,,,-255.82574257425767,,,2019-04-30
2019,5,2,4,22,0,3299.257425742574,3167.287128712871,3431.227722772277,2991.3267326732675,3299.257425742574,3765.981188118812,3402.99504950495,3299.2574257425745,131.97029702970266,3597.962541254125,894.9841341567351,3776.4995049504946,690.8331293138042,131.97029702970303,-103.73762376237619,0.04166666666666674,-0.030484212363890317,0.49999999999999994,-0.8660254037844387,1.2246467991473532e-16,-1.0,31,151,0,1,0,0,5,0.5160623910158528,-0.8565509959010036,-0.433883739117558,-0.9009688679024191,3167.287128712871,3992.847524752475,3539.1148514851484,4084.39603960396,3165.668316831683,,,,,,3764.5669024045264,928.3298223551272,3713.4188826025456,655.9355439315246,3642.511287128713,621.8135698033739,3624.310289957567,608.6759028909894,3474.3840836913882,596.8476266848867,3474.3840836913882,596.8476266848867,3474.3840836913882,596.8476266848867,3474.3840836913882,596.8476266848867,3474.3840836913882,596.8476266848867,-0.1737081355374065,-693.5900990099008,-0.1922288157779911,-785.1386138613861,,,-785.1386138613861,,,2019-05-31
2019,6,2,6,26,1,3519.207920792079,3299.257425742574,3167.287128712871,3431.227722772277,2991.3267326732675,3992.847524752475,3629.861386138614,3328.584158415841,177.78386853531177,3284.5940594059407,188.0115766270486,3767.2783828382835,693.7009055786151,219.9504950495052,-110.65346534653463,0.06666666666666665,-0.030484212363890317,1.2246467991473532e-16,-1.0,1.2246467991473532e-16,-1.0,30,181,0,1,0,1,5,0.02581844022713308,-0.9996666485105112,-0.7818314824680299,0.6234898018587334,3299.257425742574,4764.193069306931,3266.875247524752,4628.9821782178215,2870.2059405940595,,,,,,3586.7118811881187,817.5470680376848,3731.4426449787834,646.114861592665,3605.518811881188,593.468383859764,3647.4889321074966,590.9960748176347,3475.214154748808,591.2216425419557,3475.214154748808,591.2216425419557,3475.214154748808,591.2216425419557,3475.214154748808,591.2216425419557,3475.214154748808,591.2216425419557,-0.26132130465820214,-1244.9851485148515,-0.23974476779105036,-1109.7742574257422,,,-1109.7742574257422,,,2019-06-30
2019,7,3,2,31,0,3607.1881188118814,3519.207920792079,3299.257425742574,3167.287128712871,3431.227722772277,4764.193069306931,3720.6079207920793,3475.2178217821784,158.6085575929323,3335.915841584159,230.1261070043699,3757.8267326732675,695.1657203812388,87.98019801980217,-113.41980198019792,0.025000000000000133,-0.030484212363890206,-0.4999999999999998,-0.8660254037844388,-1.0,-1.8369701987210297e-16,31,212,0,1,0,0,5,-0.4862727071086902,-0.8738071036110807,0.9749279121818236,-0.22252093395631434,3519.207920792079,5399.418811881188,3402.99504950495,3165.668316831683,3292.2950495049504,,,,,,3330.678925035361,210.53186140992852,3746.027864214993,640.4097576756184,3620.236138613861,587.6303463325988,3658.7351131541723,586.9690460950956,3477.6136813681364,585.9920533287676,3477.6136813681364,585.9920533287676,3477.6136813681364,585.9920533287676,3477.6136813681364,585.9920533287676,3477.6136813681364,585.9920533287676,-0.3319302975952857,-1792.2306930693067,0.13947127677042537,441.5198019801983,,,441.5198019801983,,,2019-07-31
2019,8,3,5,35,1,3739.1584158415844,3607.1881188118814,3519.207920792079,3299.257425742574,3167.287128712871,5399.418811881188,3856.7277227722775,3621.8514851485147,110.70598810529776,3460.5544554455446,207.57858316645343,3748.029290429043,694.4732725036521,131.97029702970303,-117.56930693069307,0.03658536585365857,-0.030484212363890317,-0.8660254037844384,-0.5000000000000004,-1.0,-1.8369701987210297e-16,31,243,0,1,0,0,5,-0.8631421280499115,-0.5049610547215202,-0.9749279121818236,-0.2225209339563146,3607.1881188118814,3299.257425742574,3629.861386138614,2870.2059405940595,3039.0415841584154,,,,,,3393.5219236209336,259.5398089263953,3753.8347949080626,639.550311655133,3649.2012211221127,570.5533074897179,3683.7392857142854,574.3699880176773,3482.2841230551626,581.6913457274399,3482.2841230551626,581.6913457274399,3482.2841230551626,581.6913457274399,3482.2841230551626,581.6913457274399,3482.2841230551626,581.6913457274399,0.13333333333333353,439.9009900990104,0.3027491731369192,868.952475247525,,,868.952475247525,,,2019-08-31
2019,9,3,0,40,0,3651.1782178217823,3739.1584158415844,3607.1881188118814,3519.207920792079,3299.257425742574,3299.257425742574,3765.981188118812,3665.841584158416,67.19598618047415,3497.212871287129,220.3899570162203,3738.462376237623,694.994044311304,-87.98019801980217,-114.80297029702979,-0.02352941176470591,-0.030484212363890317,-1.0,-1.8369701987210297e-16,-1.0,-1.8369701987210297e-16,30,273,0,1,0,1,5,-0.9999166586547379,-0.012910296075008843,0.0,1.0,3739.1584158415844,2991.3267326732675,3720.6079207920793,3292.2950495049504,3165.668316831683,2985.7425742574255,,,,,3487.786421499293,202.7275264582864,3748.8755304101837,640.0967380128403,3661.16399339934,566.5603988101348,3701.0789250353605,565.4093231302331,3494.166902404526,578.1495508606733,3485.2471773493135,576.9081686959632,3485.2471773493135,576.9081686959632,3485.2471773493135,576.9081686959632,3485.2471773493135,576.9081686959632,0.22058823529411753,659.8514851485147,0.10900698841399281,358.88316831683187,,,358.88316831683187,,,2019-09-30
2019,10,4,3,44,0,3871.128712871287,3651.1782178217823,3739.1584158415844,3607.1881188118814,3519.207920792079,2991.3267326732675,3992.847524752475,3753.821782178218,110.70598810529366,3614.519801980198,195.57874670357202,3728.3191419141913,691.8248509669852,219.95049504950475,-121.71881188118778,0.06024096385542155,-0.030484212363890206,-0.8660254037844386,0.5000000000000001,-2.4492935982947064e-16,1.0,31,304,0,1,0,0,5,-0.867456354729597,0.4975132889071803,0.43388373911755823,-0.900968867902419,3651.1782178217823,3431.227722772277,3856.7277227722775,3039.0415841584154,3376.7128712871286,2707.073267326733,,,,,3550.6294200848656,245.86528444028917,3749.904172560113,640.2949304782533,3688.900231023102,555.3097863142392,3718.736633663367,562.617603017425,3514.9536067892504,570.2075637003256,3491.900307272106,574.0656360407164,3491.900307272106,574.0656360407164,3491.900307272106,574.0656360407164,3491.900307272106,574.0656360407164,0.1282051282051282,439.90099009900996,0.27379919151165444,832.0871287128716,,,832.0871287128716,,,2019-10-31
2019,11,4,5,48,1,4618.960396039603,3871.128712871287,3651.1782178217823,3739.1584158415844,3607.1881188118814,3431.227722772277,4764.193069306931,4047.0891089108914,507.31857037744396,3834.4702970297026,402.6155611247495,3716.2164191419142,673.0721430930378,747.8316831683164,-145.2326732673273,0.19318181818181812,-0.03048421236389043,-0.5000000000000004,0.8660254037844384,-2.4492935982947064e-16,1.0,30,334,0,1,0,0,5,-0.5086709438521042,0.8609610158889945,-0.9749279121818236,-0.2225209339563146,3871.128712871287,3167.287128712871,3765.981188118812,3165.668316831683,3461.130693069307,3105.1722772277226,,,,,3758.0113154172554,419.5289892259969,3810.83125884017,681.2172072724529,3737.343300330033,571.2520474609179,3760.087694483734,585.0832745518112,3541.9855374823196,586.088827439234,3511.003020641047,587.7068490355155,3511.003020641047,587.7068490355155,3511.003020641047,587.7068490355155,3511.003020641047,587.7068490355155,0.45833333333333326,1451.6732673267325,0.45907907391334923,1453.2920792079203,,,1453.2920792079203,,,2019-11-30
2019,12,4,1,1,0,5234.821782178217,4618.960396039603,3871.128712871287,3651.1782178217823,3739.1584158415844,3167.287128712871,5399.418811881188,4574.970297029703,682.9099819354717,4120.40594059406,660.5354211277794,3702.5,636.32620849236,615.8613861386139,-164.59702970297076,0.1333333333333333,-0.030484212363890317,-2.4492935982947064e-16,1.0,-2.4492935982947064e-16,1.0,31,365,0,1,0,1,5,6.432490598706546e-16,1.0,0.7818314824680298,0.6234898018587336,4618.960396039603,3299.257425742574,3992.847524752475,3376.7128712871286,3587.7574257425745,2866.3128712871285,,,,,4034.5205091937764,644.3782688954801,3899.543705799151,780.3933918892174,3799.280264026403,628.6504434983458,3818.911421499293,646.6713136754837,3584.280339462518,620.871698572237,3539.733333333333,623.7555341145414,3539.733333333333,623.7555341145414,3539.733333333333,623.7555341145414,3539.733333333333,623.7555341145414,0.5866666666666667,1935.5643564356433,0.5502715160329337,1858.1089108910887,,,1858.1089108910887,,,2019-12-31
2020,1,1,4,5,0,3207.2524752475247,5234.821782178217,4618.960396039603,3871.128712871287,3651.1782178217823,3299.257425742574,3299.257425742574,4353.678217821782,1039.4904035929524,4053.75,738.2863733000811,3694.832920792079,642.1541593158862,-2027.5693069306926,-92.00495049504934,-0.38732346415946517,-0.027886563133018183,0.49999999999999994,0.8660254037844387,1.0,6.123233995736766e-17,31,31,0,1,0,0,5,0.5086709438521044,0.8609610158889943,-0.433883739117558,-0.9009688679024191,5234.821782178217,3519.207920792079,4764.193069306931,3461.130693069307,3503.3396039603963,2985.7425742574255,,,,,3989.955445544554,694.7737212558295,3788.333663366337,758.3220949473914,3790.8176567656765,635.0357937755408,3808.3368811881187,654.3974436062812,3588.2358734087693,617.6865636303905,3534.282827463074,619.9989025003354,3534.282827463074,619.9989025003354,3534.282827463074,619.9989025003354,3534.282827463074,619.9989025003354,-0.08864365293720466,-311.95544554455455,-0.07335123701920798,-253.87821782178253,,,-253.87821782178253,,,2020-01-31
2020,2,1,5,9,1,2907.9089108910894,3207.2524752475247,5234.821782178217,4618.960396039603,3871.128712871287,3519.207920792079,2991.3267326732675,3783.327722772277,1265.909908227458,3915.208415841584,874.5461861357793,3687.8814356435637,650.8546947515573,-299.3435643564353,-83.41782178217818,-0.09333333333333327,-0.027886563133018183,0.8660254037844386,0.5000000000000001,1.0,6.123233995736766e-17,29,60,0,1,0,0,5,0.8587639582758029,0.5123714121284237,-0.9749279121818236,-0.2225209339563146,3207.2524752475247,3607.1881188118814,5399.418811881188,3587.7574257425745,3714.3841584158413,3184.792079207921,,,,,3890.058415841584,801.1160031921303,3610.3686704384722,633.1746655973905,3768.156039603961,654.368114560619,3779.53419377652,676.0749231018876,3583.2915311173974,622.0673286362338,3524.1800223570744,620.0202864985758,3524.1800223570744,620.0202864985758,3524.1800223570744,620.0202864985758,3524.1800223570744,620.0202864985758,-0.19385714991518588,-699.279207920792,-0.18949121531280055,-679.8485148514851,,,-679.8485148514851,,,2020-02-29
2020,3,1,1,14,0,3335.5425742574257,2907.9089108910894,3207.2524752475247,5234.821782178217,4618.960396039603,3607.1881188118814,3431.227722772277,3150.2346534653466,219.4445522486615,3862.6024752475246,902.646264152416,3679.907673267327,654.8586762706649,427.63366336633635,-95.68514851485133,0.1470588235294117,-0.027886563133018183,1.0,6.123233995736766e-17,1.0,6.123233995736766e-17,31,91,0,1,0,1,5,0.9999907397361901,0.004303538296244289,0.7818314824680298,0.6234898018587336,2907.9089108910894,3739.1584158415844,3299.257425742574,3503.3396039603963,4431.935643564356,3264.411881188119,,,,,3832.39900990099,827.8653133548789,3612.9604667609615,631.8761548484113,3762.5628052805278,657.4197050475975,3740.3772984441302,668.598775282083,3584.5617220650633,621.4767141039281,3521.185777149143,615.4588342920877,3521.185777149143,615.4588342920877,3521.185777149143,615.4588342920877,3521.185777149143,615.4588342920877,-0.10794296381618151,-403.6158415841587,-0.04789630714455495,-167.79702970297058,,,-167.79702970297058,,,2020-03-31
2020,4,2,3,18,0,3078.9623762376236,3335.5425742574257,2907.9089108910894,3207.2524752475247,5234.821782178217,3739.1584158415844,3167.287128712871,3107.4712871287134,215.23755715760817,3730.5747524752474,957.4218068863063,3672.5472772277226,661.6057647133384,-256.5801980198021,-88.32475247524735,-0.07692307692307698,-0.027886563133018183,0.8660254037844387,-0.49999999999999983,1.2246467991473532e-16,-1.0,30,121,0,1,0,0,5,0.8717063187093218,-0.49002866642905923,0.43388373911755823,-0.900968867902419,3335.5425742574257,3651.1782178217823,2991.3267326732675,3714.3841584158413,5022.860396039604,3383.841584158416,,,,,3750.6538896746815,875.6155734715535,3619.220155586987,625.6476069657838,3741.3820792079205,669.1566761236909,3670.9523691654877,630.3264446266932,3579.11745049505,624.5946193561177,3514.276036509901,613.0519494703984,3514.276036509901,613.0519494703984,3514.276036509901,613.0519494703984,3514.276036509901,613.0519494703984,-0.1567208740431002,-572.2158415841586,-0.17107056111536412,-635.4217821782177,,,-635.4217821782177,,,2020-04-30
2020,5,2,6,22,1,3207.2524752475247,3078.9623762376236,3335.5425742574257,2907.9089108910894,3207.2524752475247,3651.1782178217823,3299.257425742574,3207.252475247524,128.29009900989627,3495.290099009901,864.3803013397406,3664.880198019802,666.8373522017708,128.29009900990104,-92.00495049504934,0.04166666666666674,-0.027886563133018183,0.49999999999999994,-0.8660254037844387,1.2246467991473532e-16,-1.0,31,152,0,1,0,0,5,0.5012418134457758,-0.865307254363206,-0.7818314824680299,0.6234898018587334,3078.9623762376236,3871.128712871287,3431.227722772277,4431.935643564356,3402.99504950495,3304.221782178218,,,,,3655.8144271570013,896.1050016281748,3603.221923620934,633.6370638082657,3700.559306930693,662.9033399480948,3663.9615629420086,634.4801485829634,3577.3858557284298,625.504336717556,3509.5525971058646,609.4345855893642,3509.5525971058646,609.4345855893642,3509.5525971058646,609.4345855893642,3509.5525971058646,609.4345855893642,-0.1714942299429133,-663.8762376237623,-0.27633144224357187,-1224.6831683168311,,,-1224.6831683168311,,,2020-05-31
2020,6,2,1,27,0,3421.069306930693,3207.2524752475247,3078.9623762376236,3335.5425742574257,2907.9089108910894,3871.128712871287,3519.207920792079,3235.761386138614,172.82608746136617,3192.9980198019803,182.768579925701,3656.70198019802,669.3832532132724,213.8168316831684,-98.13861386138615,0.06666666666666665,-0.027886563133018183,1.2246467991473532e-16,-1.0,1.2246467991473532e-16,-1.0,30,182,0,1,0,1,5,0.008606996888688698,-0.9999629591162655,0.7818314824680298,0.6234898018587336,3207.2524752475247,4618.960396039603,3167.287128712871,5022.860396039604,3085.382178217822,3503.2712871287126,,,,,3484.687128712871,789.5661563842025,3621.3492220650633,623.75951463571,3647.1662706270627,615.5427743725552,3675.950388967468,626.2609395970815,3575.917963224894,625.7778195517907,3508.2119411941194,604.8265303780261,3508.2119411941194,604.8265303780261,3508.2119411941194,604.8265303780261,3508.2119411941194,604.8265303780261,-0.2593421433394424,-1197.8910891089104,-0.3189001809351265,-1601.791089108911,,,-1601.791089108911,,,2020-06-30
2020,7,3,4,31,0,3506.5960396039604,3421.069306930693,3207.2524752475247,3078.9623762376236,3335.5425742574257,4618.960396039603,3607.1881188118814,3378.30594059406,154.18551003817612,3242.8886138613866,223.7086807928375,3648.319306930693,670.6882677115558,85.52673267326736,-100.59207920792096,0.02499999999999991,-0.027886563133018294,-0.4999999999999998,-0.8660254037844388,-1.0,-1.8369701987210297e-16,31,213,0,1,0,0,5,-0.5012418134457756,-0.8653072543632061,-0.433883739117558,-0.9009688679024191,3421.069306930693,5234.821782178217,3299.257425742574,3402.99504950495,3539.1148514851484,4180.039603960396,,,,,3237.7977369165487,204.6608513652089,3636.159123055163,617.9582771928792,3650.6196369636964,614.4152515236037,3674.789002828854,626.5541803591267,3563.892185289958,620.4049595209059,3508.187823259938,600.2270547954865,3508.187823259938,600.2270547954865,3508.187823259938,600.2270547954865,3508.187823259938,600.2270547954865,-0.33014032081434863,-1728.2257425742569,0.030444061361206476,103.60099009901023,,,103.60099009901023,,,2020-07-31
2020,8,3,0,36,0,3634.8861386138615,3506.5960396039604,3421.069306930693,3207.2524752475247,3078.9623762376236,5234.821782178217,3739.1584158415844,3520.850495049505,107.61877857879102,3364.051485148515,201.78992990192032,3639.6299504950493,670.0795695102403,128.29009900990104,-104.27227722772295,0.03658536585365857,-0.027886563133018294,-0.8660254037844384,-0.5000000000000004,-1.0,-1.8369701987210297e-16,31,244,0,1,0,0,5,-0.8717063187093218,-0.4900286664290594,0.0,1.0,3506.5960396039604,3207.2524752475247,3519.207920792079,3085.382178217822,3266.875247524752,4737.378217821782,,,,,3298.888260254597,252.30213565923796,3644.421852899576,617.0469274936345,3668.936435643564,605.1037512242482,3687.9322489391793,621.5201064678207,3544.204826732673,599.6346277660766,3510.0510337798487,595.929006838578,3510.0510337798487,595.929006838578,3510.0510337798487,595.929006838578,3510.0510337798487,595.929006838578,0.1333333333333333,427.6336633663368,0.17809915551967181,549.5039603960395,,,549.5039603960395,,,2020-08-31
2020,9,3,2,40,0,3549.359405940594,3634.8861386138615,3506.5960396039604,3421.069306930693,3207.2524752475247,3207.2524752475247,3651.1782178217823,3563.613861386139,65.32212106955879,3399.6876237623765,214.2440385660049,3631.1450495049507,670.5645118733567,-85.52673267326736,-101.81881188118814,-0.02352941176470591,-0.027886563133018183,-1.0,-1.8369701987210297e-16,-1.0,-1.8369701987210297e-16,30,274,0,1,0,1,5,-0.9999907397361901,0.004303538296243821,0.9749279121818236,-0.22252093395631434,3634.8861386138615,2907.9089108910894,3607.1881188118814,3539.1148514851484,3402.99504950495,2917.425742574257,,,,,3390.5240452616686,197.07415249290676,3640.2912305516265,617.5087348354695,3669.277920792079,605.0308475059716,3693.15954738331,619.6475607927952,3555.489356435643,593.5400155008721,3510.6207203329027,591.5498747620651,3510.6207203329027,591.5498747620651,3510.6207203329027,591.5498747620651,3510.6207203329027,591.5498747620651,0.22058823529411753,641.4504950495048,0.0028946657244386387,10.244554455445723,,,10.244554455445723,,,2020-09-30
2020,10,4,5,44,1,3763.176237623762,3549.359405940594,3634.8861386138615,3506.5960396039604,3421.069306930693,2907.9089108910894,3871.128712871287,3649.1405940594063,107.61877857878801,3513.723267326732,190.1247276361466,3622.14900990099,667.7706017130399,213.81683168316795,-107.95247524752494,0.06024096385542155,-0.027886563133018294,-0.8660254037844386,0.5000000000000001,-2.4492935982947064e-16,1.0,31,305,0,1,0,0,5,-0.858763958275803,0.5123714121284235,-0.9749279121818236,-0.2225209339563146,3549.359405940594,3335.5425742574257,3739.1584158415844,3266.875247524752,3629.861386138614,2645.132673267327,,,,,3451.614568599717,239.00894666352755,3642.0067892503534,617.8378110194021,3685.821287128713,600.416118920833,3697.920792079208,619.6553589360421,3575.4544200848654,581.0335460374368,3514.2286562942004,588.0229510911969,3514.2286562942004,588.0229510911969,3514.2286562942004,588.0229510911969,3514.2286562942004,588.0229510911969,0.1282051282051282,427.63366336633635,0.1519191742859014,496.30099009901005,,,496.30099009901005,,,2020-10-31
2020,11,4,0,49,0,4490.153465346534,3763.176237623762,3549.359405940594,3634.8861386138615,3506.5960396039604,3335.5425742574257,4618.960396039603,3934.229702970297,493.17119903606056,3727.5400990099006,391.3879968611085,3611.415099009901,651.1185853908828,726.9772277227721,-128.80693069306926,0.19318181818181812,-0.027886563133018183,-0.5000000000000004,0.8660254037844384,-2.4492935982947064e-16,1.0,30,335,0,1,0,0,5,-0.4937755501599774,0.8695893893466109,0.0,1.0,3763.176237623762,3078.9623762376236,3651.1782178217823,3402.99504950495,3720.6079207920793,3034.122772277228,,,,,3653.213295615276,407.8297675818148,3701.933592644979,658.1674941011357,3722.059900990099,615.379009036766,3725.4045615275813,637.5076619619938,3601.454968175389,588.8938132954972,3527.9740761400085,595.1856027009616,3527.9740761400085,595.1856027009616,3527.9740761400085,595.1856027009616,3527.9740761400085,595.1856027009616,0.45833333333333326,1411.1910891089105,0.3194710541820325,1087.158415841584,,,1087.158415841584,,,2020-11-30
2020,12,4,3,53,0,5088.840594059406,4490.153465346534,3763.176237623762,3549.359405940594,3634.8861386138615,3078.9623762376236,5234.821782178217,4447.3900990099,663.8659696100608,4005.5019801980197,642.1153584049047,3599.25,618.5812575060436,598.6871287128715,-145.9811881188116,0.1333333333333333,-0.027886563133018183,-2.4492935982947064e-16,1.0,-2.4492935982947064e-16,1.0,31,366,0,1,0,1,5,0.017213356155833904,0.9998518392091162,0.43388373911755823,-0.900968867902419,4490.153465346534,3207.2524752475247,3871.128712871287,3629.861386138614,3856.7277227722775,2800.728712871287,,,,,3922.0115983026876,626.4087736183812,3788.9130127298445,755.5113409725365,3770.6925412541254,663.6025842263232,3769.4085926449793,687.4732755378299,3642.314108910891,611.2794177692194,3549.652777777778,618.9459445736844,3549.652777777778,618.9459445736844,3549.652777777778,618.9459445736844,3549.652777777778,618.9459445736844,0.5866666666666667,1881.588118811881,0.40193799506840944,1458.9792079207919,,,1458.9792079207919,,,2020-12-31
2021,1,1,6,4,1,4021.6336633663364,5088.840594059406,4490.153465346534,3763.176237623762,3549.359405940594,3207.2524752475247,3207.2524752475247,4533.542574257425,534.9248725838837,4091.341584158416,594.7609831672938,3667.115099009901,616.3343494342953,-1067.2069306930694,814.3811881188117,-0.20971514256880086,0.2539186404575027,0.49999999999999994,0.8660254037844387,1.0,6.123233995736766e-17,31,31,0,1,0,0,5,0.5086709438521044,0.8609610158889943,-0.7818314824680299,0.6234898018587334,5088.840594059406,3421.069306930693,4618.960396039603,3720.6079207920793,3765.981188118812,2917.425742574257,,,,,4007.806506364922,586.2001539311152,3746.2468175388967,721.1134876073384,3780.726732673267,665.0933492064466,3778.539038189533,689.1217744835942,3662.032107496464,605.2510579447312,3556.1182693611827,617.1101357167919,3556.1182693611827,617.1101357167919,3556.1182693611827,617.1101357167919,3556.1182693611827,617.1101357167919,0.17554872542890876,600.5643564356433,0.08090767664392096,301.02574257425704,,,301.02574257425704,,,2021-01-31
2021,2,1,6,8,1,3646.281188118812,4021.6336633663364,5088.840594059406,4490.153465346534,3763.176237623762,3421.069306930693,2907.9089108910894,4252.2518151815175,748.420308968765,4093.240759075907,593.0276008170408,3728.6461221122113,568.6631489999132,-375.3524752475241,738.3722772277229,-0.09333333333333316,0.2539186404575027,0.8660254037844386,0.5000000000000001,1.0,6.123233995736766e-17,28,59,0,1,0,0,4,0.8498170915275278,0.5270777086423722,-0.7818314824680299,0.6234898018587334,4021.6336633663364,3506.5960396039604,5234.821782178217,3856.7277227722775,3992.847524752475,3111.920792079208,,,,,4027.7615275813296,568.4019889792139,3632.779632248939,580.0498040889701,3773.7118481848183,665.3738624320275,3766.161669024045,688.2417903567585,3671.5742574257424,600.6150341407284,3557.336687182232,612.9583966231323,3557.336687182232,612.9583966231323,3557.336687182232,612.9583966231323,3557.336687182232,612.9583966231323,0.03983497013549009,139.6851485148518,-0.05456608549545028,-210.44653465346528,,,-210.44653465346528,,,2021-02-28
2021,3,1,2,13,0,4182.49900990099,3646.281188118812,4021.6336633663364,5088.840594059406,4490.153465346534,3506.5960396039604,3335.5425742574257,3950.13795379538,275.1656146114431,4198.76402640264,529.8599486698869,3799.2258250825084,567.9972517616903,536.2178217821779,846.9564356435644,0.1470588235294117,0.2539186404575027,1.0,6.123233995736766e-17,1.0,6.123233995736766e-17,31,90,0,1,0,1,5,0.9997685019798909,0.021516097436222254,0.9749279121818236,-0.22252093395631434,3646.281188118812,3634.8861386138615,3207.2524752475247,3765.981188118812,4764.193069306931,3189.7188118811882,,,,,4105.991937765205,542.407836117296,3702.440099009901,583.5654983947301,3787.5957755775576,669.5395536900129,3745.3868811881184,665.4004115766506,3689.302475247525,600.785429351582,3565.6721848184816,613.0675043076449,3565.6721848184816,613.0675043076449,3565.6721848184816,613.0675043076449,3565.6721848184816,613.0675043076449,0.15065475241982607,547.6128712871287,0.11060008029148904,416.5178217821781,,,416.5178217821781,,,2021-03-31
2021,4,2,4,17,0,3860.768316831683,4182.49900990099,3646.281188118812,4021.6336633663364,5088.840594059406,3634.8861386138615,3078.9623762376236,3896.516171617162,269.8903850464581,4215.029372937294,515.1067530114557,3864.376320132013,520.742708811488,-321.7306930693071,781.8059405940594,-0.07692307692307698,0.2539186404575027,0.8660254037844387,-0.49999999999999983,1.2246467991473532e-16,-1.0,30,120,0,1,0,0,5,0.8800122039735357,-0.47495107206704995,-0.433883739117558,-0.9009688679024191,4182.49900990099,3549.359405940594,2907.9089108910894,3992.847524752475,5399.418811881188,3306.4158415841584,,,,,4150.478925035361,500.27971652738626,3770.501485148515,537.5205230871559,3783.193135313531,668.5769150223331,3690.4350777934933,582.0588533643146,3699.2016265912307,598.9260541427606,3569.5550286607604,609.9067307159065,3569.5550286607604,609.9067307159065,3569.5550286607604,609.9067307159065,3569.5550286607604,609.9067307159065,0.08773665196313485,311.4089108910889,-0.03307895107489223,-132.07920792079176,,,-132.07920792079176,,,2021-04-30
2021,5,2,0,22,0,4021.6336633663364,3860.768316831683,4182.49900990099,3646.281188118812,4021.6336633663364,3549.359405940594,3207.2524752475247,4021.6336633663364,160.86534653464065,4136.942739273927,500.35953775364584,3932.241419141914,478.6869085990671,160.86534653465333,814.3811881188117,0.04166666666666674,0.2539186404575027,0.49999999999999994,-0.8660254037844387,1.2246467991473532e-16,-1.0,31,151,0,1,0,0,5,0.5160623910158528,-0.8565509959010036,0.0,1.0,3860.768316831683,3763.176237623762,3335.5425742574257,4764.193069306931,3299.257425742574,3228.6178217821785,,,,,4187.401414427157,475.8735138021506,3819.507991513437,525.9660163829029,3758.4411551155113,644.311202569336,3716.2342291371992,580.084080457113,3713.362623762376,596.9691085978626,3575.4261797608333,608.0673372394292,3575.4261797608333,608.0673372394292,3575.4261797608333,608.0673372394292,3575.4261797608333,608.0673372394292,0.06868065948082624,258.4574257425743,-0.1558625763352235,-742.5594059405944,,,-742.5594059405944,,,2021-05-31
2021,6,2,2,26,0,4289.742574257426,4021.6336633663364,3860.768316831683,4182.49900990099,3646.281188118812,3763.176237623762,3421.069306930693,4057.381518151815,216.70985262514085,4003.7597359735973,229.17692925878362,4004.630858085809,459.6619408241582,268.10891089108964,868.6732673267329,0.06666666666666687,0.2539186404575029,1.2246467991473532e-16,-1.0,1.2246467991473532e-16,-1.0,30,181,0,1,0,1,5,0.02581844022713308,-0.9996666485105112,0.9749279121818236,-0.22252093395631434,4021.6336633663364,4490.153465346534,3078.9623762376236,5399.418811881188,2991.3267326732675,3423.1128712871287,,,,,4158.771287128713,460.4003196795287,3905.9922913719943,493.36540771302685,3721.451947194719,574.9782103767601,3762.606223479491,571.8276223759304,3728.8381541725603,600.530428996733,3584.5840822543796,609.4962115357202,3584.5840822543796,609.4962115357202,3584.5840822543796,609.4962115357202,3584.5840822543796,609.4962115357202,-0.044633416794283454,-200.4108910891082,-0.2055177189037397,-1109.676237623762,,,-1109.676237623762,,,2021-06-30
2021,7,3,5,30,1,4396.986138613862,4289.742574257426,4021.6336633663364,3860.768316831683,4182.49900990099,4490.153465346534,3506.5960396039604,4236.120792079208,193.3360851253111,4066.3184818481845,280.512484878296,4078.8300330033,443.5413143922972,107.24356435643585,890.3900990099014,0.025000000000000133,0.2539186404575029,-0.4999999999999998,-0.8660254037844388,-1.0,-1.8369701987210297e-16,31,212,0,1,0,0,5,-0.4862727071086902,-0.8738071036110807,-0.9749279121818236,-0.2225209339563146,4289.742574257426,5088.840594059406,3207.2524752475247,3299.257425742574,3431.227722772277,4084.39603960396,,,,,4059.934936350778,256.6280564987428,3990.9732673267326,465.42415984814517,3758.042904290429,582.0691277654255,3797.097595473833,580.1647350807144,3734.420120226308,605.3290501147309,3594.8676525880437,612.4356204990645,3594.8676525880437,612.4356204990645,3594.8676525880437,612.4356204990645,3594.8676525880437,612.4356204990645,-0.13595522254188874,-691.8544554455439,0.33271993397854316,1097.7287128712878,,,1097.7287128712878,,,2021-07-31
2021,8,3,1,35,0,4557.851485148515,4396.986138613862,4289.742574257426,4021.6336633663364,3860.768316831683,5088.840594059406,3634.8861386138615,4414.860066006601,134.94519252320663,4218.246864686469,253.02815456062913,4155.743811881188,439.5663659661585,160.86534653465333,922.9653465346537,0.03658536585365857,0.2539186404575027,-0.8660254037844384,-0.5000000000000004,-1.0,-1.8369701987210297e-16,31,243,0,1,0,0,5,-0.8631421280499115,-0.5049610547215202,0.7818314824680298,0.6234898018587336,4396.986138613862,4021.6336633663364,3421.069306930693,2991.3267326732675,3167.287128712871,4628.9821782178215,,,,,4136.537482319661,316.3663509303599,4072.1719943422913,457.4436119445193,3810.260396039604,581.1810122289395,3846.7606082036777,583.7612994139213,3733.149929278642,603.4896523596035,3606.90495049505,617.9978134867148,3606.90495049505,617.9978134867148,3606.90495049505,617.9978134867148,3606.90495049505,617.9978134867148,0.13333333333333353,536.2178217821788,0.5236889489083951,1566.5247524752476,,,1566.5247524752476,,,2021-08-31
2021,9,3,3,39,0,4450.607920792079,4557.851485148515,4396.986138613862,4289.742574257426,4021.6336633663364,4021.6336633663364,3549.359405940594,4468.481848184819,81.90862524332826,4262.931683168316,268.64459356480774,4230.847854785478,401.92263828262185,-107.24356435643585,901.2485148514852,-0.02352941176470591,0.2539186404575027,-1.0,-1.8369701987210297e-16,-1.0,-1.8369701987210297e-16,30,273,0,1,0,1,5,-0.9999166586547379,-0.012910296075008843,0.43388373911755823,-0.900968867902419,4557.851485148515,3646.281188118812,3506.5960396039604,3431.227722772277,3299.257425742574,3165.668316831683,,,,,4251.441301272985,247.11495336322446,4139.601414427157,436.77084042242274,3844.2397359735974,588.0156876593114,3887.88026874116,584.3170935602774,3756.095279349364,605.9435021348536,3617.3210365480995,621.2369628392684,3617.3210365480995,621.2369628392684,3617.3210365480995,621.2369628392684,3617.3210365480995,621.2369628392684,0.22058823529411753,804.3267326732671,0.2970890539425315,1019.3801980198023,,,1019.3801980198023,,,2021-09-30
2021,10,4,6,43,1,4718.716831683168,4450.607920792079,4557.851485148515,4396.986138613862,4289.742574257426,3646.281188118812,3763.176237623762,4575.725412541254,134.94519252320228,4405.92310231023,238.40093999486646,4310.476237623762,395.44809148885497,268.10891089108827,955.5405940594055,0.06024096385542155,0.2539186404575027,-0.8660254037844386,0.5000000000000001,-2.4492935982947064e-16,1.0,31,304,0,1,0,0,5,-0.867456354729597,0.4975132889071803,-0.7818314824680299,0.6234898018587334,4450.607920792079,4182.49900990099,3634.8861386138615,3167.287128712871,3519.207920792079,2870.2059405940595,,,,,4328.043847241867,299.69777345751334,4217.017892503536,436.48286364625267,3895.954059405941,594.6115869311817,3930.7198727015557,600.0462384902848,3789.104402404526,607.1548647270433,3630.752692586332,629.2569422394474,3630.752692586332,629.2569422394474,3630.752692586332,629.2569422394474,3630.752692586332,629.2569422394474,0.12820512820512797,536.2178217821775,0.4898291944882085,1551.4297029702966,,,1551.4297029702966,,,2021-10-31
2021,11,4,1,48,0,5630.287128712871,4718.716831683168,4450.607920792079,4557.851485148515,4396.986138613862,4182.49900990099,4490.153465346534,4933.203960396039,618.3965594080911,4674.03201320132,490.76870491546396,4405.487376237624,549.5008154705516,911.5702970297034,1140.1336633663368,0.19318181818181834,0.2539186404575027,-0.5000000000000004,0.8660254037844384,-2.4492935982947064e-16,1.0,30,334,0,1,0,0,5,-0.5086709438521042,0.8609610158889945,0.7818314824680298,0.6234898018587336,4718.716831683168,3860.768316831683,3549.359405940594,3299.257425742574,3607.1881188118814,3292.2950495049504,,,,,4580.832248939179,511.38534770429,4365.65558698727,534.8603378866502,3973.6550495049505,662.3902966260783,4002.9734087694487,676.5702774659982,3830.8542609618103,651.1606434500706,3654.843468925206,662.8014810787299,3654.843468925206,662.8014810787299,3654.843468925206,662.8014810787299,3654.843468925206,662.8014810787299,0.45833333333333326,1769.518811881188,0.7065316227774028,2331.029702970297,,,2331.029702970297,,,2021-11-30
2021,12,4,4,52,0,6380.99207920792,5630.287128712871,4718.716831683168,4450.607920792079,4557.851485148515,3860.768316831683,5088.840594059406,5576.6653465346535,832.4339140594462,5022.573597359736,805.1604172279576,4513.166666666667,775.6505694244709,750.7049504950492,1292.1514851485144,0.1333333333333333,0.2539186404575027,-2.4492935982947064e-16,1.0,-2.4492935982947064e-16,1.0,31,365,0,1,0,1,5,6.432490598706546e-16,1.0,-0.433883739117558,-0.9009688679024191,5630.287128712871,4021.6336633663364,3763.176237623762,3519.207920792079,3739.1584158415844,3039.0415841584154,,,,,4917.883451202263,785.465637786213,4552.6424328147095,730.020296707655,4069.0478547854786,788.7095966955972,4097.324611032532,809.5561759293382,3890.531948373409,726.1023694008106,3687.2976190476193,722.8331747854578,3687.2976190476193,722.8331747854578,3687.2976190476193,722.8331747854578,3687.2976190476193,722.8331747854578,0.5866666666666667,2359.358415841584,0.8131898492009901,2861.784158415841,,,2861.784158415841,,,2021-12-31
2022,1,1,0,5,0,5047.574257425742,6380.99207920792,5630.287128712871,4718.716831683168,4450.607920792079,4021.6336633663364,4021.6336633663364,5686.284488448844,668.4703060604977,5131.004950495049,745.6725423080263,4598.661716171618,773.0838953757509,-1333.4178217821782,1025.9405940594056,-0.20896716454593955,0.255105432253776,0.49999999999999994,0.8660254037844387,1.0,6.123233995736766e-17,31,31,0,1,0,0,5,0.5086709438521044,0.8609610158889943,0.0,1.0,6380.99207920792,4289.742574257426,4490.153465346534,3607.1881188118814,3651.1782178217823,3165.668316831683,2985.7425742574255,,,,5026.145120226308,735.0682768659635,4592.458203677511,741.4613293662677,4117.060726072607,803.3306623771858,4147.195898161244,823.9377037774375,3924.1374115983026,735.433491170614,3711.843234323432,733.6494961535967,3703.3008736167735,733.5097538947513,3703.3008736167735,733.5097538947513,3703.3008736167735,733.5097538947513,0.17666134273791467,757.831683168316,0.3993099586633946,1440.3861386138606,,,1440.3861386138606,,,2022-01-31
2022,2,1,0,9,0,4576.467326732673,5047.574257425742,6380.99207920792,5630.287128712871,4718.716831683168,4289.742574257426,3646.281188118812,5335.011221122112,935.9713679638871,5134.107590759076,742.8441323494735,4676.177227722773,713.2260809817711,-471.10693069306853,930.1861386138612,-0.09333333333333316,0.255105432253776,0.8660254037844386,0.5000000000000001,1.0,6.123233995736766e-17,28,59,0,1,0,0,4,0.8498170915275278,0.5270777086423722,0.0,1.0,5047.574257425742,4396.986138613862,5088.840594059406,3739.1584158415844,3871.128712871287,3376.7128712871286,2707.073267326733,,,,5051.785289957567,712.2405253399235,4555.860113154173,727.5909716178538,4144.97102310231,804.2932037121524,4172.386562942008,825.9646008932941,3945.5615983026873,736.6705199605034,3734.0979255068364,731.1524222054068,3713.453971908819,735.2360586990152,3713.453971908819,735.2360586990152,3713.453971908819,735.2360586990152,0.04081913894215572,179.4811881188116,0.22392977717758278,837.308910891089,,,837.308910891089,,,2022-02-28
2022,3,1,3,13,0,5249.477227722772,4576.467326732673,5047.574257425742,6380.99207920792,5630.287128712871,4396.986138613862,4182.49900990099,4957.839603960396,345.3618576682647,5267.252475247525,663.1530769778112,4765.0920792079205,712.5938768134072,673.0099009900987,1066.978217821782,0.1470588235294117,0.255105432253776,1.0,6.123233995736766e-17,1.0,6.123233995736766e-17,31,90,0,1,0,1,5,0.9997685019798909,0.021516097436222254,0.43388373911755823,-0.900968867902419,4576.467326732673,4557.851485148515,4021.6336633663364,3651.1782178217823,4618.960396039603,3461.130693069307,3105.1722772277226,,,,5150.588967468175,679.5213667864336,4643.563224893917,732.2291143321532,4198.247656765676,823.1706949823168,4194.905021216407,846.91971146124,3977.496357850071,753.8507481164775,3759.6253653936824,746.2076739911747,3731.109411630818,749.2699822924849,3731.109411630818,749.2699822924849,3731.109411630818,749.2699822924849,0.15174380842111201,691.625742574257,0.437748834636317,1598.2990099009899,,,1598.2990099009899,,,2022-03-31
2022,4,2,5,17,1,4845.671287128713,5249.477227722772,4576.467326732673,5047.574257425742,6380.99207920792,4557.851485148515,3860.768316831683,4890.538613861386,338.7408883848663,5288.411551155115,643.896439574132,4847.167326732673,653.2120463502164,-403.8059405940594,984.9029702970297,-0.07692307692307687,0.255105432253776,0.8660254037844387,-0.49999999999999983,1.2246467991473532e-16,-1.0,30,120,0,1,0,0,5,0.8800122039735357,-0.47495107206704995,-0.9749279121818236,-0.2225209339563146,5249.477227722772,4450.607920792079,3646.281188118812,3871.128712871287,5234.821782178217,3587.7574257425745,2866.3128712871285,,,,5207.02659123055,625.9926272145769,4729.233946251768,674.4568629279418,4230.7324092409235,829.0248234428492,4181.006789250353,832.2889521414928,3999.959105374823,760.7362145271333,3783.1891560584627,748.9060008307415,3743.774887488749,754.3666389999652,3743.774887488749,754.3666389999652,3743.774887488749,754.3666389999652,0.08876615809966104,395.0633663366334,0.25174636302252784,974.5425742574257,,,974.5425742574257,,,2022-04-30
2022,5,2,1,22,0,5047.574257425742,4845.671287128713,5249.477227722772,4576.467326732673,5047.574257425742,4450.607920792079,4021.6336633663364,5047.574257425742,201.90297029700227,5191.292739273927,625.7067099327577,4932.662376237623,600.3400565973145,201.90297029702924,1025.9405940594056,0.04166666666666652,0.255105432253776,0.49999999999999994,-0.8660254037844387,1.2246467991473532e-16,-1.0,31,151,0,1,0,0,5,0.5160623910158528,-0.8565509959010036,0.7818314824680298,0.6234898018587336,4845.671287128713,4718.716831683168,4182.49900990099,4618.960396039603,3207.2524752475247,3503.3396039603963,2985.7425742574255,,,,5254.0062234794905,594.8010368356953,4791.025035360678,659.9862644691901,4245.019537953795,839.572316255486,4246.7325671852905,825.1782619578427,4027.5347241867044,770.334764260796,3807.734771334276,756.2075330873555,3758.4243186116364,762.6940747287715,3758.4243186116364,762.6940747287715,3758.4243186116364,762.6940747287715,0.069692129761741,328.8574257425744,0.09279444390855596,428.6138613861385,,,428.6138613861385,,,2022-05-31
2022,6,2,3,26,0,5384.079207920792,5047.574257425742,4845.671287128713,5249.477227722772,4576.467326732673,4718.716831683168,4289.742574257426,5092.441584158416,271.9937132527207,5025.140594059406,287.64120885993117,5023.857095709571,576.4407705079462,336.50495049505025,1094.3366336633662,0.06666666666666687,0.255105432253776,1.2246467991473532e-16,-1.0,1.2246467991473532e-16,-1.0,30,181,0,1,0,1,5,0.02581844022713308,-0.9996666485105112,0.43388373911755823,-0.900968867902419,5047.574257425742,5630.287128712871,3860.768316831683,5234.821782178217,2907.9089108910894,3714.3841584158413,3184.792079207921,,,,5218.833663366336,575.8184811305163,4899.832956152758,619.1279039713373,4249.994785478548,846.0572738600013,4335.167220650636,808.9075111854403,4057.3507072135785,790.0543911866409,3833.9167609618107,772.2815409857737,3776.4871507150715,777.5154034453234,3776.4871507150715,777.5154034453234,3776.4871507150715,777.5154034453234,-0.04372919447331347,-246.20792079207877,0.028512417796288103,149.25742574257492,,,149.25742574257492,,,2022-06-30
2022,7,3,6,30,1,5518.681188118812,5384.079207920792,5047.574257425742,4845.671287128713,5249.477227722772,5630.287128712871,4396.986138613862,5316.778217821782,242.65717069144557,5103.6584158415835,352.07274358574824,5117.331683168317,556.135798042928,134.6019801980201,1121.6950495049505,0.025000000000000133,0.255105432253776,-0.4999999999999998,-0.8660254037844388,-1.0,-1.8369701987210297e-16,31,212,0,1,0,0,5,-0.4862727071086902,-0.8738071036110807,-0.7818314824680299,0.6234898018587334,5384.079207920792,6380.99207920792,4021.6336633663364,3207.2524752475247,3335.5425742574257,4431.935643564356,3264.411881188119,2985.7425742574255,,,5095.64639321075,322.09526778030397,5006.7649222065065,584.0711627115907,4327.042409240924,853.0419802453554,4413.136456859972,814.1840949314809,4076.7568776520507,812.4520694948114,3860.753300330033,791.1891096451997,3804.630913091309,794.2338877156611,3795.632140137091,794.4605004409538,3795.632140137091,794.4605004409538,-0.13513743323689364,-862.3108910891078,0.720688106318446,2311.4287128712876,,,2311.4287128712876,2532.938613861387,,2022-07-31
2022,8,3,2,35,0,5720.584158415842,5518.681188118812,5384.079207920792,5047.574257425742,4845.671287128713,6380.99207920792,4557.851485148515,5541.114851485148,169.37044419239086,5294.344554455445,317.577011302186,5214.226072607261,551.0642982589839,201.90297029702924,1162.7326732673264,0.03658536585365835,0.2551054322537758,-0.8660254037844384,-0.5000000000000004,-1.0,-1.8369701987210297e-16,31,243,0,1,0,0,5,-0.8631421280499115,-0.5049610547215202,0.9749279121818236,-0.22252093395631434,5518.681188118812,5047.574257425742,4289.742574257426,2907.9089108910894,3078.9623762376236,5022.860396039604,3383.841584158416,2707.073267326733,,,5191.790664780764,397.07312563500153,5108.967892503536,574.0536824967527,4420.7982508250825,846.230016162697,4507.480091937765,806.877011265394,4089.2162305516263,832.3315899802544,3888.5716643092883,814.942372709967,3838.114367436743,810.7924129606148,3816.555531640121,815.1736655559738,3816.555531640121,815.1736655559738,0.13333333333333353,673.0099009900996,0.9672501215531011,2812.675247524752,,,2812.675247524752,3013.5108910891086,,2022-08-31
2022,9,3,4,39,0,5585.982178217822,5720.584158415842,5518.681188118812,5384.079207920792,5047.574257425742,5047.574257425742,4450.607920792079,5608.415841584158,102.80396049131087,5350.428712871287,337.17728872879064,5308.840594059406,503.44788456602,-134.6019801980192,1135.374257425743,-0.0235294117647058,0.255105432253776,-1.0,-1.8369701987210297e-16,-1.0,-1.8369701987210297e-16,30,273,0,1,0,1,5,-0.9999166586547379,-0.012910296075008843,-0.433883739117558,-0.9009688679024191,5720.584158415842,4576.467326732673,4396.986138613862,3335.5425742574257,3207.2524752475247,3402.99504950495,3304.221782178218,3105.1722772277226,,,5336.007072135785,310.15532035732514,5193.896181046676,547.9777092055866,4495.812904290429,846.4552806380893,4592.434724186704,789.956740332272,4128.1981435643565,850.5290860374639,3915.735478547855,833.0567549766314,3865.6789218921895,827.5906640454062,3835.5816246140744,831.2343031416503,3835.5816246140744,831.2343031416503,0.22058823529411775,1009.5148514851489,0.6746847188605891,2250.4396039603967,,,2250.4396039603967,2480.8099009901,,2022-09-30
2022,10,4,0,44,0,5922.487128712871,5585.982178217822,5720.584158415842,5518.681188118812,5384.079207920792,4576.467326732673,4718.716831683168,5743.0178217821785,169.37044419238467,5529.898019801981,299.2183148419542,5409.154785478549,495.03152037239107,336.50495049504843,1203.7702970297032,0.06024096385542155,0.255105432253776,-0.8660254037844386,0.5000000000000001,-2.4492935982947064e-16,1.0,31,304,0,1,0,0,5,-0.867456354729597,0.4975132889071803,0.0,1.0,5585.982178217822,5249.477227722772,4557.851485148515,3078.9623762376236,3421.069306930693,3085.382178217822,3503.2712871287126,2866.3128712871285,,,5432.151343705799,376.1523035008899,5291.370155586987,547.505522352478,4590.59706270627,841.52002341971,4681.7710749646385,794.0130027663756,4178.860731966053,871.5217379550357,3944.5356671381423,860.0076129935588,3899.636413641364,848.5586512245719,3857.782746998104,854.3140735753021,3857.782746998104,854.3140735753021,0.1282051282051282,673.0099009900987,0.9235334521852545,2843.524752475247,,,2843.524752475247,3056.1742574257423,,2022-10-31
2022,11,4,2,48,0,7066.603960396039,5922.487128712871,5585.982178217822,5720.584158415842,5518.681188118812,5249.477227722772,5630.287128712871,6191.691089108911,776.1528810001358,5866.402970297029,615.9664675195436,5528.847854785478,689.0005509902281,1144.1168316831681,1436.316831683168,0.19318181818181812,0.255105432253776,-0.5000000000000004,0.8660254037844384,-2.4492935982947064e-16,1.0,30,334,0,1,0,0,5,-0.5086709438521042,0.8609610158889945,0.9749279121818236,-0.22252093395631434,5922.487128712871,4845.671287128713,4450.607920792079,3207.2524752475247,3506.5960396039604,3539.1148514851484,4180.039603960396,2985.7425742574255,,,5749.427439886846,641.8425278786427,5478.2270155586975,670.9732874256761,4719.24211221122,914.5755373408142,4808.914214992928,879.311398372298,4241.851608910891,948.5188857507019,3978.8995285242804,924.7633475316658,3944.9793179317926,906.2458195910523,3891.5598124022927,911.3027551916985,3891.5598124022927,911.3027551916985,0.45833333333333326,2220.932673267326,1.2033201361394732,3859.3514851485143,,,3859.3514851485143,4080.8613861386134,,2022-11-30
2022,12,4,5,52,1,8008.817821782178,7066.603960396039,5922.487128712871,5585.982178217822,5720.584158415842,4845.671287128713,6380.99207920792,6999.30297029703,1044.7923275282812,6303.859405940594,1010.5612134985226,5664.5,973.523243215388,942.2138613861389,1627.8257425742577,0.1333333333333333,0.255105432253776,-2.4492935982947064e-16,1.0,-2.4492935982947064e-16,1.0,31,365,0,1,0,1,5,6.432490598706546e-16,1.0,-0.9749279121818236,-0.2225209339563146,7066.603960396039,5047.574257425742,4718.716831683168,3421.069306930693,3634.8861386138615,3266.875247524752,4737.378217821782,3184.792079207921,,,6172.462234794907,985.8421888341545,5713.234229137199,915.948588780706,4872.16706270627,1061.7402515921333,4965.1260608203675,1037.337612104977,4326.529154879774,1064.4739520085202,4017.845238095238,1020.9733405377599,3998.579603960396,998.7204274126369,3934.4479166666665,999.1557858475029,3934.4479166666665,999.1557858475029,0.5866666666666667,2961.243564356436,1.3410276446481904,4587.748514851484,,,4587.748514851484,4824.025742574257,,2022-12-31
2023,1,1,1,5,0,4272.846534653465,8008.817821782178,7066.603960396039,5922.487128712871,5585.982178217822,5047.574257425742,5047.574257425742,6449.422772277227,1942.950032499119,6096.220297029703,1292.748566693028,5599.939356435643,1041.4721936355975,-3735.971287128713,-774.727722772277,-0.4664822412326216,-0.15348515608909286,0.49999999999999994,0.8660254037844387,1.0,6.123233995736766e-17,31,31,0,1,0,0,5,0.5086709438521044,0.8609610158889943,0.7818314824680298,0.6234898018587336,8008.817821782178,5384.079207920792,5630.287128712871,3506.5960396039604,3549.359405940594,3402.99504950495,2917.425742574257,3264.411881188119,,,6013.714710042433,1200.1316249039312,5616.274186704385,993.9324623439,4897.708745874586,1036.6775184829917,4990.964886845827,1009.4008737015762,4342.062217114569,1057.0733080317482,4033.9811999057047,1014.0596940103528,4009.7844334433444,996.0444383697933,3937.936562212922,994.5319255450195,3937.936562212922,994.5319255450195,-0.20639233383352473,-1111.2326732673273,0.21851689969285593,766.2504950495045,,,766.2504950495045,1008.434653465346,,2023-01-31
2023,2,1,1,9,0,3874.0475247524755,4272.846534653465,8008.817821782178,7066.603960396039,5922.487128712871,5384.079207920792,4576.467326732673,5385.237293729373,2280.820302645051,5788.464191419142,1586.4842061242498,5541.404372937293,1120.9330171718605,-398.7990099009894,-702.4198019801979,-0.09333333333333316,-0.15348515608909286,0.8660254037844386,0.5000000000000001,1.0,6.123233995736766e-17,28,59,0,1,0,0,4,0.8498170915275278,0.5270777086423722,0.7818314824680298,0.6234898018587336,4272.846534653465,5518.681188118812,6380.99207920792,3634.8861386138615,3763.176237623762,3629.861386138614,2645.132673267327,3383.841584158416,,,5778.767043847242,1448.482547219208,5437.206718528995,1068.5853584706397,4905.680792079207,1027.510597228905,4994.924575671853,1004.6122110543524,4346.42268387553,1054.582741988578,4048.6111386138614,1002.581101679388,4015.231166116612,993.9211451243694,3937.2846332592444,989.41323987935,3937.2846332592444,989.41323987935,-0.2980120806592478,-1644.6336633663368,0.06579611493135151,239.16138613861403,,,239.16138613861403,490.2059405940595,,2023-02-28
2023,3,1,4,13,0,4443.760396039604,3874.0475247524755,4272.846534653465,8008.817821782178,7066.603960396039,5518.681188118812,5249.477227722772,4196.884818481848,292.3539390368353,5598.093894389439,1681.3354759297429,5474.261303630363,1163.337739581531,569.7128712871281,-805.7168316831685,0.1470588235294117,-0.15348515608909297,1.0,6.123233995736766e-17,1.0,6.123233995736766e-17,31,90,0,1,0,1,5,0.9997685019798909,0.021516097436222254,-0.433883739117558,-0.9009688679024191,3874.0475247524755,5720.584158415842,5047.574257425742,3549.359405940594,4490.153465346534,3720.6079207920793,3034.122772277228,3304.221782178218,,,5596.363649222066,1534.8491049899017,5394.077157001414,1097.320183349775,4935.494158415841,999.3905115123068,4993.267680339463,1005.5134116058165,4359.336120933522,1051.2023757415022,4065.3925388967464,997.1786490792498,4027.892706270627,992.018299291442,3942.400550055005,985.6675292095617,3942.400550055005,985.6675292095617,-0.2231981432346971,-1276.823762376238,0.2519894121181536,894.4009900990095,,,894.4009900990095,1139.5386138613858,,2023-03-31
2023,4,2,6,17,1,4101.932673267326,4443.760396039604,3874.0475247524755,4272.846534653465,8008.817821782178,5720.584158415842,4845.671287128713,4139.913531353135,286.7491902573604,5294.668151815181,1772.8682553801816,5412.283085808581,1218.3806886317107,-341.8277227722774,-743.7386138613865,-0.07692307692307698,-0.15348515608909297,0.8660254037844387,-0.49999999999999983,1.2246467991473532e-16,-1.0,30,120,0,1,0,0,5,0.8800122039735357,-0.47495107206704995,-0.7818314824680299,0.6234898018587334,4443.760396039604,5585.982178217822,4576.467326732673,3763.176237623762,5088.840594059406,3856.7277227722775,2800.728712871287,3503.2712871287126,,,5384.35657708628,1635.7036114484756,5360.181824611032,1131.3204546597676,4946.7860396039605,987.5314169635978,4958.020968882603,1019.2427039700033,4363.71478076379,1049.5801894606427,4080.883062234795,987.3545077334292,4034.544499449945,990.466916094127,3943.9958712871285,980.806526761642,3943.9958712871285,980.806526761642,-0.2656738703423458,-1484.0495049504962,0.09001875390706382,338.75643564356415,,,338.75643564356415,598.6613861386136,,2023-04-30
2023,5,2,2,22,0,4272.846534653465,4101.932673267326,4443.760396039604,3874.0475247524755,4272.846534653465,5585.982178217822,5047.574257425742,4272.846534653465,170.9138613861215,4829.041914191419,1569.6385191030317,5347.722442244224,1259.3018531557314,170.9138613861387,-774.727722772277,0.04166666666666674,-0.15348515608909286,0.49999999999999994,-0.8660254037844387,1.2246467991473532e-16,-1.0,31,151,0,1,0,0,5,0.5160623910158528,-0.8565509959010036,0.9749279121818236,-0.22252093395631434,4101.932673267326,5922.487128712871,5249.477227722772,4490.153465346534,4021.6336633663364,3765.981188118812,2917.425742574257,4180.039603960396,,,5148.693635077793,1663.84438150607,5290.422489391795,1168.1817245953805,4939.542475247525,991.7841422012843,4966.992857142856,1011.7731517209946,4372.765947666196,1046.5128713405513,4097.019024045261,979.152982306644,4035.575687568756,990.6683857132176,3947.2518184491714,976.4386047739903,3947.2518184491714,976.4386047739903,-0.27853848530320413,-1649.6405940594059,-0.04839632595415044,-217.30693069306926,,,-217.30693069306926,92.80693069306926,,2023-05-31
2023,6,2,4,26,0,4557.702970297029,4272.846534653465,4101.932673267326,4443.760396039604,3874.0475247524755,5922.487128712871,5384.079207920792,4310.827392739273,230.24671571887941,4253.856105610561,243.4925530204237,5278.857755775577,1279.565037677478,284.8564356435645,-826.3762376237628,0.06666666666666665,-0.15348515608909297,1.2246467991473532e-16,-1.0,1.2246467991473532e-16,-1.0,30,181,0,1,0,1,5,0.02581844022713308,-0.9996666485105112,-0.433883739117558,-0.9009688679024191,4272.846534653465,7066.603960396039,4845.671287128713,5088.840594059406,3646.281188118812,3992.847524752475,3111.920792079208,4737.378217821782,,,4790.279207920792,1436.5428636110835,5269.85332390382,1179.0994619625894,4921.837887788778,993.7658376735563,4999.543635077794,981.9305247244853,4382.8526520509195,1045.5061549999293,4114.230716643093,974.3233272649919,4033.579295929593,989.4184768975227,3953.2366336633663,973.4710380836265,3953.2366336633663,973.4710380836265,-0.35503630940121356,-2508.9009900990095,-0.10437301266272991,-531.1376237623763,,,-531.1376237623763,-179.6752475247522,,2023-06-30
2023,7,3,0,31,0,4671.645544554455,4557.702970297029,4272.846534653465,4101.932673267326,4443.760396039604,7066.603960396039,5518.681188118812,4500.7316831683165,205.41289697173616,4320.322607260726,298.0348035817857,5208.271452145214,1288.464760083417,113.9425742574258,-847.0356435643571,0.02499999999999991,-0.15348515608909297,-0.4999999999999998,-0.8660254037844388,-1.0,-1.8369701987210297e-16,31,212,0,1,0,0,5,-0.4862727071086902,-0.8738071036110807,0.0,1.0,4557.702970297029,8008.817821782178,5047.574257425742,4021.6336633663364,4182.49900990099,4764.193069306931,3189.7188118811882,2917.425742574257,,,4313.540311173974,272.65842532948227,5243.001272984441,1188.7916341506595,4943.504950495048,980.458906952272,5017.01315417256,971.1481192845015,4381.200017680339,1044.9654146652438,4131.872701555871,970.7917425945196,4053.070627062706,984.4498366586741,3960.2114774584256,971.2703054331973,3960.2114774584256,971.2703054331973,-0.41668725041433297,-3337.1722772277226,0.16162881445646682,650.0118811881189,,,650.0118811881189,1754.219801980198,,2023-07-31
2023,8,3,3,35,0,4842.559405940594,4671.645544554455,4557.702970297029,4272.846534653465,4101.932673267326,8008.817821782178,5720.584158415842,4690.635973597359,143.37459512864913,4481.741254125412,268.8336541521736,5135.102722772277,1281.6393214793036,170.9138613861387,-878.0247524752476,0.03658536585365857,-0.15348515608909286,-0.8660254037844384,-0.5000000000000004,-1.0,-1.8369701987210297e-16,31,243,0,1,0,0,5,-0.8631421280499115,-0.5049610547215202,0.43388373911755823,-0.900968867902419,4671.645544554455,4272.846534653465,5384.079207920792,3646.281188118812,3860.768316831683,5399.418811881188,3306.4158415841584,2645.132673267327,,,4394.927864214993,336.12829496812657,5204.321287128712,1192.6517600392126,4983.380891089108,949.7256985587321,5052.077121640736,945.2332766064201,4371.256099717114,1037.7243029347708,4150.160124941066,969.5225683698836,4077.4864796479646,976.3549674707241,3968.6955921553695,970.408704608483,3968.6955921553695,970.408704608483,0.13333333333333353,569.712871287129,0.32808172384504575,1196.2782178217817,,,1196.2782178217817,2197.426732673267,,2023-08-31
2023,9,3,5,39,1,4728.616831683168,4842.559405940594,4671.645544554455,4557.702970297029,4272.846534653465,4272.846534653465,5585.982178217822,4747.607260726072,87.02507856873498,4529.2173267326725,285.42557993856525,5063.655610561056,1278.1120690716584,-113.9425742574258,-857.3653465346542,-0.02352941176470591,-0.15348515608909297,-1.0,-1.8369701987210297e-16,-1.0,-1.8369701987210297e-16,30,273,0,1,0,1,5,-0.9999166586547379,-0.012910296075008843,-0.9749279121818236,-0.2225209339563146,4842.559405940594,3874.0475247524755,5518.681188118812,4182.49900990099,4021.6336633663364,3299.257425742574,3228.6178217821785,3034.122772277228,,,4517.00919377652,262.55108260041493,5147.888118811881,1195.3217660205582,5001.584818481848,939.0189234947741,5077.326520509194,925.9338131889652,4396.780374823196,1028.4143775967627,4168.017256011315,966.152655403927,4096.314191419142,972.3387909285907,3975.932937293729,968.5753070178354,3975.932937293729,968.5753070178354,0.22058823529411753,854.5693069306926,0.13057213414501345,546.117821782178,,,546.117821782178,1694.4940594059403,,2023-09-30
2023,10,4,1,44,0,5013.473267326733,4728.616831683168,4842.559405940594,4671.645544554455,4557.702970297029,3874.0475247524755,5922.487128712871,4861.549834983499,143.37459512864336,4681.140759075907,253.29274508373194,4987.904455445544,1249.1940279148182,284.8564356435645,-909.0138613861382,0.06024096385542177,-0.15348515608909286,-0.8660254037844386,0.5000000000000001,-2.4492935982947064e-16,1.0,31,304,0,1,0,0,5,-0.867456354729597,0.4975132889071803,0.7818314824680298,0.6234898018587336,4728.616831683168,4443.760396039604,5720.584158415842,3860.768316831683,4289.742574257426,2991.3267326732675,3423.1128712871287,2800.728712871287,,,4598.396746817539,318.41850848478106,5097.380198019801,1184.1483636851212,5040.008316831682,913.9781878815247,5103.174045261668,913.147276903206,4432.890134370579,1013.56237840887,4186.950117868929,966.9616580477704,4120.900242024202,967.1726363412126,3985.721053614795,969.2053662613807,3985.721053614795,969.2053662613807,0.1282051282051282,569.712871287129,0.29856879664848934,1152.7049504950496,,,1152.7049504950496,2212.7445544554457,,2023-10-31
2023,11,4,3,48,0,5981.985148514851,5013.473267326733,4728.616831683168,4842.559405940594,4671.645544554455,4443.760396039604,7066.603960396039,5241.358415841584,657.0249349108319,4965.997194719472,521.4247581066633,4897.519554455445,1117.4042379830125,968.5118811881184,-1084.6188118811879,0.19318181818181812,-0.15348515608909286,-0.5000000000000004,0.8660254037844384,-2.4492935982947064e-16,1.0,30,334,0,1,0,0,5,-0.5086709438521042,0.8609610158889945,0.43388373911755823,-0.900968867902419,5013.473267326733,4101.932673267326,5585.982178217822,4021.6336633663364,4396.986138613862,3431.227722772277,4084.39603960396,2917.425742574257,,,4866.9756718529,543.3292273025693,5125.666124469589,1201.3226117118118,5105.353366336634,908.7213802643295,5159.781152758132,916.8688669495237,4478.439374115983,1024.9803628756786,4209.540464403583,986.5053241014951,4154.950902090209,978.2096392068997,4004.3777273989076,983.7381827705598,4004.3777273989076,983.7381827705598,0.4583333333333335,1880.0524752475249,0.48745153070645153,1960.3514851485147,,,1960.3514851485147,3064.559405940594,,2023-11-30
2023,12,4,6,52,1,6779.583168316832,5981.985148514851,5013.473267326733,4728.616831683168,4842.559405940594,4101.932673267326,8008.817821782178,5925.013861386138,884.4322140569163,5336.310561056106,855.4550679071202,4795.083333333333,824.1018762741149,797.5980198019806,-1229.2346534653461,0.1333333333333333,-0.15348515608909286,-2.4492935982947064e-16,1.0,-2.4492935982947064e-16,1.0,31,365,0,1,0,1,5,6.432490598706546e-16,1.0,-0.7818314824680299,0.6234898018587334,5981.985148514851,4272.846534653465,5922.487128712871,4289.742574257426,4557.851485148515,3167.287128712871,4628.9821782178215,3111.920792079208,,,5225.080905233381,834.5300466017296,5186.887270155587,1265.1948375325985,5188.3480528052805,944.6517838236961,5239.128712871287,958.0586132705129,4542.944660537482,1054.214841789689,4235.142857142857,1024.6899398176226,4195.702706270627,1010.1445752943135,4030.074074074074,1014.8936627494043,4030.074074074074,1014.8936627494043,0.5866666666666669,2506.736633663367,0.5804172513756045,2489.8405940594057,,,2489.8405940594057,3667.662376237624,,2023-12-31
2024,1,1,2,5,0,4052.227722772277,6779.583168316832,5981.985148514851,5013.473267326733,4728.616831683168,4272.846534653465,4272.846534653465,5604.598679867987,1402.2953831570862,5233.074257425742,980.0162867146888,4776.698432343234,839.1353805878426,-2727.3554455445546,-220.61881188118787,-0.40228954757725555,-0.05163274882257862,0.49999999999999994,0.8660254037844387,1.0,6.123233995736766e-17,31,31,0,1,0,0,5,0.5086709438521044,0.8609610158889943,0.9749279121818236,-0.22252093395631434,6779.583168316832,4557.702970297029,7066.603960396039,4396.986138613862,4450.607920792079,3299.257425742574,3165.668316831683,3189.7188118811882,,,5152.870155586987,919.4502818808169,4971.574681753889,1173.8961427888503,5176.856105610562,956.6319612151008,5224.900848656294,973.0433566500692,4556.390558698727,1042.8040180975067,4245.697135785007,1018.0861527583021,4205.286138613862,1004.5693877971137,4030.277318557544,1010.1863825884742,4030.277318557544,1010.1863825884742,-0.11090570202116745,-505.4752475247524,-0.07840789235470935,-344.7584158415848,,,-344.7584158415848,862.5089108910888,,2024-01-31
2024,2,1,3,9,0,3674.0198019801983,4052.227722772277,6779.583168316832,5981.985148514851,5013.473267326733,4557.702970297029,3874.0475247524755,4835.276897689769,1694.4041617445484,5038.3176567656765,1170.7030157935358,4760.029455445544,860.4130773219248,-378.20792079207877,-200.02772277227723,-0.09333333333333327,-0.05163274882257873,0.8660254037844386,0.5000000000000001,1.0,6.123233995736766e-17,29,60,0,1,0,0,5,0.8587639582758029,0.5123714121284237,0.43388373911755823,-0.900968867902419,4052.227722772277,4671.645544554455,8008.817821782178,4557.851485148515,4718.716831683168,3519.207920792079,2870.2059405940595,3306.4158415841584,,,5010.352192362094,1071.2589617136923,4661.946251768034,833.4840717368528,5147.39504950495,989.400866910941,5187.590240452616,1012.4044093183576,4559.155056577086,1040.2063996205643,4255.266348420557,1008.7365261849293,4209.370627062706,1001.6165805328193,4027.038613861386,1006.1153862661515,4027.038613861386,1006.1153862661515,-0.21354910877969935,-997.625742574257,-0.19391410317958568,-883.8316831683169,,,-883.8316831683169,367.60396039603984,,2024-02-29
2024,3,1,6,13,1,4214.316831683168,3674.0198019801983,4052.227722772277,6779.583168316832,5981.985148514851,4671.645544554455,4443.760396039604,3980.188118811881,277.25890153526774,4952.60099009901,1215.8705879289625,4740.909158415841,870.5696369507663,540.2970297029697,-229.44356435643567,0.1470588235294117,-0.05163274882257873,1.0,6.123233995736766e-17,1.0,6.123233995736766e-17,31,91,0,1,0,1,5,0.9999907397361901,0.004303538296244289,-0.7818314824680299,0.6234898018587334,3674.0198019801983,4842.559405940594,4272.846534653465,4450.607920792079,5630.287128712871,3607.1881188118814,3292.2950495049504,3228.6178217821785,,,4920.60325318246,1113.1567986287496,4657.765558698727,835.7296620802907,5139.518679867987,996.0572225937369,5137.019872701555,1024.7613458552162,4569.996640735502,1033.244708966072,4266.242798208392,1003.1326900730821,4220.322838283828,996.1461511016522,4028.7258050129335,1001.689426279426,4028.7258050129335,1001.689426279426,-0.12973358127248402,-628.242574257426,-0.053091868192886915,-236.29108910891136,,,-236.29108910891136,985.6990099009895,,2024-03-31
2024,4,2,1,18,0,3890.1386138613857,4214.316831683168,3674.0198019801983,4052.227722772277,6779.583168316832,4842.559405940594,4101.932673267326,3926.158415841584,271.94354134173784,4765.378547854785,1288.9153457430689,4723.259653465347,886.6990845108023,-324.17821782178225,-211.79405940594052,-0.07692307692307698,-0.05163274882257862,0.8660254037844387,-0.49999999999999983,1.2246467991473532e-16,-1.0,30,121,0,1,0,0,5,0.8717063187093218,-0.49002866642905923,0.7818314824680298,0.6234898018587336,4214.316831683168,4728.616831683168,3874.0475247524755,4718.716831683168,6380.99207920792,3739.1584158415844,3039.0415841584154,3423.1128712871287,,,4800.820650636492,1180.3440059111756,4658.914922206506,834.5791919952138,5111.899405940594,1019.3432868152457,5048.060820367752,1020.8806853453067,4572.692715700142,1031.2323810080948,4276.374905704856,994.8521063682477,4225.51201320132,993.1585701710372,4027.488419377652,997.2530860740694,4027.488419377652,997.2530860740694,-0.17731997488223694,-838.4782178217824,-0.17559396916093983,-828.5782178217819,,,-828.5782178217819,467.02574257425704,,2024-04-30
2024,5,2,4,22,0,4052.227722772277,3890.1386138613857,4214.316831683168,3674.0198019801983,4052.227722772277,4728.616831683168,4272.846534653465,4052.227722772277,162.08910891089573,4443.752310231023,1158.8188556144585,4704.874752475248,899.087605732211,162.08910891089135,-220.61881188118787,0.04166666666666674,-0.05163274882257862,0.49999999999999994,-0.8660254037844387,1.2246467991473532e-16,-1.0,31,152,0,1,0,0,5,0.5012418134457758,-0.865307254363206,-0.433883739117558,-0.9009688679024191,3890.1386138613857,5013.473267326733,4443.760396039604,5630.287128712871,5047.574257425742,3651.1782178217823,3165.668316831683,4084.39603960396,,,4663.499858557284,1207.0931385250083,4630.948302687412,848.7828209479499,5059.297425742575,1032.3045953568146,5012.512729844412,1038.0828080686358,4579.854314002829,1026.096176457945,4286.9291843470055,987.6030680530695,4225.154587458746,993.2157135794017,4027.7073512661,992.793808976279,4027.7073512661,992.793808976279,-0.1917324563828796,-961.2455445544556,-0.2802804492674872,-1578.059405940594,,,-1578.059405940594,-32.168316831683114,,2024-05-31
2024,6,2,6,26,1,4322.376237623763,4052.227722772277,3890.1386138613857,4214.316831683168,3674.0198019801983,5013.473267326733,4557.702970297029,4088.247524752476,218.35844487895844,4034.217821782178,230.92036319015935,4685.264191419142,905.1355720518002,270.14851485148574,-235.32673267326663,0.06666666666666687,-0.05163274882257851,1.2246467991473532e-16,-1.0,1.2246467991473532e-16,-1.0,30,182,0,1,0,1,5,0.008606996888688698,-0.9999629591162655,-0.7818314824680299,0.6234898018587334,4052.227722772277,5981.985148514851,4101.932673267326,6380.99207920792,4576.467326732673,3871.128712871287,3376.7128712871286,4628.9821782178215,,,4426.412871287129,1058.8463264830075,4646.694271570014,840.2155258501267,4990.676897689769,1009.5892528500832,5003.438048090523,1043.1341082696063,4587.912305516266,1022.1937355705348,4298.187081565299,982.4789254820289,4221.747854785478,992.3404645285146,4030.292166058711,988.7763841079022,4030.292166058711,988.7763841079022,-0.27743447529339316,-1659.6089108910883,-0.3226168934282231,-2058.6158415841574,,,-2058.6158415841574,-306.60594059405867,,2024-06-30
2024,7,3,2,31,0,4430.435643564357,4322.376237623763,4052.227722772277,3890.1386138613857,4214.316831683168,5981.985148514851,4671.645544554455,4268.346534653466,194.8068644574921,4097.252475247525,282.64644742806695,4665.163366336633,908.1388582730525,108.05940594059393,-241.2099009900985,0.02499999999999991,-0.05163274882257862,-0.4999999999999998,-0.8660254037844388,-1.0,-1.8369701987210297e-16,31,213,0,1,0,0,5,-0.5012418134457756,-0.8653072543632061,0.9749279121818236,-0.22252093395631434,4322.376237623763,6779.583168316832,4272.846534653465,5047.574257425742,5249.477227722772,4618.960396039603,3461.130693069307,3165.668316831683,,,4090.820367751061,258.58032134008363,4657.950636492221,835.8661777188639,4970.105610561057,1014.6645605440324,4974.186562942008,1047.4539683424289,4584.545792079208,1022.4000467812125,4309.72642621405,978.2121802694911,4235.800825082508,986.1529899663674,4033.7716745587604,985.1370011942695,4033.7716745587604,985.1370011942695,-0.346503238684466,-2349.147524752475,-0.12226439520993304,-617.1386138613852,,,-617.1386138613852,1264.7673267326736,,2024-07-31
2024,8,3,5,35,1,4592.524752475248,4430.435643564357,4322.376237623763,4052.227722772277,3890.1386138613857,6779.583168316832,4842.559405940594,4448.445544554456,135.97177067085343,4250.336633663366,254.95303361228514,4644.327145214521,906.5657114521944,162.0891089108909,-250.0346534653463,0.03658536585365857,-0.05163274882257862,-0.8660254037844384,-0.5000000000000004,-1.0,-1.8369701987210297e-16,31,244,0,1,0,0,5,-0.8717063187093218,-0.4900286664290594,-0.9749279121818236,-0.2225209339563146,4430.435643564357,4052.227722772277,4557.702970297029,4576.467326732673,4845.671287128713,5234.821782178217,3587.7574257425745,2870.2059405940595,,,4168.005657708628,318.7730671418744,4660.437906647808,835.5966920180088,4970.640858085809,1014.4539647871129,4965.145615275814,1049.6944159096242,4573.076202263083,1018.5679785252997,4321.687942008486,975.4167468598488,4254.937700770078,976.0142510067808,4038.588511437351,982.2154790931073,4038.588511437351,982.2154790931073,0.1333333333333333,540.2970297029706,0.0035086945008384607,16.057425742574196,,,16.057425742574196,1722.3188118811881,,2024-08-31
2024,9,3,0,40,0,4484.465346534654,4592.524752475248,4430.435643564357,4322.376237623763,4052.227722772277,4052.227722772277,4728.616831683168,4502.475247524752,82.53173454576381,4295.361386138614,270.68827266206483,4623.981188118812,907.2415148419336,-108.05940594059393,-244.15148514851444,-0.02352941176470591,-0.05163274882257862,-1.0,-1.8369701987210297e-16,-1.0,-1.8369701987210297e-16,30,274,0,1,0,1,5,-0.9999907397361901,0.004303538296243821,0.0,1.0,4592.524752475248,3674.0198019801983,4671.645544554455,5249.477227722772,5047.574257425742,3207.2524752475247,3503.3396039603963,3292.2950495049504,,,4283.783592644979,248.9948484994102,4647.067892503536,836.9000464681451,4945.1404620462035,1016.8154709095774,4945.034582743989,1053.4442670392866,4595.88357496464,1001.5868095517317,4333.3680103724655,971.3652220955381,4268.18403740374,970.8790757392428,4042.39942455784,978.8409771948851,4042.39942455784,978.8409771948851,0.22058823529411753,810.4455445544554,-0.1457310600659527,-765.0118811881184,,,-765.0118811881184,1192.1702970297033,,2024-09-30
2024,10,4,3,44,0,4754.6138613861385,4484.465346534654,4592.524752475248,4430.435643564357,4322.376237623763,3674.0198019801983,5013.473267326733,4610.534653465347,135.97177067084593,4439.440594059405,240.21454439824936,4602.409570957097,900.1886483265174,270.14851485148483,-258.8594059405941,0.06024096385542155,-0.05163274882257873,-0.8660254037844386,0.5000000000000001,-2.4492935982947064e-16,1.0,31,305,0,1,0,0,5,-0.858763958275803,0.5123714121284235,0.43388373911755823,-0.900968867902419,4484.465346534654,4214.316831683168,4842.559405940594,4845.671287128713,5384.079207920792,2907.9089108910894,3714.3841584158413,3039.0415841584154,,,4360.968882602546,301.9776856157252,4640.7860678925035,835.6489273073839,4942.105214521452,1017.2584393684741,4922.553677510608,1050.440104571466,4628.860449080622,975.0498898129388,4345.751697312588,970.0087438362148,4287.24595159516,963.2871548825296,4048.435140124182,976.8516980674561,4048.435140124182,976.8516980674561,0.1282051282051282,540.2970297029706,-0.018791498710291177,-91.0574257425742,,,-91.0574257425742,1715.5722772277231,,2024-10-31
2024,11,4,5,48,1,5673.118811881188,4754.6138613861385,4484.465346534654,4592.524752475248,4430.435643564357,4214.316831683168,5981.985148514851,4970.732673267327,623.1009314764129,4709.589108910891,494.50216454147187,4576.670709570957,860.7066475717454,918.5049504950493,-308.8663366336632,0.19318181818181812,-0.05163274882257862,-0.5000000000000004,0.8660254037844384,-2.4492935982947064e-16,1.0,30,335,0,1,0,0,5,-0.4937755501599774,0.8695893893466109,-0.9749279121818236,-0.2225209339563146,4754.6138613861385,3890.1386138613857,4728.616831683168,5047.574257425742,5518.681188118812,3335.5425742574257,4431.935643564356,3165.668316831683,,,4615.680339462518,515.2756457812901,4708.250495049505,880.2226576895279,4962.956699669968,1025.869536456451,4928.069306930693,1054.085303846765,4670.602881895333,968.6912830602081,4360.527687411598,980.7314949646438,4315.106512651265,966.7385161857349,4062.087944088526,984.039610214628,4062.087944088526,984.039610214628,0.4583333333333335,1782.9801980198022,0.12392973784093919,625.5445544554459,,,625.5445544554459,2507.4504950495048,,2024-11-30
2024,12,4,1,1,0,6429.534653465346,5673.118811881188,4754.6138613861385,4484.465346534654,4592.524752475248,3890.1386138613857,6779.583168316832,5619.089108910892,838.7665476979191,5060.782178217822,811.2855712568726,4547.499999999999,781.5512310922379,756.4158415841584,-350.0485148514854,0.1333333333333333,-0.05163274882257873,-2.4492935982947064e-16,1.0,-2.4492935982947064e-16,1.0,31,366,0,1,0,1,5,0.017213356155833904,0.9998518392091162,0.7818314824680298,0.6234898018587336,5673.118811881188,4052.227722772277,5013.473267326733,5384.079207920792,5720.584158415842,3078.9623762376236,5022.860396039604,3376.7128712871286,,,4955.295615275813,791.4409663206483,4809.39773691655,992.2283608976236,4997.805214521452,1057.9243670742544,4953.388967468176,1081.9727415160596,4730.43452970297,972.0643948045337,4377.273809523809,1003.9127841124557,4349.026754675468,986.7925012414072,4081.8166666666666,1003.4457602170509,4081.8166666666666,1003.4457602170509,0.5866666666666667,2377.3069306930693,0.19417534645599788,1045.455445544554,,,1045.455445544554,3052.8217821782177,,2024-12-31
2025,1,1,2,1,0,3737.52103960396,6429.534653465346,5673.118811881188,4754.6138613861385,4484.465346534654,4052.227722772277,4052.227722772277,5280.058168316832,1388.3828097621943,4945.296410891089,955.466682112329,4521.2744430693065,804.6209454653863,-2692.013613861386,-314.7066831683169,-0.4186949381181829,-0.07766263514751692,0.49999999999999994,0.8660254037844387,1.0,6.123233995736766e-17,1,1,1,0,1,0,1,0.017213356155834685,0.9998518392091162,0.9749279121818236,-0.22252093395631434,6429.534653465346,4322.376237623763,5981.985148514851,5518.681188118812,5585.982178217822,3207.2524752475247,3402.99504950495,3461.130693069307,,,4871.744872701556,893.6624746397733,4649.078871994342,969.2523304195432,4938.433209570957,1077.48379297445,4887.372498231966,1098.215507610088,4739.903611209335,959.4579700124068,4381.2562617868925,1000.6595725619993,4352.097758525852,984.4254654342221,4078.97124826119,999.7460663576517,4078.97124826119,999.7460663576517,-0.13530872045079723,-584.8551980198026,-0.32275105007868876,-1781.1601485148522,,,-1781.1601485148522,276.39034653465296,,2025-01-01
2025,1,1,3,1,0,3922.3876716703926,3737.52103960396,6429.534653465346,5673.118811881188,4754.6138613861385,4322.376237623763,3674.0198019801983,4696.4811215799,1503.7120157125685,4833.606897423613,1040.3489861017522,4541.97176554349,783.7699055274803,184.86663206643243,248.3678696901943,0.04946236559139794,0.0676011244023047,0.49999999999999994,0.8660254037844387,1.0,6.123233995736766e-17,2,2,0,0,0,0,1,0.03442161162274574,0.9994074007397048,0.43388373911755823,-0.900968867902419,3737.52103960396,4430.435643564357,6779.583168316832,5720.584158415842,5922.487128712871,3421.069306930693,3085.382178217822,3587.7574257425745,,,4799.166591002418,954.0656617936874,4444.99347937674,765.5450908475221,4878.493326679441,1082.4775722934742,4815.940374766163,1093.4307069967438,4748.8557248654015,949.2130551375622,4391.220612899423,991.7275646062473,4355.815872369494,982.1354380025754,4077.687776321921,995.7072369586156,4077.687776321921,995.7072369586156,-0.11467223830052775,-508.04797189396413,-0.31433791321818605,-1798.196486745449,,,-1798.196486745449,334.6302459278181,,2025-01-02
2025,1,1,4,1,0,4106.069803577132,3922.3876716703926,3737.52103960396,6429.534653465346,5673.118811881188,4430.435643564357,4214.316831683168,3921.9928382838284,184.2746992307832,4770.54097359736,1076.5850268596348,4532.951179867987,788.4924756710266,183.68213190673941,-108.24702810603594,0.046829163071613555,-0.025685545826131695,0.49999999999999994,0.8660254037844387,1.0,6.123233995736766e-17,3,3,0,0,0,0,1,0.051619667223253764,0.998666816288476,-0.433883739117558,-0.9009688679024191,3922.3876716703926,4592.524752475248,4052.227722772277,5585.982178217822,7066.603960396039,3506.5960396039604,3539.1148514851484,3503.3396039603963,,,4729.673026874116,988.7133508762402,4448.839342291371,763.5528276905102,4829.162914191419,1082.8453272096965,4710.20701202263,1007.4969279860187,4759.560613507779,938.2657661634947,4397.970076614804,987.7798873921848,4362.512874587458,978.3047276855464,4077.9185245109875,991.6213751420595,4077.9185245109875,991.6213751420595,-0.10592320675809741,-486.4549488981156,-0.2649332431477338,-1479.9123746406904,,,-1479.9123746406904,602.7301996167357,,2025-01-03
2025,1,1,5,1,1,4873.372085595656,4106.069803577132,3922.3876716703926,3737.52103960396,6429.534653465346,4592.524752475248,3890.1386138613857,4300.609853614394,504.4573442656667,4790.334010965613,1077.3250743404847,4614.887302512509,766.3989161716754,767.3022820185242,983.2334717342706,0.1868702478827966,0.252750240886225,0.49999999999999994,0.8660254037844387,1.0,6.123233995736766e-17,4,4,0,0,0,0,1,0.06880242680231986,0.9976303053065857,-0.9749279121818236,-0.2225209339563146,4106.069803577132,4484.465346534654,3674.0198019801983,5922.487128712871,8008.817821782178,3634.8861386138615,3266.875247524752,3714.3841584158413,,,4785.231132454259,983.5514079528293,4534.507362549619,736.7446360183825,4794.192412754178,1063.0790448242783,4598.226807158827,774.6213729450456,4781.676433989597,925.78729032811,4417.095038972791,981.1461404412145,4375.39051822279,977.3049030633615,4084.3334725842515,990.1622749260423,4084.3334725842515,990.1622749260423,0.08672310052780952,388.90673906100255,-0.17714095789773676,-1049.1150431172146,,,-1049.1150431172146,1158.987927179815,,2025-01-04
2025,1,1,6,1,1,4664.223200255508,4873.372085595656,4106.069803577132,3922.3876716703926,3737.52103960396,4484.465346534654,4052.227722772277,4547.888363142766,396.6592287370124,4622.184742361333,986.924156323184,4665.886925636111,745.6343836704643,-209.1488853401479,611.9954774832313,-0.042916666666666825,0.15102692132626316,0.49999999999999994,0.8660254037844387,1.0,6.123233995736766e-17,5,5,0,0,0,0,1,0.08596479873744647,0.9962981749346078,-0.7818314824680299,0.6234898018587334,4873.372085595656,4754.6138613861385,4214.316831683168,7066.603960396039,4272.846534653465,3549.359405940594,3402.99504950495,4431.935643564356,,,4772.318180864169,984.6131663968291,4566.643531733358,731.4974377389316,4714.113054082828,972.636503221607,4612.204545216043,772.0594385600506,4801.584716030935,910.6691931357522,4432.10965981506,975.0718221053824,4377.9714910749135,977.7625293899431,4088.9725904056213,987.5246244130899,4088.9725904056213,987.5246244130899,-0.019011146596934814,-90.39066113063018,-0.3399625581968927,-2402.3807601405306,,,-2402.3807601405306,232.28755669115253,,2025-01-05
2025,1,1,0,2,0,3487.5068987543914,4664.223200255508,4873.372085595656,4106.069803577132,3922.3876716703926,4754.6138613861385,4322.376237623763,4341.700728201852,747.1085180610271,4131.8467832428405,538.235761420781,4596.3144807303315,816.2092517531049,-1176.716301501117,-834.8693388693714,-0.25228558989986927,-0.19315054797921594,0.49999999999999994,0.8660254037844387,1.0,6.123233995736766e-17,6,6,0,0,0,0,1,0.10310169744743485,0.9946708199115211,0.0,1.0,4664.223200255508,5673.118811881188,3890.1386138613857,8008.817821782178,3874.0475247524755,3763.176237623762,3629.861386138614,5022.860396039604,,,4460.087907560342,997.8028006137752,4537.88412351143,767.1850662958833,4563.402689981901,774.656898315841,4598.399522858967,789.0167058550071,4796.66204926541,917.1067368880181,4430.414963536676,976.6054478989547,4360.912007771744,979.7763694529121,4084.199053170294,985.0250573597128,4084.199053170294,985.0250573597128,-0.3852575603651168,-2185.6119131267965,-0.564541611963109,-4521.310923027786,,,-4521.310923027786,-1535.3534972852126,,2025-01-06
2025,1,1,1,2,0,3670.004530501437,3487.5068987543914,4664.223200255508,4873.372085595656,4106.069803577132,5673.118811881188,4430.435643564357,3940.578209837113,633.3031663560159,4120.594031725753,548.732066163753,4532.945221308421,858.6733609003189,182.4976317470455,-760.4311130629198,0.05232896652110619,-0.17163800001643648,0.49999999999999994,0.8660254037844387,1.0,6.123233995736766e-17,7,7,0,0,0,0,1,0.1202080448993527,0.9927487224577402,0.7818314824680298,0.6234898018587336,3487.5068987543914,6429.534653465346,4052.227722772277,4272.846534653465,4443.760396039604,4490.153465346534,3720.6079207920793,3402.99504950495,,,4065.8693185654965,521.4268500728766,4510.582466920655,792.1910006365655,4543.307956510167,790.1184860012452,4570.765384804034,807.9558271542045,4782.016532571747,928.567423744293,4429.812542223693,977.0640689802083,4363.878779782816,977.2441785723709,4080.937678976051,981.7966269888192,4080.937678976051,981.7966269888192,-0.42919593278443513,-2759.5301229639094,-0.1410867437580272,-602.842004152028,,,-602.842004152028,267.0094809964867,,2025-01-07
2025,1,1,2,2,0,3658.7517789843496,3670.004530501437,3487.5068987543914,4664.223200255508,4873.372085595656,6429.534653465346,4592.524752475248,3605.421069413393,102.27154949367038,4076.654716278079,577.5747443890716,4455.130806850846,894.3521171937407,-11.25275151708729,-933.772973490898,-0.0030661410424880353,-0.20332453798700145,0.49999999999999994,0.8660254037844387,1.0,6.123233995736766e-17,8,8,0,0,0,0,2,0.13727877211326478,0.9905324521322229,0.9749279121818236,-0.22252093395631434,3670.004530501437,3737.52103960396,4322.376237623763,3874.0475247524755,4101.932673267326,5088.840594059406,3856.7277227722775,3085.382178217822,,,4054.6165670484093,530.4654383467094,4463.180719874983,823.5524613996485,4536.13143165123,797.3515312262638,4554.937495722498,821.7044343547121,4756.479232302551,939.5755561917116,4427.4556857500265,978.7005157780245,4370.249553124667,970.6626263580741,4077.6393516323656,978.6353592898367,4077.6393516323656,978.6353592898367,-0.02107526881720434,-78.76926061961058,-0.055573852512788124,-215.29574576812593,,,-215.29574576812593,573.3696007665276,,2025-01-08
2025,1,1,3,2,0,3839.472660491855,3658.7517789843496,3670.004530501437,3487.5068987543914,4664.223200255508,3737.52103960396,4484.465346534654,3722.742989992548,101.24731149685996,4032.2218590971993,585.0653526270614,4401.381416347279,911.6433353128574,180.7208815075055,-644.9926860427986,0.04939413560262684,-0.14382822392444472,0.49999999999999994,0.8660254037844387,1.0,6.123233995736766e-17,9,9,0,0,0,0,2,0.15430882066428117,0.9880226656636976,0.43388373911755823,-0.900968867902419,3658.7517789843496,3922.3876716703926,4430.435643564357,4443.760396039604,4272.846534653465,4021.6336633663364,3765.981188118812,3539.1148514851484,,,4042.771565451476,534.8180031558874,4420.969078226947,840.3340234442775,4515.988507132972,807.3358353268897,4539.459857359584,831.2408798021738,4753.226357251219,942.4767459315063,4428.330584230658,978.134758590276,4373.586862113631,968.2863640822075,4075.793098212672,975.0305836395155,4075.793098212672,975.0305836395155,-0.021138912855910297,-82.9150111785375,-0.13598567017391527,-604.2877355477485,,,-604.2877355477485,300.3578090067067,,2025-01-09
2025,1,1,4,2,0,4019.009041839668,3839.472660491855,3658.7517789843496,3670.004530501437,3487.5068987543914,3922.3876716703926,4754.6138613861385,3839.0778271052914,180.12895597338093,3889.8280184712016,420.11716797467074,4340.081014718407,910.4630131124586,179.53638134781295,-735.6048195464705,0.046760687527545475,-0.1547138928611157,0.49999999999999994,0.8660254037844387,1.0,6.123233995736766e-17,10,10,0,0,0,0,2,0.1712931441814776,0.9852201067560606,-0.433883739117558,-0.9009688679024191,3839.472660491855,4106.069803577132,4592.524752475248,4101.932673267326,4557.702970297029,3646.281188118812,3992.847524752475,3266.875247524752,,,4030.334313774695,534.1124995372529,4380.003670324406,845.2920632682386,4513.224386085382,808.9427012549521,4520.220788486106,837.0169713196066,4759.88221178195,935.8098053713198,4428.642030862648,977.9985819152286,4381.943904272685,961.8516447202716,4075.356297779033,971.2568115427914,4075.356297779033,971.2568115427914,-0.021202942449156215,-87.06076173746396,-0.020215746584062444,-82.92363142765817,,,-82.92363142765817,752.133794314916,,2025-01-10
2025,1,1,5,2,1,4769.728321622484,4019.009041839668,3839.472660491855,3658.7517789843496,3670.004530501437,4106.069803577132,5673.118811881188,4209.403341318003,493.488997569126,3907.4122053656974,459.3851539346508,4264.798473863515,823.4058641828901,750.7192797828161,-903.3904902587037,0.18679213506799686,-0.1592405377385605,0.49999999999999994,0.8660254037844387,1.0,6.123233995736766e-17,11,11,0,0,0,0,2,0.1882267098432442,0.9821256058680006,-0.9749279121818236,-0.2225209339563146,4019.009041839668,4873.372085595656,4484.465346534654,4272.846534653465,4671.645544554455,4182.49900990099,4764.193069306931,3402.99504950495,,,4015.528061778528,507.62735863504224,4400.379597116394,851.4197782099247,4529.787112317683,808.9380770806173,4523.723744809965,837.8789590418734,4770.368449491261,932.5065664746916,4428.707926723549,978.0216493682201,4397.129829518435,956.9990253886185,4080.6568475793647,969.41419811503,4080.6568475793647,969.41419811503,-0.02126736111111127,-103.6437639731721,0.11628823617680362,496.88178696901923,,,496.88178696901923,1366.733272117534,,2025-01-11
2025,1,1,6,2,1,4564.725186841264,4769.728321622484,4019.009041839668,3839.472660491855,3658.7517789843496,4873.372085595656,6429.534653465346,4451.1541834344725,388.03174982277335,4086.9485867135095,472.76074583428925,4109.397684978175,483.55218130798045,-205.00313478122007,-1864.8094666240822,-0.04298004434589797,-0.29003801474481516,0.49999999999999994,0.8660254037844387,1.0,6.123233995736766e-17,12,12,0,0,0,0,2,0.2051044998686192,0.9787400799669153,-0.7818314824680299,0.6234898018587334,4769.728321622484,4664.223200255508,4754.6138613861385,4557.702970297029,4842.559405940594,3860.768316831683,5399.418811881188,3629.861386138614,,,4001.314059862207,487.4270964203953,4386.816120363188,846.8427931353152,4530.021186202491,808.9474492582812,4513.801094127846,835.6053281054953,4782.93910788429,924.7342110261217,4418.771097854025,972.2636215672192,4407.517205081798,953.6451153522028,4084.324031967713,966.6257213782385,4084.324031967713,966.6257213782385,-0.021332172398780935,-99.49801341424427,0.0015407358904253599,7.022216544234652,,,7.022216544234652,934.8638007026502,,2025-01-12
2025,1,1,0,3,0,3412.883388693708,4564.725186841264,4769.728321622484,4019.009041839668,3839.472660491855,4664.223200255508,3737.52103960396,4249.112299052486,731.4134700751712,4044.0950630788884,526.6909173799087,4082.3445474023206,514.3493057027804,-1151.841798147556,-324.637650910252,-0.25233540925266895,-0.08685908319185054,0.49999999999999994,0.8660254037844387,1.0,6.123233995736766e-17,13,13,0,0,0,0,2,0.22192151300416552,0.9750645322571948,0.0,1.0,4564.725186841264,3487.5068987543914,5673.118811881188,4671.645544554455,4728.616831683168,4021.6336633663364,3299.257425742574,3720.6079207920793,,,3990.653558424966,501.1600505957465,4225.370732992654,796.72025202719,4488.062447673799,833.6171001819988,4466.810614021079,859.724895372593,4772.068567265137,937.3384380212082,4420.123787889157,970.7651879173726,4404.098043614039,956.6824196918412,4079.2756060784345,964.7157501919994,4079.2756060784345,964.7157501919994,-0.02139737991266366,-74.6235100606832,-0.2694472737401994,-1258.762155860747,,,-1258.762155860747,-307.7245320983711,,2025-01-13
2025,1,1,1,3,0,3591.2352698818268,3412.883388693708,4564.725186841264,4769.728321622484,4019.009041839668,3487.5068987543914,3922.3876716703926,3856.2812818056004,619.9773571006278,4032.842311561801,537.1870086757384,4054.74851391994,532.2824710323636,178.35188118811857,-331.15240178856584,0.05225841638157558,-0.08442622950819667,0.49999999999999994,0.8660254037844387,1.0,6.123233995736766e-17,14,14,0,0,0,0,2,0.2386727660059501,0.9711000518829505,0.7818314824680298,0.6234898018587336,3412.883388693708,3670.004530501437,6429.534653465346,4842.559405940594,5013.473267326733,4289.742574257426,2991.3267326732675,3856.7277227722775,,,3979.4008069078795,510.3595427206647,4022.6350627366883,497.7090399031286,4446.351643138507,846.4743061606804,4416.016399826619,868.2032713385498,4759.595222544143,948.4552061770834,4427.265556189259,962.2968876506318,4401.148127470811,958.7961780416666,4075.6335140172655,962.0064443618443,4075.6335140172655,962.0064443618443,-0.02146298729741558,-78.76926061961012,-0.25840140123499766,-1251.3241360587672,,,-1251.3241360587672,-265.49245289045075,,2025-01-14
2025,1,1,2,3,0,3579.9825183647395,3591.2352698818268,3412.883388693708,4564.725186841264,4769.728321622484,3670.004530501437,4106.069803577132,3528.0337256467587,99.88171093594241,3989.593954540615,565.5646840953424,4010.9079068189076,549.0715972888903,-11.25275151708729,-526.0872852123925,-0.003133393017009878,-0.12812429168984785,0.49999999999999994,0.8660254037844387,1.0,6.123233995736766e-17,15,15,0,0,0,0,3,0.255353295116187,0.9668478136052775,0.9749279121818236,-0.22252093395631434,3591.2352698818268,3658.7517789843496,3737.52103960396,4728.616831683168,5981.985148514851,4396.986138613862,3431.227722772277,3765.981188118812,,,3968.1480553907927,519.3961199113454,4011.382311219601,506.35684257060774,4408.06383269456,859.1492766916807,4330.230591606972,825.3532047937797,4745.005872182553,960.3435136250413,4429.036446612979,960.5771586493036,4399.081475584655,960.3797902986993,4071.9620251605807,959.359049086313,4071.9620251605807,959.359049086313,-0.02152899824253074,-78.76926061961012,-0.24291126860231727,-1148.6343133184287,,,-1148.6343133184287,-185.99866975407258,,2025-01-15
2025,1,1,3,3,0,3756.5576493133185,3579.9825183647395,3591.2352698818268,3412.883388693708,4564.725186841264,3658.7517789843496,4873.372085595656,3642.5918125199623,98.85754938898684,3945.8520557862234,572.9358793848867,3917.840037128713,479.8850110219739,176.57513094857904,-1116.8144362823377,0.04932290312669885,-0.22916666666666663,0.49999999999999994,0.8660254037844387,1.0,6.123233995736766e-17,16,16,0,0,0,0,3,0.2719581575341055,0.9623090774541486,0.43388373911755823,-0.900968867902419,3579.9825183647395,3839.472660491855,3922.3876716703926,5013.473267326733,6779.583168316832,4557.851485148515,3167.287128712871,3992.847524752475,,,3956.303053793858,523.7469157467783,3999.537309622667,510.52127069394595,4366.1666454274455,859.2551988138608,4222.265394499703,677.5775121868568,4730.697053685495,969.1122374771707,4436.051571858222,953.3762846797393,4396.45603252422,961.824704780166,4069.6428753381742,956.1818347482824,4069.6428753381742,956.1818347482824,-0.02159541648303198,-82.91501117853659,-0.25070755362452,-1256.9156180134141,,,-1256.9156180134141,-236.28987543915628,,2025-01-16
2025,1,1,4,3,0,3931.948280102203,3756.5576493133185,3579.9825183647395,3591.2352698818268,3412.883388693708,3839.472660491855,4664.223200255508,3756.1628159267543,175.98321305999843,3806.222048866177,411.2711003724164,3856.817127115937,419.0477876418339,175.39063078888466,-732.2749201533052,0.04668918918918896,-0.15699825859817151,0.49999999999999994,0.8660254037844387,1.0,6.123233995736766e-17,17,17,0,0,0,0,3,0.288482432880609,0.9574851883550393,-0.433883739117558,-0.9009688679024191,3756.5576493133185,4019.009041839668,4106.069803577132,5981.985148514851,4052.227722772277,4450.607920792079,3299.257425742574,4764.193069306931,,,3943.8658021170777,523.0429090086596,3987.1000579458864,509.84681660551075,4297.832083147024,806.2012494916529,4217.96970011863,679.0750580059309,4721.4352743874615,974.3022216890628,4443.583605838694,946.7632875798723,4387.208868199723,962.2500720431067,4068.637805299955,952.7326065281248,4068.637805299955,952.7326065281248,-0.02166224580017706,-87.06076173746487,-0.34270176496870963,-2050.036868412648,,,-2050.036868412648,-832.2447892047276,,2025-01-17
2025,1,1,5,3,1,4666.084557649313,3931.948280102203,3756.5576493133185,3579.9825183647395,3591.2352698818268,4019.009041839668,3487.5068987543914,4118.196829021613,482.5206635241139,3823.1152773341855,449.0086472868938,3955.0319320238473,460.66961994225124,734.1362775471098,1178.5776588949216,0.18671056312267353,0.33794274623968934,0.49999999999999994,0.8660254037844387,1.0,6.123233995736766e-17,18,18,0,0,0,0,3,0.30492122465628907,0.9523775757303974,-0.9749279121818236,-0.2225209339563146,3931.948280102203,4769.728321622484,4873.372085595656,6779.583168316832,3674.0198019801983,4718.716831683168,3519.207920792079,5399.418811881188,,,3929.0595501209104,496.56482658644217,3972.2938059497196,484.50940974467187,4227.382129458108,661.1504795787098,4253.400584249669,675.5144796924351,4720.4954123511425,974.3302772132049,4457.236899134614,941.527326275213,4379.060709819369,956.6712552099829,4072.9671295923417,950.6105496321264,4072.9671295923417,950.6105496321264,-0.021729490022172837,-103.64376397317119,-0.31174462473512765,-2113.4986106675187,,,-2113.4986106675187,-733.3342542318751,,2025-01-18
2025,1,1,6,3,1,4465.22717342702,4666.084557649313,3931.948280102203,3756.5576493133185,3579.9825183647395,4769.728321622484,3670.004530501437,4354.420003726179,379.40438867455805,3998.50590812307,462.0584532561409,4021.3004856009793,472.9733604384157,-200.85738422229315,795.2226429255829,-0.043046237533998166,0.21668165156649843,0.49999999999999994,0.8660254037844387,1.0,6.123233995736766e-17,19,19,0,0,0,0,3,0.3212696616923644,0.9469877530760753,-0.7818314824680299,0.6234898018587334,4666.084557649313,4564.725186841264,4664.223200255508,4052.227722772277,4214.316831683168,5630.287128712871,3607.1881188118814,3299.257425742574,,,3914.84554820459,476.3490344341756,3958.0798040333984,465.1823690244958,4241.148777813265,661.6771877615939,4262.361667883378,676.6401053082666,4699.690770292466,966.9612585215438,4467.4516497847935,936.836729990807,4392.015929238085,949.7540449898614,4075.789144296188,947.7442254065709,4075.789144296188,947.7442254065709,-0.02179715302491092,-99.49801341424427,0.10191911188352343,412.99945065474276,,,412.99945065474276,1165.9697476844458,,2025-01-19
2025,1,1,0,4,0,3338.2598786330245,4465.22717342702,4666.084557649313,3931.948280102203,3756.5576493133185,4564.725186841264,3658.7517789843496,4156.523869903121,715.718444471084,3956.343342914937,515.1464697310172,3994.5928272383685,503.37814400162034,-1126.9672947939953,-320.49190035132506,-0.252387448840382,-0.08759596707057615,0.49999999999999994,0.8660254037844387,1.0,6.123233995736766e-17,20,20,0,0,0,0,3,0.3375228995941133,0.9413173175128471,0.0,1.0,4465.22717342702,3412.883388693708,3487.5068987543914,3674.0198019801983,3890.1386138613857,6380.99207920792,3739.1584158415844,2991.3267326732675,,,3904.18504676735,490.0918139111686,3947.4193025961576,478.3205480182511,4229.9567803683585,674.3195698998564,4242.651713053793,695.6549292791491,4645.356266710772,956.1967160602254,4462.679048151358,941.6006850755572,4395.870741970971,944.6957099906077,4070.5210781128803,946.3838870884638,4070.5210781128803,946.3838870884638,-0.021865238732708625,-74.62351006068366,-0.09138761940428519,-335.75992334717375,,,-335.75992334717375,346.933145959757,,2025-01-20
2025,1,1,1,4,0,3512.4660092622166,3338.2598786330245,4465.22717342702,4666.084557649313,3931.948280102203,3412.883388693708,3839.472660491855,3771.9843537740876,606.6515880119915,3945.0905913978495,525.6423302885645,3967.3422729692325,521.0791254195748,174.2061306291921,-327.00665122963846,0.05218471208434727,-0.08516967827236654,0.49999999999999994,0.8660254037844387,1.0,6.123233995736766e-17,21,21,0,0,0,0,3,0.3536761221763716,0.9353679493131483,0.7818314824680298,0.6234898018587336,3338.2598786330245,3591.2352698818268,3670.004530501437,4214.316831683168,4052.227722772277,5047.574257425742,3651.1782178217823,3431.227722772277,,,3892.932295250262,499.29279769001755,3936.166551079071,487.12103821298405,4206.561752954328,686.9379374552873,4223.374508999863,708.4874563377758,4617.943619422138,966.4061674965944,4461.027712335173,943.1613446047185,4396.773389598637,943.8020351365439,4066.5632407451453,944.1682619057532,4066.5632407451453,944.1682619057532,-0.021933751119068923,-78.76926061961012,-0.16653964342321104,-701.8508224209513,,,-701.8508224209513,81.23828648993958,,2025-01-21
2025,1,1,2,4,0,3501.2132577451293,3512.4660092622166,3338.2598786330245,4465.22717342702,4666.084557649313,3591.2352698818268,4019.009041839668,3450.646381880124,97.49205448792013,3902.5331928031515,553.5548610543809,3924.192624294687,537.5890710205198,-11.25275151708729,-517.7957840945387,-0.0032036613272311554,-0.12883668056081854,0.49999999999999994,0.8660254037844387,1.0,6.123233995736766e-17,22,22,0,0,0,0,4,0.3697245428906731,0.9291414114031743,0.9749279121818236,-0.22252093395631434,3512.4660092622166,3579.9825183647395,3658.7517789843496,3890.1386138613857,4322.376237623763,4576.467326732673,3871.128712871287,3167.287128712871,,,3881.679543733175,508.3272662247325,3924.9137995619835,495.76533267556226,4193.597574417119,696.71591614617,4194.0472597184835,721.1206280507156,4598.742653904504,977.8591545094338,4456.623956917005,946.8054065466666,4400.483679921217,939.5611907715163,4062.5819028366946,942.0096546183416,4062.5819028366946,942.0096546183416,-0.022002694207453932,-78.76926061961012,-0.09997724881330272,-388.92535611625635,,,-388.92535611625635,333.92612903225836,,2025-01-22
2025,1,1,3,4,0,3673.642638134781,3501.2132577451293,3512.4660092622166,3338.2598786330245,4465.22717342702,3579.9825183647395,4769.728321622484,3562.4406350473764,96.46797511184388,3859.4822524752476,560.8066081746113,3832.8521506707125,469.69523936800664,172.42938038965167,-1096.0856834877031,0.049248465516408046,-0.22980044345897999,0.49999999999999994,0.8660254037844387,1.0,6.123233995736766e-17,23,23,0,0,0,0,4,0.38566340624360707,0.9226395488404876,0.43388373911755823,-0.900968867902419,3501.2132577451293,3756.5576493133185,3839.472660491855,4052.227722772277,4430.435643564357,5249.477227722772,4618.960396039603,3299.257425742574,,,3869.8345421362415,512.6762127491681,3913.06879796505,499.9273176032366,4180.978071595869,702.767168776577,4167.018938095998,726.0979064378607,4570.602750519003,981.459763021823,4445.370174084805,950.4636020880506,4404.643515614464,935.4506024306401,4059.862047838779,939.2501676599829,4059.862047838779,939.2501676599829,-0.02207207207207218,-82.9150111785375,-0.09342640901200194,-378.58508463749604,,,-378.58508463749604,374.385212392207,,2025-01-23
2025,1,1,4,4,0,3844.88751836474,3673.642638134781,3501.2132577451293,3512.4660092622166,3338.2598786330245,3756.5576493133185,4564.725186841264,3673.2478047482177,171.83747051552467,3722.6160792611518,402.4256180194254,3772.8656782976686,409.8864569302915,171.2448802299591,-719.837668476524,0.04661446338093067,-0.15769572953736632,0.49999999999999994,0.8660254037844387,1.0,6.123233995736766e-17,24,24,0,0,0,0,4,0.401487989205973,0.9158642882672872,-0.433883739117558,-0.9009688679024191,3673.642638134781,3931.948280102203,4019.009041839668,4322.376237623763,4592.524752475248,4845.671287128713,5234.821782178217,3519.207920792079,,,3857.3972904594602,511.97376815273003,3900.6315462882694,499.2544407509057,4165.061780953902,704.8583296437781,4140.317608306337,723.6133899207329,4552.731611791075,985.4633834484972,4428.823337610835,948.651385506513,4408.262177809716,932.6125494192452,4058.3691691618756,936.1317435944928,4058.3691691618756,936.1317435944928,-0.02214188883868029,-87.06076173746305,-0.110469032080725,-477.4887192590227,,,-477.4887192590227,325.6795975726609,,2025-01-24
2025,1,1,5,4,1,4562.440793676142,3844.88751836474,3673.642638134781,3501.2132577451293,3512.4660092622166,3931.948280102203,3412.883388693708,4026.9903167252214,471.55234301345087,3738.8183493026722,438.6322201180809,3868.6621287128714,450.4335364526992,717.5532753114016,1149.5574049824336,0.18662529706891995,0.336828796668154,0.49999999999999994,0.8660254037844387,1.0,6.123233995736766e-17,25,25,0,0,0,0,4,0.4171936026123168,0.9088176373395029,-0.9749279121818236,-0.2225209339563146,3844.88751836474,4666.084557649313,4769.728321622484,4430.435643564357,4484.465346534654,5047.574257425742,3207.2524752475247,3607.1881188118814,,,3842.591038463293,485.5030904956343,3885.825294292102,473.92859569128126,4169.461952624294,706.9809203066559,4143.102445704248,725.1353461638699,4544.068514224118,983.1638786195356,4444.956531877841,939.101911325134,4418.876096419319,928.8212979646772,4061.845525193009,933.8143611071793,4061.845525193009,933.8143611071793,-0.022212148685403332,-103.64376397317119,0.02979507225289124,132.00515011178504,,,132.00515011178504,955.2526748642604,,2025-01-25
2025,1,1,6,4,1,4365.7291600127755,4562.440793676142,3844.88751836474,3673.642638134781,3501.2132577451293,4666.084557649313,3591.2352698818268,4257.685824017886,370.7771535130092,3910.063229532631,451.35625502672025,3933.2032862237834,462.39665359598257,-196.71163366336623,774.4938901309488,-0.04311543810848395,0.21566225321585075,0.49999999999999994,0.8660254037844387,1.0,6.123233995736766e-17,26,26,0,0,0,0,4,0.4327755925504312,0.901501684131884,-0.7818314824680299,0.6234898018587334,4562.440793676142,4465.22717342702,4564.725186841264,4592.524752475248,4754.6138613861385,5384.079207920792,2907.9089108910894,3739.1584158415844,,,3828.3770365469727,465.2710640023521,3871.6112923757814,454.59045016066005,4161.902099542212,703.5050859157726,4129.2137063694845,716.6638144925976,4525.883691940046,976.7411969244097,4462.311534843577,923.6986306400926,4425.837993576777,926.0132480589115,4063.9269199520486,930.928518116401,4063.9269199520486,930.928518116401,-0.022282855843565152,-99.49801341424427,-0.04938364073927648,-226.7955924624721,,,-226.7955924624721,626.5707441711911,,2025-01-26
2025,1,1,0,5,0,3263.6363685723413,4365.7291600127755,4562.440793676142,3844.88751836474,3673.642638134781,4465.22717342702,3579.9825183647395,4063.9354407537535,700.0234427542077,3868.5916227509847,503.6024457344573,3906.841107074417,492.40898469728074,-1102.0927914404342,-316.34614979239814,-0.2524418604651162,-0.08836527781060177,0.49999999999999994,0.8660254037844387,1.0,6.123233995736766e-17,27,27,0,0,0,0,4,0.4482293417404106,0.893918596519257,0.0,1.0,4365.7291600127755,3338.2598786330245,3412.883388693708,4484.465346534654,5673.118811881188,5518.681188118812,3335.5425742574257,3651.1782178217823,,,3817.716535109732,479.02412039719144,3860.9507909385406,467.7354097703325,4121.207800276802,719.3343730363134,4043.1607619655974,667.3781679696958,4485.615034448145,981.5395970040312,4461.455508585421,924.7881073524553,4421.531973029561,930.5458936239737,4058.4827665413018,930.0801055839315,4058.4827665413018,930.0801055839315,-0.02235401459854003,-74.6235100606832,-0.27223512361528257,-1220.8289779623124,,,-1220.8289779623124,-387.54184924944093,,2025-01-27
2025,1,1,1,5,0,3433.696748642606,3263.6363685723413,4365.7291600127755,4562.440793676142,3844.88751836474,3338.2598786330245,3756.5576493133185,3687.6874257425748,593.3258617964748,3857.338871233898,514.0980565417011,3879.936032018524,509.8775753052469,170.06038007026473,-322.86090067071245,0.05210763726862644,-0.08594594594594596,0.49999999999999994,0.8660254037844387,1.0,6.123233995736766e-17,28,28,0,0,0,0,4,0.4635502709028509,0.886070621534138,0.7818314824680298,0.6234898018587336,3263.6363685723413,3512.4660092622166,3591.2352698818268,4754.6138613861385,6429.534653465346,5720.584158415842,3078.9623762376236,3871.128712871287,,,3806.463783592645,488.2266532197508,3849.698039421454,476.53558981745596,4077.1772298520173,719.6532627885985,3936.166551079071,486.170082879992,4444.777759273623,976.78593559963,4465.678536828337,919.1919274979341,4416.671617871465,934.5866259171331,4054.2612393933373,928.3328427053235,4054.2612393933373,928.3328427053235,-0.022425629290617866,-78.76926061961058,-0.27781795772547513,-1320.9171127435325,,,-1320.9171127435325,-437.43196422868095,,2025-01-28
2025,1,1,2,5,0,3422.443997125519,3433.696748642606,3263.6363685723413,4365.7291600127755,4562.440793676142,3512.4660092622166,3931.948280102203,3373.259038113489,95.10259387729731,3815.472431065687,541.5452910508152,3837.4773417704673,526.108126053916,-11.252751517086836,-509.50428297668395,-0.003277153558052359,-0.12958061670217091,0.49999999999999994,0.8660254037844387,1.0,6.123233995736766e-17,29,29,0,0,0,0,5,0.47873384011578846,0.8779600847008882,0.9749279121818236,-0.22252093395631434,3433.696748642606,3501.2132577451293,3579.9825183647395,5673.118811881188,3737.52103960396,5585.982178217822,3207.2524752475247,4618.960396039603,,,3795.211032075558,497.25890832242976,3838.4452879043665,485.17617745755024,4002.1547360268287,662.5946536421635,3924.9137995619835,494.51292069054574,4406.143148896975,973.60924922716,4468.240340660218,915.9365227572894,4403.376991216864,940.1703343926923,4050.020855217044,926.6380248484174,4050.020855217044,926.6380248484174,-0.022497704315886047,-78.76926061961012,-0.3967261905465632,-2250.6748147556686,,,-2250.6748147556686,-1196.5163989140842,,2025-01-29
2025,1,1,3,5,0,3590.727626956244,3422.443997125519,3433.696748642606,3263.6363685723413,4365.7291600127755,3501.2132577451293,4666.084557649313,3482.2894575747905,94.0786029780052,3773.1124491642713,548.677552394813,3747.864264212711,459.50732735492574,168.28362983072475,-1075.356930693069,0.04917060146844321,-0.23046237533998182,0.49999999999999994,0.8660254037844387,1.0,6.123233995736766e-17,30,30,0,0,0,0,5,0.4937755501599772,0.869589389346611,0.43388373911755823,-0.900968867902419,3422.443997125519,3673.642638134781,3756.5576493133185,6429.534653465346,3922.3876716703926,5922.487128712871,3421.069306930693,5234.821782178217,,,3783.366030478624,501.6059196155413,3826.6002863074323,489.33559339736087,3907.5278351431916,482.10708738109037,3913.0687979650497,498.5314462605295,4364.504586365607,957.3052676836071,4470.260082565284,913.7841020065345,4385.109278381064,939.8061456918055,4046.9589003619712,924.2843494621962,4046.9589003619712,924.2843494621962,-0.022570244127130268,-82.91501117853704,-0.44152604807551066,-2838.8070265091023,,,-2838.8070265091023,-1644.0941552219733,,2025-01-30
2025,1,1,4,5,0,3757.826756627276,3590.727626956244,3422.443997125519,3433.696748642606,3263.6363685723413,3673.642638134781,4465.22717342702,3590.3327935696802,167.69172836732204,3639.0101096561266,393.580760375037,3688.9142294793996,400.72720843934883,167.0991296710322,-707.4004167997437,0.04653628652214903,-0.15842428376534767,0.49999999999999994,0.8660254037844387,1.0,6.123233995736766e-17,31,31,0,1,0,0,5,0.5086709438521044,0.8609610158889943,-0.433883739117558,-0.9009688679024191,3590.727626956244,3844.88751836474,3931.948280102203,3737.52103960396,4106.069803577132,7066.603960396039,3506.5960396039604,3207.2524752475247,,,3770.9287788018437,500.90510678044075,3814.163034630652,488.66436522504864,3908.2046923773023,481.8743728721576,3900.6315462882694,497.8816903716686,4305.419279155451,887.0282612982497,4473.250924434609,910.9988985121159,4391.226770396394,933.8258638848614,4045.0441179531326,921.4986923913692,4045.0441179531326,921.4986923913692,-0.02264325323475047,-87.06076173746396,0.005432937181663933,20.305717023315992,,,20.305717023315992,550.5742813797515,,2025-01-31
2025,2,1,5,5,1,4458.797029702971,3757.826756627276,3590.727626956244,3422.443997125519,3433.696748642606,3844.88751836474,3338.2598786330245,3935.7838044288305,460.58403700405785,3654.5214212711594,428.2558782054182,3782.292325401895,440.19961155602107,700.9702730756944,1120.537151069946,0.1865360801531013,0.3356650446066505,0.8660254037844386,0.5000000000000001,1.0,6.123233995736766e-17,1,32,1,0,0,0,1,0.5234156073655503,0.8520775211013093,-0.9749279121818236,-0.2225209339563146,3757.826756627276,4562.440793676142,4666.084557649313,3922.3876716703926,4873.372085595656,8008.817821782178,3634.8861386138615,2907.9089108910894,,,3756.1225268056764,474.44220603647375,3799.3567826344847,463.35073596711084,3926.0850043117216,492.2588337965371,3885.825294292102,473.4472884232212,4242.026050725463,730.6083292040526,4483.059387423766,906.2869337915099,4408.458860605416,920.3586565494808,4047.7661765830653,919.0552348271734,4047.7661765830653,919.0552348271734,-0.022716736207695765,-103.64376397317119,0.13675582398619524,536.409358032578,,,536.409358032578,1550.8881188118812,,2025-02-01
2025,2,1,6,5,1,4302.926478076379,4458.797029702971,3757.826756627276,3590.727626956244,3422.443997125519,4562.440793676142,3512.4660092622166,4173.183421468876,368.0553986662189,3827.7364395218324,448.2483294044043,3848.1640311364085,455.0441915410639,-155.8705516265918,790.4604688141621,-0.034957983193277475,0.22504430412415477,0.8660254037844386,0.5000000000000001,1.0,6.123233995736766e-17,2,33,0,0,0,0,1,0.5380051715382996,0.8429415373547828,-0.7818314824680299,0.6234898018587334,4458.797029702971,4365.7291600127755,4465.22717342702,4106.069803577132,4664.223200255508,4272.846534653465,3549.359405940594,3335.5425742574257,,,3747.1507151004766,461.40786390690135,3787.763875823725,447.15668246695896,3932.646893461696,496.0383480996371,3872.9218399285614,456.0507267290606,4242.563192572302,730.642456911029,4492.030423996811,900.6452871418927,4419.207570647848,913.3094202422317,4049.4338909719104,916.2592803762789,4049.4338909719104,916.2592803762789,-0.014385382059800778,-62.802681936396766,0.047942846545801165,196.85667449924676,,,196.85667449924676,967.3839038189531,,2025-02-02
2025,2,1,0,6,0,3244.05585572843,4302.926478076379,4458.797029702971,3757.826756627276,3590.727626956244,4365.7291600127755,3501.2132577451293,4001.926454502594,660.9461328889305,3796.1296240361366,486.6322277177146,3826.734247635017,478.32837710612927,-1058.870622347949,-257.1574020166995,-0.24608150470219436,-0.07344808301746109,0.8660254037844386,0.5000000000000001,1.0,6.123233995736766e-17,3,34,0,0,0,0,1,0.5524353131676196,0.8335557718385699,0.0,1.0,4302.926478076379,3263.6363685723413,3338.2598786330245,4873.372085595656,3487.5068987543914,3874.0475247524755,3763.176237623762,3078.9623762376236,,,3744.353498979918,464.8739693997093,3781.035017044825,455.0797871575875,3878.336352466122,478.3690656087844,3864.227159820491,465.8855440713374,4231.31334133973,741.1936047288519,4485.850419450437,907.4620002104625,4421.04194264219,910.7495133579065,4044.2041634703296,915.5631301918053,4044.2041634703296,915.5631301918053,-0.005999600026664997,-19.580512843911492,-0.3343303571428572,-1629.3162298672264,,,-1629.3162298672264,165.0934794908062,,2025-02-03
2025,2,1,1,6,0,3442.078900282885,3244.05585572843,4302.926478076379,4458.797029702971,3757.826756627276,3263.6363685723413,3673.642638134781,3663.0204113625655,562.9503638923459,3799.4021078956976,483.6737201036421,3807.437269480692,489.6039786260814,198.02304455445528,-231.5637378518959,0.061041811041810945,-0.06303382246496025,0.8660254037844386,0.5000000000000001,1.0,6.123233995736766e-17,4,35,0,0,0,0,1,0.5667017562911176,0.8239230057575542,0.7818314824680298,0.6234898018587336,3244.05585572843,3433.696748642606,3512.4660092622166,4664.223200255508,3670.004530501437,4443.760396039604,4490.153465346534,3207.2524752475247,,,3745.5509492142437,463.9502710116173,3776.007366403444,458.6499436211196,3837.598209133701,460.8532739200901,3856.086958741257,471.3638033348268,4213.426171772646,748.0286551163553,4473.373341294918,914.5794210924142,4423.651125142584,907.5638909221774,4040.319484352991,913.8663408986212,4040.319484352991,913.8663408986212,0.002441144997324729,8.382151640279062,-0.26202526069199983,-1222.1442999726232,,,-1222.1442999726232,234.82642503536044,,2025-02-04
2025,2,1,2,6,0,3459.876619519094,3442.078900282885,3244.05585572843,4302.926478076379,4458.797029702971,3433.696748642606,3844.88751836474,3382.0037918434705,119.79738941779871,3777.593606656172,497.7107978532548,3775.3530279102215,499.4429366190985,17.797719236209105,-385.0108988456459,0.005170630816959676,-0.10013580293485258,0.8660254037844386,0.5000000000000001,1.0,6.123233995736766e-17,5,36,0,0,0,0,1,0.5808002734538009,0.8140460935082178,0.9749279121818236,-0.22252093395631434,3442.078900282885,3422.443997125519,3501.2132577451293,3487.5068987543914,3658.7517789843496,4101.932673267326,5088.840594059406,3421.069306930693,,,3750.8984666990395,459.80261569258806,3773.0547493872987,460.6835903890295,3836.6771998258578,461.60405067235405,3848.984274474641,475.92375905982294,4201.96088509857,754.6597374001875,4453.98091302658,918.6330471426365,4424.082317504677,907.0912983513417,4036.598696757903,912.0983051324494,4036.598696757903,912.0983051324494,0.010937395155337537,37.432622393575,-0.00792264504054907,-27.630279235297166,,,-27.630279235297166,38.807312588401146,,2025-02-05
2025,2,1,3,6,0,3660.709830268742,3459.876619519094,3442.078900282885,3244.05585572843,4302.926478076379,3422.443997125519,4562.440793676142,3520.8884500235745,121.41541698962982,3761.407452263083,500.0558630307055,3700.208780959605,433.7732685794997,200.8332107496476,-901.7309634073999,0.05804635044401163,-0.1976422279621165,0.8660254037844386,0.5000000000000001,1.0,6.123233995736766e-17,6,37,0,0,0,0,1,0.5947266869607634,0.8039279618328213,0.43388373911755823,-0.900968867902419,3459.876619519094,3590.727626956244,3673.642638134781,3670.004530501437,3839.472660491855,4272.846534653465,4021.6336633663364,3506.5960396039604,,,3760.895924315111,456.4884665414566,3772.1309773968674,460.91117798759484,3836.367376484768,461.7228809522556,3842.599887680958,477.2532507428269,4191.029872520271,758.0400470823895,4449.6842007278,921.5191630344184,4425.794692956508,905.4838800700726,4034.2045001560605,909.6650088295188,4034.2045001560605,909.6650088295188,0.019489699744176914,69.98220331249786,-0.00253261274078731,-9.29470023269505,,,-9.29470023269505,154.1137906647814,,2025-02-06
2025,2,1,4,6,0,3863.416485148515,3660.709830268742,3459.876619519094,3442.078900282885,3244.05585572843,3590.727626956244,4365.7291600127755,3661.3343116454507,201.7706576061237,3662.1773615040074,378.220381617129,3658.349391387583,385.2324695678752,202.7066548797734,-502.3126748642603,0.055373592630501456,-0.11505813953488364,0.8660254037844386,0.5000000000000001,1.0,6.123233995736766e-17,7,38,0,0,0,0,1,0.6084768701151261,0.7935716089521474,-0.433883739117558,-0.9009688679024191,3660.709830268742,3757.826756627276,3844.88751836474,3658.7517789843496,4019.009041839668,4557.702970297029,3646.281188118812,3634.8861386138615,,,3775.9801712467165,458.11181760516865,3773.4544750242794,461.16270185337396,3843.189533356907,460.51847258329593,3837.043010656275,476.0274072665132,4178.631899571191,757.61147202396,4452.2691447400575,919.5408118183773,4428.333919029114,903.559420181033,4033.1235633522156,906.8651496607731,4033.1235633522156,906.8651496607731,0.028098615332657895,105.58972852123907,0.05593839607806883,204.66470616416564,,,204.66470616416564,228.53034653465375,,2025-02-07
2025,2,1,5,6,1,4622.723391089109,3863.416485148515,3660.709830268742,3459.876619519094,3442.078900282885,3757.826756627276,3263.6363685723413,4048.9499021687893,507.1336208771707,3715.4768470061294,491.9954306673415,3771.6066432639805,452.54201124840324,759.3069059405939,1359.0870225167678,0.19653767820773926,0.4164333488878518,0.8660254037844386,0.5000000000000001,1.0,6.123233995736766e-17,8,39,0,0,0,0,2,0.6220467484408675,0.7829801036770629,-0.9749279121818236,-0.2225209339563146,3863.416485148515,4458.797029702971,4562.440793676142,3839.472660491855,4769.728321622484,4671.645544554455,4182.49900990099,3549.359405940594,,,3799.3982228733075,501.0148046282602,3777.7603748394913,469.30572276815315,3869.297891043482,482.00194856157,3831.792834565797,466.0661400286766,4177.75828968788,757.0606424569035,4457.509911182774,919.2392211494226,4440.260185530765,898.8990553571764,4036.831738369429,905.1992310444571,4036.831738369429,905.1992310444571,0.03676470588235281,163.92636138613852,0.2039995592772148,783.250730597254,,,783.250730597254,1073.363985148515,,2025-02-08
2025,2,1,6,6,1,4460.295785007072,4622.723391089109,3863.416485148515,3660.709830268742,3459.876619519094,4458.797029702971,3433.696748642606,4315.478553748233,399.83217379842876,3918.1835018859033,509.17091251956276,3857.1565629610195,479.11102939260115,-162.42760608203753,1026.5990363644655,-0.03513677811550164,0.2989777815324828,0.8660254037844386,0.5000000000000001,1.0,6.123233995736766e-17,9,40,0,0,0,0,2,0.6354323008901774,0.7721565844991642,-0.7818314824680299,0.6234898018587334,4622.723391089109,4302.926478076379,4365.7291600127755,4019.009041839668,4564.725186841264,4842.559405940594,3860.768316831683,3763.176237623762,,,3821.879552434835,530.063206818251,3784.5151337676557,478.9998167285819,3884.0074491490623,493.32875039785614,3828.063213071718,460.3667261744969,4170.932153599782,752.6680111835091,4464.6471429467665,916.874537522407,4448.005958279468,895.9979406978772,4039.478388660914,902.9690140150605,4039.478388660914,902.9690140150605,0.03657262277951934,157.3693069306928,0.10979988812501107,441.28674316740353,,,441.28674316740353,697.1195473833095,,2025-02-09
2025,2,1,0,7,0,3362.0828359264497,4460.295785007072,4622.723391089109,3863.416485148515,3660.709830268742,4302.926478076379,3422.443997125519,4148.367337340877,685.7683061193409,3904.8508244931636,524.9344507791897,3852.12646619443,484.37781282841763,-1098.212949080622,-60.36116119906956,-0.24621975806451601,-0.017636858703828695,0.8660254037844386,0.5000000000000001,1.0,6.123233995736766e-17,10,41,0,0,0,0,2,0.6486295610349814,0.7611042586607747,0.0,1.0,4460.295785007072,3244.05585572843,3263.6363685723413,4769.728321622484,3412.883388693708,4728.616831683168,4021.6336633663364,4490.153465346534,,,3838.740549605981,510.1216787512379,3791.547024292949,471.42768521107706,3837.0859329591945,472.6914646052854,3826.248907615745,462.1601601075305,4146.529760818413,756.4015377545512,4456.795347382005,923.5141019333392,4435.4718401748005,903.2625559989598,4035.270962867532,901.7245562202083,4035.270962867532,901.7245562202083,0.0363825363825363,118.02698019801983,-0.29512068419385484,-1407.6454856960345,,,-1407.6454856960345,-1128.0706294200845,,2025-02-10
2025,2,1,1,7,0,3566.6629349363507,3362.0828359264497,4460.295785007072,4622.723391089109,3863.416485148515,3244.05585572843,3590.727626956244,3796.3471852899584,584.0240247862018,3922.6485437293727,508.3796496251137,3850.1210751927724,485.60668115174,204.580099009901,-24.0646920198933,0.060849214309595556,-0.006701898478524315,0.8660254037844386,0.5000000000000001,1.0,6.123233995736766e-17,11,42,0,0,0,0,2,0.6616346182422783,0.7498264012045686,0.7818314824680298,0.6234898018587336,3362.0828359264497,3442.078900282885,3433.696748642606,4564.725186841264,3591.2352698818268,5013.473267326733,4289.742574257426,5088.840594059406,,,3856.53826884219,495.95248688464903,3801.0446090282167,464.95872333149,3803.8171912290313,454.4851137272457,3825.371324224835,462.6460237935953,4120.693862025727,750.9406900005969,4448.187256437707,928.4467100626493,4418.5587550734335,905.1401423318761,4032.378320719809,899.673460482668,4032.378320719809,899.673460482668,0.03619441571871773,124.58403465346555,-0.21864673360447373,-998.0622519049134,,,-998.0622519049134,-1522.177659123055,,2025-02-11
2025,2,1,2,7,0,3584.46065417256,3566.6629349363507,3362.0828359264497,4460.295785007072,4622.723391089109,3442.078900282885,3757.826756627276,3504.4021416784544,123.57296749216347,3909.9403477133433,517.1149795398228,3835.673899988213,491.1493851783476,17.79771923620956,-173.36610245471593,0.004990019960079861,-0.04613467136263494,0.8660254037844386,0.5000000000000001,1.0,6.123233995736766e-17,12,43,0,0,0,0,2,0.6744436188329455,0.7383263540031065,0.9749279121818236,-0.22252093395631434,3566.6629349363507,3459.876619519094,3422.443997125519,3412.883388693708,3579.9825183647395,5981.985148514851,4396.986138613862,4021.6336633663364,,,3874.3359880783996,481.36640032531847,3812.6172273887196,456.75453906669765,3809.536433411659,450.45768295416934,3825.531257646543,462.5588186288135,4077.880924626757,710.1299667010626,4438.514334003882,933.2069718867599,4413.701277193502,908.4611561666748,4029.6303595753475,897.5783104549206,4029.6303595753475,897.5783104549206,0.03600823045267498,124.584034653466,0.05027340402173075,171.57726547885204,,,171.57726547885204,-437.1730091937761,,2025-02-12
2025,2,1,3,7,0,3791.850919377652,3584.46065417256,3566.6629349363507,3362.0828359264497,4460.295785007072,3459.876619519094,4458.797029702971,3647.658169495522,125.1912598444687,3898.0127534181993,519.2237568881145,3780.0950574611034,450.26000874000033,207.39026520509196,-666.9461103253184,0.0578581508388647,-0.14957983193277313,0.8660254037844386,0.5000000000000001,1.0,6.123233995736766e-17,13,44,0,0,0,0,2,0.6870527672236669,0.7266075247685656,0.43388373911755823,-0.900968867902419,3584.46065417256,3660.709830268742,3590.727626956244,3591.2352698818268,3756.5576493133185,6779.583168316832,4557.851485148515,3646.281188118812,,,3893.0704293796725,474.16461002393163,3826.983176847392,452.3807224152996,3816.2236217281866,448.59041392979645,3826.7917315774125,462.411967956633,4024.528563038558,608.4087577435178,4429.395279649467,935.7658609605483,4415.3187186519335,907.2081983914476,4028.1804849399955,895.0133827098899,4028.1804849399955,895.0133827098899,0.03582395087001,131.14108910891036,0.05586257496920455,200.61564949582544,,,200.61564949582544,145.56973125883997,,2025-02-13
2025,2,1,4,7,0,4001.114628712871,3791.850919377652,3584.46065417256,3566.6629349363507,3362.0828359264497,3660.709830268742,4302.926478076379,3792.475400754362,208.32768924896504,3794.4112930221595,392.17125375116217,3754.944070014144,426.186143778326,209.26370933521866,-301.8118493635079,0.055187747035573054,-0.070141065830721,0.8660254037844386,0.5000000000000001,1.0,6.123233995736766e-17,14,45,0,0,0,0,2,0.6994583270516471,0.7146733860429609,-0.433883739117558,-0.9009688679024191,3791.850919377652,3863.416485148515,3757.826756627276,3579.9825183647395,3931.948280102203,4052.227722772277,4450.607920792079,4182.49900990099,,,3912.7415927460092,475.58349675577034,3844.360881996363,454.1890068557993,3830.261358739791,447.5307929438161,3829.261958313507,463.17863425271514,4023.6158292160685,608.4047878549655,4424.0441690294765,936.9275731240504,4413.303336638733,907.9324091797769,4028.01644944771,892.2829989089157,4028.01644944771,892.2829989089157,0.03564154786150686,137.69814356435563,0.11763524212416976,421.1321103481314,,,421.1321103481314,-181.38438118811928,,2025-02-14
2025,2,1,5,7,1,4786.649752475247,4001.114628712871,3791.850919377652,3584.46065417256,3566.6629349363507,3863.416485148515,3244.05585572843,4193.205100188591,524.4809257798707,3848.803620933522,508.4044282029647,3883.4935614097126,486.4613511233971,785.5351237623759,1542.5938967468169,0.1963290724352671,0.47551397551397523,0.8660254037844386,0.5000000000000001,1.0,6.123233995736766e-17,15,46,0,0,0,0,3,0.7116566222817746,0.702527474169157,-0.9749279121818236,-0.2225209339563146,4001.114628712871,4622.723391089109,4458.797029702971,3756.5576493133185,4666.084557649313,3674.0198019801983,4718.716831683168,3860.768316831683,,,3936.1596443726003,518.4721876159504,3867.7789336229544,494.9311036097372,3864.597762178522,480.0182242664713,3833.567858128719,471.7277251080765,4043.4842211891946,614.9131267759288,4424.852894277002,937.2142642871398,4423.590908145884,906.8462428950108,4032.5865295864296,891.5215638267699,4032.5865295864296,891.5215638267699,0.03546099290780114,163.92636138613761,0.27421171171171155,1030.0921031619282,,,1030.0921031619282,925.8814356435637,,2025-02-15
2025,2,1,6,7,1,4617.665091937765,4786.649752475247,4001.114628712871,3791.850919377652,3584.46065417256,4622.723391089109,3442.078900282885,4468.476491041962,413.47223201084057,4058.067330268741,526.0947351666625,3981.4590773809523,507.4074150075305,-168.98466053748143,1175.5861916548802,-0.035303326810175895,0.3415337723833889,0.8660254037844386,0.5000000000000001,1.0,6.123233995736766e-17,16,47,0,0,0,0,3,0.7236440382959124,0.6901733882429719,-0.7818314824680299,0.6234898018587334,4786.649752475247,4460.295785007072,4302.926478076379,3931.948280102203,4465.22717342702,4214.316831683168,5630.287128712871,4021.6336633663364,,,3958.6409739341284,547.5815869008982,3890.2602631844816,522.5925378230912,3887.454989239707,499.2756166214274,3839.0120695041032,480.0931752304149,4050.6868686937405,619.297155251741,4412.797870029679,927.9895069321512,4430.213479574455,906.0538437752605,4036.089994031647,889.9845416923526,4036.089994031647,889.9845416923526,0.035282258064516236,157.3693069306937,0.1743961931812945,685.7168118355621,,,685.7168118355621,596.0314285714289,,2025-02-16
2025,2,1,0,8,0,3480.1098161244695,4617.665091937765,4786.649752475247,4001.114628712871,3791.850919377652,4460.295785007072,3459.876619519094,4294.808220179161,710.5906494256652,4043.641810466761,543.1733400167749,3983.145177098067,505.5468541433846,-1137.5552758132958,20.23319660537527,-0.24634858812074,0.005847953216374435,0.8660254037844386,0.5000000000000001,1.0,6.123233995736766e-17,17,48,0,0,0,0,3,0.7354170229639855,0.6776147890466889,0.0,1.0,4617.665091937765,3362.0828359264497,3244.05585572843,4666.084557649313,3338.2598786330245,3890.1386138613857,6380.99207920792,4289.742574257426,,,3975.5019711052737,527.6036975909194,3907.1212603556273,503.6025321848077,3847.9224978555458,482.1571373645545,3844.0781387002266,475.3382727496277,4043.3649258770097,623.6384934914854,4378.2635573739235,907.6156646315981,4421.217560039644,911.4673257186369,4032.780588210771,888.352125837336,4032.780588210771,888.352125837336,0.03510531594784361,118.02698019801983,-0.25416914907395416,-1185.9747415248435,,,-1185.9747415248435,-809.6327581329565,,2025-02-17
2025,2,1,1,8,0,3691.246969589816,3480.1098161244695,4617.665091937765,4786.649752475247,4001.114628712871,3362.0828359264497,3660.709830268742,3929.6739592173512,605.0979866268025,4061.43952970297,526.6157276887647,3985.689938708156,503.8502789879653,211.13715346534673,30.53713932107439,0.06066968130921624,0.008341862845445025,0.8660254037844386,0.5000000000000001,1.0,6.123233995736766e-17,18,49,0,0,0,0,3,0.7469720876965552,0.6648553979642865,0.7818314824680298,0.6234898018587336,3480.1098161244695,3566.6629349363507,3442.078900282885,4465.22717342702,3512.4660092622166,4052.227722772277,5047.574257425742,4396.986138613862,,,3993.299690341483,513.4244843841212,3924.9189795918364,490.12591199450736,3822.123157727639,468.5010443583013,3850.46317299764,471.90724233311454,4036.9188409987514,625.4083026229526,4362.116803947305,907.6297003484336,4413.376013717155,914.7081861411954,4030.7596792248482,886.0938270531383,4030.7596792248482,886.0938270531383,0.03493013972055903,124.58403465346555,-0.17333501158535258,-773.9802038372036,,,-773.9802038372036,-705.7391690240456,,2025-02-18
2025,2,1,2,8,0,3709.044688826025,3691.246969589816,3480.1098161244695,4617.665091937765,4786.649752475247,3566.6629349363507,3863.416485148515,3626.8004915134375,127.34914757103813,4047.638491277699,536.0936329291168,3972.8256223479493,509.1983047542582,17.79771923620865,-154.37179632249035,0.004821600771455881,-0.039957327126370124,0.8660254037844386,0.5000000000000001,1.0,6.123233995736766e-17,19,50,0,0,0,0,3,0.7583058084785625,0.6518989958787126,0.9749279121818236,-0.22252093395631434,3691.246969589816,3584.46065417256,3459.876619519094,3338.2598786330245,3501.2132577451293,4322.376237623763,4576.467326732673,4557.851485148515,,,4011.097409577692,498.84240058217904,3942.7166988280464,476.26810600117324,3834.482651400739,460.11182985252884,3857.8857241076726,467.8273292507909,4025.9664919130773,625.6887563111713,4351.790343972226,910.0927298908147,4403.944827091349,917.5731857270642,4028.8672381048555,883.8128571279601,4028.8672381048555,883.8128571279601,0.03475670307845058,124.58403465346464,0.11107128374464126,370.78481019300034,,,370.78481019300034,-848.8067963224903,,2025-02-19
2025,2,1,3,8,0,3922.9920084865626,3709.044688826025,3691.246969589816,3480.1098161244695,4617.665091937765,3584.46065417256,4622.723391089109,3774.4278889674683,128.96768164496373,4034.6180545733146,538.3933509225586,3914.514673797736,466.2642956927634,213.9473196605377,-699.7313826025465,0.05768259420143451,-0.15136778115501537,0.8660254037844386,0.5000000000000001,1.0,6.123233995736766e-17,20,51,0,0,0,0,3,0.7694148268839378,0.6387494220515272,0.43388373911755823,-0.900968867902419,3709.044688826025,3791.850919377652,3660.709830268742,3512.4660092622166,3673.642638134781,4430.435643564357,5249.477227722772,4450.607920792079,,,4029.831850878965,491.6467442706948,3961.451140129319,469.43128388291746,3848.1668513748837,456.2933664509331,3866.791058763093,466.56180741691594,4016.9049984295457,623.3948601297292,4335.998853267033,905.827103793517,4398.0824280657325,918.9561379423626,4028.2480847152747,881.2467676603607,4028.2480847152747,881.2467676603607,0.03458498023715406,131.14108910891036,0.1168768603430772,410.5259992243459,,,410.5259992243459,-527.6159123055168,,2025-02-20
2025,2,1,4,8,0,4138.812772277228,3922.9920084865626,3709.044688826025,3691.246969589816,3480.1098161244695,3791.850919377652,4460.295785007072,3923.6164898632724,214.88472228402102,3926.645224540311,406.1263532410158,3887.724422736917,440.58291272341734,215.8207637906653,-321.4830127298437,0.05501432664756467,-0.07207661290322565,0.8660254037844386,0.5000000000000001,1.0,6.123233995736766e-17,21,52,0,0,0,0,3,0.7802958510707755,0.6254105729852463,-0.433883739117558,-0.9009688679024191,3922.9920084865626,4001.114628712871,3863.416485148515,3501.2132577451293,3844.88751836474,4592.524752475248,4845.671287128713,4718.716831683168,,,4049.503014245302,493.0589225461844,3981.1223034956556,470.7754228087553,3869.420168525954,454.4209123653401,3877.288389259968,469.34897625419507,4008.802998783153,618.7084901743865,4327.583870947373,904.3173271686576,4391.639049627889,918.7157127771947,4028.890902666216,878.7066872331153,4028.890902666216,878.7066872331153,0.034414945919370776,137.698143564357,0.18210816296940702,637.5995145320985,,,637.5995145320985,-579.9040594059397,,2025-02-21
2025,2,1,5,8,1,4950.576113861385,4138.812772277228,3922.9920084865626,3709.044688826025,3691.246969589816,4001.114628712871,3362.0828359264497,4337.4602982083925,541.8282966712553,3982.1303948609143,524.8137685310935,4020.098862564828,502.5684091405622,811.7633415841574,1588.4932779349356,0.19613434727503143,0.4724729744789924,0.8660254037844386,0.5000000000000001,1.0,6.123233995736766e-17,22,53,0,0,0,0,4,0.7909456567567772,0.6118864012687243,-0.9749279121818236,-0.2225209339563146,4138.812772277228,4786.649752475247,4622.723391089109,3673.642638134781,4562.440793676142,4484.465346534654,5047.574257425742,5630.287128712871,,,4072.9210658718935,535.9339492557541,4004.540355122247,511.53573799608887,3911.9846177168406,493.56793785008165,3891.1503649808697,495.3457775059849,4017.1264053425584,628.2850116360813,4326.429131143035,903.4483930730573,4384.086705018428,911.1818482186704,4034.218562846535,878.9463956229631,4034.218562846535,878.9463956229631,0.03424657534246567,163.92636138613852,0.34759327498848447,1276.9334757266042,,,1276.9334757266042,-679.7110148514857,,2025-02-22
2025,2,1,6,8,1,4775.034398868457,4950.576113861385,4138.812772277228,3922.9920084865626,3709.044688826025,4786.649752475247,3566.6629349363507,4621.474428335691,427.11289970859383,4197.951158651579,543.0189580109028,4120.79648455917,524.0548596484563,-175.54171499292806,1208.3714639321065,-0.035458845789971716,0.3387960920264732,0.8660254037844386,0.5000000000000001,1.0,6.123233995736766e-17,23,54,0,0,0,0,4,0.8013610881746766,0.5981809144059164,-0.7818314824680299,0.6234898018587334,4950.576113861385,4617.665091937765,4460.295785007072,3844.88751836474,4365.7291600127755,4754.6138613861385,5384.079207920792,6380.99207920792,,,4095.40239543342,565.1003443304452,4027.0216846837743,539.2706515633708,3942.989513733631,517.8264842399169,3905.768409225715,515.4991673480882,4017.4910577976,628.7265976702432,4319.178597701936,897.2809261379416,4366.242730792434,887.0416204780433,4038.476125122523,878.2000043785794,4038.476125122523,878.2000043785794,0.03407984420642629,157.3693069306919,0.2419178392244139,930.1468805037171,,,930.1468805037171,-1605.957680339463,,2025-02-23
2025,2,1,0,9,0,3598.136796322489,4775.034398868457,4950.576113861385,4138.812772277228,3922.9920084865626,4617.665091937765,3584.46065417256,4441.249103017444,735.4131455862271,4182.432796440358,561.4144922328663,4121.936163071664,522.7957966964838,-1176.8976025459683,13.676142149928637,-0.24646892655367225,0.003815397480792182,0.8660254037844386,0.5000000000000001,1.0,6.123233995736766e-17,24,55,0,0,0,0,4,0.8115390590073611,0.5842981736283683,0.0,1.0,4775.034398868457,3480.1098161244695,3362.0828359264497,4562.440793676142,3263.6363685723413,5673.118811881188,5518.681188118812,5047.574257425742,,,4112.263392604566,545.0884424111957,4043.88268185492,520.2355482048533,3910.846047155176,507.882392060947,3917.7148530739346,503.81033808419903,3980.437807519766,589.2863528736335,4296.314973990075,890.7933936539457,4350.137870113509,887.6901191140861,4035.9599003865233,876.3052287421987,4035.9599003865233,876.3052287421987,0.03391472868217038,118.02698019801937,-0.21135704351281548,-964.3039973536529,,,-964.3039973536529,-1449.437461103253,,2025-02-24
2025,2,1,1,9,0,3815.831004243281,3598.136796322489,4775.034398868457,4950.576113861385,4138.812772277228,3480.1098161244695,3791.850919377652,4063.0007331447428,626.1722190288659,4200.230515676567,544.854325704917,4123.934503477133,521.4635065469738,217.694207920792,23.98008486562867,0.06050192648130781,0.0063241106719365,0.8660254037844386,0.5000000000000001,1.0,6.123233995736766e-17,25,56,0,0,0,0,4,0.8214765533024142,0.5702422926917871,0.7818314824680298,0.6234898018587336,3598.136796322489,3691.246969589816,3566.6629349363507,4365.7291600127755,3433.696748642606,6429.534653465346,5720.584158415842,4576.467326732673,,,4130.061111840775,530.8999405181333,4061.680401091129,506.74068550358515,3892.5161086295266,500.7725346876336,3931.3625050596734,495.31743246636273,3933.764528069372,486.28914389046406,4273.639341202306,878.2560682462091,4341.686355419182,889.1308330624272,4034.7091680220724,873.955441789379,4034.7091680220724,873.955441789379,0.03375120540019272,124.58403465346464,-0.12595791805094148,-549.8981557694947,,,-549.8981557694947,-760.6363224893926,,2025-02-25
2025,2,1,2,9,0,3833.6287234794904,3815.831004243281,3598.136796322489,4775.034398868457,4950.576113861385,3691.246969589816,4001.114628712871,3749.198841348421,131.12587764463711,4185.336634842055,555.0740309638147,4109.977344707685,527.2588782954267,17.79771923620956,-167.48590523338044,0.004664179104477695,-0.04185981177131615,0.8660254037844386,0.5000000000000001,1.0,6.123233995736766e-17,26,57,0,0,0,0,4,0.8311706263658079,0.5560174366570446,0.9749279121818236,-0.22252093395631434,3815.831004243281,3709.044688826025,3584.46065417256,3263.6363685723413,3422.443997125519,3737.52103960396,5585.982178217822,5249.477227722772,,,4147.858831076986,516.3216861938413,4079.4781203273383,492.87647445712247,3911.515853793098,486.70493435408594,3946.047673858029,485.67166998365025,3935.4807367100066,485.75326625716843,4252.7779905506595,867.453745436046,4325.954705372034,885.406264049748,4033.573120312793,871.6001314817382,4033.573120312793,871.6001314817382,0.0335892514395395,124.58403465346555,0.17464946781325663,569.9923549071491,,,569.9923549071491,-1415.8485042432817,,2025-02-26
2025,2,1,3,9,0,4054.1330975954734,3833.6287234794904,3815.831004243281,3598.136796322489,4775.034398868457,3709.044688826025,4786.649752475247,3901.1976084394155,132.74463298025805,4171.223355728429,557.5644697729798,4048.93429013437,482.2804870910666,220.50437411598296,-732.5166548797733,0.05751844793041094,-0.1530332681017612,0.8660254037844386,0.5000000000000001,1.0,6.123233995736766e-17,27,58,0,0,0,0,4,0.8406184056344782,0.5416278206559814,0.43388373911755823,-0.900968867902419,3833.6287234794904,3922.9920084865626,3791.850919377652,3433.696748642606,3590.727626956244,3922.3876716703926,5922.487128712871,4845.671287128713,,,4166.593272378258,509.1317890918074,4098.212561628611,486.03997155438293,3932.1970654248603,478.81917637109353,3962.5978692380017,480.98813759462314,3937.833333601526,486.00766871774164,4230.535680656404,847.8568496841644,4317.159836599443,884.1161310409402,4033.6886258031445,869.1358629299879,4033.6886258031445,869.1358629299879,0.03342884431709647,131.14108910891082,0.18069049027062034,620.4363489528673,,,620.4363489528673,-791.5381895332393,,2025-02-27
2025,2,1,4,9,0,4276.5109158415835,4054.1330975954734,3833.6287234794904,3815.831004243281,3598.136796322489,3922.9920084865626,4617.665091937765,4054.757578972183,221.44175658762182,4058.879156058462,420.0852587926286,4020.5047754596885,454.9901795652951,222.3778182461101,-341.1541760961818,0.05485212569316067,-0.07388023369036045,0.8660254037844386,0.5000000000000001,1.0,6.123233995736766e-17,28,59,0,1,0,0,4,0.8498170915275278,0.5270777086423722,-0.433883739117558,-0.9009688679024191,4054.1330975954734,4138.812772277228,4001.114628712871,3422.443997125519,3757.826756627276,4106.069803577132,7066.603960396039,5047.574257425742,,,4186.264435744594,510.53771024027856,4117.883724994948,487.3790209268951,3960.6659627153954,472.8182489520394,3981.122303495655,482.79436429795305,3940.8769248919625,487.61143648834076,4197.320287268852,787.9486797093197,4308.592466137397,880.6879319195415,4035.0451749095046,866.8810439662789,4035.0451749095046,866.8810439662789,0.033269961977186124,137.69814356435563,0.24954883686435414,854.0669187160643,,,854.0669187160643,-771.0633415841585,,2025-02-28
2025,3,1,5,9,1,5114.502475247524,4276.5109158415835,4054.1330975954734,3833.6287234794904,3815.831004243281,4138.812772277228,3480.1098161244695,4481.715496228194,559.1757274098015,4115.457168788307,541.2234204723745,4156.704163719943,518.685197330362,837.9915594059403,1634.3926591230543,0.19595216191352338,0.46963824289405665,1.0,6.123233995736766e-17,1.0,6.123233995736766e-17,1,60,1,0,0,0,1,0.8587639582758029,0.5123714121284237,-0.9749279121818236,-0.2225209339563146,4276.5109158415835,4950.576113861385,4786.649752475247,3590.727626956244,4458.797029702971,4873.372085595656,8008.817821782178,5384.079207920792,,,4209.682487371186,553.3996750608848,4141.301776621539,528.1550830209302,4011.4584576584384,511.9349298236225,4004.5403551222466,521.1974416891607,3945.1828247071744,496.970488223736,4162.864152191059,674.3637957080432,4305.597169107694,877.44145119058,4041.042159911383,868.1923784542688,4041.042159911383,868.1923784542688,0.0331125827814569,163.92636138613852,0.42436380772855764,1523.7748482912798,,,1523.7748482912798,-269.57673267326845,,2025-03-01
2025,3,1,6,9,1,4897.738946023634,5114.502475247524,4276.5109158415835,4054.1330975954734,3833.6287234794904,4950.576113861385,3691.246969589816,4762.917445704247,434.959872999994,4332.05752707183,552.7140443871599,4257.245161756095,536.8729251041818,-216.76352922389015,1206.4919764338174,-0.04238213399503721,0.3268521413965122,1.0,6.123233995736766e-17,1.0,6.123233995736766e-17,2,61,0,0,0,0,1,0.8674563547295968,0.49751328890718066,-0.7818314824680299,0.6234898018587334,5114.502475247524,4775.034398868457,4617.665091937765,3757.826756627276,4302.926478076379,4664.223200255508,4272.846534653465,5518.681188118812,2985.7425742574255,,4227.211708393354,575.782828486166,4161.307051913386,552.3372381833366,4049.4555306383168,534.2766471972514,4025.783657548934,545.3709760270443,3949.352748738748,504.04278315458964,4170.303347564513,679.0223131458832,4298.6978108621925,870.2071719470049,4051.6643619767506,866.9043545573312,4045.7752913263676,868.115959995975,0.025697102241662106,122.70454715517644,0.3033434650455922,1139.9121893963575,,,1139.9121893963575,-620.9422420951787,,2025-03-02
2025,3,1,0,10,0,3664.1666368572337,4897.738946023634,5114.502475247524,4276.5109158415835,4054.1330975954734,4775.034398868457,3709.044688826025,4558.802686042797,782.321450733112,4306.78013250749,583.6469502393174,4253.505324092029,541.1778783656273,-1233.5723091664,-44.87805196879117,-0.25186567164179097,-0.01209962557312727,1.0,6.123233995736766e-17,1.0,6.123233995736766e-17,3,62,0,0,0,0,1,0.8758917051442429,0.48250774176121847,0.0,1.0,4897.738946023634,3598.136796322489,3480.1098161244695,4458.797029702971,3244.05585572843,3487.5068987543914,3874.0475247524755,5720.584158415842,2707.073267326733,,4236.64454275546,564.1833113023647,4174.453967680013,536.8492597203143,4022.967850876792,532.9790605290303,4040.78761401782,528.5886775158682,3952.5073869191556,501.64681944879254,4167.804765565759,680.5100894944961,4275.848727289318,859.3835538065081,4056.9815473630315,861.529709631503,4043.678540477636,866.1765307769376,0.018351120113674124,66.02984053474484,-0.17821631878557886,-794.6303928457369,,,-794.6303928457369,-2056.417521558608,,2025-03-03
2025,3,1,1,10,0,3858.086234429894,3664.1666368572337,4897.738946023634,5114.502475247524,4276.5109158415835,3598.136796322489,3922.9920084865626,4139.997272436921,663.3479746695427,4310.856384332556,579.7539264121494,4248.096509587306,545.0917018547591,193.91959757266022,-64.90577405666863,0.05292324743696297,-0.016544967187355653,1.0,6.123233995736766e-17,1.0,6.123233995736766e-17,4,63,0,0,0,0,1,0.8840675099433636,0.46735921715800227,0.7818314824680298,0.6234898018587336,3664.1666368572337,3815.831004243281,3691.246969589816,4302.926478076379,3442.078900282885,3670.004530501437,4443.760396039604,5585.982178217822,3105.1722772277226,,4242.68100421069,559.1338747043613,4186.371058025733,527.0603498254337,4008.1398427552426,531.1064153925602,4055.6450188087847,516.8533215091846,3955.8659887750214,500.3489696576923,4160.832454118025,680.6489732201908,4256.649883469453,849.0243605910899,4061.164402680821,858.7058438211601,4042.6643748708175,863.9025907568299,0.011073663938372613,42.25523018661306,-0.10338086088920362,-444.84024364648485,,,-444.84024364648485,-1727.8959437879284,,2025-03-04
2025,3,1,2,10,0,3848.441018843819,3858.086234429894,3664.1666368572337,4897.738946023634,5114.502475247524,3815.831004243281,4138.812772277228,3790.2312967103157,109.28166083035401,4276.574371207281,603.563196640581,4223.898863467854,556.7053946574996,-9.645215586074755,-290.3717534334087,-0.0025000000000000577,-0.07015822396663829,1.0,6.123233995736766e-17,1.0,6.123233995736766e-17,5,64,0,0,0,0,1,0.8919813464595485,0.45207220393230435,0.9749279121818236,-0.22252093395631434,3858.086234429894,3833.6287234794904,3709.044688826025,3244.05585572843,3459.876619519094,3658.7517789843496,4101.932673267326,5922.487128712871,2866.3128712871285,,4244.797046405594,557.3529990499969,4196.3279387412895,518.5981293295455,4028.2860148590894,512.2516231534735,4069.5223187846677,505.35319141819457,3959.2532966296544,498.941074380466,4157.814696327269,681.4747058581232,4233.6049266931295,831.2627116245422,4066.620670167247,854.1795936332874,4041.60881315328,861.6579412317789,0.0038637793153022404,14.812295364328747,0.18630541211186347,604.3851631153893,,,604.3851631153893,-2074.0461098690516,,2025-03-05
2025,3,1,3,10,0,4040.837687639731,3848.441018843819,3858.086234429894,3664.1666368572337,4897.738946023634,3833.6287234794904,4950.576113861385,3915.7883136378155,108.40326101938416,4237.295499840306,611.1885900820873,4148.0873279493835,508.6178027210287,192.39666879591186,-909.7384262216542,0.04999340456404178,-0.18376415295876947,1.0,6.123233995736766e-17,1.0,6.123233995736766e-17,6,65,0,0,0,0,1,0.8996308696522433,0.43665123195606403,0.43388373911755823,-0.900968867902419,3848.441018843819,4054.1330975954734,3922.9920084865626,3442.078900282885,3660.709830268742,3839.472660491855,4272.846534653465,7066.603960396039,2985.7425742574255,,4242.897702126203,558.1331411338498,4204.74548725223,514.7624524867073,4048.244641104318,500.1454408379838,4083.098313690775,499.0303353619329,3962.8491006858667,498.78771776446985,4155.052686243773,681.4730305908687,4199.9853014402825,774.6571947593458,4072.4823096860373,850.3323701504372,4041.60464490726,859.3132912968224,-0.003279470514578775,-13.295409955742343,0.17395266195311132,598.7587873568459,,,598.7587873568459,-3025.766272756308,,2025-03-06
2025,3,1,4,10,0,4232.219070584478,4040.837687639731,3848.441018843819,3858.086234429894,3664.1666368572337,4054.1330975954734,4775.034398868457,4040.499259022676,191.88924969866426,4090.2482657297974,440.1258504805784,4102.852717259052,470.500144143112,191.38138294474675,-542.8153282839794,0.047361809045226355,-0.11367778385274263,1.0,6.123233995736766e-17,1.0,6.123233995736766e-17,7,66,0,0,0,0,1,0.9070138128026359,0.4211008707960896,-0.433883739117558,-0.9009688679024191,4040.837687639731,4276.5109158415835,4138.812772277228,3459.876619519094,3863.416485148515,4019.009041839668,4557.702970297029,8008.817821782178,3184.792079207921,,4236.570295660902,557.9395952847278,4211.417365702749,514.447384749291,4073.9893894731636,488.55890470256054,4096.269834599201,497.8830609724385,3966.6564226277383,500.0363584793333,4151.17787791386,680.0799208879574,4158.0230930936405,659.7897596719141,4078.3013485270185,847.8038895192926,4042.6294536474607,857.1016392919402,-0.01035700507463555,-44.291845257105706,0.22322832170030837,772.3424510653836,,,772.3424510653836,-3776.5987511977,,2025-03-07
2025,3,1,5,10,1,5025.66496327052,4232.219070584478,4040.837687639731,3848.441018843819,3858.086234429894,4276.5109158415835,3598.136796322489,4432.9072404982435,522.1857876887228,4111.569268604279,487.60424723363695,4221.813397838055,510.0890118651873,793.4458926860425,1427.5281669480314,0.18747750989564582,0.39674093781177255,1.0,6.123233995736766e-17,1.0,6.123233995736766e-17,8,67,0,0,0,0,2,0.9141279881853337,0.40542572835999735,-0.9749279121818236,-0.2225209339563146,4232.219070584478,5114.502475247524,4950.576113861385,3660.709830268742,4622.723391089109,4769.728321622484,4671.645544554455,4272.846534653465,3264.411881188119,,4223.87922252133,535.1880652401695,4216.780854946258,523.0656826463162,4119.487893906557,511.7511276909859,4110.660605034252,519.0371057627624,3971.226719800025,508.6060217846726,4155.392394803338,684.4272167699257,4166.387742300497,666.00457053992,4088.0860878719204,848.5213403202205,4047.8863280304718,857.8119415468311,-0.017369727047146233,-88.83751197700349,0.3728662462442629,1364.9551330017784,,,1364.9551330017784,752.8184286170554,,2025-03-08
2025,3,1,6,10,1,4812.45493452571,5025.66496327052,4232.219070584478,4040.837687639731,3848.441018843819,5114.502475247524,3815.831004243281,4690.112989460236,410.6272760020755,4302.950651549025,502.0159577093708,4304.865392028258,519.0343232971484,-213.2100287448102,996.6239302824292,-0.042424242424242475,0.261181359754707,1.0,6.123233995736766e-17,1.0,6.123233995736766e-17,9,68,0,0,0,0,2,0.9209712877166346,0.38963044953078796,-0.7818314824680299,0.6234898018587334,5025.66496327052,4897.738946023634,4775.034398868457,3863.416485148515,4460.295785007072,4564.725186841264,4842.559405940594,3874.0475247524755,3383.841584158416,,4211.6957923073405,517.985357105376,4219.453750350347,526.223905058315,4151.1225088857955,524.5489218547843,4123.23771751706,531.929692509514,3975.65046529439,514.9004013535896,4155.034008238875,684.0708493962128,4176.814491297977,668.7165411626198,4096.022828707294,848.578655875988,4051.9531823203397,857.3305872409759,-0.01741293532338295,-85.28401149792353,0.24564746074502297,949.0384493771949,,,949.0384493771949,938.4074097732346,,2025-03-09
2025,3,1,0,11,0,3600.203628233791,4812.45493452571,5025.66496327052,4232.219070584478,4040.837687639731,4897.738946023634,3833.6287234794904,4479.441175343341,768.8684069948201,4259.970217183009,555.871429685717,4285.413300757783,542.1595298330947,-1212.2513062919193,-233.4250952456996,-0.2518987341772152,-0.06088881111936095,1.0,6.123233995736766e-17,1.0,6.123233995736766e-17,10,69,0,0,0,0,2,0.9275416835791966,0.37371971479046906,0.0,1.0,4812.45493452571,3664.1666368572337,3598.136796322489,4622.723391089109,3362.0828359264497,3412.883388693708,4728.616831683168,4443.760396039604,3304.221782178218,,4202.558219646849,529.6859140204486,4219.601381201154,526.0364442305563,4117.038516790619,526.0670023079552,4131.742031528037,521.1032168557831,3978.995469571891,511.7769443139964,4141.600517721621,683.7509402441202,4167.441638322358,670.8412858691435,4097.667172296492,847.3216022870415,4049.562973039459,855.6785924788105,-0.017456359102244412,-63.963008623442875,-0.2211942347288951,-1022.5197628553183,,,-1022.5197628553183,-843.5567678058128,,2025-03-10
2025,3,1,1,11,0,3790.56972532737,3600.203628233791,4812.45493452571,5025.66496327052,4232.219070584478,3664.1666368572337,4054.1330975954734,4067.7427626956237,651.9255915245083,4250.325001596933,564.8694701027174,4263.449686402108,557.502331114608,190.36609709357936,-263.5633722681032,0.052876480541454995,-0.06501103094627647,1.0,6.123233995736766e-17,1.0,6.123233995736766e-17,11,70,0,0,0,0,2,0.9338372288229252,0.35769823883312546,0.7818314824680298,0.6234898018587336,3600.203628233791,3858.086234429894,3815.831004243281,4460.295785007072,3566.6629349363507,3591.2352698818268,5013.473267326733,4101.932673267326,3503.2712871287126,,4192.913004060774,537.5601306887253,4217.797004135732,527.5690616201704,4094.7143148012956,525.2077899592764,4139.73870261343,513.7770390767907,3982.5550134191326,509.7200120765307,4127.042142221629,677.9578739478243,4163.982050011914,671.9848059599456,4099.263274730929,846.4658420830806,4048.199850683079,853.6187052115768,-0.017500000000000182,-67.51650910252374,-0.15015283558792947,-669.7260596797014,,,-669.7260596797014,-311.36294793995603,,2025-03-11
2025,3,1,2,11,0,3780.924509741296,3790.56972532737,3600.203628233791,4812.45493452571,5025.66496327052,3858.086234429894,4276.5109158415835,3723.8992877674864,107.23208328921591,4207.006138613861,593.3936863457615,4222.150819227083,574.5425163805812,-9.6452155860743,-495.5864061002876,-0.00254452926208637,-0.11588568715315906,1.0,6.123233995736766e-17,1.0,6.123233995736766e-17,12,71,0,0,0,0,2,0.9398560579418954,0.3415707691678556,0.9749279121818236,-0.22252093395631434,3790.56972532737,3848.441018843819,3833.6287234794904,3362.0828359264497,3584.46065417256,3579.9825183647395,5981.985148514851,4272.846534653465,4180.039603960396,,4183.267788474699,545.3206586041655,4214.032417440147,530.7000015247232,4108.675703928457,510.4197394678282,4146.755268883743,507.21243453225657,3986.1432632651427,507.5371227854062,4100.839039379086,647.2401109829101,4158.516249735112,673.089067230569,4097.045968651934,846.7757490999229,4046.8005033483055,851.5890009471747,-0.01754385964912286,-67.51650910252329,0.12457803518081101,418.8416738148462,,,418.8416738148462,-491.92202491216904,,2025-03-12
2025,3,1,3,11,0,3969.767678058128,3780.924509741296,3790.56972532737,3600.203628233791,4812.45493452571,3848.441018843819,5114.502475247524,3847.0873043755987,106.35371695949294,4163.26423985947,600.7905804793421,4126.756252794634,503.5595502117536,188.8431683168319,-1144.734797189396,0.04994629430719666,-0.22382133995037212,1.0,6.123233995736766e-17,1.0,6.123233995736766e-17,13,72,0,0,0,0,2,0.9455963874271426,0.3253420847119801,0.43388373911755823,-0.900968867902419,3780.924509741296,4040.837687639731,4054.1330975954734,3566.6629349363507,3791.850919377652,3756.5576493133185,6779.583168316832,4557.702970297029,4737.378217821782,,4173.1149299630415,549.063160297491,4208.0063160446225,533.1287524448771,4122.112528699183,500.8758588305122,4153.109438836616,503.7039565494919,3989.9505852070142,506.5823643294245,4067.388854971244,575.7955306863797,4151.9836353769015,672.0234969203219,4092.7814656532473,845.4648061970521,4046.399290716586,849.3749786777431,-0.017587939698492483,-71.07000958160324,0.11302013968667057,403.1047431217771,,,403.1047431217771,-587.9352922389016,,2025-03-13
2025,3,1,4,11,0,4157.595560523794,3969.767678058128,3780.924509741296,3790.56972532737,3600.203628233791,4040.837687639731,4897.738946023634,3969.4292494410734,188.33575344276144,4018.586006068348,432.53970595808397,4065.0776373363133,442.1209374952439,187.82788246566633,-740.1433854998395,0.04731457800511518,-0.15111940298507454,1.0,6.123233995736766e-17,1.0,6.123233995736766e-17,14,73,0,0,0,0,2,0.9510565162951535,0.30901699437494745,-0.433883739117558,-0.9009688679024191,3969.767678058128,4232.219070584478,4276.5109158415835,3584.46065417256,4001.114628712871,3931.948280102203,4052.227722772277,4671.645544554455,2917.425742574257,,4162.454428525802,548.4484405010419,4199.512362093351,532.9006091059407,4141.217025577557,490.4840046656623,4158.69804354415,502.82242063393613,3993.9800009288288,507.0098509959171,4068.6432339920957,575.876870946249,4146.271968887672,669.7377783740457,4099.671297975189,840.8738385887474,4046.975437192271,847.1979880274476,-0.017632241813602012,-74.62351006068366,0.15989432208833576,573.1349063512339,,,573.1349063512339,-514.0499840306611,,2025-03-14
2025,3,1,5,11,1,4936.827451293516,4157.595560523794,3969.767678058128,3780.924509741296,3790.56972532737,4232.219070584478,3664.1666368572337,4354.73022995848,512.7842720602517,4039.314758862982,478.70959362773704,4171.132705206003,487.5193362941481,779.2318907697218,1272.6608144362822,0.18742368742368742,0.3473261291216403,1.0,6.123233995736766e-17,1.0,6.123233995736766e-17,15,74,0,0,0,0,3,0.9562348265919056,0.29260033563334836,-0.9749279121818236,-0.2225209339563146,4157.595560523794,5025.66496327052,5114.502475247524,3791.850919377652,4786.649752475247,4666.084557649313,3674.0198019801983,4842.559405940594,2645.132673267327,,4149.76335538623,525.700779763269,4186.82128895378,511.103746526879,4179.382909974753,506.64217249438764,4164.061532787659,510.5108911912285,3998.81469545819,514.7668883836044,4083.6766583886824,581.9024471040854,4147.319391613815,670.9116437901589,4112.40293563089,836.0631615579424,4051.562303244339,847.412048445649,-0.017676767676767735,-88.8375119770044,0.30195715925028677,1144.9765319158637,,,1144.9765319158637,94.26804535292194,,2025-03-15
2025,3,1,6,11,1,4727.170923027786,4936.827451293516,4157.595560523794,3969.767678058128,3780.924509741296,5025.66496327052,3858.086234429894,4607.197978281699,403.23159040608374,4227.142641328648,492.8419649550975,4243.556429255828,501.14996784828054,-209.65652826573023,869.0846885978917,-0.04246786632390753,0.22526315789473683,1.0,6.123233995736766e-17,1.0,6.123233995736766e-17,16,75,0,0,0,0,3,0.9611297838723007,0.27609697309746883,-0.7818314824680299,0.6234898018587334,4936.827451293516,4812.45493452571,4897.738946023634,4001.114628712871,4617.665091937765,4465.22717342702,4214.316831683168,4728.616831683168,3034.122772277228,,4137.57992517224,508.4892947688543,4174.63785873979,494.6208512654198,4203.584786451917,515.103693609529,4167.972455326589,514.5182830985119,4003.4922624153455,520.2431101443077,4089.7820642380234,585.9659396416577,4147.303325962089,670.8975848032351,4121.808758690616,833.3838112834216,4055.026962832972,846.6087350909237,-0.017721518987341867,-85.28401149792444,0.18146350746978768,726.0562943149148,,,726.0562943149148,-1.4459086553824818,,2025-03-16
2025,3,1,0,12,0,3536.2406196103475,4727.170923027786,4936.827451293516,4157.595560523794,3969.767678058128,4812.45493452571,3848.441018843819,4400.079664643884,755.4153736550817,4184.754457042478,545.9734711009531,4217.539729319706,530.7559990617376,-1190.9303034174382,-312.20039923347167,-0.25193298969072164,-0.08112386228729718,1.0,6.123233995736766e-17,1.0,6.123233995736766e-17,17,76,0,0,0,0,3,0.9657399376548549,0.2595117970697999,0.0,1.0,4727.170923027786,3600.203628233791,3664.1666368572337,4786.649752475247,3480.1098161244695,3338.2598786330245,3890.1386138613857,5013.473267326733,2800.728712871287,,4128.442352511748,520.1953778198244,4165.500286079298,505.8312623687965,4161.9044820230865,516.8835221631751,4169.977126879656,511.8413489865346,4007.027632789941,516.297996913324,4085.568992877892,588.6846115635057,4130.889629876352,667.5303981066462,4125.894935950278,828.6599783603579,4052.380093734898,845.2478261215682,-0.017766497461929043,-63.96300862344333,-0.2612284577993813,-1250.4091328648992,,,-1250.4091328648992,-1477.2326477163851,,2025-03-17
2025,3,1,1,12,0,3723.0532162248473,3536.2406196103475,4727.170923027786,4936.827451293516,4157.595560523794,3600.203628233791,4040.837687639731,3995.488252954328,640.5032270237514,4175.109241456404,554.9714198160425,4191.0576900351325,548.0211471685325,186.81259661449985,-317.7844714148837,0.05282802182026991,-0.07864321608040203,1.0,6.123233995736766e-17,1.0,6.123233995736766e-17,18,77,0,0,0,0,3,0.970063921851507,0.2428497220959356,0.7818314824680298,0.6234898018587336,3536.2406196103475,3790.56972532737,3858.086234429894,4617.665091937765,3691.246969589816,3512.4660092622166,4052.227722772277,5981.985148514851,2917.425742574257,,4118.797136925673,528.070483768299,4155.855070493224,513.3751099540549,4132.08408616599,515.4871719431738,4171.113064259479,510.773726262617,4010.7881186285595,513.3890523411623,4081.650248752327,590.003375162649,4105.790386184241,639.0055170358912,4130.370644137224,824.2603771071223,4050.7083836967754,843.4152623321866,-0.01781170483460548,-67.51650910252283,-0.19373684706473626,-894.6118757129179,,,-894.6118757129179,-2258.9319322900037,,2025-03-18
2025,3,1,2,12,0,3713.4080006387726,3723.0532162248473,3536.2406196103475,4727.170923027786,4936.827451293516,3790.56972532737,4232.219070584478,3657.567278824656,105.18258516987274,4132.382628553177,583.0979131287938,4147.823434206323,564.6900607002294,-9.645215586074755,-518.8110699457052,-0.002590673575129543,-0.12258606213266188,1.0,6.123233995736766e-17,1.0,6.123233995736766e-17,19,78,0,0,0,0,3,0.9741004551724205,0.22611568550828828,0.9749279121818236,-0.22252093395631434,3723.0532162248473,3780.924509741296,3848.441018843819,3480.1098161244695,3709.044688826025,3501.2132577451293,4322.376237623763,6779.583168316832,3111.920792079208,,4109.1519213395995,535.82986156938,4146.20985490715,520.8096975393848,4139.860692316466,507.0023007633574,4171.268896824219,510.6281769157302,4014.5773104659456,510.3336145494375,4074.4006268834582,590.7506877000892,4071.7217732100394,573.1985192612086,4133.712239740334,821.3224555999383,4049.004846408604,841.6133306563091,-0.017857142857142905,-67.51650910252329,0.06703759273151588,233.2981845143031,,,233.2981845143031,-3066.175167678059,,2025-03-19
2025,3,1,3,12,0,3898.697668476525,3713.4080006387726,3723.0532162248473,3536.2406196103475,4727.170923027786,3780.924509741296,5025.66496327052,3778.386295113382,104.30425430600002,4089.2329798786322,590.3926654386597,4053.9094929734906,494.8134145951101,185.2896678377524,-1126.9672947939953,0.049897470950102774,-0.22424242424242424,1.0,6.123233995736766e-17,1.0,6.123233995736766e-17,20,79,0,0,0,0,3,0.9778483415056568,0.20931464596304847,0.43388373911755823,-0.900968867902419,3713.4080006387726,3969.767678058128,4040.837687639731,3691.246969589816,3922.9920084865626,3673.642638134781,4430.435643564357,4052.227722772277,3189.7188118811882,,4098.999062827942,539.5713275088641,4136.056996395492,524.3949990195645,4146.77571561269,502.0633103996479,4170.401241823861,511.0861067106799,4018.596150293477,508.48275340665776,4068.070412894317,589.7376760902388,4070.0158837178647,573.4855747773753,4137.651011165863,818.4651423291814,4048.249533956684,839.5529696487677,-0.0179028132992326,-71.07000958160279,0.05620070956936307,207.45069888670878,,,207.45069888670878,-153.53005429575205,,2025-03-20
2025,3,1,4,12,0,4082.9720504631105,3898.697668476525,3713.4080006387726,3723.0532162248473,3536.2406196103475,3969.767678058128,4812.45493452571,3898.35923985947,184.78225734928307,3946.923746406898,424.9538329501287,3993.1192526349405,434.2550018971001,184.27438198658547,-729.4828840625996,0.04726562499999987,-0.1515822784810127,1.0,6.123233995736766e-17,1.0,6.123233995736766e-17,21,80,0,0,0,0,3,0.9813064702716093,0.19245158197082998,-0.433883739117558,-0.9009688679024191,3898.697668476525,4157.595560523794,4232.219070584478,3709.044688826025,4138.812772277228,3844.88751836474,4592.524752475248,3674.0198019801983,3306.4158415841584,,4088.3385613907008,538.9574962160647,4125.396494958251,523.8064317942477,4159.239961000592,495.41905617144175,4168.4069303305,511.3228268174096,4022.8476597952335,507.99904128804553,4062.004309298934,586.8918786822645,4074.559797589897,571.93073773545,4141.965212326301,816.1023888623231,4048.423146539216,837.4444825712226,-0.017948717948717996,-74.62351006068366,0.10081500575163993,373.9273616370856,,,373.9273616370856,408.9522484829122,,2025-03-21
2025,3,1,5,12,1,4847.9899393165115,4082.9720504631105,3898.697668476525,3713.4080006387726,3723.0532162248473,4157.595560523794,3600.203628233791,4276.553219418716,503.3827625175493,3967.0602491216855,469.81497541591636,4097.101445225167,478.73176394773253,765.017888853401,1247.7863110827207,0.18736789755066519,0.3465877044557246,1.0,6.123233995736766e-17,1.0,6.123233995736766e-17,22,81,0,0,0,0,4,0.9844738167520922,0.1755314904214282,-0.9749279121818236,-0.2225209339563146,4082.9720504631105,4936.827451293516,5025.66496327052,3922.9920084865626,4950.576113861385,4562.440793676142,4484.465346534654,4214.316831683168,3228.6178217821785,,4075.647488251129,516.2138563132805,4112.7054218186795,502.01550680351147,4190.073225361591,508.8121368355882,4164.743138382469,505.84899214641166,4027.9467516816685,514.8999799999461,4066.331983022528,591.3678169593707,4081.600609896934,577.5434708320656,4150.961724090381,814.902521123611,4052.401090781889,837.2498594816238,-0.01799485861182526,-88.8375119770044,0.23578888991588864,924.9979308299489,,,924.9979308299489,633.6731076333435,,2025-03-22
2025,3,1,6,12,1,4641.886911529861,4847.9899393165115,4082.9720504631105,3898.697668476525,3713.4080006387726,4936.827451293516,3790.56972532737,4524.282967103161,395.835961447369,4151.334631108271,483.668014160689,4168.044544075375,492.0697982305561,-206.10302778665027,851.317186202491,-0.04251308900523576,0.22458818802732017,1.0,6.123233995736766e-17,1.0,6.123233995736766e-17,23,82,0,0,0,0,4,0.9873494423939864,0.15855938510313478,-0.7818314824680299,0.6234898018587334,4847.9899393165115,4727.170923027786,4812.45493452571,4138.812772277228,4775.034398868457,4365.7291600127755,4754.6138613861385,3890.1386138613857,3423.1128712871287,,4063.4640580371392,498.99327305224836,4100.52199160469,485.52588165503863,4206.842363336678,515.3129541406735,4159.9878709775185,500.4969413019629,4032.8781401016167,519.4957894759026,4064.9899955242395,589.913201018888,4089.9533687599173,580.1734424318046,4157.732690980619,813.8838077394375,4055.3193374192556,836.1938131054685,-0.01804123711340211,-85.28401149792444,0.12155034956457711,503.07413925263336,,,503.07413925263336,751.7482976684755,,2025-03-23
2025,3,1,0,13,0,3472.2776109869046,4641.886911529861,4847.9899393165115,4082.9720504631105,3898.697668476525,4727.170923027786,3780.924509741296,4320.7181539444255,741.9623512795281,4109.538696901947,536.0757045707651,4142.323969179176,521.340115659798,-1169.6093005429566,-308.64689875439126,-0.25196850393700776,-0.08163265306122447,1.0,6.123233995736766e-17,1.0,6.123233995736766e-17,24,83,0,0,0,0,4,0.989932495087353,0.141540295217043,0.0,1.0,4641.886911529861,3536.2406196103475,3600.203628233791,4950.576113861385,3598.136796322489,3263.6363685723413,5673.118811881188,4052.227722772277,4084.39603960396,,4054.3264853766477,510.70508675405557,4091.384418944198,496.7404187155161,4157.565746574196,512.4140202188635,4155.492900072676,506.2617944140463,4036.6038765733056,514.6037460286111,4038.7895050374027,566.0193501626165,4083.5094786289683,583.8064926498986,4154.332033043857,815.4692085765984,4052.447210688061,835.1246476990513,-0.018087855297157618,-63.963008623442875,-0.2986114078188421,-1478.2985028744806,,,-1478.2985028744806,-579.9501117853724,,2025-03-24
2025,3,1,1,13,0,3655.536707122325,3472.2776109869046,4641.886911529861,4847.9899393165115,4082.9720504631105,3536.2406196103475,3969.767678058128,3923.233743213031,629.0808821828599,4099.893481315873,545.0735550831482,4116.138054934525,538.407451133374,183.25909613542035,-314.2309709358028,0.05277777777777781,-0.07915601023017893,1.0,6.123233995736766e-17,1.0,6.123233995736766e-17,25,84,0,0,0,0,4,0.9922222094179323,0.12447926388678915,0.7818314824680298,0.6234898018587336,3472.2776109869046,3723.0532162248473,3790.56972532737,4775.034398868457,3815.831004243281,3433.696748642606,6429.534653465346,4322.376237623763,4628.9821782178215,,4044.681269790573,518.5811108075736,4081.739203358123,504.2843285325949,4120.249156849325,506.62730296625256,4149.768103746927,511.12785456528155,4040.5653044032997,510.7173605146138,4005.7657199618907,502.17573035830475,4076.1001505122863,584.971279312948,4148.924002648882,815.531683817727,4050.5015709647,833.5285181816339,-0.018134715025906578,-67.51650910252238,-0.23444808942348572,-1119.4976917461322,,,-1119.4976917461322,-666.8395305014378,,2025-03-25
2025,3,1,2,13,0,3645.8914915362498,3655.536707122325,3472.2776109869046,4641.886911529861,4847.9899393165115,3723.0532162248473,4157.595560523794,3591.235269881827,103.13317120723417,4057.7591184924936,572.8022567503535,4073.496049185563,554.8383413671844,-9.64521558607521,-511.70406898754436,-0.0026385224274407815,-0.1230769230769232,1.0,6.123233995736766e-17,1.0,6.123233995736766e-17,26,85,0,0,0,0,4,0.994217906893952,0.10738134666416309,0.9749279121818236,-0.22252093395631434,3655.536707122325,3713.4080006387726,3780.924509741296,3598.136796322489,3833.6287234794904,3422.443997125519,3737.52103960396,4430.435643564357,3165.668316831683,,4035.0360542044978,526.3392929815963,4072.0939877720484,511.71703550055275,4121.8409800231175,505.00267530226085,4143.063202606098,516.6302579728708,4044.5554382320634,506.65703140292936,4004.674892008703,502.8644793966618,4067.382993267529,585.4770574013178,4151.591909175019,813.0789257201644,4048.527863260171,831.9631232124493,-0.018181818181818077,-67.51650910252283,0.013272062157994924,47.7546952137609,,,47.7546952137609,-784.544152028107,,2025-03-26
2025,3,1,3,13,0,3827.6276588949218,3645.8914915362498,3655.536707122325,3472.2776109869046,4641.886911529861,3713.4080006387726,4936.827451293516,3709.685285851166,102.25487795373046,4015.2017198977956,579.9948500458531,3981.062733152347,486.06813739392925,181.736167358672,-1109.1997923985941,0.049846839320523806,-0.22467866323907448,1.0,6.123233995736766e-17,1.0,6.123233995736766e-17,27,86,0,0,0,0,4,0.995918996147179,0.09025161003104117,0.43388373911755823,-0.900968867902419,3645.8914915362498,3898.697668476525,3969.767678058128,3815.831004243281,4054.1330975954734,3590.727626956244,3922.3876716703926,4592.524752475248,2870.2059405940595,,4024.88319569284,530.0796844639617,4061.941129260391,515.3009727163,4122.234201844838,504.7607181202641,4134.973722652506,519.8376862304847,4048.7857959452535,503.7797122865756,4003.5467966185192,503.1575056139046,4058.8841366721917,583.3160652349175,4156.910918721134,807.7637731365105,4047.455532171019,830.0741614025092,-0.01822916666666663,-71.07000958160324,0.003091503433596099,11.796654651640893,,,11.796654651640893,-764.8970935803259,,2025-03-27
2025,3,1,4,13,0,4008.3485404024273,3827.6276588949218,3645.8914915362498,3655.536707122325,3472.2776109869046,3898.697668476525,4727.170923027786,3827.2892302778673,181.2287614277915,3875.261486745448,417.3682462614438,3921.1608679335673,426.39001127685674,180.7208815075055,-718.8223826253584,0.04721485411140591,-0.15206185567010289,1.0,6.123233995736766e-17,1.0,6.123233995736766e-17,28,87,0,0,0,0,4,0.9973249731081555,0.07309512989807777,-0.433883739117558,-0.9009688679024191,3827.6276588949218,4082.9720504631105,4157.595560523794,3833.6287234794904,4276.5109158415835,3757.826756627276,4106.069803577132,4484.465346534654,3292.2950495049504,,4014.2226942556003,529.4667737496655,4051.2806278231506,514.7133294412463,4128.058195742269,502.31798380464767,4125.396494958251,519.6036897298261,4053.259399226953,502.25902756058827,4002.3834482473917,503.03056110577603,4053.59394993739,581.5694088251742,4160.8889936705655,805.2411961289051,4047.2666095054706,828.0614284157446,-0.018276762402088753,-74.6235100606832,0.045575570699594836,174.71981692293684,,,174.71981692293684,-476.11680613222643,,2025-03-28
2025,3,1,5,13,1,4759.152427339508,4008.3485404024273,3827.6276588949218,3645.8914915362498,3655.536707122325,4082.9720504631105,3536.2406196103475,4198.376208878953,493.98125940809314,3894.805739380389,460.92039464722853,4023.070185244331,469.94516193554676,750.8038869370807,1222.9118077291605,0.18731003039513672,0.34582256675279943,1.0,6.123233995736766e-17,1.0,6.123233995736766e-17,29,88,0,0,0,0,5,0.9984354211555643,0.055916990100603484,-0.9749279121818236,-0.2225209339563146,4008.3485404024273,4847.9899393165115,4936.827451293516,4054.1330975954734,5114.502475247524,4458.797029702971,4873.372085595656,4754.6138613861385,3039.0415841584154,,4001.531621116028,506.72731522375346,4038.5895546835786,492.92860856364643,4151.55884006707,515.0702646831487,4112.7054218186795,498.45992507363667,4058.622888470463,508.23653112944965,4001.023690411009,500.79721551948154,4053.644378447983,581.6310715115757,4170.4451650215715,802.0537032469448,4050.6891374758266,827.5322875317946,-0.018324607329842757,-88.83751197700349,0.17390137737761613,705.0193297440346,,,705.0193297440346,4.538565953369471,,2025-03-29
2025,3,1,6,13,1,4556.602900031938,4759.152427339508,4008.3485404024273,3827.6276588949218,3645.8914915362498,4847.9899393165115,3723.0532162248473,4441.367955924625,388.44039236093454,4075.5266208878948,474.4941077599227,4092.532658894921,482.9906417871872,-202.54952730757032,833.5496838070903,-0.04256000000000015,0.22388873738751025,1.0,6.123233995736766e-17,1.0,6.123233995736766e-17,30,89,0,0,0,0,5,0.9992500112396835,0.03872228089217446,-0.7818314824680299,0.6234898018587334,4759.152427339508,4641.886911529861,4727.170923027786,4276.5109158415835,4897.738946023634,4302.926478076379,4664.223200255508,5673.118811881188,3165.668316831683,,3989.348190902039,489.4972943195812,4026.406124469589,476.4320431280926,4160.895239540083,519.9289264386304,4100.52199160469,482.4740693952464,4063.1528245768122,511.57317341411886,3999.7424963607286,499.2152688331184,4041.2386460941025,558.1333982773605,4178.172579372684,799.0138074036598,4053.109777488057,826.2820146535971,-0.01837270341207342,-85.28401149792353,0.06549544469834112,280.0919841903542,,,280.0919841903542,-1116.5159118492502,,2025-03-30
2025,3,1,0,14,0,3408.3146023634617,4556.602900031938,4759.152427339508,4008.3485404024273,3827.6276588949218,4641.886911529861,3713.4080006387726,4241.35664324497,728.5093404755717,4034.322936761418,526.1781409331821,4067.108209038645,511.92520504587765,-1148.288297668476,-305.09339827531085,-0.25200534759358284,-0.08215994531783988,1.0,6.123233995736766e-17,1.0,6.123233995736766e-17,31,90,0,1,0,1,5,0.9997685019798909,0.021516097436222254,0.0,1.0,4556.602900031938,3472.2776109869046,3536.2406196103475,5114.502475247524,3664.1666368572337,3244.05585572843,3487.5068987543914,6429.534653465346,3376.7128712871286,,3980.2106182415478,501.21505474771124,4017.2685518090975,487.6508339925753,4104.022310443947,505.1265297759569,4091.3844189441984,493.34460774638393,4066.0860164810088,507.2439362441216,3998.7997309275033,500.26794520996066,4007.669534415192,500.784357673707,4178.34814454533,798.8401740022836,4050.0393242731775,825.502921362965,-0.018421052631578894,-63.963008623442875,-0.3335980148883374,-1706.187872884062,,,-1706.187872884062,-3021.2200511018846,,2025-03-31
2025,4,2,1,14,0,3588.0201980198012,3408.3146023634617,4556.602900031938,4759.152427339508,4008.3485404024273,3472.2776109869046,3898.697668476525,3850.9792334717345,617.6585580925433,4024.677721175343,535.1758861992649,4041.2184198339182,528.7946335412855,179.70559565633948,-310.67747045672377,0.05272564789991052,-0.07968750000000013,0.8660254037844387,-0.49999999999999983,1.2246467991473532e-16,-1.0,1,91,1,0,1,0,1,0.9999907397361901,0.004303538296244289,0.7818314824680298,0.6234898018587336,3408.3146023634617,3655.536707122325,3723.0532162248473,4897.738946023634,3858.086234429894,3442.078900282885,3670.004530501437,3737.52103960396,3461.130693069307,,3970.5654026554726,509.0920271262114,4007.6233362230228,495.19478914739636,4060.365018843819,490.54947483465065,4081.739203358123,500.6604158753607,4068.692111083454,504.34627905817496,3997.8237269693886,500.99658435193226,4006.008413953146,501.9371419154764,4179.053086239499,798.2595011706325,4047.849660167711,824.1490858561885,-0.018469656992084582,-67.51650910252374,-0.26741293532338306,-1309.7187480038324,,,-1309.7187480038324,-149.50084158415893,,2025-04-01
2025,4,2,2,14,0,3593.00355940594,3588.0201980198012,3408.3146023634617,4556.602900031938,4759.152427339508,3655.536707122325,4082.9720504631105,3529.7794532630683,105.22115270106403,3985.573704593846,560.4293454243109,4000.3877122458202,543.9760058490801,4.983361386138768,-489.96849105717047,0.001388888888888884,-0.12000290107339717,0.8660254037844387,-0.49999999999999983,1.2246467991473532e-16,-1.0,2,92,0,0,0,0,1,0.9999166586547379,-0.01291029607500882,0.9749279121818236,-0.22252093395631434,3588.0201980198012,3645.8914915362498,3713.4080006387726,3664.1666368572337,3848.441018843819,3459.876619519094,3658.7517789843496,3922.3876716703926,3587.7574257425745,,3963.0099837797143,515.0709269826608,3999.023018992106,501.70047828344036,4057.9929162621097,492.69874688625754,4072.6164369496278,507.35140846610017,4071.069377867148,501.73138635885,3997.0410100696454,501.5837214059573,4002.348590483541,503.751261724081,4179.082231426519,798.2378872938247,4045.70415969242,822.7870489858817,-0.01450617283950617,-52.887932130309764,-0.019421354022351567,-71.1630774512937,,,-71.1630774512937,-329.3841122644526,,2025-04-02
2025,4,2,3,14,0,3787.354653465346,3593.00355940594,3588.0201980198012,3408.3146023634617,4556.602900031938,3645.8914915362498,4847.9899393165115,3656.1261369636964,113.67454037781839,3948.7413901043324,565.8688255777762,3912.0014384248902,475.606482899226,194.35109405940602,-1060.6352858511655,0.05409153952843271,-0.21877835951134383,0.8660254037844387,-0.49999999999999983,1.2246467991473532e-16,-1.0,3,93,0,0,0,0,1,0.9995462806873573,-0.030120304846908114,0.43388373911755823,-0.900968867902419,3593.00355940594,3827.6276588949218,3898.697668476525,3858.086234429894,4040.837687639731,3660.709830268742,3839.472660491855,4106.069803577132,3503.3396039603963,,3957.2566972897744,517.056263536709,3991.0699464913077,504.2890357695278,4055.6351968966246,493.8562272615611,4063.563471443399,510.19302150528176,4073.3308925670867,500.13096104146814,3996.4205576050445,501.81316186220215,3998.8073110378546,504.13403717243864,4180.660092812657,797.1746932317147,4044.4912512124806,821.0350707140896,-0.010521662245800312,-40.27300542957573,-0.018333333333333313,-70.7315809645479,,,-70.7315809645479,-318.715150111786,,2025-04-03
2025,4,2,4,14,0,3982.2303118811874,3787.354653465346,3593.00355940594,3588.0201980198012,3408.3146023634617,3827.6276588949218,4641.886911529861,3787.529508250825,194.61343515098145,3819.254370861279,411.04543994510976,3857.0300551208343,418.23806263054024,194.87565841584137,-659.6565996486738,0.05145429362880871,-0.1421095800524933,0.8660254037844387,-0.49999999999999983,1.2246467991473532e-16,-1.0,4,94,0,0,0,0,1,0.9988797155850336,-0.04732138832243185,-0.433883739117558,-0.9009688679024191,3787.354653465346,4008.3485404024273,4082.9720504631105,3848.441018843819,4232.219070584478,3863.416485148515,4019.009041839668,4873.372085595656,3714.3841584158413,,3953.5255217867402,516.720254953285,3983.87410802117,503.59506259518594,4060.0948399978706,492.52297058887814,4054.635301489711,509.31890787458514,4075.4525680444563,499.4758520607797,3995.982715581729,501.8092605747969,3988.9057357743604,495.4403090662901,4182.148126998575,796.5492039792472,4044.200312243643,819.1165481027584,-0.006515957446808662,-26.11822852123987,0.03476454293628817,133.78929303736822,,,133.78929303736822,-891.1417737144689,,2025-04-04
2025,4,2,5,14,1,4747.307425742573,3982.2303118811874,3787.354653465346,3593.00355940594,3588.0201980198012,4008.3485404024273,3472.2776109869046,4172.29746369637,507.41646888925334,3851.038458479718,480.90124107726973,3963.2825396838066,470.32272431006874,765.0771138613859,1275.0298147556687,0.19212276888625435,0.3672027290448343,0.8660254037844387,-0.49999999999999983,1.2246467991473532e-16,-1.0,5,95,0,0,0,0,1,0.9979171608653922,-0.06450844944931623,-0.9749279121818236,-0.2225209339563146,3982.2303118811874,4759.152427339508,4847.9899393165115,4040.837687639731,5025.66496327052,4622.723391089109,4769.728321622484,4664.223200255508,4431.935643564356,,3951.833378701464,513.6525881588318,3976.682499908746,490.86376172273424,4083.6438312679647,508.2098762277359,4044.693960863712,492.0886726914604,4077.6772829489823,502.22764497331167,3995.7158001545868,501.398536801246,3989.828893835328,496.7883440535682,4183.900192455121,797.4480324146389,4047.470577887824,818.6061183929398,-0.002488888888889096,-11.845001596934708,0.17483249581239524,706.4697381028423,,,706.4697381028423,83.08422548706494,,2025-04-05
2025,4,2,6,14,1,4563.7099009900985,4747.307425742573,3982.2303118811874,3787.354653465346,3593.00355940594,4759.152427339508,3655.536707122325,4431.0825462046205,399.40988841872746,4043.6043415841577,499.1465665571393,4038.9636391727877,488.9982420432091,-183.59752475247478,908.1731938677735,-0.03867403314917117,0.24843771698375217,0.8660254037844387,-0.49999999999999983,1.2246467991473532e-16,-1.0,6,96,0,0,0,0,1,0.9966589017541702,-0.08167639533042241,-0.7818314824680299,0.6234898018587334,4747.307425742573,4556.602900031938,4641.886911529861,4232.219070584478,4812.45493452571,4460.295785007072,4564.725186841264,3487.5068987543914,5022.860396039604,,3952.8486645526305,515.0523237001955,3971.0984277273346,483.0975166531768,4094.693525614819,515.1085264884728,4035.810209666012,479.80686364414464,4079.523963591536,503.84761802617385,3995.7037134182638,501.38466702023857,4001.7867049712804,497.51318229356576,4181.349356371512,795.4813454505334,4049.860574754038,817.4551785491271,0.0015597147950090484,7.107000958160825,0.07832553676382381,331.4908304056207,,,331.4908304056207,1076.2030022357071,,2025-04-06
2025,4,2,0,15,0,3427.5035049504945,4563.7099009900985,4747.307425742573,3982.2303118811874,3787.354653465346,4556.602900031938,3645.8914915362498,4246.173610561056,714.9073850080978,4016.8515594059404,531.6889194701513,4020.7646402906416,508.6269777732842,-1136.206396039604,-218.38798658575524,-0.24896551724137939,-0.059899749373433564,0.8660254037844387,-0.49999999999999983,1.2246467991473532e-16,-1.0,7,97,0,0,0,0,1,0.9951053111006976,-0.09882013873287143,0.0,1.0,4563.7099009900985,3408.3146023634617,3472.2776109869046,5025.66496327052,3600.203628233791,3362.0828359264497,3412.883388693708,3670.004530501437,3402.99504950495,,3955.5899363507774,511.7113389938841,3967.900277296162,486.78788432893333,4041.4214770041513,497.85970876794704,4029.6423481201796,486.67479732805754,4080.6921898241085,502.22714348942515,3995.877762421321,501.18240793776687,3999.0922491318256,499.98080859459225,4181.485514457321,795.349461176444,4046.992569824068,816.6542848284693,0.005630026809651412,19.18890258703277,-0.31800000000000006,-1598.1614583200258,,,-1598.1614583200258,-242.50102555094236,,2025-04-07
2025,4,2,1,15,0,3622.9037277227712,3427.5035049504945,4563.7099009900985,4747.307425742573,3982.2303118811874,3408.3146023634617,3827.6276588949218,3871.372377887789,607.4897087082677,4021.8349207920787,527.0416110851829,4003.704312692962,519.0212977361106,195.40022277227672,-204.72393117215051,0.05700948882767043,-0.05348585322723276,0.8660254037844387,-0.49999999999999983,1.2246467991473532e-16,-1.0,8,98,0,0,0,0,2,0.9932568492674143,-0.11593459959550041,0.7818314824680298,0.6234898018587336,3427.5035049504945,3588.0201980198012,3655.536707122325,4812.45493452571,3790.56972532737,3566.6629349363507,3591.2352698818268,3658.7517789843496,3085.382178217822,,3960.5732977369157,507.68916513439007,3965.569350196194,488.4738659596588,4001.76977011072,481.43324731113034,4023.6542767771584,490.73981436815865,4081.6964896952945,501.2358076829492,3996.2547678718083,500.88617908172273,3998.6939374511417,500.26918469713235,4184.471745287904,792.213936636504,4045.047208163053,815.2765442452045,0.009722222222222188,34.88352970297001,-0.24718178621659648,-1189.5512068029389,,,-1189.5512068029389,-35.84805126157835,,2025-04-08
2025,4,2,2,15,0,3627.8870891089105,3622.9037277227712,3427.5035049504945,4563.7099009900985,4747.307425742573,3588.0201980198012,4008.3485404024273,3559.431440594059,114.28011036515784,3995.2569933993395,544.9476819019637,3971.999191751836,530.2116749602036,4.983361386139222,-380.4614512935168,0.0013755158184320937,-0.09491725768321524,0.8660254037844387,-0.49999999999999983,1.2246467991473532e-16,-1.0,9,99,0,0,0,0,2,0.9911140639934547,-0.1330147065341959,0.9749279121818236,-0.22252093395631434,3622.9037277227712,3593.00355940594,3645.8914915362498,3600.203628233791,3780.924509741296,3584.46065417256,3579.9825183647395,3839.472660491855,3539.1148514851484,,3965.556659123054,503.63487005448115,3964.2833214513844,489.4030549391488,4002.6925521398907,480.6629231101361,4018.1886546117166,494.38205904594645,4082.47196174773,500.4855685802951,3996.8250603806673,500.43358172040894,3996.342986657997,501.5214241841213,4184.964924385814,791.8374787728806,4043.142367436778,813.8928033966994,0.009708737864077666,34.88352970297046,0.007689415303628433,27.683460875119636,,,27.683460875119636,-211.58557138294464,,2025-04-09
2025,4,2,3,15,0,3824.074158415842,3627.8870891089105,3622.9037277227712,3427.5035049504945,4563.7099009900985,3593.00355940594,4759.152427339508,3691.6216584158415,114.73428885855427,3968.897634488448,549.5097549270756,3894.0760026748635,469.21364985815813,196.18706930693133,-935.0782689236662,0.054077501445922715,-0.19647999999999988,0.8660254037844387,-0.49999999999999983,1.2246467991473532e-16,-1.0,10,100,0,0,0,0,2,0.9886775902323405,-0.1500553983446526,0.43388373911755823,-0.900968867902419,3627.8870891089105,3787.354653465346,3827.6276588949218,3790.56972532737,3969.767678058128,3791.850919377652,3756.5576493133185,4019.009041839668,3266.875247524752,,3970.802302687411,501.656791668014,3964.0294999885923,489.48029658818285,4003.809366576173,480.1917556135584,4012.9853146244923,495.67557722029284,4083.0473767305543,500.16378285529817,3997.6288283461736,500.09713591308935,3994.177043508843,501.8432691537226,4188.060473890764,789.3134304011853,4042.1466028503196,812.1667809622891,0.009695290858726002,36.719504950495775,0.008838891120932502,33.504433088471615,,,33.504433088471615,-194.93488342382625,,2025-04-10
2025,4,2,4,15,0,4020.785792079208,3824.074158415842,3627.8870891089105,3622.9037277227712,3427.5035049504945,3787.354653465346,4556.602900031938,3824.249013201321,196.44940984791478,3847.810695544554,404.62406030317544,3849.424577012136,423.7242268472277,196.71163366336623,-535.8171079527297,0.05144032921810693,-0.11759135472370741,0.8660254037844387,-0.49999999999999983,1.2246467991473532e-16,-1.0,11,101,0,0,0,0,2,0.9859481499638304,-0.16705162550211924,-0.433883739117558,-0.9009688679024191,3824.074158415842,3982.2303118811874,4008.3485404024273,3780.924509741296,4157.595560523794,4001.114628712871,3931.948280102203,4769.728321622484,3402.99504950495,,3976.3102284299853,502.01470908988614,3964.9178751083628,489.57819679711145,4011.8047426541034,478.34601172544126,4008.0992514657564,494.87094333634155,4083.3986475049533,500.1120992924301,3998.686417774471,500.0504964966294,3985.8554598472515,495.0014095694965,4191.492644682843,787.2210563804223,4042.0499475979614,810.3201190135961,0.009681881051175845,38.55548019802063,0.06343984962406046,239.86128233791214,,,239.86128233791214,-748.9425295432761,,2025-04-11
2025,4,2,5,15,1,4793.206806930692,4020.785792079208,3824.074158415842,3627.8870891089105,3622.9037277227712,3982.2303118811874,3408.3146023634617,4212.688919141915,512.2739796599953,3886.060179867987,488.0752293738242,3964.832260726072,477.80598105421484,772.4210148514844,1384.8922045672307,0.19210697977821245,0.4063275742230166,0.8660254037844387,-0.49999999999999983,1.2246467991473532e-16,-1.0,12,102,0,0,0,0,2,0.9829265519799822,-0.18399835165768005,-0.9749279121818236,-0.2225209339563146,4020.785792079208,4747.307425742573,4759.152427339508,3969.767678058128,4936.827451293516,4786.649752475247,4666.084557649313,4564.725186841264,3629.861386138614,,3982.867282885431,513.922008644631,3967.3503307934475,493.8934590017112,4039.2527136165227,499.02845745103093,4002.969942738513,485.54463100921015,4083.515737763086,500.2804829839448,4000.199777884964,502.2820382148026,3988.394144514912,498.5765715071317,4197.955674798355,787.3598235583798,4045.4335370544154,810.0550452837072,0.009668508287292932,45.89938118811915,0.20742753623188404,823.4391288725647,,,823.4391288725647,228.48162008942836,,2025-04-12
2025,4,2,6,15,1,4607.773306930692,4793.206806930692,4020.785792079208,3824.074158415842,3627.8870891089105,4747.307425742573,3588.0201980198012,4473.921968646865,403.2315607889909,4082.771813531353,503.886884209884,4049.8116864686467,495.06766622372606,-185.4335000000001,1019.7531089108911,-0.03868673050615601,0.28421052631578947,0.8660254037844387,-0.49999999999999983,1.2246467991473532e-16,-1.0,13,103,0,0,0,0,2,0.9796136916454901,-0.20089055513063506,-0.7818314824680299,0.6234898018587334,4793.206806930692,4563.7099009900985,4556.602900031938,4157.595560523794,4727.170923027786,4617.665091937765,4465.22717342702,3412.883388693708,3720.6079207920793,,3989.162055162659,522.4217658481203,3971.0053598576446,498.7550426709919,4054.258638496752,509.3710774317528,3998.7057421636164,479.43476785858155,4083.3390987451025,500.0901665971631,4001.8967556647694,504.1095528735919,4001.6706991619894,498.988292029443,4202.884371388014,787.1317355414891,4047.9552400583448,809.1053226716908,0.00965517241379299,44.06340594059384,0.1082783882783882,450.1777464068982,,,450.1777464068982,1194.8899182369842,,2025-04-13
2025,4,2,0,16,0,3460.5510594059406,4607.773306930692,4793.206806930692,4020.785792079208,3824.074158415842,4563.7099009900985,3593.00355940594,4287.177057755775,721.8582281802011,4055.7130354785477,536.8047887444017,4038.7739781353134,507.49871340052294,-1147.2222475247518,-132.45249999999942,-0.24897540983606548,-0.036864004671873674,0.8660254037844387,-0.49999999999999983,1.2246467991473532e-16,-1.0,14,104,0,0,0,0,2,0.9760105506323683,-0.21772323039653177,0.0,1.0,4607.773306930692,3427.5035049504945,3408.3146023634617,4936.827451293516,3536.2406196103475,3480.1098161244695,3338.2598786330245,3591.2352698818268,3856.7277227722775,,3993.8831343705797,516.6172416592185,3974.7365353606788,494.3981192830513,4005.049425433833,492.18802553200703,3996.002543584888,482.34341839021863,4082.9898352322716,500.52576272569524,4003.3526030549233,502.3433982289982,4000.218652378924,500.3842630180331,4200.683389924868,788.6574845882999,4045.332899966146,808.2426245272775,0.009641873278237068,33.04755445544606,-0.2990334190231362,-1476.2763918875753,,,-1476.2763918875753,-130.68421047588618,,2025-04-14
2025,4,2,1,16,0,3657.787257425742,3460.5510594059406,4607.773306930692,4793.206806930692,4020.785792079208,3427.5035049504945,3787.354653465346,3908.7038745874593,613.3914597382768,4060.6963968646855,532.1574554964412,4027.9766951320125,514.6618142776811,197.23619801980158,-129.56739603960386,0.05699560406245241,-0.03421052631578947,0.8660254037844387,-0.49999999999999983,1.2246467991473532e-16,-1.0,15,105,0,0,0,0,3,0.9721181966290613,-0.23449138957040985,0.7818314824680298,0.6234898018587336,3460.5510594059406,3622.9037277227712,3588.0201980198012,4727.170923027786,3723.0532162248473,3691.246969589816,3512.4660092622166,3579.9825183647395,3765.981188118812,,3998.8664957567185,512.5948899773098,3979.719896746817,490.53684479395423,3969.403303247098,476.5622113410386,3993.67161648492,483.86659442572807,4082.392340372199,501.02162756354255,4005.082617914013,500.88057640434243,4001.083149479602,499.71684274466503,4200.0823125321285,789.0317862372116,4043.6104748881894,806.8502564802692,0.009628610729023546,34.88352970297092,-0.22622064719358526,-1069.3836656020435,,,-1069.3836656020435,77.80473906100269,,2025-04-15
2025,4,2,2,16,0,3662.770618811881,3657.787257425742,3460.5510594059406,4607.773306930692,4793.206806930692,3622.9037277227712,3982.2303118811874,3593.7029785478553,115.33986150101205,4033.8124735973593,550.2683266064226,4001.355054042904,525.3936030289209,4.983361386138768,-319.45969306930647,0.0013623978201635634,-0.08022130013831252,0.8660254037844387,-0.49999999999999983,1.2246467991473532e-16,-1.0,16,106,0,0,0,0,3,0.9679377830240642,-0.25119006388481935,0.9749279121818236,-0.22252093395631434,3657.787257425742,3627.8870891089105,3593.00355940594,3536.2406196103475,3713.4080006387726,3709.044688826025,3501.2132577451293,3756.5576493133185,3992.847524752475,,4003.8498571428568,508.54072411373437,3984.703258132956,486.644934064044,3973.6209698871494,473.14409587506395,3991.863138562531,485.0460837876121,4081.566017693375,501.68629465995383,4007.0059198314743,499.2299449672842,4000.0410713629194,500.3299030166185,4198.2485519435695,789.8991870542746,4041.9253427816566,805.4537453583048,0.009615384615384581,34.88352970297046,0.03578093597473453,126.52999920153343,,,126.52999920153343,-93.78703050143758,,2025-04-16
2025,4,2,3,16,0,3860.793663366336,3662.770618811881,3657.787257425742,3460.5510594059406,4607.773306930692,3627.8870891089105,4747.307425742573,3727.1171798679875,115.79404195835102,4007.1471188118812,554.8830009503869,3927.4789071782175,470.4198474804202,198.02304455445528,-886.5137623762371,0.054063730755460115,-0.18674033149171265,0.8660254037844387,-0.49999999999999983,1.2246467991473532e-16,-1.0,17,107,0,0,0,0,3,0.9634705485641488,-0.2678143051621742,0.43388373911755823,-0.900968867902419,3662.770618811881,3824.074158415842,3787.354653465346,3723.0532162248473,3898.697668476525,3922.9920084865626,3673.642638134781,3931.948280102203,4764.193069306931,,4009.095500707213,506.5627904124912,3989.948901697312,484.7461409449984,3978.2123181251986,471.2934555448807,3990.50942409431,485.36851532470075,4080.4553329590854,502.1124147406295,4009.2339082270882,498.1406951065629,3999.2504645102986,500.4949012746114,4193.229666355011,789.1528533627909,4041.127405867933,803.7597072282188,0.009602194787379892,36.71950495049441,0.0369966366693939,137.74044714148886,,,137.74044714148886,-71.15461673586697,,2025-04-17
2025,4,2,4,16,0,4059.341272277228,3860.793663366336,3662.770618811881,3657.787257425742,3460.5510594059406,3824.074158415842,4563.7099009900985,3860.9685181518157,198.28538455504034,3884.836196369637,408.54628858846024,3885.4481881188112,429.1261725504053,198.547608910892,-504.3686287128703,0.051426630434782794,-0.11051724137931018,0.8660254037844387,-0.49999999999999983,1.2246467991473532e-16,-1.0,18,108,0,0,0,0,3,0.9587178169872964,-0.2843591872810034,-0.433883739117558,-0.9009688679024191,3860.793663366336,4020.785792079208,3982.2303118811874,3713.4080006387726,4082.9720504631105,4138.812772277228,3844.88751836474,4666.084557649313,5399.418811881188,,4014.6034264497875,506.9205686806926,3995.4568274398866,485.08965690859173,3989.7434271798143,468.8165475448781,3989.6654677305282,485.2223097124789,4079.0361990305137,502.05678181491726,4011.7869291069987,497.8377116563899,3992.5088724506086,495.47299831935874,4185.784791134988,784.0145064284699,4041.2072912469207,801.9882644501538,0.009589041095890538,38.55548019802018,0.09315789473684255,345.9332716384556,,,345.9332716384556,-606.7432853720848,,2025-04-18
2025,4,2,5,16,1,4839.106188118812,4059.341272277228,3860.793663366336,3662.770618811881,3657.787257425742,4020.785792079208,3427.5035049504945,4253.080374587459,517.1314908655954,3923.3916765676568,492.6711581986159,4003.0817450495047,482.35599783988596,779.7649158415834,1411.602683168317,0.19209149059895303,0.41184573002754843,0.8660254037844387,-0.49999999999999983,1.2246467991473532e-16,-1.0,19,109,0,0,0,0,3,0.9536809966304457,-0.30081980763566735,-0.9749279121818236,-0.2225209339563146,4059.341272277228,4793.206806930692,4747.307425742573,3898.697668476525,4847.9899393165115,4950.576113861385,4562.440793676142,4465.22717342702,3299.257425742574,,4021.1604809052333,518.827426811487,4002.013881895332,496.52009566877217,4021.0903778345573,493.31840918335234,3989.348190902039,484.64284085083955,4077.0456646422535,498.74858577330895,4015.080564755126,502.4187805366751,3996.6630837249622,501.01730266897306,4194.339506481523,782.6870372653972,4044.69156590575,801.9627719582925,0.009575923392612928,45.89938118811915,0.2412109375,940.4085196422866,,,940.4085196422866,373.8790146917918,,2025-04-19
2025,4,2,6,16,1,4651.836712871286,4839.106188118812,4059.341272277228,3860.793663366336,3662.770618811881,4793.206806930692,3622.9037277227712,4516.761391089109,407.0532371941953,4121.939285478547,508.6272046595981,4088.8261604785475,499.7692941621771,-187.2694752475254,1028.932985148515,-0.03869918699187003,0.2840078187214943,0.8660254037844387,-0.49999999999999983,1.2246467991473532e-16,-1.0,20,110,0,0,0,0,3,0.9483615800121715,-0.3171912885891061,-0.7818314824680299,0.6234898018587334,4839.106188118812,4607.773306930692,4563.7099009900985,4082.9720504631105,4641.886911529861,4775.034398868457,4365.7291600127755,3338.2598786330245,2991.3267326732675,,4027.4552531824606,527.328475379142,4008.3086541725597,504.6804949528755,4040.052533248163,506.5349914710826,3989.703540949947,485.14240636452104,4074.8457059637326,495.87725379641745,4018.48660705106,505.78310790829454,4011.258381883165,500.75468553247435,4203.564561927068,778.2015018153829,4047.331327414296,801.2106562304278,0.0095628415300546,44.06340594059384,0.13932612209374606,568.8646624081757,,,568.8646624081757,1313.5768342382617,,2025-04-20
2025,4,2,0,17,0,3493.5986138613857,4651.836712871286,4839.106188118812,4059.341272277228,3860.793663366336,4607.773306930692,3627.8870891089105,4328.180504950496,728.8090722475102,4094.574511551155,541.920672414215,4077.6354542079207,512.3733584653537,-1158.2380990099005,-134.28847524752473,-0.24898511502029763,-0.037015615962984416,0.8660254037844387,-0.49999999999999983,1.2246467991473532e-16,-1.0,21,111,0,0,0,0,3,0.9427611433904207,-0.3334687789181868,0.0,1.0,4651.836712871286,3460.5510594059406,3427.5035049504945,4847.9899393165115,3472.2776109869046,3598.136796322489,3263.6363685723413,3512.4660092622166,3431.227722772277,,4032.176332390381,521.5231621538516,4013.0297333804806,499.1077415522681,3994.906155732992,492.19621829314485,3990.4650053383216,484.3162205715157,4072.978952705499,497.89713151414185,4021.2242528283105,502.25818738562975,4011.048744156489,500.9697511724206,4203.911066877563,777.8695019233933,4044.934216100214,800.2967184646151,0.00954979536152778,33.04755445544515,-0.279371727748691,-1354.3913254551258,,,-1354.3913254551258,-18.8673954008309,,2025-04-21
2025,4,2,1,17,0,3692.6707871287126,3493.5986138613857,4651.836712871286,4839.106188118812,4059.341272277228,3460.5510594059406,3824.074158415842,3946.035371287129,619.293212362974,4099.557872937293,537.2733149012679,4066.6851732673263,519.6376887670903,199.0721732673269,-131.40337128712918,0.05698198198198212,-0.034362139917695544,0.8660254037844387,-0.49999999999999983,1.2246467991473532e-16,-1.0,22,112,0,0,0,0,4,0.9368813462954315,-0.3496474552512284,0.7818314824680298,0.6234898018587336,3493.5986138613857,3657.787257425742,3622.9037277227712,4641.886911529861,3655.536707122325,3815.831004243281,3433.696748642606,3501.2132577451293,3167.287128712871,,4037.1596937765203,517.5006361595649,4018.013094766619,495.2462378600949,3963.265618252954,479.51789053903656,3991.7912224814067,483.41511278778756,4070.7796631141673,499.3236118585925,4024.3072770960025,499.3949736112948,4013.176050038529,499.18378956543467,4206.8298649798735,774.9382247777136,4043.415839251199,798.8974201210136,0.0095367847411445,34.88352970297046,-0.20448928258967614,-949.2161244011486,,,-949.2161244011486,191.45752938358328,,2025-04-22
2025,4,2,2,17,0,3697.654148514851,3692.6707871287126,3493.5986138613857,4651.836712871286,4839.106188118812,3657.787257425742,4020.785792079208,3627.97451650165,116.39961718357196,4072.367953795379,555.5889812154144,4039.7575363036303,530.491416767704,4.983361386138313,-323.1316435643571,0.0013495276653170407,-0.08036529680365312,0.8660254037844387,-0.49999999999999983,1.2246467991473532e-16,-1.0,23,113,0,0,0,0,4,0.9307239310379795,-0.36572252349726897,0.9749279121818236,-0.22252093395631434,3692.6707871287126,3662.770618811881,3627.8870891089105,3472.2776109869046,3645.8914915362498,3833.6287234794904,3422.443997125519,3673.642638134781,3299.257425742574,,4042.143055162659,513.4465972115856,4022.996456152758,491.3543879439256,3970.7781695038857,473.2853586205039,3993.639888802071,482.14063289040945,4068.3515457040844,500.8261490053785,4027.583588422066,496.2919658679567,4013.4428445983076,499.00666822995646,4209.043180106386,772.897857438655,4041.931883496966,797.4955554710465,0.00952380952380949,34.88352970297001,0.06490740740740741,225.3765375279463,,,225.3765375279463,24.01151038006992,,2025-04-23
2025,4,2,3,17,0,3897.513168316831,3697.654148514851,3692.6707871287126,3493.5986138613857,4651.836712871286,3662.770618811881,4793.206806930692,3762.6127013201317,116.85379955155746,4045.3966031353134,560.2562555250438,3965.1163997524745,474.947331198083,199.85901980198014,-895.6936386138614,0.054050219889345996,-0.18686730506155957,0.8660254037844387,-0.49999999999999983,1.2246467991473532e-16,-1.0,24,114,0,0,0,0,4,0.9242907221930934,-0.3816892202666588,0.43388373911755823,-0.900968867902419,3697.654148514851,3860.793663366336,3824.074158415842,3655.536707122325,3827.6276588949218,4054.1330975954734,3590.727626956244,3844.88751836474,3519.207920792079,,4047.3886987270153,511.46880549359156,4028.242099717114,489.4557015621667,3978.8440515437023,469.7765689410123,3996.135799852854,481.4297681468572,4065.55476125268,501.34403518314235,4031.2357972477876,494.1626618107936,4014.02757404222,498.8377425233174,4211.144875925967,771.5246811862891,4041.3147095004692,795.8383518897913,0.009510869565217295,36.719504950494866,0.06619451002175603,241.9764611945061,,,241.9764611945061,52.62564995209095,,2025-04-24
2025,4,2,4,17,0,4097.896752475247,3897.513168316831,3697.654148514851,3692.6707871287126,3493.5986138613857,3860.793663366336,4607.773306930692,3897.68802310231,200.12135927208564,3921.8616971947195,412.46853982970674,3922.6266868811886,433.19981268995116,200.38358415841594,-509.87655445544533,0.0514131897711978,-0.11065573770491799,0.8660254037844387,-0.49999999999999983,1.2246467991473532e-16,-1.0,25,115,0,0,0,0,4,0.9175836260593937,-0.39754281428255595,-0.433883739117558,-0.9009688679024191,3897.513168316831,4059.341272277228,4020.785792079208,3645.8914915362498,4008.3485404024273,4276.5109158415835,3757.826756627276,4562.440793676142,3607.1881188118814,,4052.89662446959,511.8264472643224,4033.750025459689,489.79909083495517,3993.9108935750023,465.962724703249,3999.333950284026,481.81118695244425,4062.365222621138,500.5450683044976,4035.2842495793107,493.288003775469,4008.865973584432,495.49156727525013,4213.8710350018755,770.244586242619,4041.555484151426,794.1445994431188,0.009497964721845165,38.55548019801881,0.12397660818713452,452.00526093899725,,,452.00526093899725,-464.54404120089475,,2025-04-25
2025,4,2,5,17,1,4885.005569306931,4097.896752475247,3897.513168316831,3697.654148514851,3692.6707871287126,4059.341272277228,3460.5510594059406,4293.471830033003,521.9890024939139,3960.7231732673267,497.2670893365653,4041.3312293729373,486.90608220728933,787.1088168316837,1424.4545099009902,0.19207629288274464,0.41162649689252695,0.8660254037844387,-0.49999999999999983,1.2246467991473532e-16,-1.0,26,116,0,0,0,0,4,0.9106046300942163,-0.4132786077829042,-0.9749279121818236,-0.2225209339563146,4097.896752475247,4839.106188118812,4793.206806930692,3827.6276588949218,4759.152427339508,5114.502475247524,4458.797029702971,4365.7291600127755,3739.1584158415844,,4059.4536789250346,523.7328718087432,4040.307079915134,501.22928965465707,4029.1568239220696,492.2029264150495,4003.828705354291,489.68466634256924,4058.2670635864847,492.65143355354746,4040.3581607650717,499.8450873213914,4014.635711465478,502.66516282882856,4220.236852521127,771.0339448299214,4045.1294251902204,794.3528196608764,0.009485094850948617,45.89938118811915,0.27624889478337766,1057.377910412009,,,1057.377910412009,519.2764092941552,,2025-04-26
2025,4,2,6,17,1,4695.900118811881,4885.005569306931,4097.896752475247,3897.513168316831,3697.654148514851,4839.106188118812,3657.787257425742,4559.600813531354,410.8749175217499,4161.106757425742,513.3675278288014,4127.840634488449,504.4709909956975,-189.1054504950498,1038.1128613861388,-0.03871140939597317,0.28380897748458356,0.8660254037844387,-0.49999999999999983,1.2246467991473532e-16,-1.0,27,117,0,0,0,0,4,0.9033558023246845,-0.4288919379124835,-0.7818314824680299,0.6234898018587334,4885.005569306931,4651.836712871286,4607.773306930692,4008.3485404024273,4556.602900031938,4897.738946023634,4302.926478076379,3263.6363685723413,3651.1782178217823,,4065.748451202263,532.2351875047535,4046.601852192362,509.39103810595,4052.0752098690505,506.9858178850177,4008.8036060250024,496.1731141063731,4054.6627988148466,487.1052586485544,4045.036418392875,504.15262253423515,4030.5497531348055,501.2922597470222,4226.040863082183,770.6584024927312,4047.875293095797,793.794443729897,0.009472259810554995,44.06340594059475,0.17152988855116513,687.5515784094537,,,687.5515784094537,1432.2637502395396,,2025-04-27
2025,4,2,0,18,0,3526.6461683168313,4695.900118811881,4885.005569306931,4097.896752475247,3897.513168316831,4651.836712871286,3662.770618811881,4369.183952145215,735.7599171846522,4133.435987623762,547.0365700757087,4116.4969302805275,517.2480765367008,-1169.2539504950496,-136.1244504950496,-0.24899463806970512,-0.03716433941997854,0.8660254037844387,-0.49999999999999983,1.2246467991473532e-16,-1.0,28,118,0,0,0,0,4,0.895839290734909,-0.4443781781046132,0.0,1.0,4695.900118811881,3493.5986138613857,3460.5510594059406,4759.152427339508,3408.3146023634617,3664.1666368572337,3244.05585572843,3433.696748642606,3871.128712871287,,4070.469530410184,526.4290999793167,4051.3229314002824,503.81745223985786,4010.9916679016287,497.5625322053262,4013.0297333804806,491.34954610388814,4052.2070761623395,489.45072948465224,4048.400588780833,499.66623622490283,4031.5825244645193,500.1432273516318,4224.127071167992,771.9712989401501,4045.6852547563894,792.8382182313412,0.009459459459459474,33.047554455445606,-0.2589760000000001,-1232.5062590226767,,,-1232.5062590226767,92.94941967422528,,2025-04-28
2025,4,2,1,18,0,3727.5543168316826,3526.6461683168313,4695.900118811881,4885.005569306931,4097.896752475247,3493.5986138613857,3860.793663366336,3983.3668679867988,625.1949665371956,4138.4193490099005,542.3891888754005,4105.39365140264,524.6136328691491,200.9081485148513,-133.23934653465358,0.056968615201546946,-0.03451086956521743,0.8660254037844387,-0.49999999999999983,1.2246467991473532e-16,-1.0,29,119,0,0,0,0,5,0.8880573226294932,-0.45973273945210397,0.7818314824680298,0.6234898018587336,3526.6461683168313,3692.6707871287126,3657.787257425742,4556.602900031938,3588.0201980198012,3858.086234429894,3442.078900282885,3422.443997125519,4618.960396039603,,4075.452891796322,522.4064030799834,4056.3062927864207,499.95572434568237,3983.3567151282864,489.16607881006234,4018.0130947666194,487.5724418613736,4049.8761490623706,490.7012267280025,4051.799105644509,496.453118426109,4034.9726391279214,496.99205458603564,4219.174815172393,772.2834188198661,4044.35416296591,791.4384101501036,0.009446693657219951,34.88352970297001,-0.18194444444444435,-829.048583200255,,,-829.048583200255,305.1103197061634,,2025-04-29
2025,4,2,2,18,0,3732.5376782178214,3727.5543168316826,3526.6461683168313,4695.900118811881,4885.005569306931,3692.6707871287126,4059.341272277228,3662.2460544554456,117.45937728974934,4110.923433993398,560.9096454470819,4078.160018564356,535.5892937808591,4.983361386138768,-326.8035940594068,0.0013368983957220415,-0.0805065581184986,0.8660254037844387,-0.49999999999999983,1.2246467991473532e-16,-1.0,30,120,0,1,0,0,5,0.8800122039735357,-0.47495107206704995,0.9749279121818236,-0.22252093395631434,3727.5543168316826,3697.654148514851,3662.770618811881,3408.3146023634617,3593.00355940594,3848.441018843819,3459.876619519094,3590.727626956244,5234.821782178217,,4080.4362531824604,518.3524888074704,4061.28965417256,496.06393482148076,3994.1641509900987,479.50955061577025,4022.996456152758,483.76584797691976,4047.8064465511925,491.80947665712995,4055.0450706290176,493.41841260126625,4036.5483063641614,495.7911386990947,4210.828792372612,769.358070162573,4043.0549276127927,790.0373821399168,0.009433962264151052,34.88352970297046,0.09512709760699045,324.22307585435965,,,324.22307585435965,141.81005126157743,,2025-04-30
2025,5,2,3,18,0,3934.2326732673264,3732.5376782178214,3727.5543168316826,3526.6461683168313,4695.900118811881,3697.654148514851,4839.106188118812,3798.1082227722777,117.91356151699992,4083.646087458746,565.6295184073423,4002.7538923267325,479.47488407197324,201.694995049505,-904.8735148514852,0.05403696156278559,-0.1869918699186992,0.49999999999999994,-0.8660254037844387,1.2246467991473532e-16,-1.0,1,121,1,0,0,0,1,0.8717063187093218,-0.49002866642905923,0.43388373911755823,-0.900968867902419,3732.5376782178214,3897.513168316831,3860.793663366336,3588.0201980198012,3787.354653465346,4040.837687639731,3660.709830268742,3757.826756627276,3207.2524752475247,,4085.6818967468175,516.3748364456782,4066.535297736916,494.1653534998443,4005.704566831683,473.52661871704004,4028.2420997171143,481.90882660433084,4045.9027855802565,492.0432052668251,4058.3012949504296,491.6842002826584,4038.508372104606,495.0249676510046,4214.867571250501,765.9609776763001,4042.6033829889525,788.4209158253095,0.009421265141319024,36.71950495049532,0.09649122807017552,346.21247524752516,,,346.21247524752516,176.40591664005024,,2025-05-01
2025,5,2,4,18,0,4139.828058128393,3934.2326732673264,3732.5376782178214,3727.5543168316826,3526.6461683168313,3897.513168316831,4651.836712871286,3935.5328032045145,203.648302583951,3959.449835595656,416.68090939900503,3960.086504431491,437.3985655025598,205.59538486106703,-512.0086547428928,0.05225806451612902,-0.11006591295997192,0.49999999999999994,-0.8660254037844387,1.2246467991473532e-16,-1.0,2,122,0,0,0,0,1,0.8631421280499114,-0.5049610547215204,-0.433883739117558,-0.9009688679024191,3934.2326732673264,4097.896752475247,4059.341272277228,3593.00355940594,3982.2303118811874,4232.219070584478,3863.416485148515,4458.797029702971,2907.9089108910894,,4091.672083268695,516.783200519607,4072.2843538691423,494.54326305801254,4023.932050122431,467.5798311093855,4033.870590654514,482.2717255942077,4044.2529460721125,491.5617808231549,4061.591908914476,491.289000944509,4034.964272420444,493.1202832098066,4221.7115665129295,759.6959182860285,4043.0051378449007,786.8083099432257,0.010232396808879773,41.93130565314641,0.15219147147543155,546.8244987224534,,,546.8244987224534,-318.96897157457715,,2025-05-02
2025,5,2,5,18,1,4938.942630150112,4139.828058128393,3934.2326732673264,3732.5376782178214,3727.5543168316826,4097.896752475247,3493.5986138613857,4337.667787181945,530.7691995197536,3999.9569208186945,505.03803272687236,4080.5318391222186,492.76178784515145,799.1145720217182,1445.344016288726,0.19303086041283457,0.4137120991959702,0.49999999999999994,-0.8660254037844387,1.2246467991473532e-16,-1.0,3,123,0,0,0,0,1,0.854322169749827,-0.5197438121555155,-0.9749279121818236,-0.2225209339563146,4139.828058128393,4885.005569306931,4839.106188118812,3787.354653465346,4747.307425742573,5025.66496327052,4622.723391089109,4302.926478076379,3335.5425742574257,,4099.377377674864,530.7954748371675,4079.4155282999495,507.0137609079616,4062.3183160119233,494.0112517926174,4040.714705097641,493.9888352708792,4042.7043329806766,488.54105483173015,4065.356423665202,496.8208639257096,4042.0311185545966,501.489871515989,4230.619344601223,758.6467081820493,4046.6921234099427,787.2817131050384,0.011041350941762174,53.937060843180916,0.3040612992583327,1151.5879766847656,,,1151.5879766847656,636.0161520737329,,2025-05-03
2025,5,2,6,18,1,4751.537783455765,4938.942630150112,4139.828058128393,3934.2326732673264,3732.5376782178214,4885.005569306931,3692.6707871287126,4610.102823911424,417.9101705394841,4204.105523341849,522.7060140611728,4168.770755482806,511.44496553796256,-187.40484669434682,1058.8669963270522,-0.03794432548179871,0.286748279867751,0.49999999999999994,-0.8660254037844387,1.2246467991473532e-16,-1.0,4,124,0,0,0,0,1,0.8452490573530633,-0.5343725582809787,-0.7818314824680299,0.6234898018587334,4938.942630150112,4695.900118811881,4651.836712871286,3982.2303118811874,4563.7099009900985,4812.45493452571,4460.295785007072,3244.05585572843,3078.9623762376236,,4107.325615481133,541.5247931275167,4086.537033341698,516.2878364159127,4087.9618983977425,509.4367402237474,4047.422843757129,502.55494158357067,4041.6165267115707,486.86086364045485,4068.8235903134005,500.61201764993916,4058.7809177515674,499.70981790246447,4239.911430196879,754.6948945683056,4049.580835131442,786.9548417810727,0.011848136296808809,55.63766464388391,0.1931850775379087,769.3074715745774,,,769.3074715745774,1507.481927727335,,2025-05-04
2025,5,2,0,19,0,3571.267981475567,4751.537783455765,4938.942630150112,4139.828058128393,3934.2326732673264,4695.900118811881,3697.654148514851,4420.582798360481,741.4727828965292,4178.057800782498,554.1514746970336,4158.238574896199,523.1949980791835,-1180.2698019801978,-126.38616703928392,-0.2483974358974359,-0.034180094179453335,0.49999999999999994,-0.8660254037844387,1.2246467991473532e-16,-1.0,5,125,0,0,0,0,1,0.835925479418637,-0.548842958284719,0.0,1.0,4751.537783455765,3526.6461683168313,3493.5986138613857,4747.307425742573,3427.5035049504945,3600.203628233791,3362.0828359264497,3442.078900282885,3207.2524752475247,,4113.700160218095,533.7570190488021,4092.0848453141393,509.80282929707886,4048.760583588843,502.1464878751976,4052.5572893473104,496.68698641271806,4041.0998187337455,487.35296124236606,4071.313889665176,497.5649949701704,4060.2163519870414,498.10137646325757,4241.933738564812,752.3964993448873,4047.6285377695813,785.9348736906866,0.01265276158397044,44.62181315873568,-0.2477276777757974,-1176.0394442670063,,,-1176.0394442670063,129.1890811926819,,2025-05-05
2025,5,2,1,19,0,3777.7094378792713,3571.267981475567,4751.537783455765,4938.942630150112,4139.828058128393,3526.6461683168313,3897.513168316831,4033.5050676035353,630.3433623876164,4185.586427392739,547.1507717808531,4148.25493069307,529.7247720047063,206.44145640370425,-119.8037304375598,0.05780620705993833,-0.030738505622367907,0.49999999999999994,-0.8660254037844387,1.2246467991473532e-16,-1.0,6,126,0,0,0,0,1,0.8263541987239096,-0.5631507242749186,0.7818314824680298,0.6234898018587336,3571.267981475567,3727.5543168316826,3692.6707871287126,4563.7099009900985,3622.9037277227712,3790.56972532737,3566.6629349363507,3459.876619519094,3421.069306930693,,4120.865177510607,528.0153285538098,4098.159034653466,505.16332377443524,4022.560568151815,494.8034950643125,4058.086064710042,492.57179432266736,4040.8701707436007,487.4761755936753,4073.8263480335436,495.51467040492486,4063.747827746599,494.91371706437127,4243.9150726256385,750.690435538169,4046.5313056562063,784.5180629631367,0.01345523546662064,50.155121047588636,-0.1722284019280682,-786.0004631108272,,,-786.0004631108272,317.83281836017704,,2025-05-06
2025,5,2,2,19,0,3785.7471175343335,3777.7094378792713,3571.267981475567,4751.537783455765,4938.942630150112,3727.5543168316826,4097.896752475247,3711.5748456297247,121.57575074888065,4160.838834770574,563.8950149191725,4122.242461114659,539.9871934874279,8.03767965506222,-312.14963494091353,0.0021276595744681437,-0.07617313314503749,0.49999999999999994,-0.8660254037844387,1.2246467991473532e-16,-1.0,7,127,0,0,0,0,1,0.8165380514459161,-0.5772916165517272,0.9749279121818236,-0.22252093395631434,3777.7094378792713,3732.5376782178214,3697.654148514851,3427.5035049504945,3627.8870891089105,3780.924509741296,3584.46065417256,3660.709830268742,3506.5960396039604,,4128.466525984395,521.8400979629135,4104.451389583428,500.31624751351757,4034.50202190461,484.15565377916505,4063.723922868093,488.3508002288484,4040.9562887399047,487.42984218189224,4076.222615454517,493.602639772507,4065.1371309384385,493.9441619478379,4245.465911947474,749.4460258429366,4045.4754992265625,783.097710312109,0.014255566561867328,53.20943931651209,0.1045202760745283,358.24361258383897,,,358.24361258383897,125.03728726559166,,2025-05-07
2025,5,2,3,19,0,3993.457681251996,3785.7471175343335,3777.7094378792713,3571.267981475567,4751.537783455765,3732.5376782178214,4885.005569306931,3852.304745555201,122.30807215976776,4136.443771957841,568.1359384044895,4047.946803776748,483.9222030214616,207.71056371766235,-891.5478880549349,0.054866465526874686,-0.18250703615501196,0.49999999999999994,-0.8660254037844387,1.2246467991473532e-16,-1.0,8,128,0,0,0,0,2,0.8064799463209448,-0.5912614448635781,0.43388373911755823,-0.900968867902419,3785.7471175343335,3934.2326732673264,3897.513168316831,3622.9037277227712,3824.074158415842,3969.767678058128,3791.850919377652,3863.416485148515,3634.8861386138615,,4136.927241410776,518.6363593963881,4111.304569078797,497.91497333592827,4046.853820355584,477.9802582087068,4069.7733343979558,486.31708428970364,4041.379324511224,487.3772122367989,4078.622695953022,492.69256375563725,4066.5820331173672,493.5374848149114,4247.45797607324,748.2896664610386,4045.2657499605366,781.517865032438,0.01505376344086029,59.225007984669446,0.10228092750401108,370.5539535292246,,,370.5539535292246,130.04119610348062,,2025-05-08
2025,5,2,4,19,0,4202.014316512296,3993.457681251996,3785.7471175343335,3777.7094378792713,3571.267981475567,3934.2326732673264,4695.900118811881,3993.7397050995423,208.13374279375373,4013.6223863515384,420.3990354112416,4006.7896535851164,443.0836215168475,208.55663526030048,-493.8858022995846,0.052224576271186596,-0.10517383032085093,0.49999999999999994,-0.8660254037844387,1.2246467991473532e-16,-1.0,9,129,0,0,0,0,2,0.7961828637826158,-0.6050560696488488,-0.433883739117558,-0.9009688679024191,3993.457681251996,4139.828058128393,4097.896752475247,3627.8870891089105,4020.785792079208,4157.595560523794,4001.114628712871,4622.723391089109,3549.359405940594,,4145.810992608477,519.2265891188355,4118.741537938587,498.4765512878222,4065.991394602363,472.0842613681977,4076.2457816991373,486.84666308805555,4042.172516582447,487.6058810884322,4081.0143589030145,492.79938469031237,4061.907487844291,490.19183613937037,4251.083836687528,746.4671210386985,4045.8952622760053,780.0038881703218,0.015021459227467782,62.186258383902896,0.15825388533368168,574.1272274033859,,,574.1272274033859,-420.7090745768128,,2025-05-09
2025,5,2,5,19,1,5012.973890130948,4202.014316512296,3993.457681251996,3785.7471175343335,3777.7094378792713,4139.828058128393,3526.6461683168313,4402.815295965081,538.6038433335075,4057.1950707974015,515.0669018132065,4130.6502970696265,500.665511239909,810.959573618652,1486.327721814117,0.19299305345816964,0.42145643505923336,0.49999999999999994,-0.8660254037844387,1.2246467991473532e-16,-1.0,10,130,0,0,0,0,2,0.7856498550787145,-0.6186714032625031,-0.9749279121818236,-0.2225209339563146,4202.014316512296,4938.942630150112,4885.005569306931,3824.074158415842,4793.206806930692,4936.827451293516,4786.649752475247,4460.295785007072,3763.176237623762,,4156.386886891453,538.4713323657971,4127.882132283159,514.523421446295,4105.621385659533,500.14407431337963,4084.094606099146,500.4158531735281,4043.5322744188297,490.2451437602012,4083.708693875106,497.3019960868258,4068.0483556790005,498.6279530649349,4258.027156979235,747.7149586201792,4049.7635767874253,780.8352143679082,0.01498929336188426,74.0312599808367,0.31089871233240385,1188.8997317151066,,,1188.8997317151066,552.6781051238768,,2025-05-10
2025,5,2,6,19,1,4822.607793037368,5012.973890130948,4202.014316512296,3993.457681251996,3785.7471175343335,4938.942630150112,3727.5543168316826,4679.198666560204,424.07368543525195,4265.751706057702,532.0198953574356,4221.9047534201,519.940188246549,-190.36609709358072,1095.053476205685,-0.03797468354430389,0.2937726410212178,0.49999999999999994,-0.8660254037844387,1.2246467991473532e-16,-1.0,11,131,0,0,0,0,2,0.7748840413670407,-0.6321034111873487,-0.7818314824680299,0.6234898018587334,5012.973890130948,4751.537783455765,4695.900118811881,4020.785792079208,4607.773306930692,4727.170923027786,4617.665091937765,3362.0828359264497,4490.153465346534,,4166.539745403111,552.0616506984909,4136.932680442123,526.2639804538696,4132.348785691472,516.6076537708907,4091.767266317242,510.29209857585073,4045.23650424043,492.8239731736093,4086.1484879358154,500.4459731154135,4084.276410758011,499.1602669427355,4259.8741254664055,748.7015041011396,4052.842637409935,780.7973179145654,0.014957264957264904,71.07000958160279,0.19941922858405392,801.8220009581596,,,801.8220009581596,1460.524957110918,,2025-05-11
2025,5,2,0,20,0,3624.5704886617696,4822.607793037368,5012.973890130948,4202.014316512296,3993.457681251996,4751.537783455765,3732.5376782178214,4486.717390610029,752.683713876482,4240.228547854785,562.8934808052693,4212.907487623762,530.0147916420523,-1198.037304375598,-107.96718955605184,-0.24842105263157876,-0.0289259476698982,0.49999999999999994,-0.8660254037844387,1.2246467991473532e-16,-1.0,12,132,0,0,0,0,2,0.7638886127905428,-0.6453481132295501,0.0,1.0,4822.607793037368,3571.267981475567,3526.6461683168313,4793.206806930692,3460.5510594059406,3536.2406196103475,3480.1098161244695,3566.6629349363507,5088.840594059406,,4174.154389286855,542.772008573378,4143.927274752475,518.1163776597914,4093.394241749175,509.0627747344863,4097.625103076379,503.6762933341286,4046.8138233306336,491.30428510811925,4087.8682578469734,498.5829946885008,4084.9198280216265,498.52248078117077,4251.73929154753,747.5982750454547,4051.143144756172,779.7072749923307,0.014925373134328401,53.30250718620255,-0.24381095273818443,-1168.6363182689229,,,-1168.6363182689229,57.90755372541889,,2025-05-12
2025,5,2,1,20,0,3833.9731954647073,3624.5704886617696,4822.607793037368,5012.973890130948,4202.014316512296,3571.267981475567,3934.2326732673264,4093.7171590546154,639.8621262701366,4248.266227509847,555.400354472231,4204.55253114021,535.5682076072811,209.4027068029377,-100.25947780261913,0.057773109243697274,-0.02548387096774196,0.49999999999999994,-0.8660254037844387,1.2246467991473532e-16,-1.0,13,133,0,0,0,0,2,0.7526668275320084,-0.6584015846980488,0.7818314824680298,0.6234898018587336,3624.5704886617696,3777.7094378792713,3727.5543168316826,4607.773306930692,3657.787257425742,3723.0532162248473,3691.246969589816,3584.46065417256,4021.6336633663364,,4182.192068941918,536.3007761226768,4151.528623226262,512.285656084548,4067.6009047003085,501.65096120522554,4103.917458006342,499.057303993449,4048.7945372456306,490.19764163444654,4089.5673795835805,497.4569904803239,4087.69218959154,496.39733734829235,4250.696733392521,748.0516728345902,4050.284765509961,778.2784687412416,0.014893617021276562,56.263757585436,-0.16793363299841346,-773.8001114659851,,,-773.8001114659851,249.51254129214703,,2025-05-13
2025,5,2,2,20,0,3842.01087511977,3833.9731954647073,3624.5704886617696,4822.607793037368,5012.973890130948,3777.7094378792713,4139.828058128393,3766.851519748749,123.28450806550521,4223.025093154476,572.4755183687196,4179.734432556158,545.6457636875517,8.037679655062675,-297.8171830086235,0.002096436058700357,-0.07193950541590033,0.49999999999999994,-0.8660254037844387,1.2246467991473532e-16,-1.0,14,134,0,0,0,0,2,0.741222010848596,-0.6712599575675313,0.9749279121818236,-0.22252093395631434,3833.9731954647073,3785.7471175343335,3732.5376782178214,3460.5510594059406,3662.770618811881,3713.4080006387726,3709.044688826025,3791.850919377652,3646.281188118812,,4190.229748596979,529.7504994323194,4159.348137290687,506.19755278415545,4080.3162318907694,490.4427232850032,4110.318895731623,494.31615056516137,4051.0910171470773,488.89736890247696,4091.150310372792,496.4420784327147,4088.2495224331187,496.08951106714153,4251.784120542527,747.3100617477966,4049.464789563543,776.848772068821,0.014861995753715718,56.26375758543645,0.11023094564000258,381.45981571382936,,,381.45981571382936,50.159955742117745,,2025-05-14
2025,5,2,3,20,0,4052.6826892366657,3842.01087511977,3833.9731954647073,3624.5704886617696,4822.607793037368,3785.7471175343335,4938.942630150112,3909.555586607048,124.01684040456686,4198.1364886085385,576.8014427300955,4105.879437480037,490.76124803913507,210.6718141168958,-886.2599409134459,0.054833737062321086,-0.17944325481798706,0.49999999999999994,-0.8660254037844387,1.2246467991473532e-16,-1.0,15,135,0,0,0,0,3,0.7295575540864875,-0.6839194216246106,0.43388373911755823,-0.900968867902419,3842.01087511977,3993.457681251996,3934.2326732673264,3657.787257425742,3860.793663366336,3898.697668476525,3922.9920084865626,4001.114628712871,4182.49900990099,,4198.690464023361,526.5473088915371,4167.8088527170685,503.1260650686808,4093.479412951134,483.96789143358393,4117.172075226992,492.0536093923401,4053.8407496606515,488.4575060268783,4092.6942470483878,496.1143657013671,4088.822500883383,496.0175154201323,4251.0629187610575,747.4399290574714,4049.477408777947,775.3180602723917,0.014830508474576343,59.2250079846699,0.10796019670341384,394.8954318109236,,,394.8954318109236,51.568060523794884,,2025-05-15
2025,5,2,4,20,0,4264.200574896199,4052.6826892366657,3842.01087511977,3833.9731954647073,3624.5704886617696,3993.457681251996,4751.537783455765,4052.9647130842127,211.09499118269707,4073.340936069413,426.7224893659953,4065.2680034334076,451.03034046976296,211.51788565953348,-487.3372085595656,0.05219206680584554,-0.10256410256410253,0.49999999999999994,-0.8660254037844387,1.2246467991473532e-16,-1.0,16,136,0,0,0,0,3,0.717676913675962,-0.6963762255968722,-0.433883739117558,-0.9009688679024191,4052.6826892366657,4202.014316512296,4139.828058128393,3662.770618811881,4059.341272277228,4082.9720504631105,4138.812772277228,4786.649752475247,3860.768316831683,,4207.5742152210605,527.136998383615,4176.692603914769,503.691712055444,4113.527078153944,477.9302020027711,4124.488478891955,492.684502628785,4057.076973311242,489.2537278720733,4094.1869589843277,496.4433239620716,4083.0175100213933,490.78854472995897,4253.304209083639,746.8676960765682,4050.316171145597,773.9127020760357,0.014799154334038,62.186258383902896,0.16420082464225083,601.4299560843183,,,601.4299560843183,-522.4491775790475,,2025-05-16
2025,5,2,5,20,1,5087.005150111785,4264.200574896199,4052.6826892366657,3842.01087511977,3833.9731954647073,4202.014316512296,3571.267981475567,4467.962804748217,546.4384896796599,4117.407162248483,522.4794229048779,4191.579434153093,508.66741171146555,822.8045752155858,1515.737168636218,0.19295634920634908,0.4244254915896706,0.49999999999999994,-0.8660254037844387,1.2246467991473532e-16,-1.0,17,137,0,0,0,0,3,0.705583610107178,-0.7086266782644596,-0.9749279121818236,-0.2225209339563146,4264.200574896199,5012.973890130948,4938.942630150112,3860.793663366336,4839.106188118812,4847.9899393165115,4950.576113861385,4617.665091937765,4021.6336633663364,,4218.150109504038,546.3801601613952,4187.268498197745,522.1440536585668,4154.400794378792,507.11376057930164,4133.342013248847,507.99138249412505,4061.3451020754437,497.25601865539505,4095.811114177785,499.4926320760446,4088.2323995566603,498.95877877794914,4259.222939565558,749.2391410451982,4054.3499804022745,775.1019695879666,0.014767932489451407,74.0312599808367,0.3176060659186537,1226.2114867454488,,,1226.2114867454488,469.34005817401976,,2025-05-17
2025,5,2,6,20,1,4893.677802618971,5087.005150111785,4264.200574896199,4052.6826892366657,3842.01087511977,5012.973890130948,3777.7094378792713,4748.294509208986,430.2372238091055,4328.9250479080165,539.665259460154,4284.576797881401,527.7774601935101,-193.32734749281371,1115.9683647397,-0.03800415800415802,0.29540873460246364,0.49999999999999994,-0.8660254037844387,1.2246467991473532e-16,-1.0,18,138,0,0,0,0,3,0.6932812268869777,-0.7206671495538609,-0.7818314824680299,0.6234898018587334,5087.005150111785,4822.607793037368,4751.537783455765,4059.341272277228,4651.836712871286,4641.886911529861,4775.034398868457,3480.1098161244695,4289.742574257426,,4228.302968015696,559.9753991231745,4197.421356709404,535.1792307691724,4182.21201205685,524.3076514008192,4141.97919502555,519.0688436532536,4065.841367987749,503.6974553325121,4097.223535651005,501.5997208440903,4103.93871051771,501.8410496632872,4262.578135278677,750.7273500979585,4057.6031890155173,775.3553343279252,0.01473684210526316,71.0700095816037,0.2055349561367854,834.3365303417431,,,834.3365303417431,1413.5679864945018,,2025-05-18
2025,5,2,0,21,0,3677.872995847972,4893.677802618971,5087.005150111785,4264.200574896199,4052.6826892366657,4822.607793037368,3785.7471175343335,4552.851982859577,763.8946502012147,4302.908347971894,571.143272313018,4275.58728774087,537.8685409066295,-1215.8048067709992,-107.87412168636138,-0.24844398340248952,-0.028494803888702402,0.49999999999999994,-0.8660254037844387,1.2246467991473532e-16,-1.0,19,139,0,0,0,0,3,0.6807734094770161,-0.7324940716135789,0.0,1.0,4893.677802618971,3624.5704886617696,3571.267981475567,4839.106188118812,3493.5986138613857,3472.2776109869046,3598.136796322489,3691.246969589816,4396.986138613862,,4235.917611899438,550.6827661734022,4205.036000593146,526.2691040452219,4143.504238981156,516.9524763069875,4148.560422953643,511.6589204830336,4069.512714145982,500.0283386568135,4098.172776121547,500.71853008745467,4103.7901108094675,501.9665888780128,4258.583062263311,751.9205572798153,4056.137049273558,774.2108839795125,0.014705882352941124,53.30250718620255,-0.23996852871754515,-1161.2331922708395,,,-1161.2331922708395,-13.373973741844111,,2025-05-19
2025,5,2,1,21,0,3890.236953050144,3677.872995847972,4893.677802618971,5087.005150111785,4264.200574896199,3624.5704886617696,3993.457681251996,4153.9292505056965,649.3808996612935,4310.9460276269565,563.6500264316281,4266.985560390716,543.5855815613334,212.36395720217206,-103.22072820185167,0.057740970784449175,-0.025847457627118486,0.49999999999999994,-0.8660254037844387,1.2246467991473532e-16,-1.0,20,140,0,0,0,0,3,0.6680638642135335,-0.7441039398713607,0.7818314824680298,0.6234898018587336,3677.872995847972,3833.9731954647073,3777.7094378792713,4651.836712871286,3692.6707871287126,3655.536707122325,3815.831004243281,3709.044688826025,4557.851485148515,,4243.955291554501,544.2108396112216,4213.073680248209,520.0632503956456,4118.117580320451,509.7789906863564,4155.616357450837,506.47520562657877,4073.7037899661223,497.4724969628274,4099.05856122639,500.278661764994,4105.803358189736,500.72741281773307,4254.874092640543,752.0826613591529,4055.498971980391,772.7833167307618,0.014675052410901612,56.263757585436906,-0.16372022640301453,-761.599759821142,,,-761.599759821142,181.1922642241193,,2025-05-20
2025,5,2,2,21,0,3898.274632705206,3890.236953050144,3677.872995847972,4893.677802618971,5087.005150111785,3833.9731954647073,4202.014316512296,3822.128193867775,124.99329058141592,4285.21135153838,581.056081353898,4241.673920073458,553.860539168817,8.037679655061766,-303.7396838070904,0.0020661157024792765,-0.07228430484244441,0.49999999999999994,-0.8660254037844387,1.2246467991473532e-16,-1.0,21,141,0,0,0,0,3,0.6551563572090853,-0.7554933140726803,0.9749279121818236,-0.22252093395631434,3890.236953050144,3842.01087511977,3785.7471175343335,3493.5986138613857,3697.654148514851,3645.8914915362498,3833.6287234794904,3922.9920084865626,4450.607920792079,,4251.992971209564,537.6610148972226,4221.1113599032715,513.7824432107496,4131.6067809485785,497.8994562383985,4162.781374743349,501.14759210399893,4078.2106317727107,494.66156039956326,4099.82815538384,499.91501455716116,4105.5287206810535,500.8355740328663,4251.805574373393,752.4062984112412,4054.896579875888,771.3571579417313,0.014644351464435212,56.263757585436,0.11583357551099493,404.6760188438202,,,404.6760188438202,-24.717375781356623,,2025-05-21
2025,5,2,3,21,0,4111.907697221335,3898.274632705206,3890.236953050144,3677.872995847972,4893.677802618971,3842.01087511977,5012.973890130948,3966.8064276588957,125.72563340481351,4259.829205259236,585.4669985845245,4166.585070664324,498.0554980437482,213.63306451612925,-901.0661929096132,0.05480195333695059,-0.17974683544303793,0.49999999999999994,-0.8660254037844387,1.2246467991473532e-16,-1.0,22,142,0,0,0,0,4,0.6420547132365637,-0.766658819300159,0.43388373911755823,-0.900968867902419,3898.274632705206,4052.6826892366657,3993.457681251996,3692.6707871287126,3897.513168316831,3827.6276588949218,4054.1330975954734,4138.812772277228,4718.716831683168,,4260.453686635944,534.4583568422997,4229.572075329653,510.7112880794648,4145.581344618333,490.99044100142913,4170.438322204225,498.575743605364,4083.287061028539,493.5005535955514,4100.515948236529,499.8911320969607,4105.229775402655,500.8235133695933,4248.434412515272,751.6616498724785,4055.1141795604126,769.8861009205664,0.014613778705636848,59.225007984669446,0.11353216527016907,419.23691009262257,,,419.23691009262257,-26.905075055892667,,2025-05-22
2025,5,2,4,21,0,4326.386833280102,4111.907697221335,3898.274632705206,3890.236953050144,3677.872995847972,4052.6826892366657,4822.607793037368,4112.189721068881,214.05623962725943,4133.059485787288,433.04607967581086,4125.233324017886,457.59283788344766,214.47913605876693,-496.2209597572655,0.05216049382716048,-0.10289473684210515,0.49999999999999994,-0.8660254037844387,1.2246467991473532e-16,-1.0,23,143,0,0,0,0,4,0.6287628145958344,-0.777597146973627,-0.433883739117558,-0.9009688679024191,4111.907697221335,4264.200574896199,4202.014316512296,3697.654148514851,4097.896752475247,4008.3485404024273,4276.5109158415835,4950.576113861385,5630.287128712871,,4269.337437833646,535.0475219702129,4238.455826527354,511.2764591478853,4166.539100777174,484.5884071831672,4178.59868223297,499.2139356012795,4088.966316258498,494.45156576312536,4101.109709158415,500.1322567430861,4098.294338951751,493.2502160869979,4241.19052198509,744.5191225347776,4056.1456345175216,768.5974930016794,0.014583333333333393,62.186258383902896,0.17003555754877175,628.7326847652512,,,628.7326847652512,-624.1892805812831,,2025-05-23
2025,5,2,5,21,1,5161.036410092622,4326.386833280102,4111.907697221335,3898.274632705206,3890.236953050144,4264.200574896199,3624.5704886617696,4533.110313531353,554.2731384508245,4177.619253699563,529.8919571231398,4253.27215080379,515.9986542039443,834.6495768125196,1536.4659214308522,0.19292070010755835,0.4239028944911296,0.49999999999999994,-0.8660254037844387,1.2246467991473532e-16,-1.0,24,144,0,0,0,0,4,0.6152845999633276,-0.7883050558305255,-0.9749279121818236,-0.2225209339563146,4326.386833280102,5087.005150111785,5012.973890130948,3897.513168316831,4885.005569306931,4759.152427339508,5114.502475247524,4775.034398868457,6380.99207920792,,4279.913332116622,554.2891434448793,4249.03172081033,529.728365702604,4208.6565421697005,514.392356177762,4188.456926546744,516.1196015571178,4096.142815950518,507.10999418339406,4101.663684573238,501.29269875925576,4102.583250187576,500.8208106219697,4234.412990490005,730.3491130820656,4060.3308268492456,770.1429211162232,0.01455301455301461,74.0312599808367,0.32418703599183796,1263.5232417757907,,,1263.5232417757907,386.00201122416456,,2025-05-24
2025,5,2,6,21,1,4964.747812200575,5161.036410092622,4326.386833280102,4111.907697221335,3898.274632705206,5087.005150111785,3833.9731954647073,4817.390351857767,436.40078466626125,4392.098389758331,547.3106389726162,4347.503368865113,535.3531082690619,-196.2885978920467,1130.7746167358678,-0.038032786885245806,0.2949354518371403,0.49999999999999994,-0.8660254037844387,1.2246467991473532e-16,-1.0,25,145,0,0,0,0,4,0.6016240632249226,-0.7987793728863649,-0.7818314824680299,0.6234898018587334,5161.036410092622,4893.677802618971,4822.607793037368,4097.896752475247,4695.900118811881,4556.602900031938,4897.738946023634,3598.136796322489,5047.574257425742,,4290.066190628279,567.8891622130549,4259.184579321988,542.768878701501,4237.5515774938785,532.0015547145211,4198.058629882054,528.2673465272906,4103.431117953529,516.6906320408924,4102.461409170583,502.6263268732175,4117.767817030666,506.04461119446364,4233.952843572088,729.8598573017767,4063.74372113359,770.688089559052,0.014522821576763656,71.0700095816037,0.21153560279470818,866.851059725328,,,866.851059725328,1366.6110158780862,,2025-05-25
2025,5,2,0,22,0,3731.175503034174,4964.747812200575,5161.036410092622,4326.386833280102,4111.907697221335,4893.677802618971,3842.01087511977,4618.986575109124,775.1055916388113,4365.588148089003,579.393144716756,4338.26708785798,545.7227173200961,-1233.5723091664008,-110.83537208559574,-0.24846625766871167,-0.028848271305879747,0.49999999999999994,-0.8660254037844387,1.2246467991473532e-16,-1.0,26,146,0,0,0,0,4,0.5877852522924732,-0.8090169943749473,0.0,1.0,4964.747812200575,3677.872995847972,3624.5704886617696,4885.005569306931,3526.6461683168313,3408.3146023634617,3664.1666368572337,3815.831004243281,4576.467326732673,,4297.680834512023,558.5936234103212,4266.799223205731,533.8554619490363,4199.090575284787,525.2449861529014,4205.3632489791025,519.9887344112469,4109.196491179791,510.5582037363224,4103.259133767927,501.9750760951499,4116.827200350564,506.69041107532337,4229.256777884873,730.3629539266576,4062.4934646745705,769.5028056898523,0.014492753623188248,53.30250718620209,-0.23619831132279723,-1153.8300662727565,,,-1153.8300662727565,-84.65550120910666,,2025-05-26
2025,5,2,1,22,0,3946.50071063558,3731.175503034174,4964.747812200575,5161.036410092622,4326.386833280102,3677.872995847972,4052.6826892366657,4214.141341956777,658.8996821489899,4373.625827744065,571.8997837959632,4329.418589641223,551.6033671142276,215.32520760140596,-106.18197860108558,0.057709750566893536,-0.02620041753653435,0.49999999999999994,-0.8660254037844387,1.2246467991473532e-16,-1.0,27,147,0,0,0,0,4,0.5737722679043246,-0.8190148866680801,0.7818314824680298,0.6234898018587336,3731.175503034174,3890.236953050144,3833.9731954647073,4695.900118811881,3727.5543168316826,3588.0201980198012,3858.086234429894,3833.6287234794904,5249.477227722772,,4305.718514167084,552.1210237942283,4274.836902860793,527.6486164712198,4174.110595012243,518.5805727851645,4213.182763043527,514.1508659342936,4115.597928905073,506.13298225435807,4104.31168705609,501.54731046197514,4118.0813335411885,506.1209446814502,4222.018019456611,726.6424172461997,4062.0590348841615,768.0878132531478,0.01446280991735538,56.263757585436,-0.15958589178125615,-749.3994081763008,,,-749.3994081763008,112.87198715608974,,2025-05-27
2025,5,2,2,22,0,3954.5383902906424,3946.50071063558,3731.175503034174,4964.747812200575,5161.036410092622,3890.236953050144,4264.200574896199,3877.404867986799,126.7020972770585,4347.397609922283,589.6367012755686,4303.6134075907585,562.0756909640004,8.03767965506222,-309.66218460555683,0.0020366598778003286,-0.07261904761904747,0.49999999999999994,-0.8660254037844387,1.2246467991473532e-16,-1.0,28,148,0,0,0,0,4,0.5595892624101765,-0.8287700871745037,0.9749279121818236,-0.22252093395631434,3946.50071063558,3898.274632705206,3842.01087511977,3526.6461683168313,3732.5376782178214,3593.00355940594,3848.441018843819,4054.1330975954734,4845.671287128713,,4313.756193822147,545.5716393989902,4282.874582515856,521.3678841999821,4188.373669078037,505.8876532778994,4221.1113599032715,508.14102406960143,4122.053908028014,501.63159251566395,4105.574751001886,501.02850504765814,4116.974725682246,506.37115282235857,4217.067281140844,725.404288905454,4061.6578384491113,766.6762301740347,0.01443298969072182,56.26375758543645,0.12133120294799293,427.89222197381105,,,427.89222197381105,-99.59470730483099,,2025-05-28
2025,5,2,3,22,0,4171.132705206005,3954.5383902906424,3946.50071063558,3731.175503034174,4964.747812200575,3898.274632705206,5087.005150111785,4024.0572687107433,127.43445016466202,4321.521921909934,594.1326037130984,4227.290703848611,505.35015395046327,216.5943149153627,-915.87244490578,0.0547710740265297,-0.18004158004157989,0.49999999999999994,-0.8660254037844387,1.2246467991473532e-16,-1.0,29,149,0,0,0,0,5,0.545240438540651,-0.8382797052177743,0.43388373911755823,-0.900968867902419,3954.5383902906424,4111.907697221335,4052.6826892366657,3727.5543168316826,3934.2326732673264,3787.354653465346,4040.837687639731,4276.5109158415835,5047.574257425742,,4322.216909248529,542.3694989404299,4291.335297942237,518.2970551804217,4203.15961535718,498.381216216337,4229.572075329653,505.15092173022674,4128.907087523384,499.59327168101515,4107.125882163389,501.02736105407075,4115.803856675183,506.1198858648888,4212.19816140629,722.735098676022,4062.0648082140074,765.273637004686,0.01440329218107017,59.2250079846699,0.11899984565519395,443.57838837432246,,,443.57838837432246,-105.3782106355784,,2025-05-29
2025,5,2,4,22,0,4388.573091664006,4171.132705206005,3954.5383902906424,3946.50071063558,3731.175503034174,4111.907697221335,4893.677802618971,4171.414729053552,217.01748812516698,4192.778035505165,439.36980045325276,4185.198644602363,464.15572473706646,217.44038645800083,-505.1047109549654,0.05212981744421907,-0.10321576763485452,0.49999999999999994,-0.8660254037844387,1.2246467991473532e-16,-1.0,30,150,0,0,0,0,5,0.5307300481619334,-0.8475409228928311,-0.433883739117558,-0.9009688679024191,4171.132705206005,4326.386833280102,4264.200574896199,3732.5376782178214,4139.828058128393,3982.2303118811874,4232.219070584478,5114.502475247524,5384.079207920792,,4331.100660446229,542.9581548818605,4300.219049139937,518.8617636527804,4225.027462472053,491.3625787821952,4238.455826527354,505.70115593780906,4136.163208590934,500.37445843143354,4108.987239557193,501.7875488473359,4107.737974635367,495.7023393634225,4206.66757187153,717.5074612142373,4063.2740981527104,764.1082831662317,0.0143737166324438,62.186258383903805,0.1757612300271334,656.0354134461845,,,656.0354134461845,-725.9293835835178,,2025-05-30
2025,5,2,5,22,1,5235.067670073459,4388.573091664006,4171.132705206005,3954.5383902906424,3946.50071063558,4326.386833280102,3677.872995847972,4598.257822314491,562.1077895456037,4237.831345150645,537.3045039247172,4314.964867454488,523.3302703497695,846.4945784094534,1557.1946742254872,0.19288606130711372,0.4233954451345756,0.49999999999999994,-0.8660254037844387,1.2246467991473532e-16,-1.0,31,151,0,1,0,0,5,0.5160623910158528,-0.8565509959010036,-0.9749279121818236,-0.2225209339563146,4388.573091664006,5161.036410092622,5087.005150111785,3934.2326732673264,4938.942630150112,4747.307425742573,5025.66496327052,4897.738946023634,5518.681188118812,,4341.676554729206,562.198275654057,4310.794943422914,537.3132282993998,4268.388629032258,521.3011645136785,4249.031720810331,523.6704651423361,4144.873212953985,515.230721367222,4111.480128923895,506.89069703949497,4111.486071569253,502.9648991477483,4205.091941215723,714.9169403151341,4067.5980596727136,766.006402606821,0.014344262295082233,74.0312599808376,0.33064516129032273,1300.834996806133,,,1300.834996806133,337.3287240498257,,2025-05-31
2025,6,2,6,22,1,5035.817821782179,5235.067670073459,4388.573091664006,4171.132705206005,3954.5383902906424,5161.036410092622,3890.236953050144,4886.486194506549,442.5643670673519,4455.271731608645,554.9560332579427,4410.429939848824,542.9291357098947,-199.2498482912806,1145.5808687320346,-0.03806060606060602,0.2944758590691605,1.2246467991473532e-16,-1.0,1.2246467991473532e-16,-1.0,1,152,1,0,0,0,1,0.5012418134457758,-0.865307254363206,-0.7818314824680299,0.6234898018587334,5235.067670073459,4964.747812200575,4893.677802618971,4139.828058128393,4751.537783455765,4563.7099009900985,4812.45493452571,3664.1666368572337,5720.584158415842,,4351.829413240864,575.8029393634625,4320.9478019345715,550.3589170202529,4298.254954487385,539.0461576802097,4259.184579321987,536.3754967324592,4153.303711539558,525.9593194228969,4114.139210915043,511.17994129775275,4126.726640290642,509.99061627833083,4201.28768378998,708.6015784044696,4071.157691151057,766.8423090123077,0.014314928425357865,71.0700095816037,0.21643163703249546,895.9897636537853,,,895.9897636537853,1371.651184924945,,2025-06-01
2025,6,2,0,23,0,3780.010752475248,5035.817821782179,5235.067670073459,4388.573091664006,4171.132705206005,4964.747812200575,3898.274632705206,4683.632081443629,788.8749933518944,4427.523405248589,588.6239231819363,4400.5746164963275,554.0308717048523,-1255.8070693069308,-118.26388022995798,-0.249375,-0.030337493217579947,1.2246467991473532e-16,-1.0,1.2246467991473532e-16,-1.0,2,153,0,0,0,0,1,0.48627270710869,-0.8738071036110808,0.0,1.0,5035.817821782179,3731.175503034174,3677.872995847972,4938.942630150112,3571.267981475567,3427.5035049504945,3600.203628233791,3858.086234429894,5585.982178217822,,4358.805877446731,567.2622493246016,4328.243355979377,541.7888264315596,4259.623891898223,533.0419414323851,4266.639678286262,527.8427900458433,4159.598483816786,519.1806316141872,4116.279771917917,509.3751965740732,4125.859134935589,510.5188444935277,4191.254509202521,701.6372514187439,4070.0912188482157,765.6341744403592,0.013088435374149832,48.835249441073756,-0.23465182012847952,-1158.9318776748637,,,-1158.9318776748637,-78.07548195464597,,2025-06-02
2025,6,2,1,23,0,3993.333590759076,3780.010752475248,5035.817821782179,5235.067670073459,4388.573091664006,3731.175503034174,4111.907697221335,4269.720721672168,671.9785959620245,4433.98927199333,582.5711528638496,4390.693440957805,560.6649693178433,213.32283828382788,-118.57410646225935,0.05643445277083892,-0.02883676268861457,1.2246467991473532e-16,-1.0,1.2246467991473532e-16,-1.0,3,154,0,0,0,0,1,0.4711595076738638,-0.8820480249558537,0.7818314824680298,0.6234898018587336,3780.010752475248,3946.50071063558,3890.236953050144,4751.537783455765,3777.7094378792713,3622.9037277227712,3790.56972532737,3848.441018843819,5922.487128712871,,4365.496288892945,561.8392218973228,4335.6074015300155,536.0476769335291,4234.3504188083325,526.8529344941203,4274.340540889112,521.9858534556441,4166.213302799578,514.5575589384221,4118.693627458771,508.29239082993985,4127.469052401315,509.8622154208004,4180.536989547222,689.6768962464247,4069.8110815194227,764.2446956254023,0.011866938221316792,46.83288012349567,-0.15957027540360869,-758.204192696689,,,-758.204192696689,144.89257191525667,,2025-06-03
2025,6,2,2,23,0,3996.655831683169,3993.333590759076,3780.010752475248,5035.817821782179,5235.067670073459,3946.50071063558,4326.386833280102,3923.3333916391653,124.13216140018496,4404.909793072856,602.3352899324694,4363.215857491395,572.0670155144709,3.3222409240929665,-329.7310015969333,0.0008319467554078752,-0.0762139434829372,1.2246467991473532e-16,-1.0,1.2246467991473532e-16,-1.0,4,155,0,0,0,0,1,0.4559066935084588,-0.8900275764346767,0.9749279121818236,-0.22252093395631434,3993.333590759076,3954.5383902906424,3898.274632705206,3571.267981475567,3785.7471175343335,3627.8870891089105,3780.924509741296,4040.837687639731,7066.603960396039,,4371.513066234735,556.9086317576649,4342.634630028441,530.4895651945787,4248.5300138152525,513.958102196169,4281.872994965856,516.163405320612,4172.798458916975,509.88140696476967,4121.261857481888,507.1088263806505,4126.978142890686,509.96782253183574,4163.481722165485,654.9944625613169,4069.5450624291093,762.861568906053,0.010650406504065124,42.117441392526416,0.11911395403932734,425.3878502076018,,,425.3878502076018,-44.18185595656223,,2025-06-04
2025,6,2,3,23,0,4210.5032343234325,3996.655831683169,3993.333590759076,3780.010752475248,5035.817821782179,3954.5383902906424,5161.036410092622,4066.8308855885602,124.43499172034146,4375.231483516094,607.664581395551,4284.004759510629,514.4615991710571,213.84740264026368,-950.5331757691893,0.053506584416152414,-0.18417486338797806,1.2246467991473532e-16,-1.0,1.2246467991473532e-16,-1.0,5,156,0,0,0,0,1,0.440518784350495,-0.8977433935342337,0.43388373911755823,-0.900968867902419,3996.655831683169,4171.132705206005,4111.907697221335,3777.7094378792713,3993.457681251996,3824.074158415842,3969.767678058128,4232.219070584478,8008.817821782178,,4377.137427537224,554.7422505937392,4349.677168392876,527.8387537511308,4262.956473696725,506.30389308616583,4289.624621861264,513.2934198116149,4179.69897812961,507.6862695392311,4124.127756961237,506.9225677172635,4126.736855821119,509.9226045027606,4142.379974457381,588.1968790173131,4070.0557804432187,761.5205533054572,0.009438810006761278,39.370529117427395,0.11456513624486764,432.7937964441612,,,432.7937964441612,-21.715836261045297,,2025-06-05
2025,6,2,4,23,0,4424.700346534654,4210.5032343234325,3996.655831683169,3993.333590759076,3780.010752475248,4171.132705206005,4964.747812200575,4210.619804180419,214.0222812349485,4240.170262926293,447.2048564729039,4239.000804038469,471.30939264629154,214.1971122112218,-540.0474656659208,0.050872093023256015,-0.10877641445126096,1.2246467991473532e-16,-1.0,1.2246467991473532e-16,-1.0,6,157,0,0,0,0,1,0.42500033996955416,-0.9051931898913974,-0.433883739117558,-0.9009688679024191,4210.5032343234325,4388.573091664006,4326.386833280102,3785.7471175343335,4202.014316512296,4020.785792079208,4157.595560523794,5025.66496327052,4272.846534653465,,4382.298463947317,555.0343518399849,4356.6995621967735,528.1589497666995,4284.254914663402,498.92259560098097,4297.577694362063,513.6107651405262,4186.9117380306,508.25643288768384,4127.307575842318,507.9716940785074,4120.059471190721,501.89049566005417,4143.223606745609,588.4938730823267,4071.336085735968,760.4383409321762,0.008232118758434437,36.12725487064836,0.1687786344843003,638.9532290003208,,,638.9532290003208,-600.964616735866,,2025-06-06
2025,6,2,5,23,1,5271.871782178218,4424.700346534654,4210.5032343234325,3996.655831683169,3993.333590759076,4388.573091664006,3731.175503034174,4635.691787678769,561.2609373285186,4279.512589658966,533.2967266244392,4367.392160633805,526.9622908127955,847.1714356435641,1540.6962791440442,0.1914641375222288,0.4129251700680274,1.2246467991473532e-16,-1.0,1.2246467991473532e-16,-1.0,7,158,0,0,0,0,1,0.4093559588156213,-0.9123747579707273,-0.9749279121818236,-0.2225209339563146,4424.700346534654,5235.067670073459,5161.036410092622,3993.457681251996,5012.973890130948,4793.206806930692,4936.827451293516,4812.45493452571,3874.0475247524755,,4387.556194247997,564.5515408756635,4364.616374488602,541.797532105949,4326.868718027609,527.0325153405863,4306.824047649466,529.0647191069413,4195.4593268743065,522.464548460052,4131.296198829042,515.6618569934578,4125.164102831304,511.26069303655424,4150.989297064641,594.1178982643464,4075.654559464177,762.4718667848723,0.007030303030303164,36.80411210475904,0.32012711864406795,1278.4141009262225,,,1278.4141009262225,459.4168476525083,,2025-06-07
2025,6,2,6,23,1,5065.193425742575,5271.871782178218,4424.700346534654,4210.5032343234325,3996.655831683169,5235.067670073459,3946.50071063558,4920.588518151817,441.710080049206,4493.709701870187,550.370214801468,4460.616553559389,544.3986973963309,-206.67835643564376,1118.6927151069945,-0.039203980099502544,0.2834644656447636,1.2246467991473532e-16,-1.0,1.2246467991473532e-16,-1.0,8,159,0,0,0,0,2,0.39359027665646673,-0.9192859697186104,-0.7818314824680299,0.6234898018587334,5271.871782178218,5035.817821782179,4964.747812200575,4202.014316512296,4822.607793037368,4607.773306930692,4727.170923027786,3600.203628233791,4443.760396039604,,4391.752709099482,570.2538116848486,4371.791061170173,550.9438859990838,4355.641355001952,543.2924438836645,4315.48782024608,539.7031218888039,4203.627543281661,532.5070126713803,4135.3202762423125,521.6520400957018,4141.441767248069,517.64063042214,4154.441702785213,597.6239107314807,4079.201293751914,763.4014304420956,0.005833333333333357,29.375603960395892,0.2054203161179906,863.1791092302783,,,863.1791092302783,1464.9897975087838,,2025-06-08
2025,6,2,0,24,0,3802.042455445546,5065.193425742575,5271.871782178218,4424.700346534654,4210.5032343234325,5035.817821782179,3954.5383902906424,4713.03588778878,795.6825755815588,4461.8278459846,589.3157858908552,4447.908558988965,558.8735567559909,-1263.1509702970288,-152.4959348450966,-0.24937862468931216,-0.03856225930680335,1.2246467991473532e-16,-1.0,1.2246467991473532e-16,-1.0,9,160,0,0,0,0,2,0.3777079652039649,-0.9259247771938498,0.0,1.0,5065.193425742575,3780.010752475248,3731.175503034174,5012.973890130948,3624.5704886617696,3460.5510594059406,3536.2406196103475,3790.56972532737,4101.932673267326,,4394.900095238096,566.3622336073439,4376.852986342414,544.8977045101781,4315.276973845772,537.7264042730013,4321.826104774072,532.279511983737,4209.725603925226,525.7553874114981,4138.48458381178,518.7724995239405,4141.56924202716,517.5546589171303,4152.775646019536,598.1888634169644,4078.2114407579625,762.2120879727207,0.00582847626977534,22.03170297029783,-0.2415594936708858,-1210.9314346854026,,,-1210.9314346854026,11.472730118175605,,2025-06-09
2025,6,2,1,24,0,4016.5892772277225,3802.042455445546,5065.193425742575,5271.871782178218,4424.700346534654,3780.010752475248,4171.132705206005,4294.608386138615,675.9131320889445,4465.150086908691,586.2169622267265,4435.0299399907735,567.5447375642932,214.54682178217672,-154.54342797828258,0.05642935982339914,-0.037050709939148274,1.2246467991473532e-16,-1.0,1.2246467991473532e-16,-1.0,10,161,0,0,0,0,2,0.36171373072976765,-0.9322892131745133,0.7818314824680298,0.6234898018587336,3802.042455445546,3993.333590759076,3946.50071063558,4822.607793037368,3833.9731954647073,3657.787257425742,3723.0532162248473,3780.924509741296,4272.846534653465,,4398.222336162188,563.6759167067357,4381.8593125275665,540.9472874660079,4288.40968998545,531.6050887598999,4328.34810769418,527.1747888806567,4216.132782850261,521.0722651014206,4141.97906072848,516.9257678918143,4144.187739443675,516.304170682823,4151.351994589393,598.2064436366943,4077.9921448023383,760.858657995268,0.005823627287853572,23.255686468646672,-0.16713333333333324,-806.0185158096451,,,-806.0185158096451,235.66476748642663,,2025-06-10
2025,6,2,2,24,0,4019.911518151815,4016.5892772277225,3802.042455445546,5065.193425742575,5271.871782178218,3993.333590759076,4388.573091664006,3946.181083608362,124.83876568475966,4433.384800880089,607.5507875412355,4404.3081421980905,580.1266663868552,3.3222409240925117,-368.6615735121909,0.0008271298593880427,-0.08400488400488426,1.2246467991473532e-16,-1.0,1.2246467991473532e-16,-1.0,11,162,0,0,0,0,2,0.3456123126707335,-0.9383773917408641,0.9749279121818236,-0.22252093395631434,4016.5892772277225,3996.655831683169,3954.5383902906424,3624.5704886617696,3842.01087511977,3662.770618811881,3713.4080006387726,3969.767678058128,4557.702970297029,,4401.544577086281,560.9767361430045,4386.528821660508,537.2443475360932,4301.587724301785,519.3402348629587,4334.701702088181,522.144328149297,4222.510298909902,516.3404836573952,4145.627912127446,514.9421028982152,4144.744893222493,516.1408655674237,4148.364264299698,597.5081805189792,4077.786185133365,759.511485348899,0.005818786367414619,23.255686468646218,0.10907251789604722,395.34102949004546,,,395.34102949004546,50.14384009368723,,2025-06-11
2025,6,2,3,24,0,4234.982904290429,4019.911518151815,4016.5892772277225,3802.042455445546,5065.193425742575,3996.655831683169,5235.067670073459,4090.494566556656,125.14159630993274,4401.7652271727175,613.0055310328544,4320.9677450495055,518.4924494110122,215.07138613861434,-1000.08476578303,0.053501522401044,-0.19103569023569023,1.2246467991473532e-16,-1.0,1.2246467991473532e-16,-1.0,12,163,0,0,0,0,2,0.3294084822245304,-0.9441875088341993,0.43388373911755823,-0.900968867902419,4019.911518151815,4210.5032343234325,4171.132705206005,3833.9731954647073,4052.6826892366657,3860.793663366336,3898.697668476525,4157.595560523794,4671.645544554455,,4405.041672795852,559.6620675927358,4391.089550166538,535.5434932519163,4314.954714595976,511.99833877900465,4341.212424054387,519.6280398055713,4229.19224964069,513.9902467394348,4149.631307791897,514.3060494963673,4145.604752597678,516.226968672333,4145.938360742675,596.2568941543861,4078.341650572083,758.2212203924784,0.005813953488372103,24.47966996699688,0.10459376953915211,401.0097088257221,,,401.0097088257221,77.38734376663524,,2025-06-12
2025,6,2,4,24,0,4450.404,4234.982904290429,4019.911518151815,4016.5892772277225,3802.042455445546,4210.5032343234325,5035.817821782179,4235.099474147416,215.2462645979109,4264.853930143015,449.820186078134,4272.18325990099,470.4313901337568,215.4210957095711,-585.4138217821783,0.05086705202312136,-0.11624999999999996,1.2246467991473532e-16,-1.0,1.2246467991473532e-16,-1.0,13,164,0,0,0,0,2,0.3131070409358269,-0.9497178427914316,-0.433883739117558,-0.9009688679024191,4234.982904290429,4424.700346534654,4388.573091664006,3842.01087511977,4264.200574896199,4059.341272277228,4082.9720504631105,4936.827451293516,4842.559405940594,,4408.713623290901,559.8968170038411,4395.506043619108,535.7760458317139,4335.234485425317,504.61522483532633,4347.862546379523,519.797424683362,4236.175512635739,514.2971010115747,4154.005497667336,515.2938415458005,4140.2000475833065,510.3631164957197,4143.759719598561,594.4108997885053,4079.651729267251,757.2023529415918,0.0058091286307053736,25.70365346534618,0.15835278573001554,608.3931248802305,,,608.3931248802305,-486.4234512935154,,2025-06-13
2025,6,2,5,24,1,5302.4713696369645,4450.404,4234.982904290429,4019.911518151815,4016.5892772277225,4424.700346534654,3780.010752475248,4662.619424642465,564.4992876471155,4304.400254125413,536.3607314297219,4399.0549779978,527.4695371487026,852.067369636964,1522.4606171617165,0.19145843155744147,0.4027662133407346,1.2246467991473532e-16,-1.0,1.2246467991473532e-16,-1.0,14,165,0,0,0,0,2,0.29671281927349075,-0.9549667548552551,-0.9749279121818236,-0.2225209339563146,4450.404,5271.871782178218,5235.067670073459,4052.6826892366657,5087.005150111785,4839.106188118812,4847.9899393165115,4727.170923027786,4728.616831683168,,4413.084992927865,567.8224214691489,4400.3205935879305,544.1383793340864,4376.894108105326,531.364709375689,4355.557768505422,532.5828382608755,4244.449890877136,527.7260022955055,4159.415990885436,524.9636036189203,4146.592274767853,521.2833969765659,4146.947800364971,599.0857943786376,4083.9423244966188,759.3307384544339,0.005804311774461057,30.5995874587461,0.3083855254001393,1249.7886804002987,,,1249.7886804002987,575.3004466091788,,2025-06-14
2025,6,2,6,24,1,5094.569029702971,5302.4713696369645,4450.404,4234.982904290429,4019.911518151815,5271.871782178218,3993.333590759076,4949.148133113313,444.2579526285376,4519.821349834984,553.5304898995365,4490.824597909791,545.9383276199775,-207.90233993399306,1101.2354389438956,-0.03920857378400655,0.27576845608196887,1.2246467991473532e-16,-1.0,1.2246467991473532e-16,-1.0,15,166,0,0,0,0,3,0.28023067519921585,-0.9599326896597447,-0.7818314824680299,0.6234898018587334,5302.4713696369645,5065.193425742575,5035.817821782179,4264.200574896199,4893.677802618971,4651.836712871286,4641.886911529861,3536.2406196103475,5013.473267326733,,4417.28150777935,573.5250100637103,4404.517108439416,549.6154669700559,4404.573056598887,546.6978902118061,4362.732455186994,541.3810902210536,4252.355825106272,537.1718644449461,4164.805063720831,532.2491110438093,4163.907034879993,526.6353504554653,4147.398332378172,599.7711915159297,4087.475984305033,760.3494476146337,0.0057995028997515075,29.375603960396802,0.1947301587301591,830.3684548067722,,,830.3684548067722,1558.328410092624,,2025-06-15
2025,6,2,0,25,0,3824.0741584158422,5094.569029702971,5302.4713696369645,4450.404,4234.982904290429,5065.193425742575,3996.655831683169,4740.371519251927,800.3164910483063,4487.735496699671,592.7266891039418,4476.442791804181,562.1716476873488,-1270.4948712871292,-172.58167326732655,-0.2493822075782537,-0.04318151988449925,1.2246467991473532e-16,-1.0,1.2246467991473532e-16,-1.0,16,167,0,0,0,0,3,0.26366549272800704,-0.9646141756912435,0.0,1.0,5094.569029702971,3802.042455445546,3780.010752475248,5087.005150111785,3677.872995847972,3493.5986138613857,3472.2776109869046,3723.0532162248473,5981.985148514851,,4420.428893917963,569.6332370565609,4407.66449457803,545.8775746774539,4362.475356875688,540.9308015715054,4367.953925278703,535.2009310307819,4258.257174116173,530.457968280902,4168.9931178568895,528.1021553608128,4165.029489793227,525.7921516774902,4135.409937988733,584.2620382715988,4086.5582079082064,759.178232311691,0.005794701986754802,22.031702970296465,-0.24826611226611206,-1262.9309916959428,,,-1262.9309916959428,101.0209421909949,,2025-06-16
2025,6,2,1,25,0,4039.8449636963696,3824.0741584158422,5094.569029702971,5302.4713696369645,4450.404,3802.042455445546,4210.5032343234325,4319.496050605062,679.8476684512742,4491.057737623763,589.6278607429765,4462.221269251926,571.5905536252282,215.77080528052738,-170.65827062706285,0.056424325560127775,-0.04053156146179404,1.2246467991473532e-16,-1.0,1.2246467991473532e-16,-1.0,17,168,0,0,0,0,3,0.24702218048093552,-0.9690098257244062,0.7818314824680298,0.6234898018587336,3824.0741584158422,4016.5892772277225,3993.333590759076,4893.677802618971,3890.236953050144,3692.6707871287126,3655.536707122325,3713.4080006387726,6779.583168316832,,4423.751134842056,566.9468786841654,4410.986735502122,543.2973992502122,4334.014262244935,534.4410920600209,4373.297068516068,530.985233652636,4264.456712983452,525.7354104475027,4173.568216149438,525.2573676811824,4168.656567160534,523.7637408685808,4120.1891701852865,549.655050941976,4086.396009143582,757.8594668924749,0.005789909015715633,23.255686468647127,-0.17447671738128168,-853.8328389226017,,,-853.8328389226017,326.43696305759704,,2025-06-17
2025,6,2,2,25,0,4043.167204620462,4039.8449636963696,3824.0741584158422,5094.569029702971,5302.4713696369645,4016.5892772277225,4424.700346534654,3969.0287755775585,125.54537067759259,4459.088454345435,611.0981049993533,4430.426840759076,584.3365493659447,3.3222409240925117,-381.53314191419213,0.000822368421052655,-0.08622801817822578,1.2246467991473532e-16,-1.0,1.2246467991473532e-16,-1.0,18,169,0,0,0,0,3,0.23030567023061221,-0.9731183372332619,0.9749279121818236,-0.22252093395631434,4039.8449636963696,4019.911518151815,3996.655831683169,3677.872995847972,3898.274632705206,3697.654148514851,3645.8914915362498,3898.697668476525,4052.227722772277,,4427.073375766148,564.2477308238816,4414.308976426214,540.7049116924586,4346.190735870684,523.0155862300713,4378.471803227328,526.8745450341571,4270.6265889853385,520.968448278996,4178.297688924249,522.2286911294594,4170.261784228799,523.1481032302851,4120.138833973332,549.6617243036138,4086.2464285050937,756.5468680418468,0.005785123966942196,23.255686468647127,0.09932213787286237,365.29420877249004,,,365.29420877249004,144.46953614393715,,2025-06-18
2025,6,2,3,25,0,4259.462574257426,4043.167204620462,4039.8449636963696,3824.0741584158422,5094.569029702971,4019.911518151815,5271.871782178218,4114.158247524753,125.84820160265215,4427.264883388339,616.5878856921973,4346.059406765677,521.5123162609871,216.2953696369641,-1012.4092079207921,0.05349651861782645,-0.19203980099502482,1.2246467991473532e-16,-1.0,1.2246467991473532e-16,-1.0,19,170,0,0,0,0,3,0.21352091543979612,-0.9769384927771817,0.43388373911755823,-0.900968867902419,4043.167204620462,4234.982904290429,4210.5032343234325,3890.236953050144,4111.907697221335,3897.513168316831,3827.6276588949218,4082.9720504631105,3674.0198019801983,,4430.57047147572,562.9330976000043,4417.806072135785,539.4422213390327,4358.498256577594,516.2162561308203,4383.741620264331,524.8436244817925,4277.089971234278,518.4946465718003,4183.438580773804,520.858780396897,4172.222790048736,523.1480085611488,4123.391293819316,548.7385166751184,4086.8437255594117,755.3053221459261,0.005780346820809301,24.47966996699688,0.09491083079599827,369.2256212072821,,,369.2256212072821,176.49052379431578,,2025-06-19
2025,6,2,4,25,0,4476.1076534653475,4259.462574257426,4043.167204620462,4039.8449636963696,3824.0741584158422,4234.982904290429,5065.193425742575,4259.579144114413,216.47024796239964,4289.5375973597365,452.4355190804943,4296.968925742574,473.1486755984011,216.6450792079213,-589.0857722772271,0.05086206896551726,-0.11630074565037274,1.2246467991473532e-16,-1.0,1.2246467991473532e-16,-1.0,20,171,0,0,0,0,3,0.19667288979357647,-0.980469160361632,-0.433883739117558,-0.9009688679024191,4259.462574257426,4450.404,4424.700346534654,3898.274632705206,4326.386833280102,4097.896752475247,4008.3485404024273,4847.9899393165115,4214.316831683168,,4434.242421970769,563.1678136204137,4421.478022630835,539.6676762602203,4377.759357269598,509.18440382933215,4389.088792413803,525.0003084230975,4283.843737323387,518.5813147254844,4189.0071416436,521.4644006545698,4168.09076465039,519.2043372705283,4124.8456872736615,549.3274680128052,4088.1814022876106,754.3471650433173,0.005775577557755929,25.703653465347088,0.14822788931090636,577.8330207601416,,,577.8330207601416,-371.88228585116394,,2025-06-20
2025,6,2,5,25,1,5333.070957095711,4476.1076534653475,4259.462574257426,4043.167204620462,4039.8449636963696,4450.404,3802.042455445546,4689.547061606162,567.7376380299027,4329.28791859186,539.4247365890976,4424.554634213421,530.5044095204511,856.963303630363,1531.0285016501648,0.1914527911246533,0.4026857983811625,1.2246467991473532e-16,-1.0,1.2246467991473532e-16,-1.0,21,172,0,0,0,0,3,0.1797665857255624,-0.9837092937736097,-0.9749279121818236,-0.2225209339563146,4476.1076534653475,5302.4713696369645,5271.871782178218,4111.907697221335,5161.036410092622,4885.005569306931,4759.152427339508,4641.886911529861,3890.1386138613857,,4438.613791607733,571.0933061053101,4425.849392267798,547.2800027320768,4418.464799265411,535.3384077435834,4395.2328833782,535.2751438794373,4291.844904962472,531.3252567141394,4195.8395050930785,532.6641406900001,4175.770587378899,531.2630454800792,4132.861978069408,556.3664709039573,4092.4447226807897,756.5656255316907,0.00577081615828523,30.5995874587461,0.2969821673525379,1221.1632598743754,,,1221.1632598743754,691.1840455658494,,2025-06-21
2025,6,2,6,25,1,5123.944633663366,5333.070957095711,4476.1076534653475,4259.462574257426,4043.167204620462,5302.4713696369645,4016.5892772277225,4977.7077480748085,446.8058258038117,4545.93299779978,556.6907654143519,4516.834247249725,549.0743060139445,-209.12632343234418,1107.355356435644,-0.0392131147540985,0.2756954420791433,1.2246467991473532e-16,-1.0,1.2246467991473532e-16,-1.0,22,173,0,0,0,0,4,0.16280701293851715,-0.986657932891657,-0.7818314824680299,0.6234898018587334,5333.070957095711,5094.569029702971,5065.193425742575,4326.386833280102,4964.747812200575,4695.900118811881,4556.602900031938,3472.2776109869046,4052.227722772277,,4442.810306459217,576.7962088409233,4430.045907119284,552.7574124109505,4445.050059278186,550.2052681776073,4400.918484144729,542.3472436231201,4299.488557013391,540.2476971060323,4202.593573350595,540.8279823650222,4194.122443186416,535.201507677761,4138.815960907692,561.2121523158605,4095.9652001926747,757.6692371718946,0.005766062602965194,29.375603960394983,0.1843473159284248,797.5578003832643,,,797.5578003832643,1651.6670226764618,,2025-06-22
2025,6,2,0,26,0,3846.1058613861383,5123.944633663366,5333.070957095711,4476.1076534653475,4259.462574257426,5094.569029702971,4019.911518151815,4767.707150715072,804.9504066448017,4513.643147414742,596.1375944291754,4502.350442519252,565.4230540438527,-1277.8387722772281,-173.80565676567676,-0.24938574938574942,-0.04323618964767295,1.2246467991473532e-16,-1.0,1.2246467991473532e-16,-1.0,23,174,0,0,0,0,4,0.1457991969198751,-0.9893142039703663,0.0,1.0,5123.944633663366,3824.0741584158422,3802.042455445546,5161.036410092622,3731.175503034174,3526.6461683168313,3408.3146023634617,3655.536707122325,4322.376237623763,,4445.957692597832,572.9042431328077,4433.1932932578975,549.0193213513223,4401.21904098797,543.5360670546111,4405.023139800155,537.503971322146,4305.193194389629,533.5841876453503,4207.805374053246,535.1612746953703,4196.2398782337905,533.4207566048038,4136.170014373039,561.4645650358747,4095.1153384960544,756.5155388812306,0.0057613168724277575,22.03170297029601,-0.2547803278688525,-1314.9305487064835,,,-1314.9305487064835,190.5691542638133,,2025-06-23
2025,6,2,1,26,0,4063.1006501650168,3846.1058613861383,5123.944633663366,5333.070957095711,4476.1076534653475,3824.0741584158422,4234.982904290429,4344.383715071508,683.7822050449486,4516.965388338834,593.0387614364386,4488.026921342134,574.9093644744688,216.9947887788785,-171.8822541254126,0.05641934897254064,-0.040586292320396344,1.2246467991473532e-16,-1.0,1.2246467991473532e-16,-1.0,24,175,0,0,0,0,4,0.12874817745258132,-0.99167731989929,0.7818314824680298,0.6234898018587336,3846.1058613861383,4039.8449636963696,4016.5892772277225,4964.747812200575,3946.50071063558,3727.5543168316826,3588.0201980198012,3645.8914915362498,4430.435643564357,,4449.279933521924,570.2178437767969,4436.51553418199,546.439097467501,4371.164135586785,536.1797395352552,4409.187423354778,534.2619219526918,4311.185093199153,528.8425828544766,4213.461093721642,531.0267258415541,4200.875535551889,530.3884975001303,4134.129264409708,561.0564515018635,4095.0068141288307,755.230152136234,0.005756578947368585,23.255686468647127,-0.18160986139513746,-901.6471620355583,,,-901.6471620355583,417.209158628767,,2025-06-24
2025,6,2,2,26,0,4066.4228910891097,4063.1006501650168,3846.1058613861383,5123.944633663366,5333.070957095711,4039.8449636963696,4450.404,3991.8764675467555,126.25197636679704,4484.792107810782,614.6454238858173,4456.02849559956,587.7365082230187,3.3222409240929665,-383.9811089108907,0.0008176614881441058,-0.08628005657708615,1.2246467991473532e-16,-1.0,1.2246467991473532e-16,-1.0,25,176,0,0,0,0,4,0.11165900712169512,-0.993746580436178,0.9749279121818236,-0.22252093395631434,4063.1006501650168,4043.167204620462,4019.911518151815,3731.175503034174,3954.5383902906424,3732.5376782178214,3593.00355940594,3827.6276588949218,4592.524752475248,,4452.602174446017,567.518728257794,4439.8377751060825,543.846632117114,4382.339048521949,525.7739154703909,4413.183298383295,531.1448619637097,4317.147329143283,524.0607400866717,4219.097038146441,526.858195770729,4203.528815909602,529.0960516060469,4131.206476290898,560.024526709517,4094.9102468212636,753.9508449402969,0.005751848808545734,23.255686468647582,0.08985034013605464,335.2473880549355,,,335.2473880549355,238.79523219418797,,2025-06-25
2025,6,2,3,26,0,4283.942244224423,4066.4228910891097,4063.1006501650168,3846.1058613861383,5123.944633663366,4043.167204620462,5302.4713696369645,4137.82192849285,126.55480758672746,4452.764539603962,620.1702415825525,4371.151068481849,524.5321934286883,217.5193531353134,-1018.5291254125414,0.05349157206742339,-0.192085737840066,1.2246467991473532e-16,-1.0,1.2246467991473532e-16,-1.0,26,177,0,0,0,0,4,0.09453674981719912,-0.9955213724144752,0.43388373911755823,-0.900968867902419,4066.4228910891097,4259.462574257426,4234.982904290429,3946.50071063558,4171.132705206005,3934.2326732673264,3787.354653465346,4008.3485404024273,4484.465346534654,,4456.099270155587,566.2041299585327,4443.334870815654,542.5839710553855,4393.587099641577,519.7028132927519,4417.212210491096,529.6666176927147,4323.392142910374,521.4922004881258,4225.0087951792875,524.7371236330897,4206.5909681742905,528.7511394208423,4130.09245905584,559.5171013587639,4095.5467181929916,752.7561213936765,0.005747126436781658,24.47966996699688,0.08550398399256798,337.44153358884296,,,337.44153358884296,275.59370382199586,,2025-06-26
2025,6,2,4,26,0,4501.811306930694,4283.942244224423,4066.4228910891097,4063.1006501650168,3846.1058613861383,4259.462574257426,5094.569029702971,4284.05881408141,217.69423132838978,4314.221264576458,455.0508554214091,4321.754591584159,475.86597134349336,217.8690627062706,-592.7577227722777,0.050857142857142934,-0.11635090609555199,1.2246467991473532e-16,-1.0,1.2246467991473532e-16,-1.0,27,178,0,0,0,0,4,0.07738647923346301,-0.9970011699250151,-0.433883739117558,-0.9009688679024191,4283.942244224423,4476.1076534653475,4450.404,3954.5383902906424,4388.573091664006,4139.828058128393,3982.2303118811874,4759.152427339508,4754.6138613861385,,4459.771220650637,566.4388129729143,4447.006821310703,542.8093948869633,4411.829530196246,513.3260216931444,4421.256432464906,529.8721175822569,4329.856129496129,521.4189399975706,4231.194283215591,524.9031515579637,4203.731622391971,526.4201376423531,4128.688000419977,558.2565792969805,4096.9100221820445,751.8562067674126,0.005742411812961423,25.70365346534618,0.1383910997004707,547.2729166400513,,,547.2729166400513,-257.3411204088143,,2025-06-27
2025,6,2,5,26,1,5363.670544554457,4501.811306930694,4283.942244224423,4066.4228910891097,4063.1006501650168,4476.1076534653475,3824.0741584158422,4716.474698569858,570.9759884757883,4354.175583058306,542.4887420965657,4450.054290429043,533.5392919262415,861.859237623763,1539.5963861386144,0.19144721510137508,0.4026063100137176,1.2246467991473532e-16,-1.0,1.2246467991473532e-16,-1.0,28,179,0,0,0,0,4,0.06021327736579302,-0.9981855344718586,-0.9749279121818236,-0.2225209339563146,4501.811306930694,5333.070957095711,5302.4713696369645,4171.132705206005,5235.067670073459,4938.942630150112,4747.307425742573,4556.602900031938,5673.118811881188,,4464.142590287601,574.3641947150797,4451.378190947667,550.4216406999814,4451.580791507861,539.5485342538918,4425.849392267798,537.6872768363072,4337.440556539064,533.3911862443589,4238.5319393919235,536.3873182820529,4212.699040664443,539.2172771763941,4126.968843379273,553.9336550109887,4101.146679447504,754.1602263763476,0.005737704918032938,30.5995874587461,0.2859026369168358,1192.5378393484516,,,1192.5378393484516,807.067644522519,,2025-06-28
2025,6,2,6,26,1,5153.320237623762,5363.670544554457,4501.811306930694,4283.942244224423,4066.4228910891097,5333.070957095711,4039.8449636963696,5006.267363036305,449.35369956489393,4572.044645764577,559.8510413388572,4542.843896589659,552.2102946694905,-210.3503069306944,1113.4752739273927,-0.0392176039119807,0.27562326869806086,1.2246467991473532e-16,-1.0,1.2246467991473532e-16,-1.0,29,180,0,0,0,0,5,0.04302223300453059,-0.99907411510223,-0.7818314824680299,0.6234898018587334,5363.670544554457,5123.944633663366,5094.569029702971,4388.573091664006,5035.817821782179,4751.537783455765,4563.7099009900985,3408.3146023634617,6429.534653465346,,4468.339105139085,580.067408009749,4455.574705799152,555.899368638001,4477.072363039853,554.3321448333429,4430.045907119284,543.0559841660108,4344.615243220635,541.7000032459765,4245.551110066133,544.4904861708264,4232.087992167335,541.337495618317,4119.878763291264,532.0317642143268,4104.653924641424,755.3447413033689,0.005733005733005614,29.375603960395892,0.1742587237324078,764.7471459597564,,,764.7471459597564,1745.0056352603006,,2025-06-29
2025,6,2,0,27,0,3868.137564356436,5153.320237623762,5363.670544554457,4501.811306930694,4283.942244224423,5123.944633663366,4043.167204620462,4795.042782178219,809.5843223688177,4539.550798129813,599.5485018305075,4528.2580932343235,568.6744711306286,-1285.1826732673262,-175.02964026402606,-0.24938925081433216,-0.04329023050642211,1.2246467991473532e-16,-1.0,1.2246467991473532e-16,-1.0,30,181,0,1,0,1,5,0.02581844022713308,-0.9996666485105112,0.0,1.0,5153.320237623762,3846.1058613861383,3824.0741584158422,5235.067670073459,3780.010752475248,3571.267981475567,3427.5035049504945,3588.0201980198012,3737.52103960396,,4471.4864912777,576.1752517913429,4458.722091937766,552.1610811463763,4431.508026182619,545.9948565134752,4433.1932932578975,539.3920640535675,4349.91648577208,535.4102990309093,4250.79675363049,538.605165554742,4235.200407348853,538.3900682689542,4120.604410651,531.5962432591178,4103.868156002604,754.2079994442853,0.005728314238952814,22.03170297029783,-0.261110303030303,-1366.9301057170233,,,-1366.9301057170233,280.11736633663486,,2025-06-30
2025,7,3,1,27,0,4086.356336633664,3868.137564356436,5153.320237623762,5363.670544554457,4501.811306930694,3846.1058613861383,4259.462574257426,4369.271379537954,687.7167418660005,4542.873039053906,596.4496642697608,4513.832573432343,578.2281854768772,218.2187722772278,-173.10623762376235,0.05641442907512895,-0.04064039408866993,-0.4999999999999998,-0.8660254037844388,-1.0,-1.8369701987210297e-16,1,182,1,0,1,0,1,0.008606996888688698,-0.9999629591162655,0.7818314824680298,0.6234898018587336,3868.137564356436,4063.1006501650168,4039.8449636963696,5035.817821782179,3993.333590759076,3777.7094378792713,3622.9037277227712,3593.00355940594,3922.3876716703926,,4474.808732201792,573.4888119313264,4462.044332861858,549.580809421591,4399.859310011002,537.2051312923309,4436.51553418199,536.8630710053827,4355.428037535551,530.9831752197867,4256.314046593715,534.453470615639,4240.6821048736065,534.2738156141387,4121.515347678574,531.3951331900968,4103.810169845753,752.9547942471272,0.005723630417007408,23.255686468647127,-0.1885416666666666,-949.4614851485148,,,-949.4614851485148,493.3527772277239,,2025-07-01
2025,7,3,2,27,0,4091.178944426701,4086.356336633664,3868.137564356436,5153.320237623762,5363.670544554457,4063.1006501650168,4476.1076534653475,4015.2242818056006,127.4036546727241,4510.745822420952,617.9887475280003,4481.755181012457,591.04619036158,4.82260779303715,-384.9287090386465,0.001180173092053538,-0.08599630277896453,-0.4999999999999998,-0.8660254037844388,-1.0,-1.8369701987210297e-16,2,183,0,0,0,0,1,-0.008606996888688009,-0.9999629591162655,0.9749279121818236,-0.22252093395631434,4086.356336633664,4066.4228910891097,4043.167204620462,3780.010752475248,3996.655831683169,3785.7471175343335,3627.8870891089105,3787.354653465346,4106.069803577132,,4478.345311250019,570.6198050614091,4465.4737428480175,546.9092383521336,4410.23158307605,527.7452053680348,4439.891359637116,534.2857658200334,4360.882177301486,526.5755172446235,4261.829425823688,530.2642720062602,4244.057930328731,532.333606999284,4121.432620683294,531.3987102522455,4103.76848263315,751.707496915207,0.006087919038582967,24.75605333759131,0.0823193933370936,311.1681919514531,,,311.1681919514531,303.824290961355,,2025-07-02
2025,7,3,3,27,0,4311.580581283935,4091.178944426701,4086.356336633664,3868.137564356436,5153.320237623762,4066.4228910891097,5333.070957095711,4163.038620781434,128.66370859309842,4479.040701479826,623.3949213625189,4396.630983028142,527.4259004693678,220.40163685723428,-1021.4903758117753,0.053872402026677646,-0.1915388683236383,-0.4999999999999998,-0.8660254037844388,-1.0,-1.8369701987210297e-16,3,184,0,0,0,0,1,-0.02581844022713239,-0.9996666485105112,0.43388373911755823,-0.900968867902419,4091.178944426701,4283.942244224423,4259.462574257426,3993.333590759076,4210.5032343234325,3993.457681251996,3824.074158415842,3982.2303118811874,4873.372085595656,,4482.293645115664,569.1441775273092,4469.196457635626,545.5748399659624,4420.839816093545,522.2460477658211,4443.5012648857055,533.0184630331734,4366.562943373485,524.2504666868306,4267.633073714976,528.0787253685289,4247.71737776654,531.6450780270851,4118.31155677045,528.6000873920841,4104.452075062922,750.5606714151265,0.006451612903225712,27.638337059512196,0.07969456678032372,318.2469905248595,,,318.2469905248595,329.3502694027479,,2025-07-03
2025,7,3,4,27,0,4532.489861066752,4311.580581283935,4091.178944426701,4086.356336633664,3868.137564356436,4283.942244224423,5123.944633663366,4311.749795592464,220.65550698210794,4340.510587565208,457.8754063144328,4347.343085311757,478.6609932786096,220.90927978281707,-591.454772596614,0.051236263736263776,-0.11542957913925644,-0.4999999999999998,-0.8660254037844388,-1.0,-1.8369701987210297e-16,4,185,0,0,0,0,1,-0.04302223300453034,-0.99907411510223,-0.433883739117558,-0.9009688679024191,4311.580581283935,4501.811306930694,4476.1076534653475,3996.655831683169,4424.700346534654,4202.014316512296,4020.785792079208,4747.307425742573,4664.223200255508,,4486.67629570653,569.4375641029627,4473.223758178583,545.8378175756917,4438.700950406332,516.3682919212253,4447.350890404709,533.2668346973059,4372.464292383386,524.2245457480361,4273.72478882197,528.1482885214635,4245.330515936808,529.856138324682,4117.579704886069,527.9308143787497,4105.855477639983,749.7259061516164,0.006814713466294808,30.678554136058665,0.13407059600574112,535.8340293835836,,,535.8340293835836,-214.8175646758209,,2025-07-04
2025,7,3,5,27,1,5402.166799744491,4532.489861066752,4311.580581283935,4091.178944426701,4086.356336633664,4501.811306930694,3846.1058613861383,4748.74574736506,576.5583502500067,4381.98501458533,548.5222065857864,4477.014830174953,537.6647306337206,869.6769386777387,1556.0609383583528,0.19187620167628006,0.40458089154039767,-0.4999999999999998,-0.8660254037844388,-1.0,-1.8369701987210297e-16,5,186,0,0,0,0,1,-0.060213277365792774,-0.9981855344718586,-0.9749279121818236,-0.2225209339563146,4532.489861066752,5363.670544554457,5333.070957095711,4210.5032343234325,5271.871782178218,5012.973890130948,4793.206806930692,4563.7099009900985,3487.5068987543914,,4492.175760733678,579.4173910247174,4478.159175510639,554.454891861161,4478.423069253699,543.339197339213,4452.004283889219,541.2371755199455,4379.414165769342,535.3326146590784,4280.974312545944,539.4237906625457,4254.646703700747,542.7315791575032,4128.216704336014,534.4138183829409,4110.0917891501285,752.1553020424419,0.007177222178404996,38.49625519003439,0.2830216482692103,1191.6635654210586,,,1191.6635654210586,838.4568987543926,,2025-07-05
2025,7,3,6,27,1,5192.171842861706,5402.166799744491,4532.489861066752,4311.580581283935,4091.178944426701,5363.670544554457,4063.1006501650168,5042.276167890984,453.80175126165443,4602.657394336208,566.4924986414193,4571.104096233011,557.0872391919311,-209.99495688278512,1129.0711926966892,-0.03887235708692249,0.27788413084249686,-0.4999999999999998,-0.8660254037844388,-1.0,-1.8369701987210297e-16,6,187,0,0,0,0,1,-0.07738647923346322,-0.9970011699250151,-0.7818314824680299,0.6234898018587334,5402.166799744491,5153.320237623762,5123.944633663366,4424.700346534654,5065.193425742575,4822.607793037368,4607.773306930692,3427.5035049504945,3670.004530501437,,4497.725990053384,586.9432026021424,4483.0325475962345,560.8308182449913,4504.005452464601,558.576529766065,4456.539227357759,547.0658642780863,4386.013523801919,543.1167800493693,4287.931437973694,547.3990392144025,4274.254129677537,544.3871967204232,4136.673189404682,539.1449629187163,4113.616479878831,753.4605366192532,0.007539140485447238,38.85160523794366,0.17345163202478142,767.4714963270517,,,767.4714963270517,1764.6683379112114,,2025-07-06
2025,7,3,0,28,0,3898.6976684765255,5192.171842861706,5402.166799744491,4532.489861066752,4311.580581283935,5153.320237623762,4066.4228910891097,4831.012103694241,814.2064388504491,4571.380949643352,604.5977129591073,4557.126994348629,572.7835610192693,-1293.4741743851805,-167.72522261258428,-0.24912006257332808,-0.041246379706381786,-0.4999999999999998,-0.8660254037844388,-1.0,-1.8369701987210297e-16,7,188,0,0,0,0,1,-0.09453674981719933,-0.9955213724144752,0.0,1.0,5192.171842861706,3868.137564356436,3846.1058613861383,5271.871782178218,3802.042455445546,3624.5704886617696,3460.5510594059406,3622.9037277227712,3658.7517789843496,,4502.091719213396,581.5688359410682,4486.789105245548,556.3949738621325,4458.2329820078785,549.6754431121883,4459.991199251724,543.073426093039,4390.908652012898,537.3336593658543,4293.147469034057,541.4755946305571,4277.3185067970235,541.4478151227752,4138.006222124082,538.2525975233478,4112.9186915301225,752.3320765201831,0.007900469828604484,30.560104120089363,-0.26047183437650456,-1373.174113701693,,,-1373.174113701693,275.7939407537542,,2025-07-07
2025,7,3,1,28,0,4120.114591184925,3898.6976684765255,5192.171842861706,5402.166799744491,4532.489861066752,3868.137564356436,4283.942244224423,4403.661367507719,691.7860512634228,4576.20355743639,600.0999563012148,4543.47468992867,581.7688070437238,221.41692270839985,-163.82765303949782,0.05679253472222223,-0.03824226464779468,-0.4999999999999998,-0.8660254037844388,-1.0,-1.8369701987210297e-16,8,189,0,0,0,0,2,-0.11165900712169444,-0.9937465804361781,0.7818314824680298,0.6234898018587336,3898.6976684765255,4086.356336633664,4063.1006501650168,5065.193425742575,4016.5892772277225,3833.9731954647073,3657.787257425742,3627.8870891089105,3839.472660491855,,4506.914327006433,577.6737373312868,4490.861529604113,553.2551141644428,4426.730354189291,540.6987908134481,4463.688531893052,540.288133766555,4396.018319793616,533.286561461714,4298.651365864524,537.2729691621018,4282.787701264535,537.2841648229125,4139.565343961266,537.7892828536277,4112.941979231271,751.1098768240116,0.008261211644374544,33.758254551261416,-0.18658297030761417,-945.0788345576493,,,-945.0788345576493,492.22750207601484,,2025-07-08
2025,7,3,2,28,0,4124.937198977962,4120.114591184925,3898.6976684765255,5192.171842861706,5402.166799744491,4086.356336633664,4501.811306930694,4047.916486213138,129.24978166914912,4545.096327052061,621.032983961246,4512.068514265943,594.2608864456779,4.8226077930366955,-376.8741079527317,0.001170503316425986,-0.08371610497590631,-0.4999999999999998,-0.8660254037844388,-1.0,-1.8369701987210297e-16,9,190,0,0,0,0,2,-0.12874817745258066,-0.99167731989929,0.9749279121818236,-0.22252093395631434,4120.114591184925,4091.178944426701,4066.4228910891097,3802.042455445546,4019.911518151815,3842.01087511977,3662.770618811881,3824.074158415842,4019.009041839668,,4511.736934799471,573.7521962195386,4495.0411230247455,550.0135501409104,4437.493512307037,530.961036941251,4467.439449065414,537.4502460072716,4401.070575576798,529.2676230434573,4304.1533489617395,533.0324212674997,4286.130623937448,535.330447882543,4140.153833723146,537.7145761412131,4112.980673488518,749.8938132303263,0.008251473477406623,33.75825455126096,0.0849266538488922,322.8947435324162,,,322.8947435324162,300.8630405621202,,2025-07-09
2025,7,3,3,28,0,4347.115586074737,4124.937198977962,4120.114591184925,3898.6976684765255,5192.171842861706,4091.178944426701,5363.670544554457,4197.389125412542,129.68933708406806,4514.2006145533915,626.3736929896621,4427.355601059299,530.9060977843859,222.1783870967747,-1016.55495847972,0.05386224720022992,-0.18952598785393182,-0.4999999999999998,-0.8660254037844388,-1.0,-1.8369701987210297e-16,10,191,0,0,0,0,2,-0.14579919691987442,-0.9893142039703664,0.43388373911755823,-0.900968867902419,4124.937198977962,4311.580581283935,4283.942244224423,4016.5892772277225,4234.982904290429,4052.6826892366657,3860.793663366336,4020.785792079208,4769.728321622484,,4516.8133640553,571.840118632509,4499.553504585482,548.4052358380898,4448.5110559352715,525.3253594828071,4471.444187700567,536.0699730415155,4406.328305877478,527.2022364570843,4309.942895660649,530.7952435264435,4289.756510537398,534.6176972953899,4137.805985192325,535.8697504240064,4113.733518866608,748.8010390948016,0.008241758241758212,35.535004790801395,0.08229029309044655,330.5263088470142,,,330.5263088470142,326.3297939955287,,2025-07-10
2025,7,3,4,28,0,4569.801616097094,4347.115586074737,4124.937198977962,4120.114591184925,3898.6976684765255,4311.580581283935,5153.320237623762,4347.284800383265,222.4322568329425,4375.473083945491,460.6203589043757,4378.729049265411,482.92346904477995,222.68603002235704,-583.5186215266685,0.05122615803814723,-0.11323158558369228,-0.4999999999999998,-0.8660254037844388,-1.0,-1.8369701987210297e-16,11,192,0,0,0,0,2,-0.16280701293851646,-0.9866579328916572,-0.433883739117558,-0.9009688679024191,4347.115586074737,4532.489861066752,4501.811306930694,4019.911518151815,4450.404,4264.200574896199,4059.341272277228,4793.206806930692,4564.725186841264,,4522.1436147739205,572.1843888340953,4504.409955240225,548.7277202730143,4466.840725866781,519.4151153098737,4475.708388275464,536.3712019899141,4411.785467327493,527.2859568137313,4316.019804515648,530.8136670283116,4287.2742306392465,532.7693160520213,4137.834187577079,535.8924774549138,4115.195275588501,748.0419461712195,0.008232065856526694,37.311755030341374,0.13679159241746075,549.8900979452787,,,549.8900979452787,-223.40519083359868,,2025-07-11
2025,7,3,5,28,1,5446.585555732992,4569.801616097094,4347.115586074737,4124.937198977962,4120.114591184925,4532.489861066752,3868.137564356436,4787.834252634942,581.2591732538939,4417.8753694240395,553.2364624112541,4510.266381880124,542.4988363610121,876.7839396358986,1578.4479913765563,0.19186477079167585,0.40806407867223093,-0.4999999999999998,-0.8660254037844388,-1.0,-1.8369701987210297e-16,12,193,0,0,0,0,2,-0.17976658572556214,-0.9837092937736098,-0.9749279121818236,-0.2225209339563146,4569.801616097094,5402.166799744491,5363.670544554457,4234.982904290429,5302.4713696369645,5087.005150111785,4839.106188118812,4607.773306930692,3412.883388693708,,4528.489151343706,583.7008486417511,4510.332456038692,559.0653244164702,4507.227480914866,547.1297829104906,4480.85532349318,545.2170309054187,4418.206545999301,537.7437227186952,4323.25170174915,542.0455200330107,4296.59436673705,545.6210261683113,4149.13253294952,541.9273116891851,4119.448918656056,750.6240930609252,0.008222396241190033,44.41875598850129,0.28609387070136627,1211.602651442563,,,1211.602651442563,838.8122488023,,2025-07-12
2025,7,3,6,28,1,5234.813848610667,5446.585555732992,4569.801616097094,4347.115586074737,4124.937198977962,5402.166799744491,4086.356336633664,5083.733673480251,457.50020075286966,4640.5613994463965,571.0799423055385,4605.971174544874,561.8727839677478,-211.7717071223251,1148.4575119770034,-0.03888155339805821,0.28104683423744237,-0.4999999999999998,-0.8660254037844388,-1.0,-1.8369701987210297e-16,13,194,0,0,0,0,2,-0.19667288979357622,-0.9804691603616321,-0.7818314824680299,0.6234898018587334,5446.585555732992,5192.171842861706,5153.320237623762,4450.404,5094.569029702971,4893.677802618971,4651.836712871286,3460.5510594059406,3591.2352698818268,,4534.5808664507,591.9459694134081,4516.153428252042,566.6479105849543,4533.374475868554,562.8383131336541,4485.864067025597,551.6698551565986,4424.298261106295,545.1097235667607,4330.191905746047,549.9774273374659,4316.308397728214,547.1254255719722,4158.263525053569,546.3034735684457,4123.001036267377,752.0627100102361,0.008212749315604118,42.64200574896131,0.17625587443536972,784.4098486106668,,,784.4098486106668,1774.2627892047267,,2025-07-13
2025,7,3,0,29,0,3930.679172788247,5234.813848610667,5446.585555732992,4569.801616097094,4347.115586074737,5192.171842861706,4091.178944426701,4870.692859043969,820.9330738528034,4608.988829713617,609.5487568778859,4592.596193575003,576.9490953640566,-1304.1346758224204,-160.49977163845415,-0.24912723041117135,-0.03923068969082821,-0.4999999999999998,-0.8660254037844388,-1.0,-1.8369701987210297e-16,14,195,0,0,0,0,2,-0.2135209154397959,-0.9769384927771817,0.0,1.0,5234.813848610667,3898.6976684765255,3868.137564356436,5302.4713696369645,3824.0741584158422,3677.872995847972,3493.5986138613857,3657.787257425742,3579.9825183647395,,4539.149652780947,586.3167348955501,4520.620685997171,561.3681271185523,4487.648069306931,553.8525418047117,4489.671388967469,547.2838145629967,4428.812657123086,539.8370368668417,4335.395245733272,544.002203300157,4319.3405301211305,544.1832035038346,4160.211839800366,544.8530236131671,4122.3904906690295,750.9423896150735,0.008203125000000089,31.981504311721437,-0.2587080818019839,-1371.7921968487176,,,-1371.7921968487176,272.89191536250473,,2025-07-14
2025,7,3,1,29,0,4153.872845736187,3930.679172788247,5234.813848610667,5446.585555732992,4569.801616097094,3898.6976684765255,4311.580581283935,4439.788622378367,697.4974456371043,4613.811437506653,605.0509842046743,4579.4538822793575,585.662686231954,223.19367294793983,-157.7077355477486,0.056782470188126766,-0.036577708006279464,-0.4999999999999998,-0.8660254037844388,-1.0,-1.8369701987210297e-16,15,196,0,0,0,0,3,-0.23030567023061196,-0.973118337233262,0.7818314824680298,0.6234898018587336,3930.679172788247,4120.114591184925,4086.356336633664,5094.569029702971,4039.8449636963696,3890.236953050144,3692.6707871287126,3662.770618811881,3756.5576493133185,,4543.9722605739835,582.4215131800763,4525.443293790208,557.6280198955844,4456.291529841372,544.8626012987331,4493.743813326034,544.2283347146831,4433.520440921051,536.1921029666361,4340.885746430979,539.74793747836,4324.797221531401,539.9715209060399,4162.41914644716,544.012758563043,4122.490118374938,749.7515617595869,0.008193523214982346,33.758254551261416,-0.18464686188021484,-940.6961839667847,,,-940.6961839667847,491.1022269243058,,2025-07-15
2025,7,3,2,29,0,4158.695453529223,4153.872845736187,3930.679172788247,5234.813848610667,5446.585555732992,4120.114591184925,4532.489861066752,4081.0824906845532,130.2754117711902,4582.408082082402,626.182134006483,4548.304348317896,598.1940333561844,4.8226077930366955,-373.79440753752897,0.0011609907120742058,-0.0824699930932783,-0.4999999999999998,-0.8660254037844388,-1.0,-1.8369701987210297e-16,16,197,0,0,0,0,3,-0.24702218048093527,-0.9690098257244063,0.9749279121818236,-0.22252093395631434,4153.872845736187,4124.937198977962,4091.178944426701,3824.0741584158422,4043.167204620462,3898.274632705206,3697.654148514851,3860.793663366336,3931.948280102203,,4548.794868367021,578.5000643140505,4530.265901583246,553.8626571639847,4467.445573011818,534.806268953901,4497.869822215632,541.1148444125771,4438.17081272148,532.5826963605829,4346.374333395436,535.4552880660005,4328.107241422099,538.0047104777442,4163.6788529662,543.7385596077424,4122.604330788674,748.5670679829844,0.008183943881527656,33.758254551261416,0.08750387185273656,334.62129511338117,,,334.62129511338117,297.9017901628872,,2025-07-16
2025,7,3,3,29,0,4382.650590865539,4158.695453529223,4153.872845736187,3930.679172788247,5234.813848610667,4124.937198977962,5402.166799744491,4231.73963004365,130.7149683801538,4551.216244543809,631.5737285041201,4463.34466424465,534.9544945269366,223.9551373363156,-1019.516208878952,0.05385225723760545,-0.18872357086922464,-0.4999999999999998,-0.8660254037844388,-1.0,-1.8369701987210297e-16,17,198,0,0,0,0,3,-0.2636654927280072,-0.9646141756912435,0.43388373911755823,-0.900968867902419,4158.695453529223,4347.115586074737,4311.580581283935,4039.8449636963696,4259.462574257426,4111.907697221335,3897.513168316831,4059.341272277228,4666.084557649313,,4553.87129762285,576.5880886113292,4535.342330839075,552.026768287537,4478.872427250791,528.985539598842,4502.26939423735,539.6033488907523,4443.005507250841,530.7929570807896,4352.149778901969,533.1669879531768,4331.699567184191,537.268847548155,4162.104219817401,542.6848783705119,4123.422086323507,747.5276821267215,0.008174386920981158,35.535004790802304,0.08485613439370954,342.8056271691694,,,342.8056271691694,323.3093185883108,,2025-07-17
2025,7,3,4,29,0,4607.113371127436,4382.650590865539,4158.695453529223,4153.872845736187,3930.679172788247,4347.115586074737,5192.171842861706,4382.8198051740665,224.2090066899404,4411.304213776217,464.41638642555085,4414.589791600128,487.0033933864524,224.46278026189702,-585.0584717342699,0.05121621621621619,-0.1126808760265936,-0.4999999999999998,-0.8660254037844388,-1.0,-1.8369701987210297e-16,18,199,0,0,0,0,3,-0.2802306751992161,-0.9599326896597445,-0.433883739117558,-0.9009688679024191,4382.650590865539,4569.801616097094,4532.489861066752,4043.167204620462,4476.1076534653475,4326.386833280102,4097.896752475247,4839.106188118812,4465.22717342702,,4559.20154834147,576.932261463757,4540.672581557696,552.3572820473742,4497.670632801022,522.954170034491,4506.948169868139,539.9359625291557,4448.018481140972,530.997144005746,4358.211881504971,533.1361970600389,4329.121869217621,535.3602039705636,4162.892476471292,543.230399579855,4124.938359943582,746.8425661490817,0.008164852255054589,37.31175503034228,0.13948128730924259,563.9461665069739,,,563.9461665069739,-231.99281699137555,,2025-07-18
2025,7,3,5,29,1,5491.0043117214955,4607.113371127436,4382.650590865539,4158.695453529223,4153.872845736187,4569.801616097094,3898.6976684765255,4826.922757904824,585.9599965188605,4454.002624294688,557.6841681769138,4547.282011870542,546.9030319114047,883.8909405940594,1592.30664324497,0.1918535250583071,0.40842013888888884,-0.4999999999999998,-0.8660254037844388,-1.0,-1.8369701987210297e-16,19,200,0,0,0,0,3,-0.2967128192734901,-0.9549667548552553,-0.9749279121818236,-0.2225209339563146,4607.113371127436,5446.585555732992,5402.166799744491,4259.462574257426,5333.070957095711,5161.036410092622,4885.005569306931,4651.836712871286,3338.2598786330245,,4565.547084911256,588.4484058853437,4547.018118127481,563.4151194761173,4538.7220240498245,551.1856521691294,4512.58864681906,549.6237632123427,4453.910765098631,540.7935044162788,4365.426152248001,544.3330642851638,4338.44595364929,548.1976622310899,4174.8521677662275,548.644264903271,4129.207316042888,749.571202035314,0.00815533980582539,44.41875598850311,0.2891307802320038,1231.5417374640692,,,1231.5417374640692,839.1675988502093,,2025-07-19
2025,7,3,6,29,1,5277.45585435963,5491.0043117214955,4607.113371127436,4382.650590865539,4158.695453529223,5446.585555732992,4120.114591184925,5125.191179069521,461.19865266708905,4678.465404556585,575.6673876547524,4643.7271171351,566.4237190445567,-213.54845736186508,1157.341263174705,-0.03889060092449925,0.2809002607963531,-0.4999999999999998,-0.8660254037844388,-1.0,-1.8369701987210297e-16,20,201,0,0,0,0,3,-0.3131070409358267,-0.9497178427914317,-0.7818314824680299,0.6234898018587334,5491.0043117214955,5234.813848610667,5192.171842861706,4476.1076534653475,5123.944633663366,4964.747812200575,4695.900118811881,3493.5986138613857,3512.4660092622166,,4571.638800018251,596.6944346995111,4553.109833234475,571.3325982148439,4565.4336307463,567.2305645133976,4518.071190415355,556.6684517578956,4459.494837280042,547.7340866799432,4372.349434814047,552.2280512071142,4358.266589654826,549.555035766852,4184.657666905657,552.4984270303872,4132.784414293096,751.1381907969765,0.008145849495733382,42.64200574896313,0.17902791061646806,801.3482008942829,,,801.3482008942829,1783.8572404982447,,2025-07-20
2025,7,3,0,30,0,3962.660677099969,5277.45585435963,5491.0043117214955,4607.113371127436,4382.650590865539,5234.813848610667,4124.937198977962,4910.3736143936985,827.6597093889615,4646.596709783882,614.4998094200926,4630.204073645268,581.6675220711913,-1314.7951772596616,-162.27652187799322,-0.24913428241631397,-0.03934036181646605,-0.4999999999999998,-0.8660254037844388,-1.0,-1.8369701987210297e-16,21,202,0,0,0,0,3,-0.3294084822245302,-0.9441875088341994,0.0,1.0,5277.45585435963,3930.679172788247,3898.6976684765255,5333.070957095711,3846.1058613861383,3731.175503034174,3526.6461683168313,3692.6707871287126,3501.2132577451293,,4576.207586348497,591.06464454727,4557.678619564722,565.9270734790523,4519.753288079776,558.3915399235049,4522.2338624051345,551.8726341032512,4463.628501102646,542.9905889408318,4377.540083728131,546.1993630668807,4361.266477321173,546.6098987881479,4187.221263679851,550.3760068849255,4132.256079705539,750.0272027035675,0.008136381247578539,31.981504311721892,-0.2569645690111052,-1370.4102799957418,,,-1370.4102799957418,269.98988997125616,,2025-07-21
2025,7,3,1,30,0,4187.631100287448,3962.660677099969,5277.45585435963,5491.0043117214955,4607.113371127436,3930.679172788247,4347.115586074737,4475.915877249016,703.2088409620198,4651.41931757692,610.00202105512,4616.913699829661,590.4790278066803,224.97042318747935,-159.48448578728858,0.05677256811000064,-0.03668742701440253,-0.4999999999999998,-0.8660254037844388,-1.0,-1.8369701987210297e-16,22,203,0,0,0,0,4,-0.3456123126707333,-0.9383773917408642,0.7818314824680298,0.6234898018587336,3962.660677099969,4153.872845736187,4120.114591184925,5123.944633663366,4063.1006501650168,3946.50071063558,3727.5543168316826,3697.654148514851,3673.642638134781,,4581.030194141535,587.1693017879298,4562.501227357759,562.1868129424934,4488.542836967245,549.5536571861207,4526.6813784809365,548.527110846305,4467.934400917858,539.7616984725806,4383.017188293081,541.8927649884859,4366.710665674202,542.3495736533321,4190.076755136255,549.0282453305326,4132.427519397744,748.8679971389604,0.008126934984520107,33.758254551261416,-0.18273295289424318,-936.3135333759183,,,-936.3135333759183,489.9769517725972,,2025-07-22
2025,7,3,2,30,0,4192.453708080486,4187.631100287448,3962.660677099969,5277.45585435963,5491.0043117214955,4153.872845736187,4569.801616097094,4114.248495155968,131.30104464064,4619.719837112744,631.3312899467034,4585.468040828277,603.1282908602788,4.822607793037605,-377.347908016608,0.0011516314779271841,-0.08257424276086789,-0.4999999999999998,-0.8660254037844388,-1.0,-1.8369701987210297e-16,23,204,0,0,0,0,4,-0.3617137307297674,-0.9322892131745134,0.9749279121818236,-0.22252093395631434,4187.631100287448,4158.695453529223,4124.937198977962,3846.1058613861383,4066.4228910891097,3954.5383902906424,3732.5376782178214,3897.513168316831,3844.88751836474,,4585.852801934572,583.2479437515913,4567.323835150796,558.4215010154169,4500.08776519039,539.131241948191,4531.182479087771,545.1169344162812,4472.182888735533,536.5741731435769,4388.492379124779,537.5472803517176,4369.987782782687,540.3700873380715,4192.007678412453,548.418291677085,4132.612785412196,747.7152966841726,0.00811751063007371,33.758254551262326,0.09005156362740463,346.3478466943475,,,346.3478466943475,294.94053976365467,,2025-07-23
2025,7,3,3,30,0,4418.18559565634,4192.453708080486,4187.631100287448,3962.660677099969,5277.45585435963,4158.695453529223,5446.585555732992,4266.090134674759,131.74060241582382,4588.231874534228,636.7737691047798,4499.768044155223,539.336904020815,225.73188757585467,-1028.399960076652,0.053842428156280375,-0.18881553398058237,-0.4999999999999998,-0.8660254037844388,-1.0,-1.8369701987210297e-16,24,205,0,0,0,0,4,-0.37770796520396466,-0.9259247771938499,0.43388373911755823,-0.900968867902419,4192.453708080486,4382.650590865539,4347.115586074737,4063.1006501650168,4283.942244224423,4171.132705206005,3934.2326732673264,4097.896752475247,4562.440793676142,,4590.9292311904,581.3360683062527,4572.400264406626,556.5856908242886,4511.9239300401005,533.0704737008907,4535.976884496054,543.4496703651494,4476.594547493574,535.0674717397474,4394.253723438934,535.2083156224448,4373.546547706921,539.6121646424465,4191.206260645676,547.9791701905235,4133.491470982179,746.7285609318745,0.008108108108108025,35.535004790801395,0.08739260384231495,355.08494549132365,,,355.08494549132365,320.2888431810934,,2025-07-24
2025,7,3,4,30,0,4644.425126157777,4418.18559565634,4192.453708080486,4187.631100287448,3962.660677099969,4382.650590865539,5234.813848610667,4418.354809964869,225.9857565529486,4447.135343606942,468.2124276531428,4450.568983950815,490.94658317583634,226.239530501437,-590.3887224528899,0.051206434316353855,-0.11278122575640015,-0.4999999999999998,-0.8660254037844388,-1.0,-1.8369701987210297e-16,25,206,0,0,0,0,4,-0.39359027665646645,-0.9192859697186105,-0.433883739117558,-0.9009688679024191,4418.18559565634,4607.113371127436,4569.801616097094,4066.4228910891097,4501.811306930694,4388.573091664006,4139.828058128393,4885.005569306931,4365.7291600127755,,4596.259481909021,581.6801453929855,4577.730515125246,556.9161151938322,4531.190671209057,526.8222542568278,4541.070235182735,543.7858049914291,4481.163333823821,535.3944400743461,4400.260831391664,535.1500325013776,4370.873431671931,537.6423399354924,4192.754571568704,548.8680438539466,4135.0587521330235,746.115686195551,0.008098727342846113,37.311755030341374,0.14214021771696772,578.0022350686677,,,578.0022350686677,-240.58044314915333,,2025-07-25
2025,7,3,5,30,1,5535.423067709998,4644.425126157777,4418.18559565634,4192.453708080486,4187.631100287448,4607.113371127436,3930.679172788247,4866.011263174706,590.6608200386721,4490.129879165336,562.1318753413218,4584.2976418609605,551.3072681275809,890.9979415522203,1604.7438949217508,0.19184246001384486,0.4082612251926472,-0.4999999999999998,-0.8660254037844388,-1.0,-1.8369701987210297e-16,26,207,0,0,0,0,4,-0.4093559588156211,-0.9123747579707274,-0.9749279121818236,-0.2225209339563146,4644.425126157777,5491.0043117214955,5446.585555732992,4283.942244224423,5363.670544554457,5235.067670073459,4938.942630150112,4695.900118811881,3263.6363685723413,,4602.605018478806,593.1959792576022,4584.076051695031,567.9737598028396,4572.906698658577,555.3455914696259,4547.204253866862,554.2760977856522,4486.52682306733,544.5110774525918,4407.361788981663,546.226715970531,4380.201464437466,550.4745535597445,4205.375608786136,553.4840030030875,4139.341211813688,748.9846374337086,0.008089368258859864,44.4187559885022,0.29213298222514816,1251.4808234855745,,,1251.4808234855745,839.5229488981167,,2025-07-26
2025,7,3,6,30,1,5320.097860108592,5535.423067709998,4644.425126157777,4418.18559565634,4192.453708080486,5491.0043117214955,4153.872845736187,5166.6486846587895,464.89710694648613,4716.369409666774,580.2548346490926,4681.4830597253285,570.9746956263646,-215.32520760140596,1166.225014372405,-0.03889950324799396,0.2807560697409157,-0.4999999999999998,-0.8660254037844388,-1.0,-1.8369701987210297e-16,27,208,0,0,0,0,4,-0.42500033996955394,-0.9051931898913975,-0.7818314824680299,0.6234898018587334,5535.423067709998,5277.45585435963,5234.813848610667,4501.811306930694,5153.320237623762,5035.817821782179,4751.537783455765,3526.6461683168313,3433.696748642606,,4608.696733585802,601.442901556282,4590.167766802027,575.8921767366356,4600.182917097839,571.5910452482435,4553.160597527034,561.8747835836812,4491.603252323159,551.0115356950098,4414.130361322769,554.0101623102433,4400.128705457374,551.6888155934995,4215.855614960947,556.6410680773491,4142.941079643854,750.6750468562167,0.008080030781069558,42.64200574896131,0.18176829222453583,818.286553177898,,,818.286553177898,1793.4516917917604,,2025-07-27
2025,7,3,0,31,0,3994.64218141169,5320.097860108592,5535.423067709998,4644.425126157777,4418.18559565634,5277.45585435963,4158.695453529223,4950.054369743427,834.3863454460129,4684.204589854147,619.4508703789536,4667.8119537155335,586.3859925430626,-1325.4556786969015,-164.0532721175332,-0.2491412213740457,-0.03944825341281277,-0.4999999999999998,-0.8660254037844388,-1.0,-1.8369701987210297e-16,28,209,0,0,0,0,4,-0.4405187843504952,-0.8977433935342336,0.0,1.0,5320.097860108592,3962.660677099969,3930.679172788247,5363.670544554457,3868.137564356436,3780.010752475248,3571.267981475567,3727.5543168316826,3422.443997125519,,4613.265519916047,595.8125646404943,4594.736553132272,570.4860730346721,4554.548638326413,563.1213800238116,4557.678619564722,556.6468083634445,4495.435956411309,546.7014805706885,4419.170530369627,548.144537699975,4403.096348397152,548.7407369120879,4219.034493762537,553.7108704470511,4142.490323114274,749.5744427013783,0.008070714834742532,31.981504311721437,-0.2552409496017036,-1369.0283631427665,,,-1369.0283631427665,267.0878645800076,,2025-07-28
2025,7,3,1,31,0,4221.38935483871,3994.64218141169,5320.097860108592,5535.423067709998,4644.425126157777,3962.660677099969,4382.650590865539,4512.043132119664,708.9202372151775,4689.027197647185,614.9530666364523,4654.373517379964,595.295410992007,226.74717342701933,-161.26123602682947,0.05676282458592774,-0.03679536679536699,-0.4999999999999998,-0.8660254037844388,-1.0,-1.8369701987210297e-16,29,210,0,0,0,0,5,-0.455906693508459,-0.8900275764346766,0.7818314824680298,0.6234898018587336,3994.64218141169,4187.631100287448,4153.872845736187,5153.320237623762,4086.356336633664,3993.333590759076,3777.7094378792713,3732.5376782178214,3590.727626956244,,4618.088127709085,591.9171028478238,4599.55916092531,566.7456620020912,4523.4842755669115,554.5915804351464,4562.5012273577595,552.9850856588153,4499.508380769875,543.7346278134924,4424.452434142954,544.0110251478945,4408.528033692939,544.4311791688843,4222.538170028551,551.7046296682806,4142.729411089196,748.4470069399856,0.0080614203454894,33.758254551261416,-0.18084086371755803,-931.9308827850527,,,-931.9308827850527,488.85167662088816,,2025-07-29
2025,7,3,2,31,0,4226.211962631747,4221.38935483871,3994.64218141169,5320.097860108592,5535.423067709998,4187.631100287448,4607.113371127436,4147.414499627383,132.32668021315177,4657.031592143086,636.4804516388339,4622.631733338657,608.0625861268995,4.822607793037605,-380.9014084956889,0.0011424219345010922,-0.08267680384919118,-0.4999999999999998,-0.8660254037844388,-1.0,-1.8369701987210297e-16,30,211,0,0,0,0,5,-0.47115950767386394,-0.8820480249558535,0.9749279121818236,-0.22252093395631434,4221.38935483871,4192.453708080486,4158.695453529223,3868.137564356436,4091.178944426701,3996.655831683169,3785.7471175343335,3934.2326732673264,3757.826756627276,,4622.9107355021215,587.9958342573859,4604.381768718347,562.9804004313613,4535.420088842756,543.7481801343724,4567.323835150796,549.2989538138272,4503.607597393956,540.7317138055067,4429.696063251256,539.8876366122636,4411.772248019211,542.4394369468183,4225.140310061908,550.6040345287856,4142.981624235851,747.3262232056425,0.00805214723926384,33.758254551261416,0.09257023368942296,358.07439827531107,,,358.07439827531107,291.97928936442077,,2025-07-30
2025,7,3,3,31,0,4453.720600447142,4226.211962631747,4221.38935483871,3994.64218141169,5320.097860108592,4192.453708080486,5491.0043117214955,4300.440639305867,132.76623912758996,4625.2475045246465,641.973814668044,4536.191424065794,543.7193549351318,227.50863781539465,-1037.2837112743537,0.05383275610097904,-0.18890600924499235,-0.4999999999999998,-0.8660254037844388,-1.0,-1.8369701987210297e-16,31,212,0,1,0,0,5,-0.4862727071086902,-0.8738071036110807,0.43388373911755823,-0.900968867902419,4226.211962631747,4418.18559565634,4382.650590865539,4086.356336633664,4311.580581283935,4210.5032343234325,3993.457681251996,4139.828058128393,4458.797029702971,,4627.987164757951,586.0840574811428,4609.458197974176,561.1446678288069,4547.6655643032045,537.385703047706,4572.400264406625,547.5017915455578,4507.950764646165,539.3095831867882,4435.175383717865,537.7382365644664,4415.259942933864,541.6798628076147,4225.112107677154,550.5921294621808,4143.917585007572,746.3913335692121,0.008042895442359255,35.535004790801395,0.08990020290695266,367.3642638134779,,,367.3642638134779,313.8925423187484,,2025-07-31
2025,8,3,4,31,0,4681.73688118812,4453.720600447142,4226.211962631747,4221.38935483871,3994.64218141169,4418.18559565634,5277.45585435963,4453.88981475567,227.7625064218297,4482.9664734376665,472.0084822564567,4486.548176301501,494.8898138271779,228.0162807409779,-595.7189731715107,0.05119680851063846,-0.11287995382839555,-0.8660254037844384,-0.5000000000000004,-1.0,-1.8369701987210297e-16,1,213,1,0,0,0,1,-0.5012418134457756,-0.8653072543632061,-0.433883739117558,-0.9009688679024191,4453.720600447142,4644.425126157777,4607.113371127436,4091.178944426701,4532.489861066752,4424.700346534654,4202.014316512296,4938.942630150112,4302.926478076379,,4633.317415476571,586.4280403473267,4614.788448692796,561.4750042276148,4567.35082886192,530.8642340894128,4577.730515125246,547.8252576414982,4512.540702764977,539.6818365538846,4440.886366630673,537.7795593492548,4412.402101278731,539.5602757517863,4227.216609916664,551.6142231010581,4145.5326579690745,745.8489311608035,0.008033664881407887,37.31175503034228,0.14434908489297915,590.5579367614187,,,590.5579367614187,-257.20574896199196,,2025-08-01
2025,8,3,5,31,1,5569.265929415523,4681.73688118812,4453.720600447142,4226.211962631747,4221.38935483871,4644.425126157777,3962.660677099969,4901.574470350261,589.3698070415896,4524.494484988822,562.649114752358,4620.431947327797,554.0591088820494,887.5290482274031,1606.605252315554,0.18957260323484215,0.4054359894098556,-0.8660254037844384,-0.5000000000000004,-1.0,-1.8369701987210297e-16,2,214,0,0,0,0,1,-0.5160623910158526,-0.8565509959010037,-0.9749279121818236,-0.2225209339563146,4681.73688118812,5535.423067709998,5491.0043117214955,4311.580581283935,5402.166799744491,5271.871782178218,5012.973890130948,4751.537783455765,3244.05585572843,,4638.152110005932,595.1790307809806,4620.378564242369,571.1755675082528,4609.273673799637,558.8898453358355,4583.698341184926,557.955524592328,4517.851312537072,548.6779454628247,4447.5088909078695,548.2331001609417,4421.487969567172,552.0751663706925,4240.13444365937,555.6729353431507,4149.7953324344835,748.7916914260552,0.006113870844478342,33.84286170552514,0.29169937205651486,1257.6853481315875,,,1257.6853481315875,817.728145959758,,2025-08-02
2025,8,3,6,31,1,5342.434148834239,5569.265929415523,4681.73688118812,4453.720600447142,4226.211962631747,5535.423067709998,4187.631100287448,5197.812319812628,461.1003772867659,4749.126479559247,577.6495068526394,4716.665534706696,572.0486488522429,-226.83178058128397,1154.8030485467907,-0.040729206228636516,0.2757652288109911,-0.8660254037844384,-0.5000000000000004,-1.0,-1.8369701987210297e-16,3,215,0,0,0,0,1,-0.5307300481619331,-0.8475409228928312,-0.7818314824680299,0.6234898018587334,5569.265929415523,5320.097860108592,5277.45585435963,4532.489861066752,5192.171842861706,5065.193425742575,4822.607793037368,3571.267981475567,3442.078900282885,,4641.343008395311,599.4887243023123,4625.019870990555,577.1582900993121,4636.2718167252215,574.4004206480237,4589.064852112516,564.7064645454093,4522.802039735137,554.9216611852237,4453.6972999054515,555.4051630637236,4441.1675936489355,552.9944429731094,4250.691972817989,558.4714299560495,4153.355448304333,750.5039773070193,0.004198473282442716,22.336288725647137,0.17869742957943657,809.9442877674865,,,809.9442877674865,1771.1661673586718,,2025-08-03
2025,8,3,0,32,0,4003.7797540721817,5342.434148834239,5569.265929415523,4681.73688118812,4453.720600447142,5320.097860108592,4192.453708080486,4971.826610773982,845.9900718968703,4712.858212764825,622.5010376158183,4700.942705206005,590.075328922768,-1338.654394762057,-188.673954008304,-0.25057012542759405,-0.04500322893122377,-0.8660254037844384,-0.5000000000000004,-1.0,-1.8369701987210297e-16,4,216,0,0,0,0,1,-0.5452404385406507,-0.8382797052177745,0.0,1.0,5342.434148834239,3994.64218141169,3962.660677099969,5402.166799744491,3898.6976684765255,3802.042455445546,3624.5704886617696,3777.7094378792713,3459.876619519094,,4642.648375918237,597.8535772724642,4627.956947917142,573.6221488213737,4589.658915202811,566.7939983570334,4592.817783740932,560.2803197721365,4526.404491496328,550.7970383275826,4458.211695922243,550.100526697293,4443.679486051079,550.4545367526093,4253.713656898838,555.6329308242215,4152.910282547689,749.4274108145135,0.002287457110179192,9.137572660491514,-0.2588566953797964,-1398.3870456723093,,,-1398.3870456723093,226.07031619291047,,2025-08-04
2025,8,3,1,32,0,4222.996890769722,4003.7797540721817,5342.434148834239,5569.265929415523,4681.73688118812,3994.64218141169,4418.18559565634,4523.070264558715,718.0055148790736,4712.322367454489,623.0049002055885,4684.676979798786,601.1642919063916,219.21713669754035,-195.18870488661832,0.05475254638434546,-0.044178475679816254,-0.8660254037844384,-0.5000000000000004,-1.0,-1.8369701987210297e-16,5,217,0,0,0,0,1,-0.5595892624101763,-0.828770087174504,0.7818314824680298,0.6234898018587336,4003.7797540721817,4221.38935483871,4187.631100287448,5192.171842861706,4120.114591184925,4016.5892772277225,3833.9731954647073,3785.7471175343335,3660.709830268742,,4642.878023908382,597.6650728911598,4630.483075808733,571.6082078274447,4557.353083466412,558.8324303116549,4596.492151583247,557.3954028687676,4530.09034173815,548.0069606492348,4462.8429303901585,546.4069885839652,4448.537816864805,546.4977259538982,4256.837473901623,553.8581652562559,4153.118254678912,748.3210996788225,0.00038080731150036407,1.607535931012535,-0.1866608004171556,-969.1749520919839,,,-969.1749520919839,437.2497732353886,,2025-08-05
2025,8,3,2,32,0,4219.781818907697,4222.996890769722,4003.7797540721817,5342.434148834239,5569.265929415523,4221.38935483871,4644.425126157777,4148.852821249868,125.64724544145756,4673.332570531246,649.1957518159891,4649.290037527947,616.0625732088273,-3.21507186202507,-424.6433072500804,-0.0007613247049866878,-0.09143075745983176,-0.8660254037844384,-0.5000000000000004,-1.0,-1.8369701987210297e-16,6,218,0,0,0,0,1,-0.5737722679043243,-0.8190148866680802,0.9749279121818236,-0.22252093395631434,4222.996890769722,4226.211962631747,4192.453708080486,3898.6976684765255,4124.937198977962,4019.911518151815,3842.01087511977,3993.457681251996,3863.416485148515,,4641.959431947804,598.4166777856154,4632.435083724963,570.0418144624368,4568.055888480784,548.766886372117,4599.87945943788,554.7053098935693,4533.659454251646,545.2678270740724,4467.340203530492,542.7781824034737,4451.052529505424,544.8985193086105,4258.817281311395,553.0803771635842,4153.315484158879,747.2188041428917,-0.00152149106124011,-6.43014372405014,0.08235677083333326,321.08415043117157,,,321.08415043117157,226.32413765570118,,2025-08-06
2025,8,3,3,32,0,4438.4913126796555,4219.781818907697,4222.996890769722,4003.7797540721817,5342.434148834239,4226.211962631747,5535.423067709998,4293.756674119025,125.35418170616948,4632.791642446503,656.1240742011383,4557.879057942085,550.5201494246038,218.70949377195848,-1096.9317550303422,0.051829573934837336,-0.1981658387466565,-0.8660254037844384,-0.5000000000000004,-1.0,-1.8369701987210297e-16,7,219,0,0,0,0,1,-0.5877852522924734,-0.8090169943749472,0.43388373911755823,-0.900968867902419,4219.781818907697,4453.720600447142,4418.18559565634,4120.114591184925,4347.115586074737,4234.982904290429,4052.6826892366657,4202.014316512296,4622.723391089109,,4639.783819409591,599.2422167977663,4633.885492083771,569.4803032098017,4578.668445863941,542.8521280216377,4603.142878245198,553.4305083086577,4537.293532972883,543.9175222638656,4471.933163333384,540.8560404656727,4453.680051685062,544.2539237058984,4257.793769764676,552.5734172620088,4154.1567107916835,746.2733797233326,-0.003419452887537977,-15.229287767486312,0.07727375403002235,318.3767214947302,,,318.3767214947302,236.47699616735918,,2025-08-07
2025,8,3,4,32,0,4656.862377834558,4438.4913126796555,4219.781818907697,4222.996890769722,4003.7797540721817,4453.720600447142,5320.097860108592,4438.378503140638,218.54030130033476,4480.724383849676,476.93660103971314,4502.609434419249,497.8097668766728,218.37106515490268,-663.2354822740335,0.04919939001143736,-0.1246660305343511,-0.8660254037844384,-0.5000000000000004,-1.0,-1.8369701987210297e-16,8,220,0,0,0,0,2,-0.6016240632249227,-0.7987793728863648,-0.433883739117558,-0.9009688679024191,4438.4913126796555,4681.73688118812,4644.425126157777,4124.937198977962,4569.801616097094,4450.404,4264.200574896199,5012.973890130948,4460.295785007072,,4636.230318930511,599.0256856710328,4634.773867203541,569.507709755236,4596.399285159161,536.1669619258773,4606.2521911643935,553.4808133094728,4540.980289719929,544.017557576212,4476.60770860646,540.735852500385,4449.72325710399,541.4292579207074,4258.885806391496,553.1697654903116,4155.635256871222,745.6704280344251,-0.0053130929791271875,-24.874503353561522,0.12895352176231722,531.9251788565962,,,531.9251788565962,-356.1115122963902,,2025-08-08
2025,8,3,5,32,1,5539.653425423188,4656.862377834558,4438.4913126796555,4219.781818907697,4222.996890769722,4681.73688118812,3994.64218141169,4878.335705312468,583.0328684761553,4513.5942632811675,549.4810331997953,4631.360371420206,551.4005364673861,882.7910475886301,1545.011244011498,0.1895677767482422,0.38677087304613034,-0.8660254037844384,-0.5000000000000004,-1.0,-1.8369701987210297e-16,9,221,0,0,0,0,2,-0.6152845999633277,-0.7883050558305253,-0.9749279121818236,-0.2225209339563146,4656.862377834558,5569.265929415523,5535.423067709998,4347.115586074737,5446.585555732992,5302.4713696369645,5087.005150111785,4822.607793037368,3362.0828359264497,,4631.999961217321,591.3942875370847,4635.076035611626,570.0232224249837,4636.150546470776,560.6940418366983,4609.576043653329,558.9664949073975,4545.215683573254,550.9331830478219,4481.996378550643,549.0830115678748,4457.690430797166,552.1475351016275,4270.9834207775875,557.2437759719758,4159.693961177825,748.3357147038516,-0.005317128750474742,-29.612503992334496,0.27432853250291966,1192.5378393484516,,,1192.5378393484516,717.0456323858207,,2025-08-09
2025,8,3,6,32,1,5314.006145001597,5539.653425423188,4656.862377834558,4438.4913126796555,4219.781818907697,5569.265929415523,4221.38935483871,5170.1739827531155,458.63468752203613,4731.96532843607,566.441496228778,4722.411770600448,567.5235516155221,-225.64728042159095,1092.6167901628878,-0.04073310423825893,0.25882871687978537,-0.8660254037844384,-0.5000000000000004,-1.0,-1.8369701987210297e-16,10,222,0,0,0,0,2,-0.6287628145958345,-0.7775971469736268,-0.7818314824680299,0.6234898018587334,5539.653425423188,5342.434148834239,5320.097860108592,4569.801616097094,5234.813848610667,5094.569029702971,4893.677802618971,3624.5704886617696,3566.6629349363507,,4627.938817812657,585.7734871623139,4634.640913103984,569.4621420594164,4660.957364100926,573.9632672931738,4612.404339953005,562.4368646459098,4549.1342034893005,555.671506558407,4487.000287388531,554.7658153488468,4476.461938089831,552.2235813370487,4280.690883055729,560.1179984272511,4163.069143001871,749.8400549893873,-0.0053211706575446716,-28.42800383264148,0.16285269940013336,744.2045289045036,,,744.2045289045036,1689.4356563398278,,2025-08-10
2025,8,3,0,33,0,3982.458751197701,5314.006145001597,5539.653425423188,4656.862377834558,4438.4913126796555,5342.434148834239,4226.211962631747,4945.372773874163,841.5056358044296,4691.8756385074,616.0110360376794,4702.099002980944,590.7835872940242,-1331.5473938038963,-243.75321143404608,-0.2505731753916698,-0.057676522992532564,-0.8660254037844384,-0.5000000000000004,-1.0,-1.8369701987210297e-16,11,223,0,0,0,0,2,-0.6420547132365636,-0.7666588193001592,0.0,1.0,5314.006145001597,4003.7797540721817,3994.64218141169,5446.585555732992,3930.679172788247,3824.0741584158422,3677.872995847972,3833.9731954647073,3584.46065417256,,4624.89296025916,589.6027629378945,4633.770668088699,570.5237336988156,4612.153137283083,567.0636487239574,4614.253610610485,560.1930093324952,4551.962499788977,552.3068369329632,4490.626308285552,550.3916992220984,4478.111777597975,550.5016205240316,4282.9019835947565,558.1362875757372,4162.542582092821,748.806500395714,-0.0053252187143399965,-21.321002874480655,-0.26881553398058233,-1464.1268045352913,,,-1464.1268045352913,148.48555573299382,,2025-08-11
2025,8,3,1,33,0,4200.491387735548,3982.458751197701,5314.006145001597,5539.653425423188,4656.862377834558,4003.7797540721817,4453.720600447142,4498.985427978283,714.1978959166722,4688.660566645375,619.0108027944239,4680.996568588311,604.8179540651682,218.03263653784734,-253.2292127115934,0.05474824729126837,-0.05685790273556224,-0.8660254037844384,-0.5000000000000004,-1.0,-1.8369701987210297e-16,12,224,0,0,0,0,2,-0.655156357209085,-0.7554933140726804,0.7818314824680298,0.6234898018587336,3982.458751197701,4222.996890769722,4221.38935483871,5234.813848610667,4153.872845736187,4039.8449636963696,3890.236953050144,3842.01087511977,3791.850919377652,,4621.677888397136,592.2151067058747,4632.277956152759,571.7117813332376,4577.675721920579,559.2905770868747,4615.918558539034,558.8416829744444,4554.831185932534,550.010959302764,4494.319813460378,547.3467199355321,4482.094894404817,547.134023150852,4285.172208418968,556.9576041204831,4162.6528983882945,747.7169484161135,-0.005329272934906593,-22.50550303417367,-0.19758533747090756,-1034.3224608751188,,,-1034.3224608751188,358.4805126157785,,2025-08-12
2025,8,3,2,33,0,4197.276315873523,4200.491387735548,3982.458751197701,5314.006145001597,5539.653425423188,4222.996890769722,4681.73688118812,4126.742151602259,124.96343023459792,4648.458067177687,645.7628435234006,4640.624854812095,620.7238124451089,-3.21507186202507,-484.46056531459635,-0.0007654037504783995,-0.10347881087919042,-0.8660254037844384,-0.5000000000000004,-1.0,-1.8369701987210297e-16,13,225,0,0,0,0,2,-0.6680638642135333,-0.7441039398713608,0.9749279121818236,-0.22252093395631434,4200.491387735548,4219.781818907697,4226.211962631747,3930.679172788247,4158.695453529223,4043.167204620462,3898.274632705206,4052.6826892366657,4001.114628712871,,4618.4628165351105,594.8159775571788,4630.211124241457,573.342676612756,4586.562293356755,550.7080889527593,4617.296446479902,557.7190291710473,4557.583134347768,547.7853660534867,4497.879357307621,544.388022868732,4483.701490256338,546.070193186815,4286.26199556986,556.5904813021741,4162.753256120136,746.6316864910247,-0.00533333333333319,-22.50550303417367,0.06782470188126921,266.59714308527646,,,266.59714308527646,144.5936266368576,,2025-08-13
2025,8,3,3,33,0,4414.801309485788,4197.276315873523,4200.491387735548,3982.458751197701,5314.006145001597,4219.781818907697,5569.265929415523,4270.8563376982875,124.67036676349959,4608.114555786225,652.6572614912452,4544.41946981795,549.0350940646989,217.52499361226455,-1154.464619929735,0.05182527363986367,-0.20729206228636532,-0.8660254037844384,-0.5000000000000004,-1.0,-1.8369701987210297e-16,14,226,0,0,0,0,2,-0.6807734094770159,-0.7324940716135792,0.43388373911755823,-0.900968867902419,4197.276315873523,4438.4913126796555,4453.720600447142,4153.872845736187,4382.650590865539,4259.462574257426,4111.907697221335,4264.200574896199,4786.649752475247,,4615.078530364558,596.0766696277741,4627.431174887074,574.357702292632,4595.2599088150755,545.6762587001347,4618.444686430626,557.2509443587725,4560.357040333988,546.6403884480376,4501.485233644103,542.801480901263,4485.374831751778,545.6205718567079,4284.196170886586,555.4117039990625,4163.481718702118,745.6719520146196,-0.005337399923751374,-23.690003193867597,0.06281570800065195,260.9284637496012,,,260.9284637496012,150.60073458958868,,2025-08-14
2025,8,3,4,33,0,4631.987874480998,4414.801309485788,4197.276315873523,4200.491387735548,3982.458751197701,4438.4913126796555,5342.434148834239,4414.68849994677,217.35580125964535,4456.836963962526,474.40558931348886,4485.215613621846,490.32591370609134,217.18656499520966,-710.4462743532413,0.049195093905711085,-0.1329817559863169,-0.8660254037844384,-0.5000000000000004,-1.0,-1.8369701987210297e-16,15,227,0,0,0,0,3,-0.6932812268869771,-0.7206671495538615,-0.433883739117558,-0.9009688679024191,4414.801309485788,4656.862377834558,4681.73688118812,4158.695453529223,4607.113371127436,4476.1076534653475,4326.386833280102,5087.005150111785,4617.665091937765,,4611.525029885478,595.8601654886123,4623.877674407994,574.1497314110866,4611.036322846801,539.4252484921024,4619.3330615503955,557.2520383972239,4563.140615709267,546.6004590094258,4505.123341277446,542.6378658474092,4480.319084244768,542.0798154510431,4284.275741900715,555.460769102866,4164.831880534333,745.0182586237161,-0.005341472720335583,-24.874503353560613,0.11380790592639345,473.29242095177415,,,473.29242095177415,-455.0172756307875,,2025-08-15
2025,8,3,5,33,1,5510.040921430854,4631.987874480998,4414.801309485788,4197.276315873523,4200.491387735548,4656.862377834558,4003.7797540721817,4852.276701799215,579.8989804046056,4489.509426700735,546.5158640030257,4610.737377568403,545.5632938985096,878.0530469498563,1506.261167358672,0.18956289842365792,0.3762097967118889,-0.8660254037844384,-0.5000000000000004,-1.0,-1.8369701987210297e-16,16,228,0,0,0,0,3,-0.7055836101071774,-0.7086266782644601,-0.9749279121818236,-0.2225209339563146,4631.987874480998,5539.653425423188,5569.265929415523,4382.650590865539,5491.0043117214955,5333.070957095711,5161.036410092622,4893.677802618971,3480.1098161244695,,4607.2946721722865,588.2288724309337,4619.6473166948035,566.819648954455,4648.616000532312,561.7733812044484,4620.012940468586,558.3654155535773,4566.300793643823,551.6212732436852,4509.278156888615,549.0190943651563,4487.1675633426785,551.1778738201876,4295.553136930195,559.633700633762,4168.6974237553,747.430662531153,-0.005345551737304222,-29.612503992334496,0.25723938223938214,1127.3903305653148,,,1127.3903305653148,616.3631188118825,,2025-08-16
2025,8,3,6,33,1,5285.578141168955,5510.040921430854,4631.987874480998,4414.801309485788,4197.276315873523,5539.653425423188,4222.996890769722,5142.535645693602,456.16899823236145,4706.695991695945,563.3831617248327,4699.285815101673,562.8668376173097,-224.46278026189884,1062.5812503992329,-0.040737044145873647,0.25161781499809655,-0.8660254037844384,-0.5000000000000004,-1.0,-1.8369701987210297e-16,17,229,0,0,0,0,3,-0.7176769136759615,-0.6963762255968726,-0.7818314824680299,0.6234898018587334,5510.040921430854,5314.006145001597,5342.434148834239,4607.113371127436,5277.45585435963,5123.944633663366,4964.747812200575,3677.872995847972,3691.246969589816,,4603.233528767624,582.6078078280898,4615.58617329014,561.420646190824,4671.2314928670285,573.5775541650578,4620.303022140348,558.7216162966184,4569.187106277852,555.0046408608653,4513.097565566811,553.3249644623918,4505.030953846245,550.7065942582655,4304.410532327856,562.6246864363115,4171.897655037288,748.7466516467268,-0.005349636988918771,-28.42800383264239,0.14726461351991604,678.4647700415189,,,678.4647700415189,1607.7051453209829,,2025-08-17
2025,8,3,0,34,0,3961.137748323219,5285.578141168955,5510.040921430854,4631.987874480998,4414.801309485788,5314.006145001597,4219.781818907697,4918.9189369743435,837.0211998098812,4666.8037184605555,612.7101381538173,4677.732142552965,587.3185292110662,-1324.440392845736,-258.64407058447796,-0.25057625816365725,-0.061293233082706844,-0.8660254037844384,-0.5000000000000004,-1.0,-1.8369701987210297e-16,18,230,0,0,0,0,3,-0.7295575540864876,-0.6839194216246105,0.0,1.0,5285.578141168955,3982.458751197701,4003.7797540721817,5491.0043117214955,3962.660677099969,3846.1058613861383,3731.175503034174,3890.236953050144,3709.044688826025,,4600.187671214127,586.437247639419,4612.540315736644,565.0988075938079,4620.235940753754,566.140422755778,4620.248631826893,558.7880776103426,4571.241247116014,552.4869322854225,4515.8352113440615,549.9683980568715,4505.8187404603905,549.8673212214001,4305.811049325063,561.446918248827,4171.2954838752485,747.7580467116785,-0.005353728489484011,-21.32100287448202,-0.2786132511556242,-1529.8665633982764,,,-1529.8665633982764,70.90079527307489,,2025-08-18
2025,8,3,1,34,0,4177.985884701373,3961.137748323219,5285.578141168955,5510.040921430854,4631.987874480998,3982.458751197701,4438.4913126796555,4474.90059139785,710.3902771292856,4663.588646598531,615.7099056667477,4656.0233568881085,601.6060696440996,216.84813637815387,-260.50542797828257,0.054743901918065774,-0.05869233701868104,-0.8660254037844384,-0.5000000000000004,-1.0,-1.8369701987210297e-16,19,231,0,0,0,0,3,-0.7412220108485957,-0.6712599575675315,0.7818314824680298,0.6234898018587336,3961.137748323219,4200.491387735548,4222.996890769722,5277.45585435963,4187.631100287448,4063.1006501650168,3946.50071063558,3898.274632705206,3922.9920084865626,,4596.9725993521015,589.0496223029955,4609.3252438746185,567.6080290569976,4583.586941765145,557.6516955670955,4619.904159841675,559.0675507365962,4573.292769161306,550.7764237584062,4518.590987225796,547.6563131433571,4508.926643260348,547.1787450838261,4307.227681970701,560.7969216976779,4171.314544846263,746.6891422142689,-0.005357826253348907,-22.50550303417549,-0.2083333333333336,-1099.4699696582575,,,-1099.4699696582575,279.711251996167,,2025-08-19
2025,8,3,2,34,0,4174.770812839348,4177.985884701373,3961.137748323219,5285.578141168955,5510.040921430854,4200.491387735548,4656.862377834558,4104.631481954647,124.27961564707788,4623.583563824124,642.3299362924676,4615.849059805175,617.4334053750096,-3.21507186202507,-482.0915649952103,-0.0007695267410542384,-0.10352282843698357,-0.8660254037844384,-0.5000000000000004,-1.0,-1.8369701987210297e-16,20,232,0,0,0,0,3,-0.7526668275320083,-0.6584015846980489,0.9749279121818236,-0.22252093395631434,4177.985884701373,4197.276315873523,4219.781818907697,3962.660677099969,4192.453708080486,4066.4228910891097,3954.5383902906424,4111.907697221335,4138.812772277228,,4593.757527490076,591.6504623945681,4606.1101720125935,570.106206733443,4590.657279623123,550.810327961822,4619.272627868778,559.5780437518698,4575.227553478274,549.1514088243861,4521.212801779948,545.446173834132,4509.62512232277,546.7061707414648,4307.4274488627125,560.7429957279193,4171.324363789425,745.6247465513544,-0.005361930294906392,-22.50550303417549,0.053527201298146476,212.11013573937907,,,212.11013573937907,62.86311561801267,,2025-08-20
2025,8,3,3,34,0,4391.111306291919,4174.770812839348,4177.985884701373,3961.137748323219,5285.578141168955,4197.276315873523,5539.653425423188,4247.956001277547,123.98655244454741,4583.4374691259445,649.1904496917434,4520.137216544235,546.1125075091446,216.34049345257154,-1148.542119131269,0.05182092698052432,-0.20733104238258893,-0.8660254037844384,-0.5000000000000004,-1.0,-1.8369701987210297e-16,21,233,0,0,0,0,3,-0.7638886127905429,-0.64534811322955,0.43388373911755823,-0.900968867902419,4174.770812839348,4414.801309485788,4438.4913126796555,4187.631100287448,4418.18559565634,4283.942244224423,4171.132705206005,4326.386833280102,4950.576113861385,,4590.373241319524,592.911124194785,4602.725885842041,571.3171161168294,4597.439953156607,546.9153896211072,4618.305688962906,559.9616476709394,4577.14128672948,548.3039370782453,4523.831594650018,544.2719367755105,4510.344283134013,546.504956555123,4304.319311042883,558.7049995033921,4171.946989688865,744.656757514337,-0.005366040628593471,-23.690003193868506,0.04859076674411544,203.48020600447126,,,203.48020600447126,64.72447301181728,,2025-08-21
2025,8,3,4,34,0,4607.113371127435,4391.111306291919,4174.770812839348,4177.985884701373,3961.137748323219,4414.801309485788,5314.006145001597,4390.998496752902,216.1713012202553,4432.949544075375,471.8745801271569,4461.229485388055,487.6961708662462,216.00206483551574,-706.8927738741622,0.04919075144508667,-0.13302445548337805,-0.8660254037844384,-0.5000000000000004,-1.0,-1.8369701987210297e-16,22,234,0,0,0,0,4,-0.7748840413670406,-0.6321034111873488,-0.433883739117558,-0.9009688679024191,4391.111306291919,4631.987874480998,4656.862377834558,4192.453708080486,4644.425126157777,4501.811306930694,4388.573091664006,5161.036410092622,4775.034398868457,,4586.819740840443,592.6946473321065,4599.172385362961,571.1091718568598,4611.2619419248385,541.5407506504627,4616.973126283251,559.9415838582803,4579.021680732993,548.2214568861307,4526.4332646436305,544.1399042544454,4504.189582701066,542.1967095351546,4303.386416444321,558.0544485181044,4173.176273252251,743.9608652947234,-0.005370157268891673,-24.87450335356243,0.09890619954794944,414.6596630469494,,,414.6596630469494,-553.9230389651866,,2025-08-22
2025,8,3,5,34,1,5480.4284174385175,4607.113371127435,4391.111306291919,4174.770812839348,4177.985884701373,4631.987874480998,3982.458751197701,4826.217698285958,576.7650923849875,4465.424590120302,543.5506950998283,4586.0602909081235,542.6262226806832,873.3150463110824,1497.9696662408164,0.18955796742144604,0.3761419162948796,-0.8660254037844384,-0.5000000000000004,-1.0,-1.8369701987210297e-16,23,235,0,0,0,0,4,-0.7856498550787144,-0.6186714032625032,-0.9749279121818236,-0.2225209339563146,4607.113371127435,5510.040921430854,5539.653425423188,4418.18559565634,5535.423067709998,5363.670544554457,5235.067670073459,4964.747812200575,3598.136796322489,,4582.589383127252,585.063460514145,4594.94202764977,563.779211060692,4646.670035984244,562.7912287248088,4615.009031630698,556.6876349420522,4581.10664274878,551.4722270798268,4529.354225921786,548.6297375435984,4509.919367203709,549.7900603804181,4313.843592117188,562.3841942900159,4176.858673658409,746.1421435583995,-0.0053742802303266,-29.612503992336315,0.2404251244733815,1062.242821782177,,,1062.242821782177,515.6806052379425,,2025-08-23
2025,8,3,6,34,1,5257.150137336314,5480.4284174385175,4607.113371127435,4391.111306291919,4174.770812839348,5510.040921430854,4200.491387735548,5114.897308634089,453.70330942548895,4681.426654955818,560.3248275675638,4674.115186708187,559.8319244316082,-223.2782801022031,1056.658749600766,-0.040741026630644384,0.2515559852559066,-0.8660254037844384,-0.5000000000000004,-1.0,-1.8369701987210297e-16,24,236,0,0,0,0,4,-0.7961828637826154,-0.6050560696488494,-0.7818314824680299,0.6234898018587334,5480.4284174385175,5285.578141168955,5314.006145001597,4644.425126157777,5320.097860108592,5153.320237623762,5035.817821782179,3731.175503034174,3815.831004243281,,4578.528239722589,579.4421288271633,4590.880884245106,558.3799685068286,4667.094203023528,573.7190097800511,4612.760898674545,553.8546321838786,4582.96074810079,553.6014786676052,4531.989134440288,551.6148167678555,4526.874640918179,549.0337716443066,4321.8509206343715,565.5060044951379,4179.893200241774,747.2871090777267,-0.005378409527468153,-28.42800383264057,0.13192698655590762,612.725011178537,,,612.725011178537,1525.9746343021402,,2025-08-24
2025,8,3,0,35,0,3939.8167454487384,5257.150137336314,5480.4284174385175,4607.113371127435,4391.111306291919,5285.578141168955,4197.276315873523,4892.465100074524,832.5367639148069,4641.731798413713,609.4092419470552,4652.6602225061215,584.1718867508873,-1317.333391887576,-257.45957042478494,-0.25057937427578214,-0.061339676268419185,-0.8660254037844384,-0.5000000000000004,-1.0,-1.8369701987210297e-16,25,237,0,0,0,0,4,-0.8064799463209447,-0.5912614448635782,0.0,1.0,5257.150137336314,3961.137748323219,3982.458751197701,5535.423067709998,3994.64218141169,3868.137564356436,3780.010752475248,3946.50071063558,3833.6287234794904,,4575.4823821690925,583.2717344525986,4587.835026691609,562.0582777993019,4613.9073256148195,564.3282160813484,4610.802847390154,556.2127051396388,4584.240733477438,551.9992279455738,4533.891586737592,549.2606403104571,4526.800374638324,549.1136055623683,4322.440854089756,565.04905069051,4179.220717175127,746.3449769450898,-0.00538254517493264,-21.321002874480655,-0.2882537256400459,-1595.6063222612593,,,-1595.6063222612593,-6.68396518684176,,2025-08-25
2025,8,3,1,35,0,4155.480381667198,3939.8167454487384,5257.150137336314,5480.4284174385175,4607.113371127435,3961.137748323219,4414.801309485788,4450.815754817418,706.5826585197467,4638.5167265516875,612.4090102161078,4631.050145187905,598.3941929944307,215.66363621845994,-259.32092781858955,0.05473950951337869,-0.058738980452280876,-0.8660254037844384,-0.5000000000000004,-1.0,-1.8369701987210297e-16,26,238,0,0,0,0,4,-0.8165380514459157,-0.5772916165517278,0.7818314824680298,0.6234898018587336,3939.8167454487384,4177.985884701373,4200.491387735548,5320.097860108592,4221.38935483871,4086.356336633664,3993.333590759076,3954.5383902906424,4054.1330975954734,,4572.267310307067,585.88414033621,4584.619954829584,564.5675220345279,4575.086743000107,554.0373070780098,4608.448955491172,558.0581417239764,4585.475091424466,550.9419102152184,4535.821905676974,547.6204926618708,4529.033063431397,547.1657106689779,4323.003894556821,564.8306543976987,4179.154403388792,745.2999989867292,-0.0053866871873797795,-22.50550303417458,-0.21890903307888054,-1164.6174784413934,,,-1164.6174784413934,200.94199137655596,,2025-08-26
2025,8,3,2,35,0,4152.265309805174,4155.480381667198,3939.8167454487384,5257.150137336314,5480.4284174385175,4177.985884701373,4631.987874480998,4082.5208123070383,123.59580168920291,4598.709060470563,638.8970301403018,4591.073264798254,614.1430052573621,-3.2150718620241605,-479.7225646758234,-0.0007736943907155069,-0.10356731875719238,-0.8660254037844384,-0.5000000000000004,-1.0,-1.8369701987210297e-16,27,239,0,0,0,0,4,-0.8263541987239095,-0.5631507242749187,0.9749279121818236,-0.22252093395631434,4155.480381667198,4174.770812839348,4197.276315873523,3994.64218141169,4226.211962631747,4091.178944426701,3996.655831683169,4171.132705206005,4276.5109158415835,,4569.052238445042,588.4849493263671,4581.404882967559,567.0656630670711,4580.340847279889,549.0680724812914,4605.8080036045085,560.1052522791335,4586.565919377653,550.0051200253675,4537.67439946414,546.0355285663352,4528.823425704722,547.3079710172718,4322.313641189952,564.9636904567523,4179.079503406665,744.2597023013584,-0.005390835579514697,-22.50550303417367,0.03945863515059078,157.62312839348397,,,157.62312839348397,-18.8673954008309,,2025-08-27
2025,8,3,3,35,0,4367.421303098052,4152.265309805174,4155.480381667198,3939.8167454487384,5257.150137336314,4174.770812839348,5510.040921430854,4225.055664856809,123.30273875971454,4558.760382465665,645.7236388172955,4495.854963270521,543.1899288343384,215.1559932928776,-1142.619618332802,0.051816533202925896,-0.2073704414587334,-0.8660254037844384,-0.5000000000000004,-1.0,-1.8369701987210297e-16,28,240,0,0,0,0,4,-0.8359254794186365,-0.5488429582847199,0.43388373911755823,-0.900968867902419,4152.265309805174,4391.111306291919,4414.801309485788,4221.38935483871,4453.720600447142,4311.580581283935,4210.5032343234325,4388.573091664006,5114.502475247524,,4565.66795227449,589.7455805267685,4578.020596797007,568.2765398887138,4585.208578888534,546.4169941180686,4602.725885842041,561.209500203705,4587.5630751243325,549.5479383135611,4539.542471711457,545.1704749753325,4528.588405831766,547.3734101795095,4318.163190233567,561.8470225267525,4179.602675072474,743.2886921918792,-0.005394990366088592,-23.690003193867597,0.0345933378762977,146.03194825934224,,,146.03194825934224,-21.15178856595412,,2025-08-28
2025,8,3,4,35,0,4582.2388677738745,4367.421303098052,4152.265309805174,4155.480381667198,3939.8167454487384,4391.111306291919,5285.578141168955,4367.308493559034,214.9868011821998,4409.062124188225,469.34357352180905,4437.243357154264,485.0664362600704,214.81756467582272,-703.3392733950805,0.04918636187524217,-0.13306761429120229,-0.8660254037844384,-0.5000000000000004,-1.0,-1.8369701987210297e-16,29,241,0,0,0,0,5,-0.8452490573530634,-0.5343725582809785,-0.433883739117558,-0.9009688679024191,4367.421303098052,4607.113371127435,4631.987874480998,4226.211962631747,4681.73688118812,4532.489861066752,4424.700346534654,5235.067670073459,4897.738946023634,2985.7425742574255,4562.11445179541,589.5291312341486,4574.467096317926,568.0686225389433,4597.076142393272,542.2011170686368,4599.172385362961,561.005651205956,4588.4514502441025,549.4974993781334,4541.417930297639,545.0416044105582,4521.334752472882,542.2073165083971,4316.410412021068,560.5193951980234,4184.037386998909,740.9046729715818,-0.005399151561897297,-24.874503353560613,0.08424255770655242,356.02690514212736,,,356.02690514212736,-652.8288022995848,,2025-08-29
2025,8,3,5,35,1,5450.815913446184,4582.2388677738745,4367.421303098052,4152.265309805174,4155.480381667198,4607.113371127435,3961.137748323219,4800.158694772705,573.6312044181577,4441.33975353987,540.585526495036,4561.383204247844,539.6891596867475,868.5770456723094,1489.6781651229649,0.18955298288373124,0.37607330513904946,-0.8660254037844384,-0.5000000000000004,-1.0,-1.8369701987210297e-16,30,242,0,0,0,0,5,-0.8543221697498269,-0.5197438121555157,-0.9749279121818236,-0.2225209339563146,4582.2388677738745,5480.4284174385175,5510.040921430854,4453.720600447142,5569.265929415523,5402.166799744491,5271.871782178218,5035.817821782179,3664.1666368572337,2707.073267326733,4557.884094082219,581.898051838768,4570.236738604736,560.738784856407,4630.312652826573,563.2620602091669,4594.942027649769,553.8201448682296,4589.320184417347,550.8441478063694,4543.548217574638,548.2711025206182,4525.945842380261,548.3614991031725,4326.336241335451,564.7083419958902,4191.658894349241,739.780434998387,-0.00540331918178294,-29.612503992333586,0.22387917933130708,997.0953129990421,,,997.0953129990421,414.9980916640052,,2025-08-30
2025,8,3,6,35,1,5228.722133503673,5450.815913446184,4582.2388677738745,4367.421303098052,4152.265309805174,5480.4284174385175,4177.985884701373,5087.258971574578,451.23762110933853,4656.157318215693,557.2664937626776,4648.944558314703,556.7970197371517,-222.093779942511,1050.7362488023,-0.04074505238649606,0.2514934893987568,-0.8660254037844384,-0.5000000000000004,-1.0,-1.8369701987210297e-16,31,243,0,1,0,0,5,-0.8631421280499115,-0.5049610547215202,-0.7818314824680299,0.6234898018587334,5450.815913446184,5257.150137336314,5285.578141168955,4681.73688118812,5342.434148834239,5192.171842861706,5065.193425742575,3780.010752475248,3858.086234429894,3105.1722772277226,4553.822950677556,576.2764501650273,4566.175595200073,555.3393000001987,4648.545494570425,573.7395980702679,4590.880884245106,548.5274319691681,4589.972868178811,551.5925869551646,4545.494987905127,550.4317141734763,4542.0426355027985,547.481316173954,4333.950885219194,567.5926911588153,4197.557643950007,739.5592279374557,-0.0054074932406334986,-28.42800383264148,0.11683383030631589,546.9852523155532,,,546.9852523155532,1448.711381028425,,2025-08-31
2025,9,3,0,36,0,3918.4957425742577,5228.722133503673,5450.815913446184,4582.2388677738745,4367.421303098052,5257.150137336314,4174.770812839348,4866.011263174706,828.0523281208258,4616.65987836687,606.1083474447938,4627.588302459278,581.0252528245735,-1310.2263909294152,-256.2750702650901,-0.2505825242718446,-0.06138662018928698,-1.0,-1.8369701987210297e-16,-1.0,-1.8369701987210297e-16,1,244,1,0,0,0,1,-0.8717063187093218,-0.4900286664290594,0.0,1.0,5228.722133503673,3939.8167454487384,3961.137748323219,5569.265929415523,4003.7797540721817,3898.6976684765255,3802.042455445546,3993.333590759076,3848.441018843819,2866.3128712871285,4550.777093124058,580.1062234120026,4563.129737646575,559.0177587305702,4593.519821675716,561.4190286550677,4587.8350266916095,552.1331547851622,4590.326405216271,551.1476314060632,4546.881336561421,548.6805192624882,4541.211103856301,548.3801716911714,4334.340078128807,567.28185464742,4200.480374148027,736.3556773265769,-0.005411673753382251,-21.321002874480655,-0.2964071401443221,-1650.770186841265,,,-1650.770186841265,-74.83784818481809,,2025-09-01
2025,9,3,1,36,0,4144.495552805281,3918.4957425742577,5228.722133503673,5450.815913446184,4582.2388677738745,3939.8167454487384,4391.111306291919,4430.571142961071,700.3946968204501,4615.364918866887,607.3060871939424,4607.036989668725,594.3585347537899,225.99981023102282,-246.61575348663882,0.05767514502454252,-0.0561624919717405,-1.0,-1.8369701987210297e-16,-1.0,-1.8369701987210297e-16,2,245,0,0,0,0,1,-0.8800122039735356,-0.4749510720670502,0.7818314824680298,0.6234898018587336,3918.4957425742577,4155.480381667198,4177.985884701373,5342.434148834239,4222.996890769722,4120.114591184925,4016.5892772277225,3996.655831683169,4040.837687639731,2985.7425742574255,4549.207831858071,581.3672597846049,4560.737571082569,560.8612736945831,4553.588535141417,548.7749159099368,4585.031407478594,554.2495925381457,4590.76177953092,550.7789446413086,4548.404030318297,547.3670362040859,4542.853767424323,546.9501986627199,4334.915955157506,567.0348011546872,4203.6991324217715,733.5582813545884,-0.0026434558349450743,-10.984828861917777,-0.22423085856666247,-1197.9385960289583,,,-1197.9385960289583,147.83972112211177,,2025-09-02
2025,9,3,2,36,0,4152.801155115511,4144.495552805281,3918.4957425742577,5228.722133503673,5450.815913446184,4155.480381667198,4607.113371127435,4071.9308168316843,132.94354917303482,4579.59489420313,630.700507160526,4569.177638334398,608.6507408670457,8.305602310230825,-454.31221601192374,0.002004008016031955,-0.09861103459252318,-1.0,-1.8369701987210297e-16,-1.0,-1.8369701987210297e-16,3,246,0,0,0,0,1,-0.888057322629493,-0.4597327394521046,0.9749279121818236,-0.22252093395631434,4144.495552805281,4152.265309805174,4174.770812839348,4003.7797540721817,4219.781818907697,4124.937198977962,4019.911518151815,4210.5032343234325,4232.219070584478,3184.792079207921,4549.284381188119,581.3063149824035,4559.16830981658,562.0537267751877,4558.555915176195,544.2826320802418,4582.6392409145865,556.0261115830069,4591.259350176233,550.3628989001053,4549.986049805961,546.0115280597449,4542.212633210903,547.3778087695563,4334.474744516011,567.1460428622424,4206.388046521514,731.5844961878477,0.00012904890953668868,0.5358453103372085,0.03722017947959366,149.02140104332966,0.39087716098509984,1167.0585808580859,149.02140104332966,-57.70207920792109,1167.0585808580859,2025-09-03
2025,9,3,3,36,0,4380.112376237624,4152.801155115511,4144.495552805281,3918.4957425742577,5228.722133503673,4152.265309805174,5480.4284174385175,4225.803028052806,133.70032520659808,4545.907145613754,635.9076578576821,4477.48463490099,537.6285788118895,227.31122112211233,-1100.3160412008938,0.054736842105263195,-0.2007719027402547,-1.0,-1.8369701987210297e-16,-1.0,-1.8369701987210297e-16,4,247,0,0,0,0,1,-0.8958392907349089,-0.44437817810461344,0.43388373911755823,-0.900968867902419,4152.801155115511,4367.421303098052,4391.111306291919,4222.996890769722,4438.4913126796555,4347.115586074737,4234.982904290429,4424.700346534654,5025.66496327052,3264.411881188119,4551.097391636629,580.664012154605,4558.38267195556,562.3143333174118,4563.793098025126,541.6922182206737,4580.5542788988005,556.6957005207454,4591.848578571999,550.114369119121,4551.713781614856,545.2318198991557,4541.717211318713,547.5055250698946,4330.888341254717,564.7870174397704,4209.487214563319,729.9442922438046,0.0029058504455636847,12.691073139571927,0.037204736241059466,157.11548546790164,0.6180250564710561,1673.0391089108907,157.11548546790164,-44.58797029703055,1673.0391089108907,2025-09-04
2025,9,3,4,36,0,4608.297871287129,4380.112376237624,4152.801155115511,4144.495552805281,3918.4957425742577,4367.421303098052,5257.150137336314,4380.403800880089,227.74849792483317,4405.487471920579,466.60890745884376,4423.4136127302245,481.8184379063054,228.18549504950533,-648.8522660491853,0.05209580838323369,-0.12342281447148185,-1.0,-1.8369701987210297e-16,-1.0,-1.8369701987210297e-16,5,248,0,0,0,0,1,-0.9033558023246842,-0.4288919379124841,-0.433883739117558,-0.9009688679024191,4380.112376237624,4582.2388677738745,4607.113371127435,4219.781818907697,4656.862377834558,4569.801616097094,4450.404,5271.871782178218,4812.45493452571,3383.841584158416,4554.820106424237,580.9803873866155,4558.467279109823,562.3223185197129,4576.74363310444,537.8145027943493,4578.819832236392,556.5247766213436,4592.536011700393,550.1103707141353,4553.59347055875,545.1505098099751,4534.344167864368,542.0027304759166,4329.754135347836,564.0190042199918,4212.888482027565,728.9384370923344,0.005686958769548944,26.059003513254538,0.09207017543859664,388.51605237943204,0.48407156185272493,1503.1255940594065,388.51605237943204,-663.5739108910893,1503.1255940594065,2025-09-05
2025,9,3,5,36,1,5496.997318481848,4608.297871287129,4380.112376237624,4152.801155115511,4144.495552805281,4582.2388677738745,3939.8167454487384,4828.469188668868,590.0970685414059,4450.200002750275,563.9685340919071,4553.178660482984,545.2511939850066,888.6994471947191,1557.1805730331098,0.1928476569910833,0.39524187891022056,-1.0,-1.8369701987210297e-16,-1.0,-1.8369701987210297e-16,6,249,0,0,0,0,1,-0.9106046300942162,-0.41327860778290443,-0.9749279121818236,-0.2225209339563146,4608.297871287129,5450.815913446184,5480.4284174385175,4438.4913126796555,5539.653425423188,5446.585555732992,5302.4713696369645,5065.193425742575,3600.203628233791,3304.221782178218,4561.41745000076,592.9887578039578,4559.65077204149,564.425491015698,4612.027166631179,562.5831448823565,4577.29639984563,553.8491253166862,4593.436221749479,551.5726664205558,4555.909255664046,548.77119834432,4539.141988894804,548.6253286708063,4340.291878071436,568.0174579647978,4218.979525183964,730.4842538944047,0.008472383908938008,46.181405035664284,0.23848328885500059,1058.5060058021927,0.917793892476714,2630.6844471947197,1058.5060058021927,431.8038927392736,2630.6844471947197,2025-09-06
2025,9,3,6,36,1,5287.608712871287,5496.997318481848,4608.297871287129,4380.112376237624,4152.801155115511,5450.815913446184,4155.480381667198,5130.967967546756,464.59543603321436,4678.38549779978,582.4834321798603,4647.522688083324,567.6667992208942,-209.38860561056117,1132.1283312040887,-0.03809145129224656,0.27244222742543034,-1.0,-1.8369701987210297e-16,-1.0,-1.8369701987210297e-16,7,250,0,0,0,0,1,-0.9175836260593934,-0.3975428142825566,-0.7818314824680299,0.6234898018587334,5496.997318481848,5228.722133503673,5257.150137336314,4656.862377834558,5314.006145001597,5234.813848610667,5094.569029702971,3802.042455445546,3790.56972532737,3503.2712871287126,4569.829818481849,604.3421816779548,4561.826384579702,567.3718687462326,4633.052044465736,575.9439902450924,4576.353634412405,552.5696367853366,4594.378987182705,552.7327607252826,4558.207347130335,551.4517735048756,4555.648280643978,548.5471453184571,4348.608761335569,570.876079014218,4223.93601803325,731.6670914161615,0.011262135922330163,58.886579367614104,0.135444486837085,630.7463350367289,0.7709526462395544,2301.8661386138615,630.7463350367289,1485.5662574257412,2301.8661386138615,2025-09-07
2025,9,3,0,37,0,3973.575,5287.608712871287,5496.997318481848,4608.297871287129,4380.112376237624,5228.722133503673,4152.265309805174,4919.393677117713,825.7666889190835,4649.8987389989,616.9740895209163,4632.631828932894,583.9494302213084,-1314.0337128712872,-178.69030980517437,-0.24851190476190477,-0.04303441530655916,-1.0,-1.8369701987210297e-16,-1.0,-1.8369701987210297e-16,8,251,0,0,0,0,2,-0.9242907221930934,-0.3816892202666586,0.0,1.0,5287.608712871287,3918.4957425742577,3939.8167454487384,5539.653425423188,3982.458751197701,3930.679172788247,3824.0741584158422,4016.5892772277225,3780.924509741296,4180.039603960396,4577.698283828383,594.7306359784066,4564.237688476222,564.5899250890702,4580.849430284964,561.7357164056667,4576.036357583916,552.9257074738783,4595.1449840972,551.825236690155,4559.987119053956,549.2908815368112,4555.170344230337,549.0406088364314,4349.6790418370065,569.9857333865675,4223.36250524447,731.7825041044988,0.014056224899598346,55.07925742574207,-0.2827033218785797,-1566.0784254231885,0.24767171644946284,788.782920792079,-1566.0784254231885,-43.01427722772269,788.782920792079,2025-09-08
2025,9,3,1,37,0,4202.634768976898,3973.575,5287.608712871287,5496.997318481848,4608.297871287129,3918.4957425742577,4367.421303098052,4487.939493949396,701.9403387819283,4658.2043413091305,609.2307097478824,4618.89961775613,592.6262253489864,229.05976897689834,-164.78653412115364,0.05764576457645787,-0.0377308536742863,-1.0,-1.8369701987210297e-16,-1.0,-1.8369701987210297e-16,9,252,0,0,0,0,2,-0.9307239310379793,-0.3657225234972692,0.7818314824680298,0.6234898018587336,3973.575,4144.495552805281,4155.480381667198,5314.006145001597,4200.491387735548,4153.872845736187,4039.8449636963696,4019.911518151815,3969.767678058128,4737.378217821782,4586.003886138614,588.0408615374736,4567.605858998342,562.0989850660994,4543.803717750808,548.2014308460244,4576.112906913963,552.8719355942787,4596.015732726499,551.1543384100198,4561.9250929263435,547.7185604215774,4557.200602572838,547.3743852512936,4350.972747897666,569.3825770204277,4221.877106775457,731.278777570931,0.014028056112224574,58.13921617161759,-0.20914002462531311,-1111.3713760246992,0.2874094697410863,938.2228877887792,-1111.3713760246992,182.72325082508314,938.2228877887792,2025-09-09
2025,9,3,2,37,0,4210.940371287129,4202.634768976898,3973.575,5287.608712871287,5496.997318481848,4144.495552805281,4582.2388677738745,4129.050046754676,134.70936634086857,4630.009007150716,628.2913886298659,4587.958076382235,604.2924082296917,8.305602310230825,-371.29849648674553,0.0019762845849802257,-0.0810299303901475,-1.0,-1.8369701987210297e-16,-1.0,-1.8369701987210297e-16,10,253,0,0,0,0,2,-0.9368813462954315,-0.34964745525122826,0.9749279121818236,-0.22252093395631434,4202.634768976898,4152.801155115511,4152.265309805174,3982.458751197701,4197.276315873523,4158.695453529223,4043.167204620462,4234.982904290429,4157.595560523794,2917.425742574257,4594.309488448845,581.2741008372799,4571.796934818482,558.973997183107,4551.419771753789,541.6822189112686,4576.6009088930205,552.531089573031,4596.9486776864605,550.444382904445,4563.922392529518,546.1076068284456,4556.933463317247,547.5392484929591,4351.269107957462,569.2952392291817,4225.470202966326,728.0221308637495,0.014000000000000012,58.13921617161759,0.05737199915020175,228.4816200894279,0.24442597756372741,827.098787128713,228.4816200894279,-24.042533003300377,827.098787128713,2025-09-10
2025,9,3,3,37,0,4441.311551155116,4210.940371287129,4202.634768976898,3973.575,5287.608712871287,4152.801155115511,5450.815913446184,4284.962230473048,135.4661519189806,4602.17795379538,633.1253108865172,4503.8327128579795,540.1110236041444,230.37117986798694,-1009.504362291068,0.054707775355548716,-0.18520243176820594,-1.0,-1.8369701987210297e-16,-1.0,-1.8369701987210297e-16,11,254,0,0,0,0,2,-0.9427611433904206,-0.33346877891818705,0.43388373911755823,-0.900968867902419,4210.940371287129,4380.112376237624,4367.421303098052,4200.491387735548,4414.801309485788,4382.650590865539,4259.462574257426,4450.404,4936.827451293516,2645.132673267327,4603.052227722772,577.9663195682419,4577.074809679701,557.241981470771,4559.447110534441,538.0747642818217,4577.547703238354,552.2662177995396,4597.996194834489,550.0848500448246,4566.08726130211,545.2458931515664,4556.8324361078585,547.5599636796601,4348.516241845582,567.6435678581965,4230.459588738237,723.3009733840796,0.0139720558882237,61.1991749174922,0.05733142653802514,240.8201634195675,0.3441323990750109,1137.089768976898,240.8201634195675,-9.09244884488453,1137.089768976898,2025-09-11
2025,9,3,4,37,0,4672.557004950496,4441.311551155116,4210.940371287129,4202.634768976898,3973.575,4380.112376237624,5228.722133503673,4441.602975797581,230.8084548167743,4464.771234873488,468.01841276173536,4457.485618811881,494.16096688001755,231.24545379537994,-556.165128553177,0.052066929133858464,-0.10636731391585741,-1.0,-1.8369701987210297e-16,-1.0,-1.8369701987210297e-16,12,255,0,0,0,0,2,-0.9483615800121716,-0.31719128858910595,-0.433883739117558,-0.9009688679024191,4441.311551155116,4608.297871287129,4582.2388677738745,4197.276315873523,4631.987874480998,4607.113371127436,4476.1076534653475,5302.4713696369645,4727.170923027786,3034.122772277228,4612.232103960397,578.5735196323308,4583.526105192317,557.8288716084737,4575.289800170341,534.0252333575088,4578.996600755121,552.4675149948883,4599.164831152759,550.1740804737146,4568.425944057885,545.2766073305982,4549.833387611342,541.9187331365606,4348.212831189598,567.4546071553,4235.010794940106,720.9030906098913,0.01394422310756993,64.25913366336681,0.11323550162268958,475.2806890769725,0.33376967468029917,1169.2857178217832,475.2806890769725,-629.9143646864686,1169.2857178217832,2025-09-12
2025,9,3,5,37,1,5573.496287128713,4672.557004950496,4441.311551155116,4210.940371287129,4202.634768976898,4608.297871287129,3918.4957425742577,4895.788281078109,598.1928794912658,4512.419163916392,571.628191898926,4595.402330858086,557.0101324879322,900.9392821782176,1655.0005445544557,0.19281504350266632,0.42235609103078975,-1.0,-1.8369701987210297e-16,-1.0,-1.8369701987210297e-16,13,256,0,0,0,0,2,-0.9536809966304455,-0.300819807635668,-0.9749279121818236,-0.2225209339563146,4672.557004950496,5496.997318481848,5450.815913446184,4414.801309485788,5510.040921430854,5491.0043117214955,5333.070957095711,5094.569029702971,3536.2406196103475,2800.728712871287,4623.160528052806,598.4517855212612,4592.2889890267825,573.2514527982252,4613.912966091771,563.1259035004716,4581.262863815759,556.5432957417796,4600.637902142173,552.7099542806029,4571.288150367802,549.9496391765373,4555.154801582739,549.6245554896478,4359.530918231366,571.471733830755,4242.712927090822,720.3484467344005,0.013916500994035852,76.49896864686525,0.26245688003066303,1158.6949776429256,0.33335968440300934,1393.4566831683178,1158.6949776429256,478.927257425742,1393.4566831683178,2025-09-13
2025,9,3,6,37,1,5361.047722772278,5573.496287128713,4672.557004950496,4441.311551155116,4210.940371287129,5496.997318481848,4144.495552805281,5202.367004950497,470.96451586000524,4743.664617711772,590.3837035997932,4696.781678355336,577.8035088406579,-212.44856435643578,1216.552169966997,-0.03811764705882359,0.2935344372956441,-1.0,-1.8369701987210297e-16,-1.0,-1.8369701987210297e-16,14,257,0,0,0,0,2,-0.9587178169872964,-0.2843591872810036,-0.7818314824680299,0.6234898018587334,5573.496287128713,5287.608712871287,5228.722133503673,4631.987874480998,5285.578141168955,5277.45585435963,5123.944633663366,3824.0741584158422,3723.0532162248473,2917.425742574257,4633.651815181519,612.5197805846204,4601.740816831683,585.5120106759864,4638.214961034813,579.4283373673325,4583.958206015878,560.2510310680151,4602.1306140781135,554.6804472705604,4574.110806190527,553.4179013196228,4572.232285631144,550.5308304527664,4368.6308877121855,574.3144373810642,4249.500765924705,719.3378963838816,0.013888888888889062,73.43900990099064,0.15739675233346095,729.0598482912801,0.1316486622504156,623.669504950496,729.0598482912801,1536.9735643564354,623.669504950496,2025-09-14
2025,9,3,0,38,0,4028.654257425743,5361.047722772278,5573.496287128713,4672.557004950496,4441.311551155116,5287.608712871287,4152.801155115511,4987.732755775579,837.3513435959757,4714.66786578658,625.4991983595269,4686.436103547855,589.4235175175922,-1332.3934653465349,-124.1468976897686,-0.24853228962818008,-0.029894736842105196,-1.0,-1.8369701987210297e-16,-1.0,-1.8369701987210297e-16,15,258,0,0,0,0,3,-0.9634705485641486,-0.26781430516217486,0.0,1.0,5361.047722772278,3973.575,3918.4957425742577,5510.040921430854,3961.137748323219,3962.660677099969,3846.1058613861383,4039.8449636963696,3713.4080006387726,3111.920792079208,4641.520280528053,602.9054850425697,4609.609282178218,576.2914383574876,4588.8354055679765,565.5242388599211,4586.369509912397,557.6102193296331,4603.309070869645,553.3656933692599,4576.284001381476,550.8772733484212,4572.107944450359,550.6536748893836,4370.382255805446,572.7838079649152,4252.04724777289,716.9181700054725,0.013861386138613874,55.07925742574298,-0.2688522072936661,-1481.386664005111,0.38089350437792735,1111.2285148514857,-1481.386664005111,-11.190706270626833,1111.2285148514857,2025-09-15
2025,9,3,1,38,0,4260.773985148515,4028.654257425743,5361.047722772278,5573.496287128713,4672.557004950496,3973.575,4380.112376237624,4550.158655115513,711.7764410497554,4722.9734680968095,617.75571283957,4676.491237623763,596.0314300634982,232.11972772277204,-119.33839108910888,0.0576171875,-0.027245508982035926,-1.0,-1.8369701987210297e-16,-1.0,-1.8369701987210297e-16,16,259,0,0,0,0,3,-0.9679377830240642,-0.25119006388481957,0.7818314824680298,0.6234898018587336,4028.654257425743,4202.634768976898,4144.495552805281,5285.578141168955,4177.985884701373,4187.631100287448,4063.1006501650168,4043.167204620462,3898.697668476525,3189.7188118811882,4649.825882838284,596.2150774334809,4617.914884488449,569.87469647014,4554.675267033962,552.7947390281778,4589.326227785508,555.5803675661127,4604.615193813593,552.4522860353865,4578.637255369374,549.0779036726893,4574.5257975673385,548.7796183533823,4372.393790898069,571.7529173110456,4255.022401031965,714.7163270932504,0.01383399209486158,58.13921617161668,-0.19388686131386856,-1024.8041560204401,0.6107978356660317,1615.641311881188,-1024.8041560204401,217.6067805280527,1615.641311881188,2025-09-16
2025,9,3,2,38,0,4269.079587458746,4260.773985148515,4028.654257425743,5361.047722772278,5573.496287128713,4202.634768976898,4608.297871287129,4186.169276677669,136.4752055315628,4694.268140814082,637.158198294362,4648.22304730473,607.4935803873175,8.305602310230825,-339.2182838283834,0.0019493177387914784,-0.0736103206222729,-1.0,-1.8369701987210297e-16,-1.0,-1.8369701987210297e-16,17,260,0,0,0,0,3,-0.9721181966290612,-0.23449138957041052,0.9749279121818236,-0.22252093395631434,4260.773985148515,4210.940371287129,4152.801155115511,3961.137748323219,4174.770812839348,4192.453708080486,4066.4228910891097,4259.462574257426,4082.9720504631105,3306.4158415841584,4658.131485148516,589.4487367223778,4626.220486798679,563.3848750452274,4564.939995005146,544.185435189043,4592.69439830763,553.2550741450953,4605.983513088204,551.5069646499547,4581.04983508806,547.2423379659683,4574.632653269575,548.7185143611609,4373.427721659155,571.3947787597037,4257.696466992728,712.9559943410901,0.01380670611439827,58.13921617161668,0.07774075498027821,307.9418391355266,0.40702269086317644,1234.9568151815179,307.9418391355266,9.617013201319423,1234.9568151815179,2025-09-17
2025,9,3,3,38,0,4502.510726072607,4269.079587458746,4260.773985148515,4028.654257425743,5361.047722772278,4210.940371287129,5496.997318481848,4344.12143289329,137.23200028714234,4665.927094334434,642.0799158147008,4565.34916460396,545.8879592228697,233.43113861386155,-994.486592409241,0.05467950030718827,-0.1809145129224652,-1.0,-1.8369701987210297e-16,-1.0,-1.8369701987210297e-16,18,261,0,0,0,0,3,-0.9760105506323682,-0.21772323039653224,0.43388373911755823,-0.900968867902419,4269.079587458746,4441.311551155116,4380.112376237624,4177.985884701373,4391.111306291919,4418.18559565634,4283.942244224423,4476.1076534653475,4847.9899393165115,3228.6178217821785,4666.874224422442,586.1414459255288,4634.9632260726075,560.2127022247373,4575.75748971752,539.4329472462233,4596.672949014083,552.1512113183231,4607.489318988495,551.099856415076,4583.651840824347,546.3315049175752,4574.926020742989,548.6723031246697,4371.508392696689,570.371126935405,4261.235058393535,710.9928071424072,0.013779527559055094,61.19917491749129,0.07767494920448503,324.5248413712343,0.6076211542304879,1701.7820132013203,324.5248413712343,26.403072607259674,1701.7820132013203,2025-09-18
2025,9,3,4,38,0,4736.816138613862,4502.510726072607,4269.079587458746,4260.773985148515,4028.654257425743,4441.311551155116,5287.608712871287,4502.8021507150725,233.8684117572344,4526.480402915292,474.55331204537805,4519.449783415842,500.94377601963913,234.30541254125455,-550.7925742574253,0.05203883495145645,-0.10416666666666663,-1.0,-1.8369701987210297e-16,-1.0,-1.8369701987210297e-16,19,262,0,0,0,0,3,-0.9796136916454901,-0.20089055513063528,-0.433883739117558,-0.9009688679024191,4502.510726072607,4672.557004950496,4608.297871287129,4174.770812839348,4607.113371127435,4644.425126157777,4501.811306930694,5333.070957095711,4641.886911529861,3423.1128712871287,4676.054100660066,586.7481649257031,4644.143102310231,560.7948154457083,4594.492333910004,534.7661098284535,4601.305190710028,552.7857471543073,4609.139158496639,551.3506818024273,4586.449517392005,546.5090455788084,4568.300967204301,542.9853993617901,4372.0357772915995,570.6663357934033,4264.884234136109,710.0498270177429,0.013752455795677632,64.2591336633659,0.13462902539367305,562.0453257745139,0.62362869069436,1819.3903960396046,562.0453257745139,-596.2548184818488,1819.3903960396046,2025-09-19
2025,9,3,5,38,1,5649.995255775577,4736.816138613862,4502.510726072607,4269.079587458746,4260.773985148515,4672.557004950496,3973.575,4963.107373487349,606.2886925486185,4574.638325082508,579.2878611339619,4659.15147139714,564.5872491126834,913.1791171617151,1676.420255775577,0.19278331487633782,0.4218921892189218,-1.0,-1.8369701987210297e-16,-1.0,-1.8369701987210297e-16,20,263,0,0,0,0,3,-0.9829265519799822,-0.18399835165767986,-0.9749279121818236,-0.2225209339563146,4736.816138613862,5573.496287128713,5496.997318481848,4391.111306291919,5480.4284174385175,5535.423067709998,5363.670544554457,5123.944633663366,3472.2776109869046,4084.39603960396,4686.982524752476,606.6249990266067,4655.07152640264,579.8598597038758,4636.455132226126,566.695358676127,4607.361149222065,563.5966687594827,4611.185090426382,555.0505581508673,4589.858144906541,552.2775232271266,4574.145974116659,551.7937826131448,4384.134208651537,574.5555516314199,4269.233120847697,713.726244595739,0.01372549019607816,76.49896864686343,0.28668914579319194,1258.8839494836575,0.815597386076325,2538.074463696369,1258.8839494836575,526.0506221122105,2538.074463696369,2025-09-20
2025,9,3,6,38,1,5434.4867326732665,5649.995255775577,4736.816138613862,4502.510726072607,4269.079587458746,5573.496287128713,4202.634768976898,5273.766042354237,477.333615228908,4808.943737623762,598.2839884386617,4761.805801705171,585.6332012045906,-215.5085231023104,1231.8519636963683,-0.038143133462282486,0.2931142084460159,-1.0,-1.8369701987210297e-16,-1.0,-1.8369701987210297e-16,21,264,0,0,0,0,3,-0.9859481499638303,-0.1670516255021195,-0.7818314824680299,0.6234898018587334,5649.995255775577,5361.047722772278,5287.608712871287,4607.113371127435,5257.150137336314,5320.097860108592,5153.320237623762,3846.1058613861383,3655.536707122325,4628.9821782178215,4697.473811881187,620.6973922670473,4665.562813531354,593.3562149506272,4664.034244277654,585.0535056736027,4613.694599055528,572.1014020870117,4613.227748865037,557.9100014976267,4593.205365085702,556.5690422116259,4591.794650464294,553.6448044437375,4394.017264349042,577.2465237586823,4271.470633498962,716.1158072216854,0.013698630136986134,73.43900990098882,0.17958606504692098,827.3733615458314,0.7037510367467752,2244.7679207920783,827.3733615458314,1588.3808712871282,2244.7679207920783,2025-09-21
2025,9,3,0,39,0,4083.733514851485,5434.4867326732665,5649.995255775577,4736.816138613862,4502.510726072607,5361.047722772278,4210.940371287129,5056.071834433443,848.9360026986765,4779.436992574258,634.0243774137565,4751.205230335534,597.5411395721849,-1350.7532178217816,-127.20685643564411,-0.24855212355212353,-0.03020865773902226,-1.0,-1.8369701987210297e-16,-1.0,-1.8369701987210297e-16,22,265,0,0,0,0,4,-0.9886775902323404,-0.15005539834465262,0.0,1.0,5434.4867326732665,4028.654257425743,3973.575,5480.4284174385175,3939.8167454487384,3994.64218141169,3868.137564356436,4063.1006501650168,3645.8914915362498,3165.668316831683,4705.342277227722,611.0804206690578,4673.431278877887,584.1326371991886,4617.477747524753,573.3015334501538,4618.834483677054,566.4413950558856,4614.818665533605,556.2385139180057,4595.771983543977,553.6746912983091,4592.023904516365,553.4276515122186,4396.449720034127,574.9945062026216,4274.020814604573,713.7978560071258,0.013671874999999778,55.07925742574207,-0.2548514087225009,-1396.6949025870326,0.23509374213949474,777.3176732673264,-1396.6949025870326,20.63286468646811,777.3176732673264,2025-09-22
2025,9,3,1,39,0,4318.9132013201315,4083.733514851485,5434.4867326732665,5649.995255775577,4736.816138613862,4028.654257425743,4441.311551155116,4612.377816281629,721.6125511933909,4787.742594884488,626.2807898939466,4741.005367849285,604.3180535199004,235.17968646864665,-122.3983498349844,0.05758938128880331,-0.02755905511811041,-1.0,-1.8369701987210297e-16,-1.0,-1.8369701987210297e-16,23,266,0,0,0,0,4,-0.9911140639934546,-0.13301470653419636,0.7818314824680298,0.6234898018587336,4083.733514851485,4260.773985148515,4202.634768976898,5257.150137336314,4155.480381667198,4221.38935483871,4086.356336633664,4066.4228910891097,3827.6276588949218,2870.2059405940595,4713.6478795379535,604.3893979776692,4681.736881188119,577.7150044722359,4586.20318299088,562.6961533788192,4624.6713700932305,562.3169618852262,4616.5601627922015,555.1359247778112,4598.540517647387,551.6745890890076,4594.829352407822,551.3694636866929,4399.179084158712,573.4432732392238,4278.045001439923,709.9347500412622,0.013645224171539905,58.13921617161668,-0.17846873524741436,-938.2369360161829,0.3376972561391971,1090.295379537953,-938.2369360161829,252.4903102310218,1090.295379537953,2025-09-23
2025,9,3,2,39,0,4327.218803630363,4318.9132013201315,4083.733514851485,5434.4867326732665,5649.995255775577,4260.773985148515,4672.557004950496,4243.288506600661,138.24106590116168,4758.5272744774475,646.0250571916181,4712.2271844059405,615.9840127904648,8.305602310231734,-345.3382013201326,0.0019230769230771383,-0.07390775563663587,-1.0,-1.8369701987210297e-16,-1.0,-1.8369701987210297e-16,24,267,0,0,0,0,4,-0.9932568492674143,-0.11593459959550066,0.9749279121818236,-0.22252093395631434,4318.9132013201315,4269.079587458746,4210.940371287129,3939.8167454487384,4152.265309805174,4226.211962631747,4091.178944426701,4283.942244224423,4008.3485404024273,3292.2950495049504,4721.953481848184,597.6234669510109,4690.04248349835,571.2252751265758,4599.116584930267,551.6882138402513,4630.919709158416,557.8273742865273,4618.363856381462,554.007527733594,4601.35051597124,549.6566197682411,4595.310203067887,551.1141035883754,4400.950585621089,572.721238623347,4280.919789645827,708.0247904811455,0.01361867704280173,58.13921617161759,0.09832996893298418,387.40205818162485,0.264118060472625,904.1059323432346,387.40205818162485,43.276559405940134,904.1059323432346,2025-09-24
2025,9,3,3,39,0,4563.709900990099,4327.218803630363,4318.9132013201315,4083.733514851485,5434.4867326732665,4269.079587458746,5573.496287128713,4403.280635313532,138.99786948571347,4729.676234873487,651.0345633331328,4628.07831889439,553.4273280299134,236.49109735973616,-1009.786386138614,0.05465198504899482,-0.18117647058823527,-1.0,-1.8369701987210297e-16,-1.0,-1.8369701987210297e-16,25,268,0,0,0,0,4,-0.9951053111006974,-0.09882013873287211,0.43388373911755823,-0.900968867902419,4327.218803630363,4502.510726072607,4441.311551155116,4155.480381667198,4367.421303098052,4453.720600447142,4311.580581283935,4501.811306930694,4759.152427339508,3039.0415841584154,4730.696221122112,594.3166536583004,4698.785222772277,568.053413123972,4612.724235574364,545.3667598951525,4637.930016225989,555.6223388159217,4620.327951034015,553.6080393353493,4604.352055491552,548.7428413902988,4595.997965224104,551.034728146493,4399.864793808037,572.2233971055632,4285.154979414804,705.1296919827466,0.01359223300970891,61.1991749174922,0.09823882724218702,408.22951932290107,0.1173524449486576,479.31386138613925,408.22951932290107,61.898594059405696,479.31386138613925,2025-09-25
2025,9,3,4,39,0,4801.075272277229,4563.709900990099,4327.218803630363,4318.9132013201315,4083.733514851485,4502.510726072607,5361.047722772278,4564.001325632565,236.92836874432686,4588.189570957095,481.08832436106366,4581.413948019802,507.72692358489496,237.36537128712916,-559.9724504950491,0.05201149425287355,-0.10445205479452047,-1.0,-1.8369701987210297e-16,-1.0,-1.8369701987210297e-16,26,269,0,0,0,0,4,-0.99665890175417,-0.08167639533042288,-0.433883739117558,-0.9009688679024191,4563.709900990099,4736.816138613862,4672.557004950496,4152.265309805174,4582.2388677738745,4681.73688118812,4532.489861066752,5363.670544554457,4556.602900031938,3165.668316831683,4739.876097359736,594.9229047323166,4707.965099009902,568.6350996453368,4634.351234323432,539.308115491581,4645.7456021011085,556.34859467146,4622.458993732035,554.078212220279,4607.549500863105,549.1014528459386,4589.746906643245,545.3904268091177,4401.222973653844,572.8872395584465,4289.697776513264,703.1626205401661,0.013565891472868241,64.25913366336681,0.15625445728141507,648.8099624720544,0.03717730754488757,172.09309405940712,648.8099624720544,-562.5952722772281,172.09309405940712,2025-09-26
2025,9,3,5,39,1,5726.494224422442,4801.075272277229,4563.709900990099,4327.218803630363,4318.9132013201315,4736.816138613862,4028.654257425743,5030.42646589659,614.384507630152,4636.857486248625,586.9475413496087,4722.900611936194,572.1646909547867,925.4189521452136,1697.8399669966993,0.19275243558226318,0.4214409722222221,-1.0,-1.8369701987210297e-16,-1.0,-1.8369701987210297e-16,27,270,0,0,0,0,4,-0.9979171608653922,-0.06450844944931625,-0.9749279121818236,-0.2225209339563146,4801.075272277229,5649.995255775577,5573.496287128713,4367.421303098052,5450.815913446184,5569.265929415523,5402.166799744491,5153.320237623762,3408.3146023634617,3376.7128712871286,4750.804521452145,614.7983420618477,4718.893523102311,587.6996688848606,4679.653665034246,572.1917774544053,4655.5912560645465,573.3044770707742,4625.266641857158,559.3365479755572,4611.41054163308,555.854905000022,4596.115506496563,555.3017513596485,4414.10174933195,576.4870681516717,4296.22494693864,705.5660700487379,0.013539651837524369,76.49896864686525,0.3111842954927031,1359.0729213243903,0.8089368977713141,2560.825907590759,1359.0729213243903,573.1739867986798,2560.825907590759,2025-09-27
2025,9,3,6,39,1,5507.925742574257,5726.494224422442,4801.075272277229,4563.709900990099,4327.218803630363,5649.995255775577,4260.773985148515,5345.165079757978,483.70273336796976,4874.222857535754,606.1842861718076,4826.829925055005,593.4632239790927,-218.568481848185,1247.1517574257423,-0.038167938931297773,0.29270544783010144,-1.0,-1.8369701987210297e-16,-1.0,-1.8369701987210297e-16,28,271,0,0,0,0,4,-0.9988797155850335,-0.04732138832243232,-0.7818314824680299,0.6234898018587334,5726.494224422442,5434.4867326732665,5361.047722772278,4582.2388677738745,5228.722133503673,5342.434148834239,5192.171842861706,3868.137564356436,3588.0201980198012,3461.130693069307,4761.295808580858,628.875016226846,4729.384810231023,601.2007599045996,4710.509894194258,591.3946479990134,4665.562813531354,585.9312819012039,4628.22184888823,563.6153484854445,4615.169516629659,560.8746070882829,4614.335375143429,558.0424495328241,4424.7678912461415,578.8736222607815,4301.91048874282,707.0631092002939,0.013513513513513598,73.43900990099064,0.20201628538193073,925.6868748003826,0.9190001890366992,2637.7198019801976,925.6868748003826,1639.788178217821,2637.7198019801976,2025-09-28
2025,9,3,0,40,0,4138.812772277228,5507.925742574257,5726.494224422442,4801.075272277229,4563.709900990099,5434.4867326732665,4269.079587458746,5124.410913091309,860.5206660484422,4844.2061193619365,642.5496238887994,4815.974357123213,605.6591168109546,-1369.1129702970293,-130.2668151815178,-0.24857142857142855,-0.030514028261314663,-1.0,-1.8369701987210297e-16,-1.0,-1.8369701987210297e-16,29,272,0,0,0,0,5,-0.9995462806873573,-0.03012030484690836,0.0,1.0,5507.925742574257,4083.733514851485,4028.654257425743,5450.815913446184,3918.4957425742577,4003.7797540721817,3898.6976684765255,4086.356336633664,3593.00355940594,3587.7574257425745,4769.164273927393,619.2554394296837,4737.253275577558,591.9742616643485,4666.776456155292,583.2160376254025,4673.431278877888,576.9376515682003,4630.633152784749,561.1788252745421,4618.028029770144,557.782447023871,4614.918224428357,557.5119460029923,4427.800164650981,575.9142811950546,4303.4411980387495,706.1085854435296,0.013487475915221703,55.07925742574298,-0.24069848661233995,-1312.003141168956,0.2571208564370817,846.5177227722775,-1312.003141168956,52.456435643563964,846.5177227722775,2025-09-29
2025,9,3,1,40,0,4377.052417491749,4138.812772277228,5507.925742574257,5726.494224422442,4801.075272277229,4083.733514851485,4502.510726072607,4674.596977447746,731.4486688951094,4852.511721672167,634.8059379311846,4805.519498074807,612.6050185073451,238.23964521452126,-125.4583085808581,0.05756231516687782,-0.027864077669902954,-1.0,-1.8369701987210297e-16,-1.0,-1.8369701987210297e-16,30,273,0,1,0,1,5,-0.9999166586547379,-0.012910296075008843,0.7818314824680298,0.6234898018587336,4138.812772277228,4318.9132013201315,4260.773985148515,5228.722133503673,4144.495552805281,4222.996890769722,4120.114591184925,4091.178944426701,3787.354653465346,3503.3396039603963,4777.469876237624,612.5638189806255,4745.558877887788,585.555766620406,4638.387465621562,575.5976348632253,4681.736881188119,570.6810860992329,4633.384144333356,559.5193412573535,4621.086813416653,555.7197652044384,4618.094596351302,555.3044614082071,4431.076263340016,573.9245584554018,4305.868178076337,704.8512884308244,0.013461538461538636,58.13921617161759,-0.1628829557713053,-851.6697160119238,0.44027394699301614,1338.0108333333337,-851.6697160119238,285.8734730650481,1338.0108333333337,2025-09-30
2025,10,4,2,40,0,4385.35801980198,4377.052417491749,4138.812772277228,5507.925742574257,5726.494224422442,4318.9132013201315,4736.816138613862,4300.407736523653,140.00694664830672,4822.786408140814,654.8919633218865,4776.231321507151,624.4747570768075,8.305602310230825,-351.45811881188183,0.00189753320683117,-0.07419712070874873,-0.8660254037844386,0.5000000000000001,-2.4492935982947064e-16,1.0,1,274,1,0,1,0,1,-0.9999907397361901,0.004303538296243821,0.9749279121818236,-0.22252093395631434,4377.052417491749,4327.218803630363,4269.079587458746,3918.4957425742577,4152.801155115511,4219.781818907697,4124.937198977962,4311.580581283935,3982.2303118811874,3714.3841584158413,4785.775478547855,605.7982877039241,4753.86448019802,579.0661319502049,4653.949541529152,561.6042581958361,4690.04248349835,564.3551632312492,4636.340862206469,557.7285856856191,4624.187061283605,553.6410283059416,4618.914345668169,554.9012057646222,4433.315861717355,572.9489872208466,4307.731994357964,704.1696770777132,0.013435700575815668,58.13921617161668,0.11914323962516726,466.8622772277222,0.3852866380489941,1219.6897029702968,466.8622772277222,73.77743851804462,1219.6897029702968,2025-10-01
2025,10,4,3,40,0,4644.93276908336,4385.35801980198,4377.052417491749,4138.812772277228,5507.925742574257,4327.218803630363,5649.995255775577,4469.114402125698,152.31979312344427,4796.762657608503,659.0166231701384,4692.476114282799,560.7829449392011,259.5747492813798,-1005.0624866922171,0.059191233215002415,-0.17788731515567469,-0.8660254037844386,0.5000000000000001,-2.4492935982947064e-16,1.0,2,275,0,0,0,0,1,-0.9997685019798909,0.021516097436222233,0.43388373911755823,-0.900968867902419,4385.35801980198,4563.709900990099,4502.510726072607,4144.495552805281,4380.112376237624,4438.4913126796555,4347.115586074737,4532.489861066752,4747.307425742573,4431.935643564356,4797.37874541832,601.5993253776148,4764.037483270216,575.5510506880388,4670.630782071755,553.3213496652124,4699.500354671412,561.1788463504902,4640.027316785106,557.0789560582479,4627.73250393847,552.7982715658898,4620.163711312798,554.8310125429116,4432.747113624803,572.6863083845294,4308.323653039963,704.3637820350733,0.017797552836484876,81.22286809326033,0.12074743714934111,500.4372162780792,0.3755782461044175,1268.2198977962312,500.4372162780792,112.44290801660736,1268.2198977962312,2025-10-02
2025,10,4,4,40,0,4907.384161609709,4644.93276908336,4385.35801980198,4377.052417491749,4138.812772277228,4563.709900990099,5434.4867326732665,4645.891650165017,261.01439188739573,4660.24431380638,491.4320562851401,4648.550900027502,516.2544512081652,262.4513925263491,-527.1025710635577,0.056502732240437004,-0.09699215344376633,-0.8660254037844386,0.5000000000000001,-2.4492935982947064e-16,1.0,3,276,0,0,0,0,1,-0.9992500112396835,0.03872228089217399,-0.433883739117558,-0.9009688679024191,4644.93276908336,4801.075272277229,4736.816138613862,4152.801155115511,4608.297871287129,4656.862377834558,4569.801616097094,5402.166799744491,4563.7099009900985,5022.860396039604,4812.565729608675,603.0482990092696,4776.220913484205,576.7345956934897,4695.783548954895,546.0736262591056,4710.182007897218,562.2240519229589,4644.5009200668055,558.2213394292804,4631.751343766002,553.5985723496756,4614.666126444634,549.4203269869477,4434.65641507269,573.6973716862527,4308.002885722101,704.0637055659108,0.02214272497378622,106.30888933248025,0.18170458404074696,754.5830064941974,0.4178557808973904,1446.2534685404016,754.5830064941974,-494.78263813478225,1446.2534685404016,2025-10-03
2025,10,4,5,40,1,5878.0820424784415,4907.384161609709,4644.93276908336,4385.35801980198,4377.052417491749,4801.075272277229,4083.733514851485,5143.466324390504,649.5886185164555,4721.9370304570775,624.380702888217,4798.079943996417,592.0784786811521,970.6978808687327,1794.3485276269566,0.19780352401641332,0.4393892307373568,-0.8660254037844386,0.5000000000000001,-2.4492935982947064e-16,1.0,4,277,0,0,0,0,1,-0.9984354211555643,0.05591699010060302,-0.9749279121818236,-0.2225209339563146,4907.384161609709,5726.494224422442,5649.995255775577,4380.112376237624,5496.997318481848,5539.653425423188,5446.585555732992,5192.171842861706,3427.5035049504945,3402.99504950495,4834.221132188104,642.7519648304886,4792.512826820124,605.8050394999668,4745.715871162922,583.4227215335874,4723.792176611382,586.0828665196977,4650.544288228506,569.8004058468405,4636.888206703447,563.1697443802526,4622.28735088482,562.1313710134058,4448.270740281178,578.7184371517883,4314.878127369249,707.2789858052852,0.026471312484609655,151.58781805599938,0.34199343248985903,1497.9696662408178,0.6383722044033755,2290.324616735867,1497.9696662408178,685.9101996167356,2290.324616735867,2025-10-04
2025,10,4,6,40,1,5677.4784797189395,5878.0820424784415,4907.384161609709,4644.93276908336,4385.35801980198,5726.494224422442,4318.9132013201315,5487.648227935698,512.435593367389,4978.381315030697,652.3342463695612,4911.293717196316,621.2932911661918,-200.60356275950198,1358.565278398808,-0.03412738395106152,0.3145618388402769,-0.8660254037844386,0.5000000000000001,-2.4492935982947064e-16,1.0,5,278,0,0,0,0,1,-0.9973249731081555,0.07309512989807776,-0.7818314824680299,0.6234898018587334,5878.0820424784415,5507.925742574257,5434.4867326732665,4608.297871287129,5287.608712871287,5314.006145001597,5234.813848610667,3898.6976684765255,3622.9037277227712,3085.382178217822,4858.442951780201,674.7689365083226,4809.869380180529,628.6623716747749,4781.355224777317,606.9219410775751,4737.716096855941,604.3213020862215,4657.034865634173,579.4831661311081,4642.1580237404505,570.8509146753429,4642.051582120847,567.6479109457982,4459.685044458935,582.5970545202875,4322.078394873421,707.9213462026124,0.030783410138248923,169.5527371446824,0.2320120439899387,1069.1806084318105,0.6205903856139894,2174.1388757585432,1069.1806084318105,1778.780811242414,2174.1388757585432,2025-10-05
2025,10,4,0,41,0,4283.998648993932,5677.4784797189395,5878.0820424784415,4907.384161609709,4644.93276908336,5507.925742574257,4327.218803630363,5279.853057063771,868.2482069673474,4962.872353614394,670.347301255754,4907.69203764328,625.1006335649286,-1393.4798307250076,-43.22015463643129,-0.24543991416309008,-0.00998797532497575,-0.8660254037844386,0.5000000000000001,-2.4492935982947064e-16,1.0,6,279,0,0,0,0,1,-0.9959189961471792,0.0902516100310407,0.0,1.0,5677.4784797189395,4138.812772277228,4083.733514851485,5496.997318481848,3973.575,3982.458751197701,3930.679172788247,4120.114591184925,3627.8870891089105,3539.1148514851484,4879.1837913111585,650.7669950195195,4824.174032619276,612.9509276467313,4740.921935794386,597.9403575877731,4748.802655748582,592.5156898286417,4662.419506666249,574.4803199614242,4646.364207980994,566.832920908872,4643.872516096502,566.2158507664353,4463.3301086805195,579.4075475523265,4324.147516533167,706.714064261775,0.035079111983319144,145.18587671670412,-0.22066568331943814,-1212.9986694879162,0.15335368294835372,569.6144905780907,-1212.9986694879162,163.88405780900666,569.6144905780907,2025-10-06
2025,10,4,1,41,0,4549.32668476525,4283.998648993932,5677.4784797189395,5878.0820424784415,4907.384161609709,4138.812772277228,4563.709900990099,4836.934604492708,739.9224596380316,4990.200464441606,644.9563988551699,4906.493436291209,625.8335241158945,265.32803577131835,-14.383216224849093,0.061934668404629134,-0.003151649981461113,-0.8660254037844386,0.5000000000000001,-2.4492935982947064e-16,1.0,7,280,0,0,0,0,1,-0.994217906893952,0.10738134666416306,0.7818314824680298,0.6234898018587336,4283.998648993932,4377.052417491749,4318.9132013201315,5287.608712871287,4202.634768976898,4200.491387735548,4153.872845736187,4124.937198977962,3824.074158415842,3266.875247524752,4903.794400921659,631.5874326208628,4840.632138579641,601.323879426496,4716.312534857518,589.8018689907848,4761.18450988388,584.2443478685672,4668.648708398921,571.2627086333943,4651.071991778958,564.3299719030792,4648.587954827472,563.6067493865843,4467.35928938246,577.4557521098658,4327.709881636612,704.5988692349653,0.039358511354593784,172.2742672735012,-0.13962493599590375,-738.2820281060367,0.026487532907062628,117.3910412008945,-738.2820281060367,424.3894857872883,117.3910412008945,2025-10-07
2025,10,4,2,41,0,4576.6547955924625,4549.32668476525,4283.998648993932,5677.4784797189395,5878.0820424784415,4377.052417491749,4801.075272277229,4469.9933764505495,161.65467946082657,4978.820802193122,652.8211149479923,4887.791729900812,632.5868314606363,27.328110827212186,-224.42047668476607,0.0060070671378091856,-0.046743794662131966,-0.8660254037844386,0.5000000000000001,-2.4492935982947064e-16,1.0,8,281,0,0,0,0,2,-0.9922222094179324,0.12447926388678869,0.9749279121818236,-0.22252093395631434,4549.32668476525,4385.35801980198,4327.218803630363,3973.575,4210.940371287129,4197.276315873523,4158.695453529223,4347.115586074737,4020.785792079208,3402.99504950495,4931.122511748871,609.1568450030551,4858.448995148363,588.5001747209643,4736.4151947106,573.6706620299036,4774.245739323356,575.5102499274859,4675.423324108188,567.8101528005128,4656.047698232093,561.7731603612573,4651.138390488781,562.7458954492841,4470.447450513089,576.5398234514297,4330.970047597967,703.0217986118747,0.04362170087976547,191.29677579048257,0.15177259661450027,603.0797955924627,-0.08883495961762411,-446.2056004471415,603.0797955924627,229.5392095177258,-446.2056004471415,2025-10-08
2025,10,4,3,41,0,4846.297796231236,4576.6547955924625,4549.32668476525,4283.998648993932,5677.4784797189395,4385.35801980198,5726.494224422442,4657.42642552965,164.1371451358689,4968.63974129671,654.6318461693062,4814.442027551545,574.8964190427005,269.64300063877363,-880.196428191206,0.05891705026528382,-0.15370598374784528,-0.8660254037844386,0.5000000000000001,-2.4492935982947064e-16,1.0,9,282,0,0,0,0,2,-0.989932495087353,0.141540295217043,0.43388373911755823,-0.900968867902419,4576.6547955924625,4644.93276908336,4563.709900990099,4202.634768976898,4441.311551155116,4414.801309485788,4382.650590865539,4569.801616097094,4793.206806930692,3629.861386138614,4959.8889441985675,598.0427076428808,4878.633844808443,582.4282357400559,4757.870628952412,564.9896367437243,4788.70953379036,571.9108314749448,4683.128618514357,567.1365038913502,4661.56730781978,561.332149564723,4654.210570268048,563.0515172910506,4470.742400453648,576.7194175495448,4334.3490376260015,702.5657972615805,0.04335154826958121,201.3650271478764,0.1531570223531542,643.663027254338,0.424127195523323,1443.302746726286,643.663027254338,276.4961801341424,1443.302746726286,2025-10-09
2025,10,4,4,41,0,5118.817440114979,4846.297796231236,4576.6547955924625,4549.32668476525,4283.998648993932,4644.93276908336,5507.925742574257,4847.256677312894,271.0825941822685,4842.0956409028,498.4178680729211,4782.016335679939,542.274036875398,272.5196438837429,-389.1083024592781,0.05623254189944138,-0.07064516129032261,-0.8660254037844386,0.5000000000000001,-2.4492935982947064e-16,1.0,10,283,0,0,0,0,2,-0.9873494423939864,0.15855938510313475,-0.433883739117558,-0.9009688679024191,4846.297796231236,4907.384161609709,4801.075272277229,4210.940371287129,4672.557004950496,4631.987874480998,4607.113371127436,5446.585555732992,4607.773306930692,3720.6079207920793,4990.093698270749,600.2840585129384,4901.329713939712,585.3569482906024,4788.133197913339,558.9664292103693,4804.647406474806,574.765052003962,4691.822003614964,570.0619894395974,4667.659022926774,563.5064406047981,4650.568702316737,558.9135903118164,4473.581534526894,578.6524471035867,4338.232952957454,703.0281004590541,0.04308472121650975,211.4332785052702,0.21559960217397833,907.87706882785,0.6590545820393989,2033.435261897157,907.87706882785,-327.7681156180133,2033.435261897157,2025-10-10
2025,10,4,5,41,1,6129.788326413286,5118.817440114979,4846.297796231236,4576.6547955924625,4549.32668476525,4907.384161609709,4138.812772277228,5364.967854253168,676.2244487239547,4917.4806153518575,658.527517232858,4947.930965191277,625.7445736053062,1010.970886298307,1990.9755541360582,0.19750086775425202,0.48104992027474536,-0.8660254037844386,0.5000000000000001,-2.4492935982947064e-16,1.0,11,284,0,0,0,0,2,-0.9844738167520923,0.17553149042142777,-0.9749279121818236,-0.2225209339563146,5118.817440114979,5878.0820424784415,5726.494224422442,4441.311551155116,5573.496287128713,5510.040921430854,5491.0043117214955,5234.813848610667,3460.5510594059406,3856.7277227722775,5026.051738832869,666.2551296399591,4930.136435510487,636.7557406434012,4844.415757088612,605.8787302039256,4824.514979306398,610.8099977032523,4702.888921561078,591.8352535440126,4675.263594530248,578.8526891989908,4660.51286318121,577.0913142445067,4488.410630454712,586.6928758898173,4344.54701018979,708.8746745950186,0.04282115869017633,251.70628393484458,0.3801752603505204,1688.4767752581702,0.732011698868996,2590.6734749281377,1688.4767752581702,894.9744778026188,2590.6734749281377,2025-10-11
2025,10,4,6,41,1,5919.11651229639,6129.788326413286,5118.817440114979,4846.297796231236,4576.6547955924625,5878.0820424784415,4377.052417491749,5722.574092941552,533.3734387744119,5190.0002592356,681.8600714657501,5076.436306424997,655.4841765884747,-210.6718141168958,1542.0640948046412,-0.03436853002070395,0.3523065176560791,-0.8660254037844386,0.5000000000000001,-2.4492935982947064e-16,1.0,12,285,0,0,0,0,2,-0.9813064702716093,0.19245158197082995,-0.7818314824680299,0.6234898018587334,6129.788326413286,5677.4784797189395,5507.925742574257,4672.557004950496,5361.047722772278,5285.578141168955,5277.45585435963,3930.679172788247,3657.787257425742,3765.981188118812,5060.571457772506,710.4273362467188,4959.507204776353,673.8589484825842,4885.967740666808,635.6975885367392,4844.446007503689,637.4881635902669,4714.2021067597825,608.9828881378338,4682.902411886638,591.0015922091079,4682.606611397968,586.8172978972162,4500.973570759549,592.9846021394469,4350.527941645838,713.0505285299257,0.04256080114449201,241.63803257745076,0.2667831566367591,1246.5595073458944,0.811858753033557,2652.2412647716383,1246.5595073458944,1988.4373395081434,2652.2412647716383,2025-10-12
2025,10,4,0,42,0,4465.227173427021,5919.11651229639,6129.788326413286,5118.817440114979,4846.297796231236,5677.4784797189395,4385.35801980198,5504.710670712234,906.3609155088322,5175.983674012562,698.3294916035521,5083.092069227084,648.194021122827,-1453.8893388693696,79.86915362504078,-0.24562607204116615,0.018212687143077888,-0.8660254037844386,0.5000000000000001,-2.4492935982947064e-16,1.0,13,286,0,0,0,0,2,-0.9778483415056568,0.20931464596304888,0.0,1.0,5919.11651229639,4283.998648993932,4138.812772277228,5573.496287128713,4028.654257425743,3961.137748323219,3962.660677099969,4153.872845736187,3662.770618811881,3992.847524752475,5086.461246977232,680.0636639061555,4982.822519144195,648.4466299923309,4849.025436876752,626.501407833767,4860.037897360877,621.9457232832854,4723.203703636637,601.3266193425133,4688.885346366723,586.1463563272872,4686.066103927866,584.5787060362899,4505.431662729634,589.6548481959527,4351.840107336601,712.8250907320283,0.04230359047280485,181.22852443308875,-0.1988462998102467,-1108.2691137016927,0.3121462442552181,1062.2321239220705,-1108.2691137016927,311.354327690834,1062.2321239220705,2025-10-13
2025,10,4,1,42,0,4740.623460555733,4465.227173427021,5919.11651229639,6129.788326413286,5118.817440114979,4283.998648993932,4644.93276908336,5041.655715426382,772.2783606147843,5203.311784839774,672.931326558803,5091.066293516448,642.8804848492326,275.3962871287122,95.69069147237315,0.06167576170986799,0.020601092896174844,-0.8660254037844386,0.5000000000000001,-2.4492935982947064e-16,1.0,14,287,0,0,0,0,2,-0.9741004551724206,0.22611568550828803,0.7818314824680298,0.6234898018587336,4465.227173427021,4549.32668476525,4377.052417491749,5361.047722772278,4260.773985148515,4177.985884701373,4187.631100287448,4158.695453529223,3860.793663366336,4764.193069306931,5113.789357804444,658.379573763919,5008.7918793630515,629.3183538175982,4828.3446281362,619.214455029997,4877.175378625419,611.3423055509897,4733.250803205464,596.7341691428758,4695.468588750869,583.5484232235025,4692.531970672605,581.8921623844531,4510.319606047352,587.925406821532,4351.774636201181,712.7881931335717,0.0420494699646643,191.29677579048257,-0.1157281737264062,-620.4242622165448,0.306006746885376,1110.762074417119,-620.4242622165448,581.9280070265095,1110.762074417119,2025-10-14
2025,10,4,2,42,0,4767.951571382944,4740.623460555733,4465.227173427021,5919.11651229639,6129.788326413286,4549.32668476525,4907.384161609709,4657.9340684552335,167.44750506918137,5190.2540806983925,681.9441849440888,5079.446910997552,647.7438026983976,27.328110827211276,-139.43259022676466,0.005764665988470474,-0.028412813351263777,-0.8660254037844386,0.5000000000000001,-2.4492935982947064e-16,1.0,15,288,0,0,0,0,3,-0.970063921851507,0.2428497220959358,0.9749279121818236,-0.22252093395631434,4740.623460555733,4576.6547955924625,4385.35801980198,4028.654257425743,4269.079587458746,4174.770812839348,4192.453708080486,4382.650590865539,4059.341272277228,5399.418811881188,5141.117468631656,635.9565545960314,5036.119990190264,608.1130584150231,4852.987871934774,600.7263892234619,4894.992235194141,600.1303935865993,4743.843316750886,591.8854733000314,4702.319753790183,580.9441240599808,4696.813092678354,581.003370926326,4514.256329931273,587.2608416225859,4350.020560533131,710.9775788933572,0.04179838426413762,191.29677579048166,0.18350974462365577,739.2973139572014,0.2814979898144967,1047.3436505908649,739.2973139572014,385.30098051740515,1047.3436505908649,2025-10-15
2025,10,4,3,42,0,5047.662823379112,4767.951571382944,4740.623460555733,4465.227173427021,5919.11651229639,4576.6547955924625,5878.0820424784415,4852.0792851059305,169.93056447537583,5178.394977909081,684.0503782657435,5010.245309405941,597.0395287897292,279.71125199616745,-830.4192190993299,0.05866486850977748,-0.14127383951061545,-0.8660254037844386,0.5000000000000001,-2.4492935982947064e-16,1.0,16,289,0,0,0,0,3,-0.965739937654855,0.25951179706979943,0.43388373911755823,-0.900968867902419,4767.951571382944,4846.297796231236,4644.93276908336,4260.773985148515,4502.510726072607,4391.111306291919,4418.18559565634,4607.113371127436,4839.106188118812,3299.257425742574,5169.883901081352,624.8555851869206,5064.88642263996,597.6196424618947,4879.217499875794,591.078351015414,4914.461952955088,595.7528019329537,4755.567450984586,591.2736893733709,4709.813530310693,581.2946363475145,4701.708086592262,582.0939595770227,4515.414977904941,588.1104645584741,4354.877242193233,709.7504433391388,0.04155027932960875,201.36502714787548,0.1846821354461421,786.8888382305968,0.30879418673371406,1190.935100606834,786.8888382305968,440.5494522516756,1190.935100606834,2025-10-16
2025,10,4,4,42,0,5330.250718620249,5047.662823379112,4767.951571382944,4740.623460555733,4465.227173427021,4846.297796231236,5677.4784797189395,5048.621704460769,281.1507999910753,5045.138709943575,519.80613015313,4981.309662647716,569.5432210299404,282.58789524113763,-347.2277610986903,0.055983908816627626,-0.06115879828326176,-0.8660254037844386,0.5000000000000001,-2.4492935982947064e-16,1.0,17,290,0,0,0,0,3,-0.9611297838723007,0.27609697309746883,-0.433883739117558,-0.9009688679024191,5047.662823379112,5118.817440114979,4907.384161609709,4269.079587458746,4736.816138613862,4607.113371127435,4644.425126157777,5491.0043117214955,4651.836712871286,2991.3267326732675,5200.088655153534,627.0819266767472,5095.0911767121415,599.7293459247519,4914.58987091451,585.0275987415337,4935.656045098173,599.7413881686657,4768.4806179041,595.8513529851999,4717.978120697151,585.1686388447031,4699.921935557803,579.8872498036017,4519.1839446035465,591.1555811929614,4361.374253265307,707.9366833003959,0.041305102395001736,211.4332785052702,0.24857140969657743,1061.1711311615036,0.4153683867132707,1564.2695305014372,1061.1711311615036,-160.75359310124622,1564.2695305014372,2025-10-17
2025,10,4,5,42,1,6381.494610348132,5330.250718620249,5047.662823379112,4767.951571382944,4740.623460555733,5118.817440114979,4283.998648993932,5586.469384115832,702.8604501559707,5122.201726285532,683.7206604071802,5156.100992760566,651.9777893487777,1051.2438917278823,2097.4959613541996,0.1972222222222222,0.489611723347948,-0.8660254037844386,0.5000000000000001,-2.4492935982947064e-16,1.0,18,291,0,0,0,0,3,-0.9562348265919058,0.2926003356333479,-0.9749279121818236,-0.2225209339563146,5330.250718620249,6129.788326413286,5878.0820424784415,4502.510726072607,5649.995255775577,5480.4284174385175,5535.423067709998,5277.45585435963,3493.5986138613857,3431.227722772277,5236.046695715654,693.0269528247106,5131.0492172742615,662.1315298910009,4977.222667057028,637.6080226469688,4961.781022047194,646.147587415093,4784.571085634629,626.7895371152672,4728.050400966652,606.3082328647964,4712.189032846564,603.4410566111139,4535.227811250696,602.2502663650585,4369.569439064129,714.1879438636381,0.04106280193236711,251.7062839348455,0.417319135609145,1878.9838842755244,0.5982314803628106,2388.647085595657,1878.9838842755244,1104.0387559885012,2388.647085595657,2025-10-18
2025,10,4,6,42,1,6160.754544873842,6381.494610348132,5330.250718620249,5047.662823379112,4767.951571382944,6129.788326413286,4549.32668476525,5957.499957947409,554.3128631952544,5404.789621526669,707.8432863298668,5290.386647769616,680.9476998393461,-220.74006547428962,1611.4278601085916,-0.03459065296652308,0.35421238608889727,-0.8660254037844386,0.5000000000000001,-2.4492935982947064e-16,1.0,19,292,0,0,0,0,3,-0.9510565162951536,0.30901699437494723,-0.7818314824680299,0.6234898018587334,6381.494610348132,5919.11651229639,5677.4784797189395,4736.816138613862,5434.4867326732665,5257.150137336314,5320.097860108592,3962.660677099969,3692.6707871287126,3167.287128712871,5270.56641465529,737.3236624272091,5165.568936213897,704.0794145700575,5024.687280599028,671.2094448417749,4987.719158197214,679.5404169619436,4800.706878626371,650.3642530536855,4738.058218642429,622.9091359809938,4736.612298044052,617.0919781082614,4548.9393876826125,610.9926766790677,4377.8846263312425,717.5692032583064,0.04082332761578056,241.63803257745167,0.30061086700246475,1423.9384062599802,0.29313704445862765,1396.5614755669112,1423.9384062599802,2198.093867773873,1396.5614755669112,2025-10-19
2025,10,4,0,43,0,4646.455697860109,6160.754544873842,6381.494610348132,5330.250718620249,5047.662823379112,5919.11651229639,4576.6547955924625,5729.568284360695,944.4740337369497,5389.0949944107315,726.3176044257951,5296.203389625253,674.5648676059666,-1514.2988470137334,69.80090226764605,-0.2457976268951878,0.015251511286118236,-0.8660254037844386,0.5000000000000001,-2.4492935982947064e-16,1.0,20,293,0,0,0,0,3,-0.9455963874271428,0.3253420847119795,0.0,1.0,6160.754544873842,4465.227173427021,4283.998648993932,5649.995255775577,4083.733514851485,3939.8167454487384,3994.64218141169,4187.631100287448,3697.654148514851,3299.257425742574,5296.456203860017,706.8861322862224,5191.458725418625,675.2429837650607,4991.235962001845,663.9386342484806,5007.81637901895,659.8510316647173,4813.325431348002,640.132035176314,4745.817903362053,617.5737257599682,4741.710349128193,614.3950352978983,4554.210507401197,607.6912934069882,4381.626843753791,715.4380952094489,0.040586630286493675,181.22852443308784,-0.17761777001310275,-1003.5395579154683,-0.139452622634906,-752.9631140210795,-1003.5395579154683,458.8245975726604,-752.9631140210795,2025-10-20
2025,10,4,1,43,0,4931.920236346215,4646.455697860109,6160.754544873842,6381.494610348132,5330.250718620249,4465.227173427021,4846.297796231236,5246.376826360057,804.6349854245086,5416.423105237943,700.9129712148997,5303.338592968168,669.8094441342369,285.464538486106,85.62244011497842,0.06143705160420976,0.017667597765362864,-0.8660254037844386,0.5000000000000001,-2.4492935982947064e-16,1.0,21,294,0,0,0,0,3,-0.9398560579418953,0.341570769167856,0.7818314824680298,0.6234898018587336,4646.455697860109,4740.623460555733,4549.32668476525,5434.4867326732665,4318.9132013201315,4155.480381667198,4221.38935483871,4192.453708080486,3897.513168316831,3519.207920792079,5323.784314687228,685.1808371643956,5218.786836245837,654.6849649498598,4974.48374545761,658.6885821193945,5029.709487412739,646.1751675842345,4827.190428752985,634.0036638416665,4754.276604332381,615.1655185997477,4749.926643886701,611.9067028374175,4559.957213334694,606.3359485017132,4385.5510446303315,714.5683807234169,0.04035266191929465,191.29677579048166,-0.09247726989662475,-502.56649632705194,0.49485766035251766,1632.6628106036405,-502.56649632705194,739.4665282657288,1632.6628106036405,2025-10-21
2025,10,4,2,43,0,4959.248347173427,4931.920236346215,4646.455697860109,6160.754544873842,6381.494610348132,4740.623460555733,5118.817440114979,4845.874760459918,173.2416760091722,5401.687359203662,711.071969178102,5290.041168556371,675.3665529591073,27.328110827212186,-159.5690929415523,0.005541069100391205,-0.03117303846217423,-0.8660254037844386,0.5000000000000001,-2.4492935982947064e-16,1.0,22,295,0,0,0,0,4,-0.9338372288229252,0.35769823883312546,0.9749279121818236,-0.22252093395631434,4931.920236346215,4767.951571382944,4576.6547955924625,4083.733514851485,4327.218803630363,4152.265309805174,4226.211962631747,4418.18559565634,4097.896752475247,3607.1881188118814,5351.1124255144405,662.7650829789006,5246.114947073048,633.4601167704692,5003.667573201675,636.8969512328545,5052.281971110706,631.6013894556527,4841.600840134561,627.5221392275631,4763.003227957876,612.7789680387938,4755.938452236891,611.2683814639569,4564.742499971906,606.0678248248383,4389.306767486891,714.0189195606508,0.04012137559002027,191.29677579048257,0.21439078459402916,875.5148323219419,0.6578758492026984,1967.9216145001592,875.5148323219419,541.0627515170863,1967.9216145001592,2025-10-22
2025,10,4,3,43,0,5249.027850526988,4959.248347173427,4931.920236346215,4646.455697860109,6160.754544873842,4767.951571382944,6129.788326413286,5046.732144682211,175.72527098499273,5388.150214521452,713.4730454626574,5216.644462232513,621.5217157437235,289.77950335356127,-880.7604758862981,0.058432141943188576,-0.1436853002070393,-0.8660254037844386,0.5000000000000001,-2.4492935982947064e-16,1.0,23,296,0,0,0,0,4,-0.9275416835791965,0.3737197147904692,0.43388373911755823,-0.900968867902419,4959.248347173427,5047.662823379112,4846.297796231236,4318.9132013201315,4563.709900990099,4367.421303098052,4453.720600447142,4644.425126157777,4885.005569306931,3739.1584158415844,5379.878857964138,651.6763482562068,5274.881379522744,622.9644994208086,5034.671394841904,624.9405509765334,5076.757612165595,625.2134801811598,4857.343814195791,626.4676348541345,4772.471171411207,614.085406236394,4762.656260285437,613.3478252299014,4566.764845978684,607.7474717776647,4393.5008492499055,714.6235314571798,0.039892725444183874,201.3650271478764,0.21535849549431907,930.1146492068565,0.5297812545901239,1817.800127754711,930.1146492068565,604.6027243692106,1817.800127754711,2025-10-23
2025,10,4,4,43,0,5541.6839971255185,5249.027850526988,4959.248347173427,4931.920236346215,4646.455697860109,5047.662823379112,5919.11651229639,5249.986731608646,291.2190089493551,5248.181778984349,541.2044879727104,5185.191752634941,591.5691089560339,292.65614659853054,-377.43251517087174,0.05575435203094781,-0.06376500857632927,-0.8660254037844386,0.5000000000000001,-2.4492935982947064e-16,1.0,24,297,0,0,0,0,4,-0.9209712877166346,0.38963044953078774,-0.433883739117558,-0.9009688679024191,5249.027850526988,5330.250718620249,5118.817440114979,4327.218803630363,4801.075272277229,4582.2388677738745,4681.73688118812,5535.423067709998,4695.900118811881,3651.1782178217823,5410.083612036318,653.8888842817813,5305.086133594926,625.0635094636023,5075.1535679584085,616.8154727487648,5103.207923767319,628.7744589444759,4874.476762934214,631.9032433672581,4782.708637077129,619.6970259674033,4762.725826167832,613.4368058085232,4571.463645302649,612.0061268534424,4398.752254192416,716.0980466654507,0.03966666666666652,211.4332785052693,0.2806572185525418,1214.4651934951553,0.7496626519546272,2374.3968684126476,1214.4651934951553,6.260929415520877,2374.3968684126476,2025-10-24
2025,10,4,5,43,1,6633.200894282977,5541.6839971255185,5249.027850526988,4959.248347173427,4931.920236346215,5330.250718620249,4465.227173427021,5807.9709139784945,729.4966040568178,5326.922837219206,708.9145872665819,5365.856229372937,676.6360481692785,1091.5168971574585,2167.9737208559563,0.19696483915785,0.4855237229043503,-0.8660254037844386,0.5000000000000001,-2.4492935982947064e-16,1.0,25,298,0,0,0,0,4,-0.9141279881853337,0.4054257283599973,-0.9749279121818236,-0.2225209339563146,5541.6839971255185,6381.494610348132,6129.788326413286,4563.709900990099,5726.494224422442,5450.815913446184,5569.265929415523,5320.097860108592,3526.6461683168313,3871.128712871287,5446.041652598439,719.8089713766032,5341.044174157047,687.5156200967668,5144.136601068171,670.9888630588352,5135.590304833766,683.0671297824372,4895.590780449157,670.1095276876101,4795.374529516028,646.2701052818786,4777.31585988088,641.8020170487135,4588.722282669128,626.0197062507021,4406.42467691856,725.1684933468949,0.03944315545243615,251.7062839348455,0.45346681497960684,2069.4909932928776,1.0105132877862726,3333.943468540403,2069.4909932928776,1313.1030341743854,3333.943468540403,2025-10-25
2025,10,4,6,43,1,6402.392577451294,6633.200894282977,5541.6839971255185,5249.027850526988,4959.248347173427,6381.494610348132,4740.623460555733,6192.425822953264,575.2536942000714,5619.578983817737,733.8274148262177,5504.336989114235,706.4358874832053,-230.80831683168344,1661.7691168955607,-0.03479591836734697,0.3505380949831345,-0.8660254037844386,0.5000000000000001,-2.4492935982947064e-16,1.0,26,299,0,0,0,0,4,-0.9070138128026362,0.42110087079608916,-0.7818314824680299,0.6234898018587334,6633.200894282977,6160.754544873842,5919.11651229639,4801.075272277229,5507.925742574257,5228.722133503673,5342.434148834239,3994.64218141169,3727.5543168316826,4618.960396039603,5480.561371538075,764.220848070983,5375.563893096683,729.6163751491657,5197.513844573974,705.5591741645326,5167.535548936518,720.9885025188584,4916.549181233936,698.4717050543164,4807.993082237659,667.0927457006516,4804.068642059098,658.7684885830537,4603.582495228125,637.1122937848082,4411.378655200258,732.6773426503293,0.039222148978246496,241.63803257745167,0.3335330554845757,1601.317305174065,0.8192709045762454,2883.1846566592144,1601.317305174065,2407.7503960396034,2883.1846566592144,2025-10-26
2025,10,4,0,44,0,4827.684222293197,6402.392577451294,6633.200894282977,5541.6839971255185,5249.027850526988,6160.754544873842,4767.951571382944,5954.425898009157,982.5875139782822,5602.2063148089,754.3109804765684,5509.314710023421,700.9646888590496,-1574.7083551580963,59.73265091025314,-0.24595623215984774,0.012527948326649607,-0.8660254037844386,0.5000000000000001,-2.4492935982947064e-16,1.0,27,300,0,0,0,0,4,-0.8996308696522434,0.4366512319560638,0.0,1.0,6402.392577451294,4646.455697860109,4465.227173427021,5726.494224422442,4138.812772277228,3918.4957425742577,4003.7797540721817,4221.38935483871,3732.5376782178214,5234.821782178217,5506.451160742802,733.714903374928,5401.453682301409,700.6862552266122,5167.5535111696645,701.3932872628733,5192.138100722803,695.9017528070758,4932.784689800345,685.2932342374296,4817.8014687641,661.156381932595,4810.805251697482,655.8365032449009,4609.666642695211,633.9690565884368,4410.247717533911,731.7163534077638,0.03900360537528691,181.22852443308875,-0.15695641467618804,-898.8100021292448,0.33835110986208194,1220.496103481316,-898.8100021292448,606.2948674544878,1220.496103481316,2025-10-27
2025,10,4,1,44,0,5123.217012136697,4827.684222293197,6402.392577451294,6633.200894282977,5541.6839971255185,4646.455697860109,5047.662823379112,5451.09793729373,836.99225012094,5629.534425636112,728.900559255893,5515.610892419888,696.7678438343884,295.5327898434998,75.55418875758551,0.06121626358219401,0.01496815286624198,-0.8660254037844386,0.5000000000000001,-2.4492935982947064e-16,1.0,28,301,0,0,0,0,4,-0.8919813464595487,0.45207220393230374,0.7818314824680298,0.6234898018587336,4827.684222293197,4931.920236346215,4740.623460555733,5507.925742574257,4377.052417491749,4144.495552805281,4222.996890769722,4226.211962631747,3934.2326732673264,3207.2524752475247,5533.779271570013,711.9901926626792,5428.781793128622,680.0881996588575,5154.729886821747,698.466370925414,5218.786836245837,677.578500047623,4950.261858716977,677.2569588173211,4828.51837497085,658.6902190450941,4820.771974469759,653.6649210650984,4616.272111244485,633.0857745005701,4415.569841247492,729.9076480368611,0.03878748370273799,191.29677579048257,-0.06984639016897087,-384.70873043756,0.3701524360217827,1384.0585962951127,-384.70873043756,897.00504950495,1384.0585962951127,2025-10-28
2025,10,4,2,44,0,5150.545122963908,5123.217012136697,4827.684222293197,6402.392577451294,6633.200894282977,4931.920236346215,5330.250718620249,5033.815452464602,179.03706166406002,5613.120637708932,740.2039111199273,5500.635426115193,703.0170796530404,27.328110827211276,-179.70559565634085,0.005334170065892652,-0.03371428571428592,-0.8660254037844386,0.5000000000000001,-2.4492935982947064e-16,1.0,29,302,0,0,0,0,5,-0.8840675099433637,0.46735921715800205,0.9749279121818236,-0.22252093395631434,5123.217012136697,4959.248347173427,4767.951571382944,4138.812772277228,4385.35801980198,4152.801155115511,4219.781818907697,4453.720600447142,4139.828058128393,2907.9089108910894,5561.107382397226,689.5814016207212,5456.109903955833,658.8464846737509,5188.454298511303,671.632409684194,5246.114947073048,657.8636316536172,4968.078715285699,668.9697303335274,4839.598890495328,656.1504242916753,4828.514469164389,653.395240108554,4621.887206049127,633.3185782683184,4421.799386281029,726.5668388151645,0.03857374392220403,191.29677579048166,0.24444989574389764,1011.7323506866805,0.41065289495417123,1499.3669051421261,1011.7323506866805,696.8245225167666,1499.3669051421261,2025-10-29
2025,10,4,3,44,0,5450.392877674864,5150.545122963908,5123.217012136697,4827.684222293197,6402.392577451294,4959.248347173427,6381.494610348132,5241.385004258492,181.52114139361123,5597.905451133823,742.8993564459395,5423.043615059086,646.0318524819193,299.847754710956,-931.1017326732672,0.05821670280570368,-0.14590652966523032,-0.8660254037844386,0.5000000000000001,-2.4492935982947064e-16,1.0,30,303,0,0,0,0,5,-0.8758917051442433,0.48250774176121763,0.43388373911755823,-0.900968867902419,5150.545122963908,5249.027850526988,5047.662823379112,4377.052417491749,4644.93276908336,4380.112376237624,4438.4913126796555,4681.73688118812,4938.942630150112,3335.5425742574257,5589.873814846922,678.5040617244646,5484.876336405529,648.349474531347,5224.232313850739,655.3085489028867,5274.881379522745,648.1404257426676,4987.190867097079,667.1526290901103,4851.645337697652,657.983984394784,4837.055091347575,656.4714969044938,4624.728596313153,635.8910861163317,4427.673970457187,726.3092129235861,0.03836234687298523,201.3650271478764,0.24521992377651003,1073.3404601831153,0.4079596112504893,1579.2641648035774,1073.3404601831153,768.6559964867447,1579.2641648035774,2025-10-30
2025,10,4,4,44,0,5753.117275630789,5450.392877674864,5150.545122963908,5123.217012136697,4827.684222293197,5249.027850526988,6160.754544873842,5451.351758756521,301.2872207413677,5451.224848025125,562.61178958981,5389.073842622165,613.6191118568196,302.72439795592436,-407.6372692430532,0.05554175721825505,-0.06616677653263014,-0.8660254037844386,0.5000000000000001,-2.4492935982947064e-16,1.0,31,304,0,1,0,0,5,-0.867456354729597,0.4975132889071803,-0.433883739117558,-0.9009688679024191,5450.392877674864,5541.6839971255185,5330.250718620249,4385.35801980198,4907.384161609709,4608.297871287129,4656.862377834558,5569.265929415523,4751.537783455765,3078.9623762376236,5620.078568919103,680.7038574686642,5515.081090477711,650.4384955295145,5269.824289045034,642.3851006669779,5305.086133594926,650.0835421083476,5007.634070746071,672.8470616768279,4864.695991242846,664.9093341519875,4839.097884083301,659.0565369344736,4630.2929268252365,641.3654910268281,4435.102178511057,726.1517869272134,0.03815325424815663,211.4332785052702,0.3118922673252045,1367.7592558288088,0.2455437549461641,1134.1568795911853,1367.7592558288088,183.85134621526595,1134.1568795911853,2025-10-31
2025,11,4,5,44,1,6884.907178217822,5753.117275630789,5450.392877674864,5150.545122963908,5123.217012136697,5541.6839971255185,4646.455697860109,6029.472443841159,756.1328943135223,5531.64394815288,734.109217125098,5575.611465985308,701.3164762583214,1131.7899025870329,2238.451480357713,0.19672637430512663,0.48175461597290514,-0.5000000000000004,0.8660254037844384,-2.4492935982947064e-16,1.0,1,305,1,0,0,0,1,-0.858763958275803,0.5123714121284235,-0.9749279121818236,-0.2225209339563146,5753.117275630789,6633.200894282977,6381.494610348132,4644.93276908336,5878.0820424784415,5496.997318481848,5539.653425423188,5342.434148834239,3571.267981475567,3207.2524752475247,5656.036609481224,746.6000881126241,5551.039131039833,712.93340220697,5344.490102682849,695.2512253607124,5341.044174157048,708.199053384839,5032.418175384214,715.4153795460104,4880.710916871353,696.798259879001,4856.236473298674,691.5476345101565,4648.7020334738045,658.1349368004269,4445.317886019308,734.6493559160704,0.03794642857142838,251.70628393484458,0.48224043715846987,2239.974409134462,0.31521328990745534,1650.0853960396043,2239.974409134462,1542.4730293835828,1650.0853960396043,2025-11-01
2025,11,4,6,44,1,6638.886495049504,6884.907178217822,5753.117275630789,5450.392877674864,5150.545122963908,6633.200894282977,4931.920236346215,6425.63698296604,595.2676807137299,5833.510993612264,758.7181553857178,5717.858654210583,731.3559658237899,-246.0206831683172,1706.96625870329,-0.035733333333333395,0.34610581211830116,-0.5000000000000004,0.8660254037844384,-2.4492935982947064e-16,1.0,2,306,0,0,0,0,1,-0.8498170915275277,0.5270777086423724,-0.7818314824680299,0.6234898018587334,6884.907178217822,6402.392577451294,6160.754544873842,4907.384161609709,5677.4784797189395,5287.608712871287,5314.006145001597,4003.7797540721817,3777.7094378792713,3421.069306930693,5689.821454852397,790.0872215161255,5585.191413195236,754.621258646572,5402.206847130842,728.7759568633754,5375.380174704566,747.3393552292257,5056.548135780255,746.3007688020624,4896.483301990971,721.2885785836778,4885.515437087311,710.5718466859792,4664.597461569195,671.3992391738343,4454.256267097416,741.6943445252871,0.03693836557775665,236.49391759821083,0.3528361090996863,1731.5023334397956,1.069960673905829,3431.63401980198,1731.5023334397956,2635.1067409773227,3431.63401980198,2025-11-02
2025,11,4,0,45,0,5001.196574257426,6638.886495049504,6884.907178217822,5753.117275630789,5450.392877674864,6402.392577451294,4959.248347173427,6174.9967491749185,1023.9563868221356,5813.17425396572,782.8172776872508,5721.354339800916,727.4904146380935,-1637.6899207920787,41.94822708399897,-0.24668141592920345,0.008458585686257791,-0.5000000000000004,0.8660254037844384,-2.4492935982947064e-16,1.0,3,307,0,0,0,0,1,-0.8406184056344783,0.5416278206559811,0.0,1.0,6638.886495049504,4827.684222293197,4646.455697860109,5878.0820424784415,4283.998648993932,3973.575,3982.458751197701,4222.996890769722,3785.7471175343335,3506.5960396039604,5714.60893370443,760.706863195141,5610.530047223617,726.0922144993644,5372.977331523475,726.6132719842336,5400.99438632112,720.351362141657,5074.89852103485,731.6785408666093,4908.6111332178725,714.2652947614945,4894.162100237175,707.1458819878242,4671.34995855099,668.6172911552012,4458.407935249231,740.5571727216966,0.035941114616193426,173.5123519642284,-0.14917884130982373,-876.8854682210158,0.7198601220025411,2093.2876633663363,-876.8854682210158,778.1996834877036,2093.2876633663363,2025-11-03
2025,11,4,1,45,0,5302.296514851484,5001.196574257426,6638.886495049504,6884.907178217822,5753.117275630789,4827.684222293197,5249.027850526988,5647.459861386138,871.6997023110646,5838.466152613648,759.2226378968618,5725.79339516129,724.5027149033117,301.09994059405835,53.26866432449606,0.06020558002936838,0.010148291424886935,-0.5000000000000004,0.8660254037844384,-2.4492935982947064e-16,1.0,4,308,0,0,0,0,1,-0.8311706263658079,0.5560174366570446,0.7818314824680298,0.6234898018587336,5001.196574257426,5123.217012136697,4931.920236346215,5677.4784797189395,4549.32668476525,4202.634768976898,4200.491387735548,4219.781818907697,3993.457681251996,3634.8861386138615,5740.191719806542,740.2393040434861,5636.985495688278,705.9323848612554,5360.471266027892,724.4170389200488,5427.886165967057,701.1794030106136,5094.535337925468,722.542401802643,4921.727860921634,711.21498085086,4906.190041303216,704.7486289632657,4678.62128540432,668.3207686090745,4463.03963073878,740.606514427181,0.034954502667085,179.07950271478694,-0.06608249880782091,-375.18196486745546,0.5896353881892533,1966.7539405940583,-375.18196486745546,1082.514695943787,1966.7539405940583,2025-11-04
2025,11,4,2,45,0,5325.552201320132,5302.296514851484,5001.196574257426,6638.886495049504,6884.907178217822,5123.217012136697,5541.6839971255185,5209.681763476347,180.9275057336145,5817.659373221192,773.5602616180647,5707.782412177508,732.1419397674416,23.255686468647582,-216.1317958053869,0.004385964912280826,-0.03900110434255988,-0.5000000000000004,0.8660254037844384,-2.4492935982947064e-16,1.0,5,309,0,0,0,0,1,-0.8214765533024145,0.5702422926917867,0.9749279121818236,-0.22252093395631434,5302.296514851484,5150.545122963908,4959.248347173427,4283.998648993932,4576.6547955924625,4210.940371287129,4197.276315873523,4438.4913126796555,4202.014316512296,3549.359405940594,5765.192731000288,719.6750228056965,5663.150056698758,685.3694001592504,5395.189717772099,695.425601790972,5454.632501885903,681.5142759135949,5114.439120604629,713.0492456105524,4935.15971670076,708.0152930730261,4916.046273399222,704.3370100750884,4684.863162542141,669.0908395364743,4467.9734996148345,740.4190979637482,0.033978360382854955,175.00707835622325,0.24312648944714343,1041.5535523261997,0.7296580959939356,2246.589825082508,1041.5535523261997,887.0608886404762,2246.589825082508,2025-11-05
2025,11,4,3,45,0,5630.324092409241,5325.552201320132,5302.296514851484,5001.196574257426,6638.886495049504,5150.545122963908,6633.200894282977,5419.390936193619,183.04317532089797,5797.193842684268,777.2249596104878,5624.209345354696,671.6422853337402,304.771891089109,-1002.8768018737364,0.05722822339692035,-0.15119047619047632,-0.5000000000000004,0.8660254037844384,-2.4492935982947064e-16,1.0,6,310,0,0,0,0,1,-0.8115390590073611,0.5842981736283683,0.43388373911755823,-0.900968867902419,5325.552201320132,5450.392877674864,5249.027850526988,4549.32668476525,4846.297796231236,4441.311551155116,4414.801309485788,4656.862377834558,5012.973890130948,3763.176237623762,5790.897190248056,709.701627228822,5690.38550254749,675.1467851745174,5431.222964693566,677.8703547643262,5482.633441035117,671.6290056070928,5135.671487412738,710.3385683868489,4949.630226021277,709.6715750433458,4926.862514672273,707.7782363047229,4688.292885888131,672.3563961967071,4473.160021433683,742.0061902431652,0.03301252199109994,179.93121473437623,0.23761701072469155,1080.9974076439903,0.7554976216752975,2423.071617161716,1080.9974076439903,973.4617145746824,2423.071617161716,2025-11-06
2025,11,4,4,45,0,5937.54395049505,5630.324092409241,5325.552201320132,5302.296514851484,5001.196574257426,5450.392877674864,6402.392577451294,5631.140081408143,305.99669057529786,5639.299971397139,584.3608806435242,5585.471959775009,635.0904993130847,307.2198580858094,-464.8486269562436,0.05456521739130449,-0.07260545512210592,-0.5000000000000004,0.8660254037844384,-2.4492935982947064e-16,1.0,7,311,0,0,0,0,1,-0.8013610881746769,0.5981809144059159,-0.433883739117558,-0.9009688679024191,5630.324092409241,5753.117275630789,5541.6839971255185,4576.6547955924625,5118.817440114979,4672.557004950496,4631.987874480998,5539.653425423188,4822.607793037368,4490.153465346534,5817.243858085809,711.4863924848697,5718.661213502456,676.727606771467,5476.585936523652,664.1063096971011,5511.873673548691,673.0238784831041,5158.260540011748,715.4388108276535,4965.17256025954,716.8907619718251,4931.283520506405,712.873265263123,4694.486975651786,678.706380518364,4477.1805505590955,746.0090400661682,0.03205682520074138,184.42667486426126,0.2973545560423716,1360.8891549025875,0.7355813103424327,2516.474643564357,1360.8891549025875,397.8905250718617,2516.474643564357,2025-11-07
2025,11,4,5,45,1,7099.1042904290425,5937.54395049505,5630.324092409241,5325.552201320132,5302.296514851484,5753.117275630789,4827.684222293197,6222.324111111112,774.6958257497536,5716.002937293729,748.8582717530937,5774.756965452997,721.3392961785102,1161.5603399339925,2271.420068135845,0.19562976705833823,0.47049889005724954,-0.5000000000000004,0.8660254037844384,-2.4492935982947064e-16,1.0,8,312,0,0,0,0,2,-0.7909456567567774,0.6118864012687242,-0.9749279121818236,-0.2225209339563146,5937.54395049505,6884.907178217822,6633.200894282977,4846.297796231236,6129.788326413286,5573.496287128713,5510.040921430854,5314.006145001597,3624.5704886617696,5088.840594059406,5847.843445544554,767.4616363625994,5751.940027512889,734.1776586196768,5551.679486330246,715.7395490244868,5546.492100834968,728.6181016129547,5185.503540070683,759.2435189778535,4984.089981319042,751.5695093988976,4951.117944344488,747.6278734493187,4713.78994121716,697.2627053001588,4482.764616382345,758.0270844007953,0.03111111111111109,214.19711221122088,0.46485102420856594,2252.8064941978064,1.0245001734590518,3592.508250825082,2252.8064941978064,1785.0981454274452,3592.508250825082,2025-11-08
2025,11,4,6,45,1,6844.515722772277,7099.1042904290425,5937.54395049505,5630.324092409241,5325.552201320132,6884.907178217822,5123.217012136697,6627.054654565458,610.5510568052912,6023.222795379537,774.6266557513915,5918.198524672628,750.5517909258497,-254.58856765676592,1721.2987106355795,-0.035862068965517246,0.33598005053424274,-0.5000000000000004,0.8660254037844384,-2.4492935982947064e-16,1.0,9,313,0,0,0,0,2,-0.780295851070776,0.6254105729852457,-0.7818314824680299,0.6234898018587334,7099.1042904290425,6638.886495049504,6402.392577451294,5118.817440114979,5919.11651229639,5361.047722772278,5285.578141168955,3982.458751197701,3833.9731954647073,4021.6336633663364,5877.219049504951,805.7657040560948,5783.520252178673,772.8015781409325,5609.202762418822,748.3544735305072,5579.542072637678,766.1667229648682,5211.994040070684,790.7073647203042,5002.648762052415,777.8907628208042,4982.918577361983,766.5914722829845,4730.51517747998,711.992004424676,4490.60595543625,767.7814295221417,0.030973451327433565,205.62922772277216,0.3371283119287283,1725.6982826572976,0.8830069118430173,3209.629584158415,1725.6982826572976,2862.0569715745755,3209.629584158415,2025-11-09
2025,11,4,0,46,0,5155.418495049505,6844.515722772277,7099.1042904290425,5937.54395049505,5630.324092409241,6638.886495049504,5150.545122963908,6366.346169416942,1056.3915983701363,5998.743125412541,803.7395542422993,5918.604639013094,750.099844794775,-1689.097227722772,4.873372085596202,-0.24678111587982832,0.0009461856889416698,-0.5000000000000004,0.8660254037844384,-2.4492935982947064e-16,1.0,10,314,0,0,0,0,2,-0.7694148268839381,0.6387494220515268,0.0,1.0,6844.515722772277,5001.196574257426,4827.684222293197,6129.788326413286,4465.227173427021,4028.654257425743,3961.137748323219,4200.491387735548,3842.01087511977,3646.281188118812,5899.250752475246,779.5012412563425,5806.929843089839,746.1236650093723,5576.723768040029,746.1224454179479,5604.191762695623,739.6315196579241,5232.11483002825,774.212020277373,5016.866389989633,769.4942697477339,4993.528878554361,762.2364569340372,4737.811886479589,709.5614246663552,4494.798003511058,767.2783596883371,0.03083700440528636,154.2219207920789,-0.15895652173913044,-974.3698313637815,0.45249266287906353,1606.0590891089105,-974.3698313637815,954.9271073139562,1606.0590891089105,2025-11-10
2025,11,4,1,46,0,5465.086320132013,5155.418495049505,6844.515722772277,7099.1042904290425,5937.54395049505,5001.196574257426,5450.392877674864,5821.673512651266,899.2375551414152,6021.998811881188,782.0927002716633,5919.82909255119,749.277601756899,309.667825082508,14.693442457148194,0.06006647673314336,0.002695850150056689,-0.5000000000000004,0.8660254037844384,-2.4492935982947064e-16,1.0,11,315,0,0,0,0,2,-0.7583058084785625,0.6518989958787125,0.7818314824680298,0.6234898018587336,5155.418495049505,5302.296514851484,5123.217012136697,5919.11651229639,4740.623460555733,4260.773985148515,4177.985884701373,4197.276315873523,4052.6826892366657,4182.49900990099,5922.506438943894,760.9305393775142,5831.349079375218,727.3847980105398,5561.589428301217,743.5381650667351,5630.06543625192,720.7335457632329,5253.62040743867,763.3908462181519,5032.1890142209495,765.3925493732568,5007.615656379455,759.0641929904347,4745.658573317896,709.7521038161622,4498.360746039477,768.8004482528493,0.03070175438596512,162.78980528052853,-0.07670573661139701,-454.0301921643777,0.45225362168605554,1701.9100825082505,-454.0301921643777,1267.8100042584892,1701.9100825082505,2025-11-11
2025,11,4,2,46,0,5488.342006600659,5465.086320132013,5155.418495049505,6844.515722772277,7099.1042904290425,5302.296514851484,5753.117275630789,5369.615607260726,185.86422167260778,5998.335130913091,798.2938857661558,5897.764486798679,758.4752817304703,23.255686468646672,-264.7752690301295,0.004255319148936065,-0.046022922242811126,-0.5000000000000004,0.8660254037844384,-2.4492935982947064e-16,1.0,12,316,0,0,0,0,2,-0.7469720876965551,0.6648553979642867,0.9749279121818236,-0.22252093395631434,5465.086320132013,5325.552201320132,5150.545122963908,4465.227173427021,4767.951571382944,4269.079587458746,4174.770812839348,4414.801309485788,4264.200574896199,3860.768316831683,5945.762125412541,741.8951316692479,5855.477428206415,708.4197865001776,5595.693256073671,714.4103897192225,5655.793666081124,701.4177608539426,5275.392950637633,752.1041306548697,5047.826766527632,761.070155832641,5019.543886347397,758.0781844423426,4752.459359049588,710.9767948434071,4502.881784066612,769.8254565817443,0.03056768558951961,162.78980528052762,0.22912940225354927,1023.1148331736385,0.22230610801118544,998.1885412541251,1023.1148331736385,1073.5406971148714,998.1885412541251,2025-11-12
2025,11,4,3,46,0,5801.681782178218,5488.342006600659,5465.086320132013,5155.418495049505,6844.515722772277,5325.552201320132,6884.907178217822,5585.0367029702975,187.98011729167803,5975.691436193619,802.2800247727561,5807.495703795379,691.8441783078728,313.3397755775586,-1083.2253960396038,0.05709188224799311,-0.15733333333333333,-0.5000000000000004,0.8660254037844384,-2.4492935982947064e-16,1.0,13,317,0,0,0,0,2,-0.7354170229639858,0.6776147890466887,0.43388373911755823,-0.900968867902419,5488.342006600659,5630.324092409241,5450.392877674864,4740.623460555733,5047.662823379112,4502.510726072607,4391.111306291919,4631.987874480998,5087.005150111785,4021.6336633663364,5970.2417953795375,732.520026042162,5880.569492813797,699.128448379125,5631.061866794422,696.6630487712549,5682.722914609664,691.6111273057053,5298.592433782376,747.8554452965552,5064.619272192945,761.9667093447971,5032.5404853218115,761.3787278651783,4756.42978478329,714.8405367305487,4507.8263621744245,772.4379755455855,0.0304347826086957,171.35768976897725,0.22382252681551296,1061.058321622485,0.14007929211831982,712.8411881188122,1061.058321622485,1169.6939076972203,712.8411881188122,2025-11-13
2025,11,4,4,46,0,6117.469524752475,5801.681782178218,5488.342006600659,5465.086320132013,5155.418495049505,5630.324092409241,6638.886495049504,5802.497771177118,314.5645528384436,5812.085641914192,602.6125854228534,5764.04428960396,649.9894303194624,315.7877425742572,-521.4169702970294,0.05443037974683551,-0.07853982300884954,-0.5000000000000004,0.8660254037844384,-2.4492935982947064e-16,1.0,14,318,0,0,0,0,2,-0.7236440382959123,0.690173388242972,-0.433883739117558,-0.9009688679024191,5801.681782178218,5937.54395049505,5753.117275630789,4767.951571382944,5330.250718620249,4736.816138613862,4607.113371127435,5510.040921430854,4893.677802618971,4289.742574257426,5995.945448844884,734.335940600169,5906.594653465346,700.7986030774834,5676.045798573406,682.4340085893516,5710.837871971528,692.7517868527965,5323.246958534852,751.7465109451731,5082.599702593243,768.8300158497229,5039.289692025385,768.319691316614,4763.228627684032,721.9376995604197,4512.903381481355,776.9937139673741,0.030303030303030276,179.92557425742507,0.2830393583419102,1349.517953369531,0.5211404212366286,2095.8358613861387,1349.517953369531,607.4286033216213,2095.8358613861387,2025-11-14
2025,11,4,5,46,1,7313.301402640263,6117.469524752475,5801.681782178218,5488.342006600659,5465.086320132013,5937.54395049505,5001.196574257426,6410.817569856987,797.363327421297,5890.216588558856,770.3012216010379,5956.719691969197,739.7864613375784,1195.8318778877883,2312.1048283828377,0.19547819127651045,0.4623103279490943,-0.5000000000000004,0.8660254037844384,-2.4492935982947064e-16,1.0,15,319,0,0,0,0,3,-0.7116566222817751,0.7025274741691566,-0.9749279121818236,-0.2225209339563146,6117.469524752475,7099.1042904290425,6884.907178217822,5047.662823379112,6381.494610348132,5649.995255775577,5480.4284174385175,5285.578141168955,3677.872995847972,4396.986138613862,6026.54503630363,790.2962079614114,5937.194240924092,754.1252019356981,5751.5670845487775,733.9173569178618,5744.116685981962,746.4616661172365,5352.948854014578,796.4227271188944,5104.419619083741,805.396224379359,5061.819950486178,804.5016205068588,4783.4254521662115,741.9782696712036,4521.004257214761,790.8606990911836,0.030172413793103425,214.19711221122088,0.44884903341155447,2265.638579261152,1.005687719989949,3667.020214521451,2265.638579261152,2027.7232614713084,3667.020214521451,2025-11-15
2025,11,4,6,46,1,7050.144950495049,7313.301402640263,6117.469524752475,5801.681782178218,5488.342006600659,7099.1042904290425,5302.296514851484,6826.97195929593,628.377361180084,6206.004331133113,796.7426229891788,6102.373728272826,770.6462467481543,-263.15645214521464,1747.8484356435647,-0.035983263598326376,0.3296398891966761,-0.5000000000000004,0.8660254037844384,-2.4492935982947064e-16,1.0,16,320,0,0,0,0,3,-0.6994583270516471,0.7146733860429608,-0.7818314824680299,0.6234898018587334,7313.301402640263,6844.515722772277,6638.886495049504,5330.250718620249,6160.754544873842,5434.4867326732665,5257.150137336314,3961.137748323219,3890.236953050144,4557.851485148515,6055.920640264026,828.6584374320076,5966.569844884488,790.6846575279706,5808.896892277937,766.3302993841579,5775.8806290398625,782.8818483434497,5381.799893618538,828.0658357659944,5125.764795430868,832.7866137680145,5096.142252732531,822.7027769240082,4800.980496596461,757.9373029846674,4527.927294618502,802.014025353487,0.030042918454935563,205.62922772277216,0.32266666666666644,1719.8942318747995,0.6856297954418267,2867.6459405940586,1719.8942318747995,3089.0072021718297,2867.6459405940586,2025-11-16
2025,11,4,0,47,0,5309.640415841584,7050.144950495049,7313.301402640263,6117.469524752475,5801.681782178218,6844.515722772277,5325.552201320132,6557.695589658967,1088.826945499416,6180.096680418042,827.5839012276484,6101.047746149615,772.1166501045379,-1740.5045346534644,-15.911785478547245,-0.24687499999999984,-0.0029878188922085602,-0.5000000000000004,0.8660254037844384,-2.4492935982947064e-16,1.0,17,321,0,0,0,0,3,-0.6870527672236675,0.726607524768565,0.0,1.0,7050.144950495049,5155.418495049505,5001.196574257426,6381.494610348132,4646.455697860109,4083.733514851485,3939.8167454487384,4177.985884701373,3898.274632705206,4450.607920792079,6077.952343234322,802.3591386074349,5988.601547854785,765.6160987904428,5773.168419127719,763.6955268363861,5799.565797539201,757.0527480035819,5403.691088279075,809.1129897486315,5142.072220078402,822.6337612561383,5108.716191967423,817.141416798951,4808.821417613885,755.844023473451,4530.31349599364,803.0605794953931,0.02991452991453003,154.2219207920798,-0.16796287703016233,-1071.8541945065472,0.37528076799980314,1448.8720990099014,-1071.8541945065472,1131.6545311402115,1448.8720990099014,2025-11-17
2025,11,4,1,47,0,5627.876125412541,5309.640415841584,7050.144950495049,7313.301402640263,6117.469524752475,5155.418495049505,5630.324092409241,5995.887163916392,926.7756482195527,6203.352366886688,805.934689507716,6100.84374889989,772.252635308898,318.2357095709567,-2.447966996699506,0.059935454126325505,-0.00043478260869567187,-0.5000000000000004,0.8660254037844384,-2.4492935982947064e-16,1.0,18,322,0,0,0,0,3,-0.6744436188329457,0.7383263540031063,0.7818314824680298,0.6234898018587336,5309.640415841584,5465.086320132013,5302.296514851484,6160.754544873842,4931.920236346215,4318.9132013201315,4155.480381667198,4174.770812839348,4111.907697221335,4718.716831683168,6101.20802970297,783.7792179290468,6011.857234323433,747.9058349911204,5755.405805145676,760.5605103149397,5824.421365005855,738.7138335601975,5427.065426209297,796.0062857793374,5159.600740837275,817.0260232956242,5124.861806551569,812.8248719311662,4817.243464437169,756.4808554091002,4532.838938476221,805.08172139557,0.029787234042553346,162.78980528052853,-0.08649564198344684,-532.8784194613008,0.39940049156583,1606.2424620462048,-532.8784194613008,1453.1053125731933,1606.2424620462048,2025-11-18
2025,11,4,2,47,0,5651.131811881187,5627.876125412541,5309.640415841584,7050.144950495049,7313.301402640263,5465.086320132013,5937.54395049505,5529.549451045105,190.8014532474717,6178.260705170517,823.1019806298561,6076.976070682068,782.1214431120741,23.255686468645763,-286.41213861386314,0.004132231404958553,-0.048237476808905666,-0.5000000000000004,0.8660254037844384,-2.4492935982947064e-16,1.0,19,323,0,0,0,0,3,-0.661634618242279,0.749826401204568,0.9749279121818236,-0.22252093395631434,5627.876125412541,5488.342006600659,5325.552201320132,4646.455697860109,4959.248347173427,4327.218803630363,4152.265309805174,4391.111306291919,4326.386833280102,5630.287128712871,6124.463716171617,764.7480222975876,6035.112920792078,729.7658976003423,5788.895008946378,731.6154380771463,5849.131488745418,720.0374950506261,5450.706729928062,782.2888853460305,5177.444389671513,811.1070024584668,5138.86203439145,810.8937363290888,4824.603158762731,758.12105196727,4532.896840373911,805.1616159163658,0.029661016949152463,162.78980528052762,0.21622418879056027,1004.6761140210783,0.31735919208611807,1361.389237623761,1004.6761140210783,1260.0205055892675,1361.389237623761,2025-11-19
2025,11,4,3,47,0,5973.039471947194,5651.131811881187,5627.876125412541,5309.640415841584,7050.144950495049,5488.342006600659,7099.1042904290425,5750.682469746975,192.91755767382605,6154.18902970297,827.3364329188162,5983.13733580858,712.8203707510559,321.90766006600734,-1126.0648184818483,0.05696339614468293,-0.1586206896551724,-0.5000000000000004,0.8660254037844384,-2.4492935982947064e-16,1.0,20,324,0,0,0,0,3,-0.6486295610349818,0.7611042586607742,0.43388373911755823,-0.900968867902419,5651.131811881187,5801.681782178218,5630.324092409241,4931.920236346215,5249.027850526988,4563.709900990099,4367.421303098052,4607.113371127435,5161.036410092622,6380.99207920792,6148.943386138614,755.3788862532268,6059.5925907590745,720.8364269262736,5823.598983466411,714.0449559571542,5874.9890466532825,710.6274088802031,5475.873329409439,775.8780901599771,5196.558891681622,810.7069115620939,5154.038991067225,813.60754935822,4829.114286884145,762.5371622120185,4531.7636386870745,802.8370468725899,0.029535864978902815,171.35768976897634,0.21109814954596406,1041.1192356009797,0.3584394591314721,1576.0533333333324,1041.1192356009797,1365.926100819759,1576.0533333333324,2025-11-20
2025,11,4,4,47,0,6297.395099009901,5973.039471947194,5651.131811881187,5627.876125412541,5309.640415841584,5801.681782178218,6844.515722772277,5973.855460946095,323.13241628019995,5984.871312431243,620.8676855935606,5937.543950495049,668.8580380242629,324.35562706270684,-547.1206237623755,0.05430327868852469,-0.07993562231759643,-0.5000000000000004,0.8660254037844384,-2.4492935982947064e-16,1.0,21,325,0,0,0,0,3,-0.6354323008901775,0.7721565844991641,-0.433883739117558,-0.9009688679024191,5973.039471947194,6117.469524752475,5937.54395049505,4959.248347173427,5541.6839971255185,4801.075272277229,4582.2388677738745,5480.4284174385175,4964.747812200575,5047.574257425742,6174.6470396039595,757.1884544458518,6085.2962442244225,722.5633685337777,5868.203875194294,699.8432982330602,5901.97872886344,711.8495393285853,5502.593326315379,777.9791833198209,5216.977418243956,816.6256099476172,5163.116398640241,821.8061223391098,4836.517882921975,770.2914237025792,4535.235363247031,807.7610034320483,0.02941176470588247,179.92557425742598,0.26982854218203545,1338.1467518364743,0.38165868710939455,1739.543613861386,1338.1467518364743,816.9666815713836,1739.543613861386,2025-11-21
2025,11,4,5,47,1,7527.498514851485,6297.395099009901,5973.039471947194,5651.131811881187,5627.876125412541,6117.469524752475,5155.418495049505,6599.3110286028605,820.0308838227611,6064.4302398239815,791.7444586730529,6135.217285478549,760.8858560691165,1230.1034158415841,2372.0800198019806,0.19533527696792996,0.46011396011396033,-0.5000000000000004,0.8660254037844384,-2.4492935982947064e-16,1.0,22,326,0,0,0,0,4,-0.622046748440868,0.7829801036770625,-0.9749279121818236,-0.2225209339563146,6297.395099009901,7313.301402640263,7099.1042904290425,5249.027850526988,6633.200894282977,5726.494224422442,5450.815913446184,5257.150137336314,3731.175503034174,4576.467326732673,6205.2466270627065,813.1343826643766,6115.895831683169,775.901640694679,5944.152897338443,752.0195969819704,5933.917929598028,764.0236875220801,5534.754117215897,823.3084721838695,5241.699830165447,854.3532028240228,5188.342491723742,858.7402608543994,4857.608566320961,791.5368581142184,4543.4326721029165,823.0104604412735,0.029288702928870425,214.1971122112218,0.4340747904577693,2278.470664324497,0.6913416433932487,3076.890594059406,2278.470664324497,2270.348377515171,3076.890594059406,2025-11-22
2025,11,4,6,47,1,7255.774178217822,7527.498514851485,6297.395099009901,5973.039471947194,5651.131811881187,7313.301402640263,5465.086320132013,7026.889264026403,646.2041715854992,6388.785866886689,818.8589260079345,6284.441273652365,792.4518225113758,-271.72433663366337,1790.6878580858092,-0.03609756097560979,0.32765957446808525,-0.5000000000000004,0.8660254037844384,-2.4492935982947064e-16,1.0,23,327,0,0,0,0,4,-0.6084768701151264,0.7935716089521472,-0.7818314824680299,0.6234898018587334,7527.498514851485,7050.144950495049,6844.515722772277,5541.6839971255185,6402.392577451294,5507.925742574257,5228.722133503673,3939.8167454487384,3946.50071063558,5249.477227722772,6234.622231023102,851.5514881347234,6145.271435643564,812.5296852385611,6001.289236708187,784.7886401956208,5964.395843911118,799.5970147654708,5565.965696423818,854.8010230896185,5265.83140212633,882.1572743569052,5225.186463198955,875.5414669280426,4875.99341891864,808.5065108250809,4549.005719187626,834.5172050184512,0.029166666666666785,205.62922772277307,0.3093085390616652,1714.0901810923033,0.5376583162396895,2537.0573465346542,1714.0901810923033,3315.9574327690834,2537.0573465346542,2025-11-23
2025,11,4,0,48,0,5463.862336633663,7255.774178217822,7527.498514851485,6297.395099009901,5973.039471947194,7050.144950495049,5488.342006600659,6749.04500990099,1121.2624164438862,6361.450235423542,851.4301128307445,6282.401301155115,794.7157646286681,-1791.9118415841585,-24.47966996699597,-0.24696356275303644,-0.004460303300624302,-0.5000000000000004,0.8660254037844384,-2.4492935982947064e-16,1.0,24,328,0,0,0,0,4,-0.594726686960764,0.8039279618328208,0.0,1.0,7255.774178217822,5309.640415841584,5155.418495049505,6633.200894282977,4827.684222293197,4138.812772277228,3918.4957425742577,4155.480381667198,3954.5383902906424,4845.671287128713,6256.6539339934,825.219294743231,6167.303138613862,787.4189743532767,5962.311284786543,781.3524965368629,5987.11649085185,774.7535217480912,5589.627295787327,832.6296812386855,5284.22862348418,869.7471819780569,5239.72404047636,868.413631417024,4884.378551953879,806.7213175948061,4550.722916547362,835.7644561947503,0.029045643153526868,154.2219207920789,-0.17628571428571438,-1169.3385576493138,-0.02955884633849104,-166.4247920792077,-1169.3385576493138,1308.381954966465,-166.4247920792077,2025-11-24
2025,11,4,1,48,0,5790.665930693069,5463.862336633663,7255.774178217822,7527.498514851485,6297.395099009901,5309.640415841584,5801.681782178218,6170.100815181519,954.3139607474005,6384.7059218921895,829.7787275122273,6281.483313531353,795.3276579364435,326.80359405940544,-11.015851485149142,0.05981182795698925,-0.001898734177215311,-0.5000000000000004,0.8660254037844384,-2.4492935982947064e-16,1.0,25,329,0,0,0,0,4,-0.5808002734538014,0.8140460935082175,0.7818314824680298,0.6234898018587336,5463.862336633663,5627.876125412541,5465.086320132013,6402.392577451294,5123.217012136697,4377.052417491749,4144.495552805281,4152.265309805174,4171.132705206005,5047.574257425742,6279.9096204620455,806.630729690201,6190.5588250825085,769.6926401602021,5941.920396561269,777.4440200545141,6010.953952228863,757.2592332414374,5614.8703942373495,816.4709530717846,5303.8258898876065,862.2708891486155,5257.928491819558,862.5139844275789,4893.37595876214,807.7527190148039,4552.787060084214,837.9098594580486,0.02892561983471076,162.78980528052762,-0.09554656940479977,-611.7266467582249,-0.09251322383527061,-590.3261485148514,-611.7266467582249,1638.4006208878945,-590.3261485148514,2025-11-25
2025,11,4,2,48,0,5813.921617161715,5790.665930693069,5463.862336633663,7255.774178217822,7527.498514851485,5627.876125412541,6117.469524752475,5689.483294829483,195.7391614397424,6358.186279427943,847.9114801742932,6256.187654565457,805.7769763017315,23.255686468646672,-303.5479075907597,0.004016064257028162,-0.04961984793917573,-0.5000000000000004,0.8660254037844384,-2.4492935982947064e-16,1.0,26,330,0,0,0,0,4,-0.5667017562911184,0.8239230057575536,0.9749279121818236,-0.22252093395631434,5790.665930693069,5651.131811881187,5488.342006600659,4827.684222293197,5150.545122963908,4385.35801980198,4152.801155115511,4367.421303098052,4388.573091664006,5384.079207920792,6303.165306930692,787.6035701700293,6213.814511551155,751.5483214418076,5974.79497639022,749.036075295984,6034.645969878786,739.5124372497284,5640.380458475917,799.4980573956461,5323.601133483394,854.5689451682656,5274.000717531377,859.2044926007478,4901.294561681571,809.7603930874157,4553.9810667765505,839.4026648127809,0.028806584362139898,162.78980528052853,0.20428788409860954,986.2373948685181,0.15182488075505995,766.3473597359734,986.2373948685181,1446.5003140636636,766.3473597359734,2025-11-26
2025,11,4,3,48,0,6144.3971617161715,5813.921617161715,5790.665930693069,5463.862336633663,7255.774178217822,5651.131811881187,7313.301402640263,5916.328236523652,197.85545915410003,6332.686623212321,852.3940656163056,6158.778967821782,733.8062725395794,330.47554455445606,-1168.904240924092,0.05684210526315803,-0.15983263598326358,-0.5000000000000004,0.8660254037844384,-2.4492935982947064e-16,1.0,27,331,0,0,0,0,4,-0.5524353131676203,0.8335557718385695,0.43388373911755823,-0.900968867902419,5813.921617161715,5973.039471947194,5801.681782178218,5123.217012136697,5450.392877674864,4644.93276908336,4380.112376237624,4582.2388677738745,5235.067670073459,5518.681188118812,6327.644976897689,778.2400850409115,6238.294181518152,742.6200630957316,6008.834314709535,732.012243072152,6059.431837165975,730.7838399850457,5667.1566083443595,790.6132229811623,5344.60452378671,852.7799327188139,5291.358031908513,860.8502505201069,4906.346392190698,814.675912777799,4555.71916670321,842.049417909582,0.028688524590164022,171.35768976897725,0.19932400816915208,1021.1801495794743,0.34260702044668734,1567.929834983498,1021.1801495794743,1562.158293942297,1567.929834983498,2025-11-27
2025,11,4,4,48,0,6477.320673267327,6144.3971617161715,5813.921617161715,5790.665930693069,5463.862336633663,5973.039471947194,7050.144950495049,6145.2131507150725,331.70028080923555,6157.656982948294,639.1258902120471,6111.043611386139,687.735390036509,332.92351155115557,-572.8242772277217,0.054183266932271046,-0.08124999999999982,-0.5000000000000004,0.8660254037844384,-2.4492935982947064e-16,1.0,28,332,0,0,0,0,4,-0.5380051715382992,0.8429415373547832,-0.433883739117558,-0.9009688679024191,6144.3971617161715,6297.395099009901,6117.469524752475,5150.545122963908,5753.117275630789,4907.384161609709,4608.297871287129,5450.815913446184,5035.817821782179,5720.584158415842,6353.348630363036,780.0436733658091,6263.997834983498,744.3419826270332,6053.060166386316,718.3207704613505,6085.2962442244225,732.3550782795254,5695.191188909675,791.0167092713166,5366.854795238855,857.7056959855369,5302.76364035097,869.7409749323385,4914.354741365615,822.9982933199559,4557.821212577798,845.9011511963434,0.028571428571428692,179.92557425742598,0.25759905381431136,1326.7755503034186,0.23389823258214126,1227.843445544555,1326.7755503034186,1026.5047598211431,1227.843445544555,2025-11-28
2025,11,4,5,48,1,7741.695627062705,6477.320673267327,6144.3971617161715,5813.921617161715,5790.665930693069,6297.395099009901,5309.640415841584,6787.804487348735,842.6984905376397,6238.643891089108,813.1879602474031,6313.714878987898,781.9934221800064,1264.3749537953781,2432.0552112211208,0.19520030234315922,0.45804518211157186,-0.5000000000000004,0.8660254037844384,-2.4492935982947064e-16,1.0,29,333,0,0,0,0,5,-0.5234156073655503,0.8520775211013093,-0.9749279121818236,-0.2225209339563146,6477.320673267327,7527.498514851485,7313.301402640263,5450.392877674864,6884.907178217822,5878.0820424784415,5496.997318481848,5228.722133503673,3780.010752475248,5585.982178217822,6383.948217821781,835.9758651700001,6294.597422442244,797.6903647115006,6129.436924699244,771.8503680893139,6115.895831683168,783.140657983397,5728.470002920108,836.7319695778064,5393.577394150532,895.9255144950324,5330.685568057182,906.8821348304426,4936.36410177999,845.168041216911,4563.809305491256,860.7003637160402,0.028455284552845406,214.19711221121997,0.42039221773776236,2291.302749387841,0.5976518356964371,2896.0243399339925,2291.302749387841,2512.9734935590322,2896.0243399339925,2025-11-29
2025,11,4,6,48,1,7461.403405940593,7741.695627062705,6477.320673267327,6144.3971617161715,5813.921617161715,7527.498514851485,5627.876125412541,7226.806568756875,664.0314472663318,6571.567402640263,840.9755383161602,6466.508819031903,814.2655998050025,-280.2922211221121,1833.527280528052,-0.03620553359683798,0.3257938234014788,-0.5000000000000004,0.8660254037844384,-2.4492935982947064e-16,1.0,30,334,0,1,0,0,5,-0.5086709438521042,0.8609610158889945,-0.7818314824680299,0.6234898018587334,7741.695627062705,7255.774178217822,7050.144950495049,5753.117275630789,6638.886495049504,5677.4784797189395,5287.608712871287,3918.4957425742577,3993.333590759076,5922.487128712871,6413.323821782178,874.4448312413024,6323.973026402639,834.3828720799347,6186.37979570957,805.4144412484957,6145.271435643564,818.1293093128329,5760.325805174065,868.1249498925384,5419.455902401358,923.7891473952033,5370.051208761252,921.6676565194721,4955.631156308777,862.8943488599483,4568.084072927999,871.2244518175607,0.028340080971659853,205.62922772277125,0.29693226271360906,1708.2861303098043,0.478215678543757,2413.829148514851,1708.2861303098043,3542.9076633663353,2413.829148514851,2025-11-30
2025,12,4,0,49,0,5618.084257425742,7461.403405940593,7741.695627062705,6477.320673267327,6144.3971617161715,7255.774178217822,5651.131811881187,6940.394430143014,1153.6980007605919,6542.803790429042,875.2780366517869,6463.754856160616,817.3241650483826,-1843.319148514851,-33.0475544554447,-0.2470472440944882,-0.005847953216374102,-2.4492935982947064e-16,1.0,-2.4492935982947064e-16,1.0,1,335,1,0,0,0,1,-0.4937755501599774,0.8695893893466109,0.0,1.0,7461.403405940593,5463.862336633663,5309.640415841584,6884.907178217822,5001.196574257426,4283.998648993932,3973.575,4144.495552805281,3996.655831683169,7066.603960396039,6435.3555247524755,848.0815270061763,6346.004729372937,809.2325362334177,6144.152365016501,800.7239155829557,6167.303138613861,794.1333092831378,5784.14876246749,844.8685749950724,5439.033393561188,910.102314837271,5386.424416590369,912.6966422003844,4964.639092007346,861.2891999029807,4564.060407086415,862.9588516881835,0.028225806451612767,154.2219207920789,-0.18400000000000005,-1266.8229207920795,0.043462408420866794,234.00504950494997,-1266.8229207920795,1473.5887046204616,234.00504950494997,2025-12-01
2025,12,4,2,1,0,6242.315841584158,5618.084257425742,7461.403405940593,7741.695627062705,6477.320673267327,5463.862336633663,5973.039471947194,6440.601168316833,937.5202258716438,6614.2028278327825,819.6334615992749,6486.194553630364,806.2482060357693,624.2315841584159,269.27636963696386,0.11111111111111116,0.04508196721311486,-2.4492935982947064e-16,1.0,-2.4492935982947064e-16,1.0,31,365,0,1,0,1,5,6.432490598706546e-16,1.0,0.9749279121818236,-0.22252093395631434,5618.084257425742,5790.665930693069,5627.876125412541,6638.886495049504,5302.296514851484,4549.32668476525,4202.634768976898,4152.801155115511,4210.5032343234325,8008.817821782178,6499.876940594059,807.0473151730926,6389.893280528052,783.543268394082,6130.933343234324,795.5314166885124,6200.875257425743,775.8703656177282,5814.3807116964,830.0395296430454,5463.315311092227,903.9059173308979,5409.64124644002,907.5251021014941,4975.926939825461,864.6580961633949,4559.15345714142,848.2130885293285,0.07799619530754609,451.64991089108935,-0.05973451327433621,-396.57065346534637,0.13112456197383926,723.6346534653458,-396.57065346534637,2089.5146864686467,723.6346534653458,2025-12-31
