year,month,quarter,day_of_week,week_of_year,is_weekend,y,lag_1,lag_2,lag_3,lag_4,lag_8,lag_12,rolling_mean_3,rolling_std_3,rolling_mean_6,rolling_std_6,rolling_mean_12,rolling_std_12,diff_1,diff_12,pct_change_1,pct_change_12,month_sin,month_cos,quarter_sin,quarter_cos,day_of_month,day_of_year,is_month_start,is_month_end,is_quarter_start,is_quarter_end,week_of_month,day_of_year_sin,day_of_year_cos,day_of_week_sin,day_of_week_cos,lag_1d,lag_7d,lag_14d,lag_30d,lag_4w,lag_8w,lag_12w,lag_3m,lag_6m,lag_12m,rolling_mean_7d,rolling_std_7d,rolling_mean_14d,rolling_std_14d,rolling_mean_30d,rolling_std_30d,rolling_mean_4w,rolling_std_4w,rolling_mean_8w,rolling_std_8w,rolling_mean_12w,rolling_std_12w,rolling_mean_3m,rolling_std_3m,rolling_mean_6m,rolling_std_6m,rolling_mean_12m,rolling_std_12m,pct_change_1w,diff_1w,pct_change_1m,diff_1m,pct_change_1y,diff_1y,momentum_30d,momentum_90d,yoy_change,index
2015,1,1,5,5,1,680.2722772277227,,,,,,,680.2722772277227,,680.2722772277227,,680.2722772277227,,,,,,0.49999999999999994,0.8660254037844387,1.0,6.123233995736766e-17,31,31,0,1,0,0,5,0.5086709438521044,0.8609610158889943,-0.9749279121818236,-0.2225209339563146,,,,,,,,,,,680.2722772277227,,680.2722772277227,,680.2722772277227,,680.2722772277227,,680.2722772277227,,680.2722772277227,,680.2722772277227,,680.2722772277227,,680.2722772277227,,,,,,,,,,,2015-01-31
2015,2,1,5,9,1,616.780198019802,680.2722772277227,,,,,,648.5262376237624,44.89567975955417,648.5262376237624,44.89567975955417,648.5262376237624,44.89567975955417,-63.49207920792071,,-0.09333333333333327,,0.8660254037844386,0.5000000000000001,1.0,6.123233995736766e-17,28,59,0,1,0,0,4,0.8498170915275278,0.5270777086423722,-0.9749279121818236,-0.2225209339563146,680.2722772277227,,,,,,,,,,648.5262376237624,44.89567975955417,648.5262376237624,44.89567975955417,648.5262376237624,44.89567975955417,648.5262376237624,44.89567975955417,648.5262376237624,44.89567975955417,648.5262376237624,44.89567975955417,648.5262376237624,44.89567975955417,648.5262376237624,44.89567975955417,648.5262376237624,44.89567975955417,,,,,,,,,,2015-02-28
2015,3,1,1,14,0,707.4831683168317,616.780198019802,680.2722772277227,,,,,668.1785478547855,46.54514929383452,668.1785478547855,46.54514929383452,668.1785478547855,46.54514929383452,90.70297029702965,,0.1470588235294117,,1.0,6.123233995736766e-17,1.0,6.123233995736766e-17,31,90,0,1,0,1,5,0.9997685019798909,0.021516097436222254,0.7818314824680298,0.6234898018587336,616.780198019802,,,,,,,,,,668.1785478547855,46.54514929383452,668.1785478547855,46.54514929383452,668.1785478547855,46.54514929383452,668.1785478547855,46.54514929383452,668.1785478547855,46.54514929383452,668.1785478547855,46.54514929383452,668.1785478547855,46.54514929383452,668.1785478547855,46.54514929383452,668.1785478547855,46.54514929383452,,,,,,,,,,2015-03-31
2015,4,2,3,18,0,653.0613861386138,707.4831683168317,616.780198019802,680.2722772277227,,,,659.1082508250825,45.65282723532363,664.3992574257426,38.748325896462305,664.3992574257426,38.748325896462305,-54.42178217821788,,-0.07692307692307698,,0.8660254037844387,-0.49999999999999983,1.2246467991473532e-16,-1.0,30,120,0,1,0,0,5,0.8800122039735357,-0.47495107206704995,0.43388373911755823,-0.900968867902419,707.4831683168317,,,,,,,,,,664.3992574257426,38.748325896462305,664.3992574257426,38.748325896462305,664.3992574257426,38.748325896462305,664.3992574257426,38.748325896462305,664.3992574257426,38.748325896462305,664.3992574257426,38.748325896462305,664.3992574257426,38.748325896462305,664.3992574257426,38.748325896462305,664.3992574257426,38.748325896462305,,,,,,,,,,2015-04-30
2015,5,2,6,22,1,680.2722772277227,653.0613861386138,707.4831683168317,616.780198019802,680.2722772277227,,,680.2722772277228,27.210891089108944,667.5738613861386,34.29963733570152,667.5738613861386,34.29963733570152,27.21089108910894,,0.04166666666666674,,0.49999999999999994,-0.8660254037844387,1.2246467991473532e-16,-1.0,31,151,0,1,0,0,5,0.5160623910158528,-0.8565509959010036,-0.7818314824680299,0.6234898018587334,653.0613861386138,,,,,,,,,,667.5738613861386,34.29963733570152,667.5738613861386,34.29963733570152,667.5738613861386,34.29963733570152,667.5738613861386,34.29963733570152,667.5738613861386,34.29963733570152,667.5738613861386,34.29963733570152,667.5738613861386,34.29963733570152,667.5738613861386,34.29963733570152,667.5738613861386,34.29963733570152,,,,,,,,,,2015-05-31
2015,6,2,1,27,0,725.6237623762377,680.2722772277227,653.0613861386138,707.4831683168317,616.780198019802,,,686.3191419141914,36.65716902210217,677.2488448844884,38.76601515823584,677.2488448844884,38.76601515823584,45.35148514851494,,0.06666666666666687,,1.2246467991473532e-16,-1.0,1.2246467991473532e-16,-1.0,30,181,0,1,0,1,5,0.02581844022713308,-0.9996666485105112,0.7818314824680298,0.6234898018587336,680.2722772277227,,,,,,,,,,677.2488448844884,38.76601515823584,677.2488448844884,38.76601515823584,677.2488448844884,38.76601515823584,677.2488448844884,38.76601515823584,677.2488448844884,38.76601515823584,677.2488448844884,38.76601515823584,677.2488448844884,38.76601515823584,677.2488448844884,38.76601515823584,677.2488448844884,38.76601515823584,,,,,,,,,,2015-06-30
2015,7,3,4,31,0,743.7643564356435,725.6237623762377,680.2722772277227,653.0613861386138,707.4831683168317,,,716.5534653465347,32.70342102428282,687.8308580858087,47.449589607631175,686.7510608203677,43.4094616785138,18.140594059405885,,0.02499999999999991,,-0.4999999999999998,-0.8660254037844388,-1.0,-1.8369701987210297e-16,31,212,0,1,0,0,5,-0.4862727071086902,-0.8738071036110807,-0.433883739117558,-0.9009688679024191,725.6237623762377,,,,,,,,,,686.7510608203677,43.4094616785138,686.7510608203677,43.4094616785138,686.7510608203677,43.4094616785138,686.7510608203677,43.4094616785138,686.7510608203677,43.4094616785138,686.7510608203677,43.4094616785138,686.7510608203677,43.4094616785138,686.7510608203677,43.4094616785138,686.7510608203677,43.4094616785138,,,,,,,,,,2015-07-31
2015,8,3,0,36,0,770.9752475247525,743.7643564356435,725.6237623762377,680.2722772277227,653.0613861386138,,,746.7877887788778,22.82641361766184,713.5300330033002,42.800526679898745,697.2790841584158,50.01897868677065,27.21089108910894,,0.03658536585365857,,-0.8660254037844384,-0.5000000000000004,-1.0,-1.8369701987210297e-16,31,243,0,1,0,0,5,-0.8631421280499115,-0.5049610547215202,0.0,1.0,743.7643564356435,680.2722772277227,,,,,,,,,699.7086280056576,53.51438644102437,697.2790841584158,50.01897868677065,697.2790841584158,50.01897868677065,697.2790841584158,50.01897868677065,697.2790841584158,50.01897868677065,697.2790841584158,50.01897868677065,697.2790841584158,50.01897868677065,697.2790841584158,50.01897868677065,697.2790841584158,50.01897868677065,0.13333333333333353,90.70297029702976,,,,,,,,2015-08-31
2015,9,3,2,40,0,752.8346534653466,770.9752475247525,743.7643564356435,725.6237623762377,680.2722772277227,680.2722772277227,,755.8580858085808,13.855107571448997,721.0886138613861,45.44209759679527,703.4519251925192,50.3199428472446,-18.140594059405885,,-0.0235294117647058,,-1.0,-1.8369701987210297e-16,-1.0,-1.8369701987210297e-16,30,273,0,1,0,1,5,-0.9999166586547379,-0.012910296075008843,0.9749279121818236,-0.22252093395631434,770.9752475247525,616.780198019802,,,,,,,,,719.1449787835926,41.80028966653973,703.4519251925192,50.3199428472446,703.4519251925192,50.3199428472446,703.4519251925192,50.3199428472446,703.4519251925192,50.3199428472446,703.4519251925192,50.3199428472446,703.4519251925192,50.3199428472446,703.4519251925192,50.3199428472446,703.4519251925192,50.3199428472446,0.22058823529411775,136.0544554455446,,,,,,,,2015-09-30
2015,10,4,5,44,1,798.1861386138613,752.8346534653466,770.9752475247525,743.7643564356435,725.6237623762377,616.780198019802,,773.9986798679869,22.82641361766177,745.2760726072607,40.32628626044207,712.9253465346535,56.108909233644326,45.35148514851471,,0.06024096385542155,,-0.8660254037844386,0.5000000000000001,-2.4492935982947064e-16,1.0,31,304,0,1,0,0,5,-0.867456354729597,0.4975132889071803,-0.9749279121818236,-0.2225209339563146,752.8346534653466,707.4831683168317,,,,,,,,,732.1025459688826,50.69484291599108,712.9253465346535,56.108909233644326,712.9253465346535,56.108909233644326,712.9253465346535,56.108909233644326,712.9253465346535,56.108909233644326,712.9253465346535,56.108909233644326,712.9253465346535,56.108909233644326,712.9253465346535,56.108909233644326,712.9253465346535,56.108909233644326,0.1282051282051282,90.70297029702965,,,,,,,,2015-10-31
2015,11,4,0,49,0,952.3811881188118,798.1861386138613,752.8346534653466,770.9752475247525,743.7643564356435,707.4831683168317,,834.4673267326733,104.60376824730609,790.6275577557757,83.01510590735619,734.6940594059406,89.69968888824732,154.19504950495048,,0.19318181818181812,,-0.5000000000000004,0.8660254037844384,-2.4492935982947064e-16,1.0,30,334,0,1,0,0,5,-0.5086709438521042,0.8609610158889945,0.0,1.0,798.1861386138613,653.0613861386138,,,,,,,,,774.8625176803396,86.50247738688604,734.6940594059406,89.69968888824732,734.6940594059406,89.69968888824732,734.6940594059406,89.69968888824732,734.6940594059406,89.69968888824732,734.6940594059406,89.69968888824732,734.6940594059406,89.69968888824732,734.6940594059406,89.69968888824732,734.6940594059406,89.69968888824732,0.45833333333333326,299.319801980198,,,,,,,,2015-11-30
2015,12,4,3,53,0,1079.3653465346533,952.3811881188118,798.1861386138613,752.8346534653466,770.9752475247525,653.0613861386138,,943.3108910891088,140.80887563607737,849.5844884488448,136.19547587106888,763.4166666666666,131.20379014176248,126.98415841584153,,0.1333333333333333,,-2.4492935982947064e-16,1.0,-2.4492935982947064e-16,1.0,31,365,0,1,0,1,5,6.432490598706546e-16,1.0,0.43388373911755823,-0.900968867902419,952.3811881188118,680.2722772277227,,,,,,,,,831.8758132956152,132.86404054358496,763.4166666666666,131.20379014176248,763.4166666666666,131.20379014176248,763.4166666666666,131.20379014176248,763.4166666666666,131.20379014176248,763.4166666666666,131.20379014176248,763.4166666666666,131.20379014176248,763.4166666666666,131.20379014176248,763.4166666666666,131.20379014176248,0.5866666666666667,399.0930693069306,,,,,,,,2015-12-31
2016,1,1,6,4,1,693.5643564356435,1079.3653465346533,952.3811881188118,798.1861386138613,752.8346534653466,680.2722772277227,680.2722772277227,908.4369636963696,196.61872274890706,841.217821782178,145.23802038460403,764.5243399339934,130.49221937509972,-385.8009900990098,13.292079207920779,-0.35743318176522876,0.019539351599170418,0.49999999999999994,0.8660254037844387,1.0,6.123233995736766e-17,31,31,0,1,0,0,5,0.5086709438521044,0.8609610158889943,-0.7818314824680299,0.6234898018587334,1079.3653465346533,725.6237623762377,,,,,,,,,827.2958981612446,137.60502112513427,758.043412033511,127.1032359338351,758.043412033511,127.1032359338351,758.043412033511,127.1032359338351,758.043412033511,127.1032359338351,758.043412033511,127.1032359338351,758.043412033511,127.1032359338351,758.043412033511,127.1032359338351,758.043412033511,127.1032359338351,-0.044181857875777886,-32.05940594059416,,,,,,,,2016-01-31
2016,2,1,0,9,0,628.8316831683169,693.5643564356435,1079.3653465346533,952.3811881188118,798.1861386138613,725.6237623762377,616.780198019802,800.5871287128713,243.58889711150704,817.5272277227722,168.68716606894804,765.5286303630363,129.29264723901892,-64.73267326732662,12.051485148514871,-0.09333333333333316,0.019539351599170418,0.8660254037844386,0.5000000000000001,1.0,6.123233995736766e-17,29,60,0,1,0,0,5,0.8587639582758029,0.5123714121284237,0.0,1.0,693.5643564356435,743.7643564356435,,,,,,,,,810.8769448373408,154.99156052563387,748.8140028288543,126.90575363534705,748.8140028288543,126.90575363534705,748.8140028288543,126.90575363534705,748.8140028288543,126.90575363534705,748.8140028288543,126.90575363534705,748.8140028288543,126.90575363534705,748.8140028288543,126.90575363534705,748.8140028288543,126.90575363534705,-0.15452834257629766,-114.93267326732666,,,,,,,,2016-02-29
2016,3,1,3,13,0,721.3069306930693,628.8316831683169,693.5643564356435,1079.3653465346533,952.3811881188118,743.7643564356435,707.4831683168317,681.2343234323433,47.454611331122436,812.272607260726,171.5717635050098,766.6806105610559,128.789057019549,92.47524752475238,13.823762376237596,0.1470588235294117,0.019539351599170418,1.0,6.123233995736766e-17,1.0,6.123233995736766e-17,31,91,0,1,0,1,5,0.9999907397361901,0.004303538296244289,0.43388373911755823,-0.900968867902419,628.8316831683169,770.9752475247525,680.2722772277227,,,,,,,,803.7814710042433,158.22585373867412,751.7450495049504,125.66876803090746,746.980198019802,122.49551315139726,746.980198019802,122.49551315139726,746.980198019802,122.49551315139726,746.980198019802,122.49551315139726,746.980198019802,122.49551315139726,746.980198019802,122.49551315139726,746.980198019802,122.49551315139726,-0.06442271265017308,-49.66831683168323,,,,,,,,2016-03-31
2016,4,2,5,17,1,665.8217821782177,721.3069306930693,628.8316831683169,693.5643564356435,1079.3653465346533,770.9752475247525,653.0613861386138,671.986798679868,46.54485387817056,790.2118811881187,181.94159058357147,767.7439768976897,127.81465253058003,-55.48514851485152,12.760396039603961,-0.07692307692307698,0.019539351599170418,0.8660254037844387,-0.49999999999999983,1.2246467991473532e-16,-1.0,30,121,0,1,0,0,5,0.8717063187093218,-0.49002866642905923,-0.9749279121818236,-0.2225209339563146,721.3069306930693,752.8346534653466,616.780198019802,,,,,,,,791.3510608203677,166.11653368958096,755.2480198019801,122.25440557685283,741.9077970297029,120.06862782708444,741.9077970297029,120.06862782708444,741.9077970297029,120.06862782708444,741.9077970297029,120.06862782708444,741.9077970297029,120.06862782708444,741.9077970297029,120.06862782708444,741.9077970297029,120.06862782708444,-0.11558032150433428,-87.01287128712886,,,,,,,,2016-04-30
2016,5,2,1,22,0,693.5643564356435,665.8217821782177,721.3069306930693,628.8316831683169,693.5643564356435,752.8346534653466,680.2722772277227,693.5643564356436,27.74257425742558,747.0757425742573,165.76562558245493,768.8516501650164,127.04295407623378,27.74257425742576,13.292079207920779,0.04166666666666674,0.019539351599170418,0.49999999999999994,-0.8660254037844387,1.2246467991473532e-16,-1.0,31,152,0,1,0,0,5,0.5012418134457758,-0.865307254363206,0.7818314824680298,0.6234898018587336,665.8217821782177,798.1861386138613,707.4831683168317,,,,,,,,776.4050919377652,170.0588446956692,754.2538189533237,122.72839652371029,739.0640652300524,116.84571646334892,739.0640652300524,116.84571646334892,739.0640652300524,116.84571646334892,739.0640652300524,116.84571646334892,739.0640652300524,116.84571646334892,739.0640652300524,116.84571646334892,739.0640652300524,116.84571646334892,-0.13107441625070704,-104.62178217821781,,,,,,,,2016-05-31
2016,6,2,3,26,0,739.8019801980198,693.5643564356435,665.8217821782177,721.3069306930693,628.8316831683169,798.1861386138613,725.6237623762377,699.7293729372938,37.373426336255086,690.4818481848184,39.5234779585112,770.0331683168316,126.66976219695766,46.2376237623763,14.178217821782141,0.06666666666666687,0.019539351599170418,1.2246467991473532e-16,-1.0,1.2246467991473532e-16,-1.0,30,182,0,1,0,1,5,0.008606996888688698,-0.9999629591162655,0.43388373911755823,-0.900968867902419,693.5643564356435,952.3811881188118,653.0613861386138,,,,,,,,746.0366336633662,151.34759248801984,760.4495756718528,119.3704301223364,739.1050605060506,113.35712893350545,739.1050605060506,113.35712893350545,739.1050605060506,113.35712893350545,739.1050605060506,113.35712893350545,739.1050605060506,113.35712893350545,739.1050605060506,113.35712893350545,739.1050605060506,113.35712893350545,-0.2232081130672987,-212.579207920792,,,,,,,,2016-06-30
2016,7,3,6,30,1,758.2970297029703,739.8019801980198,693.5643564356435,665.8217821782177,721.3069306930693,952.3811881188118,743.7643564356435,730.5544554455446,33.34242466617191,701.2706270627064,48.37672382221088,771.2442244224421,126.46508745485133,18.495049504950543,14.5326732673268,0.025000000000000133,0.019539351599170418,-0.4999999999999998,-0.8660254037844388,-1.0,-1.8369701987210297e-16,31,213,0,1,0,0,5,-0.5012418134457756,-0.8653072543632061,-0.7818314824680299,0.6234898018587334,739.8019801980198,1079.3653465346533,680.2722772277227,,,,,,,,700.1697312588402,44.25765441298074,766.0227722772277,117.1397198685299,740.1151641479937,110.25127949987677,740.1151641479937,110.25127949987677,740.1151641479937,110.25127949987677,740.1151641479937,110.25127949987677,740.1151641479937,110.25127949987677,740.1151641479937,110.25127949987677,740.1151641479937,110.25127949987677,-0.29746027872998326,-321.068316831683,,,,,,,,2016-07-31
2016,8,3,2,35,0,786.0396039603961,758.2970297029703,739.8019801980198,693.5643564356435,665.8217821782177,1079.3653465346533,770.9752475247525,761.3795379537955,23.272426939085396,727.4719471947195,43.63682121932679,772.4995874587459,126.5369229138137,27.74257425742576,15.064356435643617,0.03658536585365857,0.019539351599170418,-0.8660254037844384,-0.5000000000000004,-1.0,-1.8369701987210297e-16,31,244,0,1,0,0,5,-0.8717063187093218,-0.4900286664290594,0.9749279121818236,-0.22252093395631434,758.2970297029703,693.5643564356435,725.6237623762377,,,,,,,,713.3804809052334,54.560022853309256,770.338189533239,116.64876787431734,742.4113861386138,107.80093858295578,742.4113861386138,107.80093858295578,742.4113861386138,107.80093858295578,742.4113861386138,107.80093858295578,742.4113861386138,107.80093858295578,742.4113861386138,107.80093858295578,742.4113861386138,107.80093858295578,0.13333333333333353,92.4752475247526,,,,,,,,2016-08-31
2016,9,3,4,39,0,767.5445544554456,786.0396039603961,758.2970297029703,739.8019801980198,693.5643564356435,693.5643564356435,752.8346534653466,770.6270627062707,14.125827389731793,735.1782178217823,46.3300067191427,773.7254125412542,126.40027776974834,-18.495049504950543,14.709900990098959,-0.02352941176470591,0.019539351599170418,-1.0,-1.8369701987210297e-16,-1.0,-1.8369701987210297e-16,30,274,0,1,0,1,5,-0.9999907397361901,0.004303538296243821,-0.433883739117558,-0.9009688679024191,786.0396039603961,628.8316831683169,743.7643564356435,,,,,,,,733.1966053748231,42.61704022328126,772.036775106082,116.40492941449821,743.6082036775106,105.21440043096536,743.6082036775106,105.21440043096536,743.6082036775106,105.21440043096536,743.6082036775106,105.21440043096536,743.6082036775106,105.21440043096536,743.6082036775106,105.21440043096536,743.6082036775106,105.21440043096536,0.22058823529411753,138.71287128712868,,,,,,,,2016-09-30
2016,10,4,0,44,0,813.7821782178218,767.5445544554456,786.0396039603961,758.2970297029703,739.8019801980198,628.8316831683169,798.1861386138613,789.1221122112212,23.272426939085392,759.8382838283828,41.114235746373474,775.0250825082509,126.75433651364426,46.23762376237619,15.596039603960435,0.06024096385542155,0.019539351599170418,-0.8660254037844386,0.5000000000000001,-2.4492935982947064e-16,1.0,31,305,0,1,0,0,5,-0.858763958275803,0.5123714121284235,0.0,1.0,767.5445544554456,721.3069306930693,770.9752475247525,,,,,,,,746.4073550212163,51.68538727599126,775.0944130127299,116.93590040377063,746.7979297929793,103.76299737394169,746.7979297929793,103.76299737394169,746.7979297929793,103.76299737394169,746.7979297929793,103.76299737394169,746.7979297929793,103.76299737394169,746.7979297929793,103.76299737394169,746.7979297929793,103.76299737394169,0.1282051282051282,92.47524752475249,,,,,,,,2016-10-31
2016,11,4,2,48,0,970.990099009901,813.7821782178218,767.5445544554456,786.0396039603961,758.2970297029703,721.3069306930693,952.3811881188118,850.772277227723,106.64765805368839,806.075907590759,84.63716724972232,776.5758250825083,129.21142714028608,157.20792079207922,18.60891089108918,0.19318181818181812,0.019539351599170418,-0.5000000000000004,0.8660254037844384,-2.4492935982947064e-16,1.0,30,335,0,1,0,0,5,-0.4937755501599774,0.8695893893466109,0.9749279121818236,-0.22252093395631434,813.7821782178218,665.8217821782177,752.8346534653466,,,,,,,,790.0028288543141,88.19267970674775,790.6769448373408,127.77452230887995,756.5454154111063,111.63633550253647,756.5454154111063,111.63633550253647,756.5454154111063,111.63633550253647,756.5454154111063,111.63633550253647,756.5454154111063,111.63633550253647,756.5454154111063,111.63633550253647,756.5454154111063,111.63633550253647,0.4583333333333335,305.1683168316832,,,,,,,,2016-11-30
2016,12,4,5,52,1,1100.4554455445543,970.990099009901,813.7821782178218,767.5445544554456,786.0396039603961,665.8217821782177,1079.3653465346533,961.7425742574256,143.56018976541452,866.1848184818482,138.85664716032994,778.3333333333334,133.76742712848616,129.46534653465335,21.090099009900996,0.1333333333333333,0.019539351599170418,-2.4492935982947064e-16,1.0,-2.4492935982947064e-16,1.0,31,366,0,1,0,1,5,0.017213356155833904,0.9998518392091162,-0.9749279121818236,-0.2225209339563146,970.990099009901,693.5643564356435,798.1861386138613,,,,,,,,848.130127298444,135.4601177466526,812.2676096181046,152.32112015692707,770.875,129.80332813047363,770.875,129.80332813047363,770.875,129.80332813047363,770.875,129.80332813047363,770.875,129.80332813047363,770.875,129.80332813047363,770.875,129.80332813047363,0.5866666666666667,406.8910891089108,,,,,,,,2016-12-31
2017,1,1,1,5,0,730.2475247524752,1100.4554455445543,970.990099009901,813.7821782178218,767.5445544554456,693.5643564356435,693.5643564356435,933.8976897689769,187.87059714540422,861.509900990099,143.60632718692023,781.3902640264026,132.0624156174133,-370.2079207920791,36.68316831683171,-0.3364133662030122,0.05289079229122051,0.49999999999999994,0.8660254037844387,1.0,6.123233995736766e-17,31,31,0,1,0,0,5,0.5086709438521044,0.8609610158889943,0.7818314824680298,0.6234898018587336,1100.4554455445543,739.8019801980198,952.3811881188118,,,,,,,,846.7652050919378,136.77532699041697,796.400919377652,148.11465434397925,769.2499009900989,127.32984723599097,769.2499009900989,127.32984723599097,769.2499009900989,127.32984723599097,769.2499009900989,127.32984723599097,769.2499009900989,127.32984723599097,769.2499009900989,127.32984723599097,769.2499009900989,127.32984723599097,-0.012914882226980784,-9.55445544554459,,,,,,,,2017-01-31
2017,2,1,1,9,0,662.091089108911,730.2475247524752,1100.4554455445543,970.990099009901,813.7821782178218,739.8019801980198,628.8316831683169,830.9313531353137,235.88927958192085,840.8518151815182,164.08866126779685,784.1618811881189,128.8802432168711,-68.15643564356424,33.25940594059409,-0.09333333333333316,0.05289079229122051,0.8660254037844386,0.5000000000000001,1.0,6.123233995736766e-17,28,59,0,1,0,0,4,0.8498170915275278,0.5270777086423722,0.7818314824680298,0.6234898018587336,730.2475247524752,758.2970297029703,1079.3653465346533,,,,,,,,833.0214992927865,151.2176275845604,766.5956152758133,127.31748267852633,765.128408225438,126.51493455356628,765.128408225438,126.51493455356628,765.128408225438,126.51493455356628,765.128408225438,126.51493455356628,765.128408225438,126.51493455356628,765.128408225438,126.51493455356628,765.128408225438,126.51493455356628,-0.12687105029508539,-96.20594059405937,,,,,,,,2017-02-28
2017,3,1,4,13,0,759.4574257425743,662.091089108911,730.2475247524752,1100.4554455445543,970.990099009901,758.2970297029703,721.3069306930693,717.2653465346535,49.96452332229837,839.5039603960395,164.8427345472833,787.341089108911,127.65349582832732,97.36633663366331,38.150495049505025,0.1470588235294117,0.052890792291220734,1.0,6.123233995736766e-17,1.0,6.123233995736766e-17,31,90,0,1,0,1,5,0.9997685019798909,0.021516097436222254,-0.433883739117558,-0.9009688679024191,662.091089108911,786.0396039603961,693.5643564356435,,,,,,,,829.224045261669,152.91830890068124,771.3022630834512,125.61659972820826,764.9183718371837,124.06290054102695,764.9183718371837,124.06290054102695,764.9183718371837,124.06290054102695,764.9183718371837,124.06290054102695,764.9183718371837,124.06290054102695,764.9183718371837,124.06290054102695,764.9183718371837,124.06290054102695,-0.03381786119158592,-26.58217821782182,,,,,,,,2017-03-31
2017,4,2,6,17,1,701.0376237623761,759.4574257425743,662.091089108911,730.2475247524752,1100.4554455445543,786.0396039603961,665.8217821782177,707.5287128712871,49.00664807686711,820.713201320132,174.5040951998325,790.2757425742575,124.98274966478921,-58.419801980198145,35.2158415841584,-0.0769230769230771,0.05289079229122051,0.8660254037844387,-0.49999999999999983,1.2246467991473532e-16,-1.0,30,120,0,1,0,0,5,0.8800122039735357,-0.47495107206704995,-0.7818314824680299,0.6234898018587334,759.4574257425743,767.5445544554456,628.8316831683169,,,,,,,,819.7230551626591,159.32125436933703,776.4598302687411,120.70330377938956,762.6369165487977,122.3408557270987,762.6369165487977,122.3408557270987,762.6369165487977,122.3408557270987,762.6369165487977,122.3408557270987,762.6369165487977,122.3408557270987,762.6369165487977,122.3408557270987,762.6369165487977,122.3408557270987,-0.08664895126544736,-66.50693069306942,,,,,,,,2017-04-30
2017,5,2,2,22,0,730.2475247524752,701.0376237623761,759.4574257425743,662.091089108911,730.2475247524752,767.5445544554456,693.5643564356435,730.2475247524753,29.20990099010025,780.5894389438944,160.12482070047415,793.3326732673268,122.83237716288797,29.209900990099072,36.68316831683171,0.04166666666666674,0.05289079229122051,0.49999999999999994,-0.8660254037844387,1.2246467991473532e-16,-1.0,31,151,0,1,0,0,5,0.5160623910158528,-0.8565509959010036,0.9749279121818236,-0.22252093395631434,701.0376237623761,813.7821782178218,721.3069306930693,,680.2722772277227,,,,,,807.7895332390382,162.9280446842067,777.0984441301273,120.41235667635672,761.5200409696142,120.28679897900874,764.421746817539,121.45607894107876,761.5200409696142,120.28679897900874,761.5200409696142,120.28679897900874,761.5200409696142,120.28679897900874,761.5200409696142,120.28679897900874,761.5200409696142,120.28679897900874,-0.10264989293361881,-83.53465346534654,,,,,,,,2017-05-31
2017,6,2,4,26,0,778.9306930693069,730.2475247524752,701.0376237623761,759.4574257425743,662.091089108911,813.7821782178218,739.8019801980198,736.7386138613862,39.35013646581819,727.0019801980199,41.61390602184141,796.593399339934,121.79715461419018,48.68316831683171,39.12871287128712,0.06666666666666665,0.05289079229122051,1.2246467991473532e-16,-1.0,1.2246467991473532e-16,-1.0,30,181,0,1,0,1,5,0.02581844022713308,-0.9996666485105112,-0.433883739117558,-0.9009688679024191,730.2475247524752,970.990099009901,665.8217821782177,,616.780198019802,,,,,,780.3524752475248,146.17463835946242,785.1776520509194,116.08875734236749,762.100396039604,118.23743188843247,770.2128359264498,117.97144830990352,762.100396039604,118.23743188843247,762.100396039604,118.23743188843247,762.100396039604,118.23743188843247,762.100396039604,118.23743188843247,762.100396039604,118.23743188843247,-0.19779749158764148,-192.05940594059405,,,,,,,,2017-06-30
2017,7,3,0,31,0,798.4039603960397,778.9306930693069,730.2475247524752,701.0376237623761,759.4574257425743,970.990099009901,758.2970297029703,769.1940594059406,35.10593192367707,738.3613861386139,50.93540707362113,799.9356435643564,121.19954794385436,19.473267326732753,40.10693069306933,0.025000000000000133,0.05289079229122051,-0.4999999999999998,-0.8660254037844388,-1.0,-1.8369701987210297e-16,31,212,0,1,0,0,5,-0.4862727071086902,-0.8738071036110807,0.0,1.0,778.9306930693069,1100.4554455445543,693.5643564356435,680.2722772277227,707.4831683168317,,,,,,737.2022630834512,46.59847681983427,792.6661951909476,113.0665692136694,766.0381188118812,117.38230446227178,773.4600070721359,117.43092273189606,763.2714787607794,116.43282083038649,763.2714787607794,116.43282083038649,763.2714787607794,116.43282083038649,763.2714787607794,116.43282083038649,763.2714787607794,116.43282083038649,-0.27447861371529325,-302.05148514851464,0.1736535312738785,118.13168316831695,,,118.13168316831695,,,2017-07-31
2017,8,3,3,35,0,827.6138613861386,798.4039603960397,778.9306930693069,730.2475247524752,701.0376237623761,1100.4554455445543,786.0396039603961,801.6495049504952,24.503324038434553,765.9485148514851,45.94480726668716,803.4001650165015,121.36031385100091,29.20990099009896,41.57425742574253,0.03658536585365857,0.05289079229122051,-0.8660254037844384,-0.5000000000000004,-1.0,-1.8369701987210297e-16,31,243,0,1,0,0,5,-0.8631421280499115,-0.5049610547215202,0.43388373911755823,-0.900968867902419,798.4039603960397,730.2475247524752,739.8019801980198,616.780198019802,653.0613861386138,,,,,,751.111739745403,57.44574568944785,798.9384724186704,112.34170800310564,773.065907590759,114.41176502773861,779.6940240452616,115.41859926018036,765.2821782178218,115.1028462981112,765.2821782178218,115.1028462981112,765.2821782178218,115.1028462981112,765.2821782178218,115.1028462981112,765.2821782178218,115.1028462981112,0.13333333333333353,97.36633663366342,0.3418294945966598,210.83366336633662,,,210.83366336633662,,,2017-08-31
2017,9,3,5,39,1,808.140594059406,827.6138613861386,798.4039603960397,778.9306930693069,730.2475247524752,730.2475247524752,767.5445544554456,811.3861386138615,14.87295359214607,774.0623762376239,48.780437481375536,806.7831683168316,120.8346330098935,-19.47326732673264,40.596039603960435,-0.0235294117647058,0.05289079229122051,-1.0,-1.8369701987210297e-16,-1.0,-1.8369701987210297e-16,30,273,0,1,0,1,5,-0.9999166586547379,-0.012910296075008843,-0.9749279121818236,-0.2225209339563146,827.6138613861386,662.091089108911,758.2970297029703,707.4831683168317,680.2722772277227,,,,,,771.975954738331,44.871089245797464,802.4987270155588,111.74286005043615,776.4211551155115,113.89694596246794,784.2607496463932,113.85823163188621,766.5809180918092,113.5354850749571,766.5809180918092,113.5354850749571,766.5809180918092,113.5354850749571,766.5809180918092,113.5354850749571,766.5809180918092,113.5354850749571,0.22058823529411753,146.04950495049502,0.14227536463100288,100.65742574257433,,,100.65742574257433,,,2017-09-30
2017,10,4,1,44,0,856.8237623762376,808.140594059406,827.6138613861386,798.4039603960397,778.9306930693069,662.091089108911,813.7821782178218,830.8594059405941,24.503324038434624,800.0267326732674,43.28880024944684,810.3699669966996,121.6970109806905,48.6831683168316,43.041584158415844,0.06024096385542155,0.05289079229122051,-0.8660254037844386,0.5000000000000001,-2.4492935982947064e-16,1.0,31,304,0,1,0,0,5,-0.867456354729597,0.4975132889071803,0.7818314824680298,0.6234898018587336,808.140594059406,759.4574257425743,786.0396039603961,653.0613861386138,725.6237623762377,,,,,,785.8854314002829,54.41906835889707,807.554738330976,112.53939114425631,783.2132343234323,112.35195487166148,788.9464639321076,114.0552409053211,769.2351193942924,112.86812526778021,769.2351193942924,112.86812526778021,769.2351193942924,112.86812526778021,769.2351193942924,112.86812526778021,769.2351193942924,112.86812526778021,0.1282051282051282,97.36633663366331,0.31201106138340085,203.7623762376238,,,203.7623762376238,,,2017-10-31
2017,11,4,3,48,0,1022.3465346534653,856.8237623762376,808.140594059406,827.6138613861386,798.4039603960397,759.4574257425743,970.990099009901,895.7702970297031,112.28833718415142,848.7099009900991,89.11369408284439,814.6496699669966,128.5680702038683,165.52277227722766,51.35643564356428,0.19318181818181812,0.05289079229122051,-0.5000000000000004,0.8660254037844384,-2.4492935982947064e-16,1.0,30,334,0,1,0,0,5,-0.5086709438521042,0.8609610158889945,0.43388373911755823,-0.900968867902419,856.8237623762376,701.0376237623761,767.5445544554456,680.2722772277227,743.7643564356435,,,,,,831.7867043847242,92.85726041072358,825.7548797736916,125.43578134547847,794.615709570957,118.72211724441071,798.8958274398868,121.85215696235963,776.466874115983,119.14264819094907,776.466874115983,119.14264819094907,776.466874115983,119.14264819094907,776.466874115983,119.14264819094907,776.466874115983,119.14264819094907,0.4583333333333335,321.3089108910891,0.502849033948259,342.07425742574253,,,342.07425742574253,,,2017-11-30
2017,12,4,6,52,1,1158.659405940594,1022.3465346534653,856.8237623762376,808.140594059406,827.6138613861386,701.0376237623761,1100.4554455445543,1012.609900990099,151.1532019435856,911.9980198019801,146.20088524354202,819.5,140.84249233207,136.31287128712881,58.20396039603975,0.13333333333333353,0.052890792291220734,-2.4492935982947064e-16,1.0,-2.4492935982947064e-16,1.0,31,365,0,1,0,1,5,6.432490598706546e-16,1.0,-0.7818314824680299,0.6234898018587334,1022.3465346534653,730.2475247524752,813.7821782178218,725.6237623762377,770.9752475247525,,,,,,892.9884016973126,142.6247106981353,850.3889674681753,153.6054136243175,809.0502310231024,135.22274782730605,812.7416902404526,139.33400480801865,787.0833333333334,133.5924079285936,787.0833333333334,133.5924079285936,787.0833333333334,133.5924079285936,787.0833333333334,133.5924079285936,787.0833333333334,133.5924079285936,0.5866666666666667,428.41188118811885,0.5967770985700249,433.0356435643564,,,433.0356435643564,,,2017-12-31
2018,1,1,2,5,0,730.6188118811881,1158.659405940594,1022.3465346534653,856.8237623762376,808.140594059406,730.2475247524752,730.2475247524752,970.541584158416,218.67213405582405,900.7004950495051,158.8096323088959,819.5309405940594,140.8211418415568,-428.040594059406,0.37128712871287917,-0.36942745371485997,0.0005084401057555699,0.49999999999999994,0.8660254037844387,1.0,6.123233995736766e-17,31,31,0,1,0,0,5,0.5086709438521044,0.8609610158889943,0.9749279121818236,-0.22252093395631434,1158.659405940594,778.9306930693069,970.990099009901,743.7643564356435,752.8346534653466,,,,,,886.0867043847242,150.040070997375,833.2195898161244,152.5181785043832,808.6120462046205,135.46268557072494,811.9482673267327,139.75040445509381,785.557265185978,132.05056632896012,785.557265185978,132.05056632896012,785.557265185978,132.05056632896012,785.557265185978,132.05056632896012,785.557265185978,132.05056632896012,-0.062023337400854195,-48.31188118811883,-0.017674340590147497,-13.145544554455455,,,-13.145544554455455,,,2018-01-31
2018,2,1,2,9,0,662.4277227722773,730.6188118811881,1158.659405940594,1022.3465346534653,856.8237623762376,778.9306930693069,662.091089108911,850.5686468646867,268.9840943800239,873.1694719471948,186.0037694029379,819.55899339934,140.7869566065668,-68.19108910891077,0.33663366336634226,-0.09333333333333316,0.0005084401057555699,0.8660254037844386,0.5000000000000001,1.0,6.123233995736766e-17,28,59,0,1,0,0,4,0.8498170915275278,0.5270777086423722,0.9749279121818236,-0.22252093395631434,730.6188118811881,798.4039603960397,1100.4554455445543,770.9752475247525,798.1861386138613,,,,,,866.6615275813296,170.6682217222515,801.9318953323904,137.68786152904687,804.9937953795379,137.9298437250477,807.0997524752476,142.57207535092834,782.317014069828,131.7764884925226,782.317014069828,131.7764884925226,782.317014069828,131.7764884925226,782.317014069828,131.7764884925226,782.317014069828,131.7764884925226,-0.17031007405864174,-135.97623762376236,-0.14079248990284898,-108.54752475247517,,,-108.54752475247517,,,2018-02-28
2018,3,1,5,13,1,759.8435643564356,662.4277227722773,730.6188118811881,1158.659405940594,1022.3465346534653,798.4039603960397,759.4574257425743,717.6300330033005,49.98992728982021,865.1199669966996,190.37449952803163,819.5911716171618,140.77201434868738,97.41584158415833,0.3861386138613625,0.1470588235294117,0.0005084401057555699,1.0,6.123233995736766e-17,1.0,6.123233995736766e-17,31,90,0,1,0,1,5,0.9997685019798909,0.021516097436222254,-0.9749279121818236,-0.2225209339563146,662.4277227722773,827.6138613861386,730.2475247524752,752.8346534653466,952.3811881188118,,,,,,856.9800565770863,175.1166717275444,804.0458981612447,136.72643272360804,805.2274257425742,137.84435771879234,800.2234087694484,139.92405439857944,781.7407717694846,130.08081433520658,781.7407717694846,130.08081433520658,781.7407717694846,130.08081433520658,781.7407717694846,130.08081433520658,781.7407717694846,130.08081433520658,-0.08188637260883613,-67.77029702970299,0.009310026921351966,7.0089108910890445,,,7.0089108910890445,,,2018-03-31
2018,4,2,0,18,0,701.3940594059405,759.8435643564356,662.4277227722773,730.6188118811881,1158.659405940594,827.6138613861386,701.0376237623761,707.8884488448845,49.0315650221978,839.2150165016501,201.95207223356243,819.6208745874587,140.74476037415945,-58.44950495049511,0.35643564356439583,-0.07692307692307698,0.0005084401057555699,0.8660254037844387,-0.49999999999999983,1.2246467991473532e-16,-1.0,30,120,0,1,0,0,5,0.8800122039735357,-0.47495107206704995,0.0,1.0,759.8435643564356,808.140594059406,662.091089108911,798.1861386138613,1079.3653465346533,,,,,,841.7305516265913,184.47627214616378,806.8532531824611,133.96308936676763,802.0010231023102,139.1415106648426,786.7244342291372,129.86756802625683,779.732103960396,129.02920541401767,779.732103960396,129.02920541401767,779.732103960396,129.02920541401767,779.732103960396,129.02920541401767,779.732103960396,129.02920541401767,-0.13208906400464593,-106.74653465346546,-0.12126504649155012,-96.79207920792078,,,-96.79207920792078,,,2018-04-30
2018,5,2,3,22,0,730.6188118811881,701.3940594059405,759.8435643564356,662.4277227722773,730.6188118811881,808.140594059406,730.2475247524752,730.6188118811882,29.224752475248636,790.5937293729372,183.3003015503327,819.6518151815181,140.7233660632789,29.224752475247556,0.37128712871287917,0.04166666666666674,0.0005084401057555699,0.49999999999999994,-0.8660254037844387,1.2246467991473532e-16,-1.0,31,151,0,1,0,0,5,0.5160623910158528,-0.8565509959010036,0.43388373911755823,-0.900968867902419,701.3940594059405,856.8237623762376,759.4574257425743,952.3811881188118,693.5643564356435,,,,,,823.7012729844413,188.870149127955,804.7933521923621,134.9659050841847,794.6089438943894,136.74698265733537,788.0478076379067,129.0694336480287,778.5342187877325,127.63680714390668,778.5342187877325,127.63680714390668,778.5342187877325,127.63680714390668,778.5342187877325,127.63680714390668,778.5342187877325,127.63680714390668,-0.14729394309168564,-126.2049504950495,-0.23285043741325806,-221.7623762376237,,,-221.7623762376237,,,2018-05-31
2018,6,2,5,26,1,779.3267326732673,730.6188118811881,701.3940594059405,759.8435643564356,662.4277227722773,856.8237623762376,778.9306930693069,737.1132013201319,39.3701436533643,727.3716171617161,41.635064200620064,819.6848184818482,140.71299375956755,48.70792079207922,0.3960396039603893,0.06666666666666665,0.0005084401057555699,1.2246467991473532e-16,-1.0,1.2246467991473532e-16,-1.0,30,181,0,1,0,1,5,0.02581844022713308,-0.9996666485105112,-0.9749279121818236,-0.2225209339563146,730.6188118811881,1022.3465346534653,701.0376237623761,1079.3653465346533,628.8316831683169,,,,,,788.9841584158415,167.38369739721946,810.3854314002829,131.9238826535552,784.6076567656766,125.73082160175747,793.4226308345121,125.27129131289233,778.5530881659595,126.0707113468612,778.5530881659595,126.0707113468612,778.5530881659595,126.0707113468612,778.5530881659595,126.0707113468612,778.5530881659595,126.0707113468612,-0.23770785515751958,-243.01980198019794,-0.2779768822713016,-300.038613861386,,,-300.038613861386,,,2018-06-30
2018,7,3,1,31,0,798.809900990099,779.3267326732673,730.6188118811881,701.3940594059405,759.8435643564356,1022.3465346534653,798.4039603960397,769.5851485148515,35.12378118741704,738.736798679868,50.96130467738028,819.7186468646864,140.70746128297088,19.483168316831666,0.4059405940593024,0.02499999999999991,0.0005084401057553478,-0.4999999999999998,-0.8660254037844388,-1.0,-1.8369701987210297e-16,31,212,0,1,0,0,5,-0.4862727071086902,-0.8738071036110807,0.7818314824680298,0.6234898018587336,779.3267326732673,1158.659405940594,730.2475247524752,693.5643564356435,721.3069306930693,,,,,,737.5770862800566,46.62216935431624,815.2827439886845,129.97839406881383,788.1158415841584,124.56580395079692,796.190594059406,124.47252063773755,779.0241768362882,124.59912771520908,779.0241768362882,124.59912771520908,779.0241768362882,124.59912771520908,779.0241768362882,124.59912771520908,779.0241768362882,124.59912771520908,-0.3105740160615802,-359.8495049504951,0.15174589578872233,105.24554455445548,,,105.24554455445548,,,2018-07-31
2018,8,3,4,35,0,828.0346534653465,798.809900990099,779.3267326732673,730.6188118811881,701.3940594059405,1158.659405940594,827.6138613861386,802.0570957095711,24.51578251110016,766.3379537953796,45.96816744935261,819.7537128712871,140.70966015349444,29.224752475247556,0.4207920792078994,0.03658536585365857,0.0005084401057555699,-0.8660254037844384,-0.5000000000000004,-1.0,-1.8369701987210297e-16,31,243,0,1,0,0,5,-0.8631421280499115,-0.5049610547215202,-0.433883739117558,-0.9009688679024191,798.809900990099,730.6188118811881,778.9306930693069,628.8316831683169,665.8217821782177,,,,,,751.4936350777936,57.47495341046117,818.7901697312589,129.58391671206218,794.7559405940594,121.04172647270018,801.9839108910891,121.92898556828784,780.1380513051304,123.3632399405621,780.1380513051304,123.3632399405621,780.1380513051304,123.3632399405621,780.1380513051304,123.3632399405621,780.1380513051304,123.3632399405621,0.1333333333333333,97.41584158415844,0.3167826552462525,199.20297029702965,,,199.20297029702965,,,2018-08-31
2018,9,3,6,39,1,808.5514851485149,828.0346534653465,798.809900990099,779.3267326732673,730.6188118811881,730.6188118811881,808.140594059406,811.7986798679868,14.880515598243562,774.4559405940594,48.805239412167225,819.7879537953795,140.7066272180119,-19.483168316831666,0.4108910891088726,-0.02352941176470591,0.0005084401057555699,-1.0,-1.8369701987210297e-16,-1.0,-1.8369701987210297e-16,30,273,0,1,0,1,5,-0.9999166586547379,-0.012910296075008843,-0.7818314824680299,0.6234898018587334,828.0346534653465,662.4277227722773,798.4039603960397,721.3069306930693,693.5643564356435,,,,,,772.3684582743989,44.893903507158775,819.5149929278642,129.4894611349628,797.6640924092409,120.26174420562282,806.0905940594058,120.064243701795,780.7694609460947,122.02686071274306,780.7694609460947,122.02686071274306,780.7694609460947,122.02686071274306,780.7694609460947,122.02686071274306,780.7694609460947,122.02686071274306,0.22058823529411753,146.12376237623755,0.12095343985065621,87.24455445544561,,,87.24455445544561,,,2018-09-30
2018,10,4,2,44,0,857.259405940594,808.5514851485149,828.0346534653465,798.809900990099,779.3267326732673,662.4277227722773,856.8237623762376,831.2818481848186,24.515782511100042,800.4334983498351,43.310810011623495,819.8242574257425,140.7171073036397,48.70792079207911,0.43564356435638274,0.06024096385542155,0.0005084401057555699,-0.8660254037844386,0.5000000000000001,-2.4492935982947064e-16,1.0,31,304,0,1,0,0,5,-0.867456354729597,0.4975132889071803,0.9749279121818236,-0.22252093395631434,808.5514851485149,759.8435643564356,827.6138613861386,665.8217821782177,739.8019801980198,,,,,,786.2850070721358,54.446737195768485,821.6325318246111,129.87391534601826,804.0453465346534,118.08403217163426,810.2855021216408,119.71381839588514,782.4322858372793,121.18928543203405,782.4322858372793,121.18928543203405,782.4322858372793,121.18928543203405,782.4322858372793,121.18928543203405,782.4322858372793,121.18928543203405,0.1282051282051282,97.41584158415833,0.2875208184630027,191.43762376237623,,,191.43762376237623,,,2018-10-31
2018,11,4,4,48,0,1022.8663366336633,857.259405940594,808.5514851485149,828.0346534653465,798.809900990099,759.8435643564356,1022.3465346534653,896.2257425742574,112.34542907818437,849.1414191419143,89.15900305888806,819.8675742574256,140.78518058838392,165.60693069306933,0.5198019801980536,0.19318181818181812,0.0005084401057555699,-0.5000000000000004,0.8660254037844384,-2.4492935982947064e-16,1.0,30,334,0,1,0,0,5,-0.5086709438521042,0.8609610158889945,-0.433883739117558,-0.9009688679024191,857.259405940594,701.3940594059405,808.140594059406,693.5643564356435,758.2970297029703,,,,,,832.2096181046676,92.904472766027,836.9700848656294,140.4097533545806,815.0220792079207,122.6760856459101,819.734405940594,125.74749456390566,787.5479039393301,124.89008164212022,787.5479039393301,124.89008164212022,787.5479039393301,124.89008164212022,787.5479039393301,124.89008164212022,787.5479039393301,124.89008164212022,0.45833333333333326,321.47227722772277,0.4747965738758031,329.3019801980198,,,329.3019801980198,,,2018-11-30
2018,12,4,0,1,0,1159.2485148514852,1022.8663366336633,857.259405940594,808.5514851485149,828.0346534653465,701.3940594059405,1158.659405940594,1013.1247524752476,151.23005429356695,912.4617161716172,146.27521963709682,819.9166666666666,140.91410230376619,136.3821782178219,0.5891089108911274,0.13333333333333353,0.0005084401057555699,-2.4492935982947064e-16,1.0,-2.4492935982947064e-16,1.0,31,365,0,1,0,1,5,6.432490598706546e-16,1.0,0.0,1.0,1022.8663366336633,730.6188118811881,856.8237623762376,739.8019801980198,786.0396039603961,,,,,,893.44243281471,142.69722682112607,858.5718528995757,164.83791420081607,829.0036303630363,136.88687756210737,833.0632956152758,140.90917807500483,795.2916666666666,134.69978261165153,795.2916666666666,134.69978261165153,795.2916666666666,134.69978261165153,795.2916666666666,134.69978261165153,795.2916666666666,134.69978261165153,0.5866666666666669,428.6297029702971,0.5669713597430408,419.4465346534654,,,419.4465346534654,,,2018-12-31
2019,1,1,3,5,0,745.9158415841583,1159.2485148514852,1022.8663366336633,857.259405940594,808.5514851485149,730.6188118811881,730.6188118811881,976.0102310231024,210.61243000430855,903.6460396039603,155.7797777167364,821.1914191419141,140.09968588179856,-413.33267326732687,15.297029702970235,-0.35655225602793217,0.020937087102347762,0.49999999999999994,0.8660254037844387,1.0,6.123233995736766e-17,31,31,0,1,0,0,5,0.5086709438521044,0.8609610158889943,0.43388373911755823,-0.900968867902419,1159.2485148514852,779.3267326732673,1022.3465346534653,758.2970297029703,767.5445544554456,,,,,,888.6694483734088,147.6240854855307,838.8268033946251,160.20205660774226,828.5909240924091,137.12586059651173,832.2908415841583,141.34027376700658,794.2839967670236,133.47578549468435,794.2839967670236,133.47578549468435,794.2839967670236,133.47578549468435,794.2839967670236,133.47578549468435,794.2839967670236,133.47578549468435,-0.042871480841549015,-33.410891089108986,-0.01632762312633851,-12.38118811881202,,,-12.38118811881202,,,2019-01-31
2019,2,1,3,9,0,676.2970297029703,745.9158415841583,1159.2485148514852,1022.8663366336633,857.259405940594,779.3267326732673,662.4277227722773,860.4871287128714,261.0660244603587,878.3564356435644,180.81471284477647,822.347194719472,138.72129836660096,-69.61881188118798,13.869306930693028,-0.09333333333333316,0.020937087102347762,0.8660254037844386,0.5000000000000001,1.0,6.123233995736766e-17,28,59,0,1,0,0,4,0.8498170915275278,0.5270777086423722,0.43388373911755823,-0.900968867902419,745.9158415841583,798.809900990099,1158.659405940594,786.0396039603961,813.7821782178218,,,,,,871.1676096181046,166.15270542983322,804.3723479490806,136.1968560920892,824.9328382838283,139.73903206056949,827.380657708628,144.36289048867587,791.9242574257426,133.15636051644879,791.9242574257426,133.15636051644879,791.9242574257426,133.15636051644879,791.9242574257426,133.15636051644879,791.9242574257426,133.15636051644879,-0.15336924484195535,-122.51287128712863,-0.13961456102783731,-109.74257425742576,,,-109.74257425742576,,,2019-02-28
2019,3,1,6,13,1,775.7524752475248,676.2970297029703,745.9158415841583,1159.2485148514852,1022.8663366336633,798.809900990099,759.8435643564356,732.6551155115512,51.0365707517276,872.8899339933993,183.81803373950177,823.6729372937293,138.1444756830862,99.45544554455444,15.908910891089135,0.1470588235294117,0.020937087102347762,1.0,6.123233995736766e-17,1.0,6.123233995736766e-17,31,90,0,1,0,1,5,0.9997685019798909,0.021516097436222254,-0.7818314824680299,0.6234898018587334,676.2970297029703,828.0346534653465,730.6188118811881,767.5445544554456,970.990099009901,,,,,,863.6987270155587,169.55502334005683,807.5961810466761,134.84423964621595,825.2064356435643,139.6307893471675,820.4078854314002,141.86298060159598,791.6071636575422,131.83752117821453,791.6071636575422,131.83752117821453,791.6071636575422,131.83752117821453,791.6071636575422,131.83752117821453,791.6071636575422,131.83752117821453,-0.06314008477666899,-52.28217821782175,0.010693738551637022,8.207920792079221,,,8.207920792079221,,,2019-03-31
2019,4,2,1,18,0,716.079207920792,775.7524752475248,676.2970297029703,745.9158415841583,1159.2485148514852,828.0346534653465,701.3940594059405,722.7095709570958,50.05814316983245,849.3599009900989,194.91981085804153,824.8966996699669,137.02328046057156,-59.6732673267328,14.685148514851448,-0.0769230769230771,0.020937087102347762,0.8660254037844387,-0.49999999999999983,1.2246467991473532e-16,-1.0,30,120,0,1,0,0,5,0.8800122039735357,-0.47495107206704995,0.7818314824680298,0.6234898018587336,775.7524752475248,808.5514851485149,662.4277227722773,813.7821782178218,1100.4554455445543,,,,,,850.4884016973125,177.96167701044232,811.4284299858556,131.11195034434434,821.9496699669967,141.03875783899642,806.6801626591231,132.01558111674618,790.1547029702971,130.95811111685975,790.1547029702971,130.95811111685975,790.1547029702971,130.95811111685975,790.1547029702971,130.95811111685975,790.1547029702971,130.95811111685975,-0.11436782805579482,-92.47227722772288,-0.12006034650574271,-97.70297029702976,,,-97.70297029702976,,,2019-04-30
2019,5,2,4,22,0,745.9158415841583,716.079207920792,775.7524752475248,676.2970297029703,745.9158415841583,808.5514851485149,730.6188118811881,745.9158415841584,29.83663366336802,803.2014851485147,177.6407934137265,826.1714521452145,136.1347357855846,29.836633663366342,15.297029702970235,0.04166666666666674,0.020937087102347762,0.49999999999999994,-0.8660254037844387,1.2246467991473532e-16,-1.0,31,151,0,1,0,0,5,0.5160623910158528,-0.8565509959010036,-0.433883739117558,-0.9009688679024191,716.079207920792,857.259405940594,759.8435643564356,970.990099009901,730.2475247524752,,,,,,834.5821782178217,182.18153451924175,810.4335926449787,131.585453620501,814.4471947194719,138.80592811228985,807.2397454031117,131.71246118015245,789.3200074724454,129.83506705331354,789.3200074724454,129.83506705331354,789.3200074724454,129.83506705331354,789.3200074724454,129.83506705331354,789.3200074724454,129.83506705331354,-0.12988316440140812,-111.34356435643565,-0.2317987152034262,-225.07425742574264,,,-225.07425742574264,,,2019-05-31
2019,6,2,6,26,1,795.6435643564356,745.9158415841583,716.079207920792,775.7524752475248,676.2970297029703,857.259405940594,779.3267326732673,752.546204620462,40.19443978026708,742.6006600660066,42.50678116629935,827.5311881188118,135.70511706334716,49.727722772277275,16.31683168316829,0.06666666666666665,0.020937087102347762,1.2246467991473532e-16,-1.0,1.2246467991473532e-16,-1.0,30,181,0,1,0,1,5,0.02581844022713308,-0.9996666485105112,-0.7818314824680299,0.6234898018587334,745.9158415841583,1022.8663366336633,701.3940594059405,1100.4554455445543,662.091089108911,,,,,,802.1217821782177,162.1882749977439,817.1657001414426,127.93812753035157,804.286798679868,127.87403988767812,812.0094766619519,128.64392216769386,789.4371103777044,128.60725411442567,789.4371103777044,128.60725411442567,789.4371103777044,128.60725411442567,789.4371103777044,128.60725411442567,789.4371103777044,128.60725411442567,-0.22214317173154452,-227.2227722772277,-0.27698702607381276,-304.8118811881187,,,-304.8118811881187,,,2019-06-30
2019,7,3,2,31,0,815.5346534653465,795.6435643564356,745.9158415841583,716.079207920792,775.7524752475248,1022.8663366336633,798.809900990099,785.6980198019802,35.859170853502036,754.203795379538,52.02828595225915,828.9249174917492,135.46900400243402,19.891089108910933,16.724752475247556,0.025000000000000133,0.020937087102347762,-0.4999999999999998,-0.8660254037844388,-1.0,-1.8369701987210297e-16,31,212,0,1,0,0,5,-0.4862727071086902,-0.8738071036110807,0.9749279121818236,-0.22252093395631434,795.6435643564356,1159.2485148514852,730.6188118811881,730.2475247524752,759.4574257425743,,,,,,753.019801980198,47.59830177498824,823.231117397454,125.50923491076595,807.129702970297,127.11704750809903,814.0122347949081,128.23132813040056,789.9116111611161,127.45946824352173,789.9116111611161,127.45946824352173,789.9116111611161,127.45946824352173,789.9116111611161,127.45946824352173,789.9116111611161,127.45946824352173,-0.2964971332572057,-343.71386138613866,0.11679208189275303,85.28712871287132,,,85.28712871287132,,,2019-07-31
2019,8,3,5,35,1,845.3712871287129,815.5346534653465,795.6435643564356,745.9158415841583,716.079207920792,1159.2485148514852,828.0346534653465,818.8498349834985,25.029071584917457,782.3828382838284,46.9306069751743,830.3696369636964,135.55106566480055,29.836633663366342,17.336633663366342,0.03658536585365857,0.020937087102347762,-0.8660254037844384,-0.5000000000000004,-1.0,-1.8369701987210297e-16,31,243,0,1,0,0,5,-0.8631421280499115,-0.5049610547215202,-0.9749279121818236,-0.2225209339563146,815.5346534653465,745.9158415841583,779.3267326732673,662.091089108911,701.0376237623761,,,,,,767.2277227722772,58.678311516219566,827.948585572843,124.9721241706553,813.2390429042904,124.2786173889766,819.167008486563,126.4097548004132,790.9019625176803,126.5126883696833,790.9019625176803,126.5126883696833,790.9019625176803,126.5126883696833,790.9019625176803,126.5126883696833,790.9019625176803,126.5126883696833,0.13333333333333353,99.45544554455455,0.2768202155786046,183.2801980198019,,,183.2801980198019,,,2019-08-31
2019,9,3,0,40,0,825.4801980198021,845.3712871287129,815.5346534653465,795.6435643564356,745.9158415841583,745.9158415841583,808.5514851485149,828.7953795379539,15.192070249452115,790.6707920792079,49.82707896079009,831.7803630363036,135.39135144912532,-19.89108910891082,16.92871287128719,-0.0235294117647058,0.020937087102347984,-1.0,-1.8369701987210297e-16,-1.0,-1.8369701987210297e-16,30,273,0,1,0,1,5,-0.9999166586547379,-0.012910296075008843,0.0,1.0,845.3712871287129,676.2970297029703,798.809900990099,759.4574257425743,730.2475247524752,680.2722772277227,,,,,788.539603960396,45.833851075252724,829.8536067892503,124.69675098248545,815.439801980198,123.87732401968746,822.5681753889675,125.2040977457914,793.4949611032532,125.68940945396174,791.5085982282438,125.46164720577455,791.5085982282438,125.46164720577455,791.5085982282438,125.46164720577455,791.5085982282438,125.46164720577455,0.22058823529411775,149.1831683168317,0.08693413223614566,66.02277227722777,,,66.02277227722777,,,2019-09-30
2019,10,4,3,44,0,875.2079207920791,825.4801980198021,845.3712871287129,815.5346534653465,795.6435643564356,676.2970297029703,857.259405940594,848.6864686468648,25.029071584917457,817.1922442244223,44.21761221330952,833.2760726072607,135.79694865339172,49.72772277227705,17.94851485148513,0.06024096385542155,0.020937087102347762,-0.8660254037844386,0.5000000000000001,-2.4492935982947064e-16,1.0,31,304,0,1,0,0,5,-0.867456354729597,0.4975132889071803,0.43388373911755823,-0.900968867902419,825.4801980198021,775.7524752475248,828.0346534653465,701.0376237623761,778.9306930693069,616.780198019802,,,,,802.7475247524752,55.58669327487503,833.2231258840169,125.27980688016125,821.2454785478548,122.4034234385965,826.0066478076378,125.283301307248,798.1097418670439,123.81341047165934,792.9516899965859,124.84093642958308,792.9516899965859,124.84093642958308,792.9516899965859,124.84093642958308,792.9516899965859,124.84093642958308,0.12820512820512797,99.45544554455432,0.24844643301019143,174.17029702970297,,,174.17029702970297,,,2019-10-31
2019,11,4,5,48,1,1044.2821782178216,875.2079207920791,825.4801980198021,845.3712871287129,815.5346534653465,775.7524752475248,1022.8663366336633,914.990099009901,114.69761511234506,866.9199669966996,91.0257328718903,835.0607260726073,138.6263166786322,169.07425742574253,21.41584158415833,0.19318181818181812,0.020937087102347762,-0.5000000000000004,0.8660254037844384,-2.4492935982947064e-16,1.0,30,334,0,1,0,0,5,-0.5086709438521042,0.8609610158889945,-0.9749279121818236,-0.2225209339563146,875.2079207920791,716.079207920792,808.5514851485149,730.2475247524752,798.4039603960397,707.4831683168317,,,,,849.6336633663367,94.84962180452703,850.0610325318246,137.00180023147203,831.713300330033,127.6677837246808,834.7880127298444,131.7281998690995,804.1240099009901,127.4575813045702,797.2115287799967,128.01240330795892,797.2115287799967,128.01240330795892,797.2115287799967,128.01240330795892,797.2115287799967,128.01240330795892,0.45833333333333326,328.20297029702965,0.4300386414480373,314.0346534653464,,,314.0346534653464,,,2019-11-30
2019,12,4,1,1,0,1183.519801980198,1044.2821782178216,875.2079207920791,825.4801980198021,845.3712871287129,716.079207920792,1159.2485148514852,1034.3366336633665,154.3963711128044,931.56600660066,149.33779665155373,837.0833333333334,143.86443313764926,139.23762376237642,24.271287128712856,0.13333333333333353,0.020937087102347762,-2.4492935982947064e-16,1.0,-2.4492935982947064e-16,1.0,31,365,0,1,0,1,5,6.432490598706546e-16,1.0,0.7818314824680298,0.6234898018587336,1044.2821782178216,745.9158415841583,857.259405940594,778.9306930693069,827.6138613861386,653.0613861386138,,,,,912.1485148514852,145.68489108834342,873.3653465346534,163.50560378374496,845.1996039603961,142.41733554395708,847.4989391796323,147.26533139737944,813.596481612447,135.48535145051892,803.65,136.3695763875634,803.65,136.3695763875634,803.65,136.3695763875634,803.65,136.3695763875634,0.5866666666666669,437.6039603960397,0.5194160565385397,404.5891089108911,,,404.5891089108911,,,2019-12-31
2020,1,1,4,5,0,785.3465346534653,1183.519801980198,1044.2821782178216,875.2079207920791,825.4801980198021,745.9158415841583,745.9158415841583,1004.3828382838284,202.0629993313666,926.5346534653467,154.44990095404745,840.3692244224422,142.0314773578539,-398.1732673267328,39.430693069306926,-0.3364314366861728,0.052862120457939366,0.49999999999999994,0.8660254037844387,1.0,6.123233995736766e-17,31,31,0,1,0,0,5,0.5086709438521044,0.8609610158889943,-0.433883739117558,-0.9009688679024191,1183.519801980198,795.6435643564356,1022.8663366336633,798.4039603960397,808.140594059406,680.2722772277227,,,,,910.6775106082035,147.10241141601188,856.3996463932108,159.06219092380962,844.7643564356435,142.58513498915437,846.6848656294202,147.55367980771996,815.4728076379067,134.32802372188058,803.3499431910404,135.24869347782828,803.3499431910404,135.24869347782828,803.3499431910404,135.24869347782828,803.3499431910404,135.24869347782828,-0.012941762070681984,-10.297029702970349,-0.016354410035863798,-13.057425742574424,,,-13.057425742574424,,,2020-01-31
2020,2,1,5,9,1,712.0475247524753,785.3465346534653,1183.519801980198,1044.2821782178216,875.2079207920791,795.6435643564356,676.2970297029703,893.6379537953795,253.70613048052488,904.3140264026401,176.48147680117214,843.3484323432343,138.61083898753154,-73.29900990098997,35.750495049504934,-0.09333333333333316,0.052862120457939143,0.8660254037844386,0.5000000000000001,1.0,6.123233995736766e-17,29,60,0,1,0,0,5,0.8587639582758029,0.5123714121284237,-0.9749279121818236,-0.2225209339563146,785.3465346534653,815.5346534653465,1159.2485148514852,827.6138613861386,856.8237623762376,725.6237623762377,,,,,895.8936350777934,162.6378819403625,824.4567185289956,136.92932946694097,840.9121452145214,144.6111948818096,841.5142857142856,149.70615993342162,815.2303748231965,134.50526414277243,801.8773235388055,134.63576992399334,801.8773235388055,134.63576992399334,801.8773235388055,134.63576992399334,801.8773235388055,134.63576992399334,-0.12689482693731857,-103.48712871287125,-0.13963799064470206,-115.56633663366335,,,-115.56633663366335,,,2020-02-29
2020,3,1,1,14,0,816.760396039604,712.0475247524753,785.3465346534653,1183.519801980198,1044.2821782178216,815.5346534653465,775.7524752475248,771.3848184818484,53.734472102565675,902.8607260726072,177.29452979196515,846.7657590759076,137.29205245087945,104.71287128712868,41.007920792079176,0.1470588235294117,0.052862120457939143,1.0,6.123233995736766e-17,1.0,6.123233995736766e-17,31,91,0,1,0,1,5,0.9999907397361901,0.004303538296244289,0.7818314824680298,0.6234898018587336,712.0475247524753,845.3712871287129,745.9158415841583,808.140594059406,1022.3465346534653,743.7643564356435,,,,,891.8063649222065,164.4683886999757,829.5170438472418,135.1003627004995,841.1994719471948,144.5523874244038,834.1719236209335,145.4908921192702,816.5338755304102,134.15333379843847,802.1135627848499,133.5587470720253,802.1135627848499,133.5587470720253,802.1135627848499,133.5587470720253,802.1135627848499,133.5587470720253,-0.03384417181506749,-28.610891089108918,0.010666215808934343,8.619801980197963,,,8.619801980197963,,,2020-03-31
2020,4,2,3,18,0,753.9326732673267,816.760396039604,712.0475247524753,785.3465346534653,1183.519801980198,845.3712871287129,716.079207920792,760.9135313531355,52.704322763976975,882.6481848184818,187.68609847272194,849.9202145214522,134.42124575918217,-62.8277227722773,37.853465346534676,-0.07692307692307698,0.052862120457939366,0.8660254037844387,-0.49999999999999983,1.2246467991473532e-16,-1.0,30,121,0,1,0,0,5,0.8717063187093218,-0.49002866642905923,0.43388373911755823,-0.900968867902419,816.760396039604,825.4801980198021,676.2970297029703,856.8237623762376,1158.659405940594,770.9752475247525,,,,,881.5852899575673,171.3562600305513,835.0624469589817,129.81747761485147,837.7697689768976,145.38710259394907,819.717397454031,131.49021504055898,816.2295438472419,134.27783738148406,801.3607363861386,132.63132690801638,801.3607363861386,132.63132690801638,801.3607363861386,132.63132690801638,801.3607363861386,132.63132690801638,-0.08667382321720951,-71.5475247524754,-0.12008430861389985,-102.89108910891093,,,-102.89108910891093,,,2020-04-30
2020,5,2,6,22,1,785.3465346534653,753.9326732673267,816.760396039604,712.0475247524753,785.3465346534653,825.4801980198021,745.9158415841583,785.3465346534654,31.41386138614063,839.4922442244225,172.21951680969897,853.2061056105609,132.10982690190858,31.413861386138592,39.430693069306926,0.04166666666666674,0.052862120457939366,0.49999999999999994,-0.8660254037844387,1.2246467991473532e-16,-1.0,31,152,0,1,0,0,5,0.5012418134457758,-0.865307254363206,-0.7818314824680299,0.6234898018587334,753.9326732673267,875.2079207920791,775.7524752475248,1022.3465346534653,730.6188118811881,752.8346534653466,,,,,868.7479490806223,175.2357712005082,835.7477369165488,129.5052514245791,829.8697689768977,141.3960190007493,821.6719589816124,130.5199146356299,816.8101131541725,134.06887927016248,801.1143640517897,131.60605564500304,801.1143640517897,131.60605564500304,801.1143640517897,131.60605564500304,801.1143640517897,131.60605564500304,-0.10267432915516539,-89.86138613861385,-0.2318196345041983,-237.0,,,-237.0,,,2020-05-31
2020,6,2,1,27,0,837.7029702970298,785.3465346534653,753.9326732673267,816.760396039604,712.0475247524753,875.2079207920791,795.6435643564356,792.3273927392739,42.31920309767122,781.856105610561,44.753779752591086,856.7110561056106,130.99706968194454,52.35643564356451,42.05940594059416,0.06666666666666687,0.052862120457939366,1.2246467991473532e-16,-1.0,1.2246467991473532e-16,-1.0,30,182,0,1,0,1,5,0.008606996888688698,-0.9999629591162655,0.7818314824680298,0.6234898018587336,785.3465346534653,1044.2821782178216,716.079207920792,1158.659405940594,662.4277227722773,798.1861386138613,,,,,839.2366336633664,157.2156448929869,844.4351485148516,124.85610250534627,819.1712211221122,127.07819441407685,827.9317892503535,126.74824454966294,817.5157708628005,134.07306794001772,801.6687368736874,130.66741638773414,801.6687368736874,130.66741638773414,801.6687368736874,130.66741638773414,801.6687368736874,130.66741638773414,-0.1978193367939508,-206.57920792079187,-0.2770067148274806,-320.9564356435643,,,-320.9564356435643,,,2020-06-30
2020,7,3,4,31,0,858.6455445544555,837.7029702970298,785.3465346534653,753.9326732673267,816.760396039604,1044.2821782178216,815.5346534653465,827.2316831683169,37.75476266268217,794.0726072607262,54.77861147148732,860.3036303630362,130.35473348152817,20.94257425742569,43.11089108910892,0.02499999999999991,0.052862120457939366,-0.4999999999999998,-0.8660254037844388,-1.0,-1.8369701987210297e-16,31,213,0,1,0,0,5,-0.5012418134457756,-0.8653072543632061,-0.433883739117558,-0.9009688679024191,837.7029702970298,1183.519801980198,745.9158415841583,730.6188118811881,759.8435643564356,952.3811881188118,,,,,792.8260254596888,50.114448937011076,852.4872701555869,121.60648090124057,823.4387788778878,126.14817353808075,831.4604314002829,126.15640850227733,815.8419200848656,132.93904229239544,802.5191369883257,129.8604259115698,802.5191369883257,129.8604259115698,802.5191369883257,129.8604259115698,802.5191369883257,129.8604259115698,-0.2744983707768822,-324.8742574257426,0.1752305451095979,128.02673267326736,,,128.02673267326736,,,2020-07-31
2020,8,3,0,36,0,890.0594059405942,858.6455445544555,837.7029702970298,785.3465346534653,753.9326732673267,1183.519801980198,845.3712871287129,862.1359735973598,26.35216138199056,823.7412541254125,49.411458374260135,864.0276402640262,130.52757781065586,31.413861386138706,44.68811881188128,0.03658536585365857,0.052862120457939366,-0.8660254037844384,-0.5000000000000004,-1.0,-1.8369701987210297e-16,31,244,0,1,0,0,5,-0.8717063187093218,-0.4900286664290594,0.0,1.0,858.6455445544555,785.3465346534653,795.6435643564356,662.4277227722773,701.3940594059405,1079.3653465346533,,,,,807.7850070721358,61.78017148785855,859.2312588401697,120.82711415475697,831.026501650165,122.93452568812094,838.1984794908061,123.97165244711802,812.4614568599717,128.447165668686,803.8064938846826,129.32412118757907,803.8064938846826,129.32412118757907,803.8064938846826,129.32412118757907,803.8064938846826,129.32412118757907,0.13333333333333353,104.7128712871289,0.3436324829759121,227.63168316831684,,,227.63168316831684,,,2020-08-31
2020,9,3,2,40,0,869.1168316831684,890.0594059405942,858.6455445544555,837.7029702970298,785.3465346534653,785.3465346534653,825.4801980198021,872.6072607260727,15.995155296985507,832.4673267326733,52.461044010882624,867.6640264026404,129.96266917717864,-20.942574257425804,43.6366336633663,-0.02352941176470591,0.052862120457939143,-1.0,-1.8369701987210297e-16,-1.0,-1.8369701987210297e-16,30,274,0,1,0,1,5,-0.9999907397361901,0.004303538296243821,0.9749279121818236,-0.22252093395631434,890.0594059405942,712.0475247524753,815.5346534653465,759.8435643564356,730.6188118811881,693.5643564356435,,,,,830.2234794908062,48.25672563184415,863.0585572842999,120.18343221809918,834.6689438943894,122.37025101826463,843.1448373408768,122.27166252584054,815.5963224893918,127.63228914942752,804.7530205194432,128.6102422364505,804.7530205194432,128.6102422364505,804.7530205194432,128.6102422364505,804.7530205194432,128.6102422364505,0.22058823529411775,157.06930693069307,0.14381021627693036,109.27326732673271,,,109.27326732673271,,,2020-09-30
2020,10,4,5,44,1,921.4732673267326,869.1168316831684,890.0594059405942,858.6455445544555,837.7029702970298,712.0475247524753,875.2079207920791,893.5498349834985,26.352161381990484,860.3907590759076,46.55504895649208,871.5194719471947,130.88975226166772,52.35643564356428,46.26534653465353,0.06024096385542155,0.052862120457939366,-0.8660254037844386,0.5000000000000001,-2.4492935982947064e-16,1.0,31,305,0,1,0,0,5,-0.858763958275803,0.5123714121284235,-0.9749279121818236,-0.2225209339563146,869.1168316831684,816.760396039604,845.3712871287129,701.3940594059405,779.3267326732673,628.8316831683169,,,,,845.1824611032532,58.52512375063015,868.4944130127298,121.03988706054143,842.0049174917492,120.6902807512174,848.2214992927865,122.47458812630302,820.8220650636492,125.82453115392609,806.4204526166902,128.43480343935437,806.4204526166902,128.43480343935437,806.4204526166902,128.43480343935437,806.4204526166902,128.43480343935437,0.1282051282051282,104.71287128712868,0.31377398335422524,220.0792079207921,,,220.0792079207921,,,2020-10-31
2020,11,4,0,49,0,1099.4851485148515,921.4732673267326,869.1168316831684,890.0594059405942,858.6455445544555,816.760396039604,1044.2821782178216,963.3584158415842,120.7607742586524,912.7471947194721,95.83754612773659,876.1197194719472,138.27536736062015,178.01188118811888,55.20297029702988,0.19318181818181834,0.052862120457939366,-0.5000000000000004,0.8660254037844384,-2.4492935982947064e-16,1.0,30,335,0,1,0,0,5,-0.4937755501599774,0.8695893893466109,0.0,1.0,921.4732673267326,753.9326732673267,825.4801980198021,730.6188118811881,798.809900990099,721.3069306930693,,,,,894.5471004243282,99.86357393774803,888.0661951909477,134.9080134942902,854.3004620462046,127.54606531385357,858.9599009900991,130.87509053041654,827.5752475247524,130.44996538609,810.5481243899037,132.17232549050627,810.5481243899037,132.17232549050627,810.5481243899037,132.17232549050627,810.5481243899037,132.17232549050627,0.4583333333333335,345.55247524752485,0.5048683809330217,368.8663366336634,,,368.8663366336634,,,2020-11-30
2020,12,4,3,53,0,1246.0831683168317,1099.4851485148515,921.4732673267326,869.1168316831684,890.0594059405942,753.9326732673267,1183.519801980198,1089.0138613861388,162.5580906808381,980.8105610561056,157.23210924707158,881.3333333333334,151.46941213178485,146.59801980198017,62.563366336633635,0.1333333333333333,0.052862120457939143,-2.4492935982947064e-16,1.0,-2.4492935982947064e-16,1.0,31,366,0,1,0,1,5,0.017213356155833904,0.9998518392091162,0.43388373911755823,-0.900968867902419,1099.4851485148515,785.3465346534653,875.2079207920791,779.3267326732673,828.0346534653465,665.8217821782177,,,,,960.3666195190948,153.3861033499572,914.5572842998585,165.20108165969177,869.8590099009901,145.31565416664145,873.8902050919378,149.70715529938354,837.9370579915134,140.0595833284413,816.5972222222222,140.91865769711367,816.5972222222222,140.91865769711367,816.5972222222222,140.91865769711367,816.5972222222222,140.91865769711367,0.5866666666666669,460.73663366336643,0.5989226547413355,466.7564356435644,,,466.7564356435644,,,2020-12-31
2021,1,1,6,4,1,874.6782178217821,1246.0831683168317,1099.4851485148515,921.4732673267326,869.1168316831684,785.3465346534653,785.3465346534653,1073.415511551155,187.0698500336756,983.4826732673267,154.85904740308777,888.7776402640264,148.4889415841388,-371.40495049504955,89.33168316831689,-0.29805791454251895,0.11374810892587006,0.49999999999999994,0.8660254037844387,1.0,6.123233995736766e-17,31,31,0,1,0,0,5,0.5086709438521044,0.8609610158889943,-0.7818314824680299,0.6234898018587334,1246.0831683168317,837.7029702970298,1044.2821782178216,798.809900990099,808.5514851485149,693.5643564356435,,,,,965.6487977369167,149.03277139787912,902.4427157001415,161.12471972597277,872.3879537953795,144.69539029449518,876.251874115983,149.1588237013887,841.1712340876945,138.75016529179106,817.3928522989286,140.10165085726095,817.3928522989286,140.10165085726095,817.3928522989286,140.10165085726095,817.3928522989286,140.10165085726095,0.044138852118002836,36.975247524752376,0.09497668561399508,75.86831683168316,,,75.86831683168316,,,2021-01-31
2021,2,1,6,8,1,793.0415841584158,874.6782178217821,1246.0831683168317,1099.4851485148515,921.4732673267326,837.7029702970298,712.0475247524753,971.2676567656766,241.47217030294416,967.3130363036304,170.80853690534235,895.5271452145215,141.39686649657892,-81.6366336633663,80.99405940594056,-0.09333333333333327,0.11374810892586984,0.8660254037844386,0.5000000000000001,1.0,6.123233995736766e-17,28,59,0,1,0,0,4,0.8498170915275278,0.5270777086423722,-0.7818314824680299,0.6234898018587334,874.6782178217821,858.6455445544555,1183.519801980198,828.0346534653465,857.259405940594,739.8019801980198,,,,,956.2768033946252,158.63654252474723,874.551414427157,141.30398560582114,871.2215181518152,145.20541183546402,873.9583804809052,149.95326826584463,842.121941301273,138.22436192063026,817.0637811078404,139.16753460419855,817.0637811078404,139.16753460419855,817.0637811078404,139.16753460419855,817.0637811078404,139.16753460419855,-0.07640400723220542,-65.60396039603961,-0.042260392316292306,-34.99306930693069,,,-34.99306930693069,,,2021-02-28
2021,3,1,2,13,0,909.6653465346535,793.0415841584158,874.6782178217821,1246.0831683168317,1099.4851485148515,858.6455445544555,816.760396039604,859.1283828382839,59.84666668836161,974.0711221122114,166.90387208796457,903.2692244224422,139.21867131864192,116.62376237623766,92.90495049504955,0.1470588235294119,0.11374810892586984,1.0,6.123233995736766e-17,1.0,6.123233995736766e-17,31,90,0,1,0,1,5,0.9997685019798909,0.021516097436222254,0.9749279121818236,-0.22252093395631434,793.0415841584158,890.0594059405942,785.3465346534653,808.5514851485149,1022.8663366336633,758.2970297029703,,,,,959.0776520509195,157.44114596566513,883.4313295615275,139.15684280106152,874.5919801980199,144.87370619277,869.9154879773693,147.29226180955777,844.8249469589816,138.03523456180963,818.2984686468646,138.6369803699263,818.2984686468646,138.6369803699263,818.2984686468646,138.6369803699263,818.2984686468646,138.6369803699263,0.02202767642609227,19.605940594059348,0.12505556324290956,101.11386138613864,,,101.11386138613864,,,2021-03-31
2021,4,2,4,17,0,839.6910891089108,909.6653465346535,793.0415841584158,874.6782178217821,1246.0831683168317,890.0594059405942,753.9326732673267,847.4660066006601,58.69933981059718,960.4407590759075,175.19203791993712,910.4157590759077,132.91423111760034,-69.97425742574273,85.75841584158411,-0.0769230769230771,0.11374810892586984,0.8660254037844387,-0.49999999999999983,1.2246467991473532e-16,-1.0,30,120,0,1,0,0,5,0.8800122039735357,-0.47495107206704995,-0.433883739117558,-0.9009688679024191,909.6653465346535,869.1168316831684,712.0475247524753,857.259405940594,1159.2485148514852,786.0396039603961,,,,,954.8739745403111,160.60447925232674,892.5487270155588,131.00709688762603,874.0063696369637,144.98165133743888,858.5027227722773,135.9899452273901,845.7830091937766,137.80580324319115,818.5799504950495,137.73149408452403,818.5799504950495,137.73149408452403,818.5799504950495,137.73149408452403,818.5799504950495,137.73149408452403,-0.033857062136595006,-29.425742574257583,-0.02049358305075355,-17.568316831683205,,,-17.568316831683205,,,2021-04-30
2021,5,2,0,22,0,874.6782178217821,839.6910891089108,909.6653465346535,793.0415841584158,874.6782178217821,869.1168316831684,785.3465346534653,874.6782178217821,34.98712871287203,922.9729372937294,163.1319073547624,917.8600660066007,127.67073048863925,34.98712871287137,89.33168316831689,0.04166666666666674,0.11374810892587006,0.49999999999999994,-0.8660254037844387,1.2246467991473532e-16,-1.0,31,151,0,1,0,0,5,0.5160623910158528,-0.8565509959010036,0.0,1.0,839.6910891089108,921.4732673267326,816.760396039604,1022.8663366336633,745.9158415841583,767.5445544554456,,,,,948.1889674681754,163.1797165969038,896.6857142857143,129.33351381641359,869.0667656765676,142.2334007645651,863.1013790664781,134.20711845558642,847.6961103253183,137.44307166385542,819.3084994213707,136.9716393988992,819.3084994213707,136.9716393988992,819.3084994213707,136.9716393988992,819.3084994213707,136.9716393988992,-0.05078286171090629,-46.7950495049505,-0.14487535028240384,-148.18811881188117,,,-148.18811881188117,,,2021-05-31
2021,6,2,2,26,0,932.990099009901,874.6782178217821,839.6910891089108,909.6653465346535,793.0415841584158,921.4732673267326,837.7029702970298,882.4531353135313,47.132932421279975,870.7907590759074,49.84443756673401,925.8006600660066,125.17082551327523,58.31188118811883,95.28712871287121,0.06666666666666665,0.11374810892586984,1.2246467991473532e-16,-1.0,1.2246467991473532e-16,-1.0,30,181,0,1,0,1,5,0.02581844022713308,-0.9996666485105112,0.9749279121818236,-0.22252093395631434,874.6782178217821,1099.4851485148515,753.9326732673267,1159.2485148514852,676.2970297029703,813.7821782178218,,,,,924.4039603960395,148.96649775762077,909.4755304101839,122.82023055248156,861.5248184818481,131.94227897653596,872.2689886845827,129.6644064034975,849.8248231966054,137.83086060564807,820.7659558263518,136.68673541135388,820.7659558263518,136.68673541135388,820.7659558263518,136.68673541135388,820.7659558263518,136.68673541135388,-0.1514300122469563,-166.49504950495054,-0.19517680026579187,-226.25841584158422,,,-226.25841584158422,,,2021-06-30
2021,7,3,5,30,1,956.3148514851486,932.990099009901,874.6782178217821,839.6910891089108,909.6653465346535,1099.4851485148515,858.6455445544555,921.3277227722774,42.04929551850597,884.3968646864687,61.0095749359546,933.9397689768977,123.57237716071752,23.32475247524758,97.6693069306931,0.025000000000000133,0.11374810892586984,-0.4999999999999998,-0.8660254037844388,-1.0,-1.8369701987210297e-16,31,212,0,1,0,0,5,-0.4862727071086902,-0.8738071036110807,-0.9749279121818236,-0.2225209339563146,932.990099009901,1246.0831683168317,785.3465346534653,745.9158415841583,775.7524752475248,970.990099009901,,,,,883.008486562942,55.81487273345907,921.6875530410183,117.93106294175199,868.5381188118812,131.17483829317774,878.7176449787836,129.1755995131996,849.5627652050919,137.61007453454977,822.4817646321594,136.66129885673496,822.4817646321594,136.66129885673496,822.4817646321594,136.66129885673496,822.4817646321594,136.66129885673496,-0.2325433198998207,-289.76831683168314,0.28206802721088464,210.39900990099022,,,210.39900990099022,,,2021-07-31
2021,8,3,1,35,0,991.3019801980199,956.3148514851486,932.990099009901,874.6782178217821,839.6910891089108,1246.0831683168317,890.0594059405942,960.2023102310231,29.34966990529944,917.4402640264026,55.031918323602184,942.3766501650166,123.76011320088205,34.98712871287137,101.24257425742576,0.03658536585365857,0.11374810892586984,-0.8660254037844384,-0.5000000000000004,-1.0,-1.8369701987210297e-16,31,243,0,1,0,0,5,-0.8631421280499115,-0.5049610547215202,0.7818314824680298,0.6234898018587336,956.3148514851486,874.6782178217821,837.7029702970298,676.2970297029703,716.079207920792,1100.4554455445543,,,,,899.6690240452617,68.80754916371906,932.6589108910891,116.65469475603369,879.0382838283828,127.82059533950796,888.5470297029702,126.79083965824766,847.6135961810467,134.73471599626026,824.5920173267326,137.09906974521553,824.5920173267326,137.09906974521553,824.5920173267326,137.09906974521553,824.5920173267326,137.09906974521553,0.13333333333333353,116.62376237623778,0.4657789945246391,315.00495049504957,,,315.00495049504957,,,2021-08-31
2021,9,3,3,39,0,967.9772277227723,991.3019801980199,956.3148514851486,932.990099009901,874.6782178217821,874.6782178217821,869.1168316831684,971.864686468647,17.814573963990014,927.158910891089,58.428388559397945,950.6150165016501,121.71358414624844,-23.32475247524758,98.86039603960398,-0.02352941176470591,0.11374810892586984,-1.0,-1.8369701987210297e-16,-1.0,-1.8369701987210297e-16,30,273,0,1,0,1,5,-0.9999166586547379,-0.012910296075008843,0.43388373911755823,-0.900968867902419,991.3019801980199,793.0415841584158,858.6455445544555,775.7524752475248,745.9158415841583,730.2475247524752,,,,,924.6598302687411,53.74583691542164,940.4683168316832,114.96612247608375,885.4457755775578,127.28132460011248,896.4777934936352,124.46242088014655,851.8587694483733,134.71470247749818,826.3622051093998,137.1678597051771,826.3622051093998,137.1678597051771,826.3622051093998,137.1678597051771,826.3622051093998,137.1678597051771,0.22058823529411775,174.9356435643565,0.2477913491850774,192.22475247524756,,,192.22475247524756,,,2021-09-30
2021,10,4,6,43,1,1026.289108910891,967.9772277227723,991.3019801980199,956.3148514851486,932.990099009901,793.0415841584158,921.4732673267326,995.1894389438945,29.349669905299248,958.2585808580858,51.85059773624501,959.3496699669968,123.18425182925156,58.311881188118605,104.8158415841583,0.06024096385542155,0.11374810892586984,-0.8660254037844386,0.5000000000000001,-2.4492935982947064e-16,1.0,31,304,0,1,0,0,5,-0.867456354729597,0.4975132889071803,-0.7818314824680299,0.6234898018587334,967.9772277227723,909.6653465346535,890.0594059405942,716.079207920792,795.6435643564356,662.091089108911,,,,,941.3203677510608,65.18224590191728,950.1990099009901,116.13064981793512,895.786105610561,125.63763845716214,904.7151343705799,125.17212942344393,858.3623055162659,134.17684425373434,828.8003380825887,138.09484383394243,828.8003380825887,138.09484383394243,828.8003380825887,138.09484383394243,828.8003380825887,138.09484383394243,0.12820512820512797,116.62376237623744,0.4332061279796471,310.20990099009896,,,310.20990099009896,,,2021-10-31
2021,11,4,1,48,0,1224.549504950495,1026.289108910891,967.9772277227723,991.3019801980199,956.3148514851486,909.6653465346535,1099.4851485148515,1072.938613861386,134.49708396299752,1016.5704620462046,106.73888576386283,969.771699669967,140.22953085953577,198.26039603960407,125.0643564356435,0.19318181818181834,0.11374810892586984,-0.5000000000000004,0.8660254037844384,-2.4492935982947064e-16,1.0,30,334,0,1,0,0,5,-0.5086709438521042,0.8609610158889945,0.7818314824680298,0.6234898018587336,1026.289108910891,839.6910891089108,869.1168316831684,745.9158415841583,815.5346534653465,759.4574257425743,,,,,996.3001414427157,111.22286662374567,975.5870579915133,134.44827271261482,911.7405610561057,135.9192974252933,919.3228076379066,137.62587298428906,866.6675212164074,142.10345809317846,833.5684003340093,143.96033938029956,833.5684003340093,143.96033938029956,833.5684003340093,143.96033938029956,833.5684003340093,143.96033938029956,0.4583333333333335,384.85841584158425,0.6416724738675961,478.6336633663367,,,478.6336633663367,,,2021-11-30
2021,12,4,4,52,0,1387.8227722772276,1224.549504950495,1026.289108910891,967.9772277227723,991.3019801980199,839.6910891089108,1246.0831683168317,1212.8871287128711,181.04876608638318,1092.3759075907592,175.11696433635197,981.5833333333334,168.6987713218886,163.2732673267326,141.73960396039593,0.1333333333333333,0.11374810892586984,-2.4492935982947064e-16,1.0,-2.4492935982947064e-16,1.0,31,365,0,1,0,1,5,6.432490598706546e-16,1.0,-0.433883739117558,-0.9009688679024191,1224.549504950495,874.6782178217821,921.4732673267326,795.6435643564356,845.3712871287129,701.0376237623761,,,,,1069.606506364922,170.83348254152273,1008.8977369165488,172.41897932887844,931.4798679867987,159.44236435911972,938.6960749646394,162.7219983926717,878.9315417256012,156.45989260934476,840.1666666666666,155.34478925902698,840.1666666666666,155.34478925902698,840.1666666666666,155.34478925902698,840.1666666666666,155.34478925902698,0.5866666666666667,513.1445544554455,0.7442770034843205,592.179207920792,,,592.179207920792,,,2021-12-31
2022,1,1,0,5,0,905.8663366336633,1387.8227722772276,1224.549504950495,1026.289108910891,967.9772277227723,874.6782178217821,874.6782178217821,1172.746204620462,245.11872206825623,1083.9678217821781,183.9449861345152,984.1823432343234,167.1350383638544,-481.9564356435643,31.188118811881168,-0.3472752034849087,0.03565667713727816,0.49999999999999994,0.8660254037844387,1.0,6.123233995736766e-17,31,31,0,1,0,0,5,0.5086709438521044,0.8609610158889943,0.0,1.0,1387.8227722772276,932.990099009901,1099.4851485148515,815.5346534653465,825.4801980198021,730.2475247524752,680.2722772277227,,,,1065.731683168317,174.71222681168322,995.0678217821782,172.3591099540537,934.4909240924093,158.02388792272242,941.5670084865629,161.35391170537181,882.0675919377652,155.1803166175775,842.852310231023,154.49492759912292,840.939603960396,154.58169205467993,840.939603960396,154.58169205467993,840.939603960396,154.58169205467993,-0.02907186518380167,-27.123762376237664,0.11076375821000606,90.33168316831677,,,90.33168316831677,,,2022-01-31
2022,2,1,0,9,0,821.3188118811881,905.8663366336633,1387.8227722772276,1224.549504950495,1026.289108910891,932.990099009901,793.0415841584158,1038.3359735973597,305.60241789630766,1055.637293729373,212.01915993942637,986.5387788778879,164.3716515414632,-84.54752475247517,28.277227722772295,-0.09333333333333327,0.03565667713727816,0.8660254037844386,0.5000000000000001,1.0,6.123233995736766e-17,28,59,0,1,0,0,4,0.8498170915275278,0.5270777086423722,0.0,1.0,905.8663366336633,956.3148514851486,1246.0831683168317,845.3712871287129,875.2079207920791,778.9306930693069,616.780198019802,,,,1046.4465346534653,195.0676648018745,964.7275106082037,161.838511079549,933.6891749174918,158.5517710195681,939.6423974540312,162.4921280035767,882.8245226308345,154.77093314762405,845.287293729373,152.4877124716819,840.711455215289,153.68426221910903,840.711455215289,153.68426221910903,840.711455215289,153.68426221910903,-0.14116275554469615,-134.9960396039604,-0.0284519661523146,-24.05247524752474,,,-24.05247524752474,,,2022-02-28
2022,3,1,3,13,0,942.1009900990099,821.3188118811881,905.8663366336633,1387.8227722772276,1224.549504950495,956.3148514851486,909.6653465346535,889.7620462046206,61.98059996020952,1051.3245874587458,214.40859561342427,989.2417491749175,163.2555047172591,120.78217821782175,32.43564356435638,0.1470588235294117,0.03565667713727816,1.0,6.123233995736766e-17,1.0,6.123233995736766e-17,31,90,0,1,0,1,5,0.9997685019798909,0.021516097436222254,0.43388373911755823,-0.900968867902419,821.3188118811881,991.3019801980199,874.6782178217821,825.4801980198021,1044.2821782178216,798.4039603960397,707.4831683168317,,,,1039.4178217821782,198.24631743424058,969.5434229137198,159.9448293896091,937.5765346534653,157.23137877703567,935.9930693069307,161.19729608729932,885.3905410183876,154.536870278629,848.0803630363034,152.08135563506804,841.8768521679754,153.17432451161338,841.8768521679754,153.17432451161338,841.8768521679754,153.17432451161338,-0.04963269627402722,-49.20099009901003,0.14127630482107612,116.62079207920783,,,116.62079207920783,,,2022-03-31
2022,4,2,5,17,1,869.6316831683167,942.1009900990099,821.3188118811881,905.8663366336633,1387.8227722772276,991.3019801980199,839.6910891089108,877.6838283828383,60.79236321839366,1025.21501650165,227.22258139304452,991.736798679868,160.9749903570276,-72.46930693069316,29.940594059405953,-0.07692307692307698,0.03565667713727816,0.8660254037844387,-0.49999999999999983,1.2246467991473532e-16,-1.0,30,120,0,1,0,0,5,0.8800122039735357,-0.47495107206704995,-0.9749279121818236,-0.2225209339563146,942.1009900990099,967.9772277227723,793.0415841584158,875.2079207920791,1183.519801980198,827.6138613861386,653.0613861386138,,,,1025.3684582743988,207.42528628338067,975.0141442715701,154.6661375585444,937.3906600660066,157.31092757044968,924.7827793493634,154.10421155760295,886.1408592644977,154.3531432260172,850.6585808580858,150.56356010401223,842.1922479747974,152.32020545779025,842.1922479747974,152.32020545779025,842.1922479747974,152.32020545779025,-0.10159902706163837,-98.34554455445561,-0.006371329019412619,-5.576237623762381,,,-5.576237623762381,,,2022-04-30
2022,5,2,1,22,0,905.8663366336633,869.6316831683167,942.1009900990099,821.3188118811881,905.8663366336633,967.9772277227723,874.6782178217821,905.8663366336635,36.23465346534513,972.1011551155116,207.7180218216929,994.335808580858,159.154695870753,36.23465346534658,31.188118811881168,0.04166666666666674,0.03565667713727816,0.49999999999999994,-0.8660254037844387,1.2246467991473532e-16,-1.0,31,151,0,1,0,0,5,0.5160623910158528,-0.8565509959010036,0.7818314824680298,0.6234898018587336,869.6316831683167,1026.289108910891,909.6653465346535,1044.2821782178216,785.3465346534653,808.140594059406,680.2722772277227,,,,1008.1652050919378,212.2733074666864,974.7427864214993,154.7928905242125,932.776798679868,156.09286193531196,929.0870579915135,151.73021027771688,887.8859618104667,154.00729716770093,853.3442244224423,149.4959219328669,842.9076871732118,151.60259610464468,842.9076871732118,151.60259610464468,842.9076871732118,151.60259610464468,-0.11733805925800145,-120.42277227722764,-0.13254639835028081,-138.41584158415833,,,-138.41584158415833,,,2022-05-31
2022,6,2,3,26,0,966.2574257425742,905.8663366336633,869.6316831683167,942.1009900990099,821.3188118811881,1026.289108910891,932.990099009901,913.9184818481848,48.81353617515711,901.8402640264026,51.621724584140736,997.1080858085808,158.2763011728516,60.39108910891093,33.26732673267327,0.06666666666666665,0.03565667713727816,1.2246467991473532e-16,-1.0,1.2246467991473532e-16,-1.0,30,181,0,1,0,1,5,0.02581844022713308,-0.9996666485105112,0.43388373911755823,-0.900968867902419,905.8663366336633,1224.549504950495,839.6910891089108,1183.519801980198,712.0475247524753,856.8237623762376,725.6237623762377,,,,971.2663366336634,189.63260693038697,983.7832390381894,149.91785696188288,925.5347194719471,148.9341363586907,938.1659830268742,145.7500467963382,889.8401343705799,154.30000240455996,856.2089108910891,149.32446601866442,844.2782398239824,151.30817757565794,844.2782398239824,151.30817757565794,844.2782398239824,151.30817757565794,-0.2109282459906452,-258.2920792079208,-0.18357308080026435,-217.2623762376238,,,-217.2623762376238,,,2022-06-30
2022,7,3,6,30,1,990.4138613861386,966.2574257425742,905.8663366336633,869.6316831683167,942.1009900990099,1224.549504950495,956.3148514851486,954.1792079207921,43.5486336726576,915.9315181518151,63.18497365172888,999.9496699669967,157.7826733517429,24.15643564356435,34.09900990099004,0.02499999999999991,0.03565667713727816,-0.4999999999999998,-0.8660254037844388,-1.0,-1.8369701987210297e-16,31,212,0,1,0,0,5,-0.4862727071086902,-0.8738071036110807,-0.7818314824680299,0.6234898018587334,966.2574257425742,1387.8227722772276,874.6782178217821,785.3465346534653,816.760396039604,1022.3465346534653,743.7643564356435,680.2722772277227,,,914.4936350777936,57.80504562997439,992.0500707213578,146.59284857191392,932.370297029703,146.97111544634478,944.3678925035362,144.07773068980822,889.2699080622349,153.85978920681328,859.1452145214521,149.51165621924093,847.7242574257425,151.0625125560303,845.8841257752148,151.24305648930593,845.8841257752148,151.24305648930593,-0.2863542224768335,-397.408910891089,0.2611169944528493,205.06732673267334,,,205.06732673267334,310.14158415841587,,2022-07-31
2022,8,3,2,35,0,1026.6485148514853,990.4138613861386,966.2574257425742,905.8663366336633,869.6316831683167,1387.8227722772276,991.3019801980199,994.4399339933994,30.39618160919625,950.1531353135314,56.99417366751238,1002.8952145214521,157.93641502412777,36.234653465346696,35.34653465346537,0.03658536585365879,0.03565667713727816,-0.8660254037844384,-0.5000000000000004,-1.0,-1.8369701987210297e-16,31,243,0,1,0,0,5,-0.8631421280499115,-0.5049610547215202,0.9749279121818236,-0.22252093395631434,990.4138613861386,905.8663366336633,932.990099009901,712.0475247524753,753.9326732673267,1158.659405940594,770.9752475247525,616.780198019802,,,931.7482319660537,71.26099772885725,998.7399575671852,145.82535132429234,942.8569966996699,141.84278411549678,954.1077439886847,139.88419989581837,886.9125707213578,150.63483215712637,862.1889438943895,150.29550193982382,852.2783498349836,150.19768671474196,847.8489560912612,151.58583631778836,847.8489560912612,151.58583631778836,0.13333333333333353,120.78217821782198,0.4418258320726174,314.60099009901,,,314.60099009901,409.8683168316833,,2022-08-31
2022,9,3,4,39,0,1002.4920792079208,1026.6485148514853,990.4138613861386,966.2574257425742,905.8663366336633,905.8663366336633,967.9772277227723,1006.5181518151816,18.449782476158816,960.2183168316832,60.511750745912245,1005.7714521452144,157.55652575821708,-24.156435643564464,34.51485148514848,-0.02352941176470602,0.03565667713727816,-1.0,-1.8369701987210297e-16,-1.0,-1.8369701987210297e-16,30,273,0,1,0,1,5,-0.9999166586547379,-0.012910296075008843,-0.433883739117558,-0.9009688679024191,1026.6485148514853,821.3188118811881,956.3148514851486,816.760396039604,785.3465346534653,730.6188118811881,752.8346534653466,707.4831683168317,,,957.6301272984441,55.66223486978765,1002.0383309759548,145.31327145854863,949.0480528052806,140.19297068561642,961.8629420084865,136.15100612983647,891.7674504950495,149.88528146239432,865.1610561056104,150.57519616207028,855.5562266226622,150.22130605057114,849.5117853720856,151.61018147527807,849.5117853720856,151.61018147527807,0.22058823529411775,181.17326732673268,0.227400451918228,185.73168316831686,,,185.73168316831686,295.00891089108916,,2022-09-30
2022,10,4,0,44,0,1062.8831683168316,1002.4920792079208,1026.6485148514853,990.4138613861386,966.2574257425742,821.3188118811881,1026.289108910891,1030.674587458746,30.396181609196272,992.4268976897689,53.699417759101664,1008.8209570957096,158.34192777846104,60.39108910891082,36.5940594059407,0.06024096385542155,0.03565667713727838,-0.8660254037844386,0.5000000000000001,-2.4492935982947064e-16,1.0,31,304,0,1,0,0,5,-0.867456354729597,0.4975132889071803,0.0,1.0,1002.4920792079208,942.1009900990099,991.3019801980199,753.9326732673267,837.7029702970298,662.4277227722773,798.1861386138613,653.0613861386138,,,974.8847241867043,67.50642819912463,1007.1512729844413,146.16327638981656,959.346402640264,136.66908736214697,969.9050919377652,135.1926005164652,898.9184405940595,148.28891291823106,868.312211221122,151.92040313342451,860.109801980198,150.22557482143395,851.7816937012849,152.3903642306066,851.7816937012849,152.3903642306066,0.1282051282051282,120.78217821782175,0.4097852580265591,308.950495049505,,,308.950495049505,409.82178217821786,,2022-10-31
2022,11,4,2,48,0,1268.2128712871286,1062.8831683168316,1002.4920792079208,1026.6485148514853,990.4138613861386,942.1009900990099,1224.549504950495,1111.1960396039603,139.29280306177102,1052.8179867986798,110.54483975153784,1012.4595709570955,164.1452548747768,205.32970297029692,43.663366336633544,0.19318181818181812,0.03565667713727816,-0.5000000000000004,0.8660254037844384,-2.4492935982947064e-16,1.0,30,334,0,1,0,0,5,-0.5086709438521042,0.8609610158889945,0.9749279121818236,-0.22252093395631434,1062.8831683168316,869.6316831683167,967.9772277227723,785.3465346534653,858.6455445544555,759.8435643564356,952.3811881188118,680.2722772277227,,,1031.8248939179632,115.1887044692311,1028.5966760961808,161.22321402484593,975.4419471947193,143.72210836235448,984.532496463932,144.54244496398684,907.9964639321075,155.02783680262849,872.0721122112211,157.81984493951484,866.6424752475248,155.02421458102776,856.165179781136,157.48394226338124,856.165179781136,157.48394226338124,0.45833333333333326,398.58118811881184,0.6148449319213314,482.8663366336633,,,482.8663366336633,587.9405940594058,,2022-11-30
2022,12,4,5,52,1,1437.3079207920791,1268.2128712871286,1062.8831683168316,1002.4920792079208,1026.6485148514853,869.6316831683167,1387.8227722772276,1256.1346534653464,187.50436348482762,1131.326402640264,181.3610533949536,1016.5833333333334,174.7140089443687,169.09504950495057,49.48514851485152,0.1333333333333333,0.03565667713727816,-2.4492935982947064e-16,1.0,-2.4492935982947064e-16,1.0,31,365,0,1,0,1,5,6.432490598706546e-16,1.0,-0.9749279121818236,-0.2225209339563146,1268.2128712871286,905.8663366336633,1026.289108910891,837.7029702970298,890.0594059405942,701.3940594059405,1079.3653465346533,725.6237623762377,,,1107.7451202263082,176.92483687274265,1057.955162659123,194.71491745534456,995.4287788778878,164.14766660664338,1004.0770862800566,166.60917552750246,921.1377828854314,167.85626135239625,876.3333333333334,167.98900382675856,874.5500770077008,165.5443248607405,862.21875,167.50556791049075,862.21875,167.50556791049075,0.5866666666666667,531.4415841584158,0.7157727401664142,599.6049504950494,,,599.6049504950494,711.6841584158415,,2022-12-31
2023,1,1,1,5,0,939.5049504950495,1437.3079207920791,1268.2128712871286,1062.8831683168316,1002.4920792079208,905.8663366336633,905.8663366336633,1215.0085808580857,253.13034527527464,1122.8415841584158,190.24527894011973,1019.3865511551154,173.0379258261653,-497.8029702970297,33.63861386138615,-0.34634399706271557,0.037134191327157895,0.49999999999999994,0.8660254037844387,1.0,6.123233995736766e-17,31,31,0,1,0,0,5,0.5086709438521044,0.8609610158889943,0.7818314824680298,0.6234898018587336,1437.3079207920791,966.2574257425742,1224.549504950495,858.6455445544555,869.1168316831684,730.6188118811881,693.5643564356435,743.7643564356435,,,1103.9233380480905,180.7383616826801,1037.594837340877,190.81885611846113,998.1240924092409,162.47961326311508,1006.5909476661952,165.02087560577587,924.8678925035362,165.85456676777613,879.2611975483262,166.9049012249261,876.7249724972497,165.09196301630382,863.0155149535572,166.81553339778293,863.0155149535572,166.81553339778293,-0.027686695630789404,-26.752475247524785,0.09417087930334667,80.859405940594,,,80.859405940594,195.7405940594059,,2023-01-31
2023,2,1,1,9,0,851.8178217821783,939.5049504950495,1437.3079207920791,1268.2128712871286,1062.8831683168316,966.2574257425742,821.3188118811881,1076.2102310231023,315.7782676227831,1093.7031353135314,219.12225299060222,1021.9281353135312,170.06263430079917,-87.68712871287119,30.49900990099013,-0.09333333333333327,0.037134191327157895,0.8660254037844386,0.5000000000000001,1.0,6.123233995736766e-17,28,59,0,1,0,0,4,0.8498170915275278,0.5270777086423722,0.7818314824680298,0.6234898018587336,939.5049504950495,990.4138613861386,1387.8227722772276,890.0594059405942,921.4732673267326,779.3267326732673,628.8316831683169,770.9752475247525,,,1084.1239038189533,201.62952791837068,999.3087694483735,167.48957194390874,996.8493729372937,163.50344487872306,1004.103253182461,166.866261922503,926.1623762376238,164.9785549461674,881.9157944365865,164.63166925433987,877.6232233223323,164.72965429588353,862.9012527783391,165.95728671711393,862.9012527783391,165.95728671711393,-0.13993749987503967,-138.59603960396032,-0.04296520423600614,-38.24158415841589,,,-38.24158415841589,80.84257425742578,,2023-02-28
2023,3,1,4,13,0,977.0851485148514,851.8178217821783,939.5049504950495,1437.3079207920791,1268.2128712871286,990.4138613861386,942.1009900990099,922.8026402640263,64.28219941770459,1089.4686468646864,221.4703237514784,1024.8434818481849,168.8654184000119,125.26732673267315,34.984158415841534,0.1470588235294117,0.037134191327157895,1.0,6.123233995736766e-17,1.0,6.123233995736766e-17,31,90,0,1,0,1,5,0.9997685019798909,0.021516097436222254,-0.433883739117558,-0.9009688679024191,851.8178217821783,1026.6485148514853,905.8663366336633,869.1168316831684,1099.4851485148515,798.809900990099,721.3069306930693,752.8346534653466,,,1077.04342291372,204.82909196964434,1004.3958274398867,165.50295002723763,1000.4483168316832,161.77404087035916,999.7318246110325,165.8753036896046,929.3458628005658,164.19460385866046,884.960773220179,163.9894516471839,880.1148954895489,164.51676531056302,864.0546254625461,165.506732826436,864.0546254625461,165.506732826436,-0.04827685972331408,-49.56336633663386,0.12422762152999267,107.96831683168307,,,107.96831683168307,224.25049504950482,,2023-03-31
2023,4,2,6,17,1,901.9247524752475,977.0851485148514,851.8178217821783,939.5049504950495,1437.3079207920791,1026.6485148514853,869.6316831683167,910.2759075907592,63.04983846537625,1062.6422442244225,234.6885216172092,1027.5345709570956,166.4064664662552,-75.16039603960394,32.29306930693076,-0.07692307692307687,0.03713419132715812,0.8660254037844387,-0.49999999999999983,1.2246467991473532e-16,-1.0,30,120,0,1,0,0,5,0.8800122039735357,-0.47495107206704995,-0.7818314824680299,0.6234898018587334,977.0851485148514,1002.4920792079208,821.3188118811881,921.4732673267326,1246.0831683168317,828.0346534653465,665.8217821782177,798.1861386138613,,,1062.6766619519094,214.24034814771142,1010.1533946251767,159.9531127309988,999.7966996699669,162.14206891272195,987.4404526166901,159.57602412054146,930.665328854314,163.6616908122468,887.7715228665724,162.20183372662297,881.2675467546754,164.29956725747272,864.4333267326733,164.71225932801917,864.4333267326733,164.71225932801917,-0.10031732800535698,-100.56732673267334,-0.021214413423187972,-19.54851485148515,,,-19.54851485148515,103.73861386138617,,2023-04-30
2023,5,2,2,22,0,939.5049504950495,901.9247524752475,977.0851485148514,851.8178217821783,939.5049504950495,1002.4920792079208,905.8663366336633,939.5049504950495,37.580198019801486,1007.8575907590758,214.61075078312697,1030.337788778878,164.44230581880743,37.58019801980197,33.63861386138615,0.04166666666666674,0.037134191327157895,0.49999999999999994,-0.8660254037844387,1.2246467991473532e-16,-1.0,31,151,0,1,0,0,5,0.5160623910158528,-0.8565509959010036,0.9749279121818236,-0.22252093395631434,901.9247524752475,1062.8831683168316,942.1009900990099,1099.4851485148515,874.6782178217821,808.5514851485149,693.5643564356435,952.3811881188118,,,1045.0512022630833,219.23738682850595,1009.9679632248939,160.03955497826124,994.4640264026402,161.37936146384035,989.755693069307,158.3449239143653,933.0037835926449,162.81854465008237,890.6993870815653,160.868236777051,881.1244774477448,164.24254322000243,865.1766101362612,164.05677852875877,865.1766101362612,164.05677852875877,-0.11607881420980859,-123.37821782178219,-0.1455046466392912,-159.98019801980206,,,-159.98019801980206,-12.876237623762336,,2023-05-31
2023,6,2,4,26,0,1002.1386138613861,939.5049504950495,901.9247524752475,977.0851485148514,851.8178217821783,1062.8831683168316,966.2574257425742,947.856105610561,50.626187366841265,935.3293729372937,53.538655581485145,1033.3278877887788,163.4946770351652,62.63366336633669,35.881188118811906,0.06666666666666665,0.037134191327157895,1.2246467991473532e-16,-1.0,1.2246467991473532e-16,-1.0,30,181,0,1,0,1,5,0.02581844022713308,-0.9996666485105112,-0.433883739117558,-0.9009688679024191,939.5049504950495,1268.2128712871286,869.6316831683167,1246.0831683168317,793.0415841584158,857.259405940594,739.8019801980198,1079.3653465346533,,,1007.0405940594059,195.92383982472765,1019.4327439886846,154.9385603322922,986.3325412541253,154.25222583552952,997.2234441301272,153.58307133424378,935.5909123055163,162.7441332197753,893.8224422442245,160.4493809452722,880.266402640264,163.39475429335545,866.5193748786644,163.80492324587146,866.5193748786644,163.80492324587146,-0.20980252089359386,-266.0742574257424,-0.19576907918992104,-243.94455445544554,,,-243.94455445544554,-77.22673267326718,,2023-06-30
2023,7,3,0,31,0,1027.1920792079209,1002.1386138613861,939.5049504950495,901.9247524752475,977.0851485148514,1268.2128712871286,990.4138613861386,989.6118811881188,45.16577696749513,949.9438943894389,65.53129655231295,1036.3927392739274,162.96093182570004,25.053465346534722,36.77821782178228,0.025000000000000133,0.03713419132715812,-0.4999999999999998,-0.8660254037844388,-1.0,-1.8369701987210297e-16,31,212,0,1,0,0,5,-0.4862727071086902,-0.8738071036110807,0.0,1.0,1002.1386138613861,1437.3079207920791,905.8663366336633,874.6782178217821,909.6653465346535,1022.8663366336633,758.2970297029703,693.5643564356435,,,948.4526166902405,59.95158925407224,1028.0988684582744,151.4516682562885,991.4163366336634,152.95324851619765,1001.4208274398868,152.70498166703769,935.668157708628,162.78733194528675,897.0235737859499,160.3952900710795,883.9733773377337,162.89519001849337,868.0793040469096,163.7670039283041,868.0793040469096,163.7670039283041,-0.28533610345523563,-410.11584158415826,0.1743656790333079,152.51386138613873,,,152.51386138613873,333.62772277227737,,2023-07-31
2023,8,3,3,35,0,1064.772277227723,1027.1920792079209,1002.1386138613861,939.5049504950495,901.9247524752475,1437.3079207920791,1026.6485148514853,1031.3676567656767,31.524919232687875,985.436303630363,59.11060621701451,1039.569719471947,163.1252302382876,37.58019801980208,38.123762376237664,0.03658536585365857,0.037134191327157895,-0.8660254037844384,-0.5000000000000004,-1.0,-1.8369701987210297e-16,31,243,0,1,0,0,5,-0.8631421280499115,-0.5049610547215202,0.43388373911755823,-0.900968867902419,1027.1920792079209,939.5049504950495,966.2574257425742,793.0415841584158,839.6910891089108,1159.2485148514852,786.0396039603961,628.8316831683169,,,966.3479490806224,73.9072172526843,1035.1356435643563,150.6438105772556,1000.4740264026402,148.78977184910661,1009.4594413012729,149.7721065944529,933.981082036775,160.9067860209294,900.3418198962752,160.9538269392017,888.8171617161715,161.70024899509338,869.9705826351866,164.10742826488823,869.9705826351866,164.10742826488823,0.13333333333333353,125.2673267326735,0.3426436879191783,271.7306930693071,,,271.7306930693071,435.94059405940607,,2023-08-31
2023,9,3,5,39,1,1039.7188118811882,1064.772277227723,1027.1920792079209,1002.1386138613861,939.5049504950495,939.5049504950495,1002.4920792079208,1043.894389438944,19.134900228573905,995.8752475247525,62.75880567565177,1042.6719471947195,162.7094547071582,-25.053465346534722,37.226732673267406,-0.02352941176470591,0.03713419132715812,-1.0,-1.8369701987210297e-16,-1.0,-1.8369701987210297e-16,30,273,0,1,0,1,5,-0.9999166586547379,-0.012910296075008843,-0.9749279121818236,-0.2225209339563146,1064.772277227723,851.8178217821783,990.4138613861386,909.6653465346535,874.6782178217821,745.9158415841583,767.5445544554456,721.3069306930693,,,993.1909476661951,57.72920694913908,1038.6574257425743,150.09319565952296,1004.8091419141914,147.94496064803417,1015.3537482319662,147.5017033246081,939.227563649222,159.4464948320218,903.5819896275342,160.98784273207414,892.3550715071507,161.47722192117254,871.5872324375295,164.1545526178579,871.5872324375295,164.1545526178579,0.22058823529411775,187.90099009900996,0.14296847279273628,130.05346534653472,,,130.05346534653472,318.41188118811897,,2023-09-30
2023,10,4,1,44,0,1102.3524752475246,1039.7188118811882,1064.772277227723,1027.1920792079209,1002.1386138613861,851.8178217821783,1062.8831683168316,1068.9478547854785,31.52491923268766,1029.2798679867985,55.69350221232472,1045.9610561056104,163.55190621228442,62.63366336633635,39.46930693069294,0.060240963855421326,0.037134191327157895,-0.8660254037844386,0.5000000000000001,-2.4492935982947064e-16,1.0,31,304,0,1,0,0,5,-0.867456354729597,0.4975132889071803,0.7818314824680298,0.6234898018587336,1039.7188118811882,977.0851485148514,1026.6485148514853,839.6910891089108,932.990099009901,676.2970297029703,813.7821782178218,665.8217821782177,,,1011.0862800565772,70.01322481968366,1044.0648514851484,150.9882975162516,1013.5645214521452,145.5897235435657,1021.402404526167,147.47164323089635,946.8356966053749,156.81552241745624,907.0173503064592,162.12342664971615,897.2054125412541,161.15209336423402,873.7642630300766,164.9013788210409,873.7642630300766,164.9013788210409,0.1282051282051282,125.26732673267315,0.3128071615209742,262.6613861386138,,,262.6613861386138,436.53069306930684,,2023-10-31
2023,11,4,3,48,0,1315.3069306930693,1102.3524752475246,1039.7188118811882,1064.772277227723,1027.1920792079209,977.0851485148514,1268.2128712871286,1152.459405940594,144.4653286611633,1091.9135313531353,114.64983298110153,1049.8855610561056,169.81487144934056,212.95445544554468,47.0940594059407,0.19318181818181834,0.03713419132715812,-0.5000000000000004,0.8660254037844384,-2.4492935982947064e-16,1.0,30,334,0,1,0,0,5,-0.5086709438521042,0.8609610158889945,0.43388373911755823,-0.900968867902419,1102.3524752475246,901.9247524752475,1002.4920792079208,874.6782178217821,956.3148514851486,775.7524752475248,970.990099009901,693.5643564356435,,,1070.1408769448374,119.46614385971904,1066.4087694483735,166.69214336801292,1028.2521452145215,153.12626611869217,1034.2235502121641,156.9068727382987,956.4705975954739,162.58222936947823,911.1163602074494,168.00634542918502,904.1136633663366,165.58964429544875,877.8908300175812,169.58180163813094,877.8908300175812,169.58180163813094,0.45833333333333326,413.3821782178218,0.5037609304694797,440.6287128712871,,,440.6287128712871,621.7425742574258,,2023-11-30
2023,12,4,6,52,1,1490.6811881188119,1315.3069306930693,1102.3524752475246,1039.7188118811882,1064.772277227723,901.9247524752475,1437.3079207920791,1302.780198019802,194.46718639315066,1173.337293729373,188.09574945101699,1054.3333333333333,181.20187238004368,175.3742574257426,53.37326732673273,0.1333333333333333,0.037134191327157895,-2.4492935982947064e-16,1.0,-2.4492935982947064e-16,1.0,31,365,0,1,0,1,5,6.432490598706546e-16,1.0,-0.7818314824680299,0.6234898018587334,1315.3069306930693,939.5049504950495,1062.8831683168316,932.990099009901,991.3019801980199,716.079207920792,1100.4554455445543,739.8019801980198,,,1148.8803394625177,183.49479761570154,1096.9657708628006,201.56005962587747,1046.8418481848187,173.64057193809708,1052.0585219236211,178.71336467072203,970.3027758132956,174.2877700831599,915.7619047619048,178.37966326469225,912.4567656765678,175.8182241300842,883.5648148148148,178.79089569877777,883.5648148148148,178.79089569877777,0.5866666666666667,551.1762376237624,0.5977459886238221,557.6910891089109,,,557.6910891089109,750.879207920792,,2023-12-31
2024,1,1,2,5,0,862.7227722772277,1490.6811881188119,1315.3069306930693,1102.3524752475246,1039.7188118811882,939.5049504950495,939.5049504950495,1222.9036303630362,324.0165434672739,1145.9257425742574,222.49254063754384,1047.9348184818482,186.891573278999,-627.9584158415842,-76.78217821782175,-0.4212560142615377,-0.0817262092949731,0.49999999999999994,0.8660254037844387,1.0,6.123233995736766e-17,31,31,0,1,0,0,5,0.5086709438521044,0.8609610158889943,0.9749279121818236,-0.22252093395631434,1490.6811881188119,1002.1386138613861,1268.2128712871286,956.3148514851486,967.9772277227723,745.9158415841583,730.2475247524752,758.2970297029703,,,1128.9637906647808,208.00576166903048,1068.0021923620932,204.17634119361006,1043.7221122112212,176.14581663985774,1048.2994342291372,181.6306083025472,972.388613861386,172.2404658714391,917.3389910419613,177.3021005591291,913.6170517051704,175.1326735761787,883.3736034153874,177.9724316632885,883.3736034153874,177.9724316632885,-0.13911832121403733,-139.41584158415844,-0.09786743253288721,-93.59207920792085,,,-93.59207920792085,104.42574257425736,,2024-01-31
2024,2,1,3,9,0,782.2019801980199,862.7227722772277,1490.6811881188119,1315.3069306930693,1102.3524752475246,1002.1386138613861,851.8178217821783,1045.2019801980198,387.89134175251706,1098.8306930693068,268.29688087969913,1042.133498349835,194.4599194398975,-80.52079207920781,-69.61584158415837,-0.09333333333333316,-0.0817262092949731,0.8660254037844386,0.5000000000000001,1.0,6.123233995736766e-17,29,60,0,1,0,0,5,0.8587639582758029,0.5123714121284237,0.43388373911755823,-0.900968867902419,862.7227722772277,1027.1920792079209,1437.3079207920791,991.3019801980199,1026.289108910891,795.6435643564356,662.091089108911,786.0396039603961,,,1093.9652050919378,245.25848484327406,1021.2089108910892,187.4082753061647,1036.7521122112212,182.32035041423083,1039.5820367751062,188.4554076993403,972.148585572843,172.50041956933566,918.7688826025459,175.69585125531972,913.574411441144,175.164548665237,882.4538613861386,177.41659832111054,882.4538613861386,177.41659832111054,-0.238504661366563,-244.99009900990097,-0.21093471432209865,-209.10000000000002,,,-209.10000000000002,-3.837623762376211,,2024-02-29
2024,3,1,6,13,1,897.2316831683169,782.2019801980199,862.7227722772277,1490.6811881188119,1315.3069306930693,1027.1920792079209,977.0851485148514,847.3854785478549,59.02865893415122,1075.0828382838283,280.59945263769333,1035.4790429042905,198.21822910703276,115.02970297029697,-79.85346534653456,0.1470588235294117,-0.08172620929497298,1.0,6.123233995736766e-17,1.0,6.123233995736766e-17,31,91,0,1,0,1,5,0.9999907397361901,0.004303538296244289,-0.7818314824680299,0.6234898018587334,782.2019801980199,1064.772277227723,939.5049504950495,967.9772277227723,1224.549504950495,815.5346534653465,759.4574257425743,767.5445544554456,,,1070.0308345120227,256.49958390853203,1018.1893917963225,189.158332621834,1034.3939273927392,183.69293431446036,1027.8921145685997,186.7005165415388,973.6074611032533,171.49434891702055,920.4090523338048,174.8316713959478,915.0153795379538,174.48185222688403,882.5869949157077,176.6138879748442,882.5869949157077,176.6138879748442,-0.15734875676479898,-167.5405940594061,-0.07308595959523645,-70.74554455445548,,,-70.74554455445548,129.6871287128713,,2024-03-31
2024,4,2,1,18,0,828.2138613861385,897.2316831683169,782.2019801980199,862.7227722772277,1490.6811881188119,1064.772277227723,901.9247524752475,835.8825082508251,57.89701417093972,1029.3930693069308,297.10455830305665,1029.3364686468647,203.79679322333465,-69.01782178217832,-73.71089108910894,-0.07692307692307698,-0.0817262092949732,0.8660254037844387,-0.49999999999999983,1.2246467991473532e-16,-1.0,30,121,0,1,0,0,5,0.8717063187093218,-0.49002866642905923,0.7818314824680298,0.6234898018587336,897.2316831683169,1039.7188118811882,851.8178217821783,1026.289108910891,1387.8227722772276,845.3712871287129,701.0376237623761,813.7821782178218,,,1039.8158415841583,272.61640585991773,1016.5033946251768,190.8528992623024,1027.7914191419143,187.5142723280145,1007.906082036775,176.41262680651877,973.3010785007073,171.74276059176003,921.923055162659,173.45430946569107,915.1757315731573,174.39438127754516,882.1015205091937,175.89158305129055,882.1015205091937,175.89158305129055,-0.203425145412507,-211.50495049504968,-0.19300141237487356,-198.0752475247524,,,-198.0752475247524,14.431683168316795,,2024-04-30
2024,5,2,4,22,0,862.7227722772277,828.2138613861385,897.2316831683169,782.2019801980199,862.7227722772277,1039.7188118811882,939.5049504950495,862.7227722772277,34.508910891087446,953.9623762376237,265.80034155734756,1022.9379537953796,208.0348730525941,34.50891089108916,-76.78217821782175,0.04166666666666674,-0.0817262092949731,0.49999999999999994,-0.8660254037844387,1.2246467991473532e-16,-1.0,31,152,0,1,0,0,5,0.5012418134457758,-0.865307254363206,-0.433883739117558,-0.9009688679024191,828.2138613861385,1102.3524752475246,977.0851485148514,1224.549504950495,905.8663366336633,825.4801980198021,730.2475247524752,970.990099009901,,,1005.5830268741158,278.4379505651947,1008.3346534653466,195.0706507262956,1015.7305280528052,186.05305403022308,1006.3652404526166,177.52180967791696,973.9661244695899,171.23128701684834,923.5001414427156,172.28888704851795,913.9727612761276,174.37846115555485,881.9300271620082,175.1140814444952,881.9300271620082,175.1140814444952,-0.2173802920127611,-239.62970297029688,-0.2954774235018738,-361.8267326732673,,,-361.8267326732673,-108.26732673267327,,2024-05-31
2024,6,2,6,26,1,920.2376237623763,862.7227722772277,828.2138613861385,897.2316831683169,782.2019801980199,1102.3524752475246,1002.1386138613861,870.3914191419141,46.48870098229146,858.8884488448845,49.16314421006071,1016.1128712871287,210.112384797531,57.5148514851486,-81.90099009900985,0.06666666666666687,-0.0817262092949731,1.2246467991473532e-16,-1.0,1.2246467991473532e-16,-1.0,30,182,0,1,0,1,5,0.008606996888688698,-0.9999629591162655,-0.7818314824680299,0.6234898018587334,862.7227722772277,1315.3069306930693,901.9247524752475,1387.8227722772276,821.3188118811881,875.2079207920791,778.9306930693069,1100.4554455445543,,,949.1445544554456,242.9759888488492,1009.6427157001415,194.3623359585761,1000.1443564356435,172.92960723476034,1009.8980551626591,174.6641361565736,974.7702263083451,170.86442320619562,925.1823668081095,171.54857538044908,911.9703410341034,173.24403233358643,882.2660587111343,174.37443309523073,882.2660587111343,174.37443309523073,-0.30036282612950327,-395.06930693069296,-0.3369199280017635,-467.5851485148513,,,-467.5851485148513,-180.21782178217802,,2024-06-30
2024,7,3,2,31,0,943.2435643564356,920.2376237623763,862.7227722772277,828.2138613861385,897.2316831683169,1315.3069306930693,1027.1920792079209,908.7346534653466,41.47454922607898,872.3085808580859,60.17567209490726,1009.1171617161716,211.10515783586416,23.005940594059325,-83.94851485148524,0.02499999999999991,-0.0817262092949732,-0.4999999999999998,-0.8660254037844388,-1.0,-1.8369701987210297e-16,31,213,0,1,0,0,5,-0.5012418134457756,-0.8653072543632061,0.9749279121818236,-0.22252093395631434,920.2376237623763,1490.6811881188119,939.5049504950495,905.8663366336633,942.1009900990099,1044.2821782178216,798.4039603960397,730.2475247524752,,,870.939179632249,55.051973123127205,1009.9097595473833,194.26109950031724,1001.3902640264026,172.36064928559486,1009.9388613861386,174.64784301569574,972.9659653465345,170.65038850852957,926.906647807638,170.9859268744851,914.3369636963697,172.18528637351807,882.7962978906587,173.70104316428547,882.7962978906587,173.70104316428547,-0.3672399089259478,-547.4376237623762,0.04126130557149499,37.37722772277232,,,37.37722772277232,212.9960396039604,,2024-07-31
2024,8,3,5,35,1,977.7524752475248,943.2435643564356,920.2376237623763,862.7227722772277,828.2138613861385,1490.6811881188119,1064.772277227723,947.0778877887789,28.94850708546979,904.9003300330033,54.27972044176964,1001.8655115511551,210.51332905915294,34.50891089108916,-87.01980198019817,0.03658536585365857,-0.0817262092949732,-0.8660254037844384,-0.5000000000000004,-1.0,-1.8369701987210297e-16,31,244,0,1,0,0,5,-0.8717063187093218,-0.4900286664290594,-0.9749279121818236,-0.2225209339563146,943.2435643564356,862.7227722772277,1002.1386138613861,821.3188118811881,869.6316831683167,1183.519801980198,827.6138613861386,662.091089108911,,,887.3719943422914,67.86706054708198,1008.167892503536,194.44538385743118,1006.6047194719471,169.05976397419087,1013.8003182461104,172.61419411936322,969.2915487977369,168.23249324461634,928.6940122583686,170.71999992269187,917.844312431243,170.19282502370126,883.6148856264937,173.16875204717286,883.6148856264937,173.16875204717286,0.1333333333333333,115.02970297029708,0.19046643167472754,156.43366336633665,,,156.43366336633665,315.6613861386138,,2024-08-31
2024,9,3,0,40,0,954.7465346534653,977.7524752475248,943.2435643564356,920.2376237623763,862.7227722772277,862.7227722772277,1039.7188118811882,958.5808580858087,17.57107736765492,914.4861386138614,57.62976638790056,994.7844884488449,210.55340799624025,-23.00594059405944,-84.97227722772288,-0.02352941176470591,-0.0817262092949732,-1.0,-1.8369701987210297e-16,-1.0,-1.8369701987210297e-16,30,274,0,1,0,1,5,-0.9999907397361901,0.004303538296243821,0.0,1.0,977.7524752475248,782.2019801980199,1027.1920792079209,942.1009900990099,905.8663366336633,785.3465346534653,808.140594059406,759.4574257425743,,,912.0212164073552,53.01121769958045,1002.9932107496463,194.8636868926691,1007.0262376237623,168.90908796913106,1015.5460396039604,171.7270761103552,972.3165487977369,166.37759914174492,930.4393210749646,170.22137109226836,920.014191419142,169.3938237192329,884.22284843869,172.54608042533786,884.22284843869,172.54608042533786,0.22058823529411753,172.54455445544545,0.013422705938485935,12.645544554455455,,,12.645544554455455,195.28910891089106,,2024-09-30
2024,10,4,3,44,0,1012.2613861386138,954.7465346534653,977.7524752475248,943.2435643564356,920.2376237623763,782.2019801980199,1102.3524752475246,981.586798679868,28.948507085470197,945.1607260726073,51.14188339414998,987.276897689769,207.9594184511645,57.51485148514848,-90.09108910891075,0.06024096385542155,-0.08172620929497298,-0.8660254037844386,0.5000000000000001,-2.4492935982947064e-16,1.0,31,305,0,1,0,0,5,-0.858763958275803,0.5123714121284235,0.43388373911755823,-0.900968867902419,954.7465346534653,897.2316831683169,1064.772277227723,869.6316831683167,966.2574257425742,712.0475247524753,856.8237623762376,701.0376237623761,,,928.4540311173974,64.29130935465383,999.24243281471,194.0869003289212,1011.7805610561057,166.90387026827315,1017.1890381895333,171.4579023080059,977.6775106082038,162.63338539048027,932.2897689768976,170.2563315623288,923.4722332233222,168.04468345497384,885.3079207920791,172.21096982530108,885.3079207920791,172.21096982530108,0.1282051282051282,115.02970297029697,0.16401162208195585,142.6297029702971,,,142.6297029702971,311.2237623762377,,2024-10-31
2024,11,4,5,48,1,1207.8118811881188,1012.2613861386138,954.7465346534653,977.7524752475248,943.2435643564356,897.2316831683169,1315.3069306930693,1058.2732673267326,132.65872497513416,1002.6755775577558,105.27993673525425,978.3189768976898,194.41926606820098,195.550495049505,-107.49504950495043,0.19318181818181834,-0.0817262092949731,-0.5000000000000004,0.8660254037844384,-2.4492935982947064e-16,1.0,30,335,0,1,0,0,5,-0.4937755501599774,0.8695893893466109,-0.9749279121818236,-0.2225209339563146,1012.2613861386138,828.2138613861385,1039.7188118811882,905.8663366336633,990.4138613861386,816.760396039604,1022.3465346534653,730.2475247524752,,,982.6823196605375,109.7026287829761,1011.249080622348,201.82838610316995,1021.8454125412541,169.38240492839512,1024.9532531824611,175.08444146240868,984.6605728429985,163.98812408772417,934.4976897689769,172.6243868193397,928.778503850385,169.40913687535658,888.0180381063317,174.00952394303712,888.0180381063317,174.00952394303712,0.4583333333333335,379.5980198019803,0.33332240347569475,301.9455445544555,,,301.9455445544555,477.5643564356436,,2024-11-30
2024,12,4,1,1,0,1368.8534653465347,1207.8118811881188,1012.2613861386138,954.7465346534653,977.7524752475248,828.2138613861385,1490.6811881188119,1196.308910891089,178.5741204169797,1077.444884488449,172.72339686388835,968.1666666666666,166.3929302332713,161.04158415841584,-121.82772277227718,0.1333333333333333,-0.0817262092949731,-2.4492935982947064e-16,1.0,-2.4492935982947064e-16,1.0,31,366,0,1,0,1,5,0.017213356155833904,0.9998518392091162,0.7818314824680298,0.6234898018587336,1207.8118811881188,862.7227722772277,1102.3524752475246,966.2574257425742,1026.6485148514853,753.9326732673267,1158.659405940594,778.9306930693069,,,1054.9867043847241,168.49846338122185,1030.2848656294202,222.58258252943918,1035.265280528053,180.41555027141305,1037.1748585572843,186.76141965100678,995.6413012729845,168.775391521796,937.0,177.37110863438122,935.333201320132,174.87062291418326,892.025,178.74998080167532,892.025,178.74998080167532,0.5866666666666667,506.130693069307,0.41665505369292566,402.59603960396043,,,402.59603960396043,589.9227722772278,,2024-12-31
2025,1,1,2,1,0,817.4702970297029,1368.8534653465347,1207.8118811881188,1012.2613861386138,954.7465346534653,862.7227722772277,862.7227722772277,1131.3785478547854,283.5267014041365,1056.4826732673266,198.04401789728348,964.3956270627064,169.4839792989754,-551.3831683168318,-45.252475247524785,-0.40280656934834536,-0.05245309003270793,0.49999999999999994,0.8660254037844387,1.0,6.123233995736766e-17,1,1,1,0,1,0,1,0.017213356155834685,0.9998518392091162,0.9749279121818236,-0.22252093395631434,1368.8534653465347,920.2376237623763,1315.3069306930693,990.4138613861386,1002.4920792079208,785.3465346534653,730.6188118811881,798.4039603960397,,,1040.305657708628,185.7858938333434,994.7251060820369,213.1104066764381,1029.500495049505,184.6123034624798,1030.566937765205,191.25317159149833,996.2149398868459,168.1008838621744,938.0339462517682,176.4040645143106,935.5450495049506,174.71435440458677,891.4088454299975,178.13261883751468,891.4088454299975,178.13261883751468,-0.11167477190566377,-102.76732673267338,-0.1746174716440172,-172.94356435643567,,,-172.94356435643567,19.06633663366324,,2025-01-01
2025,1,1,3,1,0,857.9043117214947,817.4702970297029,1368.8534653465347,1207.8118811881188,1012.2613861386138,920.2376237623763,782.2019801980199,1014.7426913659107,307.334601977863,1036.5079793463217,213.04842469967272,970.7041546896625,163.38502119633003,40.43401469179173,75.70233152347475,0.04946236559139772,0.09678105328282371,0.49999999999999994,0.8660254037844387,1.0,6.123233995736766e-17,2,2,0,0,0,0,1,0.03442161162274574,0.9994074007397048,0.43388373911755823,-0.900968867902419,817.4702970297029,943.2435643564356,1490.6811881188119,1026.6485148514853,1062.8831683168316,837.7029702970298,662.4277227722773,827.6138613861386,,,1028.1143359036364,195.74949674063203,949.5267577679426,160.4214678313229,1023.8756882785053,187.25396159957486,1023.2462643153716,193.87542800628842,996.5756781265684,167.7758998568323,940.3610485011635,173.9974301847522,935.8816100642323,174.53318636621927,891.134218104518,177.42093897007737,891.134218104518,177.42093897007737,-0.09047424849717045,-85.33925263494098,-0.16436414282876655,-168.74420312999064,,,-168.74420312999064,30.290450335356013,,2025-01-02
2025,1,1,4,1,0,898.0792526349409,857.9043117214947,817.4702970297029,1368.8534653465347,1207.8118811881188,943.2435643564356,897.2316831683169,857.8179537953796,40.3045471902407,1027.0634323432344,218.5820386340884,970.7747854785479,163.3505514160157,40.17494091344622,0.8475694666240088,0.046829163071613555,0.000944649506391837,0.49999999999999994,0.8660254037844387,1.0,6.123233995736766e-17,3,3,0,0,0,0,1,0.051619667223253764,0.998666816288476,-0.433883739117558,-0.9009688679024191,857.9043117214947,977.7524752475248,862.7227722772277,1002.4920792079208,1268.2128712871286,858.6455445544555,759.8435643564356,808.140594059406,,,1016.7324469589815,201.40058215141616,952.0522206506365,159.2236544669556,1020.3952607260726,188.63040135203153,1010.0272065063649,189.1141853155775,997.2798514851485,167.26845311562036,942.0067114568599,172.91990878267393,936.8809284928492,174.05037768191224,891.1906817998873,176.69341747761786,891.1906817998873,176.69341747761786,-0.08148608633531107,-79.67322261258391,-0.1041532683784171,-104.41282657297995,,,-104.41282657297995,89.93865857553487,,2025-01-03
2025,1,1,5,1,1,1065.9035451932289,898.0792526349409,857.9043117214947,817.4702970297029,1368.8534653465347,977.7524752475248,828.2138613861385,940.6290365165547,110.33486920500852,1036.0037921856701,218.9522375573512,990.5822591291386,158.8410471408519,167.824292558288,237.68968380709032,0.18687024788279638,0.28699070963299445,0.49999999999999994,0.8660254037844387,1.0,6.123233995736766e-17,4,4,0,0,0,0,1,0.06880242680231986,0.9976303053065857,-0.9749279121818236,-0.2225209339563146,898.0792526349409,954.7465346534653,782.2019801980199,1062.8831683168316,1437.3079207920791,890.0594059405942,701.3940594059405,856.8237623762376,,,1032.6120198932335,200.07647898856547,972.3166181502942,153.9086183615547,1020.4959399552858,188.65466523080934,996.7627645206916,170.1045007782738,1000.4199254003742,166.86909791938663,946.3461100971848,171.3757830366685,939.2040371908158,174.36486651800172,892.5996565046723,176.67174098664893,892.5996565046723,176.67174098664893,0.11642567582621188,111.15701053976352,0.002841682855115879,3.020376876397222,,,3.020376876397222,209.07978281699127,,2025-01-04
2025,1,1,6,1,1,1020.1585180453528,1065.9035451932289,898.0792526349409,857.9043117214947,817.4702970297029,954.7465346534653,862.7227722772277,994.7137719578408,86.75727416629702,1004.7282316618757,202.2693752431628,1003.7019046098158,153.74017821335235,-45.745027147876044,157.43574576812512,-0.0429166666666666,0.18248706401079517,0.49999999999999994,0.8660254037844387,1.0,6.123233995736766e-17,5,5,0,0,0,0,1,0.08596479873744647,0.9962981749346078,-0.7818314824680299,0.6234898018587334,1065.9035451932289,1012.2613861386138,897.2316831683169,1268.2128712871286,939.5049504950495,869.1168316831684,730.6188118811881,1022.3465346534653,,,1033.7401815941962,199.96483725856532,981.0971063557969,152.79799605463475,1012.2274615138934,182.76726319709417,999.6432490760596,169.78158023548997,1003.1170983711274,165.92621554554268,949.7930113610439,169.889889483422,939.1797258951701,174.3532960490651,893.6201273969978,176.32741477224113,893.6201273969978,176.32741477224113,0.007801475009200365,7.897131906738991,-0.19559362537459635,-248.05435324177574,,,-248.05435324177574,-2.1880166081124344,,2025-01-05
2025,1,1,0,2,0,762.7872245289045,1020.1585180453528,1065.9035451932289,898.0792526349409,857.9043117214947,1012.2613861386138,920.2376237623763,949.6164292558287,163.40751415207703,903.7171915256041,117.72288185092727,990.5810380070265,167.6045610097595,-257.3712935164483,-157.45039923347179,-0.25228558989986927,-0.17109754607699956,0.49999999999999994,0.8660254037844387,1.0,6.123233995736766e-17,6,6,0,0,0,0,1,0.10310169744743485,0.9946708199115211,0.0,1.0,1020.1585180453528,1207.8118811881188,828.2138613861385,1437.3079207920791,851.8178217821783,921.4732673267326,779.3267326732673,1158.659405940594,,,970.1652306428798,206.04924349239914,976.4237751517087,158.71942257796496,989.7434383051208,169.69276480395652,996.4635848884428,173.44670722390427,1000.2834190354519,168.67807224213178,949.5961124545635,170.09929216079877,934.7811461017069,173.74652541186225,892.5817710250287,176.00703827124684,892.5817710250287,176.00703827124684,-0.3684552732015235,-445.0246566592143,-0.46929449598486606,-674.5206962631746,,,-674.5206962631746,-395.87218141168955,,2025-01-06
2025,1,1,1,2,0,802.703091664005,762.7872245289045,1020.1585180453528,1065.9035451932289,898.0792526349409,1207.8118811881188,943.2435643564356,861.8829447460874,138.51601690669224,901.2559906313212,120.0186327684554,978.869331949324,175.9172055229605,39.915867135100484,-140.54047269243063,0.05232896652110619,-0.14899701201600013,0.49999999999999994,0.8660254037844387,1.0,6.123233995736766e-17,7,7,0,0,0,0,1,0.1202080448993527,0.9927487224577402,0.7818314824680298,0.6234898018587336,762.7872245289045,1368.8534653465347,862.7227722772277,939.5049504950495,977.0851485148514,1099.4851485148515,798.809900990099,730.6188118811881,,,889.28660583109,114.04643813149038,972.136655107907,162.78531463397445,985.183376344086,172.89719479177137,990.2356542866268,177.2571988042424,994.9837394488297,170.1603637143416,949.6424599625861,170.05823738895893,935.5820825437384,172.95916651544815,891.8740648883278,175.4885303410227,891.8740648883278,175.4885303410227,-0.41359457970850433,-566.1503736825297,-0.1456105779527399,-136.80185883104446,,,-136.80185883104446,72.0842797828169,,2025-01-07
2025,1,1,2,2,0,800.2418907697221,802.703091664005,762.7872245289045,1020.1585180453528,1065.9035451932289,1368.8534653465347,977.7524752475248,788.5774023208772,22.368824966156804,891.645587139359,126.32710099810355,964.0767832428404,183.32687562626253,-2.4612008942829107,-177.5105844778027,-0.0030661410424879243,-0.18154961400927638,0.49999999999999994,0.8660254037844387,1.0,6.123233995736766e-17,8,8,0,0,0,0,2,0.13727877211326478,0.9905324521322229,0.9749279121818236,-0.22252093395631434,802.703091664005,817.4702970297029,920.2376237623763,851.8178217821783,901.9247524752475,1246.0831683168317,828.0346534653465,662.4277227722773,,,886.825404936807,116.02335742174867,963.5655313227174,168.77694995224365,983.4641786436708,174.51786508291949,986.6041235114296,180.15144273319618,987.0222880640598,168.62136911163051,949.311593740019,170.3245172061918,937.1133510770431,171.11387741190424,891.1581885280261,174.9838039178944,891.1581885280261,174.9838039178944,-0.02107526881720434,-17.22840625998083,-0.060548076940382334,-51.57593101245618,,,-51.57593101245618,137.81416799744477,,2025-01-08
2025,1,1,3,2,0,839.7691472373043,800.2418907697221,802.703091664005,762.7872245289045,1020.1585180453528,817.4702970297029,954.7465346534653,814.2380432236772,22.14480371501177,881.9272362397529,127.96544622114243,954.4953342914937,186.82998140220155,39.52725646758222,-114.97738741616104,0.04939413560262684,-0.12042713248275183,0.49999999999999994,0.8660254037844387,1.0,6.123233995736766e-17,9,9,0,0,0,0,2,0.15430882066428117,0.9880226656636976,0.43388373911755823,-0.900968867902419,800.2418907697221,857.9043117214947,943.2435643564356,977.0851485148514,939.5049504950495,874.6782178217821,808.5514851485149,759.8435643564356,,,884.2346671533512,116.97535004190975,956.1745015284939,171.97078122320335,978.8869786010858,176.4806445359103,983.0421305379385,182.0927279587286,986.3989118036227,169.10807047771695,949.6832325744095,170.04751831016148,938.0014131090528,170.38939846363027,890.7598238668578,174.35764876600723,890.7598238668578,174.35764876600723,-0.021138912855910297,-18.13516448419034,-0.1405363713554182,-137.31600127754712,,,-137.31600127754712,79.92558288086866,,2025-01-09
2025,1,1,4,2,0,879.037329926541,839.7691472373043,800.2418907697221,802.703091664005,762.7872245289045,857.9043117214947,1012.2613861386138,839.6827893111891,39.397790563018525,850.7828670286384,91.88799272362562,943.3933296071542,187.04345655460068,39.26818268923671,-133.2240562120728,0.04676068752754525,-0.13161033112235088,0.49999999999999994,0.8660254037844387,1.0,6.123233995736766e-17,10,10,0,0,0,0,2,0.1712931441814776,0.9852201067560606,-0.433883739117558,-0.9009688679024191,839.7691472373043,898.0792526349409,977.7524752475248,901.9247524752475,1002.1386138613861,793.0415841584158,857.259405940594,701.3940594059405,,,881.5143924807227,116.82104234796788,949.1234197198521,173.03841957924234,978.124064516129,176.87385198181394,978.645656111694,183.09789668122875,987.9345501209108,167.7049393366508,949.9424935742421,169.92146264483407,939.9752272259483,168.6376269596912,890.6696508365476,173.6835721940776,890.6696508365476,173.6835721940776,-0.021202942449156215,-19.041922708399852,-0.025376199606335303,-22.887422548706468,,,-22.887422548706468,177.64327052060048,,2025-01-10
2025,1,1,5,2,1,1043.2345895879912,879.037329926541,839.7691472373043,800.2418907697221,802.703091664005,898.0792526349409,1207.8118811881188,920.6803555839455,107.9358733098854,854.6288789524114,100.47668341093353,929.6785553071436,171.2605052926426,164.19725966145018,-164.57729160012764,0.1867921350679973,-0.13626069933857066,0.49999999999999994,0.8660254037844387,1.0,6.123233995736766e-17,11,11,0,0,0,0,2,0.1882267098432442,0.9821256058680006,-0.9749279121818236,-0.2225209339563146,879.037329926541,1065.9035451932289,954.7465346534653,939.5049504950495,1027.1920792079209,909.6653465346535,1022.8663366336633,730.6188118811881,,,878.275970251403,111.0282144893995,955.4439950723183,174.86606477082597,981.5817191525604,177.10660233915516,979.2186029109823,183.28044261232876,990.3197151754347,167.52126099688084,950.1849727760795,170.04126987382767,943.4487358671352,167.49262250502,891.8342686896121,173.52699235714385,891.8342686896121,173.52699235714385,-0.021267361111110827,-22.66895560523767,0.11040882651899153,103.72963909294174,,,103.72963909294174,312.6157777068031,,2025-01-11
2025,1,1,6,2,1,998.3963206643244,1043.2345895879912,879.037329926541,839.7691472373043,800.2418907697221,1065.9035451932289,1368.8534653465347,973.5560800596189,84.87027268164782,893.8970616416481,103.40219178059502,898.8071265836261,105.76249366748237,-44.83826892366676,-370.45714468221024,-0.042980044345898194,-0.2706331642214358,0.49999999999999994,0.8660254037844387,1.0,6.123233995736766e-17,12,12,0,0,0,0,2,0.2051044998686192,0.9787400799669153,-0.7818314824680299,0.6234898018587334,1043.2345895879912,1020.1585180453528,1012.2613861386138,1002.1386138613861,1064.772277227723,839.6910891089108,1159.2485148514852,779.3267326732673,,,875.1670849112561,106.61001478491434,954.4536332527261,174.55851626853928,981.4569760459916,177.0929414323918,976.848033033718,182.56074201923292,993.1537371674956,166.26441062237035,948.2700657024228,168.5577920856265,945.8828424003691,166.6705106347981,892.6415569621478,173.1120553255404,892.6415569621478,173.1120553255404,-0.021332172398780935,-21.762197381028386,-0.003734306956441946,-3.742293197061713,,,-3.742293197061713,219.06958799105712,,2025-01-12
2025,1,1,0,3,0,746.4655764931332,998.3963206643244,1043.2345895879912,879.037329926541,839.7691472373043,1020.1585180453528,817.4702970297029,929.3654955818162,159.97469453636378,884.5241424465027,115.19779450365871,892.8900665389119,112.49843820395664,-251.93074417119124,-71.00472053656972,-0.25233540925266895,-0.08685908319185054,0.49999999999999994,0.8660254037844387,1.0,6.123233995736766e-17,13,13,0,0,0,0,2,0.22192151300416552,0.9750645322571948,0.0,1.0,998.3963206643244,762.7872245289045,1207.8118811881188,1027.1920792079209,1039.7188118811882,874.6782178217821,745.9158415841583,798.809900990099,,,872.8354209061459,109.61368540238043,921.5003257745128,166.40648243418642,972.0994259554988,181.94331564621575,966.3747031984303,187.17386112697372,990.8642257151981,168.78911203576666,948.276610165625,168.54985126103256,945.3012387948473,167.27970969248955,891.5424894398244,172.92024840175202,891.5424894398244,172.92024840175202,-0.021397379912663772,-16.321648035771318,-0.27329504227803136,-280.72650271478767,,,-280.72650271478767,-52.34432449696578,,2025-01-13
2025,1,1,1,3,0,785.4746854040242,746.4655764931332,998.3963206643244,1043.2345895879912,879.037329926541,762.7872245289045,857.9043117214947,843.445527520494,135.6013969929217,882.0629415522197,117.4934987360453,886.8542643457895,116.42077866259673,39.00910891089097,-72.42962631747048,0.05225841638157558,-0.08442622950819678,0.49999999999999994,0.8660254037844387,1.0,6.123233995736766e-17,14,14,0,0,0,0,2,0.2386727660059501,0.9711000518829505,0.7818314824680298,0.6234898018587336,746.4655764931332,802.703091664005,1368.8534653465347,1064.772277227723,1102.3524752475246,932.990099009901,676.2970297029703,828.0346534653465,,,870.3742200118629,111.62579756982826,879.8304129214765,108.85888062508036,962.7895062280421,184.1699020118752,955.0576392754482,188.2244721318039,988.2300219008076,170.84729502008378,949.5763441620659,166.83954554537414,944.8283502608324,167.67463016447314,890.7509386634378,172.51245668365672,890.7509386634378,172.51245668365672,-0.021462987297415692,-17.22840625998083,-0.26230734758692953,-279.2975918236988,,,-279.2975918236988,-42.559968061322365,,2025-01-14
2025,1,1,2,3,0,783.0134845097413,785.4746854040242,746.4655764931332,998.3963206643244,1043.2345895879912,802.703091664005,898.0792526349409,771.6512488022996,21.8461196716678,872.6036644309592,123.70026158994327,877.265450335356,120.09289498846135,-2.4612008942829107,-115.06576812519961,-0.003133393017009767,-0.12812429168984774,0.49999999999999994,0.8660254037844387,1.0,6.123233995736766e-17,15,15,0,0,0,0,3,0.255353295116187,0.9668478136052775,0.9749279121818236,-0.22252093395631434,785.4746854040242,800.2418907697221,817.4702970297029,1039.7188118811882,1315.3069306930693,956.3148514851486,775.7524752475248,808.5514851485149,,,867.9130191175799,113.60227699614356,877.3692120271934,110.75032731938116,954.2326619823272,186.42209649795282,936.0471590546151,177.04034764476063,985.1353546333896,172.99200406696235,949.662784748521,166.75025838247208,944.5445946981796,167.92925820432978,889.9528834474845,172.11750204042838,889.9528834474845,172.11750204042838,-0.02152899824253074,-17.22840625998083,-0.24689880036601808,-256.70532737144697,,,-256.70532737144697,-25.53800063877361,,2025-01-15
2025,1,1,3,3,0,821.633982753114,783.0134845097413,785.4746854040242,746.4655764931332,998.3963206643244,800.2418907697221,1065.9035451932289,796.7073842222932,21.62211514162926,863.0364399020547,125.31248882263486,856.9096534653464,104.9604104815434,38.62049824337271,-244.2695624401149,0.049322903126698625,-0.22916666666666663,0.49999999999999994,0.8660254037844387,1.0,6.123233995736766e-17,16,16,0,0,0,0,3,0.2719581575341055,0.9623090774541486,0.43388373911755823,-0.900968867902419,783.0134845097413,839.7691472373043,857.9043117214947,1102.3524752475246,1490.6811881188119,991.3019801980199,716.079207920792,857.259405940594,,,865.3222813341242,114.55388270651136,874.7784742437377,111.6611706989558,944.8753788991802,185.77506904381008,912.1526160058403,140.86420808286425,982.1055689647307,174.3623945371199,950.9193892108104,165.36073330304532,944.148756662763,168.17911783654424,889.4505385894377,171.57888536031632,889.4505385894377,171.57888536031632,-0.021595416483032204,-18.13516448419034,-0.25465402291710504,-280.7184924944106,,,-280.7184924944106,-35.62542318748001,,2025-01-16
2025,1,1,4,3,0,859.9954072181413,821.633982753114,783.0134845097413,785.4746854040242,746.4655764931332,839.7691472373043,1020.1585180453528,821.5476248269988,38.49103401103859,832.4965761737463,89.95318153895668,843.562727563079,91.65409794442522,38.36142446502731,-160.16311082721154,0.046689189189189406,-0.1569982585981713,0.49999999999999994,0.8660254037844387,1.0,6.123233995736766e-17,17,17,0,0,0,0,3,0.288482432880609,0.9574851883550393,-0.433883739117558,-0.9009688679024191,821.633982753114,879.037329926541,898.0792526349409,1315.3069306930693,862.7227722772277,967.9772277227723,745.9158415841583,1022.8663366336633,,,862.6020066614956,114.39990241015384,872.0581995711092,111.51365415572737,929.6983281166827,172.60016591905259,912.0552101108727,140.900592423641,980.177322170005,175.1169230467958,952.2774792778816,164.12058714919021,942.3390796692571,168.1988450120388,889.235537630523,170.96543872837296,889.235537630523,170.96543872837296,-0.021662245800176727,-19.04192270839974,-0.3461637073827418,-455.311523474928,,,-455.311523474928,-162.87092941552203,,2025-01-17
2025,1,1,5,3,1,1020.5656339827532,859.9954072181413,821.633982753114,783.0134845097413,785.4746854040242,879.037329926541,762.7872245289045,900.7316746513361,105.53688018190245,836.1914617268179,98.20713472302222,865.044261684233,100.75762171138379,160.5702267646119,257.77840945384867,0.1867105631226733,0.33794274623968956,0.49999999999999994,0.8660254037844387,1.0,6.123233995736766e-17,18,18,0,0,0,0,3,0.30492122465628907,0.9523775757303974,-0.9749279121818236,-0.2225209339563146,859.9954072181413,1043.2345895879912,1065.9035451932289,1490.6811881188119,782.2019801980199,1026.289108910891,795.6435643564356,1159.2485148514852,,,859.363584432176,108.60861838175391,868.8197773417895,105.97185859310301,914.0278096454807,137.73060218483883,920.5681977460418,139.96214322249233,980.075117260574,175.0911894592055,954.9551229639093,163.36738474555472,940.7981587707158,166.81894146556158,890.1872049953943,170.70680161735993,890.1872049953943,170.70680161735993,-0.02172949002217306,-22.66895560523801,-0.31536961617482295,-470.1155541360587,,,-470.1155541360587,-138.682880868732,,2025-01-18
2025,1,1,6,3,1,976.634123283296,1020.5656339827532,859.9954072181413,821.633982753114,783.0134845097413,1043.2345895879912,802.703091664005,952.3983881613968,82.98329695477204,874.552886191845,101.0613872205527,879.5385143191739,103.44869482947426,-43.931510699457135,173.93103161929105,-0.04304623753399828,0.21668165156649843,0.49999999999999994,0.8660254037844387,1.0,6.123233995736766e-17,19,19,0,0,0,0,3,0.3212696616923644,0.9469877530760753,-0.7818314824680299,0.6234898018587334,1020.5656339827532,998.3963206643244,1020.1585180453528,862.7227722772277,897.2316831683169,1224.549504950495,815.5346534653465,745.9158415841583,,,856.254699092029,104.18702197057891,865.7108920016426,101.74464982268714,917.8248546790163,137.83756828439587,923.4039991787197,140.27584821515336,975.6480568736597,171.90258511361344,956.8729737950753,162.65499914804275,943.3616952340395,165.5584833594524,890.8091252708468,170.24514649309774,890.8091252708468,170.24514649309774,-0.02179715302491103,-21.762197381028386,0.13203702819318197,113.91135100606834,,,113.91135100606834,230.71828169913772,,2025-01-19
2025,1,1,0,4,0,730.1439284573619,976.634123283296,1020.5656339827532,859.9954072181413,821.633982753114,998.3963206643244,800.2418907697221,909.1145619078037,156.5418798159885,865.3310933674012,112.67279385521165,873.6970174598105,110.09882661125293,-246.49019482593417,-70.09796231236021,-0.252387448840382,-0.08759596707057615,0.49999999999999994,0.8660254037844387,1.0,6.123233995736766e-17,20,20,0,0,0,0,3,0.3375228995941133,0.9413173175128471,0.0,1.0,976.634123283296,746.4655764931332,762.7872245289045,782.2019801980199,828.2138613861385,1387.8227722772276,845.3712871287129,676.2970297029703,,,853.9230350869187,107.19284157721893,863.3792279965322,104.61823126093176,916.089586287661,139.91584822847776,919.9015015741205,143.91770666729252,963.9037918054479,165.58094744706528,955.5012195251783,164.08626941670423,943.9599941090883,164.67746752562587,889.6615167221792,170.17425456711428,889.6615167221792,170.17425456711428,-0.021865238732708625,-16.321648035771318,-0.06655320883677529,-52.058051740658016,,,-52.058051740658016,53.84689875439153,,2025-01-20
2025,1,1,1,4,0,768.2462791440433,730.1439284573619,976.634123283296,1020.5656339827532,859.9954072181413,746.4655764931332,839.7691472373043,825.0081102949003,132.68678586441982,862.8698924731184,114.96844762053995,867.7367784520387,113.97038382367353,38.10235068668146,-71.52286809326097,0.05218471208434705,-0.08516967827236677,0.49999999999999994,0.8660254037844387,1.0,6.123233995736766e-17,21,21,0,0,0,0,3,0.3536761221763716,0.9353679493131483,0.7818314824680298,0.6234898018587336,730.1439284573619,785.4746854040242,802.703091664005,897.2316831683169,862.7227722772277,905.8663366336633,825.4801980198021,775.7524752475248,,,851.4618341926359,109.20527999909284,860.9180271022494,106.5430737587436,911.7900728201853,142.47375335475215,916.5273411050783,146.3941142375851,961.4462907788475,167.46848133773483,954.8198633480858,164.75016376759322,943.8765919301607,164.76549197729585,888.8004157464476,169.87341086538018,888.8004157464476,169.87341086538018,-0.021933751119068923,-17.22840625998083,-0.14375930592285646,-128.98540402427352,,,-128.98540402427352,-7.506196103481443,,2025-01-21
2025,1,1,2,4,0,765.7850782497604,768.2462791440433,730.1439284573619,976.634123283296,1020.5656339827532,785.4746854040242,879.037329926541,754.7250952837218,21.3234542082015,853.5617417225593,121.0734740736888,858.299090812307,117.5814377793133,-2.4612008942829107,-113.25225167678059,-0.0032036613272310444,-0.12883668056081854,0.49999999999999994,0.8660254037844387,1.0,6.123233995736766e-17,22,22,0,0,0,0,4,0.3697245428906731,0.9291414114031743,0.9749279121818236,-0.22252093395631434,768.2462791440433,783.0134845097413,800.2418907697221,828.2138613861385,920.2376237623763,821.3188118811881,875.2079207920791,716.079207920792,,,849.0006332983528,111.18129822034722,858.4568262079664,108.43375313875453,909.7091133823059,144.1822248611123,911.0111787653419,149.13340644096246,960.4546169640006,168.47474057678653,953.5172104606775,165.81637088717713,944.4288793782605,164.07520476956324,887.934110552809,169.58444841006553,887.934110552809,169.58444841006553,-0.022002694207453932,-17.22840625998083,-0.0753776120480455,-62.428783136378115,,,-62.428783136378115,49.705870328968444,,2025-01-22
2025,1,1,3,4,0,803.4988182689237,765.7850782497604,768.2462791440433,730.1439284573619,976.634123283296,783.0134845097413,1043.2345895879912,779.1767252209092,21.099467650571263,844.1456435643564,122.6595756125277,838.3211098690514,102.73170445624805,37.71374001916331,-239.73577131906745,0.04924846551640827,-0.2298004434589801,0.49999999999999994,0.8660254037844387,1.0,6.123233995736766e-17,23,23,0,0,0,0,4,0.38566340624360707,0.9226395488404876,0.43388373911755823,-0.900968867902419,765.7850782497604,821.633982753114,839.7691472373043,862.7227722772277,943.2435643564356,942.1009900990099,1044.2821782178216,745.9158415841583,,,846.4098955148971,112.13249944956448,855.8660884245107,109.3440621427728,907.7349815820291,145.24923878461502,906.0202949765022,150.34816383380348,957.9795781813203,169.76244488092073,950.6507418898573,166.3088922989085,945.0686902303133,163.4033024961658,887.3436539634113,169.1337138393589,887.3436539634113,169.1337138393589,-0.022072072072071958,-18.135164484190227,-0.06864772312892298,-59.22395400830396,,,-59.22395400830396,57.58297668476541,,2025-01-23
2025,1,1,4,4,0,840.9534845097414,803.4988182689237,765.7850782497604,768.2462791440433,730.1439284573619,821.633982753114,998.3963206643244,803.4124603428086,37.58427753974747,814.2102853188545,88.01849835995894,825.2008735228361,89.65033243819931,37.45466624081769,-157.442836154583,0.04661446338093045,-0.15769572953736632,0.49999999999999994,0.8660254037844387,1.0,6.123233995736766e-17,24,24,0,0,0,0,4,0.401487989205973,0.9158642882672872,-0.433883739117558,-0.9009688679024191,803.4988182689237,859.9954072181413,879.037329926541,920.2376237623763,977.7524752475248,869.6316831683167,1183.519801980198,795.6435643564356,,,843.6896208422686,111.97886082470795,853.1458137518821,109.19689057249649,905.0921769402746,145.73438515235165,901.1346167358672,150.15340652106826,957.4674674909887,170.0767683719651,946.5725714437804,164.72233668645106,945.5721337875723,163.00707200363314,887.0215000088718,168.58562953284124,887.0215000088718,168.58562953284124,-0.022141888838680512,-19.041922708399852,-0.08615615924122177,-79.28413925263487,,,-79.28413925263487,45.309920153305825,,2025-01-24
2025,1,1,5,4,1,997.8966783775152,840.9534845097414,803.4988182689237,765.7850782497604,768.2462791440433,859.9954072181413,746.4655764931332,880.7829937187267,103.13789001415195,817.7540445012243,95.93760341873912,846.1534653465346,98.51878636518553,156.94319386777374,251.43110188438197,0.18662529706891973,0.336828796668154,0.49999999999999994,0.8660254037844387,1.0,6.123233995736766e-17,25,25,0,0,0,0,4,0.4171936026123168,0.9088176373395029,-0.9749279121818236,-0.2225209339563146,840.9534845097414,1020.5656339827532,1043.2345895879912,943.2435643564356,954.7465346534653,905.8663366336633,785.3465346534653,815.5346534653465,,,840.4511986129488,106.18919636593166,849.9073915225624,103.65762380609095,906.913947407644,146.5669672941641,902.6756932974404,150.94337782905478,959.1108664507003,170.013715730717,949.102930297638,163.84604519866878,947.5983785088185,162.5051353778783,887.7861564114141,168.25138052752146,887.7861564114141,168.25138052752146,-0.022212148685403554,-22.66895560523801,0.057941677087792964,54.653114021079546,,,54.653114021079546,182.36202491216864,,2025-01-25
2025,1,1,6,4,1,954.8719259022675,997.8966783775152,840.9534845097414,803.4988182689237,765.7850782497604,1020.5656339827532,785.4746854040242,931.2406962631748,81.09634878369114,855.2087107420421,98.72060329645646,860.2699020547216,101.13535837130787,-43.024752475247624,169.39724049824338,-0.04311543810848406,0.21566225321585075,0.49999999999999994,0.8660254037844387,1.0,6.123233995736766e-17,26,26,0,0,0,0,4,0.4327755925504312,0.901501684131884,-0.7818314824680299,0.6234898018587334,997.8966783775152,976.634123283296,998.3963206643244,977.7524752475248,1012.2613861386138,966.2574257425742,712.0475247524753,845.3712871287129,,,837.342313272802,101.76404918101342,846.7985061824155,99.42798619244002,906.1512624294687,146.2448137808347,900.6260697175707,149.78542494660297,958.9075539535521,170.01182178168105,951.9936969779928,161.7418279377441,948.8150522729692,162.14066901670864,888.2456479832695,167.76209695297337,888.2456479832695,167.76209695297337,-0.022282855843565375,-21.7621973810285,-0.02340116739613962,-22.880549345257236,,,-22.880549345257236,109.50063877355467,,2025-01-26
2025,1,1,0,5,0,713.8222804215906,954.8719259022675,997.8966783775152,840.9534845097414,803.4988182689237,976.634123283296,783.0134845097413,888.8636282337911,153.10907032022257,846.1380442882997,110.14788586796811,854.503968380709,107.69965298261839,-241.049645480677,-69.1912040881507,-0.2524418604651162,-0.08836527781060188,0.49999999999999994,0.8660254037844387,1.0,6.123233995736766e-17,27,27,0,0,0,0,4,0.4482293417404106,0.893918596519257,0.0,1.0,954.8719259022675,730.1439284573619,746.4655764931332,954.7465346534653,1207.8118811881188,990.4138613861386,816.760396039604,825.4801980198021,,,835.0106492676917,104.77211655428684,844.4668421773052,102.30305068644518,898.1204539550729,150.04975513556295,882.983583975909,141.10417922416644,953.968418579185,173.07009066935018,950.7682432206354,163.16250311788485,947.5744087441003,163.5163353607619,887.0590944624416,167.8043976828581,887.0590944624416,167.8043976828581,-0.02235401459854014,-16.321648035771318,-0.25234368022013365,-240.92425423187478,,,-240.92425423187478,-111.6579175982115,,2025-01-27
2025,1,1,1,5,0,751.0178728840625,713.8222804215906,954.8719259022675,997.8966783775152,840.9534845097414,730.1439284573619,821.633982753114,806.5706930693069,129.77218411312347,843.6768433940169,112.44348500793039,848.6192925582882,111.5203816960272,37.19559246247195,-70.61610986905146,0.05210763726862644,-0.08594594594594596,0.49999999999999994,0.8660254037844387,1.0,6.123233995736766e-17,28,28,0,0,0,0,4,0.4635502709028509,0.886070621534138,0.7818314824680298,0.6234898018587336,713.8222804215906,768.2462791440433,785.4746854040242,1012.2613861386138,1368.8534653465347,1026.6485148514853,753.9326732673267,875.2079207920791,,,832.5494483734088,106.78489378287479,842.0056412830223,104.22782534879713,889.4123368465878,150.77604073383975,860.9180271022493,106.3350808858506,949.0464428297668,174.8754869200877,950.7335432160728,163.2051731430337,946.1945193229001,164.6539400072072,886.1398970193445,167.6061199821598,886.1398970193445,167.6061199821598,-0.022425629290617866,-17.22840625998083,-0.25807910568543413,-261.2435132545513,,,-261.2435132545513,-124.1900479080166,,2025-01-28
2025,1,1,2,5,0,748.5566719897796,751.0178728840625,713.8222804215906,954.8719259022675,997.8966783775152,768.2462791440433,859.9954072181413,737.7989417651443,20.800831578276508,834.5198190141595,118.44674190175292,839.3327312892579,115.07032643235864,-2.4612008942829107,-111.43873522836168,-0.003277153558052359,-0.12958061670217125,0.49999999999999994,0.8660254037844387,1.0,6.123233995736766e-17,29,29,0,0,0,0,5,0.47873384011578846,0.8779600847008882,0.9749279121818236,-0.22252093395631434,751.0178728840625,765.7850782497604,783.0134845097413,1207.8118811881188,817.4702970297029,1002.4920792079208,785.3465346534653,1044.2821782178216,,,830.0882474791259,108.76042788245472,839.5444403887394,106.11769397289663,874.1038298733098,140.28303363319546,858.4568262079664,108.15982569151106,944.5118819865858,176.74672184250304,950.2955686605526,163.7029553687921,942.9086803648107,165.6224113611586,885.2165196701527,167.4187658305779,885.2165196701527,167.4187658305779,-0.022497704315886158,-17.22840625998083,-0.38023736672185415,-459.25520919833923,,,-459.25520919833923,-295.72550622804204,,2025-01-29
2025,1,1,3,5,0,785.3636537847334,748.5566719897796,751.0178728840625,713.8222804215906,954.8719259022675,765.7850782497604,1020.5656339827532,761.6460662195251,20.576864372281257,825.2548472266582,120.00670952135697,819.7325662727562,100.50340517145573,36.8069817949538,-235.20198019801978,0.04917060146844343,-0.23046237533998182,0.49999999999999994,0.8660254037844387,1.0,6.123233995736766e-17,30,30,0,0,0,0,5,0.4937755501599772,0.869589389346611,0.43388373911755823,-0.900968867902419,748.5566719897796,803.4988182689237,821.633982753114,1368.8534653465347,857.9043117214947,1062.8831683168316,837.7029702970298,1183.519801980198,,,827.4975096956701,109.7112058380346,836.9537026052836,107.02744108809883,854.6541694879164,105.44642284162761,855.8660884245106,109.03875727651265,939.5561763699412,177.2573011502734,949.6724815592157,164.23541038036277,938.4847231626388,164.43655918536476,884.5508338975833,167.05507894353903,884.5508338975833,167.05507894353903,-0.02257024412713038,-18.13516448419034,-0.4262617046552071,-583.4898115618013,,,-583.4898115618013,-398.15614819546465,,2025-01-30
2025,1,1,4,5,0,821.9115618013416,785.3636537847334,748.5566719897796,751.0178728840625,713.8222804215906,803.4988182689237,976.634123283296,785.2772958586182,36.677521155129234,795.9239944639626,86.0839518171758,806.8390194825934,87.64702235509318,36.547908016608176,-154.72256148195447,0.04653628652214903,-0.15842428376534767,0.49999999999999994,0.8660254037844387,1.0,6.123233995736766e-17,31,31,0,1,0,0,5,0.5086709438521044,0.8609610158889943,-0.433883739117558,-0.9009688679024191,785.3636537847334,840.9534845097414,859.9954072181413,817.4702970297029,898.0792526349409,1268.2128712871286,858.6455445544555,785.3465346534653,,,824.7772350230415,109.55792411188476,834.233427932655,106.88063011698176,854.8022116469712,105.39552354320907,853.1458137518821,108.89664272148116,931.5865101291236,172.1720310066751,949.2351722407263,164.52935055612411,938.8910012420597,164.09876922040988,884.136004281052,166.5753123866699,884.136004281052,166.5753123866699,-0.02264325323475047,-19.041922708399852,0.005432937181664155,4.441264771638657,,,4.441264771638657,36.56502714787632,,2025-01-31
2025,2,1,5,5,1,975.2277227722772,821.9115618013416,785.3636537847334,748.5566719897796,751.0178728840625,840.9534845097414,730.1439284573619,860.8343127861175,100.73890301811785,799.3166272756308,93.66809076167418,827.2626690088364,96.28042314624466,153.31616097093558,245.08379431491528,0.18653608015310108,0.33566504460665025,0.8660254037844386,0.5000000000000001,1.0,6.123233995736766e-17,1,32,1,0,0,0,1,0.5234156073655503,0.8520775211013093,-0.9749279121818236,-0.2225209339563146,821.9115618013416,997.8966783775152,1020.5656339827532,857.9043117214947,1065.9035451932289,1437.3079207920791,890.0594059405942,712.0475247524753,,,821.5388127937218,103.7699606189139,830.9950057033353,101.34403518972508,858.7129920153305,107.66681198985412,849.9073915225624,103.5523523196651,923.335078021627,157.98239494604502,950.2490807744368,164.4226769463733,941.815225664502,162.34658915288662,884.7352919027046,166.18714647234776,884.7352919027046,166.18714647234776,-0.022716736207695987,-22.66895560523801,0.136755823986195,117.32341105078251,,,117.32341105078251,263.1801980198019,,2025-02-01
2025,2,1,6,5,1,941.135728429986,975.2277227722772,821.9115618013416,785.3636537847334,748.5566719897796,997.8966783775152,768.2462791440433,912.7583376678682,80.50104678552874,837.2022019436968,98.04083805775926,841.6701231159983,99.52722847016602,-34.09199434229117,172.88944928594265,-0.03495798319327714,0.22504430412415521,0.8660254037844386,0.5000000000000001,1.0,6.123233995736766e-17,2,33,0,0,0,0,1,0.5380051715382996,0.8429415373547828,-0.7818314824680299,0.6234898018587334,975.2277227722772,954.8719259022675,976.634123283296,898.0792526349409,1020.1585180453528,939.5049504950495,869.1168316831684,816.760396039604,,,819.5764988691101,100.91909037113676,828.459406070956,97.80207312861339,860.1482078751653,108.49346705005159,847.0851490362993,99.74737776441057,923.3641990561794,157.98558001505083,951.1064485928515,164.18211495435676,943.1971738021729,161.79855719753962,885.1039222068046,165.70232373533923,885.1039222068046,165.70232373533923,-0.014385382059800444,-13.73619747228156,0.04794284654580161,43.05647579504512,,,43.05647579504512,124.37533239038203,,2025-02-02
2025,2,1,0,6,0,709.5396322489393,941.135728429986,975.2277227722772,821.9115618013416,785.3636537847334,954.8719259022675,765.7850782497604,875.3010278170674,144.56208429280048,830.2891618378427,106.43616116707472,836.9830026159299,104.61994363839567,-231.59609618104673,-56.245446000821175,-0.24608150470219436,-0.07344808301746086,0.8660254037844386,0.5000000000000001,1.0,6.123233995736766e-17,3,34,0,0,0,0,1,0.5524353131676196,0.8335557718385699,0.0,1.0,941.135728429986,713.8222804215906,730.1439284573619,1065.9035451932289,762.7872245289045,851.8178217821783,921.4732673267326,753.9326732673267,,,818.9646919873028,101.6771966819021,826.9876706274973,99.5350139405083,848.2694107770224,104.62884302438225,845.1834493120148,101.89844821159548,920.8235171002287,160.28440460282178,948.5834291276396,166.25826689921553,942.7039177908575,162.44839129739546,883.9638943499352,165.76474008736494,883.9638943499352,165.76474008736494,-0.005999600026664775,-4.282648172651307,-0.33433035714285697,-356.3639129442896,,,-356.3639129442896,-44.39304101838741,,2025-02-03
2025,2,1,1,6,0,752.851216407355,709.5396322489393,941.135728429986,975.2277227722772,821.9115618013416,713.8222804215906,803.4988182689237,801.1755256954267,123.1284576883099,831.0049192407722,105.78907662295752,832.7623691274657,107.08614228344211,43.31158415841571,-50.64760186156877,0.061041811041810945,-0.06303382246496037,0.8660254037844386,0.5000000000000001,1.0,6.123233995736766e-17,4,35,0,0,0,0,1,0.5667017562911176,0.8239230057575542,0.7818314824680298,0.6234898018587336,709.5396322489393,751.0178728840625,768.2462791440433,1020.1585180453528,802.703091664005,977.0851485148514,1099.4851485148515,785.3465346534653,,,819.226598204916,101.47516544577573,825.8880232891624,100.31587827110627,839.3591673890891,100.79779049444554,843.4030251957058,103.09665263101591,916.8193397411662,161.64840746256016,944.4568346977884,166.76871262762245,942.342858699234,162.83771044035348,883.1180061051446,165.560947957607,883.1180061051446,165.560947957607,0.002441144997324729,1.8333435232924558,-0.26202526069199994,-267.30730163799785,,,-267.30730163799785,-32.49531824611029,,2025-02-04
2025,2,1,2,6,0,756.7439321074964,752.851216407355,709.5396322489393,941.135728429986,975.2277227722772,751.0178728840625,840.9534845097414,739.7115935879301,26.202075245320884,826.2349656278992,108.85926512378823,825.7449064272787,109.23811837341927,3.89271570014148,-84.20955240224498,0.005170630816959676,-0.10013580293485247,0.8660254037844386,0.5000000000000001,1.0,6.123233995736766e-17,5,36,0,0,0,0,1,0.5808002734538009,0.8140460935082178,0.9749279121818236,-0.22252093395631434,752.851216407355,748.5566719897796,765.7850782497604,762.7872245289045,800.2418907697221,901.9247524752475,1246.0831683168317,837.7029702970298,,,820.3962067931612,100.56799061259193,825.2422271361436,100.7606773263627,839.1577243083756,100.96200032448338,841.8495266720549,104.09400577537436,914.2268250917423,163.04975949527287,938.6313676000582,164.63858740841667,941.4433138304613,163.64387559676808,882.3079158872109,165.3359017941924,882.3079158872109,165.3359017941924,0.010937395155337759,8.187260117716846,-0.007922645040548959,-6.0432924214080685,,,-6.0432924214080685,-80.95903818953332,,2025-02-05
2025,2,1,3,6,0,800.6701555869873,756.7439321074964,752.851216407355,709.5396322489393,941.135728429986,748.5566719897796,997.8966783775152,770.088434700613,26.55597010390333,822.6947312588403,109.37217758818674,809.3093628614014,94.8748539344153,43.926223479490886,-197.22652279052784,0.05804635044401141,-0.1976422279621166,0.8660254037844386,0.5000000000000001,1.0,6.123233995736766e-17,6,37,0,0,0,0,1,0.5947266869607634,0.8039279618328213,0.43388373911755823,-0.900968867902419,756.7439321074964,785.3636537847334,803.4988182689237,802.703091664005,839.7691472373043,939.5049504950495,874.6782178217821,858.6455445544555,,,822.582849907769,99.84312018048774,825.0401798017194,100.81045526736372,839.0899597724749,100.9879908736142,840.4531341131151,104.384792087876,911.7476323255269,163.7125673676842,937.7503192401202,165.18207684761276,940.799142841934,164.08697232180424,881.7879301528144,164.93386667788016,881.7879301528144,164.93386667788016,0.01948969974417669,15.306501802253933,-0.00253261274078731,-2.0329360770176663,,,-2.0329360770176663,-57.97538896746812,,2025-02-06
2025,2,1,4,6,0,845.0061386138615,800.6701555869873,756.7439321074964,752.851216407355,709.5396322489393,785.3636537847334,954.8719259022675,800.8067421027818,44.13126177949274,800.9911338991043,82.72433102771099,800.1538805873674,84.25801433254478,44.335983026874146,-109.86578728840607,0.05537359263050168,-0.11505813953488353,0.8660254037844386,0.5000000000000001,1.0,6.123233995736766e-17,7,38,0,0,0,0,1,0.6084768701151261,0.7935716089521474,-0.433883739117558,-0.9009688679024191,800.6701555869873,821.9115618013416,840.9534845097414,800.2418907697221,879.037329926541,1002.1386138613861,793.0415841584158,890.0594059405942,,,825.8820751667005,100.19817939277694,825.3296550948709,100.865468546778,840.5821013672796,100.72456277336117,839.2377344233765,104.11667570269027,908.9416952675354,163.48156709444515,938.3689448883991,164.73028539539567,940.2985509827479,164.3120761456762,881.5551340038338,164.43379935985166,881.5551340038338,164.43379935985166,0.028098615332657895,23.094576812519904,0.05593839607806883,44.76424784413939,,,44.76424784413939,-45.05326732673268,,2025-02-07
2025,2,1,5,6,1,1011.0816831683168,845.0061386138615,800.6701555869873,756.7439321074964,752.851216407355,821.9115618013416,713.8222804215906,885.5859924563885,110.92022420725506,812.6487930221593,107.60920047890852,824.9254974829281,98.97995180057964,166.0755445544553,297.2594027467262,0.19653767820773904,0.4164333488878518,0.8660254037844386,0.5000000000000001,1.0,6.123233995736766e-17,8,39,0,0,0,0,2,0.6220467484408675,0.7829801036770629,-0.9749279121818236,-0.2225209339563146,845.0061386138615,975.2277227722772,997.8966783775152,839.7691472373043,1043.2345895879912,1027.1920792079209,909.6653465346535,869.1168316831684,,,831.0040695089918,109.58191721621519,826.2714411513567,102.64650941728745,846.2925192316468,105.42342688759507,838.0894163369596,101.93794814465898,908.6540096239709,163.28374867516123,939.5762822292762,164.88894973878865,941.8759382214719,164.30248467228856,882.369766388516,164.23416608278896,882.369766388516,164.23416608278896,0.03676470588235303,35.85396039603961,0.20399955927721458,171.31253593101246,,,171.31253593101246,141.96485148514842,,2025-02-08
2025,2,1,6,6,1,975.555530410184,1011.0816831683168,845.0061386138615,800.6701555869873,756.7439321074964,975.2277227722772,751.0178728840625,943.8811173974541,87.45126045141082,856.9847760490335,111.36582046916108,843.6369689434382,104.79112528267638,-35.52615275813275,224.5376575261215,-0.03513677811550131,0.2989777815324832,0.8660254037844386,0.5000000000000001,1.0,6.123233995736766e-17,9,40,0,0,0,0,2,0.6354323008901774,0.7721565844991642,-0.7818314824680299,0.6234898018587334,1011.0816831683168,941.135728429986,954.8719259022675,879.037329926541,998.3963206643244,1064.772277227723,839.6910891089108,921.4732673267326,,,835.9211840775914,115.93538137464203,827.7488414733508,104.76680085786899,849.5097925811016,107.90082406165517,837.2736738278833,100.69137281119535,907.0608534308006,162.16421563391236,941.1937160542915,164.56338946622148,942.4768522557325,164.32592384210193,882.9521774136514,163.88255882825982,882.9521774136514,163.88255882825982,0.03657262277951934,34.41980198019803,0.10979988812501151,96.518200483643,,,96.518200483643,54.08226308345138,,2025-02-09
2025,2,1,0,7,0,735.3544837340877,975.555530410184,1011.0816831683168,845.0061386138615,800.6701555869873,941.135728429986,748.5566719897796,907.3305657708628,149.99118799778952,854.0686539368222,114.81362027196883,842.5367865887971,105.94307572631165,-240.20104667609633,-13.202188255691908,-0.24621975806451624,-0.017636858703828584,0.8660254037844386,0.5000000000000001,1.0,6.123233995736766e-17,10,41,0,0,0,0,2,0.6486295610349814,0.7611042586607747,0.0,1.0,975.555530410184,709.5396322489393,713.8222804215906,1043.2345895879912,746.4655764931332,1039.7188118811882,874.6782178217821,1099.4851485148515,,,839.6090200040413,111.5737719818305,829.2868559956721,103.11062486978176,839.2471223859714,103.38703859584109,836.8768490864887,101.08363253479426,901.6257761424596,162.7367369585735,939.5351001722951,165.9382398235296,938.4309559803908,164.8984249313687,882.0354215522876,163.7832250479332,882.0354215522876,163.7832250479332,0.0363825363825363,25.814851485148438,-0.29512068419385507,-307.8801058539035,,,-307.8801058539035,-364.1306647807638,,2025-02-10
2025,2,1,1,7,0,780.1002263083451,735.3544837340877,975.555530410184,1011.0816831683168,845.0061386138615,709.5396322489393,785.3636537847334,830.3367468175389,127.7376870806965,857.9613696369638,111.19275551340574,842.0981676324315,106.21185370578844,44.745742574257406,-5.263427476388301,0.060849214309595334,-0.006701898478524426,0.8660254037844386,0.5000000000000001,1.0,6.123233995736766e-17,11,42,0,0,0,0,2,0.6616346182422783,0.7498264012045686,0.7818314824680298,0.6234898018587336,735.3544837340877,752.851216407355,751.0178728840625,998.3963206643244,785.4746854040242,1102.3524752475246,932.990099009901,1246.0831683168317,,,843.5017357041826,108.47468749210718,831.3641669545493,101.69573405494894,831.9705859074387,99.40494701631802,836.6849041187859,101.18990060059367,895.871271697117,161.20012153760607,937.7149826401337,166.84690398258712,933.253367735852,162.4271220119167,881.4061919520166,163.47009171478308,881.4061919520166,163.47009171478308,0.03619441571871773,27.24900990099013,-0.21864673360447384,-218.29609435597933,,,-218.29609435597933,-465.9829420084866,,2025-02-11
2025,2,1,2,7,0,783.9929420084866,780.1002263083451,735.3544837340877,975.555530410184,1011.0816831683168,752.851216407355,821.9115618013416,766.4825506836397,27.02786937389242,855.181834040547,113.10334616008377,838.9382826496935,107.42415347854337,3.89271570014148,-37.918619792855,0.004990019960079861,-0.04613467136263505,0.8660254037844386,0.5000000000000001,1.0,6.123233995736766e-17,12,43,0,0,0,0,2,0.6744436188329455,0.7383263540031065,0.9749279121818236,-0.22252093395631434,780.1002263083451,756.7439321074964,748.5566719897796,746.4655764931332,783.0134845097413,1315.3069306930693,956.3148514851486,874.6782178217821,,,847.3944514043242,105.28441982918041,833.8953290987426,99.90131554151175,833.2214980912838,98.52406768602212,836.7198847437411,101.17082709406318,886.383521899178,151.40258611538175,935.66353133684,167.67279589971997,932.2457535601486,163.0745668561311,880.8085646517494,163.14329339213003,880.8085646517494,163.14329339213003,0.03600823045267498,27.24900990099013,0.05027340402173075,37.52736551535338,,,37.52736551535338,-90.68527581329556,,2025-02-12
2025,2,1,3,7,0,829.3533239038189,783.9929420084866,780.1002263083451,735.3544837340877,975.555530410184,756.7439321074964,975.2277227722772,797.8154974068835,27.381822145238605,852.5730315888732,113.56457776975525,826.7820827439887,98.48083239801328,45.36038189533235,-145.87439886845823,0.0578581508388647,-0.14957983193277302,0.8660254037844386,0.5000000000000001,1.0,6.123233995736766e-17,13,44,0,0,0,0,2,0.6870527672236669,0.7266075247685656,0.43388373911755823,-0.900968867902419,783.9929420084866,800.6701555869873,785.3636537847334,785.4746854040242,821.633982753114,1490.6811881188119,991.3019801980199,793.0415841584158,,,851.4920468781572,103.70924484168543,837.037448392963,98.94467472015307,834.6841193746103,98.1156587572659,836.9955754991233,101.13870792701789,874.5740957524816,127.28048776027202,933.7355711428615,167.95616937168313,932.6492173350975,162.77092811309936,880.4948131837742,162.69170729756553,880.4948131837742,162.69170729756553,0.035823950870010224,28.683168316831598,0.05586257496920477,43.87863849979476,,,43.87863849979476,36.31173974540309,,2025-02-13
2025,2,1,4,7,0,875.1234653465348,829.3533239038189,783.9929420084866,780.1002263083451,735.3544837340877,800.6701555869873,941.135728429986,829.4899104196135,45.56541520576475,829.9133286185762,85.77566464333192,821.2810608203678,93.2153986165467,45.77014144271584,-66.01226308345122,0.055187747035573276,-0.070141065830721,0.8660254037844386,0.5000000000000001,1.0,6.123233995736766e-17,14,45,0,0,0,0,2,0.6994583270516471,0.7146733860429609,-0.433883739117558,-0.9009688679024191,829.3533239038189,845.0061386138615,821.9115618013416,783.0134845097413,859.9954072181413,862.7227722772277,967.9772277227723,909.6653465346535,,,855.794522125682,104.01958363197903,840.8382986461912,99.34018254553402,837.75445206917,97.88389854161233,837.5358632894231,101.30639311678405,874.7955367001479,127.27028096747577,932.6301692098111,168.03363325350202,932.2654186552297,162.86642611198454,880.4622595605183,162.1954765980495,880.4622595605183,162.1954765980495,0.035641547861507084,30.11732673267329,0.11763524212416998,92.10998083679351,,,92.10998083679351,-34.54188118811874,,2025-02-14
2025,2,1,5,7,1,1046.9356435643565,875.1234653465348,829.3533239038189,783.9929420084866,780.1002263083451,845.0061386138615,709.5396322489393,917.1374776049033,114.71442532109816,841.8100141442716,111.19817508193287,849.3973950966525,106.3987870523007,171.81217821782172,337.39601131541724,0.1963290724352671,0.47551397551397545,0.8660254037844386,0.5000000000000001,1.0,6.123233995736766e-17,15,46,0,0,0,0,3,0.7116566222817746,0.702527474169157,-0.9749279121818236,-0.2225209339563146,875.1234653465348,1011.0816831683168,975.2277227722772,821.633982753114,1020.5656339827532,782.2019801980199,1026.289108910891,839.6910891089108,,,860.9165164679733,113.40019459983105,845.9602929884825,108.25129062549922,845.2645074295448,104.98954687152136,838.4776493459088,103.1762495715873,879.5229235459755,128.67732683042885,932.8759612890191,168.18731409940673,934.5681359269569,163.00786165381197,881.4651112713848,162.2186244696868,881.4651112713848,162.2186244696868,0.03546099290780158,35.853960396039724,0.27421171171171177,225.30166081124253,,,225.30166081124253,207.24455445544572,,2025-02-15
2025,2,1,6,7,1,1009.9753323903818,1046.9356435643565,875.1234653465348,829.3533239038189,783.9929420084866,1011.0816831683168,752.851216407355,977.3448137670911,90.43461287143792,887.5801555869872,115.06739757858925,870.8244047619047,110.98010843712424,-36.960311173974674,257.12411598302685,-0.03530332681017623,0.34153377238338867,0.8660254037844386,0.5000000000000001,1.0,6.123233995736766e-17,16,47,0,0,0,0,3,0.7236440382959124,0.6901733882429719,-0.7818314824680299,0.6234898018587334,1046.9356435643565,975.555530410184,941.135728429986,859.9954072181413,976.634123283296,897.2316831683169,1224.549504950495,874.6782178217821,,,865.833631036573,119.76700003789318,850.8774075570822,114.3013972611676,850.2638382686196,109.20152215717508,839.6684068140191,105.00594014023757,881.5362029963695,129.83620734295684,930.3215068537795,165.3088188813324,936.0714371999412,163.07319491867761,882.2346335535344,162.03471917209015,882.2346335535344,162.03471917209015,0.03528225806451579,34.4198019801978,0.17439619318129407,149.97992517224054,,,149.97992517224054,135.29711456859968,,2025-02-16
2025,2,1,0,8,0,761.1693352192362,1009.9753323903818,1046.9356435643565,875.1234653465348,829.3533239038189,975.555530410184,756.7439321074964,939.3601037246582,155.42032890176847,884.4250070721359,118.80282863883916,871.1931883545498,110.5731667166259,-248.80599717114558,4.425403111739797,-0.2463485881207399,0.005847953216374435,0.8660254037844386,0.5000000000000001,1.0,6.123233995736766e-17,17,48,0,0,0,0,3,0.7354170229639855,0.6776147890466889,0.0,1.0,1009.9753323903818,735.3544837340877,709.5396322489393,1020.5656339827532,730.1439284573619,828.2138613861385,1387.8227722772276,932.990099009901,,,869.5214669630229,115.39743771698502,854.565243483532,110.14790477638185,841.6172949765023,105.45736976993,840.7764570555147,103.96594825734819,880.3389793148175,130.6434345144631,922.8613468888034,158.4097013586554,934.1623176022671,164.1121286465567,881.5140067777351,161.8186517234933,881.5140067777351,161.8186517234933,0.03510531594784361,25.81485148514855,-0.25416914907395416,-259.39629876351694,,,-259.39629876351694,-171.82076379066473,,2025-02-17
2025,2,1,1,8,0,807.3492362093351,761.1693352192362,1009.9753323903818,1046.9356435643565,875.1234653465348,735.3544837340877,800.6701555869873,859.4979679396511,132.34698229613042,888.3177227722772,115.18134902054241,871.749778406412,110.20209193696907,46.17990099009887,6.679080622347783,0.06066968130921602,0.008341862845445025,0.8660254037844386,0.5000000000000001,1.0,6.123233995736766e-17,18,49,0,0,0,0,3,0.7469720876965552,0.6648553979642865,0.7818314824680298,0.6234898018587336,761.1693352192362,780.1002263083451,752.851216407355,976.634123283296,768.2462791440433,862.7227722772277,905.8663366336633,956.3148514851486,,,873.4141826631642,112.29616136054823,858.4579591836734,107.20029950722488,835.9744654073703,102.47051022110206,842.1729912364179,103.21551356441007,879.350166170748,130.98829245139916,921.6885242647044,158.90097899690463,932.5071440992025,164.63656389894314,881.0751619814723,161.43716465198608,881.0751619814723,161.43716465198608,0.034930139720558806,27.249009900990018,-0.1733350115853527,-169.28488707396093,,,-169.28488707396093,-148.96561527581343,,2025-02-18
2025,2,1,2,8,0,811.2419519094767,807.3492362093351,761.1693352192362,1009.9753323903818,1046.9356435643565,780.1002263083451,845.0061386138615,793.2535077793494,27.85379517284298,885.2991607732201,117.25435568189644,868.9360961810468,111.37181169650175,3.8927157001415935,-33.76418670438477,0.004821600771456325,-0.0399573271263699,0.8660254037844386,0.5000000000000001,1.0,6.123233995736766e-17,19,50,0,0,0,0,3,0.7583058084785625,0.6518989958787126,0.9749279121818236,-0.22252093395631434,807.3492362093351,783.9929420084866,756.7439321074964,730.1439284573619,765.7850782497604,920.2376237623763,821.3188118811881,991.3019801980199,,,877.3068983633057,109.10676918039105,862.350674883815,104.16932131030977,838.6777328557741,100.6356219084449,843.7964510099793,102.32315530771491,877.4038148876606,131.17934306334004,921.5685616459933,158.9814496569484,930.5064771182186,165.00768832206458,880.6643783928134,161.04791739574978,880.6643783928134,161.04791739574978,0.0347567030784508,27.24900990099013,0.11107128374464148,81.09802345211483,,,81.09802345211483,-180.0600282885432,,2025-02-19
2025,2,1,3,8,0,858.0364922206506,811.2419519094767,807.3492362093351,761.1693352192362,1009.9753323903818,783.9929420084866,1011.0816831683168,825.5425601131542,28.20780081352197,882.4513319189062,117.75734981390606,856.1823302687412,101.98128873535346,46.79454031117393,-153.04519094766613,0.05768259420143451,-0.15136778115501515,0.8660254037844386,0.5000000000000001,1.0,6.123233995736766e-17,20,51,0,0,0,0,3,0.7694148268839378,0.6387494220515272,0.43388373911755823,-0.900968867902419,811.2419519094767,829.3533239038189,800.6701555869873,768.2462791440433,803.4988182689237,943.2435643564356,942.1009900990099,967.9772277227723,,,881.4044938371388,107.53293581866741,866.448270357648,102.67397213407011,841.6707399583277,99.80044790460028,845.7442250796838,102.04636047539877,875.882260028093,130.89563336710242,920.5677938141082,159.11517481148672,929.2849133904173,165.1340739998573,880.5320515730932,160.58287184019017,880.5320515730932,160.58287184019017,0.034584980237154284,28.68316831683171,0.11687686034307743,89.7902130766073,,,89.7902130766073,-109.9407355021217,,2025-02-20
2025,2,1,4,8,0,905.240792079208,858.0364922206506,811.2419519094767,807.3492362093351,761.1693352192362,829.3533239038189,975.555530410184,858.1730787364451,46.999568936542126,858.835523338048,88.82792286587274,850.3227687411598,96.36425874632376,47.204299858557306,-70.31473833097607,0.05501432664756445,-0.07207661290322587,0.8660254037844386,0.5000000000000001,1.0,6.123233995736766e-17,21,52,0,0,0,0,3,0.7802958510707755,0.6254105729852463,-0.433883739117558,-0.9009688679024191,858.0364922206506,875.1234653465348,845.0061386138615,765.7850782497604,840.9534845097414,977.7524752475248,869.6316831683167,1026.289108910891,,,885.7069690846636,107.84180733593534,870.7507456051728,102.96796209033,846.3192637526425,99.39090489967676,848.0402003500218,102.65596981622652,874.5874085429444,130.2265275793978,920.9917117773332,159.0252446149689,927.9399320922876,164.82779066854934,880.6757070411521,160.12372694477324,880.6757070411521,160.12372694477324,0.034414945919370554,30.117326732673178,0.18210816296940702,139.45571382944752,,,139.45571382944752,-121.048316831683,,2025-02-21
2025,2,1,5,8,1,1082.789603960396,905.240792079208,858.0364922206506,811.2419519094767,807.3492362093351,875.1234653465348,735.3544837340877,948.6889627534183,118.50864086798083,870.9712352663838,114.78722466050576,879.2756954266855,109.921721468467,177.54881188118816,347.4351202263084,0.19613434727503165,0.4724729744789926,0.8660254037844386,0.5000000000000001,1.0,6.123233995736766e-17,22,53,0,0,0,0,4,0.7909456567567772,0.6118864012687243,-0.9749279121818236,-0.2225209339563146,905.240792079208,1046.9356435643565,1011.0816831683168,803.4988182689237,997.8966783775152,954.7465346534653,905.8663366336633,1224.549504950495,,,890.8289634269549,117.21942968187999,875.8727399474641,111.88305490456203,855.6289566090251,107.95313912170283,851.0720905494105,108.34198806627373,876.8738919234254,132.75897963289506,923.0979411502703,159.99120831349668,926.3648220812864,162.62411840873446,881.8439954626505,160.39534833750605,881.8439954626505,160.39534833750605,0.03424657534246567,35.85396039603961,0.34759327498848447,279.29078569147237,,,279.29078569147237,-141.7599009900989,,2025-02-22
2025,2,1,6,8,1,1044.39513437058,1082.789603960396,905.240792079208,858.0364922206506,811.2419519094767,1046.9356435643565,780.1002263083451,1010.8085101367282,93.41809859804937,918.1755351249411,118.7690622191033,901.3002710985385,114.6212361715771,-38.394469589816026,264.294908062235,-0.035458845789971494,0.33879609202647365,0.8660254037844386,0.5000000000000001,1.0,6.123233995736766e-17,23,54,0,0,0,0,4,0.8013610881746766,0.5981809144059164,-0.7818314824680299,0.6234898018587334,1082.789603960396,1009.9753323903818,975.555530410184,840.9534845097414,954.8719259022675,1012.2613861386138,966.2574257425742,1387.8227722772276,,,895.7460779955547,123.59870123442757,880.7898545160639,117.94923293853019,862.4103449377195,113.2589664100779,854.2693479947073,112.74993584925824,877.447708856139,133.42258369669133,924.0281519672704,160.47159725614637,922.5489594378794,155.54994819675883,882.7781974103973,160.40515670215083,882.7781974103973,160.40515670215083,0.034079844206426735,34.41980198019826,0.24191783922441434,203.44164986083865,,,203.44164986083865,-343.42763790664753,,2025-02-23
2025,2,1,0,9,0,786.9841867043847,1044.39513437058,1082.789603960396,905.240792079208,858.0364922206506,1009.9753323903818,783.9929420084866,971.3896416784537,160.8495032380138,914.7813602074493,122.79253196418384,901.5495414898634,114.34585402538399,-257.4109476661954,2.9912446958981036,-0.24646892655367247,0.003815397480792182,0.8660254037844386,0.5000000000000001,1.0,6.123233995736766e-17,24,55,0,0,0,0,4,0.8115390590073611,0.5842981736283683,0.0,1.0,1044.39513437058,761.1693352192362,735.3544837340877,997.8966783775152,713.8222804215906,1207.8118811881188,990.4138613861386,905.8663366336633,,,899.4339139220044,119.22169967839308,884.4776904425137,113.78587668405203,855.3799285486152,111.08399537952174,856.8822732190929,110.19335606575191,869.932928597501,126.1289351882895,921.6063701258211,160.99185814782032,921.2280466608873,156.19662964213833,882.2308030635058,160.10739801961182,882.2308030635058,160.10739801961182,0.03391472868217038,25.814851485148438,-0.21135704351281548,-210.9124916731305,,,-210.9124916731305,-118.88214992927863,,2025-02-24
2025,2,1,1,9,0,834.5982461103252,786.9841867043847,1044.39513437058,1082.789603960396,905.240792079208,761.1693352192362,829.3533239038189,888.6591890617633,136.95633668874558,918.6740759075909,119.17049369148465,901.9866183404056,114.05445563251632,47.614059405940566,5.244922206506317,0.06050192648130781,0.006324110671936722,0.8660254037844386,0.5000000000000001,1.0,6.123233995736766e-17,25,56,0,0,0,0,4,0.8214765533024142,0.5702422926917871,0.7818314824680298,0.6234898018587336,786.9841867043847,807.3492362093351,780.1002263083451,954.8719259022675,751.0178728840625,1368.8534653465347,1026.6485148514853,821.3188118811881,,,903.326629622146,116.11839170125393,888.3704061426552,110.83428141438363,851.3708058888839,109.52892795455901,859.8672865486022,108.33578844151896,860.3926568254258,106.36112190035398,919.3200574027119,160.84576466419233,921.3755959300998,156.10743782017798,881.9601635353628,159.68966149441894,881.9601635353628,159.68966149441894,0.03375120540019294,27.24900990099013,-0.12595791805094125,-120.2736797919423,,,-120.2736797919423,13.27943422913711,,2025-02-25
2025,2,1,2,9,0,838.4909618104667,834.5982461103252,786.9841867043847,1044.39513437058,1082.789603960396,807.3492362093351,875.1234653465348,820.0244648750589,28.679841266592828,915.4164875058935,121.40574679240966,898.9339097123998,115.32201886879108,3.89271570014148,-36.63250353606804,0.004664179104477695,-0.04185981177131637,0.8660254037844386,0.5000000000000001,1.0,6.123233995736766e-17,26,57,0,0,0,0,4,0.8311706263658079,0.5560174366570446,0.9749279121818236,-0.22252093395631434,834.5982461103252,811.2419519094767,783.9929420084866,713.8222804215906,748.5566719897796,817.4702970297029,1002.4920792079208,942.1009900990099,,,907.2193453222874,112.92983710413617,892.2631218427966,107.80190230477046,855.5264286018464,106.45206355665887,863.0792254707696,106.22606805780269,860.7680258393681,106.2439147880943,917.3676631479804,160.81937947071273,920.2243733935607,156.3347533058755,881.7145748250525,159.26886918839438,881.7145748250525,159.26886918839438,0.03358925143953928,27.249009900990018,0.17464946781325685,124.66868138887617,,,124.66868138887617,-103.61002828854316,,2025-02-26
2025,2,1,3,9,0,886.7196605374822,838.4909618104667,834.5982461103252,786.9841867043847,1044.39513437058,811.2419519094767,1046.9356435643565,853.2696228194249,29.03389530161187,912.3296322489391,121.95045536568315,885.5825777934937,105.48434881205141,48.22869872701551,-160.21598302687426,0.05751844793041094,-0.15303326810176132,0.8660254037844386,0.5000000000000001,1.0,6.123233995736766e-17,27,58,0,0,0,0,4,0.8406184056344782,0.5416278206559814,0.43388373911755823,-0.900968867902419,838.4909618104667,858.0364922206506,829.3533239038189,751.0178728840625,785.3636537847334,857.9043117214947,1062.8831683168316,869.6316831683167,,,911.3169407961204,111.35726339623392,896.3607173166298,106.30662294732248,860.0498215236271,104.72729121361296,866.6990828547963,105.20168623556373,861.2825856396536,106.29955767352725,915.2704785315595,160.04568376156314,920.4142398087735,156.28298678006541,881.7426932841112,158.81876292753688,881.7426932841112,158.81876292753688,0.03342884431709647,28.683168316831598,0.18069049027062034,135.70178765341973,,,135.70178765341973,17.087977369165515,,2025-02-27
2025,2,1,4,9,0,935.3581188118812,886.7196605374822,838.4909618104667,834.5982461103252,786.9841867043847,858.0364922206506,1009.9753323903818,886.8562470532767,48.4337229447754,887.75771805752,91.88101354993157,879.3644766619519,99.51541497522997,48.638458274399,-74.61721357850058,0.05485212569316089,-0.07388023369036012,0.8660254037844386,0.5000000000000001,1.0,6.123233995736766e-17,28,59,0,1,0,0,4,0.8498170915275278,0.5270777086423722,-0.433883739117558,-0.9009688679024191,886.7196605374822,905.240792079208,875.1234653465348,748.5566719897796,821.9115618013416,898.0792526349409,1268.2128712871286,905.8663366336633,,,915.6194160436453,111.6647663551906,900.6631925641543,106.599499716894,866.2765364176971,103.41476885782502,870.7507456051727,105.59674399283882,861.9482796785275,106.65033362954361,911.3079219544733,155.25066240969954,920.7419262774202,156.28305917734554,882.0422208010261,158.4227075320129,882.0422208010261,158.4227075320129,0.033269961977186346,30.11732673267329,0.24954883686435458,186.80144682210164,,,186.80144682210164,29.49178217821793,,2025-02-28
2025,3,1,5,9,1,1118.6435643564355,935.3581188118812,886.7196605374822,838.4909618104667,834.5982461103252,905.240792079208,761.1693352192362,980.240447901933,122.30286950462997,900.1324563884959,118.37634239508188,909.1539957567185,113.44678406719865,183.28544554455425,357.47422913719925,0.19595216191352316,0.46963824289405665,1.0,6.123233995736766e-17,1.0,6.123233995736766e-17,1,60,1,0,0,0,1,0.8587639582758029,0.5123714121284237,-0.9749279121818236,-0.2225209339563146,935.3581188118812,1082.789603960396,1046.9356435643565,785.3636537847334,975.2277227722772,1065.9035451932289,1437.3079207920791,966.2574257425742,,,920.7414103859365,121.03953180584612,905.7851869064456,115.51803669327576,877.3858667700872,111.97036610853533,875.8727399474641,113.9962619485083,862.8900657350133,108.69734466198469,907.5142986635726,145.85158887563864,922.4351055953521,157.601634721153,883.3566727096672,158.96082672071643,883.3566727096672,158.96082672071643,0.03311258278145668,35.85396039603938,0.42436380772855764,333.2799105717021,,,333.2799105717021,152.38613861386125,,2025-03-01
2025,3,1,6,9,1,1071.233062919195,1118.6435643564355,935.3581188118812,886.7196605374822,838.4909618104667,1082.789603960396,807.3492362093351,1041.744915362504,95.13438795651349,947.5072690909643,120.88957072079393,931.1443146492069,117.42480240288542,-47.410501437240555,263.8838267098598,-0.04238213399503732,0.3268521413965124,1.0,6.123233995736766e-17,1.0,6.123233995736766e-17,2,61,0,0,0,0,1,0.8674563547295968,0.49751328890718066,-0.7818314824680299,0.6234898018587334,1118.6435643564355,1044.39513437058,1009.9753323903818,821.9115618013416,941.135728429986,1020.1585180453528,939.5049504950495,990.4138613861386,680.2722772277227,,924.5754001785957,125.93517329793113,910.1607390870753,120.80715569861665,885.6965834740156,116.8569447107814,880.5190733220788,119.28349540781264,863.802111179189,110.24419643259552,909.0824904781459,146.90406644062267,923.3330967234973,158.22234549648195,885.52867707462,158.8413802638288,884.3946638157972,159.13257884991498,0.025697102241661662,26.837928548614855,0.3033434650455922,249.32150111785336,,,249.32150111785336,80.81920153305634,,2025-03-02
2025,3,1,0,10,0,801.4262280421591,1071.233062919195,1118.6435643564355,935.3581188118812,886.7196605374822,1044.39513437058,811.2419519094767,997.1009517725965,171.10928391490026,941.9785994129365,127.65521336654996,930.3263376602637,118.36638142920863,-269.80683487703584,-9.815723867317615,-0.25186567164179086,-0.01209962557312727,1.0,6.123233995736766e-17,1.0,6.123233995736766e-17,3,62,0,0,0,0,1,0.8758917051442429,0.48250774176121847,0.0,1.0,1071.233062919195,786.9841867043847,761.1693352192362,975.2277227722772,709.5396322489393,762.7872245289045,851.8178217821783,1026.6485148514853,616.780198019802,,926.638548941135,123.39812784529923,913.0362314315698,117.41962631205342,879.903200316345,116.57313666051166,883.8007374575509,115.61287244585442,864.4920933847828,109.72015144622725,908.4825905526694,147.2432293041597,920.8306268700602,158.3509557524999,886.5544883525218,157.68812682276442,883.9387932895685,158.8115029116382,0.018351120113674346,14.442041337774413,-0.17821631878557864,-173.80149473011807,,,-173.80149473011807,-225.2222868093262,,2025-03-03
2025,3,1,1,10,0,843.8403066113062,801.4262280421591,1071.233062919195,1118.6435643564355,935.3581188118812,786.9841867043847,858.0364922206506,905.4998658575533,145.0874149312133,942.8701568797431,126.80373151250373,929.1433221928183,119.2224125836236,42.41407856914714,-14.196185609344411,0.05292324743696297,-0.016544967187355653,1.0,6.123233995736766e-17,1.0,6.123233995736766e-17,4,63,0,0,0,0,1,0.8840675099433636,0.46735921715800227,0.7818314824680298,0.6234898018587336,801.4262280421591,834.5982461103252,807.3492362093351,941.135728429986,752.851216407355,802.703091664005,977.0851485148514,1002.4920792079208,707.4831683168317,,927.958843298418,122.29371548430828,915.6427364602821,115.2785967380197,876.6600195890557,116.16355186895595,887.0503478219778,113.04611633695787,865.2266865088417,109.43628584574273,906.8963424347702,147.21298996244377,919.0678293967645,158.31473727349126,887.3120280097133,157.1496686121535,883.719675876026,158.4023430924049,0.011073663938372613,9.242060500980983,-0.10338086088920373,-97.29542181867976,,,-97.29542181867976,-158.6517725966146,,2025-03-04
2025,3,1,2,10,0,841.730705844778,843.8403066113062,801.4262280421591,1071.233062919195,1118.6435643564355,834.5982461103252,905.240792079208,828.9990801660811,23.90207594612066,935.3719977642926,132.01129315549016,923.8508150066158,121.76255852647401,-2.109600766528274,-63.51008623442999,-0.0025000000000000577,-0.07015822396663818,1.0,6.123233995736766e-17,1.0,6.123233995736766e-17,5,64,0,0,0,0,1,0.8919813464595485,0.45207220393230435,0.9749279121818236,-0.22252093395631434,843.8403066113062,838.4909618104667,811.2419519094767,709.5396322489393,756.7439321074964,800.2418907697221,901.9247524752475,1062.8831683168316,653.0613861386138,,928.4216638747482,121.90420250639589,917.8205045985177,113.42774056115714,881.0663887089171,112.03963324781755,890.0855897411664,110.5308088211618,865.9675582066105,109.1283511055057,906.1797466415502,147.38388752320242,916.6105798137418,157.77281489086096,888.3601908969699,156.2048830285832,883.4914749519432,157.99928252182607,0.0038637793153022404,3.2397440343112294,0.18630541211186347,132.1910735958387,,,132.1910735958387,-221.15246247205368,,2025-03-05
2025,3,1,3,10,0,883.8116895560523,841.730705844778,843.8403066113062,801.4262280421591,1071.233062919195,838.4909618104667,1082.789603960396,856.4609006707122,23.70995241109171,926.7809262216542,133.67911858725196,907.2693221395872,111.24484433912718,42.08098371127437,-198.97791440434378,0.04999340456404178,-0.18376415295876958,1.0,6.123233995736766e-17,1.0,6.123233995736766e-17,6,65,0,0,0,0,1,0.8996308696522433,0.43665123195606403,0.43388373911755823,-0.900968867902419,841.730705844778,886.7196605374822,858.0364922206506,752.851216407355,800.6701555869873,839.7691472373043,939.5049504950495,1268.2128712871286,680.2722772277227,,928.0062394488297,122.07483511936444,919.661590122475,112.58880163484751,885.4317378138736,109.39177003889561,893.0549302400616,109.14787426009352,866.7540321765882,109.09480895895953,905.5167316303717,147.357433257933,912.3394555722854,153.28687250686184,889.4909654099051,155.42487763350158,883.4932058416952,157.5693534632052,-0.003279470514578664,-2.907970981429912,0.17395266195311154,130.96047314869736,,,130.96047314869736,-384.40118173107624,,2025-03-06
2025,3,1,4,10,0,925.6706100287448,883.8116895560523,841.730705844778,843.8403066113062,801.4262280421591,886.7196605374822,1044.39513437058,883.737668476525,41.97000104769401,894.6187671670392,96.26429012983685,897.3756117777675,102.90775316302826,41.85892047269249,-118.72452434183526,0.04736180904522613,-0.11367778385274296,1.0,6.123233995736766e-17,1.0,6.123233995736766e-17,7,66,0,0,0,0,1,0.9070138128026359,0.4211008707960896,-0.433883739117558,-0.9009688679024191,883.8116895560523,935.3581188118812,905.240792079208,756.7439321074964,845.0061386138615,879.037329926541,1002.1386138613861,1437.3079207920791,725.6237623762377,,926.6223096226673,122.03250278702596,921.1208628331561,112.51989004501,891.0626270779153,106.85756380010652,895.9358042191645,108.89694249917056,867.5867693212705,109.36791155430197,904.6063982514116,146.98907711368045,906.6545965638038,142.72225932900946,890.6023367857523,154.9611224131272,883.7199660792598,157.17334174992672,-0.010357005074635772,-9.687508783136423,0.22322832170030815,168.92667792124837,,,168.92667792124837,-511.6373107633343,,2025-03-07
2025,3,1,5,10,1,1099.2130309805175,925.6706100287448,883.8116895560523,841.730705844778,843.8403066113062,935.3581188118812,786.9841867043847,969.5651101884382,114.21243290494569,899.2820951772596,106.64876119634094,923.3946821341119,111.56662708317707,173.54242095177267,312.2288442761328,0.18747750989564604,0.3967409378117728,1.0,6.123233995736766e-17,1.0,6.123233995736766e-17,8,67,0,0,0,0,2,0.9141279881853337,0.40542572835999735,-0.9749279121818236,-0.2225209339563146,925.6706100287448,1118.6435643564355,1082.789603960396,800.6701555869873,1011.0816831683168,1043.2345895879912,1027.1920792079209,939.5049504950495,743.7643564356435,,923.8465191403932,117.05628999080956,922.2939647631649,114.40488345832286,901.0140562576996,111.93016492107174,899.0833523553146,113.52375345083775,868.5863843461369,111.24226761368688,905.4637905344188,147.9198420078489,908.4291307914202,144.12129924953607,892.5770516443349,155.34379016807273,884.8723354102826,157.54038421389657,-0.017369727047146233,-19.430533375918003,0.3728662462442631,298.54287539353015,,,298.54287539353015,159.70808048546803,,2025-03-08
2025,3,1,6,10,1,1052.5797508783137,1099.2130309805175,925.6706100287448,883.8116895560523,841.730705844778,1118.6435643564355,834.5982461103252,1025.821130629192,89.81236432517589,941.141015649952,109.80088933648221,941.5598075314443,113.5231448701868,-46.6332801022038,217.98150476798844,-0.042424242424242475,0.261181359754707,1.0,6.123233995736766e-17,1.0,6.123233995736766e-17,9,68,0,0,0,0,2,0.9209712877166346,0.38963044953078796,-0.7818314824680299,0.6234898018587334,1099.2130309805175,1071.233062919195,1044.39513437058,845.0061386138615,975.555530410184,998.3963206643244,1064.772277227723,851.8178217821783,770.9752475247525,,921.1817602774101,113.29371507025341,922.878580228003,115.095649606758,907.9331766665146,114.72929741706251,901.8342173720333,116.34361897284303,869.5539455999582,112.61897379976512,905.3186414112116,147.76753779957392,910.6598188924883,144.7873751240821,894.1415211074103,155.5302046521837,885.7643961308573,157.59395952011957,-0.01741293532338284,-18.653312040881247,0.2456474607450232,207.5736122644522,,,207.5736122644522,200.76192909613542,,2025-03-09
2025,3,1,0,11,0,787.4362440114978,1052.5797508783137,1099.2130309805175,925.6706100287448,883.8116895560523,1071.233062919195,838.4909618104667,979.743008623443,168.16683528540398,931.7403385499841,121.58015377584537,937.3052477148635,118.58108815813053,-265.14350686681587,-51.05471779896891,-0.2518987341772153,-0.060888811119361064,1.0,6.123233995736766e-17,1.0,6.123233995736766e-17,10,69,0,0,0,0,2,0.9275416835791966,0.37371971479046906,0.0,1.0,1052.5797508783137,801.4262280421591,786.9841867043847,1011.0816831683168,735.3544837340877,746.4655764931332,1039.7188118811882,977.0851485148514,752.8346534653466,,919.183191130173,115.85285992467035,922.9108700356538,115.05464818979594,900.4783286946206,115.06133184999788,903.6942802390838,113.97565310063538,870.2855646627862,111.93581153074781,902.3152775080009,147.56662825577257,908.552608842451,145.18927091079345,894.333752166,155.37588428859402,885.244141357739,157.3369192219964,-0.017456359102244523,-13.989984030661276,-0.2211942347288951,-223.64543915681895,,,-223.64543915681895,-189.6489045033536,,2025-03-10
2025,3,1,1,11,0,829.0731012456083,787.4362440114978,1052.5797508783137,1099.2130309805175,925.6706100287448,801.4262280421591,886.7196605374822,889.6963653784733,142.5891122210967,929.6307377834556,123.54820444216348,932.501367773874,121.93686440339158,41.636857234110494,-57.64655929187393,0.05287648054145522,-0.06501103094627636,1.0,6.123233995736766e-17,1.0,6.123233995736766e-17,11,70,0,0,0,0,2,0.9338372288229252,0.35769823883312546,0.7818314824680298,0.6234898018587336,787.4362440114978,843.8403066113062,834.5982461103252,975.555530410184,780.1002263083451,785.4746854040242,1102.3524752475246,901.9247524752475,798.1861386138613,,917.0735903636447,117.5751079523027,922.5162168310313,115.38986214028475,895.5955810558014,114.87340499515392,905.4433114868433,112.37327209418095,871.0641078028145,111.48591947948881,899.0619516270258,146.1085988394437,907.7431460510105,145.42952126949146,894.5053464028431,155.28613702162676,884.9485043045173,156.9730360655127,-0.01750000000000007,-14.767205365697919,-0.15015283558792947,-146.4824291645757,,,-146.4824291645757,-72.85165122963917,,2025-03-11
2025,3,1,2,11,0,826.96350047908,829.0731012456083,787.4362440114978,1052.5797508783137,1099.2130309805175,843.8403066113062,935.3581188118812,814.4909485787288,23.45379251343875,920.1560396039604,129.7870186930155,923.4684829128073,125.66389233533131,-2.109600766528274,-108.3946183328012,-0.0025445292620864812,-0.11588568715315917,1.0,6.123233995736766e-17,1.0,6.123233995736766e-17,12,71,0,0,0,0,2,0.9398560579418954,0.3415707691678556,0.9749279121818236,-0.22252093395631434,829.0731012456083,841.730705844778,838.4909618104667,735.3544837340877,783.9929420084866,783.0134845097413,1315.3069306930693,939.5049504950495,952.3811881188118,,914.9639895971162,119.27248998518469,921.6928267359323,116.07466106091591,898.6492149473012,111.63896379746232,906.9779742893644,110.93746232346953,871.8489295165526,111.00847811172395,893.2483393625737,138.88368389149352,906.4926854952777,145.6370420576169,893.808581471511,155.3063704927272,884.6449178970541,156.61561381068782,-0.01754385964912286,-14.767205365697919,0.12457803518081101,91.60901674499235,,,91.60901674499235,-112.54145001596942,,2025-03-12
2025,3,1,3,11,0,868.2672628553178,826.96350047908,829.0731012456083,787.4362440114978,1052.5797508783137,841.730705844778,1118.6435643564355,841.4346215266687,23.26167630142564,910.5888150750558,131.40486677477935,902.6037911210475,110.13850376274172,41.30376237623773,-250.37630150111772,0.04994629430719666,-0.22382133995037212,1.0,6.123233995736766e-17,1.0,6.123233995736766e-17,13,72,0,0,0,0,2,0.9455963874271426,0.3253420847119801,0.43388373911755823,-0.900968867902419,826.96350047908,883.8116895560523,886.7196605374822,780.1002263083451,829.3533239038189,821.633982753114,1490.6811881188119,1002.1386138613861,1079.3653465346533,,912.7433572112972,120.09104965039026,920.3747983300633,116.6058772641349,901.5881161655336,109.55152700266387,908.3677578233464,110.17008830515586,872.6816666612349,110.79965342008134,885.8386497761034,122.23059367419685,905.0052260396546,145.33251624816626,892.6358143399594,154.69316858986437,884.5596176103786,156.20955893036248,-0.017587939698492483,-15.544426700734562,0.1130201396866708,88.16703654697267,,,88.16703654697267,-133.87135100606838,,2025-03-13
2025,3,1,4,11,0,909.3489619929736,868.2672628553178,826.96350047908,829.0731012456083,787.4362440114978,883.8116895560523,1071.233062919195,868.1932417757904,41.19278063634858,878.9448035771319,94.60504921844078,889.1134493771957,96.70065539900926,41.081699137655846,-161.88410092622132,0.04731457800511518,-0.1511194029850743,1.0,6.123233995736766e-17,1.0,6.123233995736766e-17,14,73,0,0,0,0,2,0.9510565162951535,0.30901699437494745,-0.433883739117558,-0.9009688679024191,868.2672628553178,925.6706100287448,935.3581188118812,783.9929420084866,875.1234653465348,859.9954072181413,862.7227722772277,1027.1920792079209,693.5643564356435,,910.4116932061869,119.95659818663435,918.5170014144271,116.55597777164525,905.7666501650165,107.27862150706581,909.5900969892908,109.97727884158476,873.5629801393569,110.89315326891993,886.3937234631956,122.23022453217939,903.6958580705997,144.74898947018383,893.8346177041666,153.97629103100263,884.688059809252,155.81244987848052,-0.0176322418136019,-16.321648035771204,0.15989432208833598,125.35601998448703,,,125.35601998448703,-117.84311721494726,,2025-03-14
2025,3,1,5,11,1,1079.782497604599,909.3489619929736,868.2672628553178,826.96350047908,829.0731012456083,925.6706100287448,801.4262280421591,952.46624081763,112.15613417327312,883.4785946981796,104.70332328491642,912.3098051740657,106.63018948258065,170.43353561162542,278.35626956243993,0.1874236874236872,0.34732612912164007,1.0,6.123233995736766e-17,1.0,6.123233995736766e-17,15,74,0,0,0,0,3,0.9562348265919056,0.29260033563334836,-0.9749279121818236,-0.2225209339563146,909.3489619929736,1099.2130309805175,1118.6435643564355,829.3533239038189,1046.9356435643565,1020.5656339827532,782.2019801980199,1064.772277227723,628.8316831683169,,907.6359027239129,114.98123168488254,915.7412109321531,111.78856976563988,914.1142892883759,110.81273465704895,910.7631989192995,111.65890049496815,874.6204241326042,112.58977185385643,889.9363486704167,123.48005979502847,903.8626382970094,144.94518197382507,896.3399000065906,153.30761564009674,885.6937012411869,156.03821432665762,-0.017676767676767846,-19.430533375918458,0.30195715925028677,250.4291737007801,,,250.4291737007801,15.010220376876077,,2025-03-15
2025,3,1,6,11,1,1033.926438837432,1079.782497604599,909.3489619929736,868.2672628553178,826.96350047908,1099.2130309805175,843.8403066113062,1007.6859661450015,88.19478057465466,924.5602938358351,107.79435438930253,928.1503161929095,109.61148010467693,-45.85605876716704,190.08613222612576,-0.04246786632390742,0.22526315789473683,1.0,6.123233995736766e-17,1.0,6.123233995736766e-17,16,75,0,0,0,0,3,0.9611297838723007,0.27609697309746883,-0.7818314824680299,0.6234898018587334,1079.782497604599,1052.5797508783137,1071.233062919195,875.1234653465348,1009.9753323903818,976.634123283296,897.2316831683169,1039.7188118811882,721.3069306930693,,904.9711438609298,111.21673709030563,913.07645206917,108.18343225804676,919.4077217380725,112.66343786541142,911.6185955781227,112.53539692617181,875.6435011960709,113.78753063083364,891.5636671902872,124.47409693824265,903.7982785965232,144.88545393080835,898.076675051837,153.08426574477423,886.4538691262958,155.9971196282337,-0.017721518987341978,-18.6533120408817,0.18146350746978746,158.80297349089722,,,158.80297349089722,-5.792373043756243,,2025-03-16
2025,3,1,0,12,0,773.4462599808368,1033.926438837432,1079.782497604599,909.3489619929736,868.2672628553178,1052.5797508783137,841.730705844778,962.3850654742891,165.22438893027862,915.2891536250398,119.41527308125197,922.4599457042478,116.086908837648,-260.4801788565952,-68.28444586394119,-0.25193298969072153,-0.08112386228729718,1.0,6.123233995736766e-17,1.0,6.123233995736766e-17,17,76,0,0,0,0,3,0.9657399376548549,0.2595117970697999,0.0,1.0,1033.926438837432,787.4362440114978,801.4262280421591,1046.9356435643565,761.1693352192362,730.1439284573619,828.2138613861385,1102.3524752475246,665.8217821782177,,902.9725747136924,113.7770906207154,911.0778829219327,110.63537246049545,910.2914089519551,113.05272182154016,912.0570571767512,111.94989811547379,876.4167571161328,112.92465578663217,890.9116719354622,124.95243831960795,900.1437650935602,143.96611731721583,898.6745888174072,152.38062271187684,885.8772996918802,155.8058492937521,-0.01776649746192882,-13.989984030661049,-0.2612284577993814,-273.4893835835197,,,-273.4893835835197,-328.9062152666878,,2025-03-17
2025,3,1,1,12,0,814.3058958799105,773.4462599808368,1033.926438837432,1079.782497604599,909.3489619929736,787.4362440114978,883.8116895560523,873.892864899393,140.0908135888555,913.1795528585117,121.38330369053556,916.667796231236,119.86314062378906,40.85963589907374,-69.50579367614182,0.05282802182026991,-0.07864321608040203,1.0,6.123233995736766e-17,1.0,6.123233995736766e-17,18,77,0,0,0,0,3,0.970063921851507,0.2428497220959356,0.7818314824680298,0.6234898018587336,773.4462599808368,829.0731012456083,843.8403066113062,1009.9753323903818,807.3492362093351,768.2462791440433,862.7227722772277,1315.3069306930693,693.5643564356435,,900.8629739471643,115.49953315164014,908.9682821554044,112.28536218922795,903.769094401606,112.74731221527811,912.3055093078431,111.71638776035103,877.2392502721306,112.28841166700043,890.3352805497799,125.19547158165679,894.5770869289695,137.26274302603144,899.345375147653,151.73706998596617,885.5139930735453,155.4915130720551,-0.01781170483460548,-14.767205365697805,-0.19373684706473604,-195.66943651047131,,,-195.66943651047131,-501.00103481315875,,2025-03-18
2025,3,1,2,12,0,812.1962951133822,814.3058958799105,773.4462599808368,1033.926438837432,1079.782497604599,829.0731012456083,925.6706100287448,799.9828169913764,23.005526451889715,903.834391568189,127.53512801450375,907.2116033216225,123.50896403228089,-2.109600766528274,-113.47431491536258,-0.002590673575129543,-0.12258606213266177,1.0,6.123233995736766e-17,1.0,6.123233995736766e-17,19,78,0,0,0,0,3,0.9741004551724205,0.22611568550828828,0.9749279121818236,-0.22252093395631434,814.3058958799105,826.96350047908,841.730705844778,761.1693352192362,811.2419519094767,765.7850782497604,920.2376237623763,1490.6811881188119,739.8019801980198,,898.753373180636,117.19666363160324,906.8586813888762,113.91145457968506,905.4699930647441,110.89150188267377,912.3395929936969,111.68455321906785,878.0680220018381,111.62012656233068,889.0490742563393,125.43931447653635,887.0383658955757,121.93136688551675,899.7475657860716,151.40741083501877,885.143701669706,155.1838605098279,-0.017857142857142794,-14.767205365697805,0.0670375927315161,51.02695989414599,,,51.02695989414599,-678.4848930054296,,2025-03-19
2025,3,1,3,12,0,852.7228361545831,812.1962951133822,814.3058958799105,773.4462599808368,1033.926438837432,826.96350047908,1099.2130309805175,826.4083423826252,22.813417996964024,894.3967039284572,129.1306356449132,886.6707537527946,108.22554969381777,40.52654104120086,-246.4901948259344,0.04989747095010255,-0.22424242424242435,1.0,6.123233995736766e-17,1.0,6.123233995736766e-17,20,79,0,0,0,0,3,0.9778483415056568,0.20931464596304847,0.43388373911755823,-0.900968867902419,812.1962951133822,868.2672628553178,883.8116895560523,807.3492362093351,858.0364922206506,803.4988182689237,943.2435643564356,862.7227722772277,758.2970297029703,,896.5327407948167,118.0149967568131,904.638049003057,114.6956314270893,906.9824463962525,109.8112463130419,912.1498195627661,111.78471158648027,878.9470223212248,111.21530636409862,887.9714465396506,125.35692652602593,886.927255494213,121.95832677978227,900.2721535996918,151.07780492799446,884.9807827475197,154.8085466575289,-0.017902813299232823,-15.544426700734675,0.05620070956936307,45.373599945247975,,,45.373599945247975,-9.999936122644613,,2025-03-20
2025,3,1,4,12,0,893.0273139572022,852.7228361545831,812.1962951133822,814.3058958799105,773.4462599808368,868.2672628553178,1052.5797508783137,852.6488150750557,40.415560260530064,863.2708399872245,92.94586769268251,873.3747173427018,94.98021860636126,40.30447780261909,-159.5524369211115,0.04726562500000009,-0.1515822784810127,1.0,6.123233995736766e-17,1.0,6.123233995736766e-17,21,80,0,0,0,0,3,0.9813064702716093,0.19245158197082998,-0.433883739117558,-0.9009688679024191,852.7228361545831,909.3489619929736,925.6706100287448,811.2419519094767,905.240792079208,840.9534845097414,977.7524752475248,782.2019801980199,786.0396039603961,,894.2010767897066,117.88073962650297,902.3063849979468,114.56690005155903,909.7086251311767,108.35801557001228,911.7136239155516,111.83648698892233,879.8769121327866,111.109508888957,886.962813667147,124.96608076782061,888.1586480915373,121.4474749759049,900.8665297663407,150.83614039749975,885.0210154035681,154.42013880329927,-0.017948717948718107,-16.32164803577143,0.10081500575163993,81.78536204772547,,,81.78536204772547,110.82533375918229,,2025-03-21
2025,3,1,5,12,1,1060.3519642286808,893.0273139572022,852.7228361545831,812.1962951133822,814.3058958799105,909.3489619929736,787.4362440114978,935.367371446822,110.09983677267965,867.6750942190993,102.75789311488212,896.1176940274672,104.7081723754996,167.32465027147862,272.915720217183,0.18736789755066496,0.34658770445572484,1.0,6.123233995736766e-17,1.0,6.123233995736766e-17,22,81,0,0,0,0,4,0.9844738167520922,0.1755314904214282,-0.9749279121818236,-0.2225209339563146,893.0273139572022,1079.782497604599,1099.2130309805175,858.0364922206506,1082.789603960396,997.8966783775152,954.7465346534653,897.2316831683169,767.5445544554456,,891.4252863074324,112.90625256145209,899.5305945156726,109.80079071438804,916.4524741981111,111.2873490808203,910.9122796394188,110.6392503160108,880.9921850944147,112.61888164133059,888.2200211620898,126.18153246338542,889.9710956588747,122.7941141602782,902.4932375984142,150.9691304853436,885.8933086813048,154.5292573583703,-0.01799485861182515,-19.43053337591823,0.23578888991588864,202.31547200803016,,,202.31547200803016,163.12028106036394,,2025-03-22
2025,3,1,6,12,1,1015.2731267965504,1060.3519642286808,893.0273139572022,852.7228361545831,812.1962951133822,1079.782497604599,829.0731012456083,989.550801660811,86.577209211834,907.9795720217184,105.787828619581,911.634362823379,107.6254661462732,-45.0788374321304,186.2000255509421,-0.04251308900523565,0.22458818802732017,1.0,6.123233995736766e-17,1.0,6.123233995736766e-17,23,82,0,0,0,0,4,0.9873494423939864,0.15855938510313478,-0.7818314824680299,0.6234898018587334,1060.3519642286808,1033.926438837432,1052.5797508783137,905.240792079208,1044.39513437058,954.8719259022675,1012.2613861386138,828.2138613861385,813.7821782178218,,888.7605274444495,109.13976799474251,896.8658356526895,106.19418124645605,920.1202186886892,112.7092073117205,909.8722079403464,109.46865019171202,882.0707779675269,113.62407671517563,888.2558752175415,126.21762577314017,892.0495319412125,123.31903269009732,903.6126317571849,151.05466341786382,886.5338028303903,154.41293971544843,-0.01804123711340211,-18.653312040881588,0.12155034956457711,110.03233471734245,,,110.03233471734245,187.05926541041185,,2025-03-23
2025,3,1,0,13,0,759.4562759501756,1015.2731267965504,1060.3519642286808,893.0273139572022,852.7228361545831,1033.926438837432,826.96350047908,945.0271223251357,162.28194497323884,898.8379687000956,117.25043439281976,906.0087607793038,114.02746758773439,-255.8168508463748,-67.50722452890443,-0.25196850393700776,-0.08163265306122447,1.0,6.123233995736766e-17,1.0,6.123233995736766e-17,24,83,0,0,0,0,4,0.989932495087353,0.141540295217043,0.0,1.0,1015.2731267965504,773.4462599808368,787.4362440114978,1082.789603960396,786.9841867043847,713.8222804215906,1207.8118811881188,862.7227722772277,970.990099009901,,886.7619582972121,111.70137493263613,894.8672665054524,108.64702387790537,909.3424410883484,112.07515272071755,908.8890682705531,110.72953839432844,882.885670744823,112.5540893712747,882.9183084885183,121.94922701585118,890.9021264264676,124.07307490042048,902.4374438512976,151.350111514881,885.9078051610296,154.2882684186326,-0.018087855297157618,-13.989984030661162,-0.2986114078188422,-323.3333280102205,,,-323.3333280102205,-103.2664963270521,,2025-03-24
2025,3,1,1,13,0,799.5386905142126,759.4562759501756,1015.2731267965504,1060.3519642286808,893.0273139572022,773.4462599808368,868.2672628553178,858.0893644203128,137.5925192566181,896.7283679335675,119.2184435232155,900.2813797508783,117.76043381086721,40.08241456403698,-68.72857234110518,0.05277777777777759,-0.07915601023017915,1.0,6.123233995736766e-17,1.0,6.123233995736766e-17,25,84,0,0,0,0,4,0.9922222094179323,0.12447926388678915,0.7818314824680298,0.6234898018587336,759.4562759501756,814.3058958799105,829.0731012456083,1044.39513437058,834.5982461103252,751.0178728840625,1368.8534653465347,920.2376237623763,1100.4554455445543,,884.6523575306838,113.42401827142116,892.757665738924,110.29702721797656,901.1805596264695,110.8094823950678,907.6369412849778,111.79384267383456,883.75211391679,111.70405944854389,876.1407516452765,109.83583479723038,889.5610271681546,124.40429836610635,900.765684101129,150.8116075447413,885.4844271480549,154.02652754453848,-0.0181347150259068,-14.767205365697919,-0.23444808942348605,-244.8564438563675,,,-244.8564438563675,-120.69893324816371,,2025-03-25
2025,3,1,2,13,0,797.4290897476844,799.5386905142126,759.4562759501756,1015.2731267965504,1060.3519642286808,814.3058958799105,909.3489619929736,785.4746854040241,22.55727879708424,887.5127435324176,125.28326289090526,890.9547237304374,121.3541967830534,-2.1096007665281604,-111.91987224528918,-0.0026385224274404484,-0.1230769230769232,1.0,6.123233995736766e-17,1.0,6.123233995736766e-17,26,85,0,0,0,0,4,0.994217906893952,0.10738134666416309,0.9749279121818236,-0.22252093395631434,799.5386905142126,812.1962951133822,826.96350047908,786.9841867043847,838.4909618104667,748.5566719897796,817.4702970297029,943.2435643564356,730.2475247524752,,882.5427567641556,115.12088724393158,890.6480649723959,111.92270827995534,901.5287230612462,110.45414396486952,906.1704458541641,112.99732789848383,884.6248356624667,110.81598459631007,875.9021658442999,109.98647793074015,887.9408663391683,124.64657710694675,901.138915017769,150.4699930831036,885.0548889168336,153.77158178448937,-0.018181818181818077,-14.767205365697805,0.013272062157994924,10.444903043299746,,,10.444903043299746,-145.8144746087512,,2025-03-26
2025,3,1,3,13,0,837.1784094538485,797.4290897476844,799.5386905142126,759.4562759501756,1015.2731267965504,812.1962951133822,1079.782497604599,811.3820632385817,22.365178568295914,878.2045927818587,126.85642631002239,870.7377163845416,106.31278337745377,39.7493197061641,-242.6040881507505,0.04984683932052336,-0.22467866323907448,1.0,6.123233995736766e-17,1.0,6.123233995736766e-17,27,86,0,0,0,0,4,0.995918996147179,0.09025161003104117,0.43388373911755823,-0.900968867902419,797.4290897476844,852.7228361545831,868.2672628553178,834.5982461103252,886.7196605374822,785.3636537847334,857.9043117214947,977.7524752475248,662.091089108911,,880.3221243783364,115.93898536396802,888.4274325865765,112.70658673555414,901.6147285060304,110.40122310975204,904.4011154583201,113.6988563454597,885.5500991565581,110.18665759379392,875.6554289125422,110.05056860108255,886.3789322747942,124.38900525543856,902.1116223530188,149.4787020381401,884.8224788223532,153.4323351405123,-0.01822916666666663,-15.544426700734562,0.003091503433596099,2.5801633435232816,,,2.5801633435232816,-140.57406579367625,,2025-03-27
2025,3,1,4,13,0,876.7056659214308,837.1784094538485,797.4290897476844,799.5386905142126,759.4562759501756,852.7228361545831,1033.926438837432,837.104388374321,39.63833992232711,847.596876397317,91.28674879065176,857.6359853082082,93.25998849920254,39.52725646758222,-157.22077291600124,0.04721485411140591,-0.1520618556701031,1.0,6.123233995736766e-17,1.0,6.123233995736766e-17,28,87,0,0,0,0,4,0.9973249731081555,0.07309512989807777,-0.433883739117558,-0.9009688679024191,837.1784094538485,893.0273139572022,909.3489619929736,838.4909618104667,935.3581188118812,821.9115618013416,898.0792526349409,954.7465346534653,759.4574257425743,,877.990460373226,115.80492958251305,886.0957685814664,112.57805744635007,902.8885519763957,109.8669484594177,902.3063849979468,113.64767664991541,886.5285653015598,109.85405355452059,875.4009814516672,110.02280330861555,885.5118115111051,124.17889252783758,902.7630014651234,149.10859551180994,884.7832671658269,153.06051320998526,-0.018276762402088864,-16.32164803577143,0.045575570699594614,38.21470411096402,,,38.21470411096402,-78.0408687320346,,2025-03-28
2025,3,1,5,13,1,1040.9214308527626,876.7056659214308,837.1784094538485,797.4290897476844,799.5386905142126,893.0273139572022,773.4462599808368,918.2685020760138,108.04354077916506,851.871593740019,100.81247113440672,879.9255828808685,102.78636749984224,164.21576493133182,267.4751708719258,0.18731003039513672,0.3458225667527992,1.0,6.123233995736766e-17,1.0,6.123233995736766e-17,29,88,0,0,0,0,5,0.9984354211555643,0.055916990100603484,-0.9749279121818236,-0.2225209339563146,876.7056659214308,1060.3519642286808,1079.782497604599,886.7196605374822,1118.6435643564355,975.2277227722772,1065.9035451932289,1012.2613861386138,701.0376237623761,,875.2146698909521,110.83135706787064,883.3199780991924,107.81330507229845,908.028610986905,112.65612629335938,899.5305945156726,109.02311416834789,887.7016672315684,111.16145264770431,875.1035753285664,109.53432614408524,885.8302564523734,124.54379368609953,904.6512448378478,148.69124872323516,885.5339314143218,153.07368034017884,-0.01832460732984298,-19.43053337591823,0.17390137737761613,154.20177031528033,,,154.20177031528033,28.66004471414874,,2025-03-29
2025,3,1,6,13,1,996.6198147556688,1040.9214308527626,876.7056659214308,837.1784094538485,797.4290897476844,1060.3519642286808,814.3058958799105,971.4156371766206,84.95965094427358,891.3988502076012,103.78131255963318,895.1184094538485,105.63967378928199,-44.301616097093756,182.3139188757583,-0.04256000000000015,0.22388873738751003,1.0,6.123233995736766e-17,1.0,6.123233995736766e-17,30,89,0,0,0,0,5,0.9992500112396835,0.03872228089217446,-0.7818314824680299,0.6234898018587334,1040.9214308527626,1015.2731267965504,1033.926438837432,935.3581188118812,1071.233062919195,941.135728429986,1020.1585180453528,1207.8118811881188,730.2475247524752,,872.549911027969,107.06280830062293,880.6552192362093,104.20517762534197,910.0706675183646,113.71881239634948,896.8658356526895,105.5266891178356,888.6924544873842,111.8912427761418,874.8233526703559,109.1883228938337,883.4836779364572,120.32724636418823,906.1310908934212,148.2707402711829,886.065442817869,152.89847394990477,-0.018372703412073532,-18.653312040881588,0.06549544469834068,61.26169594378757,,,61.26169594378757,-211.19206643245002,,2025-03-30
2025,3,1,0,14,0,745.4662919195146,996.6198147556688,1040.9214308527626,876.7056659214308,837.1784094538485,1015.2731267965504,812.1962951133822,927.6691791759819,159.3395035471376,882.3867837751517,115.08564008104142,889.5575758543595,111.9682391059371,-251.15352283615425,-66.73000319386767,-0.2520053475935826,-0.08215994531783999,1.0,6.123233995736766e-17,1.0,6.123233995736766e-17,31,90,0,1,0,1,5,0.9997685019798909,0.021516097436222254,0.0,1.0,996.6198147556688,759.4562759501756,773.4462599808368,1118.6435643564355,801.4262280421591,709.5396322489393,762.7872245289045,1368.8534653465347,778.9306930693069,,870.5513418807317,109.625715906013,878.6566500889719,106.65895064845648,897.6314251038007,110.48123340525741,894.8672665054524,107.90429237962721,889.3340019815016,110.94435237532021,874.6171510916727,109.41856418514281,876.5571537872681,109.53151387710584,905.9451775537,148.45199435156263,885.3959230516863,152.840508565737,-0.018421052631578894,-13.989984030661049,-0.3335980148883374,-373.17727243692093,,,-373.17727243692093,-623.3871734270201,,2025-03-31
2025,4,2,1,14,0,784.7714851485148,745.4662919195146,996.6198147556688,1040.9214308527626,876.7056659214308,759.4562759501756,852.7228361545831,842.2858639412325,135.09422946294444,880.2771830086232,117.0536261919749,883.8949632705204,115.657919130942,39.305193229000224,-67.95135100606831,0.05272564789991052,-0.07968749999999991,0.8660254037844387,-0.49999999999999983,1.2246467991473532e-16,-1.0,1,91,1,0,1,0,1,0.9999907397361901,0.004303538296244289,0.7818314824680298,0.6234898018587336,745.4662919195146,799.5386905142126,814.3058958799105,1071.233062919195,843.8403066113062,752.851216407355,802.703091664005,817.4702970297029,798.4039603960397,,868.4417411142034,111.34856666236072,876.5470493224436,108.30896390479495,888.0827058447779,107.2929411370887,892.7576657389242,109.50440533707575,889.9040067804509,110.31057703188105,874.4036795855358,109.57793207886257,876.1938336552547,109.78365075246914,905.8694415801027,148.51063118839784,884.9190299810551,152.63344655712604,-0.01846965699208436,-14.767205365697805,-0.26741293532338295,-286.46157777068015,,,-286.46157777068015,-32.698811881188135,,2025-04-01
2025,4,2,2,14,0,785.8614455445544,784.7714851485148,745.4662919195146,996.6198147556688,1040.9214308527626,799.5386905142126,893.0273139572022,772.0330742041943,23.01396193916095,871.7243556904077,122.57706073454358,874.9644742361332,118.97838764423403,1.0899603960396007,-107.1658684126478,0.001388888888888884,-0.12000290107339728,0.8660254037844387,-0.49999999999999983,1.2246467991473532e-16,-1.0,2,92,0,0,0,0,1,0.9999166586547379,-0.01291029607500882,0.9749279121818236,-0.22252093395631434,784.7714851485148,797.4290897476844,812.1962951133822,801.4262280421591,841.730705844778,756.7439321074964,800.2418907697221,857.9043117214947,827.6138613861386,,866.7892205137563,112.65627115145185,874.6659886389559,109.73188770216532,887.5638797615245,107.76302974496738,890.762335013916,110.96785869094766,890.4239623775412,109.73864791389956,874.2324838090459,109.70635064744457,875.3933573644,110.18043488908624,905.6374837143161,148.66606602582442,884.4517772242792,152.42323235623118,-0.014506172839506282,-11.567644203130044,-0.019421354022351678,-15.56478249760471,,,-15.56478249760471,-72.04286617694027,,2025-04-02
2025,4,2,3,14,0,828.3699009900989,785.8614455445544,784.7714851485148,745.4662919195146,996.6198147556688,797.4290897476844,1060.3519642286808,799.6676105610559,24.862886202547994,863.6683948685189,123.76678339018152,855.6326356329181,104.02461115940169,42.50845544554454,-231.98206323858187,0.05409153952843271,-0.21877835951134383,0.8660254037844387,-0.49999999999999983,1.2246467991473532e-16,-1.0,3,93,0,0,0,0,1,0.9995462806873573,-0.030120304846908114,0.43388373911755823,-0.900968867902419,785.8614455445544,837.1784094538485,852.7228361545831,843.8403066113062,883.8116895560523,800.6701555869873,839.7691472373043,898.0792526349409,808.140594059406,,865.5308621617921,113.09050380067157,872.9264932700643,110.29805678445487,887.0481995741509,108.01619375827435,888.7822711365606,111.5893760631761,890.918600688311,109.38860301897834,874.096778496579,109.75653384532616,874.6188090127906,110.26415550394003,905.74986875282,148.59958226359345,884.1884820306915,152.1118633576816,-0.0105216622458002,-8.808508463749604,-0.018333333333333313,-15.470405621207306,,,-15.470405621207306,-69.70935164484195,,2025-04-03
2025,4,2,4,14,0,870.9930891089108,828.3699009900989,785.8614455445544,784.7714851485148,745.4662919195146,837.1784094538485,1015.2731267965504,828.4081452145211,42.56583466769454,835.3470045778769,89.90382510869611,843.609299158948,91.47699495597924,42.62318811881187,-144.2800376876396,0.051454293628808934,-0.1421095800524933,0.8660254037844387,-0.49999999999999983,1.2246467991473532e-16,-1.0,4,94,0,0,0,0,1,0.9988797155850336,-0.04732138832243185,-0.433883739117558,-0.9009688679024191,828.3699009900989,876.7056659214308,893.0273139572022,841.730705844778,925.6706100287448,845.0061386138615,879.037329926541,1065.9035451932289,856.8237623762376,,864.7147797600036,113.01701203070277,871.3526200666148,110.14627102834848,888.0236123496219,107.72458396753711,886.8295025322807,111.39819000114414,891.3826533757226,109.24531763613889,874.0010137249407,109.75568055606298,872.4531372785204,108.36266400143825,905.8285872346682,148.57727089596506,884.1268213161038,151.75705391987916,-0.006515957446808551,-5.712576812519956,0.03476454293628817,29.262383264132836,,,29.262383264132836,-194.91045608431807,,2025-04-04
2025,4,2,5,14,1,1038.3306930693068,870.9930891089108,828.3699009900989,785.8614455445544,784.7714851485148,876.7056659214308,759.4562759501756,912.5645610561054,110.98208870139518,842.29881763015,105.18268023637378,866.8488339188756,102.8689479116118,167.337603960396,278.8744171191312,0.19212276888625435,0.3672027290448343,0.8660254037844387,-0.49999999999999983,1.2246467991473532e-16,-1.0,5,95,0,0,0,0,1,0.9979171608653922,-0.06450844944931623,-0.9749279121818236,-0.2225209339563146,870.9930891089108,1040.9214308527626,1060.3519642286808,883.8116895560523,1099.2130309805175,1011.0816831683168,1043.2345895879912,1020.1585180453528,1022.3465346534653,,864.3446743623671,112.34605219955347,869.7796721266595,107.3616819396191,893.1742458000638,111.1556226897786,884.6551333211662,107.62959436682137,891.8692428382403,109.84718955759035,873.94263400448,109.6658470858018,872.6550503343421,108.65750610393873,905.9173881147561,148.65205761966794,884.8440486265838,151.76687672110666,-0.002488888888888874,-2.590737783455779,0.17483249581239524,154.51900351325446,,,154.51900351325446,18.17217502395397,,2025-04-05
2025,4,2,6,14,1,998.1742574257424,1038.3306930693068,870.9930891089108,828.3699009900989,785.8614455445544,1040.9214308527626,799.5386905142126,969.1660132013199,87.35889822759584,884.4168118811881,109.17329633763181,883.4017978281698,106.95365562742741,-40.15643564356435,198.63556691152985,-0.03867403314917128,0.2484377169837524,0.8660254037844387,-0.49999999999999983,1.2246467991473532e-16,-1.0,6,96,0,0,0,0,1,0.9966589017541702,-0.08167639533042241,-0.7818314824680299,0.6234898018587334,1038.3306930693068,996.6198147556688,1015.2731267965504,925.6706100287448,1052.5797508783137,975.555530410184,998.3963206643244,762.7872245289045,1158.659405940594,,864.566737600949,112.65220224302797,868.558324314459,105.66304945125471,895.5910340466304,112.66449491230014,882.7120799835744,104.9433180934347,892.2731486778039,110.20150993162194,873.9399903944968,109.66281348843077,875.2704618109736,108.81604266468864,905.0258039563403,147.60528756805718,885.3687255191725,151.609747440762,0.0015597147950090484,1.5544426700736267,0.07832553676382381,72.50364739699762,,,72.50364739699762,235.38703289683792,,2025-04-06
2025,4,2,0,15,0,749.6632871287128,998.1742574257424,1038.3306930693068,870.9930891089108,828.3699009900989,996.6198147556688,797.4290897476844,928.7227458745873,156.3644849563771,878.5654455445543,116.29095711330582,879.4213142765888,111.24685110580853,-248.51097029702964,-47.765802618971634,-0.24896551724137927,-0.059899749373433675,0.8660254037844387,-0.49999999999999983,1.2246467991473532e-16,-1.0,7,97,0,0,0,0,1,0.9951053111006976,-0.09882013873287143,0.0,1.0,998.1742574257424,745.4662919195146,759.4562759501756,1099.2130309805175,787.4362440114978,735.3544837340877,746.4655764931332,802.703091664005,730.6188118811881,,865.1663083451201,111.921462340483,867.8588251129258,106.47020636838856,883.9393759182369,108.89183490691256,881.3630458091891,106.44547198877798,892.5286630241364,109.8470798730756,873.9780583782538,109.6185753984045,874.6811306494703,109.35576168804221,905.1316065966043,147.48635278453125,884.7433548353455,151.53866601682097,0.005630026809651412,4.196995209198235,-0.31800000000000017,-349.5497438518047,,,-349.5497438518047,-53.039804535292205,,2025-04-07
2025,4,2,1,15,0,792.401207920792,749.6632871287128,998.1742574257424,1038.3306930693068,870.9930891089108,745.4662919195146,837.1784094538485,846.7462508250823,132.87009955477004,879.6554059405939,115.27449820228085,875.6898808155009,113.52029592053894,42.737920792079194,-44.77720153305654,0.05700948882767065,-0.05348585322723254,0.8660254037844387,-0.49999999999999983,1.2246467991473532e-16,-1.0,8,98,0,0,0,0,2,0.9932568492674143,-0.11593459959550041,0.7818314824680298,0.6234898018587336,749.6632871287128,784.7714851485148,799.5386905142126,1052.5797508783137,829.0731012456083,780.1002263083451,785.4746854040242,800.2418907697221,662.4277227722773,,866.2562687411597,111.04173280189713,867.3490049276817,106.83896413318814,875.2667578196529,105.29904059646955,880.0533353333029,107.33457218433281,892.748323410073,109.63025498631536,874.0605169796439,109.55378424716463,874.594011951149,109.41883528567597,905.853681514096,146.60701201713292,884.3197670054622,151.31839800131053,0.009722222222222188,7.629722772277205,-0.24718178621659648,-260.1785429575217,,,-260.1785429575217,-7.840682848930101,,2025-04-08
2025,4,2,2,15,0,793.4911683168316,792.401207920792,749.6632871287128,998.1742574257424,1038.3306930693068,784.7714851485148,876.7056659214308,778.5185544554453,24.99533642079764,873.8422838283827,119.19091255129003,868.7553393484508,115.96785431454416,1.0899603960396007,-83.21449760459916,0.0013755158184318717,-0.09491725768321513,0.8660254037844387,-0.49999999999999983,1.2246467991473532e-16,-1.0,9,99,0,0,0,0,2,0.9911140639934547,-0.1330147065341959,0.9749279121818236,-0.22252093395631434,792.401207920792,785.8614455445544,797.4290897476844,787.4362440114978,826.96350047908,783.9929420084866,783.0134845097413,839.7691472373043,759.8435643564356,,867.3462291371994,110.15497771260127,867.0677248254777,107.04219627101739,875.4685886298306,105.13055535003929,878.8578948989368,108.13120364327477,892.9179345941506,109.46616275095634,874.1852513106807,109.45479218920227,874.0798121853659,109.69272500416426,906.0406126472093,146.44115925847274,883.9050245456967,151.0956477152727,0.009708737864077666,7.629722772277205,0.007689415303628433,6.0549243053337705,,,6.0549243053337705,-46.27797892047272,,2025-04-09
2025,4,2,3,15,0,836.4011881188118,793.4911683168316,792.401207920792,749.6632871287128,998.1742574257424,785.8614455445544,1040.9214308527626,807.4311881188117,25.0946743038439,868.0769669966995,120.18872879135714,851.7119857872882,102.62637123792244,42.910019801980184,-204.5202427339508,0.05407750144592249,-0.19648,0.8660254037844387,-0.49999999999999983,1.2246467991473532e-16,-1.0,10,100,0,0,0,0,2,0.9886775902323405,-0.1500553983446526,0.43388373911755823,-0.900968867902419,793.4911683168316,828.3699009900989,837.1784094538485,829.0731012456083,868.2672628553178,829.3533239038189,821.633982753114,879.037329926541,701.3940594059405,,868.4935558698726,109.72233256920306,867.0122090158324,107.05909055819593,875.7128581922706,105.0275016336062,877.7198208012044,108.41412183289607,893.0437893122755,109.395781803423,874.3610513745582,109.38120478965867,873.6060772763913,109.76311890967266,906.7906522511698,145.7311661005288,883.6890980164836,150.7843029039631,0.00969529085872578,8.031287128712847,0.008838891120932058,7.3280868732034605,,,7.3280868732034605,-42.636141807729246,,2025-04-10
2025,4,2,4,15,0,879.4259405940593,836.4011881188118,793.4911683168316,792.401207920792,749.6632871287128,828.3699009900989,996.6198147556688,836.439432343234,42.96739890370487,841.5928415841585,88.49934147700306,841.9458296071542,92.67692834611866,43.02475247524751,-117.19387416160953,0.05144032921810693,-0.11759135472370752,0.8660254037844387,-0.49999999999999983,1.2246467991473532e-16,-1.0,11,101,0,0,0,0,2,0.9859481499638304,-0.16705162550211924,-0.433883739117558,-0.9009688679024191,836.4011881188118,870.9930891089108,876.7056659214308,826.96350047908,909.3489619929736,875.1234653465348,859.9954072181413,1043.2345895879912,730.6188118811881,,869.6982489391795,109.80061623853082,867.2065143495914,107.08050328391015,877.4616061961034,104.6238006808967,876.6511414655289,108.238132375407,893.1206192274097,109.3844775787667,874.5923672480809,109.37100382029347,871.7859811764586,108.26666793928683,907.6173585217969,145.14709966155473,883.6698077114048,150.44149431775296,0.009681881051175623,8.43285148514849,0.06343984962406024,52.462440114979245,,,52.462440114979245,-163.8086489939319,,2025-04-11
2025,4,2,5,15,1,1048.369801980198,879.4259405940593,836.4011881188118,793.4911683168316,792.401207920792,870.9930891089108,745.4662919195146,921.3989768976895,112.04452306109725,849.9587656765676,106.75177437163887,867.1877887788778,104.50568521651672,168.94386138613868,302.9035100606834,0.19210697977821267,0.40632757422301635,0.8660254037844387,-0.49999999999999983,1.2246467991473532e-16,-1.0,12,102,0,0,0,0,2,0.9829265519799822,-0.18399835165768005,-0.9749279121818236,-0.2225209339563146,879.4259405940593,1038.3306930693068,1040.9214308527626,868.2672628553178,1079.782497604599,1046.9356435643565,1020.5656339827532,998.3963206643244,779.3267326732673,,871.1324073550212,112.4049798262393,867.7385408586941,108.02433708143951,883.4650241669328,109.14746352357845,875.5292594789431,106.19828210367183,893.1462291991213,109.42130644604502,874.9233692480504,109.85908644293536,872.3412420799682,109.04862706677247,909.1120422401686,145.20387224265065,884.4116995774805,150.50721792779953,0.009668508287292932,10.039108910891173,0.20742753623188404,180.1025391248802,,,180.1025391248802,49.97348131587353,,2025-04-12
2025,4,2,6,15,1,1007.811801980198,1048.369801980198,879.4259405940593,836.4011881188118,793.4911683168316,1038.3306930693068,784.7714851485148,978.5358481848183,88.19477409680633,892.9835181518151,110.21009822812107,885.7744818481848,108.2811595892974,-40.55799999999999,223.04031683168319,-0.0386867305061559,0.28421052631578947,0.8660254037844387,-0.49999999999999983,1.2246467991473532e-16,-1.0,13,103,0,0,0,0,2,0.9796136916454901,-0.20089055513063506,-0.7818314824680299,0.6234898018587334,1048.369801980198,998.1742574257424,996.6198147556688,909.3489619929736,1033.926438837432,1009.9753323903818,976.634123283296,746.4655764931332,798.809900990099,,872.509199434229,114.26404602872768,868.5379685175891,109.08766226517757,886.7471188331734,111.40960052243841,874.596593876899,104.86193333355638,893.1075947275109,109.37968046144628,875.2945320896804,110.25880030009266,875.2450890298246,109.13867854584123,910.2731639123358,145.1525464499922,884.9650632653851,150.39504594321585,0.009655172413793212,9.63754455445553,0.10827838827838798,98.46283998722436,,,98.46283998722436,261.34622548706477,,2025-04-13
2025,4,2,0,16,0,756.8914455445544,1007.811801980198,1048.369801980198,879.4259405940593,836.4011881188118,998.1742574257424,785.8614455445544,937.6910165016499,157.88477280821746,887.065224422442,117.40989962382885,883.3603151815181,111.00007721419544,-250.9203564356436,-28.970000000000027,-0.2489754098360656,-0.036864004671873896,0.8660254037844387,-0.49999999999999983,1.2246467991473532e-16,-1.0,14,104,0,0,0,0,2,0.9760105506323683,-0.21772323039653177,0.0,1.0,1007.811801980198,749.6632871287128,745.4662919195146,1079.782497604599,773.4462599808368,761.1693352192362,730.1439284573619,785.4746854040242,828.0346534653465,,873.5417934936349,112.99448097142424,869.3540509193775,108.13471633702493,875.9840837645054,107.65132481200935,874.0053505041748,105.49811314066856,893.0312038404629,109.47495401116093,875.6129549121467,109.87250710023702,874.9274974758305,109.44400520664003,909.8779238683315,145.47422955003307,884.393306043417,150.3012569720657,0.009641873278236845,7.228158415841563,-0.2990334190231363,-322.8910520600447,,,-322.8910520600447,-28.583239859469813,,2025-04-14
2025,4,2,1,16,0,800.0309306930692,756.8914455445544,1007.811801980198,1048.369801980198,879.4259405940593,749.6632871287128,828.3699009900989,854.9113927392737,134.16093005883334,888.1551848184818,116.39343527477229,880.9987343234321,112.5667900539778,43.13948514851484,-28.338970297029732,0.05699560406245263,-0.03421052631578947,0.8660254037844387,-0.49999999999999983,1.2246467991473532e-16,-1.0,15,105,0,0,0,0,3,0.9721181966290613,-0.23449138957040985,0.7818314824680298,0.6234898018587336,756.8914455445544,792.401207920792,784.7714851485148,1033.926438837432,814.3058958799105,807.3492362093351,768.2462791440433,783.0134845097413,808.5514851485149,,874.6317538896747,112.11471253953435,870.4440113154171,107.29017869561278,868.1875668263599,104.23364800626894,873.4955303189305,105.83126207895745,892.9005198133867,109.58340952806272,875.991343621064,109.55255883002485,875.1165802112008,109.29802709886953,909.8305874546902,145.50876690941007,884.0183621529711,150.07081229111122,0.009628610729023324,7.629722772277205,-0.22622064719358537,-233.8955081443628,,,-233.8955081443628,17.017446183327934,,2025-04-15
2025,4,2,2,16,0,801.1208910891089,800.0309306930692,756.8914455445544,1007.811801980198,1048.369801980198,792.401207920792,870.9930891089108,786.0144224422439,25.22712510282394,882.2751353135313,120.35464352721115,875.1760511551155,114.91404601459321,1.0899603960397144,-69.87219801980189,0.0013623978201635634,-0.08022130013831252,0.8660254037844387,-0.49999999999999983,1.2246467991473532e-16,-1.0,16,106,0,0,0,0,3,0.9679377830240642,-0.25119006388481935,0.9749279121818236,-0.22252093395631434,800.0309306930692,793.4911683168316,785.8614455445544,773.4462599808368,812.1962951133822,811.2419519094767,765.7850782497604,821.633982753114,857.259405940594,,875.7217142857141,111.2279857124244,871.5339717114567,106.43894029810798,869.110054529969,103.48603807025957,873.0999801752065,106.08923989601473,892.7197865844516,109.72878546119374,876.4120080596275,109.19153285670177,874.8886569704898,109.43211559156309,909.5187068166263,145.6821362603763,883.6515591836619,149.83845067796884,0.009615384615384803,7.629722772277319,0.03578093597473453,27.674631108272138,,,27.674631108272138,-20.51309166400506,,2025-04-16
2025,4,2,3,16,0,844.4324752475247,801.1208910891089,800.0309306930692,756.8914455445544,1007.811801980198,793.4911683168316,1038.3306930693068,815.1947656765675,25.32646341542339,876.4428910891089,121.36396472344859,859.0178663366337,102.89019068351185,43.311584158415826,-193.89821782178205,0.054063730755460115,-0.18674033149171265,0.8660254037844387,-0.49999999999999983,1.2246467991473532e-16,-1.0,17,107,0,0,0,0,3,0.9634705485641488,-0.2678143051621742,0.43388373911755823,-0.900968867902419,801.1208910891089,836.4011881188118,828.3699009900989,814.3058958799105,852.7228361545831,858.0364922206506,803.4988182689237,859.9954072181413,1022.8663366336633,,876.8690410183874,110.79537221456654,872.6812984441301,106.02363642193535,870.1142738422228,103.08126616814063,872.803895857097,106.15976209551614,892.4768577099316,109.82198641049386,876.8993134998489,108.95329221598077,874.7157355041495,109.46820399709755,908.5274075867035,145.5135316856442,883.478787888789,149.52924142752008,0.009602194787380114,8.031287128712961,0.03699663666939368,30.126579367614227,,,30.126579367614227,-15.562931970616546,,2025-04-17
2025,4,2,4,16,0,887.8587920792079,844.4324752475247,801.1208910891089,800.0309306930692,756.8914455445544,836.4011881188118,998.1742574257424,844.4707194719471,43.36896314194575,849.6910561056106,89.35721092774745,849.8249108910891,93.85844146985015,43.42631683168315,-110.31546534653455,0.05142663043478257,-0.1105172413793103,0.8660254037844387,-0.49999999999999983,1.2246467991473532e-16,-1.0,18,108,0,0,0,0,3,0.9587178169872964,-0.2843591872810034,-0.433883739117558,-0.9009688679024191,844.4324752475247,879.4259405940593,870.9930891089108,812.1962951133822,893.0273139572022,905.240792079208,840.9534845097414,1020.5656339827532,1159.2485148514852,,878.0737340876943,110.8736254482148,873.885991513437,106.09877020548265,872.6363570744171,102.53951705234381,872.6193057900258,106.12778401593236,892.1664648527886,109.80981838151831,877.457710018533,108.88702370046379,873.2412150385545,108.36981379220397,907.0196869046351,144.30214601923785,883.4979984334839,149.19980031168342,0.009589041095890538,8.432851485148603,0.0931578947368421,75.66249696582565,,,75.66249696582565,-132.7068419035453,,2025-04-18
2025,4,2,5,16,1,1058.4089108910891,887.8587920792079,844.4324752475247,801.1208910891089,800.0309306930692,879.4259405940593,749.6632871287128,930.2333927392738,113.10695751591132,858.1239075907591,107.75699554945152,875.5537128712871,105.50086451687645,170.55011881188125,308.74562376237634,0.19209149059895325,0.41184573002754843,0.8660254037844387,-0.49999999999999983,1.2246467991473532e-16,-1.0,19,109,0,0,0,0,3,0.9536809966304457,-0.30081980763566735,-0.9749279121818236,-0.2225209339563146,887.8587920792079,1048.369801980198,1038.3306930693068,852.7228361545831,1060.3519642286808,1082.789603960396,997.8966783775152,976.634123283296,745.9158415841583,,879.507892503536,113.47789248771285,875.3201499292785,108.59883483908662,879.4925595656338,107.8985622320616,872.549911027969,106.00104263376372,891.7310953336939,109.08625001304362,878.1780937389327,109.88899471242554,874.1498237897522,109.58246358747643,908.7557595118959,144.23286398212792,884.2618015446525,149.32027252700834,0.009575923392612928,10.039108910891173,0.24121093750000022,205.68607473650604,,,205.68607473650604,81.77478760779309,,2025-04-19
2025,4,2,6,16,1,1017.4493465346534,1058.4089108910891,887.8587920792079,844.4324752475247,801.1208910891089,1048.369801980198,792.401207920792,987.9056831683165,89.03065084853844,901.5502244224423,111.2469007303632,894.3077244224422,109.30949926863106,-40.95956435643575,225.0481386138614,-0.03869918699187003,0.2840078187214943,0.8660254037844387,-0.49999999999999983,1.2246467991473532e-16,-1.0,20,110,0,0,0,0,3,0.9483615800121715,-0.3171912885891061,-0.7818314824680299,0.6234898018587334,1058.4089108910891,1007.811801980198,998.1742574257424,893.0273139572022,1015.2731267965504,1044.39513437058,954.8719259022675,730.1439284573619,676.2970297029703,,880.884684582744,115.33724113726618,876.6969420084866,110.38367670511767,883.6399606515489,110.78929203237136,872.6276331614727,106.11030756218224,891.2499205509096,108.45823251718248,878.9230630321754,110.62484012082338,877.3421062128332,109.52502398879484,910.6510501609607,143.40022834095626,884.8408778272177,149.2524864648623,0.0095628415300546,9.637544554455417,0.13932612209374606,124.4220325774512,,,124.4220325774512,287.3054180772915,,2025-04-20
2025,4,2,0,17,0,764.119603960396,1017.4493465346534,1058.4089108910891,887.8587920792079,844.4324752475247,1007.811801980198,793.4911683168316,946.6592871287127,159.40506085585668,895.56500330033,118.5288452829481,891.8600940594059,112.06625918530325,-253.32974257425735,-29.371564356435556,-0.24898511502029763,-0.037015615962984305,0.8660254037844387,-0.49999999999999983,1.2246467991473532e-16,-1.0,21,111,0,0,0,0,3,0.9427611433904207,-0.3334687789181868,0.0,1.0,1017.4493465346534,756.8914455445544,749.6632871287128,1060.3519642286808,759.4562759501756,786.9841867043847,713.8222804215906,768.2462791440433,775.7524752475248,,881.9172786421499,114.06750350198814,877.7295360678925,109.16480453573165,873.7655486426061,107.65311673205741,872.7941805904092,105.92960427290221,890.8416244304811,108.90002000690502,879.5218406933517,109.85386979152346,877.2962542663483,109.57206312802772,910.5864230982545,143.4639707131513,884.3182749100453,149.13933252856708,0.009549795361528002,7.228158415841676,-0.279371727748691,-296.23236026828476,,,-296.23236026828476,-4.126675183647308,,2025-04-21
2025,4,2,1,17,0,807.6606534653465,764.119603960396,1017.4493465346534,1058.4089108910891,887.8587920792079,756.8914455445544,836.4011881188118,863.076534653465,135.45176091168577,896.6549636963696,117.51237562665565,889.4650495049505,113.65511291657523,43.54104950495048,-28.74053465346526,0.0569819819819819,-0.03436213991769532,0.8660254037844387,-0.49999999999999983,1.2246467991473532e-16,-1.0,22,112,0,0,0,0,4,0.9368813462954315,-0.3496474552512284,0.7818314824680298,0.6234898018587336,764.119603960396,800.0309306930692,792.401207920792,1015.2731267965504,799.5386905142126,834.5982461103252,751.0178728840625,765.7850782497604,716.079207920792,,883.0072390381895,113.18769694450914,878.8194964639321,108.32021676304137,866.8451328648993,104.88011391945291,873.0842506958069,105.73251405192029,890.3605959903922,109.21201967152999,880.1961595097955,109.22762790826354,877.7615384354102,109.1814377509727,911.0952089068354,142.93171616100986,883.9878541279561,148.9012482289998,0.0095367847411445,7.629722772277319,-0.20448928258967614,-207.6124733312039,,,-207.6124733312039,41.87557521558608,,2025-04-22
2025,4,2,2,17,0,808.7506138613861,807.6606534653465,764.119603960396,1017.4493465346534,1058.4089108910891,800.0309306930692,879.4259405940593,793.5102904290428,25.4589147792997,890.7079867986798,121.51837666945077,883.5754389438944,116.02903941987095,1.0899603960396007,-70.67532673267317,0.0013495276653170407,-0.0803652968036529,0.8660254037844387,-0.49999999999999983,1.2246467991473532e-16,-1.0,23,113,0,0,0,0,4,0.9307239310379795,-0.36572252349726897,0.9749279121818236,-0.22252093395631434,807.6606534653465,801.1208910891089,793.4911683168316,759.4562759501756,797.4290897476844,838.4909618104667,748.5566719897796,803.4988182689237,745.9158415841583,,884.0971994342292,112.30099787636803,879.9094568599718,107.46899166671305,868.4882774619397,103.5169350464238,873.4885908427248,105.45375991268516,889.8295183484444,109.54065447376014,880.9127540558861,108.54893830765573,877.8198917197709,109.14269778691914,911.4442909750422,142.60239622087755,883.66494751737,148.6617272999155,0.00952380952380949,7.629722772277205,0.06490740740740741,49.294337911210505,,,49.294337911210505,5.251795592462372,,2025-04-23
2025,4,2,3,17,0,852.4637623762376,808.7506138613861,807.6606534653465,764.119603960396,1017.4493465346534,801.1208910891089,1048.369801980198,822.9583432343233,25.558253509796202,884.8088151815181,122.53920252588958,867.2499356435643,103.88044155307408,43.71314851485147,-195.90603960396038,0.054050219889345996,-0.18686730506155946,0.8660254037844387,-0.49999999999999983,1.2246467991473532e-16,-1.0,24,114,0,0,0,0,4,0.9242907221930934,-0.3816892202666588,0.43388373911755823,-0.900968867902419,808.7506138613861,844.4324752475247,836.4011881188118,799.5386905142126,837.1784094538485,886.7196605374822,785.3636537847334,840.9534845097414,795.6435643564356,,885.2445261669025,111.86841543307486,881.0567835926449,107.05371113611108,870.2524465240072,102.74949285382742,874.0344963042386,105.29827963393838,889.2178058812793,109.6539264963329,881.7115648724516,108.08321709789365,877.9477836960654,109.10575037013703,911.7599587418188,142.40738101877105,883.5316091193309,148.35638970919695,0.009510869565217295,8.031287128712847,0.06619451002175625,52.92507186202499,,,52.92507186202499,11.510277866496153,,2025-04-24
2025,4,2,4,17,0,896.2916435643564,852.4637623762376,808.7506138613861,807.6606534653465,764.119603960396,844.4324752475247,1007.811801980198,852.5020066006599,43.7705273823542,857.7892706270626,90.2150853994178,857.9565891089109,94.74942770901242,43.827881188118795,-111.52015841584159,0.0514131897711978,-0.1106557377049181,0.8660254037844387,-0.49999999999999983,1.2246467991473532e-16,-1.0,25,115,0,0,0,0,4,0.9175836260593937,-0.39754281428255595,-0.433883739117558,-0.9009688679024191,852.4637623762376,887.8587920792079,879.4259405940593,797.4290897476844,876.7056659214308,935.3581188118812,821.9115618013416,997.8966783775152,815.5346534653465,,886.4492192362094,111.94663881200748,882.2614766619519,107.12881720985585,873.5478649845628,101.91532915311961,874.7339955057716,105.38170352399601,888.5201902518593,109.4791765257824,882.597042036297,107.89191196372587,876.8188388648081,108.37387519272244,912.2086086868134,142.22963287961744,883.585907138246,148.04138953004613,0.009497964721845387,8.43285148514849,0.12397660818713452,98.86255381667195,,,98.86255381667195,-101.6050348131588,,2025-04-25
2025,4,2,5,17,1,1068.44801980198,896.2916435643564,852.4637623762376,808.7506138613861,807.6606534653465,887.8587920792079,756.8914455445544,939.0678085808578,114.16939206318202,866.2890495049504,108.76221723319769,883.9196369636962,106.49605859870704,172.1563762376237,311.5565742574257,0.19207629288274441,0.41162649689252695,0.8660254037844387,-0.49999999999999983,1.2246467991473532e-16,-1.0,26,116,0,0,0,0,4,0.9106046300942163,-0.4132786077829042,-0.9749279121818236,-0.2225209339563146,896.2916435643564,1058.4089108910891,1048.369801980198,837.1784094538485,1040.9214308527626,1118.6435643564355,975.2277227722772,954.8719259022675,845.3712871287129,,887.8833776520509,114.55081101752917,883.6956350777934,109.6288293636979,881.2568519961673,107.65458393193333,875.7170879682437,107.10379029421118,887.6238412419582,107.752681376691,883.7068074771269,109.32607674223419,878.0807954636938,109.94288342727567,913.4479238683316,142.61535798448713,884.3692211749567,148.21537521650382,0.009485094850948395,10.039108910890945,0.27624889478337744,231.26961034813155,,,231.26961034813155,113.57609389971253,,2025-04-26
2025,4,2,6,17,1,1027.0868910891088,1068.44801980198,896.2916435643564,852.4637623762376,808.7506138613861,1058.4089108910891,800.0309306930692,997.275518151815,89.86652845816666,910.1169306930693,112.28370382741168,902.8409669966996,110.33785401668844,-41.36112871287128,227.0559603960396,-0.03871140939597317,0.28380897748458334,0.8660254037844387,-0.49999999999999983,1.2246467991473532e-16,-1.0,27,117,0,0,0,0,4,0.9033558023246845,-0.4288919379124835,-0.7818314824680299,0.6234898018587334,1068.44801980198,1017.4493465346534,1007.811801980198,876.7056659214308,996.6198147556688,1071.233062919195,941.135728429986,713.8222804215906,825.4801980198021,,889.2601697312588,116.41043681329306,885.0724271570014,111.41396631946662,886.2695595017566,110.8878967488674,876.805197837295,108.52294306005102,886.8355167449924,106.53962245369861,884.730035604021,110.2682204927567,881.5615133599994,109.64260217716765,914.5679610520498,142.71227072754743,884.9714054361978,148.1912814496518,0.009472259810554773,9.637544554455417,0.17152988855116513,150.38122516767805,,,150.38122516767805,313.26461066751824,,2025-04-27
2025,4,2,0,18,0,771.3477623762376,1027.0868910891088,1068.44801980198,896.2916435643564,852.4637623762376,1017.4493465346534,801.1208910891089,955.6275577557753,160.92534909374584,904.0647821782178,119.64779400232652,900.3598729372937,113.13245712439019,-255.7391287128712,-29.773128712871312,-0.248994638069705,-0.03716433941997854,0.8660254037844387,-0.49999999999999983,1.2246467991473532e-16,-1.0,28,118,0,0,0,0,4,0.895839290734909,-0.4443781781046132,0.0,1.0,1027.0868910891088,764.119603960396,756.8914455445544,1040.9214308527626,745.4662919195146,801.4262280421591,709.5396322489393,751.0178728840625,875.2079207920791,,890.2927637906647,115.14052982315013,886.1050212164073,110.19491207329767,877.2837705525392,108.82683647336755,877.7295360678925,107.46793265985481,886.2984012866724,107.0526236437234,885.4658466769652,109.2869584449935,881.7874010210237,109.39128590533845,913.9909601719618,143.08177705939173,884.49399517124,148.06160878458581,0.009459459459459474,7.228158415841563,-0.258976,-269.573668476525,,,-269.573668476525,20.329889492175084,,2025-04-28
2025,4,2,1,18,0,815.2903762376237,771.3477623762376,1027.0868910891088,1068.44801980198,896.2916435643564,764.119603960396,844.4324752475247,871.2416765676566,136.74259210345045,905.1547425742574,118.63131916513638,897.9313646864686,114.74345100484562,43.94261386138612,-29.142099009901017,0.056968615201546946,-0.03451086956521743,0.8660254037844387,-0.49999999999999983,1.2246467991473532e-16,-1.0,29,119,0,0,0,0,5,0.8880573226294932,-0.45973273945210397,0.7818314824680298,0.6234898018587336,771.3477623762376,807.6606534653465,800.0309306930692,996.6198147556688,784.7714851485148,843.8403066113062,752.851216407355,748.5566719897796,1044.2821782178216,,891.3827241867042,114.26068588533329,887.194981612447,109.35027526316371,871.2394559352709,106.99036487139117,878.8194964639321,106.64180472791207,885.7885811014281,107.32613229882509,886.209170008278,108.58418558203462,882.5288866237776,108.70206165498966,912.7187834942941,142.93478955342388,884.2044402803043,147.81802322493994,0.009446693657219951,7.629722772277205,-0.18194444444444424,-181.3294385180451,,,-181.3294385180451,66.73370424784412,,2025-04-29
2025,4,2,2,18,0,816.3803366336633,815.2903762376237,771.3477623762376,1027.0868910891088,1068.44801980198,807.6606534653465,887.8587920792079,801.0061584158415,25.69070542331244,899.1408382838284,122.68211191636122,891.9748267326733,117.14404666451406,1.0899603960396007,-71.47845544554457,0.0013368983957218195,-0.08050655811849838,0.8660254037844387,-0.49999999999999983,1.2246467991473532e-16,-1.0,30,120,0,1,0,0,5,0.8800122039735357,-0.47495107206704995,0.9749279121818236,-0.22252093395631434,815.2903762376237,808.7506138613861,801.1208910891089,745.4662919195146,785.8614455445544,841.730705844778,756.7439321074964,785.3636537847334,1183.519801980198,,892.4726845827438,113.3740140862,888.2849420084866,108.49906337576164,873.6032574257424,104.87828981211605,879.9094568599716,105.8092268238889,885.335895936944,107.56852863295862,886.9191272050181,107.9204349714709,882.8735164332102,108.43939743011902,910.6791197979244,141.66276031732446,883.9218398484433,147.57341160954496,0.00943396226415083,7.629722772277205,0.09512709760699023,70.91404471414876,,,70.91404471414876,31.016682848929918,,2025-04-30
2025,5,2,3,18,0,860.4950495049504,816.3803366336633,815.2903762376237,771.3477623762376,1027.0868910891088,808.7506138613861,1058.4089108910891,830.721920792079,25.790044560467315,893.1747392739275,123.71444214537723,875.482004950495,104.87070754848062,44.11471287128711,-197.9138613861387,0.05403696156278537,-0.18699186991869932,0.49999999999999994,-0.8660254037844387,1.2246467991473532e-16,-1.0,1,121,1,0,0,0,1,0.8717063187093218,-0.49002866642905923,0.43388373911755823,-0.900968867902419,816.3803366336633,852.4637623762376,844.4324752475247,784.7714851485148,828.3699009900989,883.8116895560523,800.6701555869873,821.9115618013416,785.3465346534653,,893.6200113154172,112.94146212288395,889.4322687411598,108.08380582390107,876.1273762376237,103.56970343506609,881.0567835926449,105.4030592606953,884.9195273646028,107.61964973541323,887.631328323089,107.54112819455035,883.302221852139,108.27182056095333,911.0966115470995,141.40182553555186,883.8246332495078,147.2733776127516,0.009421265141319024,8.031287128712847,0.09649122807017552,75.72356435643565,,,75.72356435643565,38.58348770360885,,2025-05-01
2025,5,2,4,18,0,905.4628553177896,860.4950495049504,816.3803366336633,815.2903762376237,771.3477623762376,852.4637623762376,1017.4493465346534,860.779413818801,44.5419401359438,866.010545193229,91.13641452814387,866.1497973490896,95.66777858182536,44.967805812839174,-111.98649121686378,0.0522580645161288,-0.11006591295997226,0.49999999999999994,-0.8660254037844387,1.2246467991473532e-16,-1.0,2,122,0,0,0,0,1,0.8631421280499114,-0.5049610547215204,-0.433883739117558,-0.9009688679024191,860.4950495049504,896.2916435643564,887.8587920792079,785.8614455445544,870.9930891089108,925.6706100287448,845.0061386138615,975.2277227722772,712.0475247524753,,894.9301844230505,113.0307794798362,890.6897018296298,108.16646217164939,880.1140898967316,102.26902253441301,882.2878466715335,105.4824324981709,884.5586746019071,107.51435262034839,888.3510511409929,107.45469022753433,882.5270566582002,107.85522813527992,912.171141161351,140.6134727596119,883.9140473902856,146.97409570390866,0.01023239680887933,9.171211753433226,0.15219147147543133,119.60140977323522,,,119.60140977323522,-69.76486745448756,,2025-05-02
2025,5,2,5,18,1,1080.245129351645,905.4628553177896,860.4950495049504,816.3803366336633,815.2903762376237,896.2916435643564,764.119603960396,948.7343447247949,116.08979604074867,874.8702515703181,110.46187733789355,892.4935911316938,107.77681805835373,174.7822740338553,316.12552539124886,0.19303086041283501,0.4137120991959702,0.49999999999999994,-0.8660254037844387,1.2246467991473532e-16,-1.0,3,123,0,0,0,0,1,0.854322169749827,-0.5197438121555155,-0.9749279121818236,-0.2225209339563146,905.4628553177896,1068.44801980198,1058.4089108910891,828.3699009900989,1038.3306930693068,1099.2130309805175,1011.0816831683168,941.135728429986,816.760396039604,,896.6154857872882,116.09554297603097,892.2494317196696,110.89400844456254,888.5099308421163,108.05010071106648,883.784790824474,108.04519777125506,884.2199620728201,106.85365967780993,889.1744255003183,108.66461884772181,884.0727166684409,109.68582380716306,913.634945235307,140.9856481928323,884.7219942296329,147.2098772651613,0.011041350941762396,11.79710954966481,0.3040612992583327,251.87522836154596,,,251.87522836154596,139.1094009216589,,2025-05-03
2025,5,2,6,18,1,1039.255956563398,1080.245129351645,905.4628553177896,860.4950495049504,816.3803366336633,1068.44801980198,807.6606534653465,1008.3213137442773,91.40527842456115,919.5216172681784,114.32621677470857,911.7931997231981,111.86320115992395,-40.98917278824683,231.59530309805155,-0.037944325481798935,0.28674827986775053,0.49999999999999994,-0.8660254037844387,1.2246467991473532e-16,-1.0,4,124,0,0,0,0,1,0.8452490573530633,-0.5343725582809787,-0.7818314824680299,0.6234898018587334,1080.245129351645,1027.0868910891088,1017.4493465346534,870.9930891089108,998.1742574257424,1052.5797508783137,975.555530410184,709.5396322489393,753.9326732673267,,898.3539237121868,118.44225859764182,893.8070467217228,112.92243348346587,894.1186930905993,111.42396228294936,885.2519943651047,109.9187758454981,883.9820371743396,106.48616839745472,889.9327639069041,109.49381968115966,887.7362313830461,109.29649062595612,915.2200745869517,140.78388157747156,885.3553301408368,147.23939635673278,0.011848136296808587,12.169065474289255,0.19318507753790848,168.26286745448726,,,168.26286745448726,329.7163243144588,,2025-05-04
2025,5,2,0,19,0,781.1074417119131,1039.255956563398,1080.245129351645,905.4628553177896,860.4950495049504,1027.0868910891088,808.7506138613861,966.8695092089852,162.17486661642857,913.8244615138932,121.20396536096317,909.4896020440752,114.43316731925783,-258.14851485148495,-27.643172149473003,-0.2483974358974358,-0.034180094179453446,0.49999999999999994,-0.8660254037844387,1.2246467991473532e-16,-1.0,5,125,0,0,0,0,1,0.835925479418637,-0.548842958284719,0.0,1.0,1039.255956563398,771.3477623762376,764.119603960396,1038.3306930693068,749.6632871287128,787.4362440114978,735.3544837340877,752.851216407355,785.3465346534653,,899.7481636172834,116.74329168451932,895.0204637039741,111.50403325521332,885.5445847120195,109.82943888371211,886.3749998859332,108.63533716899447,883.869022847561,106.59379994481975,890.4774419780687,108.82737512909083,888.0501894419856,108.94469244552297,915.1965240706098,140.8060811785991,884.9298285554127,147.08822970592198,0.012652761583970218,9.759679335675514,-0.2477276777757974,-257.2232513573937,,,-257.2232513573937,28.256225304558143,,2025-05-05
2025,5,2,1,19,0,826.2603002235707,781.1074417119131,1039.255956563398,1080.245129351645,905.4628553177896,771.3477623762376,852.4637623762376,882.2078994996272,137.86864882406138,915.4711221122111,119.67277218996414,907.3059801980197,115.86135893981916,45.15285851165754,-26.20346215266693,0.05780620705993833,-0.030738505622368018,0.49999999999999994,-0.8660254037844387,1.2246467991473532e-16,-1.0,6,126,0,0,0,0,1,0.8263541987239096,-0.5631507242749186,0.7818314824680298,0.6234898018587336,781.1074417119131,815.2903762376237,807.6606534653465,998.1742574257424,792.401207920792,829.0731012456083,780.1002263083451,756.7439321074964,837.7029702970298,,901.3152956152759,115.4874696076244,896.3490099009899,110.48928098559976,879.814119471947,108.22338009485325,887.584253182461,107.73526269060585,883.8187942578819,106.62074937769135,891.0269666675356,108.37892830736104,888.8225935321642,108.24748784171604,915.1329536813129,140.84384099077494,884.6913345378035,146.83539676155974,0.01345523546662064,10.969923985946934,-0.1722284019280682,-171.9139572021718,,,-171.9139572021718,69.5163681160742,,2025-05-06
2025,5,2,2,19,0,828.0183008623442,826.2603002235707,781.1074417119131,1039.255956563398,1080.245129351645,815.2903762376237,896.2916435643564,811.7953475992758,26.591038290651362,910.0583306717767,123.33507168387409,901.616534972852,118.10595492973587,1.7580006387735239,-68.2733427020122,0.0021276595744681437,-0.07617313314503749,0.49999999999999994,-0.8660254037844387,1.2246467991473532e-16,-1.0,7,127,0,0,0,0,1,0.8165380514459161,-0.5772916165517272,0.9749279121818236,-0.22252093395631434,826.2603002235707,816.3803366336633,808.7506138613861,749.6632871287128,793.4911683168316,826.96350047908,783.9929420084866,800.6701555869873,858.6455445544555,,902.9778619336587,114.13682367630364,897.7252732582012,109.42912886103596,882.4259532630682,105.89448511717661,888.8173650590865,106.81204720657999,883.8376299790117,106.61061533764413,891.5510780824625,107.96072912334304,889.1264618130015,108.0354268256841,914.9628023274678,140.93093705902888,884.4618890573361,146.5810092097732,0.014255566561867328,11.637964228680858,0.1045202760745283,78.35501373363138,,,78.35501373363138,27.348145275356842,,2025-05-07
2025,5,2,3,19,0,873.4487384222293,828.0183008623442,826.2603002235707,781.1074417119131,1039.255956563398,816.3803366336633,1068.44801980198,842.5757798360479,26.75121156993253,904.7226445225168,124.26264612278334,885.3665948578729,105.84342478648429,45.43043755988515,-194.99928137975076,0.054866465526874686,-0.18250703615501185,0.49999999999999994,-0.8660254037844387,1.2246467991473532e-16,-1.0,8,128,0,0,0,0,2,0.8064799463209448,-0.5912614448635781,0.43388373911755823,-0.900968867902419,828.0183008623442,860.4950495049504,852.4637623762376,792.401207920792,836.4011881188118,868.2672628553178,829.3533239038189,845.0061386138615,890.0594059405942,,904.8283889218413,113.43610223826175,899.2242001186294,108.90392236871031,885.127537613116,104.54380310153951,890.1404918556372,106.36723302219676,883.9301563284208,106.5991041203447,892.076023493396,107.76167737113967,889.4424906997612,107.9464784363303,914.8705208412546,140.95277152162637,884.417481191872,146.28565722089266,0.01505376344086029,12.953688917278896,0.10228092750401108,81.04753050143734,,,81.04753050143734,28.442599808367845,,2025-05-08
2025,5,2,4,19,0,919.0642286809326,873.4487384222293,828.0183008623442,826.2603002235707,781.1074417119131,860.4950495049504,1027.0868910891088,873.5104226551686,45.522995252896095,877.859161077398,91.94964274636938,876.3647063238582,96.91121356971858,45.61549025870329,-108.02266240817619,0.052224576271186374,-0.10517383032085093,0.49999999999999994,-0.8660254037844387,1.2246467991473532e-16,-1.0,9,129,0,0,0,0,2,0.7961828637826158,-0.6050560696488488,-0.433883739117558,-0.9009688679024191,873.4487384222293,905.4628553177896,896.2916435643564,793.4911683168316,879.4259405940593,909.3489619929736,875.1234653465348,1011.0816831683168,869.1168316831684,,906.7714422594332,113.56519723502889,900.8508133412419,109.02675065255823,889.3133062919194,103.25423115333507,891.5561450015969,106.48306245379115,884.1036432335629,106.64911855292858,892.5991278188054,107.78504123726178,888.4200745387902,107.21471843081572,915.1480063801309,140.91135387615716,884.5566247560851,146.00693853446185,0.015021459227468004,13.601373363143011,0.15825388533368168,125.57306036410102,,,125.57306036410102,-92.01745448738416,,2025-05-09
2025,5,2,5,19,1,1096.4372404982432,919.0642286809326,873.4487384222293,828.0183008623442,826.2603002235707,905.4628553177896,771.3477623762376,962.9834025338017,117.80338869686696,887.3893750665388,112.65539076671607,903.4554961673585,109.50551979479604,177.3730118173106,325.08947812200563,0.19299305345816964,0.42145643505923314,0.49999999999999994,-0.8660254037844387,1.2246467991473532e-16,-1.0,10,130,0,0,0,0,2,0.7856498550787145,-0.6186714032625031,-0.9749279121818236,-0.2225209339563146,919.0642286809326,1080.245129351645,1068.44801980198,836.4011881188118,1048.369801980198,1079.782497604599,1046.9356435643565,975.555530410184,921.4732673267326,,909.0846009946617,117.77440590881362,902.850043390975,112.53652078517906,897.9811747045673,109.39147115274531,893.2728392343842,109.4509146028721,884.4010493566637,107.22637786929592,893.1884325442089,108.76985203477025,889.7632046508799,109.05986523690547,916.1200284533062,141.55721026382287,885.4041472190537,146.3283469422921,0.01498929336188426,16.192111146598336,0.31089871233240407,260.03605237943145,,,260.03605237943145,120.88171008805921,,2025-05-10
2025,5,2,6,19,1,1054.8003832641327,1096.4372404982432,919.0642286809326,873.4487384222293,828.0183008623442,1080.245129351645,815.2903762376237,1023.4339508144361,92.75336189999938,933.0048653252421,116.36334813238584,923.4146634195677,113.72127557805686,-41.636857234110494,239.51000702650902,-0.03797468354430378,0.2937726410212178,0.49999999999999994,-0.8660254037844387,1.2246467991473532e-16,-1.0,11,131,0,0,0,0,2,0.7748840413670407,-0.6321034111873487,-0.7818314824680299,0.6234898018587334,1096.4372404982432,1039.255956563398,1027.0868910891088,879.4259405940593,1007.811801980198,1033.926438837432,1009.9753323903818,735.3544837340877,1099.4851485148515,,911.3052333804809,120.74687922640403,904.8295785463339,115.10441489400634,903.8269894602363,112.9923839092737,894.9510028516677,111.61104619197232,884.7737983642834,107.79041922832225,893.7220641022299,109.45750243410727,893.312603534547,109.17629288485382,915.8717797574687,141.2727426062417,886.0790326216237,146.42629622217956,0.014957264957265126,15.544426700734675,0.19941922858405414,175.37444267007345,,,175.37444267007345,319.44589953004504,,2025-05-11
2025,5,2,0,20,0,792.765761737464,1054.8003832641327,1096.4372404982432,919.0642286809326,873.4487384222293,1039.255956563398,816.3803366336633,981.3344618332799,164.6269205262399,927.4224422442244,123.11601622414511,921.4467821782177,115.92479201125163,-262.03462152666873,-23.614574896199315,-0.24842105263157888,-0.02892594766989831,0.49999999999999994,-0.8660254037844387,1.2246467991473532e-16,-1.0,12,132,0,0,0,0,2,0.7638886127905428,-0.6453481132295501,0.0,1.0,1054.8003832641327,781.1074417119131,771.3477623762376,1048.369801980198,756.8914455445544,773.4462599808368,761.1693352192362,780.1002263083451,1246.0831683168317,,912.9707076698452,118.71504945826436,906.3594356435643,113.32237187523016,895.3068547854784,111.34216858163083,896.2322284299859,110.16403780894677,885.1187894670803,107.4580331785516,894.0982120369706,109.05003194447771,893.4533317059816,109.03679634760061,913.3533497209168,139.38118824982882,885.7087418641469,146.25249505574502,0.014925373134328401,11.658320025550893,-0.24381095273818454,-255.60404024273396,,,-255.60404024273396,12.665535429118904,,2025-05-12
2025,5,2,1,20,0,838.5663046949857,792.765761737464,1054.8003832641327,1096.4372404982432,919.0642286809326,781.1074417119131,860.4950495049504,895.3774832321941,139.9505920842993,929.1804428829979,121.47712024356245,919.6193867773873,117.13943469834838,45.80054295752166,-21.92874480996477,0.05777310924369772,-0.02548387096774185,0.49999999999999994,-0.8660254037844387,1.2246467991473532e-16,-1.0,13,133,0,0,0,0,2,0.7526668275320084,-0.6584015846980488,0.7818314824680298,0.6234898018587336,792.765761737464,826.2603002235707,815.2903762376237,1007.811801980198,800.0309306930692,814.3058958799105,807.3492362093351,783.9929420084866,874.6782178217821,,914.7287083086187,117.29966202430263,908.0220019619472,112.04707692772216,889.6653382093048,109.72105733086038,897.6084917871971,109.15377283697957,885.5520110530637,107.21598820822413,894.469843804657,108.80375239587813,894.0597024024984,108.5719851492428,913.1527279813234,139.4631324429204,885.5224081203952,145.99211077528682,0.014893617021276784,12.306004471415008,-0.16793363299841346,-169.2454972852123,,,-169.2454972852123,54.57336268649908,,2025-05-13
2025,5,2,2,20,0,840.3243053337592,838.5663046949857,792.765761737464,1054.8003832641327,1096.4372404982432,826.2603002235707,905.4628553177896,823.8854572554028,26.96477755161449,923.6597040349196,125.21179869871636,914.1911742787182,119.34359694251471,1.7580006387735239,-65.13854998403042,0.002096436058700135,-0.0719395054159,0.49999999999999994,-0.8660254037844387,1.2246467991473532e-16,-1.0,14,134,0,0,0,0,2,0.741222010848596,-0.6712599575675313,0.9749279121818236,-0.22252093395631434,838.5663046949857,828.0183008623442,816.3803366336633,756.8914455445544,801.1208910891089,812.1962951133822,811.2419519094767,829.3533239038189,793.0415841584158,,916.4867089473925,115.86698604068847,909.7322854405255,110.71548747027607,892.4464335356116,107.26959244685412,899.0086137245061,108.11678814573183,886.0542969498562,106.93159266231025,894.8160622978032,108.58177091557963,894.1816021961641,108.50465741012923,913.415409765631,139.28004550530898,885.3444628338337,145.7309004249044,0.014861995753715718,12.306004471415008,0.1102309456400028,83.43285978920483,,,83.43285978920483,10.970981429940252,,2025-05-14
2025,5,2,3,20,0,886.4024273395081,840.3243053337592,838.5663046949857,792.765761737464,1054.8003832641327,828.0183008623442,1080.245129351645,855.097679122751,27.12495322110523,918.2160704780155,126.15796452230639,898.0376157777067,107.33926015510326,46.078122005748924,-193.84270201213678,0.054833737062321086,-0.17944325481798717,0.49999999999999994,-0.8660254037844387,1.2246467991473532e-16,-1.0,15,135,0,0,0,0,3,0.7295575540864875,-0.6839194216246106,0.43388373911755823,-0.900968867902419,840.3243053337592,873.4487384222293,860.4950495049504,800.0309306930692,844.4324752475247,852.7228361545831,858.0364922206506,875.1234653465348,909.6653465346535,,918.3372359355751,115.16638446679245,911.5828124287082,110.04369192759245,895.3254834238263,105.85341775226087,900.5075405849341,107.62192532489695,886.6557182210156,106.83538589002515,895.1537520015988,108.51009361370053,894.3069239960861,108.48891052808581,913.2861713256578,139.29433678043134,885.3486117142481,145.44376075187608,0.01483050847457612,12.953688917278782,0.10796019670341384,86.37149664643891,,,86.37149664643891,11.278961992973336,,2025-05-15
2025,5,2,4,20,0,932.6656020440754,886.4024273395081,840.3243053337592,838.5663046949857,792.765761737464,873.4487384222293,1039.255956563398,886.4641115724475,46.17067925907047,890.9207974023208,93.3327080797475,889.1550862344297,98.64931929113548,46.26317470456729,-106.59035451932266,0.05219206680584554,-0.10256410256410231,0.49999999999999994,-0.8660254037844387,1.2246467991473532e-16,-1.0,16,136,0,0,0,0,3,0.717676913675962,-0.6963762255968722,-0.433883739117558,-0.9009688679024191,886.4024273395081,919.0642286809326,905.4628553177896,801.1208910891089,887.8587920792079,893.0273139572022,905.240792079208,1046.9356435643565,839.6910891089108,,920.280289273167,115.29536130441724,913.5258657663001,110.1674101904152,899.710307122325,104.5328548122586,902.107783797965,107.75991424213002,887.3635447939954,107.00953546708331,895.4802378345141,108.58204333765902,893.0372568680831,107.34523048509439,913.80269639752,139.192254747448,885.533443707724,145.188418317595,0.014799154334038,13.601373363142784,0.16420082464225083,131.5447109549665,,,131.5447109549665,-114.2700415202811,,2025-05-16
2025,5,2,5,20,1,1112.6293516448418,932.6656020440754,886.4024273395081,840.3243053337592,838.5663046949857,919.0642286809326,781.1074417119131,977.2324603428084,119.51698190687159,900.5589587991058,114.27665677547961,916.7819120621739,111.25569481347054,179.9637496007664,331.5219099329287,0.19295634920634908,0.4244254915896706,0.49999999999999994,-0.8660254037844387,1.2246467991473532e-16,-1.0,17,137,0,0,0,0,3,0.705583610107178,-0.7086266782644596,-0.9749279121818236,-0.2225209339563146,932.6656020440754,1096.4372404982432,1080.245129351645,844.4324752475247,1058.4089108910891,1060.3519642286808,1082.789603960396,1009.9753323903818,874.6782178217821,,922.5934480083952,119.50422407939163,915.8390245015283,114.20330484127096,908.6502030022358,110.91588036452869,904.0442281105991,111.10783375817472,888.297069569284,108.75979585471535,895.8354729259956,109.24898775971066,894.1778570820215,109.13222340988081,915.1246471409813,139.94650516782556,886.417085372849,145.59534928095948,0.014767932489451407,16.192111146598563,0.3176060659186535,268.19687639731706,,,268.19687639731706,102.65401925445997,,2025-05-17
2025,5,2,6,20,1,1070.3448099648674,1112.6293516448418,932.6656020440754,886.4024273395081,840.3243053337592,1096.4372404982432,826.2603002235707,1038.5465878845948,94.10145051056315,946.822133503673,118.03554154553974,937.1222878739487,115.43544305925535,-42.28454167997438,244.08450974129676,-0.038004158004157906,0.29540873460246364,0.49999999999999994,-0.8660254037844387,1.2246467991473532e-16,-1.0,18,138,0,0,0,0,3,0.6932812268869777,-0.7206671495538609,-0.7818314824680299,0.6234898018587334,1112.6293516448418,1054.8003832641327,1039.255956563398,887.8587920792079,1017.4493465346534,1015.2731267965504,1044.39513437058,761.1693352192362,932.990099009901,,924.8140803942144,122.47777363657438,918.0596568873477,117.05435771603175,914.733070265091,114.67652676304395,905.9333518045353,113.53069515965795,889.280492483004,110.16866635950825,896.1443976354514,109.70985004324842,897.6131401347508,109.7626334629054,915.8877288685089,140.41814377189476,887.1299835301825,145.7622892095618,0.01473684210526316,15.544426700734675,0.20553495613678563,182.48601788565952,,,182.48601788565952,309.17547474563116,,2025-05-18
2025,5,2,0,21,0,804.424081763015,1070.3448099648674,1112.6293516448418,932.6656020440754,886.4024273395081,1054.8003832641327,828.0183008623442,995.7994144575747,167.07897560506132,941.1317630150111,124.92040995004308,935.1561029490045,117.6425634100156,-265.9207282018524,-23.594219099329166,-0.24844398340248963,-0.028494803888702513,0.49999999999999994,-0.8660254037844387,1.2246467991473532e-16,-1.0,19,139,0,0,0,0,3,0.6807734094770161,-0.7324940716135789,0.0,1.0,1070.3448099648674,792.765761737464,781.1074417119131,1058.4089108910891,764.119603960396,759.4562759501756,786.9841867043847,807.3492362093351,956.3148514851486,,926.4795546835791,120.44528971550908,919.7251311767121,115.1055355254891,906.2669092941552,113.06780346625237,907.372797440343,111.90999736806272,890.0834890153762,109.36615745937432,896.3520154337685,109.5171160728082,897.5806384186806,109.79009138971387,915.0438912589415,140.63007228246417,886.8106557241315,145.57027139060176,0.014705882352941346,11.658320025551006,-0.23996852871754526,-253.98482912807413,,,-253.98482912807413,-2.925154446320107,,2025-05-19
2025,5,2,1,21,0,850.8723091664004,804.424081763015,1070.3448099648674,1112.6293516448418,932.6656020440754,792.765761737464,873.4487384222293,908.5470669647608,142.03253742426574,942.8897636537846,123.28148782185475,933.274733844352,118.89299407585258,46.44822740338543,-22.576429255828884,0.05774097078444895,-0.02584745762711871,0.49999999999999994,-0.8660254037844387,1.2246467991473532e-16,-1.0,20,140,0,0,0,0,3,0.6680638642135335,-0.7441039398713607,0.7818314824680298,0.6234898018587336,804.424081763015,838.5663046949857,826.2603002235707,1017.4493465346534,807.6606534653465,799.5386905142126,834.5982461103252,811.2419519094767,991.3019801980199,,928.2375553223526,119.02975046554118,921.4831318154856,113.74819172127076,900.7143413818801,111.49881927622448,908.9160708582378,110.77621567733212,891.0001607770224,108.8071439724656,896.5457542796742,109.42090810918587,898.0209757215354,109.51905890285026,914.2637264198769,140.5941784940488,886.6724313142942,145.3060703475683,0.01467505241090139,12.30600447141478,-0.16372022640301487,-166.57703736825295,,,-166.57703736825295,39.63035725692373,,2025-05-20
2025,5,2,2,21,0,852.6303098051741,850.8723091664004,804.424081763015,1070.3448099648674,1112.6293516448418,838.5663046949857,919.0642286809326,835.9755669115298,27.33852232416491,937.2610773980623,127.0885387351871,927.7385739380388,121.14033196595511,1.7580006387736375,-66.43391887575854,0.0020661157024794985,-0.07228430484244441,0.49999999999999994,-0.8660254037844387,1.2246467991473532e-16,-1.0,21,141,0,0,0,0,3,0.6551563572090853,-0.7554933140726803,0.9749279121818236,-0.22252093395631434,850.8723091664004,840.3243053337592,828.0183008623442,764.119603960396,808.7506138613861,797.4290897476844,838.4909618104667,858.0364922206506,967.9772277227723,,929.9955559611261,117.59717333815931,923.2411324542592,112.37445408591896,903.6646982433726,108.90052847040855,910.4832028562303,109.61096048207996,891.9858968494775,108.19233615654848,896.7140798510396,109.34137122153999,897.96090702803,109.54271591500488,913.6229102092237,140.61085893393908,886.542001729968,145.0416734891532,0.014644351464435212,12.306004471414894,0.11583357551099493,88.51070584477804,,,88.51070584477804,-5.4061824154765645,,2025-05-21
2025,5,2,3,21,0,899.356116256787,852.6303098051741,850.8723091664004,804.424081763015,1070.3448099648674,840.3243053337592,1096.4372404982432,867.6195784094538,27.498700286789408,931.7094964335143,128.05329419220942,911.3151469179176,108.93465792134876,46.725806451612925,-197.08112424145622,0.05480195333695059,-0.17974683544303782,0.49999999999999994,-0.8660254037844387,1.2246467991473532e-16,-1.0,22,142,0,0,0,0,4,0.6420547132365637,-0.766658819300159,0.43388373911755823,-0.900968867902419,852.6303098051741,886.4024273395081,873.4487384222293,807.6606534653465,852.4637623762376,837.1784094538485,886.7196605374822,905.240792079208,1026.289108910891,,931.8460829493088,116.89668822952704,925.0916594424418,111.7027312860222,906.7212136697541,107.38938922113049,912.1579297805357,109.04844598816364,893.096213042387,107.93840084304195,896.8645138476982,109.33614765179229,897.8955217411142,109.54007800771723,912.9177269167008,140.36073639317178,886.5909105640397,144.76571384775113,0.014613778705636848,12.953688917278896,0.11353216527016907,91.69546279144049,,,91.69546279144049,-5.884675822420945,,2025-05-22
2025,5,2,4,21,0,946.2669754072182,899.356116256787,852.6303098051741,850.8723091664004,804.424081763015,886.4024273395081,1054.8003832641327,899.4178004897263,46.81836327741071,903.9824337272436,94.71580323669336,902.2706962631746,100.08466819035924,46.91085915043118,-108.53340785691455,0.05216049382716048,-0.10289473684210515,0.49999999999999994,-0.8660254037844387,1.2246467991473532e-16,-1.0,23,143,0,0,0,0,4,0.6287628145958344,-0.777597146973627,-0.433883739117558,-0.9009688679024191,899.356116256787,932.6656020440754,919.0642286809326,808.7506138613861,896.2916435643564,876.7056659214308,935.3581188118812,1082.789603960396,1224.549504950495,,933.7891362869005,117.02555037826447,927.0347127800336,111.82634545602386,911.3050923879484,105.98913690641352,913.9427630606378,109.18803128947299,894.3383792832047,108.14640614678945,896.9943811881187,109.38888641473184,896.3786036460788,107.88364704358452,911.3717128636827,138.42834864875454,886.8178157535576,144.5360292034896,0.014583333333333393,13.601373363142784,0.17003555754877153,137.51636154583207,,,137.51636154583207,-136.52262855317792,,2025-05-23
2025,5,2,5,21,1,1128.8214627914406,946.2669754072182,899.356116256787,852.6303098051741,850.8723091664004,932.6656020440754,792.765761737464,991.4815181518152,121.2305756472749,913.7285425316726,115.89792565528994,930.2753380176728,112.85918357364578,182.5544873842224,336.0557010539766,0.19292070010755857,0.42390289449113006,0.49999999999999994,-0.8660254037844387,1.2246467991473532e-16,-1.0,24,144,0,0,0,0,4,0.6152845999633276,-0.7883050558305255,-0.9749279121818236,-0.2225209339563146,946.2669754072182,1112.6293516448418,1096.4372404982432,852.4637623762376,1068.44801980198,1040.9214308527626,1118.6435643564355,1044.39513437058,1387.8227722772276,,936.1022950221289,121.23407625826745,929.3478715152622,115.86214495312821,920.517015735122,112.50785420033687,916.0989574531186,112.88563716886861,895.9080227106812,110.9150565787193,897.1155466456784,109.64269819788758,897.3166739618662,109.53948686297738,909.9328166998728,134.74530258411784,887.7344962347617,145.02783034996716,0.014553014553014831,16.19211114659879,0.32418703599183796,276.357700415203,,,276.357700415203,84.4263284208605,,2025-05-24
2025,5,2,6,21,1,1085.889236665602,1128.8214627914406,946.2669754072182,899.356116256787,852.6303098051741,1112.6293516448418,838.5663046949857,1053.6592249547537,95.44954403867301,960.6394016821038,119.70773832911175,950.8855823485575,117.09238818863182,-42.9322261258385,247.32293197061642,-0.03803278688524603,0.2949354518371401,0.49999999999999994,-0.8660254037844387,1.2246467991473532e-16,-1.0,25,145,0,0,0,0,4,0.6016240632249226,-0.7987793728863649,-0.7818314824680299,0.6234898018587334,1128.8214627914406,1070.3448099648674,1054.8003832641327,896.2916435643564,1027.0868910891088,996.6198147556688,1071.233062919195,786.9841867043847,905.8663366336633,,938.3229274079482,124.20867125431548,931.5685039010814,118.71436489294095,926.8369355051634,116.35933666846611,918.1990412237075,115.54259095823396,897.5021195305014,113.01053290971892,897.2900249045642,109.93438923023103,900.6378411836577,110.6820360982515,910.9329439222723,135.38154577092013,888.4822499722366,145.26380071479488,0.014522821576763656,15.544426700734675,0.21153560279470796,189.5975931012457,,,189.5975931012457,298.9050499612174,,2025-05-25
2025,5,2,0,22,0,816.082401788566,1085.889236665602,1128.8214627914406,946.2669754072182,899.356116256787,1070.3448099648674,840.3243053337592,1010.2643670818694,169.53103180216786,954.8410837857981,126.72482136950524,948.8654237197915,119.36042823474995,-269.80683487703607,-24.241903545193168,-0.24846625766871167,-0.028848271305879636,0.49999999999999994,-0.8660254037844387,1.2246467991473532e-16,-1.0,26,146,0,0,0,0,4,0.5877852522924732,-0.8090169943749473,0.0,1.0,1085.889236665602,804.424081763015,792.765761737464,1068.44801980198,771.3477623762376,745.4662919195146,801.4262280421591,834.5982461103252,821.3188118811881,,939.9884016973126,122.17555176532738,933.2339781904458,116.76482310762995,918.4247482380496,114.88154054359035,919.796706917005,113.7318935912399,898.7631214924487,111.66924869097336,897.46450316345,109.7919477131542,900.4321095800824,110.82328539553546,910.9038527550912,135.40147102695732,888.2100700918468,145.0573990091628,0.01449275362318847,11.658320025551006,-0.236198311322797,-252.36561801341406,,,-252.36561801341406,-18.515844321759232,,2025-05-26
2025,5,2,1,22,0,863.1783136378154,816.082401788566,1085.889236665602,1128.8214627914406,946.2669754072182,804.424081763015,886.4024273395081,921.7166506973277,144.11448475382647,956.5990844245716,125.08587407990814,946.930080911317,120.64664347822206,47.09591184924943,-23.22411370169266,0.057709750566893314,-0.02620041753653435,0.49999999999999994,-0.8660254037844387,1.2246467991473532e-16,-1.0,27,147,0,0,0,0,4,0.5737722679043246,-0.8190148866680801,0.7818314824680298,0.6234898018587336,816.082401788566,850.8723091664004,838.5663046949857,1027.0868910891088,815.2903762376237,784.7714851485148,843.8403066113062,838.4909618104667,942.1009900990099,,941.7464023360861,120.75986530506266,934.9919788292193,115.40726237081981,912.961128989673,113.42390059520636,921.5069903955833,112.45503547397269,900.1632434297577,110.70136460926477,897.6947175328132,109.69838684874566,900.7064134892752,110.69873175230109,910.4653934414179,135.42766539226503,888.1163181950152,144.79258212462258,0.014462809917355601,12.306004471415008,-0.15958589178125615,-163.90857745129335,,,-163.90857745129335,24.68735182734872,,2025-05-27
2025,5,2,2,22,0,864.936314276589,863.1783136378154,816.082401788566,1085.889236665602,1128.8214627914406,850.8723091664004,932.6656020440754,848.0656765676567,27.712272385305614,950.8624507612052,128.96529122480285,941.2859735973598,122.9371492967451,1.7580006387735239,-67.72928776748643,0.0020366598778003286,-0.07261904761904758,0.49999999999999994,-0.8660254037844387,1.2246467991473532e-16,-1.0,28,148,0,0,0,0,4,0.5595892624101765,-0.8287700871745037,0.9749279121818236,-0.22252093395631434,863.1783136378154,852.6303098051741,840.3243053337592,771.3477623762376,816.3803366336633,785.8614455445544,841.730705844778,886.7196605374822,869.6316831683167,,943.5044029748598,119.32738448416427,936.7499794679928,114.03354112057718,916.0807473863515,110.64770627554111,923.2411324542593,111.14056335136172,901.5752946571154,109.71682101265488,897.9709747760489,109.58491377082895,900.4643763085986,110.75345725647891,910.439308058686,135.43602645263078,888.0298256430808,144.5281167865178,0.014432989690721598,12.306004471414894,0.12133120294799271,93.58855190035138,,,93.58855190035138,-21.783346260893268,,2025-05-28
2025,5,2,3,22,0,912.309805174066,864.936314276589,863.1783136378154,816.082401788566,1085.889236665602,852.6303098051741,1112.6293516448418,880.1414776961568,27.87245254917238,945.2029223890132,129.94863463934942,924.5926780581285,110.53014446646897,47.37349089747704,-200.31954647077578,0.05477107402652992,-0.18004158004157977,0.49999999999999994,-0.8660254037844387,1.2246467991473532e-16,-1.0,29,149,0,0,0,0,5,0.545240438540651,-0.8382797052177743,0.43388373911755823,-0.900968867902419,864.936314276589,899.356116256787,886.4024273395081,815.2903762376237,860.4950495049504,828.3699009900989,883.8116895560523,935.3581188118812,905.8663366336633,,945.3549299630424,118.62701258416621,938.6005064561757,113.36188964781023,919.3147283508995,109.00589897350105,925.0916594424418,110.48656841150266,903.0742215175434,109.27099964590245,898.3102380572158,109.58466355664478,900.2082839348451,110.6985001680291,910.4751051061328,135.43566255473078,888.1200857900361,144.26581838004273,0.01440329218107017,12.95368891727901,0.11899984565519395,97.0194289364423,,,97.0194289364423,-23.048313637815227,,2025-05-29
2025,5,2,4,22,0,959.868348770361,912.309805174066,864.936314276589,863.1783136378154,816.082401788566,899.356116256787,1070.3448099648674,912.3714894070052,47.4660473074187,917.0440700521666,96.09892692950797,915.3863062919196,101.52010226785367,47.55854359629495,-110.47646119450644,0.05212981744421885,-0.10321576763485463,0.49999999999999994,-0.8660254037844387,1.2246467991473532e-16,-1.0,30,150,0,0,0,0,5,0.5307300481619334,-0.8475409228928311,-0.433883739117558,-0.9009688679024191,912.309805174066,946.2669754072182,932.6656020440754,816.3803366336633,905.4628553177896,870.9930891089108,925.6706100287448,1118.6435643564355,966.2574257425742,,947.2979833006342,118.75576336367769,940.5435597937675,113.48540263883892,924.0976620887897,107.47078316619587,927.0347127800338,110.60691559251973,904.6612797257836,109.44186074825703,898.7173539946161,109.75093176880304,898.4441148727776,108.41997524666125,910.439610234065,135.42179800788,888.3858200973707,144.06360390341456,0.014373716632443578,13.601373363142784,0.17576123002713318,143.48801213669765,,,143.48801213669765,-158.77521558607452,,2025-05-30
2025,5,2,5,22,1,1145.0135739380391,959.868348770361,912.309805174066,864.936314276589,863.1783136378154,946.2669754072182,804.424081763015,1005.730575960822,122.94416989589854,926.8981262642395,117.51919728732192,943.7687639731715,114.46275405925043,185.14522516767818,340.58949217502413,0.19288606130711394,0.42339544513457583,0.49999999999999994,-0.8660254037844387,1.2246467991473532e-16,-1.0,31,151,0,1,0,0,5,0.5160623910158528,-0.8565509959010036,-0.9749279121818236,-0.2225209339563146,959.868348770361,1128.8214627914406,1112.6293516448418,860.4950495049504,1080.245129351645,1038.3306930693068,1099.2130309805175,1071.233062919195,990.4138613861386,,949.6111420358627,122.96396101015873,942.8567185289958,117.52110548183981,933.5816129032258,114.01894819623337,929.3478715152622,114.53716143654046,906.5663311698681,112.69122136621286,899.2625985536341,110.86709192528818,899.2638983285425,110.00844173050957,911.2984975260198,136.4184456498442,889.3327859787015,144.63910894907644,0.014344262295082011,16.192111146598563,0.33064516129032295,284.5185244330887,,,284.5185244330887,73.78051101884421,,2025-05-31
2025,6,2,6,22,1,1101.4336633663368,1145.0135739380391,959.868348770361,912.309805174066,864.936314276589,1128.8214627914406,850.8723091664004,1068.7718620249123,96.79764227886997,974.4566698605345,121.37993834380323,964.6488768231662,118.74941629275152,-43.579910571702385,250.56135419993632,-0.03806060606060613,0.29447585906916074,1.2246467991473532e-16,-1.0,1.2246467991473532e-16,-1.0,1,152,1,0,0,0,1,0.5012418134457758,-0.865307254363206,-0.7818314824680299,0.6234898018587334,1145.0135739380391,1085.889236665602,1070.3448099648674,905.4628553177896,1039.255956563398,998.1742574257424,1052.5797508783137,801.4262280421591,1026.6485148514853,,951.831774421682,125.93957194737379,945.077350914815,120.37445745513679,940.1139731715107,117.90013165471387,931.5685039010814,117.31600490998096,908.410249133093,115.0377794581545,899.8441927499201,111.80523507971508,902.5973142765889,111.54510600844296,911.7139705733248,136.8848006403954,890.1125686161562,144.94366873411457,0.014314928425357865,15.544426700734675,0.2164316370324959,195.97080804854716,,,195.97080804854716,300.00743532417766,,2025-06-01
2025,6,2,0,23,0,826.7636435643566,1101.4336633663368,1145.0135739380391,959.868348770361,912.309805174066,1085.889236665602,852.6303098051741,1024.4036269562441,172.5426742221151,968.3875581816247,128.74377648274424,962.4933213030982,121.17758708434793,-274.6700198019802,-25.866666240817494,-0.2493749999999999,-0.030337493217579836,1.2246467991473532e-16,-1.0,1.2246467991473532e-16,-1.0,2,153,0,0,0,0,1,0.48627270710869,-0.8738071036110808,0.0,1.0,1101.4336633663368,816.082401788566,804.424081763015,1080.245129351645,781.1074417119131,749.6632871287128,787.4362440114978,843.8403066113062,1002.4920792079208,,953.3576661039377,124.07155291847059,946.6730339006252,118.50000794037148,931.6645903119345,116.58688996656552,933.1990825386686,115.44973199922987,909.7870412123009,113.55514541335866,900.3123760779305,111.41050146090835,902.4075735760673,111.66064004059977,910.7377014864159,136.86039950465752,889.880521271644,144.72777656423486,0.013088435374149832,10.681241775790568,-0.23465182012847952,-253.4814857872883,,,-253.4814857872883,-17.076663046949648,,2025-06-02
2025,6,2,1,23,0,873.421597359736,826.7636435643566,1101.4336633663368,1145.0135739380391,959.868348770361,816.082401788566,899.356116256787,933.8729680968096,146.9751037165765,969.8017720288159,127.41991505230713,960.3321113950105,122.62859637332588,46.6579537953794,-25.93451889705102,0.05643445277083892,-0.02883676268861457,1.2246467991473532e-16,-1.0,1.2246467991473532e-16,-1.0,3,154,0,0,0,0,1,0.4711595076738638,-0.8820480249558537,0.7818314824680298,0.6234898018587336,826.7636435643566,863.1783136378154,850.8723091664004,1039.255956563398,826.2603002235707,792.401207920792,829.0731012456083,841.730705844778,1062.8831683168316,,954.8209923499263,122.88542880176257,948.2836973430063,117.24430419028789,926.1367783384791,115.23323087367169,934.883414579246,114.16870330578831,911.2338338808535,112.54398733467447,900.8403343650034,111.17367027684205,902.7596945929001,111.51702218335352,909.6851372033209,136.4115624159954,889.8204522062721,144.46588605279123,0.011866938221317014,10.243283721920534,-0.15957027540360857,-165.83435920366207,,,-165.83435920366207,31.690891514958025,,2025-06-03
2025,6,2,2,23,0,874.1482376237624,873.421597359736,826.7636435643566,1101.4336633663368,1145.0135739380391,863.1783136378154,946.2669754072182,858.1111595159515,27.150176219864687,963.441510770432,131.74272550041428,954.3222165797227,125.12245098774468,0.7266402640264005,-72.1187377834558,0.0008319467554076532,-0.07621394348293731,1.2246467991473532e-16,-1.0,1.2246467991473532e-16,-1.0,4,155,0,0,0,0,1,0.4559066935084588,-0.8900275764346767,0.9749279121818236,-0.22252093395631434,873.421597359736,864.936314276589,852.6303098051741,781.1074417119131,828.0183008623442,793.4911683168316,826.96350047908,883.8116895560523,1268.2128712871286,,956.1369813995226,121.80701052845033,949.8206921871913,116.02863444394566,929.2381382022073,112.41287420489122,936.5309123207252,112.89521792444876,912.6741386899058,111.5212197562844,901.4020574262494,110.91480115699976,902.6523229047635,111.5401205620681,907.4958892385245,133.76186838180783,889.763462335063,144.20511806378315,0.010650406504065124,9.21192334717341,0.11911395403932712,93.04079591184927,,,93.04079591184927,-9.663451932289945,,2025-06-04
2025,6,2,3,23,0,920.9209240924092,874.1482376237624,873.421597359736,826.7636435643566,1101.4336633663368,864.936314276589,1128.8214627914406,889.4969196919691,27.21641124280248,956.9502733241067,132.90834769467614,936.9971716881365,112.5229990221821,46.77268646864684,-207.90053869903136,0.053506584416152636,-0.18417486338797828,1.2246467991473532e-16,-1.0,1.2246467991473532e-16,-1.0,5,156,0,0,0,0,1,0.440518784350495,-0.8977433935342337,0.43388373911755823,-0.900968867902419,874.1482376237624,912.309805174066,899.356116256787,826.2603002235707,873.4487384222293,836.4011881188118,868.2672628553178,925.6706100287448,1437.3079207920791,,957.3671412450002,121.33317981692034,951.3610356040214,115.44884918117832,932.3934923311687,110.73874621246534,938.2263475232318,112.26749492793574,914.1834196894343,111.04109947755916,902.028886726691,110.87406267733103,902.5995486165821,111.5302304784358,904.6270725901929,127.73725922701257,889.8763516892562,143.9549055003467,0.009438810006761056,8.611118918343209,0.11456513624486764,94.66062386883857,,,94.66062386883857,-4.749685936335595,,2025-06-05
2025,6,2,4,23,0,967.7700990099012,920.9209240924092,874.1482376237624,873.421597359736,826.7636435643566,912.309805174066,1085.889236665602,920.9464202420241,46.81093590061581,927.4096941694171,97.8126097432661,927.1539102168282,103.0847519296588,46.84917491749195,-118.11913765570091,0.050872093023256015,-0.10877641445126096,1.2246467991473532e-16,-1.0,1.2246467991473532e-16,-1.0,6,157,0,0,0,0,1,0.42500033996955416,-0.9051931898913974,-0.433883739117558,-0.9009688679024191,920.9209240924092,959.868348770361,946.2669754072182,828.0183008623442,919.0642286809326,879.4259405940593,909.3489619929736,1099.2130309805175,939.5049504950495,,958.4959627077916,121.39706817768166,952.896973004213,115.51888242759514,937.0518856027538,109.12430942836686,939.9658428921233,112.33690467239936,915.7609939468601,111.16580555864238,902.7243764530831,111.10352750951793,901.1390715946864,109.77344828728648,904.7841011930532,127.79773344647134,890.1575565532297,143.77007870629097,0.008232118758434659,7.901750239540206,0.1687786344843003,139.751798147557,,,139.751798147557,-131.4429319706163,,2025-06-06
2025,6,2,5,23,1,1153.063366336634,967.7700990099012,920.9209240924092,874.1482376237624,873.421597359736,959.868348770361,816.082401788566,1013.9181298129815,122.75894644802953,936.0146446644667,116.64261656299402,955.2356572625005,115.25714927877324,185.29326732673292,336.9809645480681,0.19146413752222902,0.41292517006802765,1.2246467991473532e-16,-1.0,1.2246467991473532e-16,-1.0,7,158,0,0,0,0,1,0.4093559588156213,-0.9123747579707273,-0.9749279121818236,-0.2225209339563146,967.7700990099012,1145.0135739380391,1128.8214627914406,873.4487384222293,1096.4372404982432,1048.369801980198,1079.782497604599,1052.5797508783137,851.8178217821783,,959.645933050448,123.47866698754645,954.6285375431553,118.50191204476407,946.3723731999006,115.27250878176781,941.9882045292088,115.71699222383896,917.6305218817964,114.27340343812001,903.5967677475121,112.78551931523027,902.25555621089,111.82289709344121,906.4576875516891,129.0664301469601,891.1032609049686,144.3739808786357,0.007030303030303164,8.049792398594946,0.3201271186440682,279.61462791440476,,,279.61462791440476,100.4836154583204,,2025-06-07
2025,6,2,6,23,1,1107.858693069307,1153.063366336634,967.7700990099012,920.9209240924092,874.1482376237624,1145.0135739380391,863.1783136378154,1076.2307194719474,96.61079269191943,982.8638195819582,120.37692850492462,975.6256888817916,119.07083870498258,-45.20467326732705,244.6803794314916,-0.039203980099502767,0.2834644656447636,1.2246467991473532e-16,-1.0,1.2246467991473532e-16,-1.0,8,159,0,0,0,0,2,0.39359027665646673,-0.9192859697186104,-0.7818314824680299,0.6234898018587334,1153.063366336634,1101.4336633663368,1085.889236665602,919.0642286809326,1054.8003832641327,1007.811801980198,1033.926438837432,787.4362440114978,977.0851485148514,,960.5637944365866,124.72586719397592,956.1977844291342,120.50240182248905,952.6655220128465,118.8288790268969,943.8831441651079,118.04382281284687,919.4170735083877,116.46989039157259,904.4769136312249,114.09569167492155,905.8158056448655,113.21831647820494,907.1842072436583,129.83200972674322,891.8801620955218,144.6971528519708,0.005833333333333357,6.425029702970278,0.2054203161179906,188.79446438837442,,,188.79446438837442,320.4224490578092,,2025-06-08
2025,6,2,0,24,0,831.5824158415843,1107.858693069307,1153.063366336634,967.7700990099012,920.9209240924092,1101.4336633663368,864.936314276589,1030.8348250825084,174.03162805230653,975.8906226622663,128.89510063802553,972.8461973455411,122.23677876386675,-276.27627722772274,-33.35389843500468,-0.24937862468931227,-0.03856225930680346,1.2246467991473532e-16,-1.0,1.2246467991473532e-16,-1.0,9,160,0,0,0,0,2,0.3777079652039649,-0.9259247771938498,0.0,1.0,1107.858693069307,826.7636435643566,816.082401788566,1096.4372404982432,792.765761737464,756.8914455445544,773.4462599808368,829.0731012456083,901.9247524752475,,961.2521904761907,123.8747015541782,957.304928290064,119.17998150023315,943.8370278576245,117.61147529710017,945.269453240255,116.4201314597219,920.7508408351205,114.99317546524966,905.1690107248052,113.46587879585981,905.8436869181543,113.1995127976392,906.7934164845824,129.9537361610635,891.6648130017577,144.4825496181629,0.005828476269775118,4.818772277227708,-0.2415594936708858,-264.85482465665893,,,-264.85482465665893,2.5093145959759795,,2025-06-09
2025,6,2,1,24,0,878.5080792079208,831.5824158415843,1107.858693069307,1153.063366336634,967.7700990099012,826.7636435643566,912.309805174066,939.316396039604,147.83566513743963,976.6172629262927,128.21732617888125,970.0293868483623,124.1333387232222,46.925663366336494,-33.80172596614523,0.05642935982339936,-0.037050709939148274,1.2246467991473532e-16,-1.0,1.2246467991473532e-16,-1.0,10,161,0,0,0,0,2,0.36171373072976765,-0.9322892131745133,0.7818314824680298,0.6234898018587336,831.5824158415843,873.421597359736,863.1783136378154,1054.8003832641327,838.5663046949857,800.0309306930692,814.3058958799105,826.96350047908,939.5049504950495,,961.978830740217,123.28715054071584,958.3999115450716,118.31594660644394,937.9606177224175,116.2726216671986,946.6959451871455,115.30362683884849,922.1522184871712,113.96888333544503,905.933322431091,113.06196180386122,906.4164044595857,112.92600611299466,906.4545449774316,129.94748853069936,891.6179918850536,144.22644988317555,0.005823627287853572,5.086481848184803,-0.16713333333333324,-176.29230405621195,,,-176.29230405621195,51.54457872884075,,2025-06-10
2025,6,2,2,24,0,879.2347194719472,878.5080792079208,831.5824158415843,1107.858693069307,1153.063366336634,873.421597359736,959.868348770361,863.108404840484,27.304724651369806,969.6695621562158,132.88345871213895,963.3099177401613,126.88525716937933,0.7266402640264005,-80.63362929841378,0.0008271298593878207,-0.08400488400488404,1.2246467991473532e-16,-1.0,1.2246467991473532e-16,-1.0,11,162,0,0,0,0,2,0.3456123126707335,-0.9383773917408641,0.9749279121818236,-0.22252093395631434,878.5080792079208,874.1482376237624,864.936314276589,792.765761737464,840.3243053337592,801.1208910891089,812.1962951133822,868.2672628553178,1002.1386138613861,,962.7054710042433,122.69678598790412,959.421226201883,117.50603988690577,940.8429163135669,113.59005382291947,948.085602834938,114.20336487786261,923.547108279722,112.93394848383093,906.7313989115503,112.62809475820663,906.5382650886594,112.89028803147022,905.7717455641571,129.7646810664672,891.5740795715319,143.97147896811282,0.005818786367414841,5.086481848184803,0.10907251789604744,86.46895773448318,,,86.46895773448318,10.96745661662942,,2025-06-11
2025,6,2,3,24,0,926.2751155115512,879.2347194719472,878.5080792079208,831.5824158415843,1107.858693069307,874.1482376237624,1145.0135739380391,894.6726380638062,27.370959741021185,962.7537315731574,134.07651976385333,945.0817128712873,113.40462625799498,47.04039603960405,-218.7384584264879,0.053501522401044,-0.19103569023569034,1.2246467991473532e-16,-1.0,1.2246467991473532e-16,-1.0,12,163,0,0,0,0,2,0.3294084822245304,-0.9441875088341993,0.43388373911755823,-0.900968867902419,879.2347194719472,920.9209240924092,912.309805174066,838.5663046949857,886.4024273395081,844.4324752475247,852.7228361545831,909.3489619929736,1027.1920792079209,,963.4703554926922,122.40924178978564,960.4187483688462,117.13402917655598,943.7665433407858,111.98423491008548,949.5096274125109,113.65300249649773,925.0085839987224,112.41990485676982,907.6070212848473,112.48897721001741,906.726333461088,112.90912049555524,905.2110957658439,129.45478882584857,891.6966980730868,143.7307863868395,0.005813953488372103,5.354191419142012,0.10459376953915189,87.70881081656557,,,87.70881081656557,16.92615351857762,,2025-06-12
2025,6,2,4,24,0,973.3920000000002,926.2751155115512,879.2347194719472,878.5080792079208,831.5824158415843,920.9209240924092,1101.4336633663368,926.300611661166,47.078645441960646,932.808503850385,98.38463442127161,934.4115742574259,102.89271529170846,47.11688448844893,-128.0416633663366,0.050867052023121584,-0.11624999999999996,1.2246467991473532e-16,-1.0,1.2246467991473532e-16,-1.0,13,164,0,0,0,0,2,0.3131070409358269,-0.9497178427914316,-0.433883739117558,-0.9009688679024191,926.2751155115512,967.7700990099012,959.868348770361,840.3243053337592,932.6656020440754,887.8587920792079,893.0273139572022,1079.782497604599,1064.772277227723,,964.2734842055636,122.46058616184145,961.3847234566775,117.18489305784729,948.2021331629937,110.36940083033342,950.9641416252225,113.69005034315673,926.5359627115938,112.48701999815174,908.5637437377378,112.70502700652621,905.5442168210369,111.62657922561705,904.703427559023,129.00395288325396,891.9843575869139,143.55849335844425,0.0058091286307053736,5.621900990098993,0.15835278573001554,133.06769466624098,,,133.06769466624098,-106.39049760459886,,2025-06-13
2025,6,2,5,24,1,1159.7561056105612,973.3920000000002,926.2751155115512,879.2347194719472,878.5080792079208,967.7700990099012,826.7636435643566,1019.8077403740375,123.46723816566245,941.4580726072609,117.31277544417055,962.1609460946096,115.36809415600266,186.36410561056107,332.99246204620465,0.19145843155744147,0.4027662133407346,1.2246467991473532e-16,-1.0,1.2246467991473532e-16,-1.0,14,165,0,0,0,0,2,0.29671281927349075,-0.9549667548552551,-0.9749279121818236,-0.2225209339563146,973.3920000000002,1153.063366336634,1145.0135739380391,886.4024273395081,1112.6293516448418,1058.4089108910891,1060.3519642286808,1033.926438837432,1039.7188118811882,,965.2295898161246,124.19407372425029,962.4377614332864,119.01390195963268,957.3139224386955,116.2200459078841,952.647239981141,116.48647495832499,928.34573404587,115.42418819199841,909.7471263732365,114.81999657869946,906.9423242296273,114.01506208196265,905.3703014130753,130.0121227630033,892.9239075799794,144.18064680641618,0.005804311774460835,6.692739273927145,0.3083855254001395,273.3536782710531,,,273.3536782710531,125.82966677312925,,2025-06-14
2025,6,2,6,24,1,1114.283722772277,1159.7561056105612,973.3920000000002,926.2751155115512,879.2347194719472,1153.063366336634,873.421597359736,1082.4772761276129,97.16806317472134,988.5749570957096,121.06814361668948,982.2327898789881,119.40758650195912,-45.47238283828415,240.8621254125411,-0.039208573784006884,0.2757684560819684,1.2246467991473532e-16,-1.0,1.2246467991473532e-16,-1.0,15,166,0,0,0,0,3,0.28023067519921585,-0.9599326896597447,-0.7818314824680299,0.6234898018587334,1159.7561056105612,1107.858693069307,1101.4336633663368,932.6656020440754,1070.3448099648674,1017.4493465346534,1015.2731267965504,773.4462599808368,1102.3524752475246,,966.1474512022631,125.44134343667119,963.355622819425,120.21185012077751,963.3678597963022,119.57371797011243,954.2164868671199,118.41082790965743,930.0749193358276,117.49018639112109,910.925823944376,116.41348216862062,910.7294071495321,115.18564091047635,905.436586121546,130.11611208361845,893.6978929477846,144.52144343973373,0.005799502899751285,6.4250297029700505,0.19473015873015864,181.6181207282017,,,181.6181207282017,340.8374627914403,,2025-06-15
2025,6,2,0,25,0,836.401188118812,1114.283722772277,1159.7561056105612,973.3920000000002,926.2751155115512,1107.858693069307,874.1482376237624,1036.8136721672167,175.04515766535044,981.5571419141916,129.6411331106712,979.0872024202421,122.95813694345135,-277.8825346534651,-37.74704950495038,-0.24938220757825347,-0.04318151988449914,1.2246467991473532e-16,-1.0,1.2246467991473532e-16,-1.0,16,167,0,0,0,0,3,0.26366549272800704,-0.9646141756912435,0.0,1.0,1114.283722772277,831.5824158415843,826.7636435643566,1112.6293516448418,804.424081763015,764.119603960396,759.4562759501756,814.3058958799105,1315.3069306930693,,966.835847241867,124.59013516187744,964.0440188590288,119.39429862332236,954.1602543454345,118.31234081294664,955.358526379827,117.05910399548316,931.365661910085,116.02172356956348,911.8418348035264,115.50646035977289,910.974910396631,115.00121654251093,902.7759986628002,126.53535919931106,893.4982528612726,144.3082007229718,0.005794701986755024,4.818772277227708,-0.24826611226611206,-276.2281635260298,,,-276.2281635260298,22.095292238901493,,2025-06-16
2025,6,2,1,25,0,883.5945610561056,836.401188118812,1114.283722772277,1159.7561056105612,973.3920000000002,831.5824158415843,920.9209240924092,944.7598239823983,148.6962266097916,982.2837821782178,128.96335762423524,975.9766721672169,125.01823928217934,47.19337293729359,-37.32636303630363,0.056424325560127775,-0.04053156146179404,1.2246467991473532e-16,-1.0,1.2246467991473532e-16,-1.0,17,168,0,0,0,0,3,0.24702218048093552,-0.9690098257244062,0.7818314824680298,0.6234898018587336,836.401188118812,878.5080792079208,873.421597359736,1070.3448099648674,850.8723091664004,807.6606534653465,799.5386905142126,812.1962951133822,1490.6811881188119,,967.5624875058935,124.00257507770918,964.7706591230553,118.82996286426007,947.9352460484758,116.89291207775706,956.5271782330308,116.13704700867744,932.7216245456344,114.98880610531342,912.8424999290249,114.88424863044432,911.7682244626612,114.55756269578018,899.4032951791186,118.62084987378444,893.4638650425046,144.05775538172068,0.005789909015715411,5.086481848184803,-0.17447671738128168,-186.75024890876182,,,-186.75024890876182,71.39826594272336,,2025-06-17
2025,6,2,2,25,0,884.321201320132,883.5945610561056,836.401188118812,1114.283722772277,1159.7561056105612,878.5080792079208,967.7700990099012,868.1056501650165,27.459273237787652,975.2914631463146,133.65932769733485,969.0225973597361,127.80604243129747,0.7266402640264005,-83.44889768976918,0.000822368421052655,-0.0862280181782259,1.2246467991473532e-16,-1.0,1.2246467991473532e-16,-1.0,18,169,0,0,0,0,3,0.23030567023061221,-0.9731183372332619,0.9749279121818236,-0.22252093395631434,883.5945610561056,879.2347194719472,874.1482376237624,804.424081763015,852.6303098051741,808.7506138613861,797.4290897476844,852.7228361545831,862.7227722772277,,968.2891277699199,123.41221767779281,965.4972993870816,118.26293419701618,950.5984833670465,114.39392637425101,957.6589957871364,115.23795752922383,934.0710993216834,113.94617652850935,913.8769298286973,114.22181674200571,912.1193174089452,114.42291048173041,899.5232864515791,118.59445933733747,893.4322295278944,143.8084432553509,0.005785123966942196,5.086481848184803,0.09932213787286259,79.89711955711698,,,79.89711955711698,31.5983651655489,,2025-06-18
2025,6,2,3,25,0,931.6293069306932,884.321201320132,883.5945610561056,836.401188118812,1114.283722772277,879.2347194719472,1153.063366336634,899.8483564356435,27.525508393030695,968.3310143014302,134.86005208284425,950.5697590759077,114.06513128918537,47.308105610561256,-221.43405940594084,0.05349651861782667,-0.19203980099502505,1.2246467991473532e-16,-1.0,1.2246467991473532e-16,-1.0,19,170,0,0,0,0,3,0.21352091543979612,-0.9769384927771817,0.43388373911755823,-0.900968867902419,884.321201320132,926.2751155115512,920.9209240924092,850.8723091664004,899.356116256787,852.4637623762376,837.1784094538485,893.0273139572022,782.2019801980199,,969.0540122583689,123.12468120625981,966.2621838755305,117.98675866587293,953.2903832925228,112.90677744935111,958.8116097397759,114.79375475160921,935.4847697601557,113.40510682082203,915.0013452748501,113.92218997828036,912.5482284419838,114.42288977570465,900.3534382667606,118.29123363418192,893.563943587904,143.57694573144582,0.005780346820809301,5.354191419142012,0.09491083079599849,80.7569977642928,,,80.7569977642928,38.601992973491065,,2025-06-19
2025,6,2,4,25,0,979.0139009900992,931.6293069306932,884.321201320132,883.5945610561056,836.401188118812,926.2751155115512,1107.858693069307,931.6548030803082,47.346354983640545,938.2073135313532,98.95665984229693,939.832693069307,103.48703974697139,47.38459405940591,-128.84479207920788,0.05086206896551726,-0.11630074565037274,1.2246467991473532e-16,-1.0,1.2246467991473532e-16,-1.0,20,171,0,0,0,0,3,0.19667288979357647,-0.980469160361632,-0.433883739117558,-0.9009688679024191,931.6293069306932,973.3920000000002,967.7700990099012,852.6303098051741,946.2669754072182,896.2916435643564,876.7056659214308,1060.3519642286808,897.2316831683169,,969.85714097124,123.17601827510532,967.0653125884018,118.03607014785177,957.5031696653538,111.36877128733751,959.9811427963075,114.82802465047568,936.9619529284726,113.424062872329,916.2193004542389,114.05465119165707,911.6444721837776,113.56033031258181,900.8077839213262,118.43614647017998,893.8575860532037,143.4166906358672,0.005775577557755707,5.621900990098993,0.14822788931090636,126.38359118492508,,,126.38359118492508,-81.33806323858164,,2025-06-20
2025,6,2,5,25,1,1166.4488448844886,979.0139009900992,931.6293069306932,884.321201320132,883.5945610561056,973.3920000000002,831.5824158415843,1025.6973509350937,124.1755298973354,946.9015005500552,117.9829344027943,967.7382288228824,116.03188119369189,187.43494389438945,334.8664290429043,0.1914527911246533,0.4026857983811625,1.2246467991473532e-16,-1.0,1.2246467991473532e-16,-1.0,21,172,0,0,0,0,3,0.1797665857255624,-0.9837092937736097,-0.9749279121818236,-0.2225209339563146,979.0139009900992,1159.7561056105612,1153.063366336634,899.356116256787,1128.8214627914406,1068.44801980198,1040.9214308527626,1015.2731267965504,828.2138613861385,,970.813246581801,124.90948134516778,968.0214181989629,119.70103757307727,966.4062606196104,117.08917289089979,961.324977871059,117.07533582368998,938.7119676620888,116.21141682496362,917.7136744308071,116.50425741899456,913.3242023847546,116.19780998892381,902.6868671629835,119.95144142125811,894.7911177615299,144.0560242792333,0.00577081615828523,6.692739273927373,0.2969821673525379,267.0927286277016,,,267.0927286277016,151.1757180879382,,2025-06-21
2025,6,2,6,25,1,1120.7087524752476,1166.4488448844886,979.0139009900992,931.6293069306932,884.321201320132,1159.7561056105612,878.5080792079208,1088.7238327832783,97.7253337878682,994.286094609461,121.75935881960544,987.9216182618262,120.09348744058401,-45.740092409241015,242.2006732673268,-0.03921311475409839,0.2756954420791433,1.2246467991473532e-16,-1.0,1.2246467991473532e-16,-1.0,22,173,0,0,0,0,4,0.16280701293851715,-0.986657932891657,-0.7818314824680299,0.6234898018587334,1166.4488448844886,1114.283722772277,1107.858693069307,946.2669754072182,1085.889236665602,1027.0868910891088,996.6198147556688,759.4562759501756,862.7227722772277,,971.7311079679397,126.15681976649411,968.9392795851015,120.89905617141987,972.2209865218781,120.34085139280546,962.5685320071179,118.62214490297872,940.3837866154126,118.16293225995459,919.1909236893734,118.28985220448662,917.3381187905887,117.05923011966381,904.1201226085282,121.00789482790137,895.5621677093584,144.41351372152138,0.005766062602965638,6.425029702970505,0.1843473159284248,174.4417770680294,,,174.4417770680294,361.252476525072,,2025-06-22
2025,6,2,0,26,0,841.2199603960397,1120.7087524752476,1166.4488448844886,979.0139009900992,931.6293069306932,1114.283722772277,879.2347194719472,1042.7925192519253,176.05868730677307,987.2236611661166,130.3871660452858,984.7537216721672,123.66928427663046,-279.4887920792079,-38.01475907590748,-0.2493857493857493,-0.04323618964767273,1.2246467991473532e-16,-1.0,1.2246467991473532e-16,-1.0,23,174,0,0,0,0,4,0.1457991969198751,-0.9893142039703663,0.0,1.0,1120.7087524752476,836.401188118812,831.5824158415843,1128.8214627914406,816.082401788566,771.3477623762376,745.4662919195146,799.5386905142126,920.2376237623763,,972.4195040075438,125.3055693441607,969.6276756247054,120.08146119965694,962.6342697753647,118.88216426698156,963.4663019573848,117.56282478022364,941.6315044371948,116.70549001404788,920.3308483140942,117.05043036503615,917.8012440114979,116.66974439018666,903.6811355898263,121.09239669413545,895.3773302695171,144.20169571833705,0.0057613168724279795,4.818772277227708,-0.2547803278688524,-287.60150239540087,,,-287.60150239540087,41.68126988182712,,2025-06-23
2025,6,2,1,26,0,888.6810429042904,841.2199603960397,1120.7087524752476,1166.4488448844886,979.0139009900992,836.401188118812,926.2751155115512,950.2032519251925,149.5567881327439,987.9503014301431,129.70938954578912,981.6208822882289,125.74412932051378,47.46108250825068,-37.59407260726084,0.056419348972540195,-0.040586292320396455,1.2246467991473532e-16,-1.0,1.2246467991473532e-16,-1.0,24,175,0,0,0,0,4,0.12874817745258132,-0.99167731989929,0.7818314824680298,0.6234898018587336,841.2199603960397,883.5945610561056,878.5080792079208,1085.889236665602,863.1783136378154,815.2903762376237,784.7714851485148,797.4290897476844,943.2435643564356,,973.1461442715702,124.71800029605946,970.3543158887318,119.51711484217553,956.0606633166543,117.27318891177325,964.3771137169017,116.853724006489,942.9420520562426,115.66840660081209,921.5678668588057,116.14612217685512,918.8151546021269,116.00652892605883,903.3780104706477,121.06109648917983,895.354630990313,143.9567737859008,0.005756578947368363,5.086481848184803,-0.18160986139513757,-197.2081937613117,,,-197.2081937613117,91.25195315660596,,2025-06-24
2025,6,2,2,26,0,889.4076831683168,888.6810429042904,841.2199603960397,1120.7087524752476,1166.4488448844886,883.5945610561056,973.3920000000002,873.102895489549,27.61382197651664,980.9133641364137,134.43519699493882,974.622189218922,128.5496811552885,0.7266402640264005,-83.98431683168337,0.0008176614881438837,-0.08628005657708648,1.2246467991473532e-16,-1.0,1.2246467991473532e-16,-1.0,25,176,0,0,0,0,4,0.11165900712169512,-0.993746580436178,0.9749279121818236,-0.22252093395631434,888.6810429042904,884.321201320132,879.2347194719472,816.082401788566,864.936314276589,816.3803366336633,785.8614455445544,837.1784094538485,977.7524752475248,,973.8727845355965,124.12764996982543,971.0809561527583,118.95009103212504,958.504839362646,114.99722792078316,965.2510911773205,116.17196089985977,944.2461118157898,114.62252234054287,922.8005601638504,115.23438161966061,919.395479865621,115.72384526548922,902.8872060702075,120.93690341835949,895.3345399503738,143.712987819337,0.005751848808545512,5.086481848184803,0.0898503401360542,73.32528137975078,,,73.32528137975078,52.22927371446826,,2025-06-25
2025,6,2,3,26,0,936.983498349835,889.4076831683168,888.6810429042904,841.2199603960397,1120.7087524752476,884.321201320132,1159.7561056105612,905.0240748074807,27.68005719625409,973.908297029703,135.64358467108244,956.0578052805281,114.72563857706818,47.57581518151824,-222.7726072607262,0.05349157206742361,-0.192085737840066,1.2246467991473532e-16,-1.0,1.2246467991473532e-16,-1.0,26,177,0,0,0,0,4,0.09453674981719912,-0.9955213724144752,0.43388373911755823,-0.900968867902419,889.4076831683168,931.6293069306932,926.2751155115512,863.1783136378154,912.309805174066,860.4950495049504,828.3699009900989,876.7056659214308,954.7465346534653,,974.6376690240452,123.8401211370016,971.8458406412071,118.67392190765948,960.96501218638,113.66935694751955,966.1322945050267,115.84863943344185,945.6119769737343,114.06073156898421,924.0935791800379,114.77046089466555,920.0652335592697,115.64840610046494,902.7885225351876,120.90159231093888,895.4747721335369,143.490377081765,0.005747126436781436,5.3541914191417845,0.08550398399256798,73.80518471201958,,,73.80518471201958,60.27783242840428,,2025-06-26
2025,6,2,4,26,0,984.6358019801982,936.983498349835,889.4076831683168,888.6810429042904,841.2199603960397,931.6293069306932,1114.283722772277,937.0089944994501,47.614064525649425,943.6061232123212,99.52868599353114,945.2538118811882,104.08136645077327,47.65230363036312,-129.64792079207893,0.050857142857142934,-0.11635090609555165,1.2246467991473532e-16,-1.0,1.2246467991473532e-16,-1.0,27,178,0,0,0,0,4,0.07738647923346301,-0.9970011699250151,-0.433883739117558,-0.9009688679024191,936.983498349835,979.0139009900992,973.3920000000002,864.936314276589,959.868348770361,905.4628553177896,870.9930891089108,1040.9214308527626,1012.2613861386138,,975.4407977369166,123.89145098677143,972.6489693540783,118.72322658972142,964.9549951098337,112.27462560880848,967.0168464053779,115.89358635252636,947.0257795927058,114.04470804046353,925.4464686189816,114.8067745088563,919.439837682908,115.13856958154055,902.6350470676407,120.77932086987138,895.7739702202708,143.34169054440068,0.005742411812961423,5.621900990098993,0.13839109970047092,119.69948770360918,,,119.69948770360918,-56.285628872564416,,2025-06-27
2025,6,2,5,26,1,1173.141584158416,984.6358019801982,936.983498349835,889.4076831683168,888.6810429042904,979.0139009900992,836.401188118812,1031.5869614961496,124.88382164280917,952.3449284928494,118.65309343755291,973.3155115511553,116.69567042602608,188.50578217821783,336.740396039604,0.19144721510137486,0.4026063100137174,1.2246467991473532e-16,-1.0,1.2246467991473532e-16,-1.0,28,179,0,0,0,0,4,0.06021327736579302,-0.9981855344718586,-0.9749279121818236,-0.2225209339563146,984.6358019801982,1166.4488448844886,1159.7561056105612,912.309805174066,1145.0135739380391,1080.245129351645,1038.3306930693068,996.6198147556688,1207.8118811881188,,976.3969033474776,125.62488983519277,973.6050749646394,120.38817637325238,973.6493877426453,118.01001141794632,968.0214181989628,117.6029173473346,948.6846448571125,116.6632767633601,927.0513601795664,117.31859051834545,921.4011906762719,117.93755889696432,902.4424343063645,120.31668053772262,896.701621103007,143.9971924437747,0.0057377049180327155,6.692739273927373,0.2859026369168356,260.83177898434997,,,260.83177898434997,176.52176940274717,,2025-06-28
2025,6,2,6,26,1,1127.133782178218,1173.141584158416,984.6358019801982,936.983498349835,889.4076831683168,1166.4488448844886,883.5945610561056,1094.970389438944,98.2826045291422,999.9972321232125,122.4505741121287,993.6104466446645,120.77939062362071,-46.00780198019788,243.5392211221125,-0.03921760391198037,0.2756232686980613,1.2246467991473532e-16,-1.0,1.2246467991473532e-16,-1.0,29,180,0,0,0,0,5,0.04302223300453059,-0.99907411510223,-0.7818314824680299,0.6234898018587334,1173.141584158416,1120.7087524752476,1114.283722772277,959.868348770361,1101.4336633663368,1039.255956563398,998.1742574257424,745.4662919195146,1368.8534653465347,,977.3147647336162,126.8722961819705,974.522936350778,121.58626458120945,979.2249021895738,121.2434815184479,968.9392795851014,118.77716057673018,950.2538917430913,118.48058054046408,928.586592617096,119.09091473825653,925.6419405680354,118.40129290170192,901.0995471776516,116.36594408779794,897.469728306591,144.37049410534715,0.005733005733005836,6.425029702970505,0.17425872373240825,167.26543340785713,,,167.26543340785713,381.66749025870354,,2025-06-29
2025,6,2,0,27,0,846.0387326732674,1127.133782178218,1173.141584158416,984.6358019801982,936.983498349835,1120.7087524752476,884.321201320132,1048.7713663366337,177.07221697608674,992.8901804180418,131.13319943398446,990.4202409240925,124.38043395673392,-281.0950495049507,-38.28246864686457,-0.24938925081433239,-0.043290230506422,1.2246467991473532e-16,-1.0,1.2246467991473532e-16,-1.0,30,181,0,1,0,1,5,0.02581844022713308,-0.9996666485105112,0.0,1.0,1127.133782178218,841.2199603960397,836.401188118812,1145.0135739380391,826.7636435643566,781.1074417119131,749.6632871287128,784.7714851485148,817.4702970297029,,978.0031607732202,126.02100409124199,975.211332390382,120.76862664585627,969.2590741474147,119.4199504969379,969.6276756247054,117.97578826848776,951.413379081687,117.10489694739864,929.7339193497692,117.80367789298774,926.3226877627549,117.7566318321786,901.2582607090048,116.27068697998644,897.2988612114638,144.16015850834575,0.005728314238952592,4.818772277227708,-0.261110303030303,-298.9748412647717,,,-298.9748412647717,61.267247524752634,,2025-06-30
2025,7,3,1,27,0,893.7675247524752,846.0387326732674,1127.133782178218,1173.141584158416,984.6358019801982,841.2199603960397,931.6293069306932,955.646679867987,150.4173497054275,993.6168206820684,130.455421935373,987.265092409241,126.47002157954834,47.72879207920778,-37.86178217821805,0.056414429075128725,-0.04064039408867015,-0.4999999999999998,-0.8660254037844388,-1.0,-1.8369701987210297e-16,1,182,1,0,1,0,1,0.008606996888688698,-0.9999629591162655,0.7818314824680298,0.6234898018587336,846.0387326732674,888.6810429042904,883.5945610561056,1101.4336633663368,873.421597359736,826.2603002235707,792.401207920792,785.8614455445544,857.9043117214947,,978.7298010372467,125.43342618410792,975.9379726544083,120.20426982460313,962.3368695269528,117.49746251327177,970.3543158887318,117.42264711519951,952.6188652339888,116.13659678841165,930.9406612168129,116.8956195144308,927.5216441983982,116.8563253871511,901.4575007813993,116.2267002020884,897.287168044381,143.92063403705603,0.005723630417007408,5.086481848184803,-0.18854166666666683,-207.66613861386156,,,-207.66613861386156,107.90607920792081,,2025-07-01
2025,7,3,2,27,0,894.8223251357394,893.7675247524752,846.0387326732674,1127.133782178218,1173.141584158416,888.6810429042904,979.0139009900992,878.2095275204941,27.865716961681166,986.589958479719,135.16644846934696,980.249127754711,129.2735745627676,1.0548003832642507,-84.19157585435971,0.001180173092053538,-0.08599630277896442,-0.4999999999999998,-0.8660254037844388,-1.0,-1.8369701987210297e-16,2,183,0,0,0,0,1,-0.008606996888688009,-0.9999629591162655,0.9749279121818236,-0.22252093395631434,893.7675247524752,889.4076831683168,884.321201320132,826.7636435643566,874.1482376237624,828.0183008623442,793.4911683168316,828.3699009900989,898.0792526349409,,979.503321318307,124.80591723545459,976.6880529269517,119.61994401812774,964.6054922459989,115.42838828645951,971.0926761570166,116.85893913520995,953.8117942388709,115.17255419547848,932.1469845122762,115.97935833616914,928.2600044666833,116.4319631171121,901.439406739737,116.22748257682989,897.2790332493029,143.68222703888324,0.006087919038583189,5.414641967422654,0.0823193933370936,68.05868157138286,,,68.05868157138286,66.45242414564052,,2025-07-02
2025,7,3,3,27,0,943.0285531778984,894.8223251357394,893.7675247524752,846.0387326732674,1127.133782178218,889.4076831683168,1166.4488448844886,910.5394676887043,28.141315852409146,979.6554170126691,136.34888636962063,961.6307701124952,115.35854994505657,48.206228042158955,-223.4202917065902,0.053872402026677646,-0.19153886832363842,-0.4999999999999998,-0.8660254037844388,-1.0,-1.8369701987210297e-16,3,184,0,0,0,0,1,-0.02581844022713239,-0.9996666485105112,0.43388373911755823,-0.900968867902419,894.8223251357394,936.983498349835,931.6293069306932,873.421597359736,920.9209240924092,873.4487384222293,836.4011881188118,870.9930891089108,1065.9035451932289,,980.366900579459,124.48316810151695,977.5022848017522,119.32808451190942,966.9257241066042,114.22561298409731,971.8822343386412,116.58175477300213,955.0542909309364,114.66401932705953,933.4163579058365,115.5013357537711,929.0603985118942,116.28136811645449,900.7567678952074,115.61536801305135,897.4295250911732,143.46892820805414,0.006451612903225712,6.045054828063371,0.07969456678032372,69.60695581816242,,,69.60695581816242,72.03546406898761,,2025-07-03
2025,7,3,4,27,0,991.3458128393484,943.0285531778984,894.8223251357394,893.7675247524752,846.0387326732674,936.983498349835,1120.7087524752476,943.065563717662,48.26175449517139,949.3561217928245,100.14647153454324,950.850525142837,104.69269342051946,48.31725966144995,-129.36293963589924,0.051236263736263776,-0.11542957913925667,-0.4999999999999998,-0.8660254037844388,-1.0,-1.8369701987210297e-16,4,185,0,0,0,0,1,-0.04302223300453034,-0.99907411510223,-0.433883739117558,-0.9009688679024191,943.0285531778984,984.6358019801982,979.0139009900992,874.1482376237624,967.7700990099012,919.0642286809326,879.4259405940593,1038.3306930693068,1020.1585180453528,,981.3254735593375,124.54733758942153,978.3831356481271,119.3856029532666,970.8323099471238,112.94003070503165,972.7242241182645,116.63607860312929,956.3450335051939,114.65834990143995,934.7487373373283,115.51655060090889,928.538344287117,115.89009137061262,900.5966973107295,115.4689846741465,897.7374473460852,143.33368042033695,0.006814713466294586,6.710010859150202,0.13407059600574112,117.19757521558597,,,117.19757521558597,-46.984880229958435,,2025-07-04
2025,7,3,5,27,1,1181.5614819546472,991.3458128393484,943.0285531778984,894.8223251357394,893.7675247524752,984.6358019801982,841.2199603960397,1038.645282657298,126.10479535488803,958.4274050888961,119.97273229867473,979.2123186060543,117.59798604374318,190.21566911529885,340.3415215586075,0.19187620167628028,0.40458089154039745,-0.4999999999999998,-0.8660254037844388,-1.0,-1.8369701987210297e-16,5,186,0,0,0,0,1,-0.060213277365792774,-0.9981855344718586,-0.9749279121818236,-0.2225209339563146,991.3458128393484,1173.141584158416,1166.4488448844886,920.9209240924092,1153.063366336634,1096.4372404982432,1048.369801980198,998.1742574257424,762.7872245289045,,982.5283161016563,126.73012452000599,979.462609724567,121.27032873835974,979.5203285425317,118.83910493888216,973.7420139617649,118.37935089796609,957.8651092454868,117.08790582792604,936.3343525751194,117.98272750981697,930.5759801152159,118.70620673972101,902.9232209630948,116.88694678132768,898.66497687095,144.01541568296287,0.007177222178405218,8.419897796231226,0.2830216482692103,260.640557862238,,,260.640557862238,183.38722452890477,,2025-07-05
2025,7,3,6,27,1,1135.631402107953,1181.5614819546472,991.3458128393484,943.0285531778984,894.8223251357394,1173.141584158416,888.6810429042904,1102.8462323006495,99.2554820335698,1006.692849994677,123.90319311180968,999.7915152063593,121.84607553190943,-45.9300798466943,246.95035920366252,-0.03887235708692238,0.2778841308424971,-0.4999999999999998,-0.8660254037844388,-1.0,-1.8369701987210297e-16,6,187,0,0,0,0,1,-0.07738647923346322,-0.9970011699250151,-0.7818314824680299,0.6234898018587334,1181.5614819546472,1127.133782178218,1120.7087524752476,967.7700990099012,1107.858693069307,1054.8003832641327,1007.811801980198,749.6632871287128,802.703091664005,,983.7422618059041,128.3761694145757,980.5285132697601,122.66487083714661,985.1157053124667,122.1718130448514,974.7338964274308,119.65420122788318,959.3085202962693,118.79045784737998,937.8560144814021,119.727073222788,934.8645147260964,119.068323278086,904.7728226877833,117.92174232842125,899.4368544775851,144.41457618940123,0.007539140485447016,8.49761992973481,0.17345163202478142,167.86130309805174,,,167.86130309805174,385.9681149792401,,2025-07-06
2025,7,3,0,28,0,852.7228361545833,1135.631402107953,1181.5614819546472,991.3458128393484,943.0285531778984,1127.133782178218,889.4076831683168,1056.6385734057278,178.08316591606805,999.852068561695,132.23756248032598,996.7344446218816,125.27917376212773,-282.9085659533696,-36.684847013733474,-0.24912006257332808,-0.041246379706381564,-0.4999999999999998,-0.8660254037844388,-1.0,-1.8369701987210297e-16,7,188,0,0,0,0,1,-0.09453674981719933,-0.9955213724144752,0.0,1.0,1135.631402107953,846.0387326732674,841.2199603960397,1153.063366336634,831.5824158415843,792.765761737464,756.8914455445544,792.401207920792,800.2418907697221,,984.6971337318064,127.20068837668425,981.3501472525134,121.69466331542053,975.1043543063985,120.22496809769827,975.4889114386094,118.78097547358769,960.3791823394322,117.5255741630295,938.9968643696167,118.43149790639912,935.5347550398051,118.42542197472169,905.0643834954772,117.72656424190856,899.2851855869261,144.2037496985858,0.007900469828604484,6.684103481315901,-0.2604718343765048,-300.34053018205077,,,-300.34053018205077,60.32162823379133,,2025-07-07
2025,7,3,1,28,0,901.1511274353242,852.7228361545833,1135.631402107953,1181.5614819546472,991.3458128393484,846.0387326732674,936.983498349835,963.1684552326201,151.30738872502556,1000.906868944959,131.25381351085284,993.7484137123389,127.24442603995146,48.42829128074084,-35.832370914510875,0.05679253472222201,-0.03824226464779468,-0.4999999999999998,-0.8660254037844388,-1.0,-1.8369701987210297e-16,8,189,0,0,0,0,2,-0.11165900712169444,-0.9937465804361781,0.7818314824680298,0.6234898018587336,852.7228361545833,893.7675247524752,888.6810429042904,1107.858693069307,878.5080792079208,838.5663046949857,800.0309306930692,793.4911683168316,839.7691472373043,,985.7519341150706,126.348752726354,982.2408675761586,121.00791345836181,968.214102118599,118.26159543886212,976.2975917324451,118.17177656304817,961.4967684597954,116.6403932394309,940.2006762355959,117.51230000661506,936.7309768077884,117.51474872063422,905.4053944965773,117.62522809512542,899.2912242336846,143.96950151190777,0.008261211644374544,7.383602682848959,-0.18658297030761428,-206.70756563398288,,,-206.70756563398288,107.65995911849257,,2025-07-08
2025,7,3,2,28,0,902.2059278185884,901.1511274353242,852.7228361545833,1135.631402107953,1181.5614819546472,893.7675247524752,984.6358019801982,885.3599638028319,28.269501707808494,994.1030980517407,135.83228361380364,986.879257532205,129.9766926281594,1.0548003832642507,-82.42987416160975,0.001170503316426208,-0.08371610497590609,-0.4999999999999998,-0.8660254037844388,-1.0,-1.8369701987210297e-16,9,190,0,0,0,0,2,-0.12874817745258066,-0.99167731989929,0.9749279121818236,-0.22252093395631434,901.1511274353242,894.8223251357394,889.4076831683168,831.5824158415843,879.2347194719472,840.3243053337592,801.1208910891089,836.4011881188118,879.037329926541,,986.8067344983347,125.49103357414964,983.1550279083209,120.29891883944758,970.5682191844991,116.13175470593865,977.1179920305394,117.55107398373531,962.6017974327387,115.76137135628866,941.4040695299944,116.58480771687631,937.4621405822303,117.08743191074007,905.5341089293107,117.60888824907758,899.3006265033134,143.73644769878234,0.008251473477406623,7.383602682848959,0.08492665384889264,70.62351197700411,,,70.62351197700411,65.80473969977663,,2025-07-09
2025,7,3,3,28,0,950.8007665282656,902.2059278185884,901.1511274353242,852.7228361545833,1135.631402107953,894.8223251357394,1173.141584158416,918.052607260726,28.36564123232581,987.3455903332269,137.00040305702444,968.3508560630257,116.11973841802669,48.59483870967722,-222.34081763015035,0.053862247200229474,-0.18952598785393193,-0.4999999999999998,-0.8660254037844388,-1.0,-1.8369701987210297e-16,10,191,0,0,0,0,2,-0.14579919691987442,-0.9893142039703664,0.43388373911755823,-0.900968867902419,902.2059278185884,943.0285531778984,936.983498349835,878.5080792079208,926.2751155115512,886.4024273395081,844.4324752475247,879.4259405940593,1043.2345895879912,,987.9170506912443,125.07282412022279,984.1419756353516,119.94714846627444,972.9779754285106,114.89911979175344,977.9939081382793,117.24918079321077,963.751767775395,115.30963017052598,942.670358711908,116.09549238376901,938.2551942037214,116.93153916043467,905.02058769009,117.20538811863476,899.4662218088598,143.53413837980446,0.008241758241758212,7.772213350367224,0.08229029309044633,72.29268732034484,,,72.29268732034484,71.37482593420634,,2025-07-10
2025,7,3,4,28,0,999.5066368572342,950.8007665282656,902.2059278185884,901.1511274353242,852.7228361545833,943.0285531778984,1127.133782178218,950.8377770680294,48.650365077672525,957.0031161503248,100.7468473411958,957.7152606196104,105.62498177253958,48.70587032896856,-127.62714532098391,0.05122615803814723,-0.1132315855836925,-0.4999999999999998,-0.8660254037844388,-1.0,-1.8369701987210297e-16,11,192,0,0,0,0,2,-0.16280701293851646,-0.9866579328916572,-0.433883739117558,-0.9009688679024191,950.8007665282656,991.3458128393484,984.6358019801982,879.2347194719472,973.3920000000002,932.6656020440754,887.8587920792079,1048.369801980198,998.3963206643244,,989.0828826937994,125.14812287064241,985.2041781265685,120.01768223558616,976.9870393413535,113.60643166816286,978.9265737403233,117.31506556424273,964.945357682773,115.3279414801054,943.9994997211704,116.09952197059536,937.7122701467998,116.52726136559964,905.026756113384,117.2103589729817,899.786864164784,143.4150673556982,0.008232065856526916,8.16082401788583,0.13679159241746075,120.271917385287,,,120.271917385287,-48.86316512296378,,2025-07-11
2025,7,3,5,28,1,1191.2767486426062,999.5066368572342,950.8007665282656,902.2059278185884,901.1511274353242,991.3458128393484,846.0387326732674,1047.194717342702,127.13295897899985,966.277340572767,121.00383394842702,986.485095283722,118.65530125424975,191.77011178537202,345.2380159693388,0.19186477079167585,0.40806407867223093,-0.4999999999999998,-0.8660254037844388,-1.0,-1.8369701987210297e-16,12,193,0,0,0,0,2,-0.17976658572556214,-0.9837092937736098,-0.9749279121818236,-0.2225209339563146,999.5066368572342,1181.5614819546472,1173.141584158416,926.2751155115512,1159.7561056105612,1112.6293516448418,1058.4089108910891,1007.811801980198,746.4655764931332,,990.4707779349365,127.66700202073615,986.4995470182964,122.27872217092845,985.8204271123886,119.66818150595266,980.0523109914678,119.24982454336482,966.3497754863046,117.61526318612681,945.5812596944028,118.55615194395287,939.7507695541598,119.3381863543233,907.4979292919923,118.53029742462917,900.7181417509752,144.12986103995462,0.008222396241190255,9.715266687959002,0.2860938707013665,265.001633131055,,,265.001633131055,183.46494666240824,,2025-07-12
2025,7,3,6,28,1,1144.9580581283933,1191.2767486426062,999.5066368572342,950.8007665282656,902.2059278185884,1181.5614819546472,893.7675247524752,1111.9138145427448,100.0644066047225,1014.9832109017352,124.90655841597192,1007.4176397317151,122.89276949506896,-46.3186905142129,251.1905333759181,-0.03888155339805843,0.28104683423744237,-0.4999999999999998,-0.8660254037844388,-1.0,-1.8369701987210297e-16,13,194,0,0,0,0,2,-0.19667288979357622,-0.9804691603616321,-0.7818314824680299,0.6234898018587334,1191.2767486426062,1135.631402107953,1127.133782178218,973.3920000000002,1114.283722772277,1070.3448099648674,1017.4493465346534,756.8914455445544,785.4746854040242,,991.8031573664279,129.47037416361678,987.7727095861659,123.93718479942534,991.5392957166684,123.1039499555103,981.147822968472,120.66118573742824,967.682154917796,119.22635429100184,947.0992205467091,120.29101806282617,944.0626208050913,119.66722846922525,909.4950591404609,119.48745119403463,901.4959758795657,144.55803762506758,0.008212749315603896,9.326656020440396,0.1762558744353695,171.56605812839314,,,171.56605812839314,388.06661258383895,,2025-07-13
2025,7,3,0,29,0,859.7178281699138,1144.9580581283933,1191.2767486426062,999.5066368572342,950.8007665282656,1135.631402107953,894.8223251357394,1065.3175449803045,179.55441497530256,1008.077661024167,133.32045440253987,1004.492264984563,126.19025909436738,-285.2402299584795,-35.10449696582566,-0.24912723041117135,-0.039230689690828324,-0.4999999999999998,-0.8660254037844388,-1.0,-1.8369701987210297e-16,14,195,0,0,0,0,2,-0.2135209154397959,-0.9769384927771817,0.0,1.0,1144.9580581283933,852.7228361545833,846.0387326732674,1159.7561056105612,836.401188118812,804.424081763015,764.119603960396,800.0309306930692,783.0134845097413,,992.8024419400465,128.23914844887116,988.7497878359264,122.78239099016037,981.5380198019803,121.13858278313188,981.9805601131542,119.70187129642756,968.6695432464905,118.07311268592338,948.2372946444415,118.9841175485978,944.7258085548341,119.02370589838706,909.9211943830175,119.17020889808386,901.3633468392176,144.34686071633638,0.008203124999999867,6.994992015330467,-0.258708081801984,-300.03827744064745,,,-300.03827744064745,59.68689747684459,,2025-07-14
2025,7,3,1,29,0,908.5347301181732,859.7178281699138,1144.9580581283933,1191.2767486426062,999.5066368572342,852.7228361545833,943.0285531778984,971.0702054721601,152.55658443673784,1009.132461407431,132.3367019301974,1001.6177797295859,128.09609497849934,48.81690194825944,-34.49382305972517,0.05678247018812699,-0.03657770800627924,-0.4999999999999998,-0.8660254037844388,-1.0,-1.8369701987210297e-16,15,196,0,0,0,0,3,-0.23030567023061196,-0.973118337233262,0.7818314824680298,0.6234898018587336,859.7178281699138,901.1511274353242,893.7675247524752,1114.283722772277,883.5945610561056,850.8723091664004,807.6606534653465,801.1208910891089,821.633982753114,,993.8572423233107,127.38718587287389,989.8045882191907,121.96435504331616,974.6797200468434,119.17230372869209,982.8712804367995,119.03357699314417,969.6992293349151,117.27589304047343,949.438176509356,118.0536248749415,945.9192956551568,118.10252702401239,910.4039763128233,118.98642619483478,901.3860410901003,144.11812122235833,0.008193523214982568,7.383602682849073,-0.1846468618802145,-205.74899265410386,,,-205.74899265410386,107.41383902906432,,2025-07-15
2025,7,3,2,29,0,909.5895305014373,908.5347301181732,859.7178281699138,1144.9580581283933,1191.2767486426062,901.1511274353242,991.3458128393484,892.6140295965082,28.49382744009838,1002.2639220696263,136.95850529184318,994.8047562014266,130.8369501997217,1.0548003832640234,-81.7562823379111,0.0011609907120742058,-0.08246999309327796,-0.4999999999999998,-0.8660254037844388,-1.0,-1.8369701987210297e-16,16,197,0,0,0,0,3,-0.24702218048093527,-0.9690098257244063,0.9749279121818236,-0.22252093395631434,908.5347301181732,902.2059278185884,894.8223251357394,836.401188118812,884.321201320132,852.6303098051741,808.7506138613861,844.4324752475247,859.9954072181413,,994.9120427065749,126.52948689664647,990.8593886024547,121.14079521368329,977.1193314595977,116.97278353821038,983.7737207647033,118.35259464813741,970.7163582759198,116.48644392190366,950.63863980269,117.1147369454872,946.643262935756,117.67234640750665,910.6794992199528,118.92645342168926,901.4119196055935,143.89064322146467,0.008183943881527656,7.383602682848846,0.08750387185273678,73.18834238262525,,,73.18834238262525,65.15705525391252,,2025-07-16
2025,7,3,3,29,0,958.572979878633,909.5895305014373,908.5347301181732,859.7178281699138,1144.9580581283933,902.2059278185884,1181.5614819546472,925.5657468327478,28.5899672257774,995.4416459065261,138.13775440074286,976.2223810284255,117.00520342345634,48.98344937719571,-222.98850207601424,0.053852257237605006,-0.18872357086922487,-0.4999999999999998,-0.8660254037844388,-1.0,-1.8369701987210297e-16,17,198,0,0,0,0,3,-0.2636654927280072,-0.9646141756912435,0.43388373911755823,-0.900968867902419,909.5895305014373,950.8007665282656,943.0285531778984,883.5945610561056,931.6293069306932,899.356116256787,852.4637623762376,887.8587920792079,1020.5656339827532,,996.0223588994844,126.11129972684721,991.9697047953644,120.73924974832256,979.6186120870152,115.69967408828639,984.7359947985582,118.02200047084924,971.7738022691672,116.0949922925602,951.9018447729567,116.61424013139532,947.4289761335274,117.51139852754818,910.3350955860408,118.69599234739793,901.5916713674585,143.6992626062327,0.008174386920980936,7.772213350367338,0.08485613439370909,74.97841882252737,,,74.97841882252737,70.71418779942508,,2025-07-17
2025,7,3,4,29,0,1007.6674608751198,958.572979878633,909.5895305014373,908.5347301181732,859.7178281699138,950.8007665282656,1135.631402107953,958.6099904183966,49.038975661521825,964.8400979452782,101.5771141711043,965.5587192590227,106.51734249187845,49.09448099648682,-127.96394123283312,0.05121621621621619,-0.11268087602659382,-0.4999999999999998,-0.8660254037844388,-1.0,-1.8369701987210297e-16,18,199,0,0,0,0,3,-0.2802306751992161,-0.9599326896597445,-0.433883739117558,-0.9009688679024191,958.572979878633,999.5066368572342,991.3458128393484,884.321201320132,979.0139009900992,946.2669754072182,896.2916435643564,1058.4089108910891,976.634123283296,,997.1881909020395,126.18657718506684,993.1355367979194,120.8115396909245,983.7301540721816,114.38049342896133,985.7593362230233,118.09474969872,972.8702395096653,116.13965204013755,953.2277473599895,116.60750554975886,946.865182244461,117.0939401598856,910.5075030171065,118.81530870182438,901.9241973533759,143.5960151411691,0.008164852255054367,8.160824017885602,0.13948128730924259,123.3462595549878,,,123.3462595549878,-50.74145001596935,,2025-07-18
2025,7,3,5,29,1,1200.9920153305652,1007.6674608751198,958.572979878633,909.5895305014373,908.5347301181732,999.5066368572342,852.7228361545833,1055.744152028106,128.1611226602149,974.1790908123071,121.97663579083206,994.5811508570213,119.61858654591924,193.32455445544542,348.2691791759819,0.1918535250583071,0.4084201388888886,-0.4999999999999998,-0.8660254037844388,-1.0,-1.8369701987210297e-16,19,200,0,0,0,0,3,-0.2967128192734901,-0.9549667548552553,-0.9749279121818236,-0.2225209339563146,1007.6674608751198,1191.2767486426062,1181.5614819546472,931.6293069306932,1166.4488448844886,1128.8214627914406,1068.44801980198,1017.4493465346534,730.1439284573619,,998.5760861431764,128.70538735394518,994.5234320390565,123.23010899169788,992.7089110188439,120.5552808994919,986.9930208818117,120.21366467421633,974.1589993764354,118.28231119034712,954.805652068663,119.05648343626055,948.9045452310821,119.9017479838787,913.1233257219578,119.99942888392256,902.8587842845545,144.34223747183577,0.008155339805825168,9.715266687959002,0.28913078023200356,269.36270839987196,,,269.36270839987196,183.54266879591182,,2025-07-19
2025,7,3,6,29,1,1154.2847141488342,1200.9920153305652,1007.6674608751198,958.572979878633,909.5895305014373,1191.2767486426062,901.1511274353242,1120.9813967848397,100.87333170583456,1023.2735718087937,125.90992408869772,1015.6756164164805,123.88814964399137,-46.707301181731054,253.13358671351,-0.03889060092449925,0.2809002607963529,-0.4999999999999998,-0.8660254037844388,-1.0,-1.8369701987210297e-16,20,201,0,0,0,0,3,-0.3131070409358267,-0.9497178427914317,-0.7818314824680299,0.6234898018587334,1200.9920153305652,1144.9580581283933,1135.631402107953,979.0139009900992,1120.7087524752476,1085.889236665602,1027.0868910891088,764.119603960396,768.2462791440433,,999.9084655746681,130.50895810380968,995.8558114705481,124.9618192958515,998.5512714574684,124.06462281914938,988.192162370154,121.75447837848515,975.3803471886359,119.80035477713,956.3199118669933,120.78327433208284,953.2397131220649,120.19863261294218,915.2679836942066,120.84241091010215,903.6420426330415,144.798151221703,0.00814584949573316,9.32665602044085,0.17902791061646783,175.270813158735,,,175.270813158735,390.1651101884381,,2025-07-20
2025,7,3,0,30,0,866.7128201852443,1154.2847141488342,1200.9920153305652,1007.6674608751198,958.572979878633,1144.9580581283933,902.2059278185884,1073.996516554881,181.02566415129067,1016.3032534866389,134.40334821086907,1012.7178574470349,127.22227299901759,-287.5718939635899,-35.49310763334415,-0.24913428241631397,-0.039340361816466496,-0.4999999999999998,-0.8660254037844388,-1.0,-1.8369701987210297e-16,21,202,0,0,0,0,3,-0.3294084822245302,-0.9441875088341994,0.0,1.0,1154.2847141488342,859.7178281699138,852.7228361545833,1166.4488448844886,841.2199603960397,816.082401788566,771.3477623762376,807.6606534653465,765.7850782497604,,1000.9077501482867,129.27761086075708,996.8550960441665,123.77952336639841,988.5600706341603,122.13135208157043,989.1026216483399,120.70553753210595,976.2844618028623,118.76285733841002,957.4552101742433,119.46468015362218,953.8958483078417,119.55447249310257,915.8286933716261,120.37819534894608,903.5273556068059,144.58707994225617,0.008136381247578317,6.994992015330467,-0.2569645690111054,-299.73602469924435,,,-299.73602469924435,59.05216671989774,,2025-07-21
2025,7,3,1,30,0,915.918332801022,866.7128201852443,1154.2847141488342,1200.9920153305652,1007.6674608751198,859.7178281699138,950.8007665282656,978.9719557117,153.80578035650453,1017.3580538699031,133.41959230642598,1009.8109879697646,129.14952481500535,49.20551261577771,-34.882433727243665,0.056772568110000865,-0.03668742701440242,-0.4999999999999998,-0.8660254037844388,-1.0,-1.8369701987210297e-16,22,203,0,0,0,0,4,-0.3456123126707333,-0.9383773917408642,0.7818314824680298,0.6234898018587336,866.7128201852443,908.5347301181732,901.1511274353242,1120.7087524752476,888.6810429042904,863.1783136378154,815.2903762376237,808.7506138613861,803.4988182689237,,1001.9625505315507,128.42562181005528,997.9098964274308,122.96145388681806,981.733723311686,120.198331089879,990.0753820017947,119.97380495813621,977.2262478593483,118.05663467847351,958.6531620380932,118.52274137306995,955.0866007405042,118.62265452699688,916.4532462301377,120.08341305166395,903.565717765302,144.3640376091471,0.008126934984519885,7.383602682848732,-0.1827329528942433,-204.79041967422563,,,-204.79041967422563,107.16771893963585,,2025-07-22
2025,7,3,2,30,0,916.973133184286,915.918332801022,866.7128201852443,1154.2847141488342,1200.9920153305652,908.5347301181732,999.5066368572342,899.868095390184,28.71815377767964,1010.4247460875118,138.08472825923292,1002.9331959970191,131.91617059868446,1.0548003832640234,-82.5335036729482,0.001151631477926962,-0.08257424276086822,-0.4999999999999998,-0.8660254037844388,-1.0,-1.8369701987210297e-16,23,204,0,0,0,0,4,-0.3617137307297674,-0.9322892131745134,0.9749279121818236,-0.22252093395631434,915.918332801022,909.5895305014373,902.2059278185884,841.2199603960397,889.4076831683168,864.936314276589,816.3803366336633,852.4637623762376,840.9534845097414,,1003.017350914815,127.56794270008966,998.9646968106948,122.1379051691464,984.2588290712941,117.91874127886884,991.0598623595079,119.22793144742266,978.1554767684144,117.35945939842037,959.8506953303626,117.57229732764104,955.8033715272603,118.18970144152776,916.875577611663,119.95000403831665,903.6070986770891,144.1423151693375,0.008117510630073266,7.383602682848732,0.09005156362740396,75.75317278824627,,,75.75317278824627,64.5093708080484,,2025-07-23
2025,7,3,3,30,0,966.3451932290004,916.973133184286,915.918332801022,866.7128201852443,1154.2847141488342,909.5895305014373,1191.2767486426062,933.0788864047694,28.814293818434255,1003.5377014798254,139.27510685691482,984.1888997125517,117.96372367062152,49.37206004471443,-224.9315554136058,0.0538424281562806,-0.18881553398058248,-0.4999999999999998,-0.8660254037844388,-1.0,-1.8369701987210297e-16,24,205,0,0,0,0,4,-0.37770796520396466,-0.9259247771938499,0.43388373911755823,-0.900968867902419,916.973133184286,958.572979878633,950.8007665282656,888.6810429042904,936.983498349835,912.309805174066,860.4950495049504,896.2916435643564,997.8966783775152,,1004.1276671077246,127.14977745857699,1000.0750130036043,121.7363769138323,986.8476340821179,116.59313054200628,992.108494319478,118.8632675901056,979.1203944122524,117.02991379022919,961.1108160889823,117.06071915277056,956.581744301312,118.02392865134065,916.70029158306,119.85395942258133,903.8001389680179,143.96177075014523,0.008108108108108247,7.772213350367451,0.08739260384231495,77.66415032471002,,,77.66415032471002,70.05354966464404,,2025-07-24
2025,7,3,4,30,0,1015.8282848930056,966.3451932290004,916.973133184286,915.918332801022,866.7128201852443,958.572979878633,1144.9580581283933,966.3822037687638,49.42758624668739,972.677079740232,102.40738399887927,973.4280852762696,107.37979664108998,49.4830916640052,-129.1297732353877,0.05120643431635408,-0.11278122575640004,-0.4999999999999998,-0.8660254037844388,-1.0,-1.8369701987210297e-16,25,206,0,0,0,0,4,-0.39359027665646645,-0.9192859697186105,-0.433883739117558,-0.9009688679024191,966.3451932290004,1007.6674608751198,999.5066368572342,889.4076831683168,984.6358019801982,959.868348770361,905.4628553177896,1068.44801980198,954.8719259022675,,1005.2934991102796,127.22503397093159,1001.2408450061596,121.80864730499651,991.0616541396076,115.22652049467233,993.222511566364,118.93678692815759,980.119678985871,117.10142827771205,962.424690250592,117.04797147328308,955.9970805801009,117.59308875205255,917.0389380218975,120.04837379776764,904.1437835874198,143.87397298560614,0.008098727342846335,8.16082401788583,0.14214021771696816,126.42060172468882,,,126.42060172468882,-52.619734908974465,,2025-07-25
2025,7,3,5,30,1,1210.7072820185244,1015.8282848930056,966.3451932290004,916.973133184286,915.918332801022,1007.6674608751198,859.7178281699138,1064.2935867135102,129.1892863971696,982.0808410518471,122.94943793917147,1002.6772064303204,120.58188073200574,194.87899712551882,350.98945384861065,0.19184246001384464,0.4082612251926472,-0.4999999999999998,-0.8660254037844388,-1.0,-1.8369701987210297e-16,26,207,0,0,0,0,4,-0.4093559588156211,-0.9123747579707274,-0.9749279121818236,-0.2225209339563146,1015.8282848930056,1200.9920153305652,1191.2767486426062,936.983498349835,1173.141584158416,1145.0135739380391,1080.245129351645,1027.0868910891088,713.8222804215906,,1006.6813943514165,129.74377621481483,1002.6287402472966,124.22717443225302,1000.1857802618972,121.46514248410051,994.5641436327966,121.23122291274557,981.2927809158797,119.09541846172351,963.9778111156738,119.47066277847831,958.0373071459835,120.3997494696274,919.7994102529916,121.05797600648856,905.081286640726,144.6500198566863,0.008089368258859864,9.715266687959229,0.29213298222514816,273.7237836686894,,,273.7237836686894,183.62039092941563,,2025-07-26
2025,7,3,6,30,1,1163.6113701692748,1210.7072820185244,1015.8282848930056,966.3451932290004,916.973133184286,1200.9920153305652,908.5347301181732,1130.0489790269348,101.68225732425755,1031.5639327158522,126.91329012124552,1023.9335931012456,124.8835388708838,-47.09591184924966,255.07664005110155,-0.03889950324799407,0.28075606974091527,-0.4999999999999998,-0.8660254037844388,-1.0,-1.8369701987210297e-16,27,208,0,0,0,0,4,-0.42500033996955394,-0.9051931898913975,-0.7818314824680299,0.6234898018587334,1210.7072820185244,1154.2847141488342,1144.9580581283933,984.6358019801982,1127.133782178218,1101.4336633663368,1039.255956563398,771.3477623762376,751.0178728840625,,1008.0137737829082,131.54754238753907,1003.9611196787882,125.95908993835575,1006.1516325348663,125.01834680992702,995.8669146324771,122.89320685090377,982.4030971087893,120.51719815846648,965.4582327062201,121.17305752724837,962.3957916770172,120.66533276264096,922.0915963490204,121.74848902210815,905.8694881148983,145.13240646656973,0.008080030781069558,9.326656020440623,0.1817682922245356,178.97556818907663,,,178.97556818907663,392.2636077930372,,2025-07-27
2025,7,3,0,31,0,873.7078122005748,1163.6113701692748,1210.7072820185244,1015.8282848930056,966.3451932290004,1154.2847141488342,909.5895305014373,1082.675488129458,182.49691344120833,1024.528845949111,135.48624386008828,1020.9434499095072,128.25429647588746,-289.90355796869994,-35.88171830086242,-0.2491412213740457,-0.039448253412813106,-0.4999999999999998,-0.8660254037844388,-1.0,-1.8369701987210297e-16,28,209,0,0,0,0,4,-0.4405187843504952,-0.8977433935342336,0.0,1.0,1163.6113701692748,866.7128201852443,859.7178281699138,1173.141584158416,846.0387326732674,826.7636435643566,781.1074417119131,815.2903762376237,748.5566719897796,,1009.0130583565268,130.31607555640812,1004.9604042524069,124.77666737746874,996.1705068029385,123.16586232264459,996.8550960441668,121.74974453701576,983.2413858344361,119.57450325311108,966.5606180691802,119.89012859076571,963.0448742988277,120.02052923382502,922.7868804613026,121.10759643533376,905.7717322610555,144.9218467622081,0.008070714834742532,6.994992015330581,-0.25524094960170374,-299.43377195784115,,,-299.43377195784115,58.41743596295112,,2025-07-28
2025,7,3,1,31,0,923.3019354838708,873.7078122005748,1163.6113701692748,1210.7072820185244,1015.8282848930056,866.7128201852443,958.572979878633,986.87370595124,155.05497647929607,1025.583646332375,134.50248459227328,1018.0041962099435,130.2029637525785,49.59412328329597,-35.27104439476216,0.05676282458592774,-0.03679536679536688,-0.4999999999999998,-0.8660254037844388,-1.0,-1.8369701987210297e-16,29,210,0,0,0,0,5,-0.455906693508459,-0.8900275764346766,0.7818314824680298,0.6234898018587336,873.7078122005748,915.918332801022,908.5347301181732,1127.133782178218,893.7675247524752,873.421597359736,826.2603002235707,816.3803366336633,785.3636537847334,,1010.067858739791,129.464060470746,1006.0152046356709,123.95856498141076,989.3761119131268,121.30022525212027,997.9098964274307,120.94885284563125,984.1321061580812,118.92559345997033,967.7158756318029,118.98604706241576,964.23289206383,119.07794311562712,923.55320424852,120.66879161578728,905.8248540890035,144.70465092953825,0.0080614203454894,7.383602682848846,-0.18084086371755836,-203.8318466943473,,,-203.8318466943473,106.92159885020749,,2025-07-29
2025,7,3,2,31,0,924.356735867135,923.3019354838708,873.7078122005748,1163.6113701692748,1210.7072820185244,915.918332801022,1007.6674608751198,907.12216118386,28.942480706474175,1018.5855701053976,139.21095248467992,1011.0616357926115,132.9953992570639,1.054800383264137,-83.31072500798484,0.0011424219345010922,-0.08267680384919118,-0.4999999999999998,-0.8660254037844388,-1.0,-1.8369701987210297e-16,30,211,0,0,0,0,5,-0.47115950767386394,-0.8820480249558535,0.9749279121818236,-0.22252093395631434,923.3019354838708,916.973133184286,909.5895305014373,846.0387326732674,894.8223251357394,874.1482376237624,828.0183008623442,860.4950495049504,821.9115618013416,,1011.1226591230552,128.60640092438044,1007.070005018935,123.1350272776751,991.986712019589,118.92855762249137,998.9646968106948,120.14262238905778,985.0286864838557,118.26879635299731,968.8627617628124,118.08417985811818,964.9424663567434,118.64230941922085,924.122344104441,120.42806953661798,905.8808416472455,144.48882558552523,0.00805214723926384,7.383602682848959,0.09257023368942296,78.31800319386753,,,78.31800319386753,63.861686362184514,,2025-07-30
2025,7,3,3,31,0,974.1174065793676,924.356735867135,923.3019354838708,873.7078122005748,1163.6113701692748,916.973133184286,1200.9920153305652,940.592025976791,29.038620996406042,1011.6337570531246,140.41246039850722,992.1554183966782,118.92225297726176,49.760670712232695,-226.87460875119757,0.05383275610097926,-0.18890600924499223,-0.4999999999999998,-0.8660254037844388,-1.0,-1.8369701987210297e-16,31,212,0,1,0,0,5,-0.4862727071086902,-0.8738071036110807,0.43388373911755823,-0.900968867902419,924.356735867135,966.3451932290004,958.572979878633,893.7675247524752,943.0285531778984,920.9209240924092,873.4487384222293,905.4628553177896,975.2277227722772,,1012.2329753159647,128.18825726376426,1008.1803212118446,122.73351599252757,994.6650414138187,117.53695715288359,1000.0750130036046,119.74954720428013,985.9786236711228,117.95774806002984,970.0611982884925,117.61406325492321,965.7052947040942,118.47617542542888,924.1161756811473,120.4254656614209,906.0863734693302,144.3189971364108,0.008042895442359255,7.772213350367224,0.08990020290695266,80.34988182689244,,,80.34988182689244,68.65455126157804,,2025-07-31
2025,8,3,4,31,0,1023.9891089108912,974.1174065793676,924.356735867135,923.3019354838708,873.7078122005748,966.3451932290004,1154.2847141488342,974.1544171191313,49.81619683313676,980.5140615351856,103.23765675219096,981.2974512935162,108.24225972762581,49.87170233152358,-130.29560523794294,0.05119680851063846,-0.11287995382839533,-0.8660254037844384,-0.5000000000000004,-1.0,-1.8369701987210297e-16,1,213,1,0,0,0,1,-0.5012418134457756,-0.8653072543632061,-0.433883739117558,-0.9009688679024191,974.1174065793676,1015.8282848930056,1007.6674608751198,894.8223251357394,991.3458128393484,967.7700990099012,919.0642286809326,1080.245129351645,941.135728429986,,1013.3988073185199,128.2634931682081,1009.3461532143998,122.80576714273964,998.9706008729905,116.11058199407756,1001.2408450061596,119.82029568240925,986.9825345622121,118.03916728612812,971.3103040055158,117.62310137104274,965.0802278103079,118.01257951740641,924.5764722393744,120.64901789877598,906.4404357379235,144.24625813589347,0.008033664881407665,8.160824017885602,0.14434908489297915,129.16678377515177,,,129.16678377515177,-56.25602044075367,,2025-08-01
2025,8,3,5,31,1,1218.1093899712553,1023.9891089108912,974.1174065793676,924.356735867135,923.3019354838708,1015.8282848930056,866.7128201852443,1072.0719684871713,128.90691613971578,989.5970648355157,123.06256850097843,1010.5804987756841,121.1837631174417,194.12028106036405,351.396569786011,0.18957260323484215,0.4054359894098558,-0.8660254037844384,-0.5000000000000004,-1.0,-1.8369701987210297e-16,2,214,0,0,0,0,1,-0.5160623910158526,-0.8565509959010037,-0.9749279121818236,-0.2225209339563146,1023.9891089108912,1210.7072820185244,1200.9920153305652,943.0285531778984,1181.5614819546472,1153.063366336634,1096.4372404982432,1039.255956563398,709.5396322489393,,1014.4562513117671,130.17750908231284,1010.5688228315919,124.92747355250985,1008.1399620994358,122.24034140072403,1002.5461274353241,122.03598684388632,988.1440706985444,120.00679549316077,972.7587819754325,119.90949896500713,967.0674881815063,120.74983537312609,927.4018597822762,121.53673910942447,907.3735763194603,145.03561804955393,0.006113870844478564,7.40210795273083,0.2916993720565151,275.08083679335687,,,275.08083679335687,178.8534334078572,,2025-08-02
2025,8,3,6,31,1,1168.496761418077,1218.1093899712553,1023.9891089108912,974.1174065793676,924.356735867135,1210.7072820185244,915.918332801022,1136.8650867667411,100.85183692266443,1038.7285563717662,126.3434530380403,1031.6287011604386,125.11843383287913,-49.61262855317818,252.57842861705512,-0.04072920622863674,0.27576522881099086,-0.8660254037844384,-0.5000000000000004,-1.0,-1.8369701987210297e-16,3,215,0,0,0,0,1,-0.5307300481619331,-0.8475409228928312,-0.7818314824680299,0.6234898018587334,1218.1093899712553,1163.6113701692748,1154.2847141488342,991.3458128393484,1135.631402107953,1107.858693069307,1054.8003832641327,781.1074417119131,752.851216407355,,1015.1541643473103,131.12012489789186,1011.5839690651092,126.23601414980315,1014.0449937187267,125.63281316829413,1003.7198902678286,123.51255187996165,989.2268933476297,121.37242048685962,974.112310286789,121.47817197830314,971.3718139560193,120.95089947665014,929.7110016990025,122.14882562297215,908.1530485137845,145.51937580146392,0.004198473282442716,4.885391248802307,0.17869742957943657,177.15094857872873,,,177.15094857872873,387.389319706164,,2025-08-03
2025,8,3,0,32,0,875.7063813478122,1168.496761418077,1218.1093899712553,1023.9891089108912,974.1174065793676,1163.6113701692748,916.973133184286,1087.4375109123814,185.0348795443876,1030.7959640157562,136.1533761894287,1028.1898051740657,129.06122782803297,-292.79038007026486,-41.26675183647376,-0.25057012542759394,-0.04500322893122355,-0.8660254037844384,-0.5000000000000004,-1.0,-1.8369701987210297e-16,4,216,0,0,0,0,1,-0.5452404385406507,-0.8382797052177745,0.0,1.0,1168.496761418077,873.7078122005748,866.7128201852443,1181.5614819546472,852.7228361545833,831.5824158415843,792.765761737464,826.2603002235707,756.7439321074964,,1015.439674225487,130.76248567285114,1012.226366291007,125.46258961782466,1003.8498236984989,123.96913710502635,1004.5407311675868,122.54446585605339,990.0148213030981,120.47028331175261,975.0996986154837,120.31794234477042,971.9212148573998,120.39537139520296,930.3719041947819,121.52798932430613,908.0564810519811,145.31280197484236,0.002287457110179192,1.99856914723739,-0.2588566953797965,-305.855100606835,,,-305.855100606835,49.44608112424157,,2025-08-04
2025,8,3,1,32,0,923.6535356116256,875.7063813478122,1168.496761418077,1218.1093899712553,1023.9891089108912,873.7078122005748,966.3451932290004,989.2855594591715,157.04210766914224,1030.6787639731715,136.26358097397897,1024.6321670392847,131.48660490763191,47.94715426381333,-42.69165761737486,0.05475254638434546,-0.044178475679816365,-0.8660254037844384,-0.5000000000000004,-1.0,-1.8369701987210297e-16,5,217,0,0,0,0,1,-0.5595892624101763,-0.828770087174504,0.7818314824680298,0.6234898018587336,875.7063813478122,923.3019354838708,915.918332801022,1135.631402107953,901.1511274353242,878.5080792079208,838.5663046949857,828.0183008623442,800.6701555869873,,1015.4899028151664,130.72125600994258,1012.7788807774787,125.02210060784654,996.7838948152879,122.22778359131684,1005.3443886024546,121.91347706618085,990.82099016745,119.86003774944355,976.1126418406817,119.51009198978953,972.9838285768362,119.52993805994193,931.055145194919,121.1398127439927,908.102763112989,145.0988890644859,0.00038080731150036407,0.35160012775475025,-0.18666080041715571,-211.97786649632735,,,-211.97786649632735,95.63523474928138,,2025-08-05
2025,8,3,2,32,0,922.9503353561162,923.6535356116256,875.7063813478122,1168.496761418077,1218.1093899712553,923.3019354838708,1015.8282848930056,907.4367507718513,27.481555277844098,1022.1509187692964,141.99204190263865,1016.8923379112103,134.74515577931479,-0.7032002555093868,-92.87794953688945,-0.0007613247049866878,-0.09143075745983198,-0.8660254037844384,-0.5000000000000004,-1.0,-1.8369701987210297e-16,6,218,0,0,0,0,1,-0.5737722679043243,-0.8190148866680802,0.9749279121818236,-0.22252093395631434,923.6535356116256,924.356735867135,916.973133184286,852.7228361545833,902.2059278185884,879.2347194719472,840.3243053337592,873.4487384222293,845.0061386138615,,1015.2889884564493,130.88564697117306,1013.2058237897521,124.67949917877361,999.124811455339,120.02624864159215,1006.0852603002237,121.32510014999207,991.6016261653815,119.26093467722936,977.0962850552337,118.71639979788043,973.5338463205461,119.18015971288177,931.4881685101535,120.96969499578337,908.146690841519,144.8856996994621,-0.001521491061239888,-1.4064005110187736,0.08235677083333304,70.22749920153285,,,70.22749920153285,49.501596933886844,,2025-08-06
2025,8,3,3,32,0,970.7864580006388,922.9503353561162,923.6535356116256,875.7063813478122,1168.496761418077,924.356735867135,1210.7072820185244,939.1301096561268,27.41745640156445,1013.2838102842543,143.50740400979228,996.89893590972,120.40972219347132,47.836122644522675,-239.9208240178856,0.051829573934837336,-0.1981658387466564,-0.8660254037844384,-0.5000000000000004,-1.0,-1.8369701987210297e-16,7,219,0,0,0,0,1,-0.5877852522924734,-0.8090169943749472,0.43388373911755823,-0.900968867902419,922.9503353561162,974.1174065793676,966.3451932290004,901.1511274353242,950.8007665282656,926.2751155115512,886.4024273395081,919.0642286809326,1011.0816831683168,,1014.813138659488,131.06620879659735,1013.5230569877265,124.55668548338214,1001.4459891408496,118.73257317745684,1006.7990349956655,121.04627565128585,992.3964715669724,118.96559611924292,978.1008568488187,118.29598906997349,974.1085377574318,119.03917381521606,931.2643061481109,120.8588127674476,908.3314689157346,144.71121007229712,-0.003419452887537977,-3.330948578728794,0.07727375403002257,69.63533056531469,,,69.63533056531469,51.72222931970623,,2025-08-07
2025,8,3,4,32,0,1018.548559565634,970.7864580006388,922.9503353561162,923.6535356116256,875.7063813478122,974.1174065793676,1163.6113701692748,970.761784307463,47.799116880930576,980.0236718833172,104.31553449063249,984.8103683594164,108.88091162052224,47.76210156499519,-145.06281060364074,0.04919939001143736,-0.12466603053435099,-0.8660254037844384,-0.5000000000000004,-1.0,-1.8369701987210297e-16,8,220,0,0,0,0,2,-0.6016240632249227,-0.7987793728863648,-0.433883739117558,-0.9009688679024191,970.7864580006388,1023.9891089108912,1015.8282848930056,902.2059278185884,999.5066368572342,973.3920000000002,932.6656020440754,1096.4372404982432,975.555530410184,,1014.0359173244514,131.0188491262138,1013.7173623214856,124.56267984076482,1005.3240768657511,117.27039419409166,1007.4791036638226,121.05727835696234,993.202838702073,118.98747583460259,979.1232730097895,118.26970156800576,973.2431079692916,118.42136314499855,931.5031563100857,120.98924600331657,908.6556368294107,144.62119249045966,-0.0053130929791271875,-5.440549345257182,0.12895352176231678,116.34263174704563,,,116.34263174704563,-77.88868093260919,,2025-08-08
2025,8,3,5,32,1,1211.6325455126157,1018.548559565634,970.7864580006388,922.9503353561162,923.6535356116256,1023.9891089108912,873.7078122005748,1066.9891876929628,127.52090145338927,987.212969232407,120.1824467775096,1012.9707628020866,120.60228037568292,193.08398594698167,337.92473331204087,0.189567776748242,0.38677087304613034,-0.8660254037844384,-0.5000000000000004,-1.0,-1.8369701987210297e-16,9,221,0,0,0,0,2,-0.6152845999633277,-0.7883050558305253,-0.9749279121818236,-0.2225209339563146,1018.548559565634,1218.1093899712553,1210.7072820185244,950.8007665282656,1191.2767486426062,1159.7561056105612,1112.6293516448418,1054.8003832641327,735.3544837340877,,1013.11065383036,129.34971034861064,1013.7834525710635,124.67543272985782,1014.0184694985627,122.63495511228093,1008.2060964091801,122.25710618876529,994.129203700324,120.50006087386225,980.3018824605963,120.09539151863089,974.9856875498302,120.76566385605535,934.1491455421886,121.88031324367675,909.5441321627926,145.33742577200923,-0.005317128750474853,-6.476844458639562,0.27432853250291944,260.8317789843501,,,260.8317789843501,156.83216224848297,,2025-08-09
2025,8,3,6,32,1,1162.2789907377835,1211.6325455126157,1018.548559565634,970.7864580006388,922.9503353561162,1218.1093899712553,923.3019354838708,1130.8200319386776,100.31254145837119,1034.9750707974024,123.89203786827557,1032.8855174065793,124.12870493423391,-49.35355477483222,238.97705525391268,-0.04073310423825882,0.25882871687978537,-0.8660254037844384,-0.5000000000000004,-1.0,-1.8369701987210297e-16,10,222,0,0,0,0,2,-0.6287628145958345,-0.7775971469736268,-0.7818314824680299,0.6234898018587334,1211.6325455126157,1168.496761418077,1163.6113701692748,999.5066368572342,1144.9580581283933,1114.283722772277,1070.3448099648674,792.765761737464,780.1002263083451,,1012.2224008760323,128.12032934895342,1013.6882826116713,124.55271327805069,1019.4442146279143,125.53719902216628,1008.8247011452296,123.01614517500339,994.9862620568508,121.53642660574086,981.3963369936073,121.33833389823685,979.0913900942783,120.78229668246598,936.27236090013,122.5089629447343,910.2831229773394,145.76622339663743,-0.0053211706575444495,-6.217770680293597,0.16285269940013336,162.7723538805493,,,162.7723538805493,369.5132290003195,,2025-08-10
2025,8,3,0,33,0,871.0430533375918,1162.2789907377835,1211.6325455126157,1018.548559565634,970.7864580006388,1168.496761418077,924.356735867135,1081.6515298626637,184.0540440479036,1026.2066570850634,134.7338835734443,1028.4427105291174,129.2161380412437,-291.2359374001917,-53.313682529543144,-0.2505731753916699,-0.057676522992532564,-0.8660254037844384,-0.5000000000000004,-1.0,-1.8369701987210297e-16,11,223,0,0,0,0,2,-0.6420547132365636,-0.7666588193001592,0.0,1.0,1162.2789907377835,875.7063813478122,873.7078122005748,1191.2767486426062,859.7178281699138,836.401188118812,804.424081763015,838.5663046949857,783.9929420084866,,1011.5562111602865,128.95786823435435,1013.4979426928868,124.7849045148593,1008.7697581177473,124.02811501129302,1009.2291734726468,122.52536932381433,995.6048667929005,120.80050633961444,982.1894199885426,120.38162757565408,979.4522428569738,120.40566955384928,936.7559726297361,122.07552330887722,910.1687204419466,145.56837912243077,-0.0053252187143401075,-4.663328010220425,-0.26881553398058255,-320.2336953050144,,,-320.2336953050144,32.47674864260614,,2025-08-11
2025,8,3,1,33,0,918.7311338230596,871.0430533375918,1162.2789907377835,1211.6325455126157,1018.548559565634,875.7063813478122,974.1174065793676,984.0177259661449,156.20930556015372,1025.503456829554,135.3899923138825,1023.8271877994251,132.28573359708489,47.68808048546782,-55.38627275630802,0.05474824729126815,-0.05685790273556246,-0.8660254037844384,-0.5000000000000004,-1.0,-1.8369701987210297e-16,12,224,0,0,0,0,2,-0.655156357209085,-0.7554933140726804,0.7818314824680298,0.6234898018587336,871.0430533375918,923.6535356116256,923.3019354838708,1144.9580581283933,908.5347301181732,883.5945610561056,850.8723091664004,840.3243053337592,829.3533239038189,,1010.8530109047771,129.52923985028,1013.1714568599716,125.04475419658829,1001.2288606409027,122.32798941663623,1009.5933307478214,122.2298073329668,996.2323055923105,120.29835217154007,982.9972631392172,119.71562995437984,980.3234298401884,119.66910893097686,937.2525160181763,121.8177217596523,910.1936111785195,145.35675854044956,-0.005329272934906704,-4.922401788565935,-0.19758533747090767,-226.22692430533368,,,-226.22692430533368,78.40682848930044,,2025-08-12
2025,8,3,2,33,0,918.0279335675502,918.7311338230596,871.0430533375918,1162.2789907377835,1211.6325455126157,923.6535356116256,1023.9891089108912,902.6007069094004,27.331991271554404,1016.7103694240391,141.24119648079852,1014.9970898541468,135.76466164500317,-0.7032002555093868,-105.96117534334098,-0.0007654037504782885,-0.10347881087919053,-0.8660254037844384,-0.5000000000000004,-1.0,-1.8369701987210297e-16,13,225,0,0,0,0,2,-0.6680638642135333,-0.7441039398713608,0.9749279121818236,-0.22252093395631434,918.7311338230596,922.9503353561162,924.356735867135,859.7178281699138,909.5895305014373,884.321201320132,852.6303098051741,886.4024273395081,875.1234653465348,,1010.1498106492678,130.09810211080568,1012.7193995528586,125.40146347914357,1003.172530820824,120.45082831174717,1009.8947022858968,121.98426058462749,996.8342115252999,119.81157059753004,983.7758062792454,119.06850397317754,980.6748243538333,119.43642812798595,937.4908741749597,121.73742468676646,910.2163193593573,145.14594325992374,-0.005333333333333301,-4.922401788565935,0.06782470188126899,58.31010539763645,,,58.31010539763645,31.625506228042127,,2025-08-13
2025,8,3,3,33,0,965.6049824337272,918.0279335675502,918.7311338230596,871.0430533375918,1162.2789907377835,922.9503353561162,1218.1093899712553,934.1213499414456,27.26789245305822,1007.8864399020546,142.74914301656378,993.9550558926859,120.0849110062425,47.57704886617694,-252.5044075375281,0.05182527363986367,-0.20729206228636543,-0.8660254037844384,-0.5000000000000004,-1.0,-1.8369701987210297e-16,14,226,0,0,0,0,2,-0.6807734094770159,-0.7324940716135792,0.43388373911755823,-0.900968867902419,918.0279335675502,970.7864580006388,974.1174065793676,908.5347301181732,958.572979878633,931.6293069306932,899.356116256787,932.6656020440754,1046.9356435643565,,1009.4095998539946,130.37384057769114,1012.1113692567413,125.62346981308218,1005.0748725646758,119.35026680918185,1010.145845234293,121.88188111265376,997.4409200164256,119.56114118902615,984.5644832575423,118.7214956434172,981.0408174692737,119.33808698732646,937.0390371686784,121.47960261114582,910.3764022006127,144.9660196449677,-0.005337399923751596,-5.181475566911672,0.0628157080006515,57.070252315553944,,,57.070252315553944,32.939380389651774,,2025-08-14
2025,8,3,4,33,0,1013.1080102203769,965.6049824337272,918.0279335675502,918.7311338230596,871.0430533375918,970.7864580006388,1168.496761418077,965.5803087405512,47.540043128611956,974.7990173533482,103.76195181224797,981.0059932928776,107.24404386527627,47.50302778664968,-155.38875119770023,0.049195093905711085,-0.1329817559863169,-0.8660254037844384,-0.5000000000000004,-1.0,-1.8369701987210297e-16,15,227,0,0,0,0,3,-0.6932812268869771,-0.7206671495538615,-0.433883739117558,-0.9009688679024191,965.6049824337272,1018.548559565634,1023.9891089108912,909.5895305014373,1007.6674608751198,979.0139009900992,946.2669754072182,1112.6293516448418,1009.9753323903818,,1008.6323785189578,130.32648681002718,1011.3341479217046,125.57798243882826,1008.5254885553071,117.98304636618006,1010.3401505680521,121.88212040065467,998.0497433955378,119.55240782546876,985.3602098624609,118.68570977217928,979.9350247867799,118.56365303498801,937.0564409344006,121.49033412664903,910.6724587078743,144.86139511310222,-0.005341472720335805,-5.440549345257182,0.113807905926393,103.5184797189396,,,103.5184797189396,-99.52134142446494,,2025-08-15
2025,8,3,5,33,1,1205.1557010539764,1013.1080102203769,965.6049824337272,918.0279335675502,918.7311338230596,1018.548559565634,875.7063813478122,1061.28956456936,126.83545770991267,981.9451357393804,119.53390521256794,1008.4601032683913,119.32555915697934,192.04769083359952,329.44931970616415,0.18956289842365792,0.3762097967118887,-0.8660254037844384,-0.5000000000000004,-1.0,-1.8369701987210297e-16,16,228,0,0,0,0,3,-0.7055836101071774,-0.7086266782644601,-0.9749279121818236,-0.2225209339563146,1013.1080102203769,1211.6325455126157,1218.1093899712553,958.572979878633,1200.9920153305652,1166.4488448844886,1128.8214627914406,1070.3448099648674,761.1693352192362,,1007.7071150248665,128.65737101469713,1010.4088844276132,123.97474740159893,1016.7449125944853,122.8710281307874,1010.4888536296027,122.12563816150899,998.7409372557071,120.6505599053955,986.2689507941577,120.08141155326406,981.4329235766587,120.55357961964376,939.5230318557047,122.40303737083133,911.5186749215125,145.51132358654263,-0.005345551737304222,-6.476844458639334,0.25723938223938236,246.5827211753434,,,246.5827211753434,134.81089108910896,,2025-08-16
2025,8,3,6,33,1,1156.0612200574897,1205.1557010539764,1013.1080102203769,965.6049824337272,918.0279335675502,1211.6325455126157,923.6535356116256,1124.7749771106141,99.77324609798235,1029.44816352603,123.22311919494524,1027.8274103055467,123.1101888282472,-49.09448099648671,232.4076844458641,-0.04073704414587331,0.251617814998097,-0.8660254037844384,-0.5000000000000004,-1.0,-1.8369701987210297e-16,17,229,0,0,0,0,3,-0.7176769136759615,-0.6963762255968726,-0.7818314824680299,0.6234898018587334,1205.1557010539764,1162.2789907377835,1168.496761418077,1007.6674608751198,1154.2847141488342,1120.7087524752476,1085.889236665602,804.424081763015,807.3492362093351,,1006.8188620705388,127.42793222309724,1009.5206314732857,122.79387795736503,1021.6913712338975,125.45283587823535,1010.5523002691973,122.20354635898283,999.3722313196758,121.39056979474985,987.1043315488231,121.0231911098365,985.3400028910419,120.45050139228766,941.4603206548612,123.05722554168395,912.2193698932488,145.89054631026008,-0.005349636988918549,-6.217770680293825,0.14726461351991627,148.39375918236988,,,148.39375918236988,351.63713829447465,,2025-08-17
2025,8,3,0,34,0,866.3797253273715,1156.0612200574897,1205.1557010539764,1013.1080102203769,965.6049824337272,1162.2789907377835,922.9503353561162,1075.8655488129457,183.07320857283068,1020.7229287767486,134.01191145743672,1023.1131928031513,128.4582608198754,-289.6814947301182,-56.57061002874468,-0.25057625816365736,-0.06129323308270662,-0.8660254037844384,-0.5000000000000004,-1.0,-1.8369701987210297e-16,18,230,0,0,0,0,3,-0.7295575540864876,-0.6839194216246105,0.0,1.0,1156.0612200574897,871.0430533375918,875.7063813478122,1200.9920153305652,866.7128201852443,841.2199603960397,816.082401788566,850.8723091664004,811.2419519094767,,1006.152672354793,128.2655069863837,1008.8544417575397,123.59836511951332,1010.5376282337911,123.82618710281147,1010.5404040242735,122.21808277210141,999.8215128363066,120.8398967804196,987.7031092099993,120.28904317931105,985.5123075150526,120.26693566209765,941.766641618294,122.79962417975098,912.0883994802034,145.70198804053473,-0.005353728489483678,-4.663328010220312,-0.27861325115562396,-334.6122900031937,,,-334.6122900031937,15.507416160971047,,2025-08-18
2025,8,3,1,34,0,913.8087320344936,866.3797253273715,1156.0612200574897,1205.1557010539764,1013.1080102203769,871.0430533375918,970.7864580006388,978.749892473118,155.37650348944464,1020.0197285212392,134.6680203632678,1018.3650489726392,131.58323049840158,47.429006707122085,-56.97772596614527,0.05474390191806533,-0.05869233701868115,-0.8660254037844384,-0.5000000000000004,-1.0,-1.8369701987210297e-16,19,231,0,0,0,0,3,-0.7412220108485957,-0.6712599575675315,0.7818314824680298,0.6234898018587336,866.3797253273715,918.7311338230596,923.6535356116256,1154.2847141488342,915.918332801022,888.6810429042904,863.1783136378154,852.6303098051741,858.0364922206506,,1005.4494720992836,128.8368853597916,1008.1512415020304,124.14718183334361,1002.521762163313,121.9695333842624,1010.4650611397545,122.27920911148776,1000.2702215707744,120.46577449486314,988.3058522861502,119.78334415555152,986.192067762045,119.6788905085104,942.0764873950375,122.65745698708349,912.0933007125519,145.49372243139985,-0.005357826253348796,-4.922401788566049,-0.20833333333333348,-240.47598211434058,,,-240.47598211434058,61.178422229319494,,2025-08-19
2025,8,3,2,34,0,913.1055317789844,913.8087320344936,866.3797253273715,1156.0612200574897,1205.1557010539764,918.7311338230596,1018.548559565634,897.7646630469497,27.182427400728987,1011.2698200787821,140.4903512911634,1009.5781299904183,135.0449840789265,-0.7032002555091594,-105.44302778664962,-0.0007695267410540163,-0.10352282843698335,-0.8660254037844384,-0.5000000000000004,-1.0,-1.8369701987210297e-16,20,232,0,0,0,0,3,-0.7526668275320083,-0.6584015846980489,0.9749279121818236,-0.22252093395631434,913.8087320344936,918.0279335675502,922.9503353561162,866.7128201852443,916.973133184286,889.4076831683168,864.936314276589,899.356116256787,905.240792079208,,1004.7462718437743,129.40574089255128,1007.4480412465209,124.69358305103768,1004.0681858831044,120.47319001947297,1010.3269325181366,122.39086410216348,1000.6933974388222,120.11035136099582,988.8792953516551,119.29994266604962,986.344839045625,119.57552908688223,942.1201803933697,122.64566230337492,912.0961763689905,145.286328605198,-0.005361930294906059,-4.922401788565821,0.05352720129814692,46.39271159374016,,,46.39271159374016,13.74941552219741,,2025-08-20
2025,8,3,3,34,0,960.4235068668156,913.1055317789844,913.8087320344936,866.3797253273715,1156.0612200574897,918.0279335675502,1211.6325455126157,929.1125902267644,27.11832864097419,1002.4890695198552,141.99088222245587,988.6440434366017,119.4456831131156,47.3179750878312,-251.2090386458001,0.051820926980523874,-0.20733104238258881,-0.8660254037844384,-0.5000000000000004,-1.0,-1.8369701987210297e-16,21,233,0,0,0,0,3,-0.7638886127905429,-0.64534811322955,0.43388373911755823,-0.900968867902419,913.1055317789844,965.6049824337272,970.7864580006388,915.918332801022,966.3451932290004,936.983498349835,912.309805174066,946.2669754072182,1082.789603960396,,1004.0060610485012,129.68147273870204,1006.7078304512479,124.95843305263604,1005.5516916852976,119.62128942317992,1010.1154437194872,122.47476592006379,1001.1119690194826,119.92499240978161,989.452077514664,119.04311363233364,986.5021338396206,119.5315195364523,941.4403687428497,122.19991193532184,912.2330809879646,145.1026094599056,-0.00536604062859336,-5.181475566911558,0.04859076674411544,44.50517406579365,,,44.50517406579365,14.156531459597431,,2025-08-21
2025,8,3,4,34,0,1007.66746087512,960.4235068668156,913.1055317789844,913.8087320344936,866.3797253273715,965.6049824337272,1162.2789907377835,960.3988331736399,47.280969376579314,969.5743628233791,103.20836968938863,975.7597492813798,106.66886672577121,47.2439540083044,-154.61152986266347,0.04919075144508711,-0.1330244554833777,-0.8660254037844384,-0.5000000000000004,-1.0,-1.8369701987210297e-16,22,234,0,0,0,0,4,-0.7748840413670406,-0.6321034111873488,-0.433883739117558,-0.9009688679024191,960.4235068668156,1013.1080102203769,1018.548559565634,916.973133184286,1015.8282848930056,984.6358019801982,959.868348770361,1128.8214627914406,1044.39513437058,,1003.2288397134645,129.63412493694824,1005.9306091162113,124.91295150105097,1008.5748359416588,118.44574882576141,1009.8239857188483,122.47037756459494,1001.5232486426061,119.90695234888763,990.0211145635301,119.01423549009202,985.1559782627726,118.58922009953349,941.2363261123193,122.05762347686478,912.5026696317136,144.98568916982575,-0.005370157268891229,-5.440549345256841,0.0989061995479501,90.69432769083403,,,90.69432769083403,-121.15400191632057,,2025-08-22
2025,8,3,5,34,1,1198.678856595337,1007.66746087512,960.4235068668156,913.1055317789844,913.8087320344936,1013.1080102203769,871.0430533375918,1055.5899414457574,126.15001397779508,976.6773022463536,118.88536371183665,1003.062732886192,118.68316317970132,191.01139572021702,327.63580325774524,0.18955796742144582,0.37614191629488003,-0.8660254037844384,-0.5000000000000004,-1.0,-1.8369701987210297e-16,23,235,0,0,0,0,4,-0.7856498550787144,-0.6186714032625032,-0.9749279121818236,-0.2225209339563146,1007.66746087512,1205.1557010539764,1211.6325455126157,966.3451932290004,1210.7072820185244,1173.141584158416,1145.0135739380391,1085.889236665602,786.9841867043847,,1002.3035762193731,127.96503237836062,1005.0053456221196,123.3097430733884,1016.3192913872032,123.09365165744671,1009.3943990965917,121.75867412296023,1001.979271364694,120.6179605405894,990.659986976117,119.99625146100057,986.4091962619917,120.25003717725787,943.5235187228246,123.00462511905555,913.3087997358365,145.57528763859435,-0.005374280230326267,-6.476844458639334,0.2404251244733817,232.33366336633662,,,232.33366336633662,112.78961992973495,,2025-08-23
2025,8,3,6,34,1,1149.8434493771958,1198.678856595337,1007.66746087512,960.4235068668156,913.1055317789844,1205.1557010539764,918.7311338230596,1118.7299222825507,99.23395084319222,1023.9212562546577,122.55420059743965,1022.3220925157033,122.44639286373334,-48.8354072181412,231.11231555413622,-0.040741026630644606,0.25155598525590683,-0.8660254037844384,-0.5000000000000004,-1.0,-1.8369701987210297e-16,24,236,0,0,0,0,4,-0.7961828637826154,-0.6050560696488494,-0.7818314824680299,0.6234898018587334,1198.678856595337,1156.0612200574897,1162.2789907377835,1015.8282848930056,1163.6113701692748,1127.133782178218,1101.4336633663368,816.082401788566,834.5982461103252,,1001.4153232650453,126.73553517013984,1004.1170926677921,122.12882118225443,1020.7864635366763,125.48377503881258,1008.9026876397318,121.13903999069177,1002.3848011361044,121.08367027425196,991.2362939524368,120.64914774553068,990.1176523463099,120.08462176656232,945.2748809631962,123.68742719257159,913.9732229089864,145.9096543614203,-0.005378409527468264,-6.217770680293825,0.13192698655590762,134.01516448419022,,,134.01516448419022,333.7610475886298,,2025-08-24
2025,8,3,0,35,0,861.7163973171511,1149.8434493771958,1198.678856595337,1007.66746087512,960.4235068668156,1156.0612200574897,918.0279335675502,1070.079567763228,182.0923731195151,1015.239200468434,133.2899397082443,1017.6294644948366,127.77002743755816,-288.1270520600448,-56.31153625039917,-0.25057937427578225,-0.06133967626841896,-0.8660254037844384,-0.5000000000000004,-1.0,-1.8369701987210297e-16,25,237,0,0,0,0,4,-0.8064799463209447,-0.5912614448635782,0.0,1.0,1149.8434493771958,866.3797253273715,871.0430533375918,1210.7072820185244,873.7078122005748,846.0387326732674,826.7636435643566,863.1783136378154,838.4909618104667,,1000.7491335492996,127.57314620027412,1003.4509029520465,122.93334069077979,1009.1534340466304,123.42982140674518,1008.4744228224665,121.65479751530151,1002.6647594333166,120.73322612697461,991.6523981637795,120.13424246272494,990.1014088316358,120.10208303461121,945.4039111604556,123.58748229368278,913.8268452462642,145.7308277069896,-0.005382545174932751,-4.663328010220425,-0.2882537256400458,-348.9908847013734,,,-348.9908847013734,-1.4619163206643861,,2025-08-25
2025,8,3,1,35,0,908.886330245928,861.7163973171511,1149.8434493771958,1198.678856595337,1007.66746087512,866.3797253273715,965.6049824337272,973.4820589800914,154.54370145763403,1014.5360002129246,133.9460487794544,1012.9029101458533,130.88072909947812,47.169932928776916,-56.718652187799194,0.054739509513379137,-0.05873898045228032,-0.8660254037844384,-0.5000000000000004,-1.0,-1.8369701987210297e-16,26,238,0,0,0,0,4,-0.8165380514459157,-0.5772916165517278,0.7818314824680298,0.6234898018587336,861.7163973171511,913.8087320344936,918.7311338230596,1163.6113701692748,923.3019354838708,893.7675247524752,873.421597359736,864.936314276589,886.7196605374822,,1000.0459332937902,128.14453140212547,1002.747702696537,123.48216238530797,1000.6625993825189,121.17899462864199,1007.9595797782544,122.05843125455337,1002.9347381028426,120.50196967920355,992.0745973648055,119.77550950276158,990.5897423424062,119.6760396223576,945.5270593255025,123.53971467432685,913.8130449250341,145.52681403014856,-0.005386687187379335,-4.922401788565594,-0.2189090330788801,-254.7250399233468,,,-254.7250399233468,43.950015969339006,,2025-08-26
2025,8,3,2,35,0,908.1831299904184,908.886330245928,861.7163973171511,1149.8434493771958,1198.678856595337,913.8087320344936,1013.1080102203769,892.928619184499,27.032863667617406,1005.829270733525,139.73950633747626,1004.1591701266901,134.32530803348953,-0.7032002555096142,-104.92488022995849,-0.00077369439071584,-0.10356731875719216,-0.8660254037844384,-0.5000000000000004,-1.0,-1.8369701987210297e-16,27,239,0,0,0,0,4,-0.8263541987239095,-0.5631507242749187,0.9749279121818236,-0.22252093395631434,908.886330245928,913.1055317789844,918.0279335675502,873.7078122005748,924.356735867135,894.8223251357394,874.1482376237624,912.309805174066,935.3581188118812,,999.3427330382808,128.71338013238613,1002.0445024410275,124.02855558825075,1001.8117766421803,120.0921240428325,1007.3819509969431,122.50617510825863,1003.1733239038189,120.29707500526399,992.479774654885,119.42884628502192,990.5438903959214,119.70715479413671,945.3760871653832,123.56881231031545,913.7973627107316,145.32372592591804,-0.005390835579514919,-4.922401788566049,0.039458635150591004,34.47531778984353,,,34.47531778984353,-4.126675183647649,,2025-08-27
2025,8,3,3,35,0,955.2420312999044,908.1831299904184,908.886330245928,861.7163973171511,1149.8434493771958,913.1055317789844,1205.1557010539764,924.1038305120834,26.968764967582505,997.0916991376557,141.2326216306757,983.3330309805174,118.80645694366532,47.05890130948603,-249.91366975407198,0.05181653320292634,-0.20737044145873307,-0.8660254037844384,-0.5000000000000004,-1.0,-1.8369701987210297e-16,28,240,0,0,0,0,4,-0.8359254794186365,-0.5488429582847199,0.43388373911755823,-0.900968867902419,908.1831299904184,960.4235068668156,965.6049824337272,923.3019354838708,974.1174065793676,943.0285531778984,920.9209240924092,959.868348770361,1118.6435643564355,,998.6025222430078,128.98910528574777,1001.3042916457545,124.29339846794716,1002.8764465027148,119.5122803993938,1006.7078304512479,122.747696124282,1003.3914217274262,120.19708025853568,992.888359264498,119.23964183413311,990.4924868684718,119.72146764236552,944.4683008706247,122.88713495479485,913.912486790146,145.1376220666403,-0.005394990366088259,-5.181475566911217,0.03459333787629815,31.94009581603359,,,31.94009581603359,-4.62631747045657,,2025-08-28
2025,8,3,4,35,0,1002.2269115298628,955.2420312999044,908.1831299904184,908.886330245928,861.7163973171511,960.4235068668156,1156.0612200574897,955.2173576067283,47.021895624837185,964.3497082934101,102.65478813104171,970.513505269882,106.09369138713372,46.984880229958435,-153.83430852762683,0.04918636187524217,-0.1330676142912024,-0.8660254037844384,-0.5000000000000004,-1.0,-1.8369701987210297e-16,29,241,0,0,0,0,5,-0.8452490573530634,-0.5343725582809785,-0.433883739117558,-0.9009688679024191,955.2420312999044,1007.66746087512,1013.1080102203769,924.356735867135,1023.9891089108912,991.3458128393484,967.7700990099012,1145.0135739380391,1071.233062919195,680.2722772277227,997.825300907971,128.94176351411488,1000.5270703107178,124.24792280215867,1005.4721190248057,118.59018411489906,1005.930609116211,122.7031102881159,1003.5857270611854,120.18604825869164,993.2985594135449,119.21145527471361,988.9059683972698,118.5915400558562,944.0849333629062,122.59675641370816,914.806805218763,144.68516769792808,-0.0053991515618975194,-5.440549345257182,0.08424255770655287,77.87017566272789,,,77.87017566272789,-142.7866624081763,,2025-08-29
2025,8,3,5,35,1,1192.2020121366977,1002.2269115298628,955.2420312999044,908.1831299904184,908.886330245928,1007.66746087512,866.3797253273715,1049.8903183221548,125.46457025722253,971.409468753327,118.23682227637221,997.6653625039925,118.04076900115201,189.97510060683487,325.8222868093262,0.18955298288373124,0.37607330513904924,-0.8660254037844384,-0.5000000000000004,-1.0,-1.8369701987210297e-16,30,242,0,0,0,0,5,-0.8543221697498269,-0.5197438121555157,-0.9749279121818236,-0.2225209339563146,1002.2269115298628,1198.678856595337,1205.1557010539764,974.1174065793676,1218.1093899712553,1181.5614819546472,1153.063366336634,1101.4336633663368,801.4262280421591,616.780198019802,996.9000374138798,127.27269445098521,999.6018068166264,122.64474130189956,1012.7416058767168,123.19663188131449,1005.0053456221198,121.13149692782495,1003.775736528722,120.48058709311151,993.7644956730697,119.91781083801699,989.9145056058295,119.93758237118165,946.2559099412091,123.51296251577645,916.4051991468655,144.56198258480433,-0.005403319181783051,-6.476844458639334,0.22387917933130708,218.08460555733006,,,218.08460555733006,90.76834877036094,,2025-08-30
2025,8,3,6,35,1,1143.625678696902,1192.2020121366977,1002.2269115298628,955.2420312999044,908.1831299904184,1198.678856595337,913.8087320344936,1112.6848674544874,98.69465569573232,1018.3943489832855,121.8852820770072,1016.8167747258598,121.78259875642401,-48.57633343979569,229.81694666240844,-0.04074505238649595,0.25149348939875704,-0.8660254037844384,-0.5000000000000004,-1.0,-1.8369701987210297e-16,31,243,0,1,0,0,5,-0.8631421280499115,-0.5049610547215202,-0.7818314824680299,0.6234898018587334,1192.2020121366977,1149.8434493771958,1156.0612200574897,1023.9891089108912,1168.496761418077,1135.631402107953,1107.858693069307,826.7636435643566,843.8403066113062,707.4831683168317,996.0117844595521,126.04313819128252,998.7135538622988,121.46376641441643,1016.7294915362504,125.48827810797003,1004.1170926677921,119.97387519410299,1003.9184914678104,120.64428564270928,994.1902931210172,120.39037964255671,993.4351948850798,119.74506883267192,947.9213842305736,124.14382712950545,917.6167061201434,144.6337630732818,-0.0054074932406333875,-6.217770680293825,0.11683383030631589,119.6365697860108,,,119.6365697860108,316.86203513254543,,2025-08-31
2025,9,3,0,36,0,857.0530693069309,1143.625678696902,1192.2020121366977,1002.2269115298628,955.2420312999044,1149.8434493771958,913.1055317789844,1064.29358671351,181.1115376883102,1009.7554721601194,132.5679683318601,1012.145736186522,127.08179592176722,-286.57260938997115,-56.05246247205355,-0.2505825242718446,-0.06138662018928709,-1.0,-1.8369701987210297e-16,-1.0,-1.8369701987210297e-16,1,244,1,0,0,0,1,-0.8717063187093218,-0.4900286664290594,0.0,1.0,1143.625678696902,861.7163973171511,866.3797253273715,1218.1093899712553,875.7063813478122,852.7228361545833,831.5824158415843,873.421597359736,841.730705844778,653.0613861386138,995.3455947438064,126.88078588358631,998.0473641465529,122.26831860798669,1004.6942808474396,122.79352417008032,1003.4509029520465,120.76251859441136,1003.9958170598165,120.54696500129089,994.4935151860809,120.00735843441548,993.2533223511599,119.94166643810622,948.0065084720299,124.07584099307824,918.1833496845,143.9925821387557,-0.00541167375338214,-4.663328010220198,-0.296407140144322,-361.0563206643244,,,-361.0563206643244,-16.368528052805118,,2025-09-01
2025,9,3,1,36,0,906.4837293729372,857.0530693069309,1143.625678696902,1192.2020121366977,1002.2269115298628,861.7163973171511,960.4235068668156,969.05415912559,153.19027097932218,1009.4722387238725,132.82993787213178,1007.6507547286988,129.99805025814752,49.43066006600634,-53.93977749387841,0.057675145024542296,-0.0561624919717405,-1.0,-1.8369701987210297e-16,-1.0,-1.8369701987210297e-16,2,245,0,0,0,0,1,-0.8800122039735356,-0.4749510720670502,0.7818314824680298,0.6234898018587336,857.0530693069309,908.886330245928,913.8087320344936,1168.496761418077,923.6535356116256,901.1511274353242,878.5080792079208,874.1482376237624,883.8116895560523,680.2722772277227,995.0023660476647,127.15659965617871,997.5241496707275,122.67153205059785,995.9605131126015,120.02800486144943,1002.8376955863789,121.22542568717239,1004.0910420944167,120.46632586216602,994.8265586404262,119.72007352698138,993.6126055928175,119.6289028539214,948.1324642487904,124.02180547329215,918.8117148293478,143.44401071673104,-0.0026434558349455184,-2.4026008729907744,-0.22423085856666236,-262.0130320451399,,,-262.0130320451399,32.33549174917482,,2025-09-02
2025,9,3,2,36,0,908.3003300330032,906.4837293729372,857.0530693069309,1143.625678696902,1192.2020121366977,908.886330245928,1007.66746087512,890.6123762376236,29.07740223508045,1001.6486218460558,137.94676349967315,999.3701604918557,133.1240404138716,1.8166006600660012,-99.36713084211681,0.002004008016031955,-0.09861103459252352,-1.0,-1.8369701987210297e-16,-1.0,-1.8369701987210297e-16,3,246,0,0,0,0,1,-0.888057322629493,-0.4597327394521046,0.9749279121818236,-0.22252093395631434,906.4837293729372,908.1831299904184,913.1055317789844,875.7063813478122,922.9503353561162,902.2059278185884,879.2347194719472,920.9209240924092,925.6706100287448,725.6237623762377,995.0191089108912,127.14326981401058,997.1809209745861,122.93234529115665,997.0469780687747,119.04545290851341,1002.3144811105534,121.61398578780944,1004.1998707053884,120.37532837157383,995.1725778137721,119.42359689617747,993.4723767699352,119.72242970162189,948.0359626932585,124.04613625049812,919.3191497395054,143.0813542210771,0.00012904890953668868,0.11720004258484096,0.03722017947959366,32.59394868519098,0.33520115465317946,228.02805280528048,32.59394868519098,-12.620594059406017,228.02805280528048,2025-09-03
2025,9,3,3,36,0,958.0178217821784,908.3003300330032,906.4837293729372,857.0530693069309,1143.625678696902,908.1831299904184,1198.678856595337,924.2672937293728,29.24292422744166,994.2804402214415,139.08567107557099,979.3150742574259,117.59007892022052,49.717491749175224,-240.6610348131586,0.05473684210526342,-0.20077190274025458,-1.0,-1.8369701987210297e-16,-1.0,-1.8369701987210297e-16,4,247,0,0,0,0,1,-0.8958392907349089,-0.44437817810461344,0.43388373911755823,-0.900968867902419,908.3003300330032,955.2420312999044,960.4235068668156,923.6535356116256,970.7864580006388,950.8007665282656,926.2751155115512,967.7700990099012,1099.2130309805175,743.7643564356435,995.4156504083588,127.002785391887,997.0090863256834,122.98934513282238,998.1924542744598,118.47887780036754,1001.8584583884656,121.7604382256742,1004.3287466920656,120.32096995814173,995.5504671741368,119.25305919086973,993.3640181340713,119.75036380041807,947.2515448643788,123.53017040244683,919.9142982543569,142.79440514458486,0.0029058504455636847,2.775790482274033,0.03720473624105991,34.36428617055287,0.5532564515818337,341.2376237623764,34.36428617055287,-9.752277227722743,341.2376237623764,2025-09-04
2025,9,3,4,36,0,1007.9265346534656,958.0178217821784,908.3003300330032,906.4837293729372,857.0530693069309,955.2420312999044,1149.8434493771958,958.0815621562156,49.81313289581507,963.5678606409028,102.05666219273097,967.4886646971149,105.3832894520359,49.90871287128721,-141.9169147237302,0.05209580838323369,-0.12342281447148173,-1.0,-1.8369701987210297e-16,-1.0,-1.8369701987210297e-16,5,248,0,0,0,0,1,-0.9033558023246842,-0.4288919379124841,-0.433883739117558,-0.9009688679024191,958.0178217821784,1002.2269115298628,1007.66746087512,922.9503353561162,1018.548559565634,999.5066368572342,973.3920000000002,1153.063366336634,1052.5797508783137,770.9752475247525,996.2298822831592,127.07198295683554,997.0275915955651,122.99109165561859,1001.024994251038,117.63074419850562,1001.4791003558882,121.72305376433394,1004.4791020098554,120.32009542732929,995.961592586678,119.23527505479406,991.7513866709251,118.54679301551373,947.0034714409074,123.36219061363963,920.5724962741589,142.65200347763405,0.005686958769548944,5.699623123602805,0.09207017543859686,84.97619929734947,0.424665037687634,300.44336633663397,84.97619929734947,-145.13683168316845,300.44336633663397,2025-09-05
2025,9,3,5,36,1,1202.3028052805282,1007.9265346534656,958.0178217821784,908.3003300330032,906.4837293729372,1002.2269115298628,861.7163973171511,1056.0823872387239,129.06598271565477,973.3473817381738,123.3511517913407,995.8708653607297,119.25729668934652,194.37627062706258,340.58640796337716,0.19284765699108308,0.3952418789102208,-1.0,-1.8369701987210297e-16,-1.0,-1.8369701987210297e-16,6,249,0,0,0,0,1,-0.9106046300942162,-0.41327860778290443,-0.9749279121818236,-0.2225209339563146,1007.9265346534656,1192.2020121366977,1198.678856595337,970.7864580006388,1211.6325455126157,1191.2767486426062,1159.7561056105612,1107.858693069307,787.4362440114978,752.8346534653466,997.6728527322778,129.69845275537023,997.2864450730788,123.45109737245058,1008.7422058270344,123.04813957639243,1001.1458953475993,121.13783552914835,1004.6759958783896,120.63992862500395,996.4681009160823,120.02719175579988,992.8007656954943,119.99528715270219,949.30828567018,124.236732090675,921.82101891809,143.14590305415524,0.008472383908938008,10.100793143830515,0.2384832888550008,231.51634727988937,0.8410257148863747,549.2414191419144,231.51634727988937,94.44411221122118,549.2414191419144,2025-09-06
2025,9,3,6,36,1,1156.5053465346534,1202.3028052805282,1007.9265346534656,958.0178217821784,908.3003300330032,1192.2020121366977,908.886330245928,1122.244895489549,101.61627588670353,1023.256094609461,127.40072879145796,1016.5057833847903,124.16003603880092,-45.79745874587479,247.61901628872545,-0.03809145129224667,0.2724422274254299,-1.0,-1.8369701987210297e-16,-1.0,-1.8369701987210297e-16,7,250,0,0,0,0,1,-0.9175836260593934,-0.3975428142825566,-0.7818314824680299,0.6234898018587334,1202.3028052805282,1143.625678696902,1149.8434493771958,1018.548559565634,1162.2789907377835,1144.9580581283933,1114.283722772277,831.5824158415843,829.0731012456083,798.1861386138613,999.5128052805281,132.18167269934784,997.7622948700401,124.0955288694294,1013.3407653926683,125.9704225847045,1000.9396937689162,120.85798590189934,1004.882197457073,120.89366435674125,996.9707392942059,120.61348693634608,996.4110204809729,119.97818689625132,951.1273536995634,124.86196945351604,922.8163500512034,143.52907362447834,0.011262135922329941,12.879667837751413,0.135444486837085,137.9567869690194,0.7000624385984064,476.2330693069307,137.9567869690194,324.92293069306913,476.2330693069307,2025-09-07
2025,9,3,0,37,0,869.1000000000001,1156.5053465346534,1202.3028052805282,1007.9265346534656,958.0178217821784,1143.625678696902,908.1831299904184,1075.9693839383938,180.61162286847332,1017.0254730473049,134.94452255277147,1013.2488558855888,127.72137176354758,-287.4053465346533,-39.08312999041823,-0.24851190476190466,-0.04303441530655894,-1.0,-1.8369701987210297e-16,-1.0,-1.8369701987210297e-16,8,251,0,0,0,0,2,-0.9242907221930934,-0.3816892202666586,0.0,1.0,1156.5053465346534,857.0530693069309,861.7163973171511,1211.6325455126157,871.0430533375918,859.7178281699138,836.401188118812,878.5080792079208,826.96350047908,952.3811881188118,1001.2337953795379,130.07943620765528,998.2896950616721,123.48706237957079,1001.9230138755811,122.86279008906905,1000.8702990068592,120.93586565386364,1005.049736239753,120.69517077377643,997.3600108642202,120.14085682128729,996.3064862675516,120.08611719666631,951.3614453635686,124.66723313043393,922.5850134175398,143.54840299462185,0.014056224899598346,12.046930693069271,-0.2827033218785795,-342.53254551261557,0.19772814103263858,143.47623762376247,-342.53254551261557,-9.40807920792065,143.47623762376247,2025-09-08
2025,9,3,1,37,0,919.1999339933992,869.1000000000001,1156.5053465346534,1202.3028052805282,1007.9265346534656,857.0530693069309,955.2420312999044,981.6017601760174,153.52833366310782,1018.8420737073708,133.25089116019842,1010.2453477767134,129.6191596863791,50.09993399339908,-36.042097306505184,0.057645764576457426,-0.037730853674286746,-1.0,-1.8369701987210297e-16,-1.0,-1.8369701987210297e-16,9,252,0,0,0,0,2,-0.9307239310379793,-0.3657225234972692,0.7818314824680298,0.6234898018587336,869.1000000000001,906.4837293729372,908.886330245928,1162.2789907377835,918.7311338230596,908.5347301181732,883.5945610561056,879.2347194719472,868.2672628553178,1079.3653465346533,1003.0503960396039,128.61624928740972,999.0263810436345,122.94224418085456,993.8203786507685,119.90257225503176,1000.8870418700857,120.9241046727421,1005.2401863089534,120.54843195664941,997.783884351569,119.79695887516833,996.7505442066788,119.72168090998662,951.6444046476689,124.53531081921236,922.1401094938142,143.30913878917676,0.014028056112224352,12.716204620462008,-0.20914002462531323,-243.07905674438427,0.2358752150997112,175.43557755775566,-243.07905674438427,39.965214521452026,175.43557755775566,2025-09-09
2025,9,3,2,37,0,921.0165346534652,919.1999339933992,869.1000000000001,1156.5053465346534,1202.3028052805282,906.4837293729372,1002.2269115298628,903.1054895489547,29.463621622052614,1012.675192519252,137.41984129108354,1003.4778163703468,132.1707862548021,1.8166006600660012,-81.21037687639762,0.0019762845849802257,-0.08102993039014783,-1.0,-1.8369701987210297e-16,-1.0,-1.8369701987210297e-16,10,253,0,0,0,0,2,-0.9368813462954315,-0.34964745525122826,0.9749279121818236,-0.22252093395631434,919.1999339933992,908.3003300330032,908.1831299904184,871.0430533375918,918.0279335675502,909.5895305014373,884.321201320132,926.2751155115512,909.3489619929736,693.5643564356435,1004.86699669967,127.13622393881604,999.9430528052807,122.25874708589379,995.4861613612974,118.4766907522298,1000.993777623154,120.84955485876692,1005.4442399545254,120.39315054635891,998.220733557918,119.44461123663353,996.6921155304778,119.75773978476096,951.7092244957829,124.51620830463247,922.771921099975,142.79908266059687,0.014000000000000012,12.716204620462008,0.05737199915020175,49.973481315873414,0.19461232719263877,150.04128712871272,49.973481315873414,-5.25858085808602,150.04128712871272,2025-09-10
2025,9,3,3,37,0,971.4033003300332,921.0165346534652,919.1999339933992,869.1000000000001,1156.5053465346534,908.3003300330032,1192.2020121366977,937.2065896589656,29.629145701995892,1006.5879867986799,138.47711637290672,985.0779237197913,118.13303904276721,50.38676567656796,-220.79871180666453,0.05470777535554894,-0.18520243176820594,-1.0,-1.8369701987210297e-16,-1.0,-1.8369701987210297e-16,11,254,0,0,0,0,2,-0.9427611433904206,-0.33346877891818705,0.43388373911755823,-0.900968867902419,921.0165346534652,958.0178217821784,955.2420312999044,918.7311338230596,965.6049824337272,958.572979878633,931.6293069306932,973.3920000000002,1079.782497604599,628.8316831683169,1006.7792079207921,126.41274628936416,1001.0974291645755,121.87992075051787,997.2419002448634,117.6876685698242,1001.200860405165,120.79162212606617,1005.673352819729,120.31451354861855,998.6942334793388,119.2561372914895,996.6700188674781,119.76227060870713,951.1071178442576,124.15495487704568,923.7235089254241,141.97389482781887,0.013972055888223478,13.385478547854746,0.057331426538025365,52.672166506973554,0.29032755846001645,218.56864686468657,52.672166506973554,-1.9886996699669908,218.56864686468657,2025-09-11
2025,9,3,4,37,0,1021.981287128713,971.4033003300332,921.0165346534652,919.1999339933992,869.1000000000001,958.0178217821784,1143.625678696902,971.4670407040703,50.4824064177182,976.534400440044,102.36494907765037,974.940891089109,108.08284638277273,50.57798679867983,-121.64439156818901,0.05206692913385824,-0.10636731391585752,-1.0,-1.8369701987210297e-16,-1.0,-1.8369701987210297e-16,12,255,0,0,0,0,2,-0.9483615800121716,-0.31719128858910595,-0.433883739117558,-0.9009688679024191,971.4033003300332,1007.9265346534656,1002.2269115298628,918.0279335675502,1013.1080102203769,1007.6674608751198,979.0139009900992,1159.7561056105612,1033.926438837432,721.3069306930693,1008.7870297029704,126.54555303787143,1002.5084559930648,122.00828531358196,1000.7070120302353,116.80195549625182,1001.5177631518912,120.83564983221937,1005.9289568599717,120.33403002074964,999.2057499809889,119.26285509422293,995.1391875510132,118.5284211242988,951.0407558903203,124.11362540751573,924.5587154710787,141.66386576863013,0.013944223107569487,14.05475247524737,0.11323550162268958,103.95335356116277,0.2803796479145788,223.7951485148517,103.95335356116277,-137.77481848184823,223.7951485148517,2025-09-12
2025,9,3,5,37,1,1219.0346534653463,1021.981287128713,971.4033003300332,921.0165346534652,919.1999339933992,1007.9265346534656,857.0530693069309,1070.8064136413639,130.83669782648704,986.9559515951595,125.02647152233355,1005.1060231023102,121.82921075989798,197.0533663366333,361.98158415841544,0.19281504350266587,0.4223560910307893,-1.0,-1.8369701987210297e-16,-1.0,-1.8369701987210297e-16,13,256,0,0,0,0,2,-0.9536809966304455,-0.300819807635668,-0.9749279121818236,-0.2225209339563146,1021.981287128713,1202.3028052805282,1192.2020121366977,965.6049824337272,1205.1557010539764,1200.9920153305652,1166.4488448844886,1114.283722772277,773.4462599808368,665.8217821782177,1011.1772937293728,130.8933257322509,1004.4250732308254,125.38151101386771,1009.1546677312892,123.16685169709073,1002.0134400237258,121.72710426484568,1006.2511468266642,120.88867613302047,999.8317715117134,120.28494023853396,996.3030867809362,120.21383796104358,953.516246965234,124.99225102642012,926.0954178913205,141.84976569751146,0.013916500994035408,16.73184818481809,0.26245688003066303,253.42967103161914,0.27998606931037884,266.6534653465345,253.42967103161914,104.75093069306922,266.6534653465345,2025-09-13
2025,9,3,6,37,1,1172.5679207920791,1219.0346534653463,1021.981287128713,971.4033003300332,921.0165346534652,1202.3028052805282,906.4837293729372,1137.8612871287125,103.00932050709353,1037.5339383938394,129.1286755122481,1027.279705720572,126.37713634030149,-46.46673267326719,266.0841914191419,-0.03811764705882337,0.2935344372956439,-1.0,-1.8369701987210297e-16,-1.0,-1.8369701987210297e-16,14,257,0,0,0,0,2,-0.9587178169872964,-0.2843591872810036,-0.7818314824680299,0.6234898018587334,1219.0346534653463,1156.5053465346534,1143.625678696902,1013.1080102203769,1156.0612200574897,1154.2847141488342,1120.7087524752476,836.401188118812,814.3058958799105,693.5643564356435,1013.4719471947194,133.97027646542332,1006.4923762376238,128.06313923318208,1014.4699980836795,126.73251870317175,1002.6029650499613,122.5380598330761,1006.5776326595794,121.31966219911259,1000.4491425631043,121.04351825167217,1000.0382726995281,120.41205834708042,955.5065915480797,125.61400691515347,927.4259833478663,141.90906371415343,0.01388888888888884,16.062574257425695,0.15739675233346118,159.45991057170227,0.08634942242370158,93.2025742574258,159.45991057170227,336.1667326732671,93.2025742574258,2025-09-14
2025,9,3,0,38,0,881.1469306930694,1172.5679207920791,1219.0346534653463,1021.981287128713,971.4033003300332,1156.5053465346534,908.3003300330032,1090.9165016501647,183.1454175948061,1031.1917711771177,136.8091336628264,1025.016922442244,128.91866369064067,-291.4209900990097,-27.1533993399338,-0.24853228962817986,-0.029894736842105085,-1.0,-1.8369701987210297e-16,-1.0,-1.8369701987210297e-16,15,258,0,0,0,0,3,-0.9634705485641486,-0.26781430516217486,0.0,1.0,1172.5679207920791,869.1000000000001,857.0530693069309,1205.1557010539764,866.3797253273715,866.7128201852443,841.2199603960397,883.5945610561056,812.1962951133822,739.8019801980198,1015.1929372937293,131.86743852840286,1008.2133663366337,126.04641640751314,1003.6697057383158,123.69141541135245,1003.1303652415934,121.96046170498549,1006.8353846329334,121.03209933302342,1000.9244636380688,120.48783230897037,1000.0110768066055,120.43892687224074,955.8896506346334,125.27922777405885,927.8186082103525,141.58367071950227,0.013861386138613874,12.046930693069271,-0.268852207293666,-324.00877036090696,0.27046167023554624,187.5825742574259,-324.00877036090696,-2.4476303630361826,187.5825742574259,2025-09-15
2025,9,3,1,38,0,931.9161386138612,881.1469306930694,1172.5679207920791,1219.0346534653463,1021.981287128713,869.1000000000001,958.0178217821784,995.2103300330031,155.67968514910467,1033.0083718371836,135.11547914129494,1022.8417821782178,130.36394578388092,50.769207920791814,-26.10168316831721,0.05761718749999978,-0.02724550898203637,-1.0,-1.8369701987210297e-16,-1.0,-1.8369701987210297e-16,16,259,0,0,0,0,3,-0.9679377830240642,-0.25119006388481957,0.7818314824680298,0.6234898018587336,881.1469306930694,919.1999339933992,906.4837293729372,1156.0612200574897,913.8087320344936,915.918332801022,888.6810429042904,884.321201320132,852.7228361545831,758.2970297029703,1017.0095379537953,130.4041131216699,1010.0299669966997,124.64294714512499,996.1982030235282,120.90722024610004,1003.7770583337135,121.51649269277974,1007.1210597367341,120.83231895543663,1001.4391671584209,120.09427432021249,1000.5399094432023,120.0290333794946,956.3296134260737,125.05375145430193,928.3008835128828,141.30003685770652,0.01383399209486158,12.716204620462008,-0.19388686131386879,-224.14508144362844,0.4819802556997099,303.08445544554434,-224.14508144362844,47.59493729372923,303.08445544554434,2025-09-16
2025,9,3,2,38,0,933.7327392739272,931.9161386138612,881.1469306930694,1172.5679207920791,1219.0346534653463,919.1999339933992,1007.9265346534656,915.5986028602857,29.84984582585906,1026.7299449944994,139.35918917791432,1016.6589658965896,132.8709463680984,1.8166006600660012,-74.19379537953841,0.0019493177387914784,-0.07361032062227324,-1.0,-1.8369701987210297e-16,-1.0,-1.8369701987210297e-16,17,260,0,0,0,0,3,-0.9721181966290612,-0.23449138957041052,0.9749279121818236,-0.22252093395631434,931.9161386138612,921.0165346534652,908.3003300330032,866.3797253273715,913.1055317789844,916.973133184286,889.4076831683168,931.6293069306932,893.0273139572022,786.0396039603961,1018.8261386138613,128.92417963305584,1011.8465676567656,123.22349393223945,998.4433034884133,119.02419401239565,1004.5137443156758,121.00790470533614,1007.4203384169061,120.62555833909525,1001.9668463977736,119.69279953850807,1000.5632809136829,120.01566871929829,956.5557546778333,124.97541941955458,928.7111422220871,141.10010561997132,0.013806706114398493,12.716204620462008,0.07774075498027799,67.35301394655573,0.2945012719852118,212.42580858085796,67.35301394655573,2.103432343233976,212.42580858085796,2025-09-17
2025,9,3,3,38,0,984.7887788778878,933.7327392739272,931.9161386138612,881.1469306930694,1172.5679207920791,921.0165346534652,1202.3028052805282,950.1458855885586,30.015371913097585,1020.5311936193619,140.43566683265252,998.5327970297029,119.39656993025079,51.056039603960585,-217.5140264026404,0.05467950030718849,-0.1809145129224653,-1.0,-1.8369701987210297e-16,-1.0,-1.8369701987210297e-16,18,261,0,0,0,0,3,-0.9760105506323682,-0.21772323039653224,0.43388373911755823,-0.900968867902419,933.7327392739272,971.4033003300332,958.0178217821784,913.8087320344936,960.4235068668156,966.3451932290004,936.983498349835,979.0139009900992,1060.3519642286808,767.5445544554456,1020.7383498349834,128.20080925964115,1013.7587788778877,122.52967655159655,1000.8093050498599,117.98473023705365,1005.3839326017857,120.76646791787208,1007.7496881606364,120.53651565915764,1002.5359568802503,119.49358220843163,1000.627446223547,120.00556140142093,956.1359592036624,124.75152637601113,929.3145984010383,140.8732813826023,0.013779527559054872,13.385478547854632,0.07767494920448503,70.98004684339423,0.4790576175747483,318.96699669967006,70.98004684339423,5.774877887788648,318.96699669967006,2025-09-18
2025,9,3,4,38,0,1036.0360396039605,984.7887788778878,933.7327392739272,931.9161386138612,881.1469306930694,971.4033003300332,1156.5053465346534,984.8525192519251,51.15167995023244,990.0314246424641,103.794261716122,988.4936881188117,109.56638184472912,51.24726072607268,-120.46930693069294,0.05203883495145645,-0.10416666666666652,-1.0,-1.8369701987210297e-16,-1.0,-1.8369701987210297e-16,19,262,0,0,0,0,3,-0.9796136916454901,-0.20089055513063528,-0.433883739117558,-0.9009688679024191,984.7887788778878,1021.981287128713,1007.9265346534656,913.1055317789844,1007.66746087512,1015.8282848930056,984.6358019801982,1166.4488448844886,1015.2731267965504,813.7821782178218,1022.7461716171616,128.3335107898882,1015.766600660066,122.65699630782257,1004.9069886440258,116.96399993756678,1006.3970961278155,120.90525354417935,1008.1105409233321,120.59137616742713,1003.1478644710094,119.53241388738013,999.1784150537634,118.76172227410645,956.2513087192591,124.8160944333616,929.9319702382219,140.85256261535784,0.013752455795677854,14.054752475247483,0.13462902539367283,122.93050782497608,0.4937850107066384,342.471683168317,122.93050782497608,-130.41280528052812,342.471683168317,2025-09-19
2025,9,3,5,38,1,1235.766501650165,1036.0360396039605,984.7887788778878,933.7327392739272,931.9161386138612,1021.981287128713,869.1000000000001,1085.5304400440043,132.60741339827058,1000.5645214521452,126.70179375286185,1019.0492299229924,123.48647709023533,199.7304620462046,366.66650165016495,0.19278331487633804,0.4218921892189218,-1.0,-1.8369701987210297e-16,-1.0,-1.8369701987210297e-16,20,263,0,0,0,0,3,-0.9829265519799822,-0.18399835165767986,-0.9749279121818236,-0.2225209339563146,1036.0360396039605,1219.0346534653463,1202.3028052805282,960.4235068668156,1198.678856595337,1210.7072820185244,1173.141584158416,1120.7087524752476,759.4562759501756,970.990099009901,1025.1364356435643,132.68097032370753,1018.1568646864687,126.82690123343076,1014.0850884701374,123.94756264206147,1007.7216548797738,123.2698174361552,1008.5580269881827,121.400612820675,1003.893399203054,120.79409484826634,1000.4568344890404,120.68829114061892,958.8974766398145,125.66674340433111,930.667460245556,141.75594771862987,0.013725490196078605,16.731848184818773,0.28668914579319216,275.34299478334947,0.670401721984297,495.9645214521453,275.34299478334947,115.05774917491749,495.9645214521453,2025-09-20
2025,9,3,6,38,1,1188.6304950495048,1235.766501650165,1036.0360396039605,984.7887788778878,933.7327392739272,1219.0346534653463,919.1999339933992,1153.4776787678766,104.40236940173374,1051.8117821782178,130.85662516802708,1041.5017766776675,128.08964601571796,-47.13600660066027,269.4305610561056,-0.0381431334622826,0.2931142084460163,-1.0,-1.8369701987210297e-16,-1.0,-1.8369701987210297e-16,21,264,0,0,0,0,3,-0.9859481499638303,-0.1670516255021195,-0.7818314824680299,0.6234898018587334,1235.766501650165,1172.5679207920791,1156.5053465346534,1007.66746087512,1149.8434493771958,1163.6113701692748,1127.133782178218,841.2199603960397,799.5386905142126,1100.4554455445543,1027.431089108911,135.7588830258126,1020.4515181518151,129.77882295252547,1020.1171896092835,127.96285505645048,1009.1069065109276,125.12997201608778,1009.0047970753296,122.02603003632301,1004.6255029277121,121.73273553063127,1004.3169515407455,121.09314648447632,961.0590977761217,126.25531260858767,930.9123909386253,142.12582364198147,0.013698630136986356,16.062574257425695,0.17958606504692076,180.9630341743848,0.5674998694312423,430.33346534653447,180.9630341743848,347.4105346534651,430.33346534653447,2025-09-21
2025,9,3,0,39,0,893.1938613861387,1188.6304950495048,1235.766501650165,1036.0360396039605,984.7887788778878,1172.5679207920791,921.0165346534652,1105.8636193619361,185.67921328915202,1045.3580693069307,138.6737601304361,1039.1832205720573,130.69414932452085,-295.43663366336614,-27.822673267326536,-0.24855212355212342,-0.030208657739021927,-1.0,-1.8369701987210297e-16,-1.0,-1.8369701987210297e-16,22,265,0,0,0,0,4,-0.9886775902323404,-0.15005539834465262,0.0,1.0,1188.6304950495048,881.1469306930694,869.1000000000001,1198.678856595337,861.7163973171511,873.7078122005748,846.0387326732674,888.6810429042904,797.4290897476844,730.2475247524752,1029.1520792079207,133.6554597820554,1022.172508250825,127.76144277880897,1009.9343564356436,125.39246464997791,1010.2311016562486,123.89201573974934,1009.3527622393576,121.66044240919915,1005.1868735076272,121.09968333487213,1004.3670939683216,121.04565081300085,961.5911242852243,125.76275151235258,931.3650196514967,141.74394018126745,0.013671875,12.046930693069271,-0.254851408722501,-305.48499520919836,0.13632170298526258,107.15425742574257,-305.48499520919836,4.512818481848285,107.15425742574257,2025-09-22
2025,9,3,1,39,0,944.6323432343232,893.1938613861387,1188.6304950495048,1235.766501650165,1036.0360396039605,881.1469306930694,971.4033003300332,1008.8188998899888,157.8310383576978,1047.1746699669966,136.98008329950508,1036.952307480748,132.17639539058476,51.43848184818455,-26.770957095709946,0.057589381288802866,-0.02755905511811063,-1.0,-1.8369701987210297e-16,-1.0,-1.8369701987210297e-16,23,266,0,0,0,0,4,-0.9911140639934546,-0.13301470653419636,0.7818314824680298,0.6234898018587336,893.1938613861387,931.9161386138612,919.1999339933992,1149.8434493771958,908.886330245928,923.3019354838708,893.7675247524752,889.4076831683168,837.1784094538485,662.091089108911,1030.9686798679868,132.19199984457197,1023.9891089108909,126.35777867205502,1003.0939862308811,123.0728567855242,1011.5077449772626,122.98992005296351,1009.7336623777585,121.41928420235945,1005.7924070609827,120.66222114273938,1004.9807013023884,120.59548413962376,962.1880905840046,125.42346596508368,932.1498564685118,141.029230330848,0.013645224171539905,12.716204620462008,-0.17846873524741447,-205.2111061428726,0.2307198816679994,177.08778877887767,-205.2111061428726,55.224660066006436,177.08778877887767,2025-09-23
2025,9,3,2,39,0,946.4489438943892,944.6323432343232,893.1938613861387,1188.6304950495048,1235.766501650165,931.9161386138612,1021.981287128713,928.0917161716169,30.23607466191226,1040.7846974697468,141.2985478329306,1030.6579455445542,134.72797305101602,1.8166006600660012,-75.53234323432378,0.0019230769230769162,-0.0739077556366361,-1.0,-1.8369701987210297e-16,-1.0,-1.8369701987210297e-16,24,267,0,0,0,0,4,-0.9932568492674143,-0.11593459959550066,0.9749279121818236,-0.22252093395631434,944.6323432343232,933.7327392739272,921.0165346534652,861.7163973171511,908.1831299904184,924.356735867135,894.8223251357394,936.983498349835,876.7056659214308,759.4574257425743,1032.785280528053,130.71215596210627,1025.8057095709569,124.93834559873603,1005.9184044501224,120.66520114722134,1012.8743811881187,122.00795781945112,1010.1281660925309,121.17248129285626,1006.4070096652523,120.22085105744388,1005.0858729195502,120.53963179974147,962.57555323941,125.26554261277283,932.6692773522667,140.73546559271674,0.013618677042801508,12.716204620462008,0.09832996893298374,84.73254657723817,0.1630249091557976,132.66676567656748,84.73254657723817,9.4654455445542,132.66676567656748,2025-09-24
2025,9,3,3,39,0,998.1742574257426,946.4489438943892,944.6323432343232,893.1938613861387,1188.6304950495048,933.7327392739272,1219.0346534653463,963.0851815181514,30.40160268022324,1034.474400440044,142.39422660773425,1012.2529125412542,121.04558006097717,51.72531353135332,-220.86039603960376,0.054651985048995044,-0.18117647058823516,-1.0,-1.8369701987210297e-16,-1.0,-1.8369701987210297e-16,25,268,0,0,0,0,4,-0.9951053111006974,-0.09882013873287211,0.43388373911755823,-0.900968867902419,946.4489438943892,984.7887788778878,971.4033003300332,908.886330245928,955.2420312999044,974.1174065793676,943.0285531778984,984.6358019801982,1040.9214308527626,701.0376237623761,1034.6974917491748,129.98889002835782,1027.7179207920792,124.24459620015593,1008.8946686894495,119.28257325579229,1014.4076749783273,121.52567264111595,1010.5577527147876,121.08510522296591,1007.0635061443933,120.02098952512863,1005.2363002022784,120.5222708095651,962.3380689425933,125.1566547565965,933.4946568902205,140.2436758877075,0.013592233009708687,13.385478547854746,0.09823882724218658,89.28792717981457,0.02799632915264616,27.18415841584158,89.28792717981457,13.5384554455444,27.18415841584158,2025-09-25
2025,9,3,4,39,0,1050.090792079208,998.1742574257426,946.4489438943892,944.6323432343232,893.1938613861387,984.7887788778878,1172.5679207920791,998.2379977997798,51.82095349294534,1003.5284488448843,105.22359907695267,1002.0464851485148,111.04999132711299,51.91653465346553,-122.47712871287104,0.05201149425287377,-0.10445205479452035,-1.0,-1.8369701987210297e-16,-1.0,-1.8369701987210297e-16,26,269,0,0,0,0,4,-0.99665890175417,-0.08167639533042288,-0.433883739117558,-0.9009688679024191,998.1742574257426,1036.0360396039605,1021.981287128713,908.1831299904184,1002.2269115298628,1023.9891089108912,991.3458128393484,1173.141584158416,996.6198147556688,730.2475247524752,1036.705313531353,130.12148921383377,1029.7257425742573,124.37182262867887,1013.6249240924093,117.9574270458569,1016.1170992836612,121.68451926262141,1011.0238541999361,121.18794139802047,1007.7628511353439,120.09942499346545,1003.869069179176,119.28774968128317,962.635129927724,125.3018503237623,934.3831104105726,139.9653430347929,0.013565891472868241,14.054752475247597,0.15625445728141507,141.90766208878972,-0.045767099130872624,-50.36465346534624,141.90766208878972,-123.0507920792079,-50.36465346534624,2025-09-26
2025,9,3,5,39,1,1252.4983498349834,1050.090792079208,998.1742574257426,946.4489438943892,944.6323432343232,1036.0360396039605,881.1469306930694,1100.2544664466445,134.37812941278236,1014.1730913091309,128.37711838506794,1032.9924367436743,125.1438145520854,202.40755775577531,371.351419141914,0.19275243558226318,0.4214409722222219,-1.0,-1.8369701987210297e-16,-1.0,-1.8369701987210297e-16,27,270,0,0,0,0,4,-0.9979171608653922,-0.06450844944931625,-0.9749279121818236,-0.2225209339563146,1050.090792079208,1235.766501650165,1219.0346534653463,955.2420312999044,1192.2020121366977,1218.1093899712553,1181.5614819546472,1127.133782178218,745.4662919195146,778.9306930693069,1039.0955775577556,134.46864324593213,1032.11600660066,128.54162365824808,1023.5334680435786,125.1497389090758,1018.2705399157428,125.3931084784394,1011.6379427689313,122.33804416565725,1008.607337657729,121.57653949793911,1005.2620088198067,121.45555377881911,965.451974693921,126.08920454014728,935.6985761238105,140.72361345242493,0.013539651837524147,16.73184818481832,0.31118429549270266,297.256318535079,0.7151695930219419,522.2508250825082,297.256318535079,125.3645676567653,522.2508250825082,2025-09-27
2025,9,3,6,39,1,1204.6930693069305,1252.4983498349834,1050.090792079208,998.1742574257426,946.4489438943892,1235.766501650165,931.9161386138612,1169.0940704070406,105.79542240178118,1066.0896259625963,132.58457764404096,1055.7238476347634,129.80222795850707,-47.80528052805289,272.7769306930693,-0.038167938931297773,0.29270544783010166,-1.0,-1.8369701987210297e-16,-1.0,-1.8369701987210297e-16,28,271,0,0,0,0,4,-0.9988797155850335,-0.04732138832243232,-0.7818314824680299,0.6234898018587334,1252.4983498349834,1188.6304950495048,1172.5679207920791,1002.2269115298628,1143.625678696902,1168.496761418077,1135.631402107953,846.0387326732674,784.7714851485148,798.4039603960397,1041.3902310231022,137.54749227150737,1034.4106600660066,131.49458118522452,1030.282339969481,129.34978918881598,1020.4515181518152,128.1548422013782,1012.2843054098037,123.27390306429214,1009.4295003624786,122.67444832938372,1009.2470570046253,122.05499905978321,967.78487238369,126.61119146029533,936.8271569818963,141.2476765236903,0.013513513513513375,16.062574257425695,0.2020162853819305,202.46615777706768,0.8195276890499941,542.6019801980195,202.46615777706768,358.6543366336631,542.6019801980195,2025-09-28
2025,9,3,0,40,0,905.240792079208,1204.6930693069305,1252.4983498349834,1050.090792079208,998.1742574257426,1188.6304950495048,933.7327392739272,1120.810737073707,188.21300991241546,1059.5243674367437,140.53840134432022,1053.3495187018702,132.46971264425517,-299.45227722772256,-28.491947194719273,-0.24857142857142844,-0.030514028261314552,-1.0,-1.8369701987210297e-16,-1.0,-1.8369701987210297e-16,29,272,0,0,0,0,5,-0.9995462806873573,-0.03012030484690836,0.0,1.0,1204.6930693069305,893.1938613861387,881.1469306930694,1192.2020121366977,857.0530693069309,875.7063813478122,852.7228361545833,893.7675247524752,785.8614455445544,827.6138613861386,1043.111221122112,135.44349921879953,1036.1316501650165,129.4765622424331,1020.7169659675644,127.56096419477281,1022.172508250825,126.18775610827234,1012.8117056014356,122.74098690627437,1010.0547141234862,121.99813133222615,1009.3745377527,121.93896737099496,968.4480909755492,125.96392462370028,937.0427873449328,141.13969762372935,0.01348747591522148,12.046930693069271,-0.24069848661234006,-286.96122005748975,0.19195725974249456,145.78336633663366,-286.96122005748975,11.473267326732753,145.78336633663366,2025-09-29
2025,9,3,1,40,0,957.3485478547854,905.240792079208,1204.6930693069305,1252.4983498349834,1050.090792079208,893.1938613861387,984.7887788778878,1022.4274697469745,159.98239321939437,1061.3409680968098,138.84470298308054,1051.0628327832783,133.98891969693022,52.1077557755774,-27.440231023102456,0.05756231516687782,-0.027864077669903065,-1.0,-1.8369701987210297e-16,-1.0,-1.8369701987210297e-16,30,273,0,1,0,1,5,-0.9999166586547379,-0.012910296075008843,0.7818314824680298,0.6234898018587336,905.240792079208,944.6323432343232,931.9161386138612,1143.625678696902,906.4837293729372,923.6535356116256,901.1511274353242,894.8223251357394,828.3699009900989,808.140594059406,1044.9278217821782,133.97990853980733,1037.9482508250824,128.07270952977743,1014.5077282728273,125.89466776382383,1023.9891089108912,124.81932061905181,1013.4134022486351,122.37802469734699,1010.7237310332415,121.54698173286819,1010.0692735606893,121.45614652041888,969.1646390136864,125.52873262832274,937.4572538832531,140.97910136556172,0.013461538461538636,12.716204620462122,-0.1628829557713054,-186.27713084211666,0.36561650245934363,256.3109240924092,-186.27713084211666,62.526222719045904,256.3109240924092,2025-09-30
2025,10,4,2,40,0,959.1651485148514,957.3485478547854,905.240792079208,1204.6930693069305,1252.4983498349834,944.6323432343232,1036.0360396039605,940.5848294829481,30.622307954942677,1054.8394499449944,143.23791681874712,1044.656925192519,136.58506794900057,1.8166006600660012,-76.87089108910914,0.00189753320683117,-0.07419712070874884,-0.8660254037844386,0.5000000000000001,-2.4492935982947064e-16,1.0,1,274,1,0,1,0,1,-0.9999907397361901,0.004303538296243821,0.9749279121818236,-0.22252093395631434,957.3485478547854,946.4489438943892,933.7327392739272,857.0530693069309,908.3003300330032,922.9503353561162,902.2059278185884,943.0285531778984,870.9930891089108,856.8237623762376,1046.744422442244,132.50015209061962,1039.7648514851485,126.65329716386714,1017.9114642464247,122.83403756013378,1025.805709570957,123.43571528517379,1014.0600953407553,121.98635078471304,1011.4018169939114,121.09232056792642,1010.2485690644335,121.3679464789349,969.6544837881636,125.3153557674476,937.7415355114159,140.9192245742267,0.01343570057581589,12.716204620462122,0.11914323962516704,102.11207920792049,0.3134794929157345,228.91762376237614,102.11207920792049,16.13659533695295,228.91762376237614,2025-10-01
2025,10,4,3,40,0,1015.9393165122964,959.1651485148514,957.3485478547854,905.240792079208,1204.6930693069305,946.4489438943892,1235.766501650165,977.4843376273108,33.31537273201794,1049.147537350509,144.14006208443752,1026.3379930976969,122.654399991609,56.77416799744503,-219.8271851378687,0.059191233215002415,-0.1778873151556748,-0.8660254037844386,0.5000000000000001,-2.4492935982947064e-16,1.0,2,275,0,0,0,0,1,-0.9997685019798909,0.021516097436222233,0.43388373911755823,-0.900968867902419,959.1651485148514,998.1742574257426,984.7887788778878,906.4837293729372,958.0178217821784,970.7864580006388,950.8007665282656,991.3458128393484,1038.3306930693068,1022.3465346534653,1049.2822880260376,131.58175539298705,1041.989889887606,125.88447887682119,1021.5599838177367,121.0224004816931,1027.874334382747,122.74099151600684,1014.8663963856062,121.84426384558431,1012.1772759222927,120.90799288245954,1010.5218302163549,121.35259382320584,969.530087251736,125.25790267378677,937.7237376832461,140.9089135928564,0.017797552836485098,17.765059086553833,0.12074743714934133,109.45558713935918,0.3042743411600306,237.00862344298946,109.45558713935918,24.59350367294803,237.00862344298946,2025-10-02
2025,10,4,4,40,0,1073.3426636857234,1015.9393165122964,959.1651485148514,957.3485478547854,905.240792079208,998.1742574257426,1188.6304950495048,1016.1490429042902,57.08904651085652,1019.2882563256326,107.48597927997255,1016.7306738173817,112.91513147355099,57.40334717342705,-115.28783136378138,0.056502732240437226,-0.09699215344376622,-0.8660254037844386,0.5000000000000001,-2.4492935982947064e-16,1.0,3,276,0,0,0,0,1,-0.9992500112396835,0.03872228089217399,-0.433883739117558,-0.9009688679024191,1015.9393165122964,1050.090792079208,1036.0360396039605,908.3003300330032,1007.9265346534656,1018.548559565634,999.5066368572342,1181.5614819546472,998.1742574257424,1158.659405940594,1052.6039839698255,131.89867478755528,1044.654648750589,126.14334374390873,1027.061394939494,119.4371790092791,1030.2106247053275,122.9695987935926,1015.8448625306079,122.09412584334814,1013.0562762416795,121.08303460463372,1009.3193989022559,120.16916911958548,969.9476895087358,125.47904235669895,937.4867467325381,140.6077167862842,0.02214272497378622,23.25187160651535,0.18170458404074719,165.04233365272023,0.34436039514796923,274.93870328968376,165.04233365272023,-108.21881826892377,274.93870328968376,2025-10-03
2025,10,4,5,40,1,1285.653625039923,1073.3426636857234,1015.9393165122964,959.1651485148514,957.3485478547854,1050.090792079208,893.1938613861387,1124.9785350793143,142.07796967533886,1032.7816822811312,136.56449642454226,1049.4356541218638,129.49935657985188,212.31096135419966,392.4597636537844,0.19780352401641288,0.43938923073735636,-0.8660254037844386,0.5000000000000001,-2.4492935982947064e-16,1.0,4,277,0,0,0,0,1,-0.9984354211555643,0.05591699010060302,-0.9749279121818236,-0.2225209339563146,1073.3426636857234,1252.4983498349834,1235.766501650165,958.0178217821784,1202.3028052805282,1211.6325455126157,1191.2767486426062,1135.631402107953,749.6632871287128,730.6188118811881,1057.3404518562454,140.58265733858838,1048.2180147070005,132.50162884289625,1037.9825883814187,127.60617008231823,1033.1874396967346,128.1879967767754,1017.1666675221669,124.62669830605525,1014.1798104845047,123.17644057074094,1010.9863124903889,122.94932763261085,972.9254136082425,126.57724938590992,939.0285101024235,141.37398177436918,0.026471312484609655,33.1552752049397,0.34199343248985836,327.63580325774467,0.5534462205437585,458.03976365378446,327.63580325774467,150.0222229319702,458.03976365378446,2025-10-04
2025,10,4,6,40,1,1241.7776301501117,1285.653625039923,1073.3426636857234,1015.9393165122964,959.1651485148514,1252.4983498349834,944.6323432343232,1200.257972958586,112.07987119801581,1088.8711552929485,142.6784931754874,1074.1977613648462,135.88921798444233,-43.87599488981141,297.14528691578846,-0.03412738395106141,0.3145618388402771,-0.8660254037844386,0.5000000000000001,-2.4492935982947064e-16,1.0,5,278,0,0,0,0,1,-0.9973249731081555,0.07309512989807776,-0.7818314824680299,0.6234898018587334,1285.653625039923,1204.6930693069305,1188.6304950495048,1007.9265346534656,1156.5053465346534,1162.2789907377835,1144.9580581283933,852.7228361545833,792.401207920792,662.4277227722773,1062.638246262414,147.58540677334312,1052.0142386427583,137.50098267241398,1045.7776248979737,132.74591746488417,1036.2328783972866,132.1771059167478,1018.5862860831014,126.74451084591092,1015.332424437144,124.85646551137073,1015.3091435347835,124.1559047968124,975.4219492872944,127.42558026049078,940.6378154006951,141.51396931671337,0.030783410138248923,37.08456084318118,0.23201204398993847,233.85109549664605,0.5365861327575252,433.6370360907057,233.85109549664605,389.05479399552837,433.6370360907057,2025-10-05
2025,10,4,0,41,0,936.9958351964228,1241.7776301501117,1285.653625039923,1073.3426636857234,1015.9393165122964,1204.6930693069305,946.4489438943892,1154.8090301288191,189.90317703210587,1085.4790365165547,146.618307071435,1073.4100023066824,136.72195960344848,-304.78179495368886,-9.4531086979664,-0.24543991416309008,-0.00998797532497564,-0.8660254037844386,0.5000000000000001,-2.4492935982947064e-16,1.0,6,279,0,0,0,0,1,-0.9959189961471792,0.0902516100310407,0.0,1.0,1241.7776301501117,905.240792079208,893.1938613861387,1202.3028052805282,869.1000000000001,871.0430533375918,859.7178281699138,901.1511274353242,793.4911683168316,759.8435643564356,1067.174680993445,142.33570408799852,1055.1429510577784,134.06457691569037,1036.9340592285034,130.78146625634102,1038.6577296543019,129.5949833663839,1019.7640143305806,125.65028873960303,1016.2524007112692,123.97765024239007,1015.7074180654625,123.84268471115041,976.2191974366253,126.72797155652647,941.1299050419174,141.1911778941838,0.03507911198331892,31.755043117214882,-0.22066568331943837,-265.3069700841054,0.09356891853447591,80.17207282018524,-265.3069700841054,35.844707761098675,80.17207282018524,2025-10-06
2025,10,4,1,41,0,995.028361545832,936.9958351964228,1241.7776301501117,1285.653625039923,1073.3426636857234,905.240792079208,998.1742574257426,1057.9339422974554,161.8357800397455,1091.4562386883847,141.06481096871954,1073.1478443166895,136.88225736499683,58.03252634940918,-3.1458958799105403,0.061934668404629356,-0.003151649981460891,-0.8660254037844386,0.5000000000000001,-2.4492935982947064e-16,1.0,7,280,0,0,0,0,1,-0.994217906893952,0.10738134666416306,0.7818314824680298,0.6234898018587336,936.9958351964228,957.3485478547854,944.6323432343232,1156.5053465346534,919.1999339933992,918.7311338230596,908.5347301181732,902.2059278185884,836.4011881188118,701.3940594059405,1072.5575115207373,138.1407517640403,1058.7426666514577,131.52150987701438,1031.5514930622094,129.00141669400927,1041.3658877811743,127.78587612731064,1021.12646482563,124.94653305229602,1017.2820867996938,123.4302054399302,1016.7387784402097,123.27202227009204,977.1004595112199,126.30107501649826,941.9455558811949,140.64949672593113,0.039358511354594006,37.67981369104666,-0.13962493599590375,-161.4769849888214,-0.026721050232632715,-27.318173107633243,-161.4769849888214,92.8224337272436,-27.318173107633243,2025-10-07
2025,10,4,2,41,0,1001.005563717662,995.028361545832,936.9958351964228,1241.7776301501117,1285.653625039923,957.3485478547854,1050.090792079208,977.6765868199722,35.35709831057204,1088.967279889279,142.78498103126321,1069.0574086198942,138.35934019678322,5.977202171829958,-49.085228361546115,0.0060070671378089635,-0.04674379466213208,-0.8660254037844386,0.5000000000000001,-2.4492935982947064e-16,1.0,8,281,0,0,0,0,2,-0.9922222094179324,0.12447926388678869,0.9749279121818236,-0.22252093395631434,995.028361545832,959.1651485148514,946.4489438943892,869.1000000000001,921.0165346534652,918.0279335675502,909.5895305014373,950.8007665282656,879.4259405940593,730.6188118811881,1078.5347136925673,133.2347354692337,1062.6395680674057,128.71671022944815,1035.9483451861315,125.47320042284245,1044.2226388191814,125.87555493780414,1022.6082082211678,124.19139032204495,1018.3703729094107,122.87097982798194,1017.2966095200918,123.08373636711866,977.7759018619066,126.10074317500872,942.6966301918518,140.23919940494142,0.04362170087976547,41.84041520281062,0.15177259661449982,131.90556371766183,-0.13606573373902697,-157.6538422229321,131.90556371766183,50.204797189396345,-157.6538422229321,2025-10-08
2025,10,4,3,41,0,1059.9818588310443,1001.005563717662,995.028361545832,936.9958351964228,1241.7776301501117,959.1651485148514,1252.4983498349834,1018.6719280315125,35.900063000607254,1086.7404790801659,143.1810240163444,1053.0143677028993,125.74129789673182,58.97629511338232,-192.5164910039391,0.05891705026528382,-0.1537059837478454,-0.8660254037844386,0.5000000000000001,-2.4492935982947064e-16,1.0,9,282,0,0,0,0,2,-0.989932495087353,0.141540295217043,0.43388373911755823,-0.900968867902419,1001.005563717662,1015.9393165122964,998.1742574257426,919.1999339933992,971.4033003300332,965.6049824337272,958.572979878633,999.5066368572342,1048.369801980198,779.3267326732673,1084.8265054523886,130.80385225204842,1067.054396739213,127.38865623064159,1040.641076014053,123.57448728008853,1047.386158765646,125.08829042735618,1024.2935095854057,124.04404988756131,1019.577621468368,122.77452198252338,1017.9685564309118,123.15058195142981,977.8404132888556,126.1400239815046,943.4762277645121,140.1085151295902,0.043351548269580986,44.042542318747905,0.15315702235315443,140.78192483764508,0.45080011846644963,329.3630469498562,140.78192483764508,60.47522197381011,329.3630469498562,2025-10-09
2025,10,4,4,41,0,1119.5873331204089,1059.9818588310443,1001.005563717662,995.028361545832,936.9958351964228,1015.9393165122964,1204.6930693069305,1060.1915852230384,59.291162895845716,1059.062763760247,109.01391546458235,1045.922223020689,118.60613312908508,59.605474289364565,-85.10573618652165,0.05623254189944138,-0.07064516129032239,-0.8660254037844386,0.5000000000000001,-2.4492935982947064e-16,1.0,10,283,0,0,0,0,2,-0.9873494423939864,0.15855938510313475,-0.433883739117558,-0.9009688679024191,1059.9818588310443,1073.3426636857234,1050.090792079208,921.0165346534652,1021.981287128713,1013.1080102203769,1007.6674608751198,1191.2767486426062,1007.811801980198,798.809900990099,1091.4328868002005,131.29408033159075,1072.0184353850132,128.02922400089375,1047.2601026296177,122.2570918195174,1050.8720889796352,125.71256530873355,1026.1949260657632,124.68391184813372,1020.9100008998596,123.25008274151983,1017.1720073695542,122.24553489993275,978.4613884618569,126.56281604794799,944.3672761870964,140.20590822118038,0.04308472121650975,46.24466943468542,0.21559960217397878,198.57079846694364,0.6901275333630461,457.15961034813154,198.57079846694364,-71.68941552219735,457.15961034813154,2025-10-10
2025,10,4,5,41,1,1340.7068029383584,1119.5873331204089,1059.9818588310443,1001.005563717662,995.028361545832,1073.3426636857234,905.240792079208,1173.425331629937,147.90375628647456,1075.5509592249548,144.03308487371672,1082.2110572589515,136.86280211657373,221.1194698179495,435.4660108591504,0.19750086775425202,0.48104992027474536,-0.8660254037844386,0.5000000000000001,-2.4492935982947064e-16,1.0,11,284,0,0,0,0,2,-0.9844738167520923,0.17553149042142777,-0.9749279121818236,-0.2225209339563146,1119.5873331204089,1285.653625039923,1252.4983498349834,971.4033003300332,1219.0346534653463,1205.1557010539764,1200.9920153305652,1144.9580581283933,756.8914455445544,828.0346534653465,1099.2976264999772,145.7232676292997,1078.3190391781113,139.27116367330922,1059.5702193832285,132.5177464676615,1055.2175228893857,133.59631289302558,1028.6154814565557,129.44615839768858,1022.5732721809048,126.60661298272902,1019.3469934229981,126.22136519630347,981.7048071140448,128.3214179764665,945.7913654911881,141.61754338879942,0.04282115869017655,55.05317789843525,0.3801752603505204,369.3035026083252,0.7644510868153449,580.8632385819227,369.3035026083252,195.74874480996505,580.8632385819227,2025-10-11
2025,10,4,6,41,1,1294.6286809326093,1340.7068029383584,1119.5873331204089,1059.9818588310443,1001.005563717662,1285.653625039923,957.3485478547854,1251.6409389971252,116.65939503819786,1135.1564335143191,149.13637923302977,1110.317735015437,143.36744565612418,-46.07812200574904,337.28013307782396,-0.03436853002070395,0.35230651765607934,-0.8660254037844386,0.5000000000000001,-2.4492935982947064e-16,1.0,12,285,0,0,0,0,2,-0.9813064702716093,0.19245158197082995,-0.7818314824680299,0.6234898018587334,1340.7068029383584,1241.7776301501117,1204.6930693069305,1021.981287128713,1172.5679207920791,1156.0612200574897,1154.2847141488342,859.7178281699138,800.0309306930692,808.5514851485149,1106.8477766117626,155.38460905658744,1084.7430114370884,147.38637426654944,1068.6584658433585,139.03972473082453,1059.5768357515474,139.4313591605314,1031.0899004007545,133.19668763785393,1024.2440336902353,129.2638200584965,1024.1793362314725,128.3486315477804,984.4525723931531,129.69754382876653,947.1415799239217,142.61906666395947,0.04256080114449223,52.85105078249762,0.26678315663675933,272.6473938038963,0.8457936213904071,593.2346215266688,272.6473938038963,434.9108527626955,593.2346215266688,2025-10-12
2025,10,4,0,42,0,976.634123283296,1294.6286809326093,1340.7068029383584,1119.5873331204089,1059.9818588310443,1241.7776301501117,959.1651485148514,1203.9898690514212,198.23918553664117,1132.0907271372298,152.73856946267531,1111.7734829128074,141.77294344710722,-317.99455764931326,17.468974768444696,-0.24562607204116638,0.018212687143077666,-0.8660254037844386,0.5000000000000001,-2.4492935982947064e-16,1.0,13,286,0,0,0,0,2,-0.9778483415056568,0.20931464596304888,0.0,1.0,1294.6286809326093,936.9958351964228,905.240792079208,1219.0346534653463,881.1469306930694,866.3797253273715,866.7128201852443,908.5347301181732,801.1208910891089,857.259405940594,1112.5103891956016,148.74346911807288,1089.842535094523,141.82819403844763,1060.5784481706235,137.02833683731478,1062.9870926297697,136.03191788389833,1033.0587289356815,131.52210915122333,1025.5526206318787,128.20188326231414,1024.9359961555297,127.85900691849037,985.4276459053434,128.96926031774916,947.4731763609847,142.5482625196128,0.04230359047280485,39.63828808687322,-0.1988462998102466,-242.40053018205026,0.3367218409948558,246.01531140210795,-242.40053018205026,68.09939316512282,246.01531140210795,2025-10-13
2025,10,4,1,42,0,1036.8687767486426,976.634123283296,1294.6286809326093,1340.7068029383584,1119.5873331204089,936.9958351964228,1015.9393165122964,1102.7105269881824,168.91266006312486,1138.06792930906,147.18348487502024,1113.5176045991695,140.61076722660525,60.23465346534658,20.929460236346245,0.061675761709868215,0.020601092896174844,-0.8660254037844386,0.5000000000000001,-2.4492935982947064e-16,1.0,14,287,0,0,0,0,2,-0.9741004551724206,0.22611568550828803,0.7818314824680298,0.6234898018587336,976.634123283296,995.028361545832,957.3485478547854,1172.5679207920791,931.9161386138612,913.8087320344936,915.918332801022,909.5895305014373,844.4324752475247,1022.8663366336633,1118.4875913674316,144.00072669025482,1095.5225514440845,137.6444590332041,1056.0551433691755,135.43453511424266,1066.7354011345835,133.71273922207925,1035.2562297341485,130.5176488180208,1026.9925068693506,127.63366354568635,1026.3502100027206,127.2714063100178,986.4967364692383,128.59099704135218,947.5120720279708,142.5708001414843,0.0420494699646643,41.84041520281062,-0.11572817372640609,-135.6991440434365,0.3304673550616539,257.5420440753753,-135.6991440434365,127.27924624720538,257.5420440753753,2025-10-14
2025,10,4,2,42,0,1042.8459789204726,1036.8687767486426,976.634123283296,1294.6286809326093,1340.7068029383584,995.028361545832,1073.3426636857234,1018.7829596508036,36.6241046552958,1135.2119493239645,149.1547765261535,1110.9762142020654,141.67447171002624,5.977202171829958,-30.496684765250848,0.005764665988470474,-0.028412813351263888,-0.8660254037844386,0.5000000000000001,-2.4492935982947064e-16,1.0,15,288,0,0,0,0,3,-0.970063921851507,0.2428497220959358,0.9749279121818236,-0.22252093395631434,1036.8687767486426,1001.005563717662,959.1651485148514,881.1469306930694,933.7327392739272,913.1055317789844,916.973133184286,958.572979878633,887.8587920792079,1159.2485148514852,1124.4647935392618,139.0963657661976,1101.4997536159146,133.0064385518042,1061.4451116434223,131.39082686852953,1070.6323025505314,131.2604707514322,1037.5730234331036,129.45714245863007,1028.4909931281147,127.06405144499199,1027.286576658741,127.07700991476713,987.3577763961342,128.44564339522645,947.1887316503846,142.2208261859572,0.04179838426413762,41.84041520281062,0.18350974462365577,161.69904822740318,0.3054995658264861,244.0360779303736,161.69904822740318,84.27299904183963,244.0360779303736,2025-10-15
2025,10,4,3,42,0,1104.0244011497923,1042.8459789204726,1036.8687767486426,976.634123283296,1294.6286809326093,1001.005563717662,1285.653625039923,1061.2463856063023,37.16719920616075,1132.6181273288619,149.6154429577296,1095.8404455445543,130.58443705508128,61.17842222931972,-181.6292238901308,0.05866486850977748,-0.14127383951061523,-0.8660254037844386,0.5000000000000001,-2.4492935982947064e-16,1.0,16,289,0,0,0,0,3,-0.965739937654855,0.25951179706979943,0.43388373911755823,-0.900968867902419,1042.8459789204726,1059.9818588310443,1015.9393165122964,931.9161386138612,984.7887788778878,960.4235068668156,966.3451932290004,1007.6674608751198,1058.4089108910891,745.9158415841583,1130.7565852990829,136.66836264219526,1107.7915453757355,130.71131947015502,1067.1820537279534,129.28060873835346,1074.890717631671,130.3030042618899,1040.1373251167283,129.32333312807486,1030.1300313176478,127.14071546394105,1028.3572093284597,127.31554337552237,987.6111957864603,128.6314728544868,948.1834776491783,142.06141012787498,0.041550279329608975,44.04254231874802,0.18468213544614231,172.1082625359311,0.3333070017413178,275.9897476844458,172.1082625359311,96.35694027467252,275.9897476844458,2025-10-16
2025,10,4,4,42,0,1165.8320025550945,1104.0244011497923,1042.8459789204726,1036.8687767486426,976.634123283296,1059.9818588310443,1241.7776301501117,1104.2341275417864,61.49328004940283,1103.4723272649846,113.6919544027957,1089.5116432449697,124.57044686387259,61.807601405302194,-75.94562759501719,0.05598390881662785,-0.06115879828326154,-0.8660254037844386,0.5000000000000001,-2.4492935982947064e-16,1.0,17,290,0,0,0,0,3,-0.9611297838723007,0.27609697309746883,-0.433883739117558,-0.9009688679024191,1104.0244011497923,1119.5873331204089,1073.3426636857234,933.7327392739272,1036.0360396039605,1007.66746087512,1015.8282848930056,1200.9920153305652,1017.4493465346534,676.2970297029703,1137.362966646895,137.1553078713173,1114.397926723548,131.17275363952874,1074.9186958373257,127.95718869438065,1079.5262877370685,131.1753875181409,1042.9616919324421,130.32455933999753,1031.915789861244,127.98803697424515,1027.9665425198434,126.83289199381188,988.4355438754628,129.29750051648716,949.5432970182118,141.79432558292856,0.04130510239500196,46.24466943468565,0.24857140969657787,232.09926328116728,0.4418772631911674,357.28051740657963,232.09926328116728,-35.160012775470705,357.28051740657963,2025-10-17
2025,10,4,5,42,1,1395.7599808367934,1165.8320025550945,1104.0244011497923,1042.8459789204726,1036.8687767486426,1119.5873331204089,936.9958351964228,1221.87212818056,153.72958034782252,1120.3275439156819,149.54332709458936,1127.7419887150006,142.6005289249634,229.92797828169887,458.76414564037054,0.19722222222222197,0.489611723347948,-0.8660254037844386,0.5000000000000001,-2.4492935982947064e-16,1.0,18,291,0,0,0,0,3,-0.9562348265919058,0.2926003356333479,-0.9749279121818236,-0.2225209339563146,1165.8320025550945,1340.7068029383584,1285.653625039923,984.7887788778878,1235.766501650165,1198.678856595337,1210.7072820185244,1154.2847141488342,764.119603960396,775.7524752475248,1145.2277063466715,151.5787986133304,1122.2626664233244,144.82135422843623,1088.6177359026224,139.45757472363974,1085.2403405651623,141.32534763341982,1046.4809977224681,137.09135645026765,1034.1187981805092,132.61168725462568,1030.6496010385983,131.984578698205,991.9446570803318,131.7241291526824,951.2655400892929,143.43342307641103,0.04106280193236711,55.053177898435024,0.417319135609145,410.97120195890557,0.6281652568225262,538.5005748961994,410.97120195890557,241.47526668795922,538.5005748961994,2025-10-18
2025,10,4,6,42,1,1347.479731715107,1395.7599808367934,1165.8320025550945,1104.0244011497923,1042.8459789204726,1340.7068029383584,995.028361545832,1303.0239050356647,121.23926424015373,1182.1351453209838,154.81942586947252,1157.1129362291067,148.93682538529217,-48.28024912168644,352.4513701692749,-0.03459065296652308,0.35421238608889705,-0.8660254037844386,0.5000000000000001,-2.4492935982947064e-16,1.0,19,292,0,0,0,0,3,-0.9510565162951536,0.30901699437494723,-0.7818314824680299,0.6234898018587334,1395.7599808367934,1294.6286809326093,1241.7776301501117,1036.0360396039605,1188.6304950495048,1149.8434493771958,1163.6113701692748,866.7128201852443,807.6606534653465,716.079207920792,1152.777856458457,161.2673713256943,1129.8128165351097,153.99619214506512,1098.9991923063274,146.80687504627255,1090.9135275889341,148.62902458910023,1050.0102170499308,142.24761639806766,1036.307707246531,136.24263543058487,1035.9914556111523,134.9703071349832,994.943651959497,133.636268423718,953.0194304331661,144.40662748990198,0.04082332761578056,52.85105078249762,0.30061086700246475,311.44369211114645,0.31735661195945974,324.6133950814436,311.44369211114645,480.7669115298627,324.6133950814436,2025-10-19
2025,10,4,0,43,0,1016.2724113701692,1347.479731715107,1395.7599808367934,1165.8320025550945,1104.0244011497923,1294.6286809326093,1001.005563717662,1253.170707974023,206.57528364780342,1178.7024177579049,158.86012721704276,1158.3851735334822,147.54077283965495,-331.2073203449378,15.266847652507181,-0.24579762689518792,0.015251511286118458,-0.8660254037844386,0.5000000000000001,-2.4492935982947064e-16,1.0,20,293,0,0,0,0,3,-0.9455963874271428,0.3253420847119795,0.0,1.0,1347.479731715107,976.634123283296,936.9958351964228,1235.766501650165,893.1938613861387,861.7163973171511,873.7078122005748,915.918332801022,808.7506138613861,745.9158415841583,1158.440469042296,154.61007721509347,1135.4754291189488,147.68909035068017,1091.6827226303276,145.2166039461594,1095.3091900883637,144.3225638423372,1052.770145872306,140.00962653825033,1038.004904855693,135.07567494208436,1037.1065009285876,134.38043202340572,996.0965508345458,132.91419014363913,953.770420904794,144.0290843857979,0.040586630286493675,39.638288086873104,-0.17761777001310308,-219.49409027999593,-0.12333516208958284,-142.97610348131604,-219.49409027999593,100.35407856914719,-142.97610348131604,2025-10-20
2025,10,4,1,43,0,1078.7091919514532,1016.2724113701692,1347.479731715107,1395.7599808367934,1165.8320025550945,976.634123283296,1059.9818588310443,1147.4871116789097,175.98969840319336,1184.679619929735,153.30362791261555,1159.94578462685,146.50066700566904,62.4367805812841,18.727333120408957,0.06143705160420998,0.017667597765363308,-0.8660254037844386,0.5000000000000001,-2.4492935982947064e-16,1.0,21,294,0,0,0,0,3,-0.9398560579418953,0.341570769167856,0.7818314824680298,0.6234898018587336,1016.2724113701692,1036.8687767486426,995.028361545832,1188.6304950495048,944.6323432343232,908.886330245928,923.3019354838708,916.973133184286,852.4637623762376,795.6435643564356,1164.417671214126,149.8626968358685,1141.4526312907788,143.19264215169278,1088.0186791937258,144.06831297256795,1100.0976489711181,141.3313799657658,1055.8026969741904,138.66922965963536,1039.8549912422118,134.54895206836295,1038.9035682482227,133.83618415054463,997.3534698877415,132.61774921647043,954.5567143147802,143.93605839740522,0.04035266191929465,41.84041520281062,-0.09247726989662464,-109.92130309805157,0.44615401874361105,332.7933503672949,-109.92130309805157,161.73605876716726,332.7933503672949,2025-10-21
2025,10,4,2,43,0,1084.6863941232832,1078.7091919514532,1016.2724113701692,1347.479731715107,1395.7599808367934,1036.8687767486426,1119.5873331204089,1059.8893324816352,37.89140525084986,1181.45661875865,155.52560311877602,1157.037373043756,147.71611739472556,5.977202171829958,-34.90093899712565,0.005541069100390983,-0.03117303846217434,-0.8660254037844386,0.5000000000000001,-2.4492935982947064e-16,1.0,22,295,0,0,0,0,4,-0.9338372288229252,0.35769823883312546,0.9749279121818236,-0.22252093395631434,1078.7091919514532,1042.8459789204726,1001.005563717662,893.1938613861387,946.4489438943892,908.1831299904184,924.356735867135,966.3451932290004,896.2916435643564,815.5346534653465,1170.394873385956,144.9599249081679,1147.429833462609,138.5503450885421,1094.4017636182973,139.3020492419245,1105.0347007650073,138.1438044018089,1058.954540976563,137.25159112453346,1041.763677650023,134.02696592426727,1040.2184704803813,133.6965705517892,998.4001073908466,132.5591052277268,955.30435803883,143.91094998960386,0.04012137559002027,41.84041520281062,0.21439078459402894,191.49253273714453,0.6038609464242028,408.38936442031286,191.49253273714453,118.34120089428279,408.38936442031286,2025-10-22
2025,10,4,3,43,0,1148.0669434685403,1084.6863941232832,1078.7091919514532,1016.2724113701692,1347.479731715107,1042.8459789204726,1340.7068029383584,1103.820843181092,38.434616941459225,1178.4957755775577,156.05076632795345,1140.984051421271,135.93917898941305,63.38054934525712,-192.63985946981802,0.058432141943188576,-0.1436853002070394,-0.8660254037844386,0.5000000000000001,-2.4492935982947064e-16,1.0,23,296,0,0,0,0,4,-0.9275416835791965,0.3737197147904692,0.43388373911755823,-0.900968867902419,1084.6863941232832,1104.0244011497923,1059.9818588310443,944.6323432343232,998.1742574257426,955.2420312999044,974.1174065793676,1015.8282848930056,1068.44801980198,845.3712871287129,1176.6866651457772,142.53459775378107,1153.72162522243,136.2547445176229,1101.182916959438,136.6869463527709,1110.3880109808215,136.74664140615354,1062.3978429795745,137.02095001395998,1043.8345054701324,134.31270998032116,1041.6877889089985,134.15138632272155,998.8424347445497,132.92647747229282,956.1451793064406,144.15093267579377,0.03989272544418365,44.04254231874802,0.21535849549431907,203.4346002342171,0.4799397747357732,372.31446822101555,203.4346002342171,132.2386585755347,372.31446822101555,2025-10-23
2025,10,4,4,43,0,1212.0766719897797,1148.0669434685403,1084.6863941232832,1078.7091919514532,1016.2724113701692,1104.0244011497923,1294.6286809326093,1148.2766698605344,63.69539789181384,1147.881890769722,118.37220148030066,1134.104717342702,129.38794727510518,64.00972852123937,-82.55200894282962,0.05575435203094781,-0.06376500857632916,-0.8660254037844386,0.5000000000000001,-2.4492935982947064e-16,1.0,24,297,0,0,0,0,4,-0.9209712877166346,0.38963044953078774,-0.433883739117558,-0.9009688679024191,1148.0669434685403,1165.8320025550945,1119.5873331204089,946.4489438943892,1050.090792079208,1002.2269115298628,1023.9891089108912,1210.7072820185244,1027.0868910891088,825.4801980198021,1183.2930464935894,143.0185234528876,1160.3280065702422,136.71383982303223,1110.0371745626176,134.9098299053014,1116.1732209776276,137.52549839090864,1066.1451601306444,138.20982586473812,1046.0736431258333,135.54008299032355,1041.7030043531236,134.17084814762234,999.8701557495534,133.85793016322185,957.2190584008017,144.61407525221634,0.03966666666666652,46.24466943468519,0.2806572185525422,265.62772809539047,0.692657262747743,495.9974640689877,265.62772809539047,1.3693899712552593,495.9974640689877,2025-10-24
2025,10,4,5,43,1,1450.8131587352284,1212.0766719897797,1148.0669434685403,1084.6863941232832,1078.7091919514532,1165.8320025550945,976.634123283296,1270.3189247311827,159.555437757141,1165.104128606409,155.05374072299836,1173.6196369636964,147.99378128358086,238.7364867454487,474.17903545193235,0.1969648391578498,0.48552372290435053,-0.8660254037844386,0.5000000000000001,-2.4492935982947064e-16,1.0,25,298,0,0,0,0,4,-0.9141279881853337,0.4054257283599973,-0.9749279121818236,-0.2225209339563146,1212.0766719897797,1395.7599808367934,1340.7068029383584,998.1742574257426,1252.4983498349834,1192.2020121366977,1218.1093899712553,1163.6113701692748,771.3477623762376,875.2079207920791,1191.1577861933658,157.43655952723094,1168.1927462700187,150.37336036845647,1125.1251379396003,146.7586294166939,1123.255892724065,149.40038692963557,1070.763216319904,146.5663012559961,1048.8439260873092,141.3521447312521,1044.8941353371895,140.3748848372153,1003.6449635071033,136.92297910634198,958.8179618395327,146.86926723445654,0.03944315545243615,55.053177898435024,0.45346681497960706,452.63890130948585,0.9450091791240496,704.8973171510701,452.63890130948585,287.2017885659536,704.8973171510701,2025-10-25
2025,10,4,6,43,1,1400.3307824976046,1450.8131587352284,1212.0766719897797,1148.0669434685403,1084.6863941232832,1395.7599808367934,1036.8687767486426,1354.406871074204,125.81944109004196,1229.113857127648,160.5026723354829,1203.9081374427765,154.51159970848332,-50.48237623762384,363.46200574896193,-0.03479591836734697,0.35053809498313426,-0.8660254037844386,0.5000000000000001,-2.4492935982947064e-16,1.0,26,299,0,0,0,0,4,-0.9070138128026362,0.42110087079608916,-0.7818314824680299,0.6234898018587334,1450.8131587352284,1347.479731715107,1294.6286809326093,1050.090792079208,1204.6930693069305,1143.625678696902,1168.496761418077,873.7078122005748,815.2903762376237,1044.2821782178216,1198.7079363051512,167.1503215765405,1175.742896381804,159.5816340806779,1136.79980428688,154.3198450429149,1130.2429539094462,157.6945464824875,1075.3472360306307,152.76967437702802,1051.6038549096845,145.9064709457958,1050.7455016738234,144.0857901077827,1006.8951879863255,139.34914894732688,959.8069857403098,148.63460377907398,0.039222148978246496,52.85105078249762,0.3335330554845757,350.2399904183965,0.7599976235970392,604.687218141169,350.2399904183965,526.6229702970297,604.687218141169,2025-10-26
2025,10,4,0,44,0,1055.9106994570425,1400.3307824976046,1450.8131587352284,1212.0766719897797,1148.0669434685403,1347.479731715107,1042.8459789204726,1302.351546896625,214.91146093846655,1225.3141083785797,164.98283614432512,1204.9968641541573,153.31493959152215,-344.4200830405621,13.064720536569894,-0.24595623215984774,0.012527948326649607,-0.8660254037844386,0.5000000000000001,-2.4492935982947064e-16,1.0,27,300,0,0,0,0,4,-0.8996308696522434,0.4366512319560638,0.0,1.0,1400.3307824976046,1016.2724113701692,976.634123283296,1252.4983498349834,905.240792079208,857.0530693069309,875.7063813478122,923.3019354838708,816.3803366336633,1183.519801980198,1204.3705488889902,160.4780638400335,1181.405508965643,153.25404061014018,1130.2468826076156,153.40868259946487,1135.624022030083,152.20757463106665,1078.8982651404542,149.88728031451336,1053.7491444109849,144.60806994648965,1052.2189323846364,143.44450651369212,1008.2259122242333,138.6616603640319,959.4525160110788,148.2512677257048,0.03900360537528691,39.63828808687333,-0.15695641467618804,-196.58765037794092,0.2947465751090981,240.37604599169595,-196.58765037794092,132.60876397317168,240.37604599169595,2025-10-27
2025,10,4,1,44,0,1120.549607154264,1055.9106994570425,1400.3307824976046,1450.8131587352284,1212.0766719897797,1016.2724113701692,1104.0244011497923,1192.2636963696368,183.06687669923022,1231.2913105504101,159.4250708868707,1206.37396465453,152.39700598993335,64.63890769722161,16.525206004471784,0.06121626358219445,0.014968152866242423,-0.8660254037844386,0.5000000000000001,-2.4492935982947064e-16,1.0,28,301,0,0,0,0,4,-0.8919813464595487,0.45207220393230374,0.7818314824680298,0.6234898018587336,1055.9106994570425,1078.7091919514532,1036.8687767486426,1204.6930693069305,957.3485478547854,906.4837293729372,923.6535356116256,924.356735867135,860.4950495049504,785.3465346534653,1210.3477510608204,155.7264368844545,1187.3827111374733,148.74883557589868,1127.44210053586,152.76850769679265,1141.4526312907788,148.1999142815729,1082.720870100835,148.1295868098943,1056.093145262683,144.0686710008231,1054.3988531767154,142.96953823639362,1009.6706597667293,138.4684689777953,960.3836356569144,148.20736287295355,0.03878748370273821,41.840415202810846,-0.06984639016897043,-84.14346215266642,0.32551178897995103,275.1783200255512,-84.14346215266642,196.19287128712915,275.1783200255512,2025-10-28
2025,10,4,2,44,0,1126.5268093260938,1120.549607154264,1055.9106994570425,1400.3307824976046,1450.8131587352284,1078.7091919514532,1165.8320025550945,1100.9957053124665,39.158971528748026,1227.7012881933356,161.8973390849121,1203.0985318854466,153.76383833863468,5.977202171829731,-39.30519322900068,0.00533417006589243,-0.03371428571428603,-0.8660254037844386,0.5000000000000001,-2.4492935982947064e-16,1.0,29,302,0,0,0,0,5,-0.8840675099433637,0.46735921715800205,0.9749279121818236,-0.22252093395631434,1120.549607154264,1084.6863941232832,1042.8459789204726,905.240792079208,959.1651485148514,908.3003300330032,922.9503353561162,974.1174065793676,905.4628553177896,712.0475247524753,1216.3249532326504,150.82518793494052,1193.3599133093032,144.1028494063771,1134.8183011107562,146.89938588211842,1147.429833462609,143.88787987396015,1086.617771516783,146.31700487164844,1058.5166747147066,143.51316729944685,1056.0922909850126,142.9105536395677,1010.8987928445533,138.5193877988947,961.5349670029522,147.88237978710174,0.03857374392220425,41.84041520281062,0.24444989574389786,221.28601724688588,0.3646927110165157,301.04661130629177,221.28601724688588,152.4094027467262,301.04661130629177,2025-10-29
2025,10,4,3,44,0,1192.1094857872883,1126.5268093260938,1120.549607154264,1055.9106994570425,1400.3307824976046,1084.6863941232832,1395.7599808367934,1146.3953007558819,39.70228924465314,1224.3734238262534,162.48688666683447,1186.1276572979878,141.30003409826645,65.58267646119452,-203.65049504950503,0.05821670280570346,-0.14590652966523043,-0.8660254037844386,0.5000000000000001,-2.4492935982947064e-16,1.0,30,303,0,0,0,0,5,-0.8758917051442433,0.48250774176121763,0.43388373911755823,-0.900968867902419,1126.5268093260938,1148.0669434685403,1104.0244011497923,957.3485478547854,1015.9393165122964,958.0178217821784,970.7864580006388,1023.9891089108912,1080.245129351645,816.760396039604,1222.6167449924717,148.40235305606294,1199.6517050691243,141.8069442039426,1142.6436657085064,143.3290323830567,1153.72162522243,141.76122106993463,1090.7979798025885,145.91956863585216,1061.1514726645476,143.91420341569273,1057.960295172528,143.58339227514173,1011.520261491418,139.08204650565335,962.5776033633624,148.18169747024382,0.03836234687298523,44.04254231874802,0.24521992377651003,234.760937932503,0.36208717662016543,316.90156499520924,234.760937932503,168.12037687639713,316.90156499520924,2025-10-30
2025,10,4,4,44,0,1258.3213414244651,1192.1094857872883,1126.5268093260938,1120.549607154264,1055.9106994570425,1148.0669434685403,1347.479731715107,1192.3192121792822,65.89751635401922,1192.2914542744597,123.05440474446962,1178.6977914404345,134.21072211163622,66.21185563717677,-89.15839029064182,0.05554175721825527,-0.06616677653263003,-0.8660254037844386,0.5000000000000001,-2.4492935982947064e-16,1.0,31,304,0,1,0,0,5,-0.867456354729597,0.4975132889071803,-0.433883739117558,-0.9009688679024191,1192.1094857872883,1212.0766719897797,1165.8320025550945,959.1651485148514,1073.3426636857234,1007.9265346534656,1018.548559565634,1218.1093899712553,1039.255956563398,753.9326732673267,1229.223126340284,148.88349220186598,1206.2580864169365,142.2638547063258,1152.6155388054935,140.50241683865946,1160.3280065702422,142.18621932299712,1095.269315637785,147.1650544669026,1064.0059105438193,145.4289153499045,1058.4070946331192,144.14879201971823,1012.7372914073129,140.27940790130145,963.9786829971324,148.58741286521996,0.03815325424815641,46.24466943468542,0.3118922673252047,299.15619290961376,0.20496295701600875,214.03916320664348,299.15619290961376,40.21195145320985,214.03916320664348,2025-10-31
2025,11,4,5,44,1,1505.8663366336634,1258.3213414244651,1192.1094857872883,1126.5268093260938,1120.549607154264,1212.0766719897797,1016.2724113701692,1318.7657212818056,165.3813249902018,1209.8807132971363,160.56430811131648,1219.4972852123922,153.39188250280623,247.5449952091983,489.59392526349427,0.19672637430512663,0.48175461597290536,-0.5000000000000004,0.8660254037844384,-2.4492935982947064e-16,1.0,1,305,1,0,0,0,1,-0.858763958275803,0.5123714121284235,-0.9749279121818236,-0.2225209339563146,1258.3213414244651,1450.8131587352284,1395.7599808367934,1015.9393165122964,1285.653625039923,1202.3028052805282,1211.6325455126157,1168.496761418077,781.1074417119131,785.3465346534653,1237.0878660400601,163.2963103952221,1214.122826116713,155.93273559906783,1168.9464394762058,152.06529132103967,1168.1927462700187,154.89723921072996,1100.6900929833766,156.47559348028645,1067.508693771451,152.40365858473643,1062.155645468848,151.25524223219088,1016.7637297124337,143.9472197135448,965.9801268915215,151.007493217701,0.0379464285714286,55.053177898435024,0.4822404371584701,489.92702012136704,0.27236260357801667,322.34653465346537,489.92702012136704,337.36957521558634,322.34653465346537,2025-11-01
2025,11,4,6,44,1,1452.0567128712871,1505.8663366336634,1258.3213414244651,1192.1094857872883,1126.5268093260938,1450.8131587352284,1078.7091919514532,1405.4147969764717,130.19689858839794,1275.9050488661771,165.94677308109908,1250.6095786223784,159.96211721118513,-53.809623762376305,373.34752091983387,-0.035733333333333395,0.34610581211830094,-0.5000000000000004,0.8660254037844384,-2.4492935982947064e-16,1.0,2,306,0,0,0,0,1,-0.8498170915275277,0.5270777086423724,-0.7818314824680299,0.6234898018587334,1505.8663366336634,1400.3307824976046,1347.479731715107,1073.3426636857234,1241.7776301501117,1156.5053465346534,1162.2789907377835,875.7063813478122,826.2603002235707,837.7029702970298,1244.477284664872,172.80781266735312,1221.5926104850116,165.05070016036552,1181.5702411157245,159.3978178617402,1175.7027135100604,163.45800283868618,1105.9677959536737,163.23084330001674,1070.9584285587546,157.76017909491543,1068.559538041331,155.41621636807793,1020.2403764493654,146.84838684710297,967.6866650653391,153.01190097226774,0.03693836557775665,51.72593037368256,0.3528361090996861,378.7140491855637,0.848937569339385,666.7101782178219,378.7140491855637,576.3503315234749,666.7101782178219,2025-11-02
2025,11,4,0,45,0,1093.8613069306932,1452.0567128712871,1505.8663366336634,1258.3213414244651,1192.1094857872883,1400.3307824976046,1084.6863941232832,1350.594785478548,223.95965743371266,1271.4569988289152,171.21773114588018,1251.3741546896624,159.1166441710414,-358.1954059405939,9.17491280741001,-0.24668141592920345,0.008458585686258013,-0.5000000000000004,0.8660254037844384,-2.4492935982947064e-16,1.0,3,307,0,0,0,0,1,-0.8406184056344783,0.5416278206559811,0.0,1.0,1452.0567128712871,1055.9106994570425,1016.2724113701692,1285.653625039923,936.9958351964228,869.1000000000001,871.0430533375918,923.6535356116256,828.0183008623442,858.6455445544555,1249.8988000182508,166.38174309102277,1227.1346744536204,158.8108299507083,1175.1771638454165,158.92479560131676,1181.3050517862846,157.55519119113825,1109.9813907202931,160.0326707982513,1073.6110268158152,156.22404702999668,1070.4507355004318,154.66688964864605,1021.7172820386339,146.23991940330384,968.3400421830509,153.04718090189755,0.03594111461619365,37.950607473650734,-0.1491788413098234,-191.79231810922988,0.536219520334609,381.81378217821793,-191.79231810922988,170.20777131906766,381.81378217821793,2025-11-03
2025,11,4,1,45,0,1159.7178613861386,1093.8613069306932,1452.0567128712871,1505.8663366336634,1258.3213414244651,1055.9106994570425,1148.0669434685403,1235.2119603960396,190.65808781225627,1276.9888408389227,166.05711345480168,1252.345064516129,158.46317472866295,65.85655445544535,11.650917917598235,0.06020558002936838,0.010148291424887157,-0.5000000000000004,0.8660254037844384,-2.4492935982947064e-16,1.0,4,308,0,0,0,0,1,-0.8311706263658079,0.5560174366570446,0.7818314824680298,0.6234898018587336,1093.8613069306932,1120.549607154264,1078.7091919514532,1241.7776301501117,995.028361545832,919.1999339933992,918.7311338230596,922.9503353561162,873.4487384222293,890.0594059405942,1255.4942649085185,161.90508022227047,1232.9210079846694,154.40147365606654,1172.441838219951,158.44443568459616,1187.186819637724,153.3619018532526,1114.2763537094493,158.03441520712906,1076.4799164296612,155.55688262018126,1073.0814857896542,154.14256266258343,1023.3076660551002,146.17506401619306,969.0890934481774,153.32262881217716,0.034954502667084775,39.16825423187447,-0.06608249880782069,-82.05976876397312,0.41989972458202396,342.9574653465346,-82.05976876397312,236.7675260300224,342.9574653465346,2025-11-04
2025,11,4,2,45,0,1164.8043432343234,1159.7178613861386,1093.8613069306932,1452.0567128712871,1505.8663366336634,1120.549607154264,1212.0766719897797,1139.4611705170516,39.572449301502616,1272.437983746762,169.1930373460325,1248.4057037865077,160.13402536805344,5.086481848184803,-47.27232875545633,0.004385964912280604,-0.0390011043425601,-0.5000000000000004,0.8660254037844384,-2.4492935982947064e-16,1.0,5,309,0,0,0,0,1,-0.8214765533024145,0.5702422926917867,0.9749279121818236,-0.22252093395631434,1159.7178613861386,1126.5268093260938,1084.6863941232832,936.9958351964228,1001.005563717662,921.0165346534652,918.0279335675502,970.7864580006388,919.0642286809326,869.1168316831684,1260.9624840382655,157.40726230672539,1238.643718635458,149.90393931872217,1180.0354551545477,152.1034309196476,1193.0367760490335,149.06074685806104,1118.6297074341073,155.9580728588542,1079.4177308304563,154.85704717031172,1075.2372400700285,154.05253341292416,1024.67288891373,146.34349386664337,969.9104476469307,153.5773745024719,0.03397836038285473,38.27753390822954,0.24312648944714343,227.80850803790054,0.5449713011990811,410.8716699669967,227.80850803790054,194.01788523368452,410.8716699669967,2025-11-05
2025,11,4,3,45,0,1231.4640264026402,1164.8043432343234,1159.7178613861386,1093.8613069306932,1452.0567128712871,1126.5268093260938,1450.8131587352284,1185.3287436743674,40.03518838113132,1267.9617645764577,169.99457979212065,1230.1266094254586,146.90154588337535,66.65968316831686,-219.34913233258817,0.05722822339692035,-0.1511904761904762,-0.5000000000000004,0.8660254037844384,-2.4492935982947064e-16,1.0,6,310,0,0,0,0,1,-0.8115390590073611,0.5842981736283683,0.43388373911755823,-0.900968867902419,1164.8043432343234,1192.1094857872883,1148.0669434685403,995.028361545832,1059.9818588310443,971.4033003300332,965.6049824337272,1018.548559565634,1096.4372404982432,921.4732673267326,1266.5845612690302,155.22588203936894,1244.6006531307507,147.66804980279963,1187.916643983108,148.26374872141102,1199.1611391765905,146.8986413426548,1123.2736489711183,155.3651937575107,1082.582719449134,155.21930902780898,1077.6029674793285,154.80519813327683,1025.42303772431,147.05773615310036,970.771533088808,154.17291924192168,0.03301252199110016,39.35454061535188,0.23761701072469155,236.43566485680822,0.5680517734072954,446.117491749175,236.43566485680822,212.9154668370062,446.117491749175,2025-11-06
2025,11,4,4,45,0,1298.6591287128713,1231.4640264026402,1164.8043432343234,1159.7178613861386,1093.8613069306932,1192.1094857872883,1400.3307824976046,1231.6424994499448,66.9275712120964,1233.4272299229924,127.81136416634587,1221.6539716100642,138.90694222532133,67.19510231023105,-101.67165378473328,0.054565217391304266,-0.07260545512210592,-0.5000000000000004,0.8660254037844384,-2.4492935982947064e-16,1.0,7,311,0,0,0,0,1,-0.8013610881746769,0.5981809144059159,-0.433883739117558,-0.9009688679024191,1231.4640264026402,1258.3213414244651,1212.0766719897797,1001.005563717662,1119.5873331204089,1021.981287128713,1013.1080102203769,1211.6325455126157,1054.8003832641327,1099.4851485148515,1272.3471023102309,155.61624575064437,1250.7851143252574,148.0138069735863,1197.8384294829484,145.25327790660936,1205.55656044775,147.20372782436002,1128.2143247136926,156.48071836829644,1085.9821375264255,156.7982890041631,1078.569929514887,155.91958245161624,1026.7778085323587,148.44660420616393,971.3247941449135,154.99130756703937,0.03205682520074116,40.33778728840616,0.2973545560423716,297.6535649952093,0.5502620555975792,460.9561584158415,297.6535649952093,87.02658320025557,460.9561584158415,2025-11-07
2025,11,4,5,45,1,1552.715511551155,1298.6591287128713,1231.4640264026402,1164.8043432343234,1159.7178613861386,1258.3213414244651,1055.9106994570425,1360.946222222222,169.44140784033917,1250.203696369637,163.79022013693321,1263.054372617907,157.77127204311506,254.05638283828375,496.80481209411255,0.19562976705833846,0.47049889005724954,-0.5000000000000004,0.8660254037844384,-2.4492935982947064e-16,1.0,8,312,0,0,0,0,2,-0.7909456567567774,0.6118864012687242,-0.9749279121818236,-0.2225209339563146,1298.6591287128713,1505.8663366336634,1450.8131587352284,1059.9818588310443,1340.7068029383584,1219.0346534653463,1205.1557010539764,1162.2789907377835,792.765761737464,1246.0831683168317,1279.0398415841585,167.85914652743452,1258.0638538121093,160.57927762942643,1214.2628845736185,156.54649580218958,1213.128300041064,159.363291774242,1134.1729114652248,166.0616805631308,1090.1197543180585,164.3832218137536,1082.90811307948,163.5211075202566,1030.9997515868793,152.50524204938014,972.176550653898,157.3303523025432,0.03111111111111109,46.84917491749161,0.46485102420856617,492.73365272011074,0.8083311808912339,694.0699669966996,492.73365272011074,390.43652081337154,694.0699669966996,2025-11-08
2025,11,4,6,45,1,1497.031920792079,1552.715511551155,1298.6591287128713,1231.4640264026402,1164.8043432343234,1505.8663366336634,1120.549607154264,1449.4688536853682,133.53967736096035,1317.398798679868,169.42627898392135,1294.4278987543914,164.16062651230487,-55.68359075907597,376.48231363781497,-0.035862068965517246,0.3359800505342423,-0.5000000000000004,0.8660254037844384,-2.4492935982947064e-16,1.0,9,313,0,0,0,0,2,-0.780295851070776,0.6254105729852457,-0.7818314824680299,0.6234898018587334,1552.715511551155,1452.0567128712871,1400.3307824976046,1119.5873331204089,1294.6286809326093,1172.5679207920791,1156.0612200574897,871.0430533375918,838.5663046949857,874.6782178217821,1285.4648712871287,176.23700909009315,1264.9710779760005,169.02709815777274,1226.844370829341,163.68002943076885,1220.3569871789023,167.57592317466793,1139.9669114652247,172.94345033839969,1094.1789293268037,170.14020421599312,1089.8635449400854,167.66882431088945,1034.6578938985297,155.72683315288714,973.9053109399266,159.65806783729192,0.030973451327433565,44.975207920791945,0.3371283119287283,377.4445876716702,0.6819460710153953,606.9725148514849,377.4445876716702,625.9888674544873,606.9725148514849,2025-11-09
2025,11,4,0,46,0,1127.5927128712872,1497.031920792079,1552.715511551155,1298.6591287128713,1231.4640264026402,1452.0567128712871,1126.5268093260938,1392.446715071507,231.05388425876853,1312.044607260726,175.79384976802584,1294.5167240498242,164.06177689136726,-369.4392079207919,1.0659035451933505,-0.2467811158798282,0.0009461856889416698,-0.5000000000000004,0.8660254037844384,-2.4492935982947064e-16,1.0,10,314,0,0,0,0,2,-0.7694148268839381,0.6387494220515268,0.0,1.0,1497.031920792079,1093.8613069306932,1055.9106994570425,1340.7068029383584,976.634123283296,881.1469306930694,866.3797253273715,918.7311338230596,840.3243053337592,793.0415841584158,1290.2836435643565,170.49244792810075,1270.0912217913035,163.19210717291915,1219.7405678271055,163.1918404239865,1225.7483653784732,161.7721456710183,1144.3677290041217,169.33558994684998,1097.2886077499456,168.30372393569002,1092.1842291517323,166.71629570886984,1036.2538294959604,155.19521694633343,974.8346196307956,159.57602282824703,0.03083700440528614,33.73140594059396,-0.15895652173913044,-213.11409006707117,0.29740061608005397,258.4758811881188,-213.11409006707117,208.86157904822755,258.4758811881188,2025-11-10
2025,11,4,1,46,0,1195.3232343234322,1127.5927128712872,1497.031920792079,1552.715511551155,1298.6591287128713,1093.8613069306932,1192.1094857872883,1273.3159559955993,196.68116473791196,1317.1310891089108,171.05925163262393,1294.7845364278362,163.8819359611676,67.73052145214501,3.2137485361438394,0.06006647673314314,0.002695850150056911,-0.5000000000000004,0.8660254037844384,-2.4492935982947064e-16,1.0,11,315,0,0,0,0,2,-0.7583058084785625,0.6518989958787125,0.7818314824680298,0.6234898018587336,1127.5927128712872,1159.7178613861386,1120.549607154264,1294.6286809326093,1036.8687767486426,931.9161386138612,913.8087320344936,918.0279335675502,886.4024273395081,909.6653465346535,1295.3701254125413,166.43066552739384,1275.4321951605295,159.0935437108766,1216.4303862734662,162.626606836288,1231.4074531490016,157.6387823616872,1149.0714271417924,166.96878363896113,1100.639970872433,167.40659598983316,1095.26528804902,166.02245839778726,1037.9700562014268,155.2369222744315,975.6281137635422,159.96082008400236,0.030701754385964897,35.60537293729362,-0.07670573661139701,-99.30544660917712,0.29718709886306316,273.84996699669955,-99.30544660917712,277.29530075588195,273.84996699669955,2025-11-11
2025,11,4,2,46,0,1200.409716171617,1195.3232343234322,1127.5927128712872,1497.031920792079,1552.715511551155,1159.7178613861386,1258.3213414244651,1174.4418877887786,40.65220740915111,1311.9553707370737,174.60277360295626,1289.9585676567656,165.8936517750208,5.086481848184803,-57.911625252848125,0.004255319148936065,-0.04602292224281124,-0.5000000000000004,0.8660254037844384,-2.4492935982947064e-16,1.0,12,316,0,0,0,0,2,-0.7469720876965551,0.6648553979642867,0.9749279121818236,-0.22252093395631434,1195.3232343234322,1164.8043432343234,1126.5268093260938,976.634123283296,1042.8459789204726,933.7327392739272,913.1055317789844,965.6049824337272,932.6656020440754,839.6910891089108,1300.456607260726,162.26724270556377,1280.7095456494958,154.94551793971172,1223.8895727030765,156.25578218731997,1237.0347294793994,153.41403546131073,1153.8335160149657,164.5001541312636,1104.060258781869,166.4612024270719,1097.8742295349966,165.80679868854637,1039.457523502135,155.50478659605082,976.6301099498276,160.23647234312045,0.03056768558951961,35.60537293729362,0.2291294022535495,223.77559288832094,0.09179257017986187,100.92456765676548,223.77559288832094,234.80473373788982,100.92456765676548,2025-11-12
2025,11,4,3,46,0,1268.9433663366335,1200.409716171617,1195.3232343234322,1127.5927128712872,1497.031920792079,1164.8043432343234,1505.8663366336634,1221.5587722772273,41.11499592643411,1307.0027436743674,175.47462160145542,1270.2149867986798,151.32010226744134,68.53365016501652,-236.9229702970299,0.05709188224799289,-0.15733333333333344,-0.5000000000000004,0.8660254037844384,-2.4492935982947064e-16,1.0,13,317,0,0,0,0,2,-0.7354170229639858,0.6776147890466887,0.43388373911755823,-0.900968867902419,1200.409716171617,1231.4640264026402,1192.1094857872883,1036.8687767486426,1104.0244011497923,984.7887788778878,960.4235068668156,1013.1080102203769,1112.6293516448418,874.6782178217821,1305.810798679868,160.21672036724127,1286.197679974449,152.91331722347826,1231.6253923560098,152.37408522227494,1242.9246925217867,151.26912937126016,1158.9077050767287,163.5708820161251,1107.7331142517478,166.6572965381469,1100.716844602955,166.5286932768671,1040.3259346948673,156.34986390656206,977.7252909179243,160.88376292975673,0.030434782608695476,37.47933993399329,0.22382252681551273,232.07458958799089,0.018345643855121274,22.860198019801828,232.07458958799089,255.83535611625666,22.860198019801828,2025-11-13
2025,11,4,4,46,0,1338.0124356435642,1268.9433663366335,1200.409716171617,1195.3232343234322,1127.5927128712872,1231.4640264026402,1452.0567128712871,1269.121839383938,68.8015333476831,1271.218897689769,131.80337554746123,1260.711297029703,142.16563520019633,69.06906930693071,-114.04427722772289,0.05443037974683551,-0.07853982300884965,-0.5000000000000004,0.8660254037844384,-2.4492935982947064e-16,1.0,14,318,0,0,0,0,2,-0.7236440382959123,0.690173388242972,-0.433883739117558,-0.9009688679024191,1268.9433663366335,1298.6591287128713,1258.3213414244651,1042.8459789204726,1165.8320025550945,1036.0360396039605,1007.66746087512,1205.1557010539764,1070.3448099648674,932.990099009901,1311.432699669967,160.61389705130136,1291.889900990099,153.27861332292096,1241.4642742467795,149.26191071390596,1249.0739937035178,151.51861433439217,1164.3001407202933,164.42193557751844,1111.6657925228005,168.15843837727945,1102.1930305428393,168.04682023700823,1041.812977059749,157.90215478201827,978.8503529641289,161.98246914691217,0.030303030303030276,39.35330693069295,0.2830393583419102,295.16645672309164,0.5297196253219005,463.3342178217821,295.16645672309164,132.85673458958786,463.3342178217821,2025-11-14
2025,11,4,5,46,1,1599.5646864686466,1338.0124356435642,1268.9433663366335,1200.409716171617,1195.3232343234322,1298.6591287128713,1093.8613069306932,1402.1734961496147,174.39924195766324,1288.3076919691969,168.48022037924613,1302.8532453245323,161.80603450254853,261.5522508250824,505.7033795379534,0.19547819127651045,0.4623103279490941,-0.5000000000000004,0.8660254037844384,-2.4492935982947064e-16,1.0,15,319,0,0,0,0,3,-0.7116566222817751,0.7025274741691566,-0.9749279121818236,-0.2225209339563146,1338.0124356435642,1552.715511551155,1505.8663366336634,1104.0244011497923,1395.7599808367934,1235.766501650165,1198.678856595337,1156.0612200574897,804.424081763015,956.3148514851486,1318.1254389438943,172.85352216562657,1298.5826402640264,164.9422026770102,1257.982283757408,160.5223444624341,1256.3527331903697,163.26603474767836,1170.7965368777661,174.1935139361958,1116.4382428784354,176.15619652532155,1107.1208468362966,175.96052883927237,1046.2304248636692,162.2854266425676,980.6371580613054,165.24807100489502,0.030172413793103425,46.84917491749161,0.44884903341155424,495.54028531885433,1.0169997619558901,806.5231023102308,495.54028531885433,443.503466411157,806.5231023102308,2025-11-15
2025,11,4,6,46,1,1542.007128712871,1599.5646864686466,1338.0124356435642,1268.9433663366335,1200.409716171617,1552.715511551155,1159.7178613861386,1493.194750275027,137.4386452002848,1357.3767612761274,174.26348153486373,1334.7106842684268,168.5556842512836,-57.55755775577563,382.28926732673244,-0.035983263598326376,0.32963988919667564,-0.5000000000000004,0.8660254037844384,-2.4492935982947064e-16,1.0,16,320,0,0,0,0,3,-0.6994583270516471,0.7146733860429608,-0.7818314824680299,0.6234898018587334,1599.5646864686466,1497.031920792079,1452.0567128712871,1165.8320025550945,1347.479731715107,1188.6304950495048,1149.8434493771958,866.3797253273715,850.8723091664004,991.3019801980199,1324.5504686468646,181.24410586743028,1305.0076699669967,172.9384838231429,1270.521454629334,167.61170059575431,1263.300140226004,171.23185403454258,1177.1068339074689,181.11449207935274,1121.106858108622,182.14702025903253,1114.6278179850244,179.94148428673333,1050.0700627500385,165.77598510761013,982.1668945849577,167.87518689196045,0.030042918454935563,44.975207920791945,0.3226666666666662,376.1751261577765,0.6951367165816607,632.3417821782175,376.1751261577765,675.6274033854995,632.3417821782175,2025-11-16
2025,11,4,0,47,0,1161.3241188118811,1542.007128712871,1599.5646864686466,1338.0124356435642,1268.9433663366335,1497.031920792079,1164.8043432343234,1434.298644664466,238.14814073815134,1351.7102420242022,181.00908339642518,1334.4206655665564,168.87729075349714,-380.6830099009899,-3.480224422442234,-0.24687499999999984,-0.0029878188922086713,-0.5000000000000004,0.8660254037844384,-2.4492935982947064e-16,1.0,17,321,0,0,0,0,3,-0.6870527672236675,0.726607524768565,0.0,1.0,1542.007128712871,1127.5927128712872,1093.8613069306932,1395.7599808367934,1016.2724113701692,893.1938613861387,861.7163973171511,913.8087320344936,852.6303098051741,967.9772277227723,1329.3692409240923,175.49192537292973,1309.8264422442244,167.45549070012746,1262.7069258951701,167.0354233589415,1268.4805583489226,165.5825153142772,1181.8948742186428,176.96912714382475,1124.6736166978449,179.92638918548502,1117.3779889492175,178.7251040536467,1051.7850283556313,165.31814318360006,982.7039692824275,168.13873979141675,0.029914529914529808,33.73140594059396,-0.16796287703016244,-234.43586202491224,0.3830373263151938,321.63302970297036,-234.43586202491224,247.51538677738756,321.63302970297036,2025-11-17
2025,11,4,1,47,0,1230.928607260726,1161.3241188118811,1542.007128712871,1599.5646864686466,1338.0124356435642,1127.5927128712872,1231.4640264026402,1311.4199515951593,202.70429421054445,1356.796723872387,176.27396957428937,1334.3760473047303,168.9070334263067,69.6044884488449,-0.5354191419141898,0.059935454126325505,-0.00043478260869567187,-0.5000000000000004,0.8660254037844384,-2.4492935982947064e-16,1.0,18,322,0,0,0,0,3,-0.6744436188329457,0.7383263540031063,0.7818314824680298,0.6234898018587336,1161.3241188118811,1195.3232343234322,1159.7178613861386,1347.479731715107,1078.7091919514532,944.6323432343232,908.886330245928,913.1055317789844,899.356116256787,1026.289108910891,1334.4557227722773,171.42812663713474,1314.912924092409,163.5819032460108,1258.8218884133576,166.34973280099584,1273.9169660385394,161.57142944255094,1187.007307504829,174.10242992036373,1128.5074533289735,178.69986519600886,1120.9093564545701,177.78098971213012,1053.6270977500976,165.4574310126388,983.2724123333992,168.6317024908046,0.029787234042553346,35.60537293729385,-0.08649564198344684,-116.5511244543809,0.40729308467989167,356.2503894389439,-116.5511244543809,317.8230754817416,356.2503894389439,2025-11-18
2025,11,4,2,47,0,1236.0150891089108,1230.928607260726,1161.3241188118811,1542.007128712871,1599.5646864686466,1195.3232343234322,1298.6591287128713,1209.422605060506,41.73207829663704,1351.3086776677667,180.0287980887258,1329.155710671067,171.06553826432815,5.086481848184803,-62.64403960396044,0.004132231404958775,-0.048237476808905444,-0.5000000000000004,0.8660254037844384,-2.4492935982947064e-16,1.0,19,323,0,0,0,0,3,-0.661634618242279,0.749826401204568,0.9749279121818236,-0.22252093395631434,1230.928607260726,1200.409716171617,1164.8043432343234,1016.2724113701692,1084.6863941232832,946.4489438943892,908.1831299904184,960.4235068668156,946.2669754072182,1224.549504950495,1339.542204620462,167.2656250804004,1319.999405940594,159.61433761900588,1266.1466443379823,160.01886896128823,1279.321562288026,157.48654220658133,1192.1781315265166,171.10216121608923,1132.4102147470508,177.4052574411349,1123.971485146149,177.35861189070602,1055.2368094928847,165.81617467010224,983.3042611782837,168.67847477956974,0.029661016949152685,35.60537293729385,0.2162241887905605,219.7426777387417,0.3247890737753629,303.02499009900987,219.7426777387417,275.5915822420952,303.02499009900987,2025-11-19
2025,11,4,3,47,0,1306.422706270627,1236.0150891089108,1230.928607260726,1161.3241188118811,1542.007128712871,1200.409716171617,1552.715511551155,1257.7888008800876,42.19491248423206,1346.043722772277,180.95495714809556,1308.631310231023,155.90801336824293,70.40761716171619,-246.292805280528,0.05696339614468271,-0.1586206896551724,-0.5000000000000004,0.8660254037844384,-2.4492935982947064e-16,1.0,20,324,0,0,0,0,3,-0.6486295610349818,0.7611042586607742,0.43388373911755823,-0.900968867902419,1236.0150891089108,1268.9433663366335,1231.4640264026402,1078.7091919514532,1148.0669434685403,998.1742574257426,955.2420312999044,1007.66746087512,1128.8214627914406,1387.8227722772276,1344.8963960396038,165.21640840872482,1325.3535973597359,157.66128452127057,1273.737094815288,156.1758545446772,1284.9771252452433,155.4283689266724,1197.6825681130324,169.69999261572315,1136.5909370681306,177.31774959290306,1127.2909878727658,177.9521768551569,1056.2234830677692,166.78206594274994,983.078149883821,168.1885589416608,0.029535864978903037,37.479339933993515,0.21109814954596384,227.71351431917378,0.36610103277363515,350.1078547854785,227.71351431917378,298.755245395507,350.1078547854785,2025-11-20
2025,11,4,4,47,0,1377.3657425742574,1306.422706270627,1236.0150891089108,1230.928607260726,1161.3241188118811,1268.9433663366335,1497.031920792079,1306.6011793179316,70.6754957410556,1309.0105654565457,135.79612956830175,1298.6591287128713,146.29257553886848,70.94303630363038,-119.66617821782165,0.05430327868852469,-0.07993562231759643,-0.5000000000000004,0.8660254037844384,-2.4492935982947064e-16,1.0,21,325,0,0,0,0,3,-0.6354323008901775,0.7721565844991641,-0.433883739117558,-0.9009688679024191,1306.422706270627,1338.0124356435642,1298.6591287128713,1084.6863941232832,1212.0766719897797,1050.090792079208,1002.2269115298628,1198.678856595337,1085.889236665602,905.8663366336633,1350.5182970297028,165.6121970162661,1330.9754983498349,158.0390010488513,1283.493073096987,153.06966912524757,1290.880306337546,155.6956731986917,1203.5267636575868,170.1595435403238,1141.056875532945,178.61228682118198,1129.276397716976,179.74536806903643,1057.842796989484,168.47807738369323,984.3878704558781,169.41696684399065,0.02941176470588247,39.35330693069318,0.26982854218203545,292.6793484509742,0.3894512167716222,386.0637623762375,292.6793484509742,178.68688597892037,386.0637623762375,2025-11-21
2025,11,4,5,47,1,1646.4138613861385,1377.3657425742574,1306.422706270627,1236.0150891089108,1230.928607260726,1338.0124356435642,1127.5927128712872,1443.4007700770073,179.3570880455101,1326.4116875687569,173.17028344318433,1341.894224422442,166.42089239781345,269.04811881188107,518.8211485148513,0.19533527696792996,0.4601139601139599,-0.5000000000000004,0.8660254037844384,-2.4492935982947064e-16,1.0,22,326,0,0,0,0,4,-0.622046748440868,0.7829801036770625,-0.9749279121818236,-0.2225209339563146,1377.3657425742574,1599.5646864686466,1552.715511551155,1148.0669434685403,1450.8131587352284,1252.4983498349834,1192.2020121366977,1149.8434493771958,816.082401788566,821.3188118811881,1357.2110363036302,177.84868587446525,1337.6682376237623,169.70514358675237,1300.1046370275737,164.48166493322339,1297.866045717936,167.10719863736222,1210.5609692210003,180.0739619045789,1146.464159452581,186.86406285885178,1134.7938467392976,187.82359983354024,1062.455749542804,173.1248770658826,986.6798011489475,172.75300642480153,0.029288702928870425,46.84917491749184,0.4340747904577691,498.34691791759815,0.7008807792508003,678.4366336633661,498.34691791759815,496.57041200894264,678.4366336633661,2025-11-22
2025,11,4,6,47,1,1586.9823366336632,1646.4138613861385,1377.3657425742574,1306.422706270627,1236.0150891089108,1599.5646864686466,1195.3232343234322,1536.9206468646862,141.33772371858373,1397.354723872387,179.10075752779213,1374.5324829482945,173.3249980042173,-59.4315247524753,391.659102310231,-0.03609756097560979,0.327659574468085,-0.5000000000000004,0.8660254037844384,-2.4492935982947064e-16,1.0,23,327,0,0,0,0,4,-0.6084768701151264,0.7935716089521472,-0.7818314824680299,0.6234898018587334,1646.4138613861385,1542.007128712871,1497.031920792079,1212.0766719897797,1400.3307824976046,1204.6930693069305,1143.625678696902,861.7163973171511,863.1783136378154,942.1009900990099,1363.6360660066007,186.25127205045987,1344.0932673267325,177.7164265027885,1312.601492515703,171.64890739296897,1304.5321726513664,174.88779387143492,1217.3875632804063,186.96201007082382,1151.7422149042093,192.9453671174169,1142.8523571761477,191.4983582560196,1066.4768830038918,176.83647812311963,988.4711382226548,175.60935299893123,0.029166666666666785,44.97520792079217,0.3093085390616648,374.9056646438835,0.5463306809499187,560.6932277227722,374.9056646438835,725.2659393165121,560.6932277227722,2025-11-23
2025,11,4,0,48,0,1195.055524752475,1586.9823366336632,1646.4138613861385,1377.3657425742574,1306.422706270627,1542.007128712871,1200.409716171617,1476.1505742574254,245.24242429838134,1391.3758767876786,186.22472485386604,1374.0863003300328,173.8201672395127,-391.9268118811881,-5.354191419141898,-0.24696356275303644,-0.004460303300624413,-0.5000000000000004,0.8660254037844384,-2.4492935982947064e-16,1.0,24,328,0,0,0,0,4,-0.594726686960764,0.8039279618328208,0.0,1.0,1586.9823366336632,1161.3241188118811,1127.5927128712872,1450.8131587352284,1055.9106994570425,905.240792079208,857.0530693069309,908.886330245928,864.936314276589,869.6316831683167,1368.4548382838282,180.49189685896474,1348.9120396039602,172.22421386545275,1304.0762380496114,170.89735433210402,1309.5016306976318,169.4540271043791,1222.5628263638575,182.1126959890092,1155.7660536595133,190.23103272421764,1146.0320148928872,189.93935865424382,1068.3108786176467,176.44602080535617,989.3750933381664,175.83334117690248,0.029045643153526868,33.73140594059396,-0.17628571428571438,-255.7576339827533,-0.024085576025129618,-29.493980198019926,-255.7576339827533,286.1691945065471,-29.493980198019926,2025-11-24
2025,11,4,1,48,0,1266.5339801980197,1195.055524752475,1586.9823366336632,1646.4138613861385,1377.3657425742574,1161.3241188118811,1268.9433663366335,1349.523947194719,208.72747168119872,1396.4623586358637,181.4891356224251,1373.885518151815,173.95400049389636,71.47845544554457,-2.409386138613854,0.05981182795698925,-0.0018987341772152,-0.5000000000000004,0.8660254037844384,-2.4492935982947064e-16,1.0,25,329,0,0,0,0,4,-0.5808002734538014,0.8140460935082175,0.7818314824680298,0.6234898018587336,1195.055524752475,1230.928607260726,1195.3232343234322,1400.3307824976046,1120.549607154264,957.3485478547854,906.4837293729372,908.1831299904184,912.309805174066,905.8663366336633,1373.5413201320132,176.42620742625297,1353.9985214521453,168.34711149612497,1299.6163446396251,170.04249267457664,1314.7153583063375,165.62767774866487,1228.0839947985583,178.57846028190562,1160.0523661693358,188.59581856616916,1150.0136910063047,188.64898834576175,1070.2787907011132,176.671608839839,990.376947903623,176.3828422602063,0.02892561983471076,35.60537293729362,-0.09554656940479977,-133.7968022995849,-0.0873950150567061,-121.28879207920795,-133.7968022995849,358.3508502076013,-121.28879207920795,2025-11-25
2025,11,4,2,48,0,1271.6204620462045,1266.5339801980197,1195.055524752475,1586.9823366336632,1646.4138613861385,1230.928607260726,1338.0124356435642,1244.4033223322328,42.812053429840454,1390.6619845984596,185.45512980615163,1368.3528536853685,176.23947455472884,5.086481848184803,-66.39197359735977,0.004016064257028162,-0.04961984793917573,-0.5000000000000004,0.8660254037844384,-2.4492935982947064e-16,1.0,26,330,0,0,0,0,4,-0.5667017562911184,0.8239230057575536,0.9749279121818236,-0.22252093395631434,1266.5339801980197,1236.0150891089108,1200.409716171617,1055.9106994570425,1126.5268093260938,959.1651485148514,908.3003300330032,955.2420312999044,959.868348770361,966.2574257425742,1378.627801980198,172.26458864745044,1359.0850033003298,164.37858758550107,1306.806670059264,163.82910931333683,1319.8972744749128,161.7460999764085,1233.6635539687609,174.8661499235677,1164.3776058361595,186.91125000679324,1153.5290069034859,187.92513656324883,1072.010746885979,177.11072714929753,991.2251785600218,176.9996992060256,0.028806584362139898,35.60537293729362,0.20428788409860954,215.70976258916198,0.40376169267061957,365.75412541254116,215.70976258916198,316.37843074630007,365.75412541254116,2025-11-26
2025,11,4,3,48,0,1343.9020462046203,1271.6204620462045,1266.5339801980197,1195.055524752475,1586.9823366336632,1236.0150891089108,1599.5646864686466,1294.018829482948,43.27492989337162,1385.0847018701868,186.43556052852455,1347.0476336633662,160.49804809626576,72.28158415841585,-255.66264026402632,0.056842105263157805,-0.15983263598326358,-0.5000000000000004,0.8660254037844384,-2.4492935982947064e-16,1.0,27,331,0,0,0,0,4,-0.5524353131676203,0.8335557718385695,0.43388373911755823,-0.900968867902419,1271.6204620462045,1306.422706270627,1268.9433663366335,1120.549607154264,1192.1094857872883,1015.9393165122964,958.0178217821784,1002.2269115298628,1145.0135739380391,990.4138613861386,1383.98199339934,170.216607943496,1364.439194719472,162.42579964804548,1314.2517513609425,160.1056581174409,1325.3184373469605,159.83698189439536,1239.5200312846953,172.9228596648892,1168.9714656507126,186.5199573497229,1157.3253972887612,188.28509660117814,1073.1156828430155,178.18584921517325,992.2070901845176,177.97300344483335,0.0286885245901638,37.47933993399329,0.19932400816915163,223.35243905035622,0.6362733043049171,522.5832343234322,223.35243905035622,341.6751346747575,522.5832343234322,2025-11-27
2025,11,4,4,48,0,1416.7190495049504,1343.9020462046203,1271.6204620462045,1266.5339801980197,1195.055524752475,1306.422706270627,1542.007128712871,1344.080519251925,72.5494583722364,1346.8022332233222,139.78956259370733,1336.6069603960395,150.42142843175213,72.81700330033004,-125.28807920792065,0.054183266932270824,-0.08124999999999993,-0.5000000000000004,0.8660254037844384,-2.4492935982947064e-16,1.0,28,332,0,0,0,0,4,-0.5380051715382992,0.8429415373547832,-0.433883739117558,-0.9009688679024191,1343.9020462046203,1377.3657425742574,1338.0124356435642,1126.5268093260938,1258.3213414244651,1073.3426636857234,1007.9265346534656,1192.2020121366977,1101.4336633663368,1026.6485148514853,1389.6038943894387,170.6110886348555,1370.061095709571,162.8024177475287,1323.924826033571,157.11106034439084,1330.9754983498349,160.18064300604735,1245.6517524600386,173.01111015337196,1173.8380432084684,187.59731988978038,1159.8200310372972,190.22967511968366,1074.8672683215632,180.00611960875804,993.290619447444,179.36523430807148,0.02857142857142847,39.35330693069295,0.2575990538143109,290.19224017885654,0.5037868173305502,474.61805940594047,290.19224017885654,224.51703736825266,474.61805940594047,2025-11-28
2025,11,4,5,48,1,1693.26303630363,1416.7190495049504,1343.9020462046203,1271.6204620462045,1266.5339801980197,1377.3657425742574,1161.3241188118811,1484.6280440044,184.31494513790324,1364.5156831683166,177.8604043590517,1380.935203520352,171.03753753650398,276.5439867986797,531.938917491749,0.19520030234315944,0.4580451821115721,-0.5000000000000004,0.8660254037844384,-2.4492935982947064e-16,1.0,29,333,0,0,0,0,5,-0.5234156073655503,0.8520775211013093,-0.9749279121818236,-0.2225209339563146,1416.7190495049504,1646.4138613861385,1599.5646864686466,1192.1094857872883,1505.8663366336634,1285.653625039923,1202.3028052805282,1143.625678696902,826.7636435643566,1002.4920792079208,1396.296633663366,182.84457306563166,1376.7538349834983,174.4707715270878,1340.6299443841158,168.819049572847,1337.6682376237623,171.28846085788956,1252.9304919468905,183.00994816004626,1179.6828078635053,195.9567554777842,1165.9271127884833,198.35318658415642,1079.6811538367815,184.85508506108837,995.2094276615987,183.11950824341986,0.028455284552845406,46.84917491749161,0.42039221773776236,501.15355051634174,0.9471036636275589,823.6313531353134,501.15355051634174,549.6373576067281,823.6313531353134,2025-11-29
2025,11,4,6,48,1,1631.9575445544551,1693.26303630363,1416.7190495049504,1343.9020462046203,1271.6204620462045,1646.4138613861385,1230.928607260726,1580.646543454345,145.23690400188497,1437.3326864686467,183.93810116848834,1414.3542816281627,178.09610559521255,-61.30549174917496,401.0289372937291,-0.03620553359683798,0.3257938234014788,-0.5000000000000004,0.8660254037844384,-2.4492935982947064e-16,1.0,30,334,0,1,0,0,5,-0.5086709438521042,0.8609610158889945,-0.7818314824680299,0.6234898018587334,1693.26303630363,1586.9823366336632,1542.007128712871,1258.3213414244651,1452.0567128712871,1241.7776301501117,1156.5053465346534,857.0530693069309,873.421597359736,1062.8831683168316,1402.7216633663363,191.2585021880386,1383.1788646864684,182.49615374685376,1353.0844844884487,176.16018091745354,1344.0932673267325,178.9411758237357,1259.8979904183966,189.8762182547428,1185.3429530780265,202.05108699374608,1174.5371625134555,201.58707468238927,1083.895242432308,188.73218162339404,996.7901898178144,186.13670696775586,0.028340080971659853,44.975207920791945,0.29693226271360884,373.63620312999,0.8015434270568624,726.0912079207918,373.63620312999,774.9044752475243,726.0912079207918,2025-11-30
2025,12,4,0,49,0,1228.786930693069,1631.9575445544551,1693.26303630363,1416.7190495049504,1343.9020462046203,1586.9823366336632,1236.0150891089108,1518.0025038503845,252.33673265537794,1431.041511551155,191.4407408074767,1413.7519350935092,178.7650747358534,-403.1706138613861,-7.22815841584179,-0.2470472440944882,-0.005847953216374435,-2.4492935982947064e-16,1.0,-2.4492935982947064e-16,1.0,1,335,1,0,0,0,1,-0.4937755501599774,0.8695893893466109,0.0,1.0,1631.9575445544551,1195.055524752475,1161.3241188118811,1505.8663366336634,1093.8613069306932,936.9958351964228,869.1000000000001,906.4837293729372,874.1482376237624,1268.2128712871286,1407.5404356435643,185.49232243536065,1387.9976369636963,176.9952743412282,1343.8485042904288,175.13426952634578,1348.9120396039602,173.69277265384278,1265.1085456951223,184.78958583346264,1189.624940348182,199.0575040926812,1178.1183091947903,199.62493516200294,1085.865457393804,188.3811035744078,996.6806733161641,185.98810538970997,0.028225806451612767,33.73140594059396,-0.18400000000000016,-277.07940594059437,0.27169727026805446,262.5295049504948,-277.07940594059437,322.30320132013185,262.5295049504948,2025-12-01
2025,12,4,2,1,0,1365.3188118811881,1228.786930693069,1631.9575445544551,1693.26303630363,1416.7190495049504,1195.055524752475,1306.422706270627,1408.6877623762373,205.05434735851432,1446.6579031903186,179.27016388917568,1418.6599438943895,176.34254188373333,136.5318811881191,58.89610561056111,0.11111111111111138,0.04508196721311486,-2.4492935982947064e-16,1.0,-2.4492935982947064e-16,1.0,31,365,0,1,0,1,5,6.432490598706546e-16,1.0,0.9749279121818236,-0.22252093395631434,1228.786930693069,1266.5339801980197,1230.928607260726,1452.0567128712871,1159.7178613861386,995.028361545832,919.1999339933992,908.3003300330032,920.9209240924092,1437.3079207920791,1421.6525544554456,176.51732296910387,1397.5969372937293,171.37651977407705,1340.9572409240923,173.99856659154258,1356.2549306930691,169.69830310448063,1271.7208751653966,181.54617824320772,1194.9358793706558,197.70222853533323,1183.1962923264368,198.4938163332542,1088.334334548186,189.11794828979026,996.4807035691894,185.55122170618029,0.07799619530754609,98.78483168316848,-0.05973451327433621,-86.73790099009898,0.3785336263068344,374.90495049504955,-86.73790099009898,457.01848184818493,374.90495049504955,2025-12-31
