year,month,quarter,day_of_week,week_of_year,is_weekend,y,lag_1,lag_2,lag_3,lag_4,lag_8,lag_12,rolling_mean_3,rolling_std_3,rolling_mean_6,rolling_std_6,rolling_mean_12,rolling_std_12,diff_1,diff_12,pct_change_1,pct_change_12,month_sin,month_cos,quarter_sin,quarter_cos,day_of_month,day_of_year,is_month_start,is_month_end,is_quarter_start,is_quarter_end,week_of_month,day_of_year_sin,day_of_year_cos,day_of_week_sin,day_of_week_cos,lag_1d,lag_7d,lag_14d,lag_30d,lag_4w,lag_8w,lag_12w,lag_3m,lag_6m,lag_12m,rolling_mean_7d,rolling_std_7d,rolling_mean_14d,rolling_std_14d,rolling_mean_30d,rolling_std_30d,rolling_mean_4w,rolling_std_4w,rolling_mean_8w,rolling_std_8w,rolling_mean_12w,rolling_std_12w,rolling_mean_3m,rolling_std_3m,rolling_mean_6m,rolling_std_6m,rolling_mean_12m,rolling_std_12m,pct_change_1w,diff_1w,pct_change_1m,diff_1m,pct_change_1y,diff_1y,momentum_30d,momentum_90d,yoy_change,index
2015,1,1,5,5,1,6870.668316831683,,,,,,,6870.668316831683,,6870.668316831683,,6870.668316831683,,,,,,0.49999999999999994,0.8660254037844387,1.0,6.123233995736766e-17,31,31,0,1,0,0,5,0.5086709438521044,0.8609610158889943,-0.9749279121818236,-0.2225209339563146,,,,,,,,,,,6870.668316831683,,6870.668316831683,,6870.668316831683,,6870.668316831683,,6870.668316831683,,6870.668316831683,,6870.668316831683,,6870.668316831683,,6870.668316831683,,,,,,,,,,,2015-01-31
2015,2,1,5,9,1,6229.40594059406,6870.668316831683,,,,,,6550.037128712871,453.44097475742234,6550.037128712871,453.44097475742234,6550.037128712871,453.44097475742234,-641.2623762376234,,-0.09333333333333327,,0.8660254037844386,0.5000000000000001,1.0,6.123233995736766e-17,28,59,0,1,0,0,4,0.8498170915275278,0.5270777086423722,-0.9749279121818236,-0.2225209339563146,6870.668316831683,,,,,,,,,,6550.037128712871,453.44097475742234,6550.037128712871,453.44097475742234,6550.037128712871,453.44097475742234,6550.037128712871,453.44097475742234,6550.037128712871,453.44097475742234,6550.037128712871,453.44097475742234,6550.037128712871,453.44097475742234,6550.037128712871,453.44097475742234,6550.037128712871,453.44097475742234,,,,,,,,,,2015-02-28
2015,3,1,1,14,0,7145.495049504951,6229.40594059406,6870.668316831683,,,,,6748.5231023102315,470.10041899487425,6748.5231023102315,470.10041899487425,6748.5231023102315,470.10041899487425,916.0891089108909,,0.1470588235294117,,1.0,6.123233995736766e-17,1.0,6.123233995736766e-17,31,90,0,1,0,1,5,0.9997685019798909,0.021516097436222254,0.7818314824680298,0.6234898018587336,6229.40594059406,,,,,,,,,,6748.5231023102315,470.10041899487425,6748.5231023102315,470.10041899487425,6748.5231023102315,470.10041899487425,6748.5231023102315,470.10041899487425,6748.5231023102315,470.10041899487425,6748.5231023102315,470.10041899487425,6748.5231023102315,470.10041899487425,6748.5231023102315,470.10041899487425,6748.5231023102315,470.10041899487425,,,,,,,,,,2015-03-31
2015,4,2,3,18,0,6595.841584158416,7145.495049504951,6229.40594059406,6870.668316831683,,,,6656.914191419142,461.08807334879606,6710.352722772277,391.35343887896266,6710.352722772277,391.35343887896266,-549.6534653465351,,-0.07692307692307698,,0.8660254037844387,-0.49999999999999983,1.2246467991473532e-16,-1.0,30,120,0,1,0,0,5,0.8800122039735357,-0.47495107206704995,0.43388373911755823,-0.900968867902419,7145.495049504951,,,,,,,,,,6710.352722772277,391.35343887896266,6710.352722772277,391.35343887896266,6710.352722772277,391.35343887896266,6710.352722772277,391.35343887896266,6710.352722772277,391.35343887896266,6710.352722772277,391.35343887896266,6710.352722772277,391.35343887896266,6710.352722772277,391.35343887896266,6710.352722772277,391.35343887896266,,,,,,,,,,2015-04-30
2015,5,2,6,22,1,6870.668316831683,6595.841584158416,7145.495049504951,6229.40594059406,6870.668316831683,,,6870.668316831682,274.8267326732683,6742.4158415841575,346.4222185881219,6742.4158415841575,346.4222185881219,274.82673267326754,,0.04166666666666674,,0.49999999999999994,-0.8660254037844387,1.2246467991473532e-16,-1.0,31,151,0,1,0,0,5,0.5160623910158528,-0.8565509959010036,-0.7818314824680299,0.6234898018587334,6595.841584158416,,,,,,,,,,6742.4158415841575,346.4222185881219,6742.4158415841575,346.4222185881219,6742.4158415841575,346.4222185881219,6742.4158415841575,346.4222185881219,6742.4158415841575,346.4222185881219,6742.4158415841575,346.4222185881219,6742.4158415841575,346.4222185881219,6742.4158415841575,346.4222185881219,6742.4158415841575,346.4222185881219,,,,,,,,,,2015-05-31
2015,6,2,1,27,0,7328.712871287129,6870.668316831683,6595.841584158416,7145.495049504951,6229.40594059406,,,6931.74092409241,370.2330055419724,6840.132013201321,391.5320982988506,6840.132013201321,391.5320982988506,458.0445544554459,,0.06666666666666665,,1.2246467991473532e-16,-1.0,1.2246467991473532e-16,-1.0,30,181,0,1,0,1,5,0.02581844022713308,-0.9996666485105112,0.7818314824680298,0.6234898018587336,6870.668316831683,,,,,,,,,,6840.132013201321,391.5320982988506,6840.132013201321,391.5320982988506,6840.132013201321,391.5320982988506,6840.132013201321,391.5320982988506,6840.132013201321,391.5320982988506,6840.132013201321,391.5320982988506,6840.132013201321,391.5320982988506,6840.132013201321,391.5320982988506,6840.132013201321,391.5320982988506,,,,,,,,,,2015-06-30
2015,7,3,4,31,0,7511.930693069307,7328.712871287129,6870.668316831683,6595.841584158416,7145.495049504951,,,7237.103960396039,330.30062550723613,6947.009075907591,479.23515756424774,6936.103253182461,438.43035059540335,183.21782178217836,,0.02499999999999991,,-0.4999999999999998,-0.8660254037844388,-1.0,-1.8369701987210297e-16,31,212,0,1,0,0,5,-0.4862727071086902,-0.8738071036110807,-0.433883739117558,-0.9009688679024191,7328.712871287129,,,,,,,,,,6936.103253182461,438.43035059540335,6936.103253182461,438.43035059540335,6936.103253182461,438.43035059540335,6936.103253182461,438.43035059540335,6936.103253182461,438.43035059540335,6936.103253182461,438.43035059540335,6936.103253182461,438.43035059540335,6936.103253182461,438.43035059540335,6936.103253182461,438.43035059540335,,,,,,,,,,2015-07-31
2015,8,3,0,36,0,7786.757425742575,7511.930693069307,7328.712871287129,6870.668316831683,6595.841584158416,,,7542.466996699671,230.5440366744043,7206.5676567656765,432.28018022679004,7042.435024752475,505.18567874614746,274.82673267326754,,0.03658536585365857,,-0.8660254037844384,-0.5000000000000004,-1.0,-1.8369701987210297e-16,31,243,0,1,0,0,5,-0.8631421280499115,-0.5049610547215202,0.0,1.0,7511.930693069307,6870.668316831683,,,,,,,,,7066.9731258840175,540.4888773557233,7042.435024752475,505.18567874614746,7042.435024752475,505.18567874614746,7042.435024752475,505.18567874614746,7042.435024752475,505.18567874614746,7042.435024752475,505.18567874614746,7042.435024752475,505.18567874614746,7042.435024752475,505.18567874614746,7042.435024752475,505.18567874614746,0.13333333333333353,916.0891089108918,,,,,,,,2015-08-31
2015,9,3,2,40,0,7603.539603960397,7786.757425742575,7511.930693069307,7328.712871287129,6870.668316831683,6870.668316831683,,7634.075907590759,139.93492283030488,7282.9084158415835,458.9597293028571,7104.7799779977995,508.2253806288952,-183.21782178217836,,-0.02352941176470591,,-1.0,-1.8369701987210297e-16,-1.0,-1.8369701987210297e-16,30,273,0,1,0,1,5,-0.9999166586547379,-0.012910296075008843,0.9749279121818236,-0.22252093395631434,7786.757425742575,6229.40594059406,,,,,,,,,7263.27793493635,422.1779064945516,7104.7799779977995,508.2253806288952,7104.7799779977995,508.2253806288952,7104.7799779977995,508.2253806288952,7104.7799779977995,508.2253806288952,7104.7799779977995,508.2253806288952,7104.7799779977995,508.2253806288952,7104.7799779977995,508.2253806288952,7104.7799779977995,508.2253806288952,0.22058823529411775,1374.1336633663368,,,,,,,,2015-09-30
2015,10,4,5,44,1,8061.584158415841,7603.539603960397,7786.757425742575,7511.930693069307,7328.712871287129,6229.40594059406,,7817.293729372937,230.54403667440553,7527.198844884489,407.2906490827849,7200.460396039603,566.6932460258645,458.0445544554441,,0.06024096385542155,,-0.8660254037844386,0.5000000000000001,-2.4492935982947064e-16,1.0,31,304,0,1,0,0,5,-0.867456354729597,0.4975132889071803,-0.9749279121818236,-0.2225209339563146,7603.539603960397,7145.495049504951,,,,,,,,,7394.147807637906,512.0118263073979,7200.460396039603,566.6932460258645,7200.460396039603,566.6932460258645,7200.460396039603,566.6932460258645,7200.460396039603,566.6932460258645,7200.460396039603,566.6932460258645,7200.460396039603,566.6932460258645,7200.460396039603,566.6932460258645,7200.460396039603,566.6932460258645,0.12820512820512797,916.08910891089,,,,,,,,2015-10-31
2015,11,4,0,49,0,9618.935643564357,8061.584158415841,7603.539603960397,7786.757425742575,7511.930693069307,7145.495049504951,,8428.019801980197,1056.4854990811068,7985.2433993399345,838.4426016895678,7420.321782178217,905.95608715043,1557.351485148516,,0.19318181818181834,,-0.5000000000000004,0.8660254037844384,-2.4492935982947064e-16,1.0,30,334,0,1,0,0,5,-0.5086709438521042,0.8609610158889945,0.0,1.0,8061.584158415841,6595.841584158416,,,,,,,,,7826.018387553041,873.6646348893822,7420.321782178217,905.95608715043,7420.321782178217,905.95608715043,7420.321782178217,905.95608715043,7420.321782178217,905.95608715043,7420.321782178217,905.95608715043,7420.321782178217,905.95608715043,7420.321782178217,905.95608715043,7420.321782178217,905.95608715043,0.4583333333333335,3023.094059405941,,,,,,,,2015-11-30
2015,12,4,3,53,0,10901.460396039603,9618.935643564357,8061.584158415841,7603.539603960397,7786.757425742575,6595.841584158416,,9527.326732673268,1422.1527364073868,8580.701320132013,1375.5579527312132,7710.416666666667,1325.1425262380287,1282.5247524752467,,0.1333333333333333,,-2.4492935982947064e-16,1.0,-2.4492935982947064e-16,1.0,31,365,0,1,0,1,5,6.432490598706546e-16,1.0,0.43388373911755823,-0.900968867902419,9618.935643564357,6870.668316831683,,,,,,,,,8401.845827439887,1341.91085594315,7710.416666666667,1325.1425262380287,7710.416666666667,1325.1425262380287,7710.416666666667,1325.1425262380287,7710.416666666667,1325.1425262380287,7710.416666666667,1325.1425262380287,7710.416666666667,1325.1425262380287,7710.416666666667,1325.1425262380287,7710.416666666667,1325.1425262380287,0.5866666666666667,4030.7920792079203,,,,,,,,2015-12-31
2016,1,1,6,4,1,7269.4306930693065,10901.460396039603,9618.935643564357,8061.584158415841,7603.539603960397,6870.668316831683,6870.668316831683,9263.275577557755,1841.9501900780317,8540.284653465345,1416.203189451936,7743.64686468647,1307.0462970315712,-3632.029702970297,398.76237623762336,-0.33316909579287,0.05803836800864626,0.49999999999999994,0.8660254037844387,1.0,6.123233995736766e-17,31,31,0,1,0,0,5,0.5086709438521044,0.8609610158889943,-0.7818314824680299,0.6234898018587334,10901.460396039603,7328.712871287129,,,,,,,,,8393.37694483734,1349.9750684704695,7676.494668697639,1274.6090697052443,7676.494668697639,1274.6090697052443,7676.494668697639,1274.6090697052443,7676.494668697639,1274.6090697052443,7676.494668697639,1274.6090697052443,7676.494668697639,1274.6090697052443,7676.494668697639,1274.6090697052443,7676.494668697639,1274.6090697052443,-0.008089029991894203,-59.28217821782255,,,,,,,,2016-01-31
2016,2,1,0,9,0,6590.950495049506,7269.4306930693065,10901.460396039603,9618.935643564357,8061.584158415841,7328.712871287129,6229.40594059406,8253.94719471947,2317.7744623128315,8340.983498349835,1613.8111441388762,7773.775577557756,1272.6836613567982,-678.4801980198008,361.5445544554459,-0.09333333333333316,0.05803836800864626,0.8660254037844386,0.5000000000000001,1.0,6.123233995736766e-17,29,60,0,1,0,0,5,0.8587639582758029,0.5123714121284237,0.0,1.0,7269.4306930693065,7511.930693069307,,,,,,,,,8261.808345120227,1488.019805539636,7598.955799151344,1258.5025794347998,7598.955799151344,1258.5025794347998,7598.955799151344,1258.5025794347998,7598.955799151344,1258.5025794347998,7598.955799151344,1258.5025794347998,7598.955799151344,1258.5025794347998,7598.955799151344,1258.5025794347998,7598.955799151344,1258.5025794347998,-0.12260232896843959,-920.9801980198017,,,,,,,,2016-02-29
2016,3,1,3,13,0,7560.207920792079,6590.950495049506,7269.4306930693065,10901.460396039603,9618.935643564357,7511.930693069307,7145.495049504951,7140.196369636964,497.384280113529,8333.761551155116,1617.8631654589847,7808.33498349835,1259.6357053582979,969.2574257425731,414.7128712871281,0.14705882352941146,0.05803836800864626,1.0,6.123233995736766e-17,1.0,6.123233995736766e-17,31,91,0,1,0,1,5,0.9999907397361901,0.004303538296244289,0.43388373911755823,-0.900968867902419,6590.950495049506,7786.757425742575,6870.668316831683,,,,,,,,8229.444130127298,1502.467710834436,7648.208628005658,1241.1815281863887,7596.372607260726,1212.76469737081,7596.372607260726,1212.76469737081,7596.372607260726,1212.76469737081,7596.372607260726,1212.76469737081,7596.372607260726,1212.76469737081,7596.372607260726,1212.76469737081,7596.372607260726,1212.76469737081,-0.029094203474418823,-226.54950495049616,,,,,,,,2016-03-31
2016,4,2,5,17,1,6978.653465346534,7560.207920792079,6590.950495049506,7269.4306930693065,10901.460396039603,7786.757425742575,6595.841584158416,7043.270627062707,487.84887263422314,8153.2731023102315,1711.9688677573363,7840.23597359736,1230.6510587503412,-581.5544554455446,382.8118811881186,-0.07692307692307698,0.05803836800864626,0.8660254037844387,-0.49999999999999983,1.2246467991473532e-16,-1.0,30,121,0,1,0,0,5,0.8717063187093218,-0.49002866642905923,-0.9749279121818236,-0.2225209339563146,7560.207920792079,7603.539603960397,6229.40594059406,,,,,,,,8140.17468175389,1563.190802116868,7701.72630834512,1190.4141385816622,7557.765160891089,1181.7755944986347,7557.765160891089,1181.7755944986347,7557.765160891089,1181.7755944986347,7557.765160891089,1181.7755944986347,7557.765160891089,1181.7755944986347,7557.765160891089,1181.7755944986347,7557.765160891089,1181.7755944986347,-0.08218358437804185,-624.8861386138624,,,,,,,,2016-04-30
2016,5,2,1,22,0,7269.4306930693065,6978.653465346534,7560.207920792079,6590.950495049506,7269.4306930693065,7603.539603960397,6870.668316831683,7269.4306930693065,290.7772277227925,7761.68894389439,1572.7154111062507,7873.466171617162,1207.2518976036629,290.7772277227723,398.76237623762336,0.04166666666666674,0.05803836800864626,0.49999999999999994,-0.8660254037844387,1.2246467991473532e-16,-1.0,31,152,0,1,0,0,5,0.5012418134457758,-0.865307254363206,0.7818314824680298,0.6234898018587336,6978.653465346534,8061.584158415841,7145.495049504951,,,,,,,,8027.0099009901,1598.1117844282792,7710.578854314003,1186.4136266999253,7540.80430984275,1146.384253415447,7540.80430984275,1146.384253415447,7540.80430984275,1146.384253415447,7540.80430984275,1146.384253415447,7540.80430984275,1146.384253415447,7540.80430984275,1146.384253415447,7540.80430984275,1146.384253415447,-0.09826275453808553,-792.1534653465342,,,,,,,,2016-05-31
2016,6,2,3,26,0,7754.059405940594,7269.4306930693065,6978.653465346534,7560.207920792079,6590.950495049506,8061.584158415841,7328.712871287129,7334.047854785477,391.7207249665782,7237.122112211221,414.2559823071058,7908.911716171617,1195.995354386988,484.62871287128746,425.3465346534649,0.06666666666666665,0.05803836800864626,1.2246467991473532e-16,-1.0,1.2246467991473532e-16,-1.0,30,182,0,1,0,1,5,0.008606996888688698,-0.9999629591162655,0.43388373911755823,-0.900968867902419,7269.4306930693065,9618.935643564357,6595.841584158416,,,,,,,,7760.599009900989,1435.6890747310235,7793.308698727015,1142.2628356352043,7552.651815181519,1113.2913814130136,7552.651815181519,1113.2913814130136,7552.651815181519,1113.2913814130136,7552.651815181519,1113.2913814130136,7552.651815181519,1113.2913814130136,7552.651815181519,1113.2913814130136,7552.651815181519,1113.2913814130136,-0.1938755291362695,-1864.8762376237628,,,,,,,,2016-06-30
2016,7,3,6,30,1,7947.910891089109,7754.059405940594,7269.4306930693065,6978.653465346534,7560.207920792079,9618.935643564357,7511.930693069307,7657.133663366337,349.4707347639236,7350.202145214523,507.04918400163456,7945.2433993399345,1189.443753623998,193.85148514851517,435.9801980198017,0.025000000000000133,0.05803836800864626,-0.4999999999999998,-0.8660254037844388,-1.0,-1.8369701987210297e-16,31,213,0,1,0,0,5,-0.5012418134457756,-0.8653072543632061,-0.7818314824680299,0.6234898018587334,7754.059405940594,10901.460396039603,6870.668316831683,,,,,,,,7338.663366336633,463.876132629409,7870.2545968882605,1111.1907743123465,7573.454924439812,1085.7180936067232,7573.454924439812,1085.7180936067232,7573.454924439812,1085.7180936067232,7573.454924439812,1085.7180936067232,7573.454924439812,1085.7180936067232,7573.454924439812,1085.7180936067232,7573.454924439812,1085.7180936067232,-0.27093154473353775,-2953.5495049504943,,,,,,,,2016-07-31
2016,8,3,2,35,0,8238.688118811882,7947.910891089109,7754.059405940594,7269.4306930693065,6978.653465346534,10901.460396039603,7786.757425742575,7980.219471947195,243.92443631712524,7624.8250825082505,457.36901640962867,7982.904290429043,1191.122952219076,290.7772277227732,451.9306930693074,0.03658536585365857,0.05803836800864626,-0.8660254037844384,-0.5000000000000004,-1.0,-1.8369701987210297e-16,31,244,0,1,0,0,5,-0.8717063187093218,-0.4900286664290594,0.9749279121818236,-0.22252093395631434,7947.910891089109,7269.4306930693065,7328.712871287129,,,,,,,,7477.1287128712875,571.8579697242677,7935.2528288543135,1103.6656829788544,7606.716584158416,1067.17818915809,7606.716584158416,1067.17818915809,7606.716584158416,1067.17818915809,7606.716584158416,1067.17818915809,7606.716584158416,1067.17818915809,7606.716584158416,1067.17818915809,7606.716584158416,1067.17818915809,0.13333333333333353,969.2574257425758,,,,,,,,2016-08-31
2016,9,3,4,39,0,8044.836633663367,8238.688118811882,7947.910891089109,7754.059405940594,7269.4306930693065,7269.4306930693065,7603.539603960397,8077.1452145214525,148.05651737881016,7705.596534653466,485.5970029732779,8019.679042904289,1185.142961115494,-193.85148514851517,441.2970297029706,-0.02352941176470591,0.05803836800864626,-1.0,-1.8369701987210297e-16,-1.0,-1.8369701987210297e-16,30,274,0,1,0,1,5,-0.9999907397361901,0.004303538296243821,-0.433883739117558,-0.9009688679024191,8238.688118811882,6590.950495049506,7511.930693069307,,,,,,,,7684.8267326732675,446.6804231967956,7973.3175388967475,1097.1128294380946,7627.579443658652,1044.5411720373024,7627.579443658652,1044.5411720373024,7627.579443658652,1044.5411720373024,7627.579443658652,1044.5411720373024,7627.579443658652,1044.5411720373024,7627.579443658652,1044.5411720373024,7627.579443658652,1044.5411720373024,0.22058823529411753,1453.8861386138615,,,,,,,,2016-09-30
2016,10,4,0,44,0,8529.465346534653,8044.836633663367,8238.688118811882,7947.910891089109,7754.059405940594,6590.950495049506,8061.584158415841,8270.996699669968,243.92443631712234,7964.065181518152,430.9291336607246,8058.669141914191,1194.307921461062,484.62871287128564,467.88118811881213,0.06024096385542155,0.05803836800864626,-0.8660254037844386,0.5000000000000001,-2.4492935982947064e-16,1.0,31,305,0,1,0,0,5,-0.858763958275803,0.5123714121284235,0.0,1.0,8044.836633663367,7560.207920792079,7786.757425742575,,,,,,,,7823.292079207921,541.7281571074014,8026.368104667608,1105.3238272264703,7668.574257425743,1037.3443827940127,7668.574257425743,1037.3443827940127,7668.574257425743,1037.3443827940127,7668.574257425743,1037.3443827940127,7668.574257425743,1037.3443827940127,7668.574257425743,1037.3443827940127,7668.574257425743,1037.3443827940127,0.1282051282051282,969.257425742574,,,,,,,,2016-10-31
2016,11,4,2,48,0,10177.202970297029,8529.465346534653,8044.836633663367,8238.688118811882,7947.910891089109,7560.207920792079,9618.935643564357,8917.168316831683,1117.8021932725749,8448.69389438944,887.1044419605505,8105.191419141914,1269.1395683117692,1647.7376237623757,558.2673267326718,0.19318181818181812,0.05803836800864626,-0.5000000000000004,0.8660254037844384,-2.4492935982947064e-16,1.0,30,335,0,1,0,0,5,-0.4937755501599774,0.8695893893466109,0.9749279121818236,-0.22252093395631434,8529.465346534653,6978.653465346534,7603.539603960397,,,,,,,,8280.227722772277,924.3707044852312,8210.201202263082,1235.8993016250458,7777.645071028842,1140.5212242077066,7777.645071028842,1140.5212242077066,7777.645071028842,1140.5212242077066,7777.645071028842,1140.5212242077066,7777.645071028842,1140.5212242077066,7777.645071028842,1140.5212242077066,7777.645071028842,1140.5212242077066,0.45833333333333326,3198.5495049504943,,,,,,,,2016-11-30
2016,12,4,5,52,1,11534.163366336634,10177.202970297029,8529.465346534653,8044.836633663367,8238.688118811882,6978.653465346534,10901.460396039603,10080.277227722772,1504.692160287503,9078.711221122112,1455.3930914090467,8157.916666666667,1402.0516358397388,1356.9603960396053,632.7029702970303,0.13333333333333353,0.05803836800864648,-2.4492935982947064e-16,1.0,-2.4492935982947064e-16,1.0,31,366,0,1,0,1,5,0.017213356155833904,0.9998518392091162,-0.9749279121818236,-0.2225209339563146,10177.202970297029,7269.4306930693065,8061.584158415841,,,,,,,,8889.475247524753,1419.7931720351778,8458.242574257425,1519.6686435440593,7934.166666666667,1353.5911020955125,7934.166666666667,1353.5911020955125,7934.166666666667,1353.5911020955125,7934.166666666667,1353.5911020955125,7934.166666666667,1353.5911020955125,7934.166666666667,1353.5911020955125,7934.166666666667,1353.5911020955125,0.5866666666666669,4264.732673267327,,,,,,,,2016-12-31
2017,1,1,1,5,0,7429.9009900990095,11534.163366336634,10177.202970297029,8529.465346534653,8044.836633663367,7269.4306930693065,7269.4306930693065,9713.755775577558,2091.0116905388036,8992.376237623763,1548.2886467242247,8171.289191419141,1393.5464989534537,-4104.262376237624,160.47029702970303,-0.355835290855706,0.022074671842279958,0.49999999999999994,0.8660254037844387,1.0,6.123233995736766e-17,31,31,0,1,0,0,5,0.5086709438521044,0.8609610158889943,0.7818314824680298,0.6234898018587336,11534.163366336634,7754.059405940594,9618.935643564357,,,,,,,,8843.166902404526,1467.4838186485224,8301.882956152758,1503.5882110768864,7913.9960396039605,1328.923696174856,7913.9960396039605,1328.923696174856,7913.9960396039605,1328.923696174856,7913.9960396039605,1328.923696174856,7913.9960396039605,1328.923696174856,7913.9960396039605,1328.923696174856,7913.9960396039605,1328.923696174856,-0.04180499514786251,-324.15841584158443,,,,,,,,2017-01-31
2017,2,1,1,9,0,6736.443564356436,7429.9009900990095,11534.163366336634,10177.202970297029,8529.465346534653,7754.059405940594,6590.950495049506,8566.835973597359,2593.066657859961,8742.002145214521,1796.1654710440253,8183.413613861386,1379.1050408614049,-693.4574257425738,145.49306930693,-0.09333333333333327,0.022074671842279958,0.8660254037844386,0.5000000000000001,1.0,6.123233995736766e-17,28,59,0,1,0,0,4,0.8498170915275278,0.5270777086423722,0.7818314824680298,0.6234898018587336,7429.9009900990095,7947.910891089109,10901.460396039603,,,,,,,,8670.100141442716,1650.6659120388808,8004.381753889675,1354.3039006444299,7868.705559786748,1322.3950163467593,7868.705559786748,1322.3950163467593,7868.705559786748,1322.3950163467593,7868.705559786748,1322.3950163467593,7868.705559786748,1322.3950163467593,7868.705559786748,1322.3950163467593,7868.705559786748,1322.3950163467593,-0.15242588188688977,-1211.4673267326734,,,,,,,,2017-02-28
2017,3,1,4,13,0,7727.09702970297,6736.443564356436,7429.9009900990095,11534.163366336634,10177.202970297029,7947.910891089109,7560.207920792079,7297.813861386138,508.36387487653616,8689.045544554454,1825.279059789398,8197.32103960396,1373.0773778844132,990.6534653465342,166.88910891089108,0.1470588235294117,0.022074671842279958,1.0,6.123233995736766e-17,1.0,6.123233995736766e-17,31,90,0,1,0,1,5,0.9997685019798909,0.021516097436222254,-0.433883739117558,-0.9009688679024191,6736.443564356436,8238.688118811882,7269.4306930693065,,,,,,,,8597.015700141443,1683.9406613437561,8037.072206506365,1340.6536911775445,7863.460799413275,1297.0013456261036,7863.460799413275,1297.0013456261036,7863.460799413275,1297.0013456261036,7863.460799413275,1297.0013456261036,7863.460799413275,1297.0013456261036,7863.460799413275,1297.0013456261036,7863.460799413275,1297.0013456261036,-0.06209618348590795,-511.59108910891246,,,,,,,,2017-03-31
2017,4,2,6,17,1,7132.704950495049,7727.09702970297,6736.443564356436,7429.9009900990095,11534.163366336634,8238.688118811882,6978.653465346534,7198.748514851485,498.6179764062416,8456.252145214521,1935.4478466229998,8210.158663366337,1361.3173916158632,-594.3920792079207,154.05148514851498,-0.07692307692307687,0.022074671842279958,0.8660254037844387,-0.49999999999999983,1.2246467991473532e-16,-1.0,30,120,0,1,0,0,5,0.8800122039735357,-0.47495107206704995,-0.7818314824680299,0.6234898018587334,7727.09702970297,8044.836633663367,6590.950495049506,,,,,,,,8466.71117397454,1767.0307613271002,8075.768953323904,1302.9914737923577,7837.362376237624,1280.2265032494006,7837.362376237624,1280.2265032494006,7837.362376237624,1280.2265032494006,7837.362376237624,1280.2265032494006,7837.362376237624,1280.2265032494006,7837.362376237624,1280.2265032494006,7837.362376237624,1280.2265032494006,-0.11338100755850422,-912.131683168318,,,,,,,,2017-04-30
2017,5,2,2,22,0,7429.9009900990095,7132.704950495049,7727.09702970297,6736.443564356436,7429.9009900990095,8044.836633663367,7269.4306930693065,7429.9009900990095,297.196039603968,7998.368481848184,1764.2886436848228,8223.531188118812,1351.9925523412508,297.19603960396034,160.47029702970303,0.04166666666666674,0.022074671842279958,0.49999999999999994,-0.8660254037844387,1.2246467991473532e-16,-1.0,31,151,0,1,0,0,5,0.5160623910158528,-0.8565509959010036,0.9749279121818236,-0.22252093395631434,7132.704950495049,8529.465346534653,7560.207920792079,,6870.668316831683,,,,,,8309.630551626591,1808.8994484055377,8066.461315417256,1307.415464189086,7823.311983612154,1259.4323704201329,7857.334971711456,1268.8988422241955,7823.311983612154,1259.4323704201329,7823.311983612154,1259.4323704201329,7823.311983612154,1259.4323704201329,7823.311983612154,1259.4323704201329,7823.311983612154,1259.4323704201329,-0.1289136319526023,-1099.5643564356433,,,,,,,,2017-05-31
2017,6,2,4,26,0,7925.227722772277,7429.9009900990095,7132.704950495049,7727.09702970297,6736.443564356436,8529.465346534653,7754.059405940594,7495.944554455445,400.36783142402606,7396.879207920792,423.40054717523793,8237.795214521453,1347.4845970188603,495.32673267326754,171.16831683168311,0.06666666666666665,0.022074671842279958,1.2246467991473532e-16,-1.0,1.2246467991473532e-16,-1.0,30,181,0,1,0,1,5,0.02581844022713308,-0.9996666485105112,-0.433883739117558,-0.9009688679024191,7429.9009900990095,10177.202970297029,6978.653465346534,,6229.40594059406,,,,,,7987.919801980199,1610.8050491104061,8134.073762376238,1270.795582280066,7826.7091749174915,1237.667406568302,7917.90003536068,1228.1356584445207,7826.7091749174915,1237.667406568302,7826.7091749174915,1237.667406568302,7826.7091749174915,1237.667406568302,7826.7091749174915,1237.667406568302,7826.7091749174915,1237.667406568302,-0.22127644050111994,-2251.9752475247515,,,,,,,,2017-06-30
2017,7,3,0,31,0,8123.358415841584,7925.227722772277,7429.9009900990095,7132.704950495049,7727.09702970297,10177.202970297029,7947.910891089109,7826.162376237623,357.18518655230946,7512.455445544555,518.2421283463675,8252.415841584158,1345.0028671252196,198.1306930693072,175.44752475247515,0.025000000000000133,0.022074671842279958,-0.4999999999999998,-0.8660254037844388,-1.0,-1.8369701987210297e-16,31,212,0,1,0,0,5,-0.4862727071086902,-0.8738071036110807,0.0,1.0,7925.227722772277,11534.163366336634,7269.4306930693065,6870.668316831683,7145.495049504951,,,,,,7500.661951909477,474.1160460326657,8195.068599717113,1246.3608674257166,7868.465511551155,1225.3708315487415,7952.823727015559,1219.2289209427702,7836.278505269882,1218.0306469422865,7836.278505269882,1218.0306469422865,7836.278505269882,1218.0306469422865,7836.278505269882,1218.0306469422865,7836.278505269882,1218.0306469422865,-0.2957132513355718,-3410.8049504950495,0.18232434477168336,1252.6900990099011,,,1252.6900990099011,,,2017-07-31
2017,8,3,3,35,0,8420.554455445545,8123.358415841584,7925.227722772277,7429.9009900990095,7132.704950495049,11534.163366336634,8238.688118811882,8156.380198019801,249.30898820313038,7793.140594059405,467.4652873576979,8267.571369636964,1345.8584857749777,297.19603960396034,181.86633663366229,0.03658536585365857,0.022074671842279958,-0.8660254037844384,-0.5000000000000004,-1.0,-1.8369701987210297e-16,31,243,0,1,0,0,5,-0.8631421280499115,-0.5049610547215202,0.43388373911755823,-0.900968867902419,8123.358415841584,7429.9009900990095,7754.059405940594,6229.40594059406,6595.841584158416,,,,,,7642.18387553041,584.481546746321,8242.67538896747,1240.9371590992268,7941.503795379538,1189.0698301351251,8017.992043847241,1192.4837974933123,7854.537128712871,1202.6673315018065,7854.537128712871,1202.6673315018065,7854.537128712871,1202.6673315018065,7854.537128712871,1202.6673315018065,7854.537128712871,1202.6673315018065,0.1333333333333333,990.6534653465351,0.3517427722237232,2191.148514851485,,,2191.148514851485,,,2017-08-31
2017,9,3,5,39,1,8222.423762376238,8420.554455445545,8123.358415841584,7925.227722772277,7429.9009900990095,7429.9009900990095,8044.836633663367,8255.445544554455,151.3248164140461,7875.6950495049505,496.316397461508,8282.370297029704,1344.1619608131004,-198.1306930693063,177.58712871287116,-0.0235294117647058,0.022074671842279958,-1.0,-1.8369701987210297e-16,-1.0,-1.8369701987210297e-16,30,273,0,1,0,1,5,-0.9999166586547379,-0.012910296075008843,-0.9749279121818236,-0.2225209339563146,8420.554455445545,6736.443564356436,7947.910891089109,7145.495049504951,6870.668316831683,,,,,,7854.46676096181,456.54074695723335,8262.283451202264,1238.0868237398824,7977.401419141914,1180.4346319629074,8066.269024045262,1171.4925161987396,7865.685208520852,1185.4575773170322,7865.685208520852,1185.4575773170322,7865.685208520852,1185.4575773170322,7865.685208520852,1185.4575773170322,7865.685208520852,1185.4575773170322,0.22058823529411775,1485.9801980198026,0.15071435994429794,1076.9287128712876,,,1076.9287128712876,,,2017-09-30
2017,10,4,1,44,0,8717.750495049504,8222.423762376238,8420.554455445545,8123.358415841584,7925.227722772277,6736.443564356436,8529.465346534653,8453.576237623762,249.30898820313004,8139.869306930693,440.4417528735635,8298.060726072606,1348.400764017792,495.3267326732657,188.28514851485124,0.06024096385542155,0.022074671842279958,-0.8660254037844386,0.5000000000000001,-2.4492935982947064e-16,1.0,31,304,0,1,0,0,5,-0.867456354729597,0.4975132889071803,0.7818314824680298,0.6234898018587336,8222.423762376238,7727.09702970297,8238.688118811882,6595.841584158416,7328.712871287129,,,,,,7995.988684582744,553.686628403269,8296.502192362093,1243.9907048071752,8048.131716171616,1158.1596224153548,8115.877510608203,1168.5094698907426,7890.745952242283,1176.4684083965062,7890.745952242283,1176.4684083965062,7890.745952242283,1176.4684083965062,7890.745952242283,1176.4684083965062,7890.745952242283,1176.4684083965062,0.1282051282051282,990.6534653465342,0.32170404395208485,2121.9089108910885,,,2121.9089108910885,,,2017-10-31
2017,11,4,3,48,0,10401.861386138613,8717.750495049504,8222.423762376238,8420.554455445545,8123.358415841584,7727.09702970297,10177.202970297029,9114.011881188118,1142.477309873647,8635.19603960396,906.6869814066584,8316.782260726073,1378.0957387704307,1684.110891089109,224.65841584158443,0.19318181818181812,0.022074671842279958,-0.5000000000000004,0.8660254037844384,-2.4492935982947064e-16,1.0,30,334,0,1,0,0,5,-0.5086709438521042,0.8609610158889945,0.43388373911755823,-0.900968867902419,8717.750495049504,7132.704950495049,8044.836633663367,6870.668316831683,7511.930693069307,,,,,,8463.011032531824,944.7758844473595,8464.861103253183,1361.2788958159497,8165.838151815182,1212.5302238898605,8219.089321074965,1238.7102586946041,7962.492107496464,1234.314635633001,7962.492107496464,1234.314635633001,7962.492107496464,1234.314635633001,7962.492107496464,1234.314635633001,7962.492107496464,1234.314635633001,0.45833333333333326,3269.156435643564,0.5139519048905701,3531.19306930693,,,3531.19306930693,,,2017-11-30
2017,12,4,6,52,1,11788.776237623762,10401.861386138613,8717.750495049504,8222.423762376238,8420.554455445545,7132.704950495049,11534.163366336634,10302.79603960396,1537.9077459495006,9279.120792079208,1487.5204163034225,8338.0,1433.0014656068333,1386.9148514851495,254.61287128712866,0.13333333333333353,0.022074671842279958,-2.4492935982947064e-16,1.0,-2.4492935982947064e-16,1.0,31,365,0,1,0,1,5,6.432490598706546e-16,1.0,-0.7818314824680299,0.6234898018587334,10401.861386138613,7429.9009900990095,8529.465346534653,7328.712871287129,7786.757425742575,,,,,,9085.707496463932,1451.1346403917642,8697.66902404526,1626.1206251737003,8314.506930693069,1369.6020846173483,8362.018564356436,1406.5012031297854,8068.777777777777,1373.5655389438398,8068.777777777777,1373.5655389438398,8068.777777777777,1373.5655389438398,8068.777777777777,1373.5655389438398,8068.777777777777,1373.5655389438398,0.5866666666666667,4358.875247524753,0.6085738989462306,4460.063366336633,,,4460.063366336633,,,2017-12-31
2018,1,1,2,5,0,7471.782178217822,11788.776237623762,10401.861386138613,8717.750495049504,8222.423762376238,7429.9009900990095,7429.9009900990095,9887.473267326734,2203.9863383917955,9170.524752475247,1607.7010008406107,8341.490099009901,1430.6377642741706,-4316.994059405941,41.88118811881213,-0.3661952667850542,0.005636843367714084,0.49999999999999994,0.8660254037844387,1.0,6.123233995736766e-17,31,31,0,1,0,0,5,0.5086709438521044,0.8609610158889943,0.9749279121818236,-0.22252093395631434,11788.776237623762,7925.227722772277,10177.202970297029,7511.930693069307,7603.539603960397,,,,,,9020.92956152758,1520.0558558276543,8504.42468175389,1597.2683011960341,8313.168646864686,1370.4327141527913,8357.312942008486,1409.3502918419408,8052.642761573455,1357.9053656511844,8052.642761573455,1357.9053656511844,8052.642761573455,1357.9053656511844,8052.642761573455,1357.9053656511844,8052.642761573455,1357.9053656511844,-0.05721545934276806,-453.4455445544554,-0.005344633289618539,-40.14851485148574,,,-40.14851485148574,,,2018-01-31
2018,2,1,2,9,0,6774.415841584158,7471.782178217822,11788.776237623762,10401.861386138613,8717.750495049504,7925.227722772277,6736.443564356436,8678.324752475248,2716.203468623886,8896.168316831683,1878.8702075593262,8344.654455445545,1426.8017550485197,-697.3663366336632,37.97227722772277,-0.09333333333333327,0.005636843367714084,0.8660254037844386,0.5000000000000001,1.0,6.123233995736766e-17,28,59,0,1,0,0,4,0.8498170915275278,0.5270777086423722,0.9749279121818236,-0.22252093395631434,7471.782178217822,8123.358415841584,11534.163366336634,7786.757425742575,8061.584158415841,,,,,,8828.223479490805,1724.5607809412354,8164.442715700141,1396.750187093572,8279.42392739274,1396.0656433515853,8311.342644978784,1440.0125877193987,8019.005211047421,1355.3848460232905,8019.005211047421,1355.3848460232905,8019.005211047421,1355.3848460232905,8019.005211047421,1355.3848460232905,8019.005211047421,1355.3848460232905,-0.16605725184140785,-1348.9425742574258,-0.1300081059173197,-1012.3415841584165,,,-1012.3415841584165,,,2018-02-28
2018,3,1,5,13,1,7770.653465346534,6774.415841584158,7471.782178217822,11788.776237623762,10401.861386138613,8123.358415841584,7727.09702970297,7338.950495049506,511.22944241302855,8820.873267326731,1919.875109148805,8348.284158415841,1425.1423404483917,996.2376237623757,43.55643564356433,0.1470588235294117,0.005636843367714084,1.0,6.123233995736766e-17,1.0,6.123233995736766e-17,31,90,0,1,0,1,5,0.9997685019798909,0.021516097436222254,-0.9749279121818236,-0.2225209339563146,6774.415841584158,8420.554455445545,7429.9009900990095,7603.539603960397,9618.935643564357,,,,,,8735.380480905233,1767.1342557896025,8188.782178217822,1385.892347962772,8284.994389438943,1393.6070291453987,8245.332567185289,1420.077187703796,8012.637217567912,1338.023051469178,8012.637217567912,1338.023051469178,8012.637217567912,1338.023051469178,8012.637217567912,1338.023051469178,8012.637217567912,1338.023051469178,-0.07718030843903889,-649.9009900990104,0.021978429795919574,167.11386138613761,,,167.11386138613761,,,2018-03-31
2018,4,2,0,18,0,7172.910891089108,7770.653465346534,6774.415841584158,7471.782178217822,11788.776237623762,8420.554455445545,7132.704950495049,7239.3267326732675,501.4286078395797,8563.4,2036.5162882064499,8351.634653465346,1422.0686721986763,-597.742574257426,40.20594059405903,-0.07692307692307698,0.005636843367714084,0.8660254037844387,-0.49999999999999983,1.2246467991473532e-16,-1.0,30,120,0,1,0,0,5,0.8800122039735357,-0.47495107206704995,0.0,1.0,7770.653465346534,8222.423762376238,6736.443564356436,8061.584158415841,10901.460396039603,,,,,,8585.450070721357,1859.9916485762883,8219.958415841584,1355.2793755546509,8255.371947194719,1407.891170635656,8112.17008486563,1333.9899662930882,7991.64405940594,1327.414373826308,7991.64405940594,1327.414373826308,7991.64405940594,1327.414373826308,7991.64405940594,1327.414373826308,7991.64405940594,1327.414373826308,-0.12764032864487473,-1049.51287128713,-0.11023556286998604,-888.6732673267325,,,-888.6732673267325,,,2018-04-30
2018,5,2,3,22,0,7471.782178217822,7172.910891089108,7770.653465346534,6774.415841584158,7471.782178217822,8222.423762376238,7429.9009900990095,7471.782178217822,298.8712871287363,8075.053465346534,1850.2858229858628,8355.124752475247,1419.650201969141,298.87128712871345,41.88118811881213,0.04166666666666674,0.005636843367714084,0.49999999999999994,-0.8660254037844387,1.2246467991473532e-16,-1.0,31,151,0,1,0,0,5,0.5160623910158528,-0.8565509959010036,0.43388373911755823,-0.900968867902419,7172.910891089108,8717.750495049504,7727.09702970297,9618.935643564357,7269.4306930693065,,,,,,8407.45459688826,1904.3104459892038,8201.721640735503,1364.1105197871066,8183.800165016501,1390.6535337142295,8119.396923620933,1329.7968912240585,7978.9645013281815,1313.228775103413,7978.9645013281815,1313.228775103413,7978.9645013281815,1313.228775103413,7978.9645013281815,1313.228775103413,7978.9645013281815,1313.228775103413,-0.1429231448570618,-1245.9683168316824,-0.22322152314046395,-2147.153465346535,,,-2147.153465346535,,,2018-05-31
2018,6,2,5,26,1,7969.90099009901,7471.782178217822,7172.910891089108,7770.653465346534,6774.415841584158,8717.750495049504,7925.227722772277,7538.19801980198,402.62464217924696,7438.574257425742,425.7871897414744,8358.847524752475,1418.4784818444143,498.1188118811888,44.67326732673337,0.06666666666666665,0.005636843367714084,1.2246467991473532e-16,-1.0,1.2246467991473532e-16,-1.0,30,181,0,1,0,1,5,0.02581844022713308,-0.9996666485105112,-0.9749279121818236,-0.2225209339563146,7471.782178217822,10401.861386138613,7132.704950495049,10901.460396039603,6590.950495049506,,,,,,8060.031683168317,1689.5396611298388,8261.52135785007,1331.6053838024345,8086.081518151815,1292.647750262711,8168.645155586987,1296.2053380544723,7978.748703441773,1297.115682278576,7978.748703441773,1297.115682278576,7978.748703441773,1297.115682278576,7978.748703441773,1297.115682278576,7978.748703441773,1297.115682278576,-0.2338005002912653,-2431.9603960396025,-0.26891437472043656,-2931.559405940593,,,-2931.559405940593,,,2018-06-30
2018,7,3,1,31,0,8169.148514851486,7969.90099009901,7471.782178217822,7172.910891089108,7770.653465346534,10401.861386138613,8123.358415841584,7870.277227722773,359.1985835021864,7554.80198019802,521.1633780504109,8362.663366336634,1417.8488541125123,199.24752475247533,45.790099009901496,0.02499999999999991,0.005636843367714084,-0.4999999999999998,-0.8660254037844388,-1.0,-1.8369701987210297e-16,31,212,0,1,0,0,5,-0.4862727071086902,-0.8738071036110807,0.7818314824680298,0.6234898018587336,7969.90099009901,11788.776237623762,7429.9009900990095,7269.4306930693065,7560.207920792079,,,,,,7542.942008486563,476.78856392228136,8314.324752475248,1310.5827595011435,8116.072112211221,1283.4517906047533,8190.393033946251,1290.7156317551644,7983.176606032697,1281.9096788450709,7983.176606032697,1281.9096788450709,7983.176606032697,1281.9096788450709,7983.176606032697,1281.9096788450709,7983.176606032697,1281.9096788450709,-0.3070401583516592,-3619.6277227722767,0.12376730170080208,899.7178217821793,,,899.7178217821793,,,2018-07-31
2018,8,3,4,35,0,8468.0198019802,8169.148514851486,7969.90099009901,7471.782178217822,7172.910891089108,11788.776237623762,8420.554455445545,8202.356435643565,250.7143039198159,7837.069306930694,470.10031596238053,8366.61881188119,1418.0912253618062,298.87128712871345,47.4653465346546,0.03658536585365857,0.005636843367714306,-0.8660254037844384,-0.5000000000000004,-1.0,-1.8369701987210297e-16,31,243,0,1,0,0,5,-0.8631421280499115,-0.5049610547215202,-0.433883739117558,-0.9009688679024191,8169.148514851486,7471.782178217822,7925.227722772277,6590.950495049506,6978.653465346534,,,,,,7685.261669024046,587.7761776766563,8353.095615275814,1306.208086733023,8178.641089108912,1251.9038107327594,8243.584688826026,1269.4429620549608,7994.195769576958,1269.0228084182543,7994.195769576958,1269.0228084182543,7994.195769576958,1269.0228084182543,7994.195769576958,1269.0228084182543,7994.195769576958,1269.0228084182543,0.13333333333333353,996.2376237623776,0.2847949333469535,1877.0693069306935,,,1877.0693069306935,,,2018-08-31
2018,9,3,6,39,1,8268.772277227723,8468.0198019802,8169.148514851486,7969.90099009901,7471.782178217822,7471.782178217822,8222.423762376238,8301.980198019803,152.17781070185598,7920.089108910892,499.11405525482985,8370.481188118812,1417.725857413561,-199.24752475247624,46.34851485148465,-0.02352941176470602,0.005636843367714084,-1.0,-1.8369701987210297e-16,-1.0,-1.8369701987210297e-16,30,273,0,1,0,1,5,-0.9999166586547379,-0.012910296075008843,-0.7818314824680299,0.6234898018587334,8468.0198019802,6774.415841584158,8123.358415841584,7560.207920792079,7269.4306930693065,,,,,,7898.74115983027,459.1141956388175,8363.482319660538,1304.818149125997,8202.259900990099,1246.506289839116,8279.275459688826,1255.0062394895865,8000.2974697469745,1255.1867759540596,8000.2974697469745,1255.1867759540596,8000.2974697469745,1255.1867759540596,8000.2974697469745,1255.1867759540596,8000.2974697469745,1255.1867759540596,0.22058823529411775,1494.3564356435645,0.09372286633638094,708.5643564356442,,,708.5643564356442,,,2018-09-30
2018,10,4,2,44,0,8766.89108910891,8268.772277227723,8468.0198019802,8169.148514851486,7969.90099009901,6774.415841584158,8717.750495049504,8501.227722772277,250.71430391981855,8185.752475247526,442.92445404711594,8374.576237623762,1418.890612718602,498.11881188118787,49.140594059406794,0.06024096385542155,0.005636843367714084,-0.8660254037844386,0.5000000000000001,-2.4492935982947064e-16,1.0,31,304,0,1,0,0,5,-0.867456354729597,0.4975132889071803,0.9749279121818236,-0.22252093395631434,8268.772277227723,7770.653465346534,8420.554455445545,6978.653465346534,7754.059405940594,,,,,,8041.060820367752,556.807673202381,8388.220650636493,1309.2590049355822,8261.867821782178,1228.6039530529029,8315.44801980198,1253.903213159795,8016.962548428755,1246.2978019859947,8016.962548428755,1246.2978019859947,8016.962548428755,1246.2978019859947,8016.962548428755,1246.2978019859947,8016.962548428755,1246.2978019859947,0.1282051282051282,996.2376237623766,0.25624393482813224,1788.2376237623766,,,1788.2376237623766,,,2018-10-31
2018,11,4,4,48,0,10460.49504950495,8766.89108910891,8268.772277227723,8468.0198019802,8169.148514851486,7770.653465346534,10401.861386138613,9165.386138613861,1148.9172755205796,8683.871287128713,911.7978339043941,8379.462376237623,1426.5865809889438,1693.6039603960398,58.633663366337714,0.19318181818181812,0.005636843367714084,-0.5000000000000004,0.8660254037844384,-2.4492935982947064e-16,1.0,30,334,0,1,0,0,5,-0.5086709438521042,0.8609610158889945,-0.433883739117558,-0.9009688679024191,8766.89108910891,7172.910891089108,8222.423762376238,7269.4306930693065,7947.910891089109,,,,,,8510.715700141443,950.1014381255845,8548.0828854314,1419.455972290413,8368.236633663366,1276.905783769081,8405.183168316831,1315.0419559748161,8068.952601643143,1283.1722850592666,8068.952601643143,1283.1722850592666,8068.952601643143,1283.1722850592666,8068.952601643143,1283.1722850592666,8068.952601643143,1283.1722850592666,0.4583333333333335,3287.5841584158425,0.43897032534858793,3191.064356435644,,,3191.064356435644,,,2018-11-30
2018,12,4,0,1,0,11855.227722772277,10460.49504950495,8766.89108910891,8268.772277227723,8468.0198019802,7172.910891089108,11788.776237623762,10360.871287128713,1546.5766910274185,9331.425742574258,1495.905335896401,8385.0,1441.0790704141637,1394.7326732673264,66.45148514851462,0.1333333333333333,0.005636843367714084,-2.4492935982947064e-16,1.0,-2.4492935982947064e-16,1.0,31,365,0,1,0,1,5,6.432490598706546e-16,1.0,0.0,1.0,10460.49504950495,7471.782178217822,8717.750495049504,7754.059405940594,8238.688118811882,,,,,,9136.922206506366,1459.3144590651164,8772.188401697313,1673.2835583879225,8504.942244224421,1420.3618226228498,8534.345297029704,1466.919437987068,8147.833333333333,1382.0863533816694,8147.833333333333,1382.0863533816694,8147.833333333333,1382.0863533816694,8147.833333333333,1382.0863533816694,8147.833333333333,1382.0863533816694,0.5866666666666667,4383.445544554455,0.5289059706828745,4101.168316831683,,,4101.168316831683,,,2018-12-31
2019,1,1,3,5,0,7759.084158415842,11855.227722772277,10460.49504950495,8766.89108910891,8268.772277227723,7471.782178217822,7471.782178217822,10024.935643564357,2082.5181924852855,9263.081683168317,1567.2911733478877,8408.941831683167,1426.844040471409,-4096.1435643564355,287.3019801980199,-0.34551369742888205,0.03845160007950699,0.49999999999999994,0.8660254037844387,1.0,6.123233995736766e-17,31,31,0,1,0,0,5,0.5086709438521044,0.8609610158889943,0.43388373911755823,-0.900968867902419,11855.227722772277,7969.90099009901,10401.861386138613,7947.910891089109,8044.836633663367,,,,,,9106.805516265913,1489.2807103107866,8583.418599717113,1623.6256177411576,8498.64801980198,1423.3306658452439,8524.139851485148,1471.4381486592654,8139.899676702365,1368.740966972554,8139.899676702365,1368.740966972554,8139.899676702365,1368.740966972554,8139.899676702365,1368.740966972554,8139.899676702365,1368.740966972554,-0.02645162492546216,-210.81683168316886,-0.02375803343303373,-188.82673267326754,,,-188.82673267326754,,,2019-01-31
2019,2,1,3,9,0,7034.90297029703,7759.084158415842,11855.227722772277,10460.49504950495,8766.89108910891,7969.90099009901,6774.415841584158,8883.071617161717,2599.3063565872562,9024.22887788779,1804.015582876328,8430.649092409241,1401.4724786448373,-724.1811881188114,260.4871287128717,-0.09333333333333327,0.03845160007950721,0.8660254037844386,0.5000000000000001,1.0,6.123233995736766e-17,28,59,0,1,0,0,4,0.8498170915275278,0.5270777086423722,0.43388373911755823,-0.900968867902419,7759.084158415842,8169.148514851486,11788.776237623762,8238.688118811882,8529.465346534653,,,,,,8944.770438472418,1660.1974856054944,8243.856223479492,1380.6193835849247,8458.521848184819,1447.672358579948,8470.762623762375,1498.104217002224,8117.799742574258,1363.685622928057,8117.799742574258,1363.685622928057,8117.799742574258,1363.685622928057,8117.799742574258,1363.685622928057,8117.799742574258,1363.685622928057,-0.13884501456821363,-1134.2455445544556,-0.14611369324276013,-1203.7851485148522,,,-1203.7851485148522,,,2019-02-28
2019,3,1,6,13,1,8069.447524752475,7034.90297029703,7759.084158415842,11855.227722772277,10460.49504950495,8169.148514851486,7770.653465346534,7621.144884488448,530.8870324815648,8991.00808580858,1822.450665832077,8455.548597359737,1391.2979131000598,1034.544554455445,298.79405940594097,0.1470588235294117,0.03845160007950721,1.0,6.123233995736766e-17,1.0,6.123233995736766e-17,31,90,0,1,0,1,5,0.9997685019798909,0.021516097436222254,-0.7818314824680299,0.6234898018587334,7034.90297029703,8468.0198019802,7471.782178217822,8044.836633663367,10177.202970297029,,,,,,8887.831541725602,1685.909196616327,8286.546605374822,1364.0503591885451,8459.342211221121,1447.4368029640843,8395.485643564356,1461.695974651964,8116.85165987187,1349.9968705587462,8116.85165987187,1349.9968705587462,8116.85165987187,1349.9968705587462,8116.85165987187,1349.9968705587462,8116.85165987187,1349.9968705587462,-0.04706794345645249,-398.57227722772404,0.0030592157690467747,24.61089108910801,,,24.61089108910801,,,2019-03-31
2019,4,2,1,18,0,7448.720792079207,8069.447524752475,7034.90297029703,7759.084158415842,11855.227722772277,8468.0198019802,7172.910891089108,7517.690429042905,520.7093401366521,8771.31303630363,1931.0856183238693,8478.532755775579,1370.302295727752,-620.7267326732681,275.80990099009887,-0.07692307692307698,0.03845160007950699,0.8660254037844387,-0.49999999999999983,1.2246467991473532e-16,-1.0,30,120,0,1,0,0,5,0.8800122039735357,-0.47495107206704995,0.7818314824680298,0.6234898018587336,8069.447524752475,8268.772277227723,6774.415841584158,8529.465346534653,11534.163366336634,,,,,,8770.681329561527,1762.8327150134237,8334.711244695898,1317.6660299157313,8423.317392739273,1459.034050215918,8249.576980198019,1335.2202297718295,8104.002989337396,1339.9033604969618,8104.002989337396,1339.9033604969618,8104.002989337396,1339.9033604969618,8104.002989337396,1339.9033604969618,8104.002989337396,1339.9033604969618,-0.09917451559368073,-820.0514851485159,-0.12670718627100463,-1080.7445544554457,,,-1080.7445544554457,,,2019-04-30
2019,5,2,4,22,0,7759.084158415842,7448.720792079207,8069.447524752475,7034.90297029703,7759.084158415842,8268.772277227723,7471.782178217822,7759.084158415841,310.36336633666104,8321.077887788779,1766.3781939462667,8502.474587458746,1353.5204341279848,310.3633663366345,287.3019801980199,0.04166666666666674,0.03845160007950699,0.49999999999999994,-0.8660254037844387,1.2246467991473532e-16,-1.0,31,151,0,1,0,0,5,0.5160623910158528,-0.8565509959010036,-0.433883739117558,-0.9009688679024191,7448.720792079207,8766.89108910891,7770.653465346534,10177.202970297029,7429.9009900990095,,,,,,8626.70891089109,1803.8705217814343,8333.88486562942,1318.0505641783764,8342.713432343235,1425.2018810228783,8261.333521923621,1329.171241338051,8097.495086867178,1327.8026678779388,8097.495086867178,1327.8026678779388,8097.495086867178,1327.8026678779388,8097.495086867178,1327.8026678779388,8097.495086867178,1327.8026678779388,-0.11495602265951099,-1007.8069306930693,-0.23760151182389289,-2418.118811881187,,,-2418.118811881187,,,2019-05-31
2019,6,2,6,26,1,8276.356435643564,7759.084158415842,7448.720792079207,8069.447524752475,7034.90297029703,8766.89108910891,7969.90099009901,7828.053795379538,418.10620390247965,7724.599339933993,442.1593884803882,8528.012541254126,1345.4253047942957,517.272277227722,306.4554455445532,0.06666666666666665,0.03845160007950699,1.2246467991473532e-16,-1.0,1.2246467991473532e-16,-1.0,30,181,0,1,0,1,5,0.02581844022713308,-0.9996666485105112,-0.7818314824680299,0.6234898018587334,7759.084158415842,10460.49504950495,7172.910891089108,11534.163366336634,6736.443564356436,,,,,,8314.689108910892,1612.5638960496792,8412.702404526168,1275.5940653753487,8234.1198679868,1291.4851828978863,8316.330410183875,1295.1625521709095,8100.80733406674,1315.4417798689983,8100.80733406674,1315.4417798689983,8100.80733406674,1315.4417798689983,8100.80733406674,1315.4417798689983,8100.80733406674,1315.4417798689983,-0.20879878089180426,-2184.138613861387,-0.2824484817166052,-3257.80693069307,,,-3257.80693069307,,,2019-06-30
2019,7,3,2,31,0,8483.265346534654,8276.356435643564,7759.084158415842,7448.720792079207,8069.447524752475,10460.49504950495,8169.148514851486,8172.90198019802,373.0103437841409,7845.296204620462,541.2029438392879,8554.188943894389,1340.8565183872101,206.90891089109027,314.11683168316813,0.025000000000000133,0.03845160007950699,-0.4999999999999998,-0.8660254037844388,-1.0,-1.8369701987210297e-16,31,212,0,1,0,0,5,-0.4862727071086902,-0.8738071036110807,0.9749279121818236,-0.22252093395631434,8276.356435643564,11855.227722772277,7471.782178217822,7429.9009900990095,7727.09702970297,,,,,,7832.980198019802,495.1218471047021,8484.951202263084,1246.5149160987655,8269.23201320132,1283.1588841253097,8343.336421499293,1290.2955904942307,8107.761116111611,1304.224827539201,8107.761116111611,1304.224827539201,8107.761116111611,1304.224827539201,8107.761116111611,1304.224827539201,8107.761116111611,1304.224827539201,-0.28442830918891104,-3371.962376237623,0.14177367340955738,1053.3643564356444,,,1053.3643564356444,,,2019-07-31
2019,8,3,5,35,1,8793.628712871288,8483.265346534654,8276.356435643564,7759.084158415842,7448.720792079207,11855.227722772277,8468.0198019802,8517.750165016501,260.35467006835916,8138.417161716171,488.17642530901304,8581.32301980198,1342.2480944283313,310.3633663366345,325.6089108910892,0.03658536585365857,0.03845160007950699,-0.8660254037844384,-0.5000000000000004,-1.0,-1.8369701987210297e-16,31,243,0,1,0,0,5,-0.8631421280499115,-0.5049610547215202,-0.9749279121818236,-0.2225209339563146,8483.265346534654,7759.084158415842,7969.90099009901,6736.443564356436,7132.704950495049,,,,,,7980.772277227722,610.3771121969395,8543.788896746819,1239.755916211302,8337.804851485149,1253.0361662032253,8402.655127298445,1270.6065033848847,8120.008751768034,1295.5598561338982,8120.008751768034,1295.5598561338982,8120.008751768034,1295.5598561338982,8120.008751768034,1295.5598561338982,8120.008751768034,1295.5598561338982,0.13333333333333353,1034.5445544554468,0.3053814863676343,2057.1851485148527,,,2057.1851485148527,,,2019-08-31
2019,9,3,0,40,0,8586.719801980198,8793.628712871288,8483.265346534654,8276.356435643564,7759.084158415842,7759.084158415842,8268.772277227723,8621.204620462047,158.02929101994948,8224.629207920792,518.3057893015468,8607.818646864687,1338.6508254240762,-206.90891089109027,317.94752475247515,-0.02352941176470602,0.03845160007950699,-1.0,-1.8369701987210297e-16,-1.0,-1.8369701987210297e-16,30,273,0,1,0,1,5,-0.9999166586547379,-0.012910296075008843,0.0,1.0,8793.628712871288,7034.90297029703,8169.148514851486,7727.09702970297,7429.9009900990095,6870.668316831683,,,,,8202.460396039603,476.76787108034506,8573.615417256011,1235.063513205508,8366.45894389439,1248.4093642162957,8443.97008486563,1256.5346114949446,8150.652528288542,1285.7295426702474,8128.19666492965,1285.427538382882,8128.19666492965,1285.427538382882,8128.19666492965,1285.427538382882,8128.19666492965,1285.427538382882,0.22058823529411753,1551.816831683168,0.1112478294206527,859.6227722772283,,,859.6227722772283,,,2019-09-30
2019,10,4,3,44,0,9103.992079207921,8586.719801980198,8793.628712871288,8483.265346534654,8276.356435643564,7034.90297029703,8766.89108910891,8828.113531353136,260.3546700683635,8500.507755775578,459.9556080195663,8635.910396039604,1345.8103551769102,517.272277227723,337.10099009901023,0.06024096385542177,0.03845160007950699,-0.8660254037844386,0.5000000000000001,-2.4492935982947064e-16,1.0,31,304,0,1,0,0,5,-0.867456354729597,0.4975132889071803,0.43388373911755823,-0.900968867902419,8586.719801980198,8069.447524752475,8468.0198019802,7132.704950495049,7925.227722772277,6229.40594059406,,,,,8350.252475247526,578.2178191735595,8619.042008486564,1242.553926344883,8432.168514851484,1233.0160115471942,8486.068811881187,1258.256438015723,8201.984423620934,1264.8437562370777,8145.020723796518,1280.5282723697928,8145.020723796518,1280.5282723697928,8145.020723796518,1280.5282723697928,8145.020723796518,1280.5282723697928,0.1282051282051282,1034.544554455446,0.2763730088927978,1971.287128712872,,,1971.287128712872,,,2019-10-31
2019,11,4,5,48,1,10862.717821782178,9103.992079207921,8586.719801980198,8793.628712871288,8483.265346534654,8069.447524752475,10460.49504950495,9517.8099009901,1193.0949831233363,9017.7800330033,946.8579195670453,8669.42896039604,1399.3290878429834,1758.7257425742573,402.2227722772277,0.19318181818181812,0.03845160007950699,-0.5000000000000004,0.8660254037844384,-2.4492935982947064e-16,1.0,30,334,0,1,0,0,5,-0.5086709438521042,0.8609610158889945,-0.9749279121818236,-0.2225209339563146,9103.992079207921,7448.720792079207,8268.772277227723,7429.9009900990095,8123.358415841584,7145.495049504951,,,,,8837.966336633664,986.6343586593547,8804.323833097596,1372.8691092708282,8546.595742574258,1294.5475589103153,8583.903076379067,1333.27150683057,8268.363401697312,1305.2845178707576,8191.083386474241,1317.8260217115276,8191.083386474241,1317.8260217115276,8191.083386474241,1317.8260217115276,8191.083386474241,1317.8260217115276,0.4583333333333335,3413.9970297029713,0.46202726473175026,3432.816831683169,,,3432.816831683169,,,2019-11-30
2019,12,4,1,1,0,12311.080198019801,10862.717821782178,9103.992079207921,8586.719801980198,8793.628712871288,7448.720792079207,11855.227722772277,10759.263366336634,1606.045039443095,9690.23399339934,1553.4252896290895,8707.416666666666,1496.4908665126775,1448.3623762376228,455.8524752475241,0.1333333333333333,0.03845160007950699,-2.4492935982947064e-16,1.0,-2.4492935982947064e-16,1.0,31,365,0,1,0,1,5,6.432490598706546e-16,1.0,0.7818314824680298,0.6234898018587336,10862.717821782178,7759.084158415842,8766.89108910891,7925.227722772277,8420.554455445545,6595.841584158416,,,,,9488.251485148516,1515.4274350353314,9057.4801980198,1661.8041550505404,8692.790825082508,1459.1424385211467,8722.850424328148,1507.0222894597764,8370.421234087695,1392.6440972821847,8259.75,1410.7220297095473,8259.75,1410.7220297095473,8259.75,1410.7220297095473,8259.75,1410.7220297095473,0.5866666666666667,4551.99603960396,0.5534039687774845,4385.852475247524,,,4385.852475247524,,,2019-12-31
2020,1,1,4,5,0,8134.529702970297,12311.080198019801,10862.717821782178,9103.992079207921,8586.719801980198,7759.084158415842,7759.084158415842,10436.109240924092,2120.7049937157494,9632.111386138613,1612.9986827144255,8738.703795379539,1478.6803810709462,-4176.550495049504,375.4455445544554,-0.33925134333226825,0.04838786857946764,0.49999999999999994,0.8660254037844387,1.0,6.123233995736766e-17,31,31,0,1,0,0,5,0.5086709438521044,0.8609610158889943,-0.433883739117558,-0.9009688679024191,12311.080198019801,8276.356435643564,10460.49504950495,8123.358415841584,8222.423762376238,6870.668316831683,,,,,9467.990523338047,1535.1504471148392,8891.33981612447,1626.6449619370583,8693.163201320132,1458.993524988065,8719.711350777934,1508.19435094913,8392.990187411599,1378.062071212017,8257.697208245414,1399.0084889720804,8257.697208245414,1399.0084889720804,8257.697208245414,1399.0084889720804,8257.697208245414,1399.0084889720804,-0.01713637320674899,-141.82673267326663,0.001375205494678955,11.17128712871272,,,11.17128712871272,,,2020-01-31
2020,2,1,5,9,1,7375.30693069307,8134.529702970297,12311.080198019801,10862.717821782178,9103.992079207921,8276.356435643564,7034.90297029703,9273.63894389439,2657.751273856026,9395.724422442245,1847.3583371565012,8767.070792079207,1445.9256199928648,-759.2227722772268,340.40396039604,-0.09333333333333327,0.04838786857946764,0.8660254037844386,0.5000000000000001,1.0,6.123233995736766e-17,29,60,0,1,0,0,5,0.8587639582758029,0.5123714121284237,-0.9749279121818236,-0.2225209339563146,8134.529702970297,8483.265346534654,11855.227722772277,8420.554455445545,8717.750495049504,7328.712871287129,,,,,9309.710749646392,1701.6851897181796,8571.345473833097,1427.1497872358486,8658.321617161717,1478.0837153145003,8671.766937765206,1529.446912103198,8393.822224186706,1377.4217232578255,8243.46510699457,1392.011985693068,8243.46510699457,1392.011985693068,8243.46510699457,1392.011985693068,8243.46510699457,1392.011985693068,-0.13060518215361205,-1107.9584158415837,-0.12413048692732065,-1045.2475247524744,,,-1045.2475247524744,,,2020-02-29
2020,3,1,1,14,0,8459.910891089108,7375.30693069307,8134.529702970297,12311.080198019801,10862.717821782178,8483.265346534654,8069.447524752475,7989.915841584159,556.5755244398351,9374.589603960396,1859.1526314710843,8799.609405940593,1433.1362216870457,1084.603960396038,390.46336633663304,0.14705882352941146,0.04838786857946764,1.0,6.123233995736766e-17,1.0,6.123233995736766e-17,31,91,0,1,0,1,5,0.9999907397361901,0.004303538296244289,0.7818314824680298,0.6234898018587336,7375.30693069307,8793.628712871288,7759.084158415842,8222.423762376238,10401.861386138613,7511.930693069307,,,,,9262.036775106082,1723.093361052535,8621.404526166903,1408.6382184800764,8666.237854785479,1476.303544232972,8602.411562942008,1491.6506345157404,8410.750442008486,1372.2017518478979,8246.90075436115,1381.0097089960664,8246.90075436115,1381.0097089960664,8246.90075436115,1381.0097089960664,8246.90075436115,1381.0097089960664,-0.03794995589178285,-333.7178217821802,0.02888286174200272,237.4871287128699,,,237.4871287128699,,,2020-03-31
2020,4,2,3,18,0,7809.148514851485,8459.910891089108,7375.30693069307,8134.529702970297,12311.080198019801,8793.628712871288,7448.720792079207,7881.455445544555,545.9053552552945,9158.782343234323,1968.765535857689,8829.64504950495,1405.76607326366,-650.7623762376234,360.4277227722778,-0.07692307692307687,0.04838786857946786,0.8660254037844387,-0.49999999999999983,1.2246467991473532e-16,-1.0,30,121,0,1,0,0,5,0.8717063187093218,-0.49002866642905923,0.43388373911755823,-0.900968867902419,8459.910891089108,8586.719801980198,7034.90297029703,8717.750495049504,11788.776237623762,7786.757425742575,,,,,9150.955162659124,1797.348129682864,8676.707779349365,1355.7670420801544,8635.951122112212,1484.5076100659874,8460.282001414427,1360.6412880385187,8411.150282885432,1372.019873094422,8240.060875618812,1371.097795963958,8240.060875618812,1371.097795963958,8240.060875618812,1371.097795963958,8240.060875618812,1371.097795963958,-0.09055510195516059,-777.5712871287133,-0.10422436163021431,-908.6019801980192,,,-908.6019801980192,,,2020-04-30
2020,5,2,6,22,1,8134.529702970297,7809.148514851485,8459.910891089108,7375.30693069307,8134.529702970297,8586.719801980198,7759.084158415842,8134.529702970297,325.3811881188562,8704.084323432342,1804.737338044943,8860.932178217821,1383.7793731960626,325.38118811881213,375.4455445544554,0.04166666666666674,0.04838786857946764,0.49999999999999994,-0.8660254037844387,1.2246467991473532e-16,-1.0,31,152,0,1,0,0,5,0.5012418134457758,-0.865307254363206,-0.7818314824680299,0.6234898018587334,7809.148514851485,9103.992079207921,8069.447524752475,10401.861386138613,7471.782178217822,7603.539603960397,,,,,9012.460537482319,1838.4509625915728,8681.356506364922,1353.6345672497075,8560.373399339935,1448.789591105436,8483.951555869873,1348.5191194371366,8420.63224893918,1368.166446383673,8238.437319116527,1360.4068954538939,8238.437319116527,1360.4068954538939,8238.437319116527,1360.4068954538939,8238.437319116527,1360.4068954538939,-0.10648761200613555,-969.4623762376241,-0.21797364904225058,-2267.331683168316,,,-2267.331683168316,,,2020-05-31
2020,6,2,1,27,0,8676.831683168317,8134.529702970297,7809.148514851485,8459.910891089108,7375.30693069307,9103.992079207921,8276.356435643564,8206.836633663368,438.33747194918493,8098.376237623762,463.5545388613458,8894.305115511552,1373.1879977449842,542.3019801980199,400.4752475247533,0.06666666666666665,0.04838786857946786,1.2246467991473532e-16,-1.0,1.2246467991473532e-16,-1.0,30,182,0,1,0,1,5,0.008606996888688698,-0.9999629591162655,0.7818314824680298,0.6234898018587336,8134.529702970297,10862.717821782178,7448.720792079207,11788.776237623762,6774.415841584158,8061.584158415841,,,,,8700.19108910891,1647.5244511162134,8769.078712871287,1306.5851591129397,8456.64191419142,1314.8871475748458,8551.894978783592,1306.4659250445604,8431.618811881188,1367.7010009414423,8245.079657965796,1350.979818850696,8245.079657965796,1350.979818850696,8245.079657965796,1350.979818850696,8245.079657965796,1350.979818850696,-0.2012282906061199,-2185.8861386138615,-0.2639751990985888,-3111.9445544554455,,,-3111.9445544554455,,,2020-06-30
2020,7,3,4,31,0,8893.752475247526,8676.831683168317,8134.529702970297,7809.148514851485,8459.910891089108,10862.717821782178,8483.265346534654,8568.371287128713,391.05951927796394,8224.913366336636,567.3906007605979,8928.512376237624,1367.1171733433614,216.9207920792087,410.4871287128717,0.025000000000000133,0.04838786857946764,-0.4999999999999998,-0.8660254037844388,-1.0,-1.8369701987210297e-16,31,213,0,1,0,0,5,-0.5012418134457756,-0.8653072543632061,-0.433883739117558,-0.9009688679024191,8676.831683168317,12311.080198019801,7759.084158415842,7471.782178217822,7770.653465346534,9618.935643564357,,,,,8212.001414427157,519.0797379732305,8850.126449787836,1273.8987510168474,8504.04092409241,1303.7430870478265,8592.005657708627,1298.8102353472145,8418.66911244696,1359.664309497325,8254.761341805823,1343.0461576826724,8254.761341805823,1343.0461576826724,8254.761341805823,1343.0461576826724,8254.761341805823,1343.0461576826724,-0.2775814687099465,-3417.3277227722756,0.19031206519578636,1421.970297029704,,,1421.970297029704,,,2020-07-31
2020,8,3,0,36,0,9219.133663366338,8893.752475247526,8676.831683168317,8134.529702970297,7809.148514851485,12311.080198019801,8793.628712871288,8929.905940594059,272.9526776276962,8532.217821782178,511.7982420204553,8963.97112211221,1368.817747352371,325.38118811881213,425.50495049504934,0.03658536585365857,0.04838786857946764,-0.8660254037844384,-0.5000000000000004,-1.0,-1.8369701987210297e-16,31,244,0,1,0,0,5,-0.8717063187093218,-0.4900286664290594,0.0,1.0,8893.752475247526,8134.529702970297,8276.356435643564,6774.415841584158,7172.910891089108,10901.460396039603,,,,,8366.944837340878,639.9119596858422,8917.467680339463,1266.1298049216039,8585.531518151814,1267.8133261078233,8665.085042432815,1273.3222748004266,8388.627563649223,1321.8701499797216,8268.943287711125,1338.106002139645,8268.943287711125,1338.106002139645,8268.943287711125,1338.106002139645,8268.943287711125,1338.106002139645,0.13333333333333353,1084.6039603960407,0.3608750745378655,2444.7178217821793,,,2444.7178217821793,,,2020-08-31
2020,9,3,2,40,0,9002.212871287129,9219.133663366338,8893.752475247526,8676.831683168317,8134.529702970297,8134.529702970297,8586.719801980198,9038.366336633664,165.67599158555907,8622.601485148516,543.3855017182439,8998.595544554455,1363.6528465659007,-216.9207920792087,415.4930693069309,-0.02352941176470591,0.04838786857946764,-1.0,-1.8369701987210297e-16,-1.0,-1.8369701987210297e-16,30,274,0,1,0,1,5,-0.9999907397361901,0.004303538296243821,0.9749279121818236,-0.22252093395631434,9219.133663366338,7375.30693069307,8483.265346534654,7770.653465346534,7471.782178217822,7269.4306930693065,,,,,8599.359971711458,499.8376521690965,8954.535360678925,1260.021818418767,8626.583498349835,1260.4351659946446,8719.743281471005,1252.8851506463043,8419.57010254597,1315.4605605648803,8279.570383125269,1331.1607376582397,8279.570383125269,1331.1607376582397,8279.570383125269,1331.1607376582397,8279.570383125269,1331.1607376582397,0.22058823529411753,1626.9059405940588,0.15848852499120847,1231.5594059405948,,,1231.5594059405948,,,2020-09-30
2020,10,4,5,44,1,9544.514851485148,9002.212871287129,9219.133663366338,8893.752475247526,8676.831683168317,7375.30693069307,9103.992079207921,9255.287128712873,272.9526776276983,8911.829207920791,482.21187953280554,9035.305775577557,1372.6479954268095,542.301980198019,440.522772277227,0.06024096385542155,0.04838786857946764,-0.8660254037844386,0.5000000000000001,-2.4492935982947064e-16,1.0,31,305,0,1,0,0,5,-0.858763958275803,0.5123714121284235,-0.9749279121818236,-0.2225209339563146,9002.212871287129,8459.910891089108,8793.628712871288,7172.910891089108,7969.90099009901,6590.950495049506,,,,,8754.303394625178,606.1965470180384,9008.17008486563,1268.5978345859614,8705.63696369637,1240.3302929277406,8775.979490806223,1253.320135645834,8472.312323196606,1299.9292304397618,8297.641018387552,1330.1000943197648,8297.641018387552,1330.1000943197648,8297.641018387552,1330.1000943197648,8297.641018387552,1330.1000943197648,0.1282051282051282,1084.6039603960398,0.33063340621480153,2371.60396039604,,,2371.60396039604,,,2020-10-31
2020,11,4,0,49,0,11388.341584158416,9544.514851485148,9002.212871287129,9219.133663366338,8893.752475247526,8459.910891089108,10862.717821782178,9978.356435643565,1250.826306369533,9454.131188118812,992.6743561424856,9079.107755775578,1442.8540870302993,1843.8267326732675,525.6237623762372,0.19318181818181812,0.04838786857946764,-0.5000000000000004,0.8660254037844384,-2.4492935982947064e-16,1.0,30,335,0,1,0,0,5,-0.4937755501599774,0.8695893893466109,0.0,1.0,9544.514851485148,7809.148514851485,8586.719801980198,7471.782178217822,8169.148514851486,7560.207920792079,,,,,9265.616690240453,1034.3754923421516,9208.285926449787,1410.0838267845265,8836.188943894389,1310.137524948452,8890.9506718529,1340.2319344526768,8540.671852899575,1350.7538839233853,8341.17201227165,1370.5596392015616,8341.17201227165,1370.5596392015616,8341.17201227165,1370.5596392015616,8341.17201227165,1370.5596392015616,0.45833333333333326,3579.1930693069307,0.5241800834824091,3916.559405940594,,,3916.559405940594,,,2020-11-30
2020,12,4,3,53,0,12906.787128712871,11388.341584158416,9544.514851485148,9002.212871287129,9219.133663366338,7809.148514851485,12311.080198019801,11279.881188118814,1683.7581357443757,10159.123762376237,1628.5922283916861,9128.75,1568.9028698918678,1518.4455445544554,595.7069306930698,0.1333333333333333,0.04838786857946764,-2.4492935982947064e-16,1.0,-2.4492935982947064e-16,1.0,31,366,0,1,0,1,5,0.017213356155833904,0.9998518392091162,0.43388373911755823,-0.900968867902419,11388.341584158416,8134.529702970297,9103.992079207921,7969.90099009901,8468.0198019802,6978.653465346534,,,,,9947.367751060821,1588.7557386035405,9479.914144271568,1720.5424161673159,9000.751815181518,1494.6368062951435,9049.478076379066,1536.499025482986,8646.531382602547,1454.4289397210298,8404.583333333334,1463.382587561569,8404.583333333334,1463.382587561569,8404.583333333334,1463.382587561569,8404.583333333334,1463.382587561569,0.5866666666666667,4772.257425742574,0.6194413387000595,4936.886138613861,,,4936.886138613861,,,2020-12-31
2021,1,1,6,4,1,9725.19801980198,12906.787128712871,11388.341584158416,9544.514851485148,9002.212871287129,8134.529702970297,8134.529702970297,11340.10891089109,1591.342862981776,10297.69801980198,1531.8925118128402,9261.305693069307,1544.269243682567,-3181.589108910892,1590.6683168316822,-0.2465051199173357,0.19554520973116052,0.49999999999999994,0.8660254037844387,1.0,6.123233995736766e-17,31,31,0,1,0,0,5,0.5086709438521044,0.8609610158889943,-0.7818314824680299,0.6234898018587334,12906.787128712871,8676.831683168317,10862.717821782178,8169.148514851486,8268.772277227723,7269.4306930693065,,,,,10097.134370579914,1495.7136529145953,9398.662729844413,1676.5131799250175,9052.6201320132,1491.7796001209413,9101.493281471005,1533.7406404288568,8690.384370579915,1449.1653861850773,8422.67394547674,1461.3816847331823,8422.67394547674,1461.3816847331823,8422.67394547674,1461.3816847331823,8422.67394547674,1461.3816847331823,0.12082363412296293,1048.3663366336623,0.19047878761435189,1556.0495049504934,,,1556.0495049504934,,,2021-01-31
2021,2,1,6,8,1,8817.51287128713,9725.19801980198,12906.787128712871,11388.341584158416,9544.514851485148,8676.831683168317,7375.30693069307,10483.16600660066,2147.423477069669,10230.761221122111,1595.8845278745391,9381.489521452146,1436.5069177616185,-907.6851485148491,1442.20594059406,-0.09333333333333305,0.19554520973116074,0.8660254037844386,0.5000000000000001,1.0,6.123233995736766e-17,28,59,0,1,0,0,4,0.8498170915275278,0.5270777086423722,-0.7818314824680299,0.6234898018587334,9725.19801980198,8893.752475247526,12311.080198019801,8468.0198019802,8766.89108910891,7754.059405940594,,,,,10086.242998585572,1506.1777689813512,9149.122206506365,1455.039697638423,9064.269900990099,1488.4177116868198,9103.301202263083,1533.3614035214025,8709.374611032532,1443.6297648490706,8428.009606636339,1452.063311861299,8428.009606636339,1452.063311861299,8428.009606636339,1452.063311861299,8428.009606636339,1452.063311861299,-0.00857226510098863,-76.23960396039547,0.041272112900019975,349.4930693069309,,,349.4930693069309,,,2021-02-28
2021,3,1,2,13,0,10114.20594059406,8817.51287128713,9725.19801980198,12906.787128712871,11388.341584158416,8893.752475247526,8459.910891089108,9552.305610561058,665.4112020976488,10416.093399339934,1485.4227088196576,9519.347442244225,1419.3014246959606,1296.6930693069298,1654.2950495049517,0.1470588235294117,0.19554520973116096,1.0,6.123233995736766e-17,1.0,6.123233995736766e-17,31,90,0,1,0,1,5,0.9997685019798909,0.021516097436222254,0.9749279121818236,-0.22252093395631434,8817.51287128713,9219.133663366338,8134.529702970297,8268.772277227723,10460.49504950495,7947.910891089109,,,,,10214.110466760962,1457.5025175289966,9290.52765205092,1445.0147310215898,9125.784356435644,1492.5361385379636,9090.933734087694,1523.3733858617525,8748.058451202263,1451.8552572733342,8450.492224422442,1455.3023363311038,8450.492224422442,1455.3023363311038,8450.492224422442,1455.3023363311038,8450.492224422442,1455.3023363311038,0.09708854540035916,895.0722772277222,0.22318109647893913,1845.433663366337,,,1845.433663366337,,,2021-03-31
2021,4,2,4,17,0,9336.1900990099,10114.20594059406,8817.51287128713,9725.19801980198,12906.787128712871,9219.133663366338,7809.148514851485,9422.636303630365,652.6545324420503,10381.372607260726,1512.0655998965813,9646.600907590759,1316.7807432383513,-778.0158415841597,1527.0415841584154,-0.0769230769230771,0.19554520973116074,0.8660254037844387,-0.49999999999999983,1.2246467991473532e-16,-1.0,30,120,0,1,0,0,5,0.8800122039735357,-0.47495107206704995,-0.433883739117558,-0.9009688679024191,10114.20594059406,9002.212871287129,7375.30693069307,8766.89108910891,11855.227722772277,8238.688118811882,,,,,10261.821499292786,1416.0976616180296,9430.59073550212,1336.0172083185832,9144.76099009901,1491.4344222562315,9000.968104667609,1425.3030527342153,8767.656700848656,1452.261774711246,8462.146143824908,1449.133537638177,8462.146143824908,1449.133537638177,8462.146143824908,1449.133537638177,8462.146143824908,1449.133537638177,0.03709945904389822,333.9772277227712,0.06493738819320205,569.2990099009894,,,569.2990099009894,,,2021-04-30
2021,5,2,0,22,0,9725.19801980198,9336.1900990099,10114.20594059406,8817.51287128713,9725.19801980198,9002.212871287129,8134.529702970297,9725.19801980198,389.0079207921241,10104.18201320132,1441.3384549185719,9779.156600660066,1227.7841393199292,389.00792079207895,1590.6683168316822,0.04166666666666674,0.19554520973116052,0.49999999999999994,-0.8660254037844387,1.2246467991473532e-16,-1.0,31,151,0,1,0,0,5,0.5160623910158528,-0.8565509959010036,0.0,1.0,9336.1900990099,9544.514851485148,8459.910891089108,10460.49504950495,7759.084158415842,8044.836633663367,,,,,10287.633380480906,1402.424548339934,9520.968387553043,1307.8010364952158,9120.25108910891,1475.0178422510087,9071.186456859972,1410.2058340179403,8797.66315417256,1454.4135292167946,8478.549414941494,1446.7462704568152,8478.549414941494,1446.7462704568152,8478.549414941494,1446.7462704568152,8478.549414941494,1446.7462704568152,0.018930576475421068,180.68316831683114,-0.07029275633926813,-735.2970297029715,,,-735.2970297029715,,,2021-05-31
2021,6,2,2,26,0,10373.544554455446,9725.19801980198,9336.1900990099,10114.20594059406,8817.51287128713,9544.514851485148,8676.831683168317,9811.644224422444,524.0522648345087,9681.974917491749,554.2004083848338,9920.549339933994,1186.295485024423,648.3465346534667,1696.712871287129,0.06666666666666687,0.19554520973116074,1.2246467991473532e-16,-1.0,1.2246467991473532e-16,-1.0,30,181,0,1,0,1,5,0.02581844022713308,-0.9996666485105112,0.9749279121818236,-0.22252093395631434,9725.19801980198,11388.341584158416,7809.148514851485,11855.227722772277,7034.90297029703,8529.465346534653,,,,,10142.662376237624,1319.6889607271346,9704.139533239038,1226.668460223137,9070.861650165018,1403.347220742752,9190.4236562942,1372.2915310931048,8830.59314002829,1469.0335468029741,8502.844224422442,1453.2482677532096,8502.844224422442,1453.2482677532096,8502.844224422442,1453.2482677532096,8502.844224422442,1453.2482677532096,-0.08910841163340133,-1014.7970297029697,-0.12498141773107574,-1481.6831683168311,,,-1481.6831683168311,,,2021-06-30
2021,7,3,5,30,1,10632.883168316832,10373.544554455446,9725.19801980198,9336.1900990099,10114.20594059406,11388.341584158416,8893.752475247526,10243.875247524753,467.52933499253214,9833.255775577558,678.3411147858295,10065.476897689769,1155.2774744798758,259.33861386138597,1739.1306930693063,0.02499999999999991,0.19554520973116052,-0.4999999999999998,-0.8660254037844388,-1.0,-1.8369701987210297e-16,31,212,0,1,0,0,5,-0.4862727071086902,-0.8738071036110807,-0.9749279121818236,-0.2225209339563146,10373.544554455446,12906.787128712871,8134.529702970297,7759.084158415842,8069.447524752475,10177.202970297029,,,,,9817.818953323904,620.5832942024132,9882.593352192362,1160.7143241726856,9166.654950495049,1408.7898888969696,9281.974929278642,1380.2225452644898,8838.730286421498,1477.863687061349,8529.806742699588,1463.6549146833486,8529.806742699588,1463.6549146833486,8529.806742699588,1463.6549146833486,8529.806742699588,1463.6549146833486,-0.17617893110962035,-2273.903960396039,0.37037863634768575,2873.7990099009903,,,2873.7990099009903,,,2021-07-31
2021,8,3,1,35,0,11021.89108910891,10632.883168316832,10373.544554455446,9725.19801980198,9336.1900990099,12906.787128712871,9219.133663366338,10676.106270627062,326.32726622107145,10200.65214521452,611.8779365963956,10215.706683168317,1152.425499361725,389.00792079207895,1802.757425742573,0.03658536585365857,0.19554520973116052,-0.8660254037844384,-0.5000000000000004,-1.0,-1.8369701987210297e-16,31,243,0,1,0,0,5,-0.8631421280499115,-0.5049610547215202,0.7818314824680298,0.6234898018587336,10632.883168316832,9725.19801980198,8676.831683168317,7034.90297029703,7448.720792079207,11534.163366336634,,,,,10003.060820367751,765.0436780520953,10050.097595473833,1142.3889065674493,9299.554554455446,1388.6689864466912,9409.58815417256,1369.588869607212,8829.58256718529,1462.3804053262952,8560.957797029703,1480.8103266533478,8560.957797029703,1480.8103266533478,8560.957797029703,1480.8103266533478,8560.957797029703,1480.8103266533478,0.13333333333333353,1296.6930693069316,0.5667438677755552,3986.9881188118807,,,3986.9881188118807,,,2021-08-31
2021,9,3,3,39,0,10762.552475247525,11021.89108910891,10632.883168316832,10373.544554455446,9725.19801980198,9725.19801980198,9002.212871287129,10805.775577557755,198.07313810755136,10308.709900990098,649.6419336166199,10362.401650165017,1094.4973929993123,-259.33861386138597,1760.3396039603958,-0.02352941176470591,0.19554520973116074,-1.0,-1.8369701987210297e-16,-1.0,-1.8369701987210297e-16,30,273,0,1,0,1,5,-0.9999166586547379,-0.012910296075008843,0.43388373911755823,-0.900968867902419,11021.89108910891,8817.51287128713,8893.752475247526,8069.447524752475,7759.084158415842,7429.9009900990095,,,,,10280.923620933521,597.5785106940383,10183.583309759548,1105.4647889815344,9389.324719471948,1393.446288381883,9516.854879773691,1353.0495862858254,8889.094200848656,1472.163141635489,8588.137978242268,1491.7201398183695,8588.137978242268,1491.7201398183695,8588.137978242268,1491.7201398183695,8588.137978242268,1491.7201398183695,0.22058823529411753,1945.0396039603947,0.3337409335935497,2693.1049504950497,,,2693.1049504950497,,,2021-09-30
2021,10,4,6,43,1,11410.89900990099,10762.552475247525,11021.89108910891,10632.883168316832,10373.544554455446,8817.51287128713,9544.514851485148,11065.114191419141,326.327266221072,10654.494719471946,576.5061026509154,10517.933663366337,1100.301421035422,648.3465346534649,1866.3841584158417,0.06024096385542155,0.19554520973116074,-0.8660254037844386,0.5000000000000001,-2.4492935982947064e-16,1.0,31,304,0,1,0,0,5,-0.867456354729597,0.4975132889071803,-0.7818314824680299,0.6234898018587334,10762.552475247525,10114.20594059406,9219.133663366338,7448.720792079207,8276.356435643564,6736.443564356436,,,,,10466.165487977369,724.735377942988,10340.137977369164,1113.5421931798933,9521.397326732673,1390.9387551975442,9628.802828854314,1376.0884863894705,8972.566619519095,1480.3865833418236,8622.561893262497,1514.901811588785,8622.561893262497,1514.901811588785,8622.561893262497,1514.901811588785,8622.561893262497,1514.901811588785,0.1282051282051282,1296.6930693069298,0.5319273373805431,3962.1782178217827,,,3962.1782178217827,,,2021-10-31
2021,11,4,1,48,0,13615.277227722772,11410.89900990099,10762.552475247525,11021.89108910891,10632.883168316832,10114.20594059406,11388.341584158416,11929.576237623762,1495.4193987858107,11302.841254125413,1186.7870713091172,10703.511633663366,1405.8304695034155,2204.3782178217825,2226.9356435643567,0.19318181818181812,0.19554520973116074,-0.5000000000000004,0.8660254037844384,-2.4492935982947064e-16,1.0,30,334,0,1,0,0,5,-0.5086709438521042,0.8609610158889945,0.7818314824680298,0.6234898018587336,11410.89900990099,9336.1900990099,9002.212871287129,7759.084158415842,8483.265346534654,7727.09702970297,,,,,11077.463649222065,1236.642664932967,10669.642574257425,1345.5384514538223,9716.603762376237,1538.2204941000446,9812.088967468177,1548.7966950782074,9077.712694483735,1594.988698982365,8682.715090063224,1602.2697544802659,8682.715090063224,1602.2697544802659,8682.715090063224,1602.2697544802659,8682.715090063224,1602.2697544802659,0.4583333333333335,4279.087128712872,0.754753131908622,5856.193069306931,,,5856.193069306931,,,2021-11-30
2021,12,4,4,52,0,15430.647524752474,13615.277227722772,11410.89900990099,10762.552475247525,11021.89108910891,9336.1900990099,12906.787128712871,13485.60792079208,2013.0089735350502,12145.691749174917,1947.0556372590795,10913.833333333334,1875.6943106326974,1815.3702970297018,2523.860396039603,0.1333333333333333,0.19554520973116074,-2.4492935982947064e-16,1.0,-2.4492935982947064e-16,1.0,31,365,0,1,0,1,5,6.432490598706546e-16,1.0,-0.433883739117558,-0.9009688679024191,13615.277227722772,9725.19801980198,9544.514851485148,8276.356435643564,8793.628712871288,7132.704950495049,,,,,11892.527864214991,1899.4293127203493,11090.080622347949,1807.3069644888135,9955.080132013203,1833.476072604144,10049.125353606787,1863.1370050618873,9225.890240452618,1785.1231142147215,8763.047619047618,1754.5415070172958,8763.047619047618,1754.5415070172958,8763.047619047618,1754.5415070172958,8763.047619047618,1754.5415070172958,0.5866666666666667,5705.449504950495,0.8644252026529109,7154.2910891089105,,,7154.2910891089105,,,2021-12-31
2022,1,1,0,5,0,9504.282178217822,15430.647524752474,13615.277227722772,11410.89900990099,10762.552475247525,9725.19801980198,9725.19801980198,12850.068976897688,3036.3809552656307,11957.591584158416,2164.776799564439,10895.423679867987,1889.4548079121007,-5926.365346534652,-220.91584158415753,-0.3840645920417859,-0.02271581937296696,0.49999999999999994,0.8660254037844387,1.0,6.123233995736766e-17,31,31,0,1,0,0,5,0.5086709438521044,0.8609610158889943,0.0,1.0,15430.647524752474,10373.544554455446,11388.341584158416,8483.265346534654,8586.719801980198,7429.9009900990095,6870.668316831683,,,,11768.347524752475,2038.6045941820373,10955.504950495048,1852.9583119198503,9989.114026402642,1814.592493522701,10081.895438472418,1844.4381055590934,9262.932761669024,1768.6236748806414,8794.400165016501,1743.8161947045878,8771.768025626092,1745.9186573952973,8771.768025626092,1745.9186573952973,8771.768025626092,1745.9186573952973,-0.0837960806621566,-869.2623762376243,0.1203565832230209,1021.0168316831678,,,1021.0168316831678,,,2022-01-31
2022,2,1,0,9,0,8617.215841584159,9504.282178217822,15430.647524752474,13615.277227722772,11410.89900990099,10373.544554455446,8817.51287128713,11184.048514851485,3704.311546639436,11556.812376237625,2559.3016158239416,10878.732260726072,1910.2500685152754,-887.066336633663,-200.29702970297149,-0.09333333333333327,-0.022715819372967183,0.8660254037844386,0.5000000000000001,1.0,6.123233995736766e-17,28,59,0,1,0,0,4,0.8498170915275278,0.5270777086423722,0.0,1.0,9504.282178217822,10632.883168316832,12906.787128712871,8793.628712871288,9103.992079207921,7925.227722772277,6229.40594059406,,,,11480.39504950495,2345.0439701792307,10649.107001414426,1860.121719492833,9983.233597359736,1818.8809909713084,10064.510572843,1856.2530038228301,9275.289692362094,1761.5106038166957,8822.826473361623,1720.810262807694,8769.970907207,1735.6981749047718,8769.970907207,1735.6981749047718,8769.970907207,1735.6981749047718,-0.18956921606538724,-2015.6673267326732,-0.020061441874264396,-176.41287128712975,,,-176.41287128712975,,,2022-02-28
2022,3,1,3,13,0,9884.453465346534,8617.215841584159,9504.282178217822,15430.647524752474,13615.277227722772,10632.883168316832,10114.20594059406,9335.317161716173,650.2958414220484,11410.462541254126,2637.709221848119,10859.586221122112,1919.7371871659307,1267.2376237623757,-229.75247524752558,0.1470588235294117,-0.022715819372967072,1.0,6.123233995736766e-17,1.0,6.123233995736766e-17,31,90,0,1,0,1,5,0.9997685019798909,0.021516097436222254,0.43388373911755823,-0.900968867902419,8617.215841584159,11021.89108910891,9725.19801980198,8586.719801980198,10862.717821782178,8123.358415841584,7145.495049504951,,,,11317.90396039604,2420.308778940973,10660.482390381894,1854.5155323935348,10026.491386138614,1799.855198824007,10029.572560113154,1849.8682427615415,9306.73781824611,1756.2839390568952,8855.43312116926,1714.5827538406434,8782.781051553431,1729.7092369286968,8782.781051553431,1729.7092369286968,8782.781051553431,1729.7092369286968,-0.10319804601284033,-1137.4376237623765,0.1511326435814364,1297.7336633663363,,,1297.7336633663363,,,2022-03-31
2022,4,2,5,17,1,9124.110891089109,9884.453465346534,8617.215841584159,9504.282178217822,15430.647524752474,11021.89108910891,9336.1900990099,9208.593399339934,637.8289499701467,11029.331188118813,2797.9773666977335,10841.91295379538,1935.9444556601957,-760.3425742574254,-212.0792079207913,-0.07692307692307687,-0.02271581937296696,0.8660254037844387,-0.49999999999999983,1.2246467991473532e-16,-1.0,30,120,0,1,0,0,5,0.8800122039735357,-0.47495107206704995,-0.9749279121818236,-0.2225209339563146,9884.453465346534,10762.552475247525,8817.51287128713,9103.992079207921,12311.080198019801,8420.554455445545,6595.841584158416,,,,11083.840876944838,2558.2605282415416,10682.382248939179,1832.7606008594407,10027.162013201321,1799.503336264825,9915.752227722773,1801.7088570145872,9319.301326025461,1752.3414082445759,8885.531565299387,1696.5352378394227,8786.659799729972,1720.1245274958649,8786.659799729972,1720.1245274958649,8786.659799729972,1720.1245274958649,-0.15223540957654969,-1638.441584158416,0.002209888992229736,20.118811881187867,,,20.118811881187867,,,2022-04-30
2022,5,2,1,22,0,9504.282178217822,9124.110891089109,9884.453465346534,8617.215841584159,9504.282178217822,10762.552475247525,9725.19801980198,9504.282178217822,380.171287128753,10344.165346534652,2528.4513403574974,10823.503300330032,1948.538546829759,380.1712871287127,-220.91584158415753,0.04166666666666674,-0.02271581937296696,0.49999999999999994,-0.8660254037844387,1.2246467991473532e-16,-1.0,31,151,0,1,0,0,5,0.5160623910158528,-0.8565509959010036,0.7818314824680298,0.6234898018587336,9124.110891089109,11410.89900990099,10114.20594059406,10862.717821782178,8134.529702970297,8222.423762376238,6870.668316831683,,,,10811.467043847242,2618.4253444850415,10638.816265912306,1854.4265543621286,9981.880825082508,1794.8383242170949,9964.671958981611,1769.8684377029758,9342.191654879773,1746.1139084629644,8916.88411126827,1683.1333674561304,8794.722972521971,1712.0139174208268,8794.722972521971,1712.0139174208268,8794.722972521971,1712.0139174208268,-0.167087346056506,-1906.6168316831681,-0.1250548588163074,-1358.4356435643567,,,-1358.4356435643567,,,2022-05-31
2022,6,2,3,26,0,10137.90099009901,9504.282178217822,9124.110891089109,9884.453465346534,8617.215841584159,11410.89900990099,10373.544554455446,9588.764686468649,512.1479882445308,9462.04092409241,541.6112920115415,10803.866336633662,1954.663130334559,633.6188118811879,-235.6435643564364,0.06666666666666665,-0.022715819372967072,1.2246467991473532e-16,-1.0,1.2246467991473532e-16,-1.0,30,181,0,1,0,1,5,0.02581844022713308,-0.9996666485105112,0.43388373911755823,-0.900968867902419,9504.282178217822,13615.277227722772,9336.1900990099,12311.080198019801,7375.30693069307,8717.750495049504,7328.712871287129,,,,10314.699009900989,2309.465956758249,10696.081329561528,1823.222910322899,9909.441518151814,1740.6265486056802,10063.336032531824,1695.6191265971386,9367.551485148515,1747.192396033153,8950.32682696841,1679.1007915553528,8809.647172717272,1708.246182664177,8809.647172717272,1708.246182664177,8809.647172717272,1708.246182664177,-0.2554025290460702,-3477.376237623763,-0.17652222006240692,-2173.1792079207917,,,-2173.1792079207917,,,2022-06-30
2022,7,3,6,30,1,10391.348514851485,10137.90099009901,9504.282178217822,9124.110891089109,9884.453465346534,13615.277227722772,10632.883168316832,10011.177227722774,456.9090230672749,9609.885313531353,662.932040549099,10783.738448844884,1957.82489724556,253.44752475247515,-241.53465346534722,0.02499999999999991,-0.022715819372967072,-0.4999999999999998,-0.8660254037844388,-1.0,-1.8369701987210297e-16,31,212,0,1,0,0,5,-0.4862727071086902,-0.8738071036110807,-0.7818314824680299,0.6234898018587334,10137.90099009901,15430.647524752474,9725.19801980198,8134.529702970297,8459.910891089108,10401.861386138613,7511.930693069307,6870.668316831683,,,9594.799151343705,606.4862361854432,10743.663507779349,1804.5326253004391,9984.668811881189,1709.7669804911666,10132.315947666195,1667.0193361093634,9367.363755304103,1747.0798035305897,8984.605610561057,1678.773767156477,8848.765841584158,1703.6502866911233,8827.028506147319,1706.8021882700668,8827.028506147319,1706.8021882700668,-0.32657728729901925,-5039.299009900989,0.2774369132928629,2256.8188118811877,,,2256.8188118811877,3520.6801980198015,,2022-07-31
2022,8,3,2,35,0,10771.5198019802,10391.348514851485,10137.90099009901,9504.282178217822,9124.110891089109,15430.647524752474,11021.89108910891,10433.589768976897,318.9144749851191,9968.935973597361,597.9786279103698,10762.874174917491,1956.3897736570502,380.17128712871454,-250.37128712871163,0.03658536585365879,-0.02271581937296696,-0.8660254037844384,-0.5000000000000004,-1.0,-1.8369701987210297e-16,31,243,0,1,0,0,5,-0.8631421280499115,-0.5049610547215202,0.9749279121818236,-0.22252093395631434,10391.348514851485,9504.282178217822,10373.544554455446,7375.30693069307,7809.148514851485,11788.776237623762,7786.757425742575,6229.40594059406,,,9775.833097595474,747.665084049043,10772.090311173975,1801.3855503784118,10097.875907590758,1642.1357031350121,10238.114922206505,1607.0423997043233,9349.198461810467,1726.6139655244226,9020.138495992456,1684.6919486075785,8899.233773377337,1692.4235267281917,8848.164281102023,1709.4616528026559,8848.164281102023,1709.4616528026559,0.13333333333333353,1267.2376237623776,0.4604842758683645,3396.212871287129,,,3396.212871287129,4542.113861386139,,2022-08-31
2022,9,3,4,39,0,10518.072277227724,10771.5198019802,10391.348514851485,10137.90099009901,9504.282178217822,9504.282178217822,10762.552475247525,10560.313531353137,193.5737444796639,10074.53910891089,634.8847847954814,10742.500825082509,1957.6659896229066,-253.44752475247515,-244.4801980198008,-0.02352941176470591,-0.02271581937296696,-1.0,-1.8369701987210297e-16,-1.0,-1.8369701987210297e-16,30,273,0,1,0,1,5,-0.9999166586547379,-0.012910296075008843,-0.433883739117558,-0.9009688679024191,10771.5198019802,8617.215841584159,10632.883168316832,8459.910891089108,8134.529702970297,7471.782178217822,7603.539603960397,7145.495049504951,,,10047.384016973127,584.004025183956,10763.889533239037,1802.3291279039438,10166.481287128712,1614.0986062317318,10323.241442715702,1553.7315306287626,9403.596499292787,1714.333319230963,9054.835313531352,1685.1779284880415,8936.70685368537,1690.4926673117425,8866.120281060365,1708.9412874587556,8866.120281060365,1708.9412874587556,0.22058823529411775,1900.8564356435654,0.24328405022640287,2058.161386138616,,,2058.161386138616,3372.5772277227734,,2022-09-30
2022,10,4,0,44,0,11151.69108910891,10518.072277227724,10771.5198019802,10391.348514851485,10137.90099009901,8617.215841584159,11410.89900990099,10813.761056105612,318.91447498511997,10412.469141914191,563.4102941556855,10720.900165016501,1951.0393237896772,633.618811881186,-259.2079207920797,0.06024096385542155,-0.022715819372967072,-0.8660254037844386,0.5000000000000001,-2.4492935982947064e-16,1.0,31,304,0,1,0,0,5,-0.867456354729597,0.4975132889071803,0.0,1.0,10518.072277227724,9884.453465346534,11021.89108910891,7809.148514851485,8676.831683168317,6774.415841584158,8061.584158415841,6595.841584158416,,,10228.417963224894,708.2724200044433,10773.160961810469,1804.091408251685,10277.899372937294,1560.2311485232756,10411.629278642149,1526.7627495656332,9481.762128712871,1691.9204871044528,9091.62230080151,1696.921473952457,8987.327403740373,1687.818255059856,8890.43486412471,1715.9982549544081,8890.43486412471,1715.9982549544081,0.1282051282051282,1267.2376237623757,0.4280290697379565,3342.5425742574253,,,3342.5425742574253,4555.8495049504945,,2022-10-31
2022,11,4,2,48,0,13305.99504950495,11151.69108910891,10518.072277227724,10771.5198019802,10391.348514851485,9884.453465346534,13615.277227722772,11658.586138613862,1461.4497218361623,11046.08795379538,1159.8282305630871,10695.126650165017,1910.95941074313,2154.3039603960406,-309.28217821782164,0.19318181818181834,-0.022715819372967072,-0.5000000000000004,0.8660254037844384,-2.4492935982947064e-16,1.0,30,334,0,1,0,0,5,-0.5086709438521042,0.8609610158889945,0.9749279121818236,-0.22252093395631434,11151.69108910891,9124.110891089109,10762.552475247525,8134.529702970297,8893.752475247526,7770.653465346534,9618.935643564357,6870.668316831683,,,10825.82998585573,1208.5513135274482,10954.835431400283,1926.8298578922866,10450.281551155114,1600.4221134044524,10569.209370579916,1590.6584119908775,9580.60751414427,1750.8047137341225,9135.515865157944,1757.3359721958357,9058.83103410341,1732.8534188821409,8936.914445023449,1765.9437516266844,8936.914445023449,1765.9437516266844,0.45833333333333326,4181.884158415842,0.6357423889725684,5171.465346534654,,,5171.465346534654,6435.3267326732675,,2022-11-30
2022,12,4,5,52,1,15080.127722772277,13305.99504950495,11151.69108910891,10518.072277227724,10771.5198019802,9124.110891089109,15430.647524752474,13179.271287128713,1967.2818252960685,11869.792409240923,1902.826673093985,10665.916666666666,1833.0863774734632,1774.132673267326,-350.51980198019737,0.1333333333333333,-0.02271581937296696,-2.4492935982947064e-16,1.0,-2.4492935982947064e-16,1.0,31,365,0,1,0,1,5,6.432490598706546e-16,1.0,-0.9749279121818236,-0.2225209339563146,13305.99504950495,9504.282178217822,11410.89900990099,8676.831683168317,9219.133663366338,7172.910891089108,10901.460396039603,7328.712871287129,,,11622.379349363508,1856.2822195408753,11216.923196605376,2220.761052236255,10663.724752475247,1773.393283724613,10778.530586987268,1780.69995098967,9721.807814710042,1868.0259931665025,9185.261904761905,1863.844467736233,9144.957865786579,1835.4885049237819,9000.90625,1865.1664056067698,9000.90625,1865.1664056067698,0.5866666666666667,5575.845544554455,0.7379762882833538,6403.29603960396,,,6403.29603960396,7751.414851485148,,2022-12-31
2023,1,1,1,5,0,9863.465346534653,15080.127722772277,13305.99504950495,11151.69108910891,10518.072277227724,9504.282178217822,9504.282178217822,12749.862706270627,2652.424169379177,11781.81188118812,1994.8360951707823,10695.848597359736,1815.2396468584388,-5216.662376237624,359.18316831683114,-0.3459295884052772,0.037791719730293494,0.49999999999999994,0.8660254037844387,1.0,6.123233995736766e-17,31,31,0,1,0,0,5,0.5086709438521044,0.8609610158889943,0.7818314824680298,0.6234898018587336,15080.127722772277,10137.90099009901,13615.277227722772,8893.752475247526,9002.212871287129,7471.782178217822,7269.4306930693065,7511.930693069307,,,11583.174257425742,1895.3471655208473,10948.936633663367,2133.747991521377,10696.048514851485,1748.6847955381666,10809.289603960397,1756.149417891574,9764.5164427157,1842.8188245073252,9216.143269684111,1853.1786041877297,9171.08602860286,1828.7056900549965,9009.798611819944,1857.4923773532034,9009.798611819944,1857.4923773532034,-0.02707026275284985,-274.4356435643567,0.10903304021401139,969.7128712871272,,,969.7128712871272,2351.5346534653454,,2023-01-31
2023,2,1,1,9,0,8942.875247524753,9863.465346534653,15080.127722772277,13305.99504950495,11151.69108910891,10137.90099009901,8617.215841584159,11295.489438943894,3309.756295735894,11477.037788778878,2296.8849720089784,10722.986881188119,1783.4952487449257,-920.5900990098999,325.6594059405943,-0.09333333333333327,0.037791719730293494,0.8660254037844386,0.5000000000000001,1.0,6.123233995736766e-17,28,59,0,1,0,0,4,0.8498170915275278,0.5270777086423722,0.7818314824680298,0.6234898018587336,9863.465346534653,10391.348514851485,15430.647524752474,9219.133663366338,9544.514851485148,7969.90099009901,6590.950495049506,7786.757425742575,,,11376.249504950496,2113.6481320141074,10485.524328147101,1756.7339155851935,10686.839900990099,1757.4359455624913,10787.802475247527,1775.7685959600694,9781.890983026873,1830.1341816088866,9244.142373880246,1830.6680407505971,9183.931782178219,1822.9236421353285,9009.115720347545,1847.9052350521602,9009.115720347545,1847.9052350521602,-0.13939223241878085,-1448.4732673267317,-0.029965767492811213,-276.2584158415848,,,-276.2584158415848,1156.117821782178,,2023-02-28
2023,3,1,4,13,0,10258.00396039604,8942.875247524753,9863.465346534653,15080.127722772277,13305.99504950495,10391.348514851485,9884.453465346534,9688.11485148515,674.8716396028459,11433.69306930693,2320.92907721731,10754.116089108911,1770.743316478063,1315.1287128712866,373.5504950495051,0.1470588235294117,0.037791719730293494,1.0,6.123233995736766e-17,1.0,6.123233995736766e-17,31,90,0,1,0,1,5,0.9997685019798909,0.021516097436222254,-0.433883739117558,-0.9009688679024191,8942.875247524753,10771.5198019802,9504.282178217822,9002.212871287129,11388.341584158416,8169.148514851486,7560.207920792079,7603.539603960397,,,11302.890099009901,2146.7865296368745,10539.361598302688,1735.7736845105032,10728.699603960395,1730.678728454834,10747.433274398869,1774.458386759316,9819.191973125884,1817.9125925102217,9276.25899339934,1824.4236932792703,9213.425830583059,1818.5350461625583,9021.730753075308,1842.7327797744822,9021.730753075308,1842.7327797744822,-0.04767348071808375,-513.5158415841597,0.1394980442102518,1255.7910891089105,,,1255.7910891089105,2654.464356435643,,2023-03-31
2023,4,2,6,17,1,9468.926732673266,10258.00396039604,8942.875247524753,9863.465346534653,15080.127722772277,10771.5198019802,9124.110891089109,9556.60198019802,661.9336028832861,11153.232343234324,2459.3654155038525,10782.850742574257,1744.4910014092322,-789.0772277227734,344.81584158415717,-0.07692307692307698,0.037791719730293494,0.8660254037844387,-0.49999999999999983,1.2246467991473532e-16,-1.0,30,120,0,1,0,0,5,0.8800122039735357,-0.47495107206704995,-0.7818314824680299,0.6234898018587334,10258.00396039604,10518.072277227724,8617.215841584159,9544.514851485148,12906.787128712871,8468.0198019802,6978.653465346534,8061.584158415841,,,11153.012164073549,2245.0832676092596,10600.198090523338,1677.1588860651132,10726.18,1732.5162155758812,10624.652545968884,1738.0772283551448,9837.065311173976,1809.28650238938,9305.905103724657,1806.7864477490953,9229.06297029703,1814.565720841682,9026.202712871287,1833.9477371907362,9026.202712871287,1833.9477371907362,-0.09974694192070943,-1049.145544554458,-0.007919534935829642,-75.58811881188194,,,-75.58811881188194,1407.3425742574254,,2023-04-30
2023,5,2,2,22,0,9863.465346534653,9468.926732673266,10258.00396039604,8942.875247524753,9863.465346534653,10518.072277227724,9504.282178217822,9863.465346534653,394.5386138614293,10579.477392739273,2249.2814146674827,10812.782673267326,1723.5143346969849,394.5386138613867,359.18316831683114,0.04166666666666674,0.037791719730293494,0.49999999999999994,-0.8660254037844387,1.2246467991473532e-16,-1.0,31,151,0,1,0,0,5,0.5160623910158528,-0.8565509959010036,0.9749279121818236,-0.22252093395631434,9468.926732673266,11151.69108910891,9884.453465346534,11388.341584158416,9725.19801980198,8268.772277227723,7269.4306930693065,9618.935643564357,,,10968.97991513437,2297.3987986355637,10598.698939179632,1677.857112776301,10675.350792079207,1734.7867904194513,10629.590664780766,1735.6217897882968,9865.541973125884,1796.6595924414478,9336.786468646864,1793.6808465935926,9231.7799669967,1815.3389521766633,9034.49244191746,1826.6557804066713,9034.49244191746,1826.6557804066713,-0.11551842068440887,-1288.2257425742573,-0.13389800669001006,-1524.8762376237628,,,-1524.8762376237628,244.52970297029606,,2023-05-31
2023,6,2,4,26,0,10521.029702970298,9863.465346534653,9468.926732673266,10258.00396039604,8942.875247524753,11151.69108910891,10137.90099009901,9951.140594059407,531.5029414767032,9819.627722772277,562.0797141619989,10844.7100660066,1713.3948356056542,657.5643564356451,383.12871287128837,0.06666666666666687,0.037791719730293716,1.2246467991473532e-16,-1.0,1.2246467991473532e-16,-1.0,30,181,0,1,0,1,5,0.02581844022713308,-0.9996666485105112,-0.433883739117558,-0.9009688679024191,9863.465346534653,13305.99504950495,9124.110891089109,12906.787128712871,8817.51287128713,8766.89108910891,7754.059405940594,10901.460396039603,,,10571.127722772277,2053.422449041366,10698.478854314002,1624.0949323287043,10595.825544554455,1682.8736707815092,10690.430551626592,1699.224863648902,9896.865876944838,1792.4432129508818,9369.726591230552,1789.6671765547053,9227.55295929593,1811.8469829229662,9049.066336633663,1823.5404102255295,9049.066336633663,1823.5404102255295,-0.2093015468721573,-2784.965346534653,-0.18484518276706818,-2385.757425742573,,,-2385.757425742573,-380.43069306930556,,2023-06-30
2023,7,3,0,31,0,10784.055445544554,10521.029702970298,9863.465346534653,9468.926732673266,10258.00396039604,13305.99504950495,10391.348514851485,10389.51683168317,474.1764008092751,9973.059405940594,687.9853824257586,10877.435643564357,1707.689327059472,263.0257425742566,392.7069306930698,0.02499999999999991,0.037791719730293494,-0.4999999999999998,-0.8660254037844388,-1.0,-1.8369701987210297e-16,31,212,0,1,0,0,5,-0.4862727071086902,-0.8738071036110807,0.0,1.0,10521.029702970298,15080.127722772277,9504.282178217822,9725.19801980198,10114.20594059406,10460.49504950495,7947.910891089109,7269.4306930693065,,,9957.403111739744,629.4063940436357,10789.891230551626,1587.308488173537,10631.120792079206,1675.069895981847,10714.353748231966,1695.5231311434763,9902.64374115983,1794.8130059063894,9403.49021687883,1789.2733321249777,9266.604345434544,1807.0382707990095,9065.91089108911,1822.6145422188806,9065.91089108911,1822.6145422188806,-0.28488301665643634,-4296.072277227722,0.10887772398943252,1058.8574257425753,,,1058.8574257425753,3514.624752475248,,2023-07-31
2023,8,3,3,35,0,11178.594059405941,10784.055445544554,10521.029702970298,9863.465346534653,9468.926732673266,15080.127722772277,10771.5198019802,10827.893069306932,330.9668014416838,10345.679207920793,620.5772686210611,10911.358498349835,1709.4363855933052,394.5386138613867,407.07425742574196,0.03658536585365857,0.037791719730293494,-0.8660254037844384,-0.5000000000000004,-1.0,-1.8369701987210297e-16,31,243,0,1,0,0,5,-0.8631421280499115,-0.5049610547215202,0.43388373911755823,-0.900968867902419,10784.055445544554,9863.465346534653,10137.90099009901,8817.51287128713,9336.1900990099,11855.227722772277,8238.688118811882,6590.950495049506,,,10145.27864214993,775.9206333575439,10864.226449787835,1578.7718095018386,10709.823498349835,1642.0618383202477,10780.153889674682,1675.6924291705086,9890.560997171147,1783.6721282355797,9438.489097123998,1794.9586632942005,9317.578162816282,1795.3817227797865,9086.225152322924,1825.5381891953434,9086.225152322924,1825.5381891953434,0.13333333333333353,1315.1287128712884,0.267771788097674,2361.081188118811,,,2361.081188118811,4587.6435643564355,,2023-08-31
2023,9,3,5,39,1,10915.568316831683,11178.594059405941,10784.055445544554,10521.029702970298,9863.465346534653,9863.465346534653,10518.072277227724,10959.405940594059,200.88922917817104,10455.273267326733,658.8781726434974,10944.48316831683,1704.9680633110086,-263.0257425742584,397.4960396039587,-0.02352941176470602,0.03779171973029327,-1.0,-1.8369701987210297e-16,-1.0,-1.8369701987210297e-16,30,273,0,1,0,1,5,-0.9999166586547379,-0.012910296075008843,-0.9749279121818236,-0.2225209339563146,11178.594059405941,8942.875247524753,10391.348514851485,10114.20594059406,9725.19801980198,7759.084158415842,8044.836633663367,7560.207920792079,,,10427.091937765204,606.0745416250626,10901.67072135785,1572.899306316557,10736.535577557754,1638.5528723080445,10822.6671145686,1662.9883505906025,9946.926785714286,1764.865553107703,9472.664474304573,1795.4331139649737,9354.8599449945,1793.3157124526356,9103.647468175388,1825.4908772943086,9103.647468175388,1825.4908772943086,0.22058823529411753,1972.6930693069298,0.079231368329302,801.3623762376228,,,801.3623762376228,3355.360396039604,,2023-09-30
2023,10,4,1,44,0,11573.132673267326,10915.568316831683,11178.594059405941,10784.055445544554,10521.029702970298,8942.875247524753,11151.69108910891,11222.431683168317,330.96680144168477,10805.974257425742,584.7025380855766,10979.603300330033,1713.9412597227329,657.5643564356433,421.44158415841594,0.06024096385542177,0.037791719730293494,-0.8660254037844386,0.5000000000000001,-2.4492935982947064e-16,1.0,31,304,0,1,0,0,5,-0.867456354729597,0.4975132889071803,0.7818314824680298,0.6234898018587336,10915.568316831683,10258.00396039604,10771.5198019802,9336.1900990099,10373.544554455446,7034.90297029703,8529.465346534653,6978.653465346534,,,10614.967468175388,735.0392527939413,10958.928783592646,1582.3590483568717,10811.100330033001,1623.4588460213981,10865.50954738331,1666.4378850844325,10027.966601838756,1732.6184006060898,9508.89860914663,1806.8450935590213,9405.909713971398,1790.3052289009283,9126.944498412106,1832.5423079309905,9126.944498412106,1832.5423079309905,0.1282051282051282,1315.1287128712866,0.2395990816955036,2236.942574257426,,,2236.942574257426,4594.479207920792,,2023-10-31
2023,11,4,3,48,0,13808.851485148514,11573.132673267326,10915.568316831683,11178.594059405941,10784.055445544554,10258.00396039604,13305.99504950495,12099.184158415841,1516.6804201237085,11463.538613861385,1203.6601339878077,11021.50800330033,1780.832689060134,2235.7188118811882,502.8564356435636,0.19318181818181812,0.037791719730293494,-0.5000000000000004,0.8660254037844384,-2.4492935982947064e-16,1.0,30,334,0,1,0,0,5,-0.5086709438521042,0.8609610158889945,0.43388373911755823,-0.900968867902419,11573.132673267326,9468.926732673266,10518.072277227724,9725.19801980198,10632.883168316832,8069.447524752475,10177.202970297029,7269.4306930693065,,,11234.956718528996,1254.2245460479514,11193.984441301274,1747.621916677428,10947.22211221122,1698.7256287375005,10978.936987270154,1755.7135918231218,10130.455958274399,1783.6592847485726,9552.132520037718,1865.5247544777358,9478.569944994499,1834.7713880560202,9170.700638475062,1879.1998960870192,9170.700638475062,1879.1998960870192,0.4583333333333335,4339.924752475248,0.4199044026693952,4083.653465346535,,,4083.653465346535,6539.420792079208,,2023-11-30
2023,12,4,6,52,1,15650.031683168316,13808.851485148514,11573.132673267326,10915.568316831683,11178.594059405941,9468.926732673266,15080.127722772277,13677.338613861386,2041.6287886681564,12318.372277227723,1974.7377654188776,11069.0,1902.3618640923594,1841.1801980198015,569.9039603960391,0.1333333333333333,0.037791719730293494,-2.4492935982947064e-16,1.0,-2.4492935982947064e-16,1.0,31,365,0,1,0,1,5,6.432490598706546e-16,1.0,-0.7818314824680299,0.6234898018587334,13808.851485148514,9863.465346534653,11151.69108910891,10373.544554455446,11021.89108910891,7448.720792079207,11534.163366336634,7754.059405940594,,,12061.609052333806,1926.434316922089,11515.294483734087,2114.3025220993445,11123.10501650165,1898.6716057678493,11144.227722772277,1965.25945592923,10276.90793847242,1892.8196325964898,9601.130952380952,1969.37215066005,9566.302970297029,1937.2998236078267,9230.694444444445,1971.575084311384,9230.694444444445,1971.575084311384,0.5866666666666667,5786.566336633663,0.5086484278362322,5276.48712871287,,,5276.48712871287,7895.972277227722,,2023-12-31
2024,1,1,2,5,0,10468.366336633662,15650.031683168316,13808.851485148514,11573.132673267326,10915.568316831683,9863.465346534653,9863.465346534653,13309.08316831683,2626.735658331677,12265.757425742573,2027.300180808157,11119.408415841584,1875.3361438733077,-5181.6653465346535,604.9009900990095,-0.33109615695587113,0.06132743096335114,0.49999999999999994,0.8660254037844387,1.0,6.123233995736766e-17,31,31,0,1,0,0,5,0.5086709438521044,0.8609610158889943,0.9749279121818236,-0.22252093395631434,15650.031683168316,10521.029702970298,13305.99504950495,10632.883168316832,10762.552475247525,7759.084158415842,7429.9009900990095,7947.910891089109,,,12054.085714285713,1933.5432276707716,11312.606718528996,2064.868675672747,11117.621122112212,1900.3731504307991,11133.721074964638,1968.1597853190422,10325.287977369166,1861.6624214956264,9637.303158887316,1956.8765470527699,9594.30803080308,1931.8517747087037,9242.049232446181,1966.0035786817255,9242.049232446181,1966.0035786817255,-0.005005533471858503,-52.66336633663559,-0.015472457383279292,-164.51683168316958,,,-164.51683168316958,2520.455445544553,,2024-01-31
2024,2,1,3,9,0,9491.318811881189,10468.366336633662,15650.031683168316,13808.851485148514,11573.132673267326,10521.029702970298,8942.875247524753,11869.905610561056,3309.935091510128,11984.54488448845,2306.115027155107,11165.112046204618,1823.4347070967215,-977.0475247524737,548.4435643564357,-0.09333333333333316,0.06132743096335114,0.8660254037844386,0.5000000000000001,1.0,6.123233995736766e-17,29,60,0,1,0,0,5,0.8587639582758029,0.5123714121284237,0.43388373911755823,-0.900968867902419,10468.366336633662,10784.055445544554,15080.127722772277,11021.89108910891,11410.89900990099,8276.356435643564,6736.443564356436,8238.688118811882,,,11869.409052333805,2127.1105403764086,10913.406082036774,1804.2619089276666,11066.60204620462,1923.4374024872507,11065.164639321074,1991.4417576834978,10346.983734087695,1844.3491486486864,9670.09929278642,1930.5824668185114,9608.22614961496,1926.4802598195847,9244.315319531952,1957.1087507034142,9244.315319531952,1957.1087507034142,-0.11987481334746486,-1292.7366336633659,-0.1388665760579081,-1530.5722772277222,,,-1530.5722772277222,1252.6306930693063,,2024-02-29
2024,3,1,6,13,1,10887.10099009901,9491.318811881189,10468.366336633662,15650.031683168316,13808.851485148514,10784.055445544554,10258.00396039604,10282.26204620462,716.2597834897018,11979.800330033002,2308.7819180990023,11217.536798679868,1803.9230041371334,1395.7821782178216,629.0970297029708,0.1470588235294117,0.06132743096335114,1.0,6.123233995736766e-17,1.0,6.123233995736766e-17,31,91,0,1,0,1,5,0.9999907397361901,0.004303538296244289,-0.7818314824680299,0.6234898018587334,9491.318811881189,11178.594059405941,9863.465346534653,10762.552475247525,13615.277227722772,8483.265346534654,7727.09702970297,8044.836633663367,,,11827.767185289957,2145.6607748711417,10986.522913719944,1779.0050132422707,11070.753663366337,1922.8928387226283,10967.729773691653,1927.7745792719497,10389.909370579915,1828.0859451835886,9707.71838755304,1923.038188967863,9639.806864686469,1923.8584952853719,9259.115190437962,1954.4224208661578,9259.115190437962,1954.4224208661578,-0.026076004527748387,-291.4930693069309,0.011572395594626084,124.54851485148538,,,124.54851485148538,2842.264356435643,,2024-03-31
2024,4,2,1,18,0,10049.631683168316,10887.10099009901,9491.318811881189,10468.366336633662,15650.031683168316,11178.594059405941,9468.926732673266,10142.683828382838,702.5282902164219,11725.883498349836,2442.3635931004455,11265.928877887789,1760.0047502349169,-837.4693069306941,580.7049504950501,-0.07692307692307698,0.06132743096335114,0.8660254037844387,-0.49999999999999983,1.2246467991473532e-16,-1.0,30,121,0,1,0,0,5,0.8717063187093218,-0.49002866642905923,0.7818314824680298,0.6234898018587336,10887.10099009901,10915.568316831683,8942.875247524753,11410.89900990099,15430.647524752474,8793.628712871288,7132.704950495049,8529.465346534653,,,11704.061951909476,2230.3101114662873,11065.576944837341,1704.2241798965176,11025.37808580858,1930.6351657851878,10775.55063649222,1723.8162942270214,10412.337995049504,1815.8089046993484,9742.44370579915,1902.2029620042322,9656.697601760176,1920.6711892861142,9266.17337340877,1947.0321758829507,9266.17337340877,1947.0321758829507,-0.07933042133299661,-865.9366336633666,-0.11929536187740608,-1361.2673267326736,,,-1361.2673267326736,1520.1663366336634,,2024-04-30
2024,5,2,4,22,0,10468.366336633662,10049.631683168316,10887.10099009901,9491.318811881189,10468.366336633662,10915.568316831683,9863.465346534653,10468.366336633662,418.73465346537176,11169.13597359736,2245.3724209844167,11316.337293729373,1724.4892229065324,418.7346534653461,604.9009900990095,0.04166666666666652,0.06132743096335114,0.49999999999999994,-0.8660254037844387,1.2246467991473532e-16,-1.0,31,152,0,1,0,0,5,0.5012418134457758,-0.865307254363206,-0.433883739117558,-0.9009688679024191,10049.631683168316,11573.132673267326,10258.00396039604,13615.277227722772,9504.282178217822,8586.719801980198,7429.9009900990095,10177.202970297029,,,11546.238189533238,2279.661596146256,11080.602828854313,1697.4702042056165,10920.481056105611,1869.5914644634352,10809.982213578502,1707.0300654950368,10445.93882602546,1798.7416880203543,9778.615912305517,1886.5229662339304,9659.932750275028,1921.8026535388144,9276.812249189521,1941.6170188529518,9276.812249189521,1941.6170188529518,-0.09545957588350762,-1104.7663366336637,-0.23113087148027522,-3146.91089108911,,,-3146.91089108911,291.16336633663377,,2024-05-31
2024,6,2,6,26,1,11166.257425742575,10468.366336633662,10049.631683168316,10887.10099009901,9491.318811881189,11573.132673267326,10521.029702970298,10561.418481848184,564.0986514269193,10421.840264026403,596.5506190281751,11370.106270627062,1707.411928980259,697.8910891089126,645.227722772277,0.06666666666666687,0.06132743096335114,1.2246467991473532e-16,-1.0,1.2246467991473532e-16,-1.0,30,182,0,1,0,1,5,0.008606996888688698,-0.9999629591162655,-0.7818314824680299,0.6234898018587334,10468.366336633662,13808.851485148514,9468.926732673266,15430.647524752474,8617.215841584159,9103.992079207921,7925.227722772277,11534.163366336634,,,11168.724752475246,2049.735497037979,11201.84073550212,1632.8908361224806,10778.334719471948,1665.8686467059108,10901.01941301273,1652.8689363379751,10482.764992927865,1791.8656290844567,9817.19959924564,1881.2962372812701,9655.844906490649,1918.1590359718862,9293.3863296856,1941.090086549732,9293.3863296856,1941.090086549732,-0.1913695764088753,-2642.5940594059393,-0.276358467275553,-4264.390099009899,,,-4264.390099009899,-367.90594059405885,,2024-06-30
2024,7,3,2,31,0,11445.41386138614,11166.257425742575,10468.366336633662,10049.631683168316,10887.10099009901,13808.851485148514,10784.055445544554,11026.679207920793,503.2564212943445,10584.681518151816,730.1777584702737,11425.219471947195,1697.4198744402954,279.1564356435647,661.3584158415852,0.025000000000000133,0.06132743096335114,-0.4999999999999998,-0.8660254037844388,-1.0,-1.8369701987210297e-16,31,213,0,1,0,0,5,-0.5012418134457756,-0.8653072543632061,0.9749279121818236,-0.22252093395631434,11166.257425742575,15650.031683168316,9863.465346534653,9504.282178217822,9884.453465346534,10862.717821782178,8123.358415841584,7429.9009900990095,,,10568.065063649223,668.0062712222328,11314.837057991515,1587.2483954780496,10843.03910891089,1652.319342282826,10956.767998585574,1643.6103227735362,10493.170279349364,1795.7996414400104,9856.747878359265,1880.1770979863597,9700.461716171616,1912.4938279105168,9312.099612569953,1942.9490671076858,9312.099612569953,1942.9490671076858,-0.26866513160508565,-4204.617821782176,0.20423758962218708,1941.131683168318,,,1941.131683168318,4015.51287128713,,2024-07-31
2024,8,3,5,35,1,11864.148514851486,11445.41386138614,11166.257425742575,10468.366336633662,10049.631683168316,15650.031683168316,11178.594059405941,11491.9399339934,351.26414510824526,10980.15313531353,658.6356782198474,11482.349009900989,1699.8996155630637,418.7346534653461,685.5544554455446,0.03658536585365857,0.06132743096335114,-0.8660254037844384,-0.5000000000000004,-1.0,-1.8369701987210297e-16,31,244,0,1,0,0,5,-0.8717063187093218,-0.4900286664290594,-0.9749279121818236,-0.2225209339563146,11445.41386138614,10468.366336633662,10521.029702970298,8617.215841584159,9124.110891089109,12311.080198019801,8420.554455445545,6736.443564356436,,,10767.46251768034,823.5058524328132,11410.774115983028,1576.1297581472804,10951.270198019802,1607.2204878417817,11054.626485148516,1611.7146782128625,10485.189356435643,1788.5520669641378,9897.743045733145,1886.0180095835678,9757.436215621561,1899.536589422664,9334.100034141346,1948.9409170080105,9334.100034141346,1948.9409170080105,0.13333333333333353,1395.7821782178235,0.37679602472048823,3246.932673267327,,,3246.932673267327,5127.70495049505,,2024-08-31
2024,9,3,0,40,0,11584.992079207921,11864.148514851486,11445.41386138614,11166.257425742575,10468.366336633662,10468.366336633662,10915.568316831683,11631.518151815182,213.20924951185273,11096.468316831684,699.2854782895527,11538.134323432343,1690.5673325322452,-279.1564356435647,669.4237623762383,-0.02352941176470591,0.06132743096335114,-1.0,-1.8369701987210297e-16,-1.0,-1.8369701987210297e-16,30,274,0,1,0,1,5,-0.9999907397361901,0.004303538296243821,0.0,1.0,11864.148514851486,9491.318811881189,10784.055445544554,9884.453465346534,9504.282178217822,8134.529702970297,8222.423762376238,7727.09702970297,,,11066.558698727016,643.2435362352105,11467.98387553041,1566.1358474169117,11007.954818481847,1598.2607388948654,11128.937553041018,1585.3373741388066,10546.804756011315,1765.3837125928576,9937.773620933522,1885.7161735966347,9800.301716171616,1896.7316841799686,9353.338427688923,1951.6479370013108,9353.338427688923,1951.6479370013108,0.22058823529411753,2093.6732673267325,0.1720417441210309,1700.5386138613867,,,1700.5386138613867,3857.895049504951,,2024-09-30
2024,10,4,3,44,0,12282.88316831683,11584.992079207921,11864.148514851486,11445.41386138614,11166.257425742575,9491.318811881189,11573.132673267326,11910.674587458745,351.26414510824753,11468.676897689767,620.560842624117,11597.280198019804,1704.2632134464263,697.891089108909,709.750495049504,0.06024096385542155,0.061327430963350915,-0.8660254037844386,0.5000000000000001,-2.4492935982947064e-16,1.0,31,305,0,1,0,0,5,-0.858763958275803,0.5123714121284235,0.43388373911755823,-0.900968867902419,11584.992079207921,10887.10099009901,11178.594059405941,9124.110891089109,10137.90099009901,7375.30693069307,8717.750495049504,7132.704950495049,,,11265.956152758134,780.1173218250074,11546.861669024045,1578.201749478794,11113.247227722772,1573.7355505229762,11205.544059405942,1587.4982805327966,10634.440045968882,1726.4644578336154,9980.215676567657,1898.0065200209247,9857.525918591858,1893.0328487067675,9378.165078033227,1961.913733705073,9378.165078033227,1961.913733705073,0.12820512820512797,1395.7821782178198,0.3462005575044771,3158.772277227721,,,3158.772277227721,5150.178217821781,,2024-10-31
2024,11,4,5,48,1,14655.712871287127,12282.88316831683,11584.992079207921,11864.148514851486,11445.41386138614,10887.10099009901,13808.851485148514,12841.19603960396,1609.6945338823084,12166.567986798682,1277.4775177582828,11667.85198019802,1817.911950296858,2372.829702970297,846.8613861386129,0.19318181818181812,0.06132743096335114,-0.5000000000000004,0.8660254037844384,-2.4492935982947064e-16,1.0,30,335,0,1,0,0,5,-0.4937755501599774,0.8695893893466109,-0.9749279121818236,-0.2225209339563146,12282.88316831683,10049.631683168316,10915.568316831683,9504.282178217822,10391.348514851485,8459.910891089108,10401.861386138613,7429.9009900990095,,,11923.96775106082,1331.142915308242,11814.014851485148,1768.2369073666398,11284.961584158416,1670.2093984509017,11357.8427864215,1706.581644273715,10745.079367043845,1782.2046234653324,10030.856765676566,1964.9600857247747,9937.812717271727,1941.5247325000798,9422.514219153007,2012.595506361648,9422.514219153007,2012.595506361648,0.45833333333333326,4606.081188118811,0.5420115476869467,5151.430693069306,,,5151.430693069306,7225.811881188118,,2024-11-30
2024,12,4,1,1,0,16609.80792079208,14655.712871287127,12282.88316831683,11584.992079207921,11864.148514851486,10049.631683168316,15650.031683168316,14516.134653465348,2166.8366372579912,13073.826402640263,2095.843359398327,11747.833333333334,2019.0288299797965,1954.095049504951,959.7762376237624,0.1333333333333333,0.06132743096335114,-2.4492935982947064e-16,1.0,-2.4492935982947064e-16,1.0,31,366,0,1,0,1,5,0.017213356155833904,0.9998518392091162,0.7818314824680298,0.6234898018587336,14655.712871287127,10468.366336633662,11573.132673267326,10137.90099009901,10771.5198019802,7809.148514851485,11788.776237623762,7925.227722772277,,,12801.316548797739,2044.5775844985549,12173.777369165487,2179.911834129248,11500.691815181519,1916.718083443106,11566.353076379066,1968.8065995484938,10902.233999292786,1902.5639124009501,10088.25,2083.7416483170205,10034.308052805281,2052.989400768636,9482.408333333333,2108.7861686124393,9482.408333333333,2108.7861686124393,0.5866666666666667,6141.441584158416,0.6383872694173809,6471.906930693069,,,6471.906930693069,8684.580198019801,,2024-12-31
2025,1,1,2,1,0,9984.24133663366,16609.80792079208,14655.712871287127,12282.88316831683,11584.992079207921,10468.366336633662,10468.366336633662,13749.920709570955,3404.390947063666,12830.297648514848,2387.499440281919,11707.489583333334,2051.494822992075,-6625.566584158418,-484.1250000000018,-0.3988948346515534,-0.04624647098046464,0.49999999999999994,0.8660254037844387,1.0,6.123233995736766e-17,1,1,1,0,1,0,1,0.017213356155834685,0.9998518392091162,0.9749279121818236,-0.22252093395631434,16609.80792079208,11166.257425742575,13808.851485148514,10391.348514851485,10518.072277227724,8134.529702970297,7471.782178217822,8123.358415841584,,,12632.457107496464,2241.4535772161707,11900.590929985856,2198.8103759983164,11487.12157590759,1926.2603852759396,11547.287685643563,1981.875203878385,10935.264564179632,1869.407517608667,10118.16022807638,2063.6674688887947,10054.984529702971,2042.8731401730925,9486.555713525899,2100.4766692304,9486.555713525899,2100.4766692304,-0.10585606654418578,-1182.0160891089145,-0.03917751171909789,-407.1071782178242,,,-407.1071782178242,1860.8829207920762,,2025-01-01
2025,1,1,3,1,0,10478.085531778985,9984.24133663366,16609.80792079208,14655.712871287127,12282.88316831683,11166.257425742575,9491.318811881189,12357.37826306824,3690.9807663663964,12599.287151336102,2560.469897559129,11789.720143324817,1972.8571839334825,493.8441951453242,986.7667198977961,0.04946236559139816,0.10396518539263133,0.49999999999999994,0.8660254037844387,1.0,6.123233995736766e-17,2,2,0,0,0,0,1,0.03442161162274574,0.9994074007397048,0.43388373911755823,-0.900968867902419,9984.24133663366,11445.41386138614,15650.031683168316,10771.5198019802,11151.69108910891,8676.831683168317,6774.415841584158,8420.554455445545,,,12494.267346124014,2353.8357058206457,11531.166204886616,1939.5983479114223,11477.34043356755,1930.7591039023941,11523.230344310354,1990.9227635466107,10967.429811476251,1845.1814470679035,10162.251533912033,2030.667479163757,10077.845986106675,2035.8777583613241,9494.683007118136,2093.7043400410116,9494.683007118136,2093.7043400410116,-0.08451667552806197,-967.328329607155,-0.02724167764582952,-293.43427020121453,,,-293.43427020121453,2057.53107633344,,2025-01-02
2025,1,1,4,1,0,10968.765507824975,10478.085531778985,9984.24133663366,16609.80792079208,14655.712871287127,11445.41386138614,10887.10099009901,10477.03079207921,492.2629330671667,12496.582722772277,2620.936764604109,11796.52551980198,1969.5987032473051,490.67997604599077,81.6645177259652,0.04682916307161333,0.007501034279027374,0.49999999999999994,0.8660254037844387,1.0,6.123233995736766e-17,3,3,0,0,0,0,1,0.051619667223253764,0.998666816288476,-0.433883739117558,-0.9009688679024191,10478.085531778985,11864.148514851486,10468.366336633662,10518.072277227724,13305.99504950495,8893.752475247526,7770.653465346534,8222.423762376238,,,12366.35548797737,2417.25847441976,11566.909002828854,1923.0466229697547,11492.363541254126,1924.7818779078077,11439.757860678923,1962.1980311881953,11004.48361562942,1823.4890555095435,10200.32429632249,2015.2091183187213,10108.36089438944,2028.3230068253895,9506.667417692988,2089.337872003354,9506.667417692988,2089.337872003354,-0.07546963913218674,-895.3830070265103,0.04284941372508255,450.6932305972514,,,450.6932305972514,2746.341745448737,,2025-01-03
2025,1,1,5,1,1,13018.501437240497,10968.765507824975,10478.085531778985,9984.24133663366,16609.80792079208,11864.148514851486,10049.631683168316,11488.45082561482,1347.5840846957333,12619.185767592886,2626.1412843032367,12043.931332641327,1915.9517217721614,2049.7359294155212,2968.8697540721805,0.18687024788279638,0.29542075248833344,0.49999999999999994,0.8660254037844387,1.0,6.123233995736766e-17,4,4,0,0,0,0,1,0.06880242680231986,0.9976303053065857,-0.9749279121818236,-0.2225209339563146,10968.765507824975,11584.992079207921,9491.318811881189,11151.69108910891,15080.127722772277,9219.133663366338,7172.910891089108,8717.750495049504,,,12571.142539124878,2400.6954756652462,11818.850618925948,1860.2276524761537,11554.590552858512,1943.4740151280964,11366.128350481362,1856.3635507731055,11072.329468734315,1826.5327334090641,10269.914659967148,2010.330909389962,10156.147015969338,2045.7794044272746,9534.988659786113,2104.590633528796,9534.988659786113,2104.590633528796,0.12373848408626498,1433.5093580325756,0.16740154773070892,1866.8103481315866,,,1866.8103481315866,4300.750942190993,,2025-01-04
2025,1,1,6,1,1,12459.790750558925,13018.501437240497,10968.765507824975,10478.085531778985,9984.24133663366,11584.992079207921,10468.366336633662,12149.019231874801,1059.6171703512487,12253.19874747152,2431.352519055983,12209.8833671351,1852.262352995618,-558.710686681572,1991.4244139252623,-0.042916666666666714,0.19023258738628068,0.49999999999999994,0.8660254037844387,1.0,6.123233995736766e-17,5,5,0,0,0,0,1,0.08596479873744647,0.9962981749346078,-0.7818314824680299,0.6234898018587334,13018.501437240497,12282.88316831683,10887.10099009901,13305.99504950495,9863.465346534653,9002.212871287129,7471.782178217822,10401.861386138613,,,12596.41505087375,2398.0849115591177,11931.185601815941,1847.0722936096686,11526.383742893644,1923.2134310526446,11458.854257767944,1843.3229535016683,11134.071930864171,1813.677264826039,10329.295714399781,2000.326898024842,10179.012897796232,2060.0079977074643,9558.387076512296,2112.348763253481,9558.387076512296,2112.348763253481,0.014402773340580266,176.90758224209458,-0.06359571725359303,-846.204298946026,,,-846.204298946026,2057.9293644203117,,2025-01-05
2025,1,1,0,2,0,9316.36509102523,12459.790750558925,13018.501437240497,10968.765507824975,10478.085531778985,12282.88316831683,11166.257425742575,11598.219092941552,1995.7912396839567,11037.62494251038,1437.818190476667,12055.725672575323,2016.6973865637585,-3143.4256595336938,-1849.892334717344,-0.25228558989986927,-0.1656680716004828,0.49999999999999994,0.8660254037844387,1.0,6.123233995736766e-17,6,6,0,0,0,0,1,0.10310169744743485,0.9946708199115211,0.0,1.0,12459.790750558925,14655.712871287127,10049.631683168316,15080.127722772277,8942.875247524753,9544.514851485148,7969.90099009901,11788.776237623762,,,11833.651082264905,2481.606522046176,11878.809416662863,1913.7242024537304,11334.258321835408,1842.1451886379434,11472.1931807501,1825.7093425299777,11129.997827998812,1817.5649249050368,10345.325048934616,1986.5397690184286,10151.541662834024,2054.778578644491,9556.46626710367,2103.9928795850005,9556.46626710367,2103.9928795850005,-0.36431853074322496,-5339.347780261896,-0.3822091389215009,-5763.762631747046,,,-5763.762631747046,-2472.4111465985316,,2025-01-06
2025,1,1,1,2,0,9803.880847971892,9316.36509102523,12459.790750558925,13018.501437240497,10968.765507824975,14655.712871287127,11445.41386138614,10526.678896518684,1691.7768716621679,11007.56486106675,1465.8575348940533,11918.9312547908,2115.1299958561794,487.515756946661,-1641.5330134142478,0.05232896652110619,-0.14342277468465814,0.49999999999999994,0.8660254037844387,1.0,6.123233995736766e-17,7,7,0,0,0,0,1,0.1202080448993527,0.9927487224577402,0.7818314824680298,0.6234898018587336,9316.36509102523,16609.80792079208,10468.366336633662,9863.465346534653,10258.00396039604,11388.341584158416,8169.148514851486,7471.782178217822,,,10861.375786147739,1392.9156399023104,11831.346167472739,1959.0983884386774,11332.272171883316,1843.817001141005,11455.974498163525,1838.864782555257,11101.703886281195,1825.7842061183833,10364.78614813843,1972.9246985800446,10177.453870275736,2035.2168064065836,9558.414413409719,2095.742067771594,9558.414413409719,2095.742067771594,-0.40975350860623494,-6805.927072820186,-0.006040929477558854,-59.58449856276093,,,-59.58449856276093,2332.09866975407,,2025-01-07
2025,1,1,2,2,0,9773.820766528264,9803.880847971892,9316.36509102523,12459.790750558925,13018.501437240497,16609.80792079208,11864.148514851486,9631.355568508463,273.20350071507227,10890.187400191631,1542.906535326426,11744.737275763866,2204.2500114630616,-30.060081443627496,-2090.3277483232214,-0.0030661410424879243,-0.17618860263815472,0.49999999999999994,0.8660254037844387,1.0,6.123233995736766e-17,8,8,0,0,0,0,2,0.13727877211326478,0.9905324521322229,0.9749279121818236,-0.22252093395631434,9803.880847971892,9984.24133663366,11166.257425742575,8942.875247524753,9468.926732673266,12906.787128712871,8468.0198019802,6774.415841584158,,,10831.315704704108,1417.0609077716188,11731.886406100286,2029.5403186603442,11359.9703558501,1812.6634082445044,11466.863570801204,1827.5302290789323,11045.758058385045,1817.448310495876,10380.331397716385,1962.9184793899146,10210.780591664005,2003.1712343955148,9560.097275543456,2087.5616338505392,9560.097275543456,2087.5616338505392,-0.021075268817204118,-210.4205701053961,0.09291704245046972,830.9455190035114,,,830.9455190035114,2999.404924944106,,2025-01-08
2025,1,1,3,2,0,10256.590194825932,9773.820766528264,9803.880847971892,9316.36509102523,12459.790750558925,9984.24133663366,11584.992079207921,9944.763936442032,270.467398566653,10771.49151469179,1562.916600718376,11634.037118732032,2245.964222026678,482.7694282976681,-1328.4018843819886,0.04939413560262684,-0.11466575680842528,0.49999999999999994,0.8660254037844387,1.0,6.123233995736766e-17,9,9,0,0,0,0,2,0.15430882066428117,0.9880226656636976,0.43388373911755823,-0.900968867902419,9773.820766528264,10478.085531778985,11445.41386138614,10258.00396039604,9863.465346534653,9725.19801980198,8268.772277227723,7770.653465346534,,,10799.673513710817,1428.6881486694458,11646.970429917414,2066.9733174537205,11359.923230331098,1812.693063130068,11480.903743954463,1816.2309178666678,11055.247204367613,1811.8066047521158,10403.99589673541,1949.0889211123385,10238.402110880443,1986.2139108566628,9565.496445460374,2080.2951374591557,9565.496445460374,2080.2951374591557,-0.021138912855910408,-221.49533695305217,-0.00013782072765478048,-1.413765570106989,,,-1.413765570106989,2485.9367294793983,,2025-01-09
2025,1,1,4,2,0,10736.195404024273,10256.590194825932,9773.820766528264,9803.880847971892,9316.36509102523,10478.085531778985,12282.88316831683,10255.535455126157,481.1881857244662,10391.107175822419,1122.2816273875999,11505.146471707654,2249.720651644355,479.60520919834016,-1546.6877642925574,0.04676068752754525,-0.12592220760368156,0.49999999999999994,0.8660254037844387,1.0,6.123233995736766e-17,10,10,0,0,0,0,2,0.1712931441814776,0.9852201067560606,-0.433883739117558,-0.9009688679024191,10256.590194825932,10968.765507824975,11864.148514851486,9468.926732673266,10521.029702970298,8817.51287128713,8766.89108910891,7172.910891089108,,,10766.44921316786,1426.8034988393383,11566.402350572616,2079.800117010841,11402.16551937613,1781.6058661830566,11488.588233277818,1812.470557287027,11089.509392452206,1786.6880246591882,10427.439995722498,1940.986981749457,10277.994161024166,1959.75964840376,9574.501822064713,2074.7585259894536,9574.501822064713,2074.7585259894536,-0.021202942449156215,-232.57010380070278,0.13383445739190258,1267.2686713510066,,,1267.2686713510066,3563.2845129351645,,2025-01-10
2025,1,1,5,2,1,12741.632266049184,10736.195404024273,10256.590194825932,9773.820766528264,9803.880847971892,10968.765507824975,14655.712871287127,11244.805954966463,1318.283749173413,10438.080761737463,1227.1803141036305,11345.63975460449,2066.4240716452214,2005.4368620249115,-1914.080605237943,0.18679213506799708,-0.13060303664845474,0.49999999999999994,0.8660254037844387,1.0,6.123233995736766e-17,11,11,0,0,0,0,2,0.1882267098432442,0.9821256058680006,-0.9749279121818236,-0.2225209339563146,10736.195404024273,13018.501437240497,11584.992079207921,9863.465346534653,10784.055445544554,10114.20594059406,10460.49504950495,7471.782178217822,,,10726.896474426243,1356.0523148860207,11649.01950677556,2103.434047540272,11498.10441669328,1773.3652908903719,11558.501691152986,1822.0178984603683,11136.427719692478,1795.089230896584,10454.596391157549,1957.3438303236323,10336.54805088896,1953.6904521609533,9598.678390339403,2085.205218297939,9598.678390339403,2085.205218297939,-0.02126736111111105,-276.8691711913125,0.2918007838417278,2878.1669195145314,,,2878.1669195145314,5269.8500878313625,,2025-01-11
2025,1,1,6,2,1,12193.996346215266,12741.632266049184,10736.195404024273,10256.590194825932,9773.820766528264,13018.501437240497,16609.80792079208,11890.608005429574,1036.5701210654474,10917.685970935801,1262.9112534431679,10977.65545672309,1291.738996483647,-547.6359198339178,-4415.811574576812,-0.04298004434589797,-0.2658556676654352,0.49999999999999994,0.8660254037844387,1.0,6.123233995736766e-17,12,12,0,0,0,0,2,0.2051044998686192,0.9787400799669153,-0.7818314824680299,0.6234898018587334,12741.632266049184,12459.790750558925,12282.88316831683,10521.029702970298,11178.594059405941,9336.1900990099,11855.227722772277,7969.90099009901,,,10688.925845234291,1302.0902660099864,11642.670448054021,2101.506869020446,11553.869971468113,1767.8762425626223,11594.766058539031,1824.2799668255507,11187.459974106858,1783.5651207208502,10458.629350960442,1960.6107729668367,10383.482443734696,1946.923555869551,9618.339890005129,2089.4777311643843,9618.339890005129,2089.4777311643843,-0.021332172398780824,-265.79440434365824,0.15901168331201054,1672.9666432449685,,,1672.9666432449685,4224.095356116256,,2025-01-12
2025,1,1,0,3,0,9117.019287767484,12193.996346215266,12741.632266049184,10736.195404024273,10256.590194825932,12459.790750558925,9984.24133663366,11350.88263334398,1953.8642123253546,10803.209044235067,1406.977826535844,10905.38695265091,1374.0090142772035,-3076.977058447783,-867.2220488661769,-0.2523354092526693,-0.08685908319185065,0.49999999999999994,0.8660254037844387,1.0,6.123233995736766e-17,13,13,0,0,0,0,2,0.22192151300416552,0.9750645322571948,0.0,1.0,12193.996346215266,9316.36509102523,14655.712871287127,10784.055445544554,10915.568316831683,9725.19801980198,7759.084158415842,8169.148514851486,,,10660.447873340327,1338.7758464518745,11247.049477802617,2010.0051736794992,11498.302099542214,1818.3850267535224,11530.532164643882,1879.8967801547592,11176.599639606242,1794.4493167950127,10474.795245357485,1943.608534182736,10394.01434121154,1937.3507333080838,9614.570562168756,2082.001849305828,9614.570562168756,2082.001849305828,-0.021397379912663994,-199.34580325774732,-0.15458341865868364,-1667.036157777071,,,-1667.036157777071,947.8707729159978,,2025-01-13
2025,1,1,1,3,0,9593.460277866496,9117.019287767484,12193.996346215266,12741.632266049184,10736.195404024273,9316.36509102523,10478.085531778985,10301.491970616416,1656.1789193825857,10773.14896279144,1435.0166007603784,10831.668181491536,1421.9148450894043,476.4409900990122,-884.6252539124889,0.05225841638157602,-0.08442622950819678,0.49999999999999994,0.8660254037844387,1.0,6.123233995736766e-17,14,14,0,0,0,0,2,0.2386727660059501,0.9711000518829505,0.7818314824680298,0.6234898018587336,9117.019287767484,9803.880847971892,16609.80792079208,11178.594059405941,11573.132673267326,10373.544554455446,7034.90297029703,8468.0198019802,,,10630.387791896701,1363.3509454483412,10745.881789022218,1329.556975642767,11445.46430682423,1850.7375344814766,11459.829579093854,1915.1325855203452,11162.669563238582,1803.8001573213648,10505.254260923788,1908.7873348959877,10406.519235388056,1928.3908941345992,9614.413022733665,2074.160808264904,9614.413022733665,2074.160808264904,-0.02146298729741558,-210.4205701053961,-0.14180081798441146,-1585.1337815394454,,,-1585.1337815394454,1125.4404758862966,,2025-01-14
2025,1,1,2,3,0,9563.400196422866,9593.460277866496,9117.019287767484,12193.996346215266,12741.632266049184,9803.880847971892,10968.765507824975,9424.626587352284,266.8193962074939,10657.617296390928,1510.8234141427597,10714.554405541357,1466.7645426831161,-30.060081443629315,-1405.365311402109,-0.003133393017009989,-0.12812429168984785,0.49999999999999994,0.8660254037844387,1.0,6.123233995736766e-17,15,15,0,0,0,0,3,0.255353295116187,0.9668478136052775,0.9749279121818236,-0.22252093395631434,9593.460277866496,9773.820766528264,9984.24133663366,10915.568316831683,13808.851485148514,10632.883168316832,8069.447524752475,8268.772277227723,,,10600.327710453072,1387.4908410028656,10715.82170757859,1352.658316865677,11400.392036143936,1880.316219668833,11308.206318782224,1890.1657527330494,11143.571653026189,1815.137307147924,10523.039411777008,1892.7104899814728,10420.90399004578,1917.0606097909767,9614.035149946178,2066.4115731596153,9614.035149946178,2066.4115731596153,-0.02152899824253074,-210.42057010539793,-0.12387519194248353,-1352.1681204088163,,,-1352.1681204088163,1294.6279191951435,,2025-01-15
2025,1,1,3,3,0,10035.094857872884,9563.400196422866,9593.460277866496,9117.019287767484,12193.996346215266,9773.820766528264,13018.501437240497,9730.651777387417,264.08349828368955,10540.767205365697,1530.5144852913684,10465.937190594059,1281.9426869057065,471.6946614500175,-2983.4065793676127,0.04932290312669885,-0.22916666666666663,0.49999999999999994,0.8660254037844387,1.0,6.123233995736766e-17,16,16,0,0,0,0,3,0.2719581575341055,0.9623090774541486,0.43388373911755823,-0.900968867902419,9563.400196422866,10256.590194825932,10478.085531778985,11573.132673267326,15650.031683168316,11021.89108910891,7448.720792079207,8766.89108910891,,,10568.685519459777,1399.1133563458125,10684.179516585298,1363.7829780975187,11349.12410896412,1896.3433827991962,11107.672860735958,1700.8385738339073,11125.950291754116,1821.1201116689272,10553.829579226931,1862.8981144145814,10434.995143032043,1909.411999967472,9617.131177210345,2059.0605507681394,9617.131177210345,2059.0605507681394,-0.02159541648303198,-221.49533695304854,-0.13289727671982376,-1538.037815394442,,,-1538.037815394442,1268.2037687639731,,2025-01-16
2025,1,1,4,3,0,10503.62530022357,10035.094857872884,9563.400196422866,9593.460277866496,9117.019287767484,10256.590194825932,12459.790750558925,10034.040118173109,470.1134393007443,10167.76604439476,1098.6506503615942,10302.923403066112,1119.4249340846081,468.5304423506859,-1956.1654503353548,0.046689189189189184,-0.1569982585981714,0.49999999999999994,0.8660254037844387,1.0,6.123233995736766e-17,17,17,0,0,0,0,3,0.288482432880609,0.9574851883550393,-0.433883739117558,-0.9009688679024191,10035.094857872884,10736.195404024273,10968.765507824975,13808.851485148514,10468.366336633662,10762.552475247525,7759.084158415842,10460.49504950495,,,10535.461218916822,1397.232705213281,10650.955216042339,1361.9812725504298,11238.949902799957,1843.7956291341927,11108.932109435596,1700.360705614197,11121.326592200117,1822.3877872049457,10586.502688057975,1837.1814607606163,10435.47436804003,1909.4238842413613,9623.601937232339,2052.8741204906246,9623.601937232339,2052.8741204906246,-0.021662245800176838,-232.57010380070278,-0.23935561827714136,-3305.2261849249444,,,-3305.2261849249444,43.13025071861921,,2025-01-17
2025,1,1,5,3,1,12464.763094857872,10503.62530022357,10035.094857872884,9563.400196422866,9593.460277866496,10736.195404024273,9316.36509102523,11001.16108431811,1288.9834474477893,10212.893835835195,1199.460992792899,10565.2899033855,1230.6115773588087,1961.1377946343018,3148.398003832641,0.1867105631226733,0.33794274623968934,0.49999999999999994,0.8660254037844387,1.0,6.123233995736766e-17,18,18,0,0,0,0,3,0.30492122465628907,0.9523775757303974,-0.9749279121818236,-0.2225209339563146,10503.62530022357,12741.632266049184,13018.501437240497,15650.031683168316,9491.318811881189,11410.89900990099,8276.356435643564,11855.227722772277,,,10495.908480175205,1326.5003769578907,10611.402477300724,1294.2960923835515,11132.774283189608,1663.9656099433741,11215.126548113336,1688.4022462885491,11140.145593717205,1830.8541740461528,10636.364672096242,1830.553306709456,10442.246983285426,1915.5872942965823,9644.190061562958,2059.617701694638,9644.190061562958,2059.617701694638,-0.021729490022172948,-276.8691711913125,-0.2035311271437371,-3185.268588310444,,,-3185.268588310444,609.5353720855946,,2025-01-18
2025,1,1,6,3,1,11928.201941871606,12464.763094857872,10503.62530022357,10035.094857872884,9563.400196422866,12741.632266049184,9803.880847971892,11632.19677898435,1013.52338637435,10681.424278185883,1234.321642622721,10742.316661210474,1263.479222291194,-536.5611529862654,2124.3210938997145,-0.043046237533998166,0.21668165156649866,0.49999999999999994,0.8660254037844387,1.0,6.123233995736766e-17,19,19,0,0,0,0,3,0.3212696616923644,0.9469877530760753,-0.7818314824680299,0.6234898018587334,12464.763094857872,12193.996346215266,12459.790750558925,10468.366336633662,10887.10099009901,13615.277227722772,8483.265346534654,7759.084158415842,,,10457.937850983255,1272.4968421227156,10573.431848108772,1242.6667271362508,11181.435470030872,1665.2109205614697,11252.308724962359,1692.3698404255745,11110.019249327004,1803.0550647334892,10677.375822040729,1820.2956695392404,10488.570514212712,1900.3217286503489,9660.621801709065,2061.265643891783,9660.621801709065,2061.265643891783,-0.02179715302491103,-265.79440434366006,0.13945209388873825,1459.835605237944,,,1459.835605237944,4169.117783455765,,2025-01-19
2025,1,1,0,4,0,8917.673484509742,11928.201941871606,12464.763094857872,10503.62530022357,10035.094857872884,12193.996346215266,9773.820766528264,11103.546173746407,1911.9372447563649,10568.793145959757,1376.138521498274,10670.971054375597,1344.7011588813652,-3010.5284573618646,-856.1472820185227,-0.252387448840382,-0.08759596707057604,0.49999999999999994,0.8660254037844387,1.0,6.123233995736766e-17,20,20,0,0,0,0,3,0.3375228995941133,0.9413173175128471,0.0,1.0,11928.201941871606,9117.019287767484,9316.36509102523,9491.318811881189,10049.631683168316,15430.647524752474,8793.628712871288,7034.90297029703,,,10429.45987908929,1309.208669422281,10544.95387621481,1277.7634525881144,11162.313959118492,1688.4194806070343,11211.881646438838,1735.1427644245189,10993.716141465527,1727.7757024629016,10678.852545512616,1818.7987592194675,10509.490186592853,1872.0274680880764,9655.315028014782,2054.7972384881077,9655.315028014782,2054.7972384881077,-0.021865238732708292,-199.34580325774186,-0.06043894834228525,-573.6453273714469,,,-573.6453273714469,1882.7705142127115,,2025-01-20
2025,1,1,1,4,0,9383.039707761098,8917.673484509742,11928.201941871606,12464.763094857872,10503.62530022357,9117.019287767484,10256.590194825932,10076.305044714149,1620.5810744026057,10538.73306451613,1404.1766793392023,10598.175180453529,1391.986744299996,465.36622325135613,-873.5504870648347,0.05218471208434705,-0.08516967827236666,0.49999999999999994,0.8660254037844387,1.0,6.123233995736766e-17,21,21,0,0,0,0,3,0.3536761221763716,0.9353679493131483,0.7818314824680298,0.6234898018587336,8917.673484509742,9593.460277866496,9803.880847971892,10887.10099009901,10468.366336633662,9504.282178217822,8586.719801980198,8069.447524752475,,,10399.399797645663,1333.7877531542656,10514.89379477118,1301.2726762296231,11112.17858304056,1718.9282741399948,11173.11998112196,1764.2460345600432,10991.55109735023,1729.750853520831,10688.33254439096,1809.8158173106353,10524.085655292949,1857.856802181439,9653.383997374687,2047.5739183735475,9653.383997374687,2047.5739183735475,-0.021933751119068923,-210.42057010539793,-0.13815076058408404,-1504.0612823379124,,,-1504.0612823379124,1313.5921830086227,,2025-01-21
2025,1,1,2,4,0,9352.979626317469,9383.039707761098,8917.673484509742,11928.201941871606,12464.763094857872,9593.460277866496,10736.195404024273,9217.897606196104,260.43577817937137,10425.047192590226,1478.7409267451922,10482.90719897796,1436.0906515657575,-30.060081443629315,-1383.2157777068041,-0.0032036613272312664,-0.12883668056081865,0.49999999999999994,0.8660254037844387,1.0,6.123233995736766e-17,22,22,0,0,0,0,4,0.3697245428906731,0.9291414114031743,0.9749279121818236,-0.22252093395631434,9383.039707761098,9563.400196422866,9773.820766528264,10049.631683168316,11166.257425742575,8617.215841584159,9103.992079207921,7448.720792079207,,,10369.339716202036,1357.9220157424907,10484.833713327553,1324.364645795754,11088.9568478122,1738.3733530456502,11108.36005971392,1797.4742154559485,11004.689736363323,1714.1118689663624,10691.29668185655,1807.3919770005634,10545.244086784485,1833.117832843111,9651.268473634846,2040.455832194192,9651.268473634846,2040.455832194192,-0.022002694207454043,-210.42057010539793,-0.0693211531341631,-696.6520568508477,,,-696.6520568508477,1904.2588342382614,,2025-01-22
2025,1,1,3,4,0,9813.599520919834,9352.979626317469,9383.039707761098,8917.673484509742,11928.201941871606,9563.400196422866,12741.632266049184,9516.539618332801,257.7000997630713,10310.042896039604,1498.1129095630567,10238.904470217181,1254.7222008454637,460.6198946023651,-2928.0327451293506,0.04924846551640827,-0.22980044345897999,0.49999999999999994,0.8660254037844387,1.0,6.123233995736766e-17,23,23,0,0,0,0,4,0.38566340624360707,0.9226395488404876,0.43388373911755823,-0.900968867902419,9352.979626317469,10035.094857872884,10256.590194825932,10468.366336633662,11445.41386138614,9884.453465346534,10862.717821782178,7759.084158415842,,,10337.697525208741,1369.5395909213266,10453.191522334262,1335.4827803873754,11067.131287288405,1750.5016876817597,11050.080976125839,1812.5321446388996,11003.424487355705,1714.9797211298571,10678.807178274856,1809.8163459045882,10568.072035256751,1810.6870143251267,9652.403655783692,2033.3037494617531,9652.403655783692,2033.3037494617531,-0.02207207207207207,-221.49533695305036,-0.06254718211594257,-654.7668157138287,,,-654.7668157138287,2054.515362503992,,2025-01-23
2025,1,1,4,4,0,10271.055196422869,9813.599520919834,9352.979626317469,9383.039707761098,8917.673484509742,10035.094857872884,12193.996346215266,9812.544781220058,459.0386938625084,9944.424912967103,1075.021236743479,10078.65937440115,1094.951777727887,457.4556755030353,-1922.9411497923975,0.04661446338093067,-0.15769572953736644,0.49999999999999994,0.8660254037844387,1.0,6.123233995736766e-17,24,24,0,0,0,0,4,0.401487989205973,0.9158642882672872,-0.433883739117558,-0.9009688679024191,9813.599520919834,10503.62530022357,10736.195404024273,11166.257425742575,11864.148514851486,9124.110891089109,12311.080198019801,8276.356435643564,,,10304.473224665784,1367.663112822037,10419.967221791303,1333.6852881960763,11037.291212977749,1756.373878672417,10993.184786181957,1811.035095905328,11023.905635665238,1698.9012698721917,10654.521166351082,1801.3165348904513,10590.235354820967,1794.4556739361715,9656.69984703813,2026.83759223778,9656.69984703813,2026.83759223778,-0.0221418888386804,-232.57010380070096,-0.08017030193625274,-895.202229319706,,,-895.202229319706,1994.6987607793053,,2025-01-24
2025,1,1,5,4,1,12187.89392366656,10271.055196422869,9813.599520919834,9352.979626317469,9383.039707761098,10503.62530022357,9117.019287767484,10757.516213669755,1259.6831818772105,9987.706909932927,1171.7418837985538,10334.565594059406,1203.267375996813,1916.8387272436903,3070.8746358990757,0.18662529706891973,0.33682879666815446,0.49999999999999994,0.8660254037844387,1.0,6.123233995736766e-17,25,25,0,0,0,0,4,0.4171936026123168,0.9088176373395029,-0.9749279121818236,-0.2225209339563146,10271.055196422869,12464.763094857872,12741.632266049184,11445.41386138614,11584.992079207921,9504.282178217822,8134.529702970297,8483.265346534654,,,10264.920485924169,1296.9505653146966,10380.414483049686,1266.0309936917502,11062.040548387096,1767.518945539641,11014.716994912624,1821.8835536738268,11071.82727397682,1693.0962173876471,10702.775502311752,1787.2331956065611,10631.397894566877,1788.059748502033,9674.15635791143,2030.6964751035616,9674.15635791143,2030.6964751035616,-0.022212148685403443,-276.8691711913125,0.06487140362703303,742.4800622804196,,,742.4800622804196,3704.6285771319053,,2025-01-25
2025,1,1,6,4,1,11662.407537527944,12187.89392366656,10271.055196422869,9813.599520919834,9352.979626317469,12464.763094857872,9593.460277866496,11373.785552539126,990.4769882382412,10445.16258543596,1205.7322838411148,10506.97786569786,1235.2250954133228,-525.4863861386148,2068.9472596614487,-0.04311543810848406,0.21566225321585053,0.49999999999999994,0.8660254037844387,1.0,6.123233995736766e-17,26,26,0,0,0,0,4,0.4327755925504312,0.901501684131884,-0.7818314824680299,0.6234898018587334,12187.89392366656,11928.201941871606,12193.996346215266,11864.148514851486,12282.88316831683,10137.90099009901,7375.30693069307,8793.628712871288,,,10226.949856732215,1242.903662809634,10342.443853857736,1214.371963565963,11055.315849142977,1764.7436088740467,10992.557150955878,1809.6195568809592,11099.05060518091,1690.060131639187,10753.812414297881,1751.9313036548283,10663.273214840838,1780.4846398367774,9687.774516675927,2030.3608028075905,9687.774516675927,2030.3608028075905,-0.022282855843565375,-265.7944043436619,-0.01700425252355897,-201.7409773235413,,,-201.7409773235413,2868.778824656656,,2025-01-26
2025,1,1,0,5,0,8718.327681251996,11662.407537527944,12187.89392366656,10271.055196422869,9813.599520919834,11928.201941871606,9563.400196422866,10856.209714148834,1870.0103409985786,10334.377247684444,1345.300348186007,10436.555156100287,1315.3986525960447,-2944.0798562759483,-845.0725151708702,-0.2524418604651162,-0.08836527781060177,0.49999999999999994,0.8660254037844387,1.0,6.123233995736766e-17,27,27,0,0,0,0,4,0.4482293417404106,0.893918596519257,0.0,1.0,11662.407537527944,8917.673484509742,9117.019287767484,11584.992079207921,14655.712871287127,10391.348514851485,8459.910891089108,8586.719801980198,,,10198.471884838253,1279.6429433935796,10313.965881963772,1249.4868024424763,10959.760369211115,1812.0507666121273,10780.507679883196,1709.5798688763382,11069.175233152346,1717.3642380781887,10756.888804656963,1748.0773335075405,10664.735524610525,1778.8132667864713,9681.179640244472,2024.9748134292997,9681.179640244472,2024.9748134292997,-0.02235401459854014,-199.3458032577455,-0.2474463839384793,-2866.664397955925,,,-2866.664397955925,131.60787927179808,,2025-01-27
2025,1,1,1,5,0,9172.619137655702,8718.327681251996,11662.407537527944,12187.89392366656,10271.055196422869,8917.673484509742,10035.094857872884,9851.11811881188,1584.983343951905,10304.317166240817,1373.3378388554925,10364.682179415522,1362.0634399223698,454.2914564037055,-862.4757202171822,0.05210763726862666,-0.08594594594594585,0.49999999999999994,0.8660254037844387,1.0,6.123233995736766e-17,28,28,0,0,0,0,4,0.4635502709028509,0.886070621534138,0.7818314824680298,0.6234898018587336,8718.327681251996,9383.039707761098,9593.460277866496,12282.88316831683,16609.80792079208,10771.5198019802,7809.148514851485,9103.992079207921,,,10168.411803394625,1304.2261651694926,10283.905800520142,1272.9951975699644,10856.08490152241,1822.6834442902775,10514.893794771182,1298.732338009606,11040.623435575124,1735.5972025485457,10773.120597785584,1726.5742884172266,10665.498047482166,1778.15129243026,9677.743420632387,2018.5083121810765,9677.743420632387,2018.5083121810765,-0.022425629290617644,-210.4205701053961,-0.25321937757121393,-3110.2640306611283,,,-3110.2640306611283,68.62705844778066,,2025-01-28
2025,1,1,2,5,0,9142.559056212072,9172.619137655702,8718.327681251996,11662.407537527944,12187.89392366656,9383.039707761098,10503.62530022357,9011.168625039923,254.05268330226943,10192.477088789523,1446.6591153000556,10251.259992414563,1405.4209846650103,-30.060081443629315,-1361.0662440114975,-0.0032771535580525812,-0.12958061670217114,0.49999999999999994,0.8660254037844387,1.0,6.123233995736766e-17,29,29,0,0,0,0,5,0.47873384011578846,0.8779600847008882,0.9749279121818236,-0.22252093395631434,9172.619137655702,9352.979626317469,9563.400196422866,14655.712871287127,9984.24133663366,10518.072277227724,8134.529702970297,10862.717821782178,,,10138.351721950998,1328.3545148974565,10253.845719076517,1296.0772649014646,10672.313107686574,1700.1917655760444,10484.833713327553,1321.0190101782232,11016.060699485559,1752.7753215404614,10785.12094722894,1711.45098209098,10646.385172309167,1785.2382525119679,9674.151579260437,2012.1551971522379,9674.151579260437,2012.1551971522379,-0.022497704315885936,-210.4205701053961,-0.37617779929874307,-5513.153815075055,,,-5513.153815075055,-1720.158765570106,,2025-01-29
2025,1,1,3,5,0,9592.104183966783,9142.559056212072,9172.619137655702,8718.327681251996,11662.407537527944,9352.979626317469,12464.763094857872,9302.427459278186,251.31724123876847,10079.31858671351,1465.711909325788,10011.871749840306,1227.5066825441206,449.54512775471085,-2872.6589108910885,0.04917060146844321,-0.23046237533998182,0.49999999999999994,0.8660254037844387,1.0,6.123233995736766e-17,30,30,0,0,0,0,5,0.4937755501599772,0.869589389346611,0.43388373911755823,-0.900968867902419,9142.559056212072,9813.599520919834,10035.094857872884,16609.80792079208,10478.085531778985,11151.69108910891,8676.831683168317,12311.080198019801,,,10106.709530957703,1339.9669203885833,10222.203528083222,1307.1885368173846,10438.389649792398,1287.878639212816,10453.19152233426,1331.7539140578288,10988.210933322305,1762.941732930549,10796.017048428921,1700.7467636766296,10616.174327708577,1779.748392565039,9673.604596625146,2005.402820563253,9673.604596625146,2005.402820563253,-0.02257024412713038,-221.49533695305036,-0.42250360571843626,-7017.703736825295,,,-7017.703736825295,-2718.976014053018,,2025-01-30
2025,1,1,4,5,0,10038.485092622166,9592.104183966783,9142.559056212072,9172.619137655702,8718.327681251996,9813.599520919834,11928.201941871606,9591.049444267008,447.96394948285905,9721.083781539444,1051.393491943114,9854.395345736186,1070.4841837192475,446.3809086553829,-1889.7168492494402,0.04653628652214903,-0.15842428376534778,0.49999999999999994,0.8660254037844387,1.0,6.123233995736766e-17,31,31,0,1,0,0,5,0.5086709438521044,0.8609610158889943,-0.433883739117558,-0.9009688679024191,9592.104183966783,10271.055196422869,10503.62530022357,9984.24133663366,10968.765507824975,13305.99504950495,8893.752475247526,8134.529702970297,,,10073.485230414746,1338.0948013012767,10188.979227540267,1305.3954488338525,10440.197774992015,1287.2569764060784,10419.967221791303,1330.0181861420406,10929.862541235114,1738.7414333628647,10809.644817683382,1689.8721239162735,10637.329387593598,1761.137186411365,9676.021023750955,1998.9275232900357,9676.021023750955,1998.9275232900357,-0.02264325323475047,-232.57010380070278,0.005432937181664155,54.243755988505654,,,54.243755988505654,1903.9553896518692,,2025-01-31
2025,2,1,5,5,1,11911.024752475249,10038.485092622166,9592.104183966783,9142.559056212072,9172.619137655702,10271.055196422869,8917.673484509742,10513.8713430214,1230.3829550446549,9762.519984030661,1144.0230025535561,10103.841284733311,1175.92894100027,1872.5396598530824,2993.351267965507,0.18653608015310152,0.3356650446066505,0.8660254037844386,0.5000000000000001,1.0,6.123233995736766e-17,1,32,1,0,0,0,1,0.5234156073655503,0.8520775211013093,-0.9749279121818236,-0.2225209339563146,10038.485092622166,12187.89392366656,12464.763094857872,10478.085531778985,13018.501437240497,15080.127722772277,9219.133663366338,7375.30693069307,,,10033.932491673131,1267.4030286810105,10149.426488798648,1237.7737870587791,10487.962415681888,1314.997546404537,10380.414483049686,1264.745251652964,10873.271416765523,1650.5416883399114,10841.691140172772,1684.863420225355,10687.726252280067,1731.3880132600793,9690.724995650457,2000.528183137025,9690.724995650457,2000.528183137025,-0.022716736207695765,-276.86917119131067,0.136755823986195,1432.9392206962639,,,1432.9392206962639,4535.717821782178,,2025-02-01
2025,2,1,6,5,1,11494.639349363508,11911.024752475249,10038.485092622166,9592.104183966783,9142.559056212072,12187.89392366656,9383.039707761098,11148.049731486977,983.2062178635545,10225.23859538258,1197.429914666276,10279.807921533513,1215.584067363743,-416.38540311174074,2111.59964160241,-0.034957983193277364,0.225044304124155,0.8660254037844386,0.5000000000000001,1.0,6.123233995736766e-17,2,33,0,0,0,0,1,0.5380051715382996,0.8429415373547828,-0.7818314824680299,0.6234898018587334,11911.024752475249,11662.407537527944,11928.201941871606,10968.765507824975,12459.790750558925,9863.465346534653,9002.212871287129,8459.910891089108,,,10009.965607649638,1232.5836882393344,10118.457732190927,1194.5137393826317,10505.491543733173,1325.093966608611,10345.94479014985,1218.272879045118,10902.399523958897,1646.7859019044483,10871.362883959397,1673.9901837955392,10721.445457372003,1717.0045614527317,9702.515285544006,1999.2628626155288,9702.515285544006,1999.2628626155288,-0.014385382059800556,-167.76818816443665,0.04794284654580139,525.8738415385324,,,525.8738415385324,3034.7284582743996,,2025-02-02
2025,2,1,0,6,0,8666.021202263084,11494.639349363508,11911.024752475249,10038.485092622166,9592.104183966783,11662.407537527944,9352.979626317469,10690.561768033947,1765.621017608256,10140.805606150478,1299.966890415717,10222.561386195646,1277.784366852413,-2828.618147100424,-686.9584240543845,-0.24608150470219436,-0.07344808301746075,0.8660254037844386,0.5000000000000001,1.0,6.123233995736766e-17,3,34,0,0,0,0,1,0.5524353131676196,0.8335557718385699,0.0,1.0,11494.639349363508,8718.327681251996,8917.673484509742,13018.501437240497,9316.36509102523,8942.875247524753,9544.514851485148,7809.148514851485,,,10002.493253508366,1241.842882601513,10100.48256917331,1215.6791558521084,10360.408869233926,1277.8930602419355,10322.71822269406,1244.5451565270416,10897.45570172208,1653.1787191498659,10860.90462623056,1685.086959111045,10730.96626500991,1702.9929119233793,9695.78480448374,1994.4682436165094,9695.78480448374,1994.4682436165094,-0.005999600026664775,-52.306478988912204,-0.33433035714285697,-4352.480234977413,,,-4352.480234977413,856.8726874115991,,2025-02-03
2025,2,1,1,6,0,9195.010830975954,8666.021202263084,11494.639349363508,11911.024752475249,10038.485092622166,8718.327681251996,9813.599520919834,9785.22379420085,1503.8396397207769,10149.547568611124,1292.0636696171796,10171.012328700324,1307.9054887398884,528.9896287128704,-618.5886899438792,0.061041811041810945,-0.06303382246496014,0.8660254037844386,0.5000000000000001,1.0,6.123233995736766e-17,4,35,0,0,0,0,1,0.5667017562911176,0.8239230057575542,0.7818314824680298,0.6234898018587336,8666.021202263084,9172.619137655702,9383.039707761098,12459.790750558925,9803.880847971892,10258.00396039604,11388.341584158416,8134.529702970297,,,10005.692066839832,1239.3753573270742,10087.051935117228,1225.2163071788136,10251.582871914496,1231.1021821253928,10300.972864944206,1259.179525674867,10878.473681553864,1666.7018902947932,10834.793545835531,1693.7864515881517,10742.749388654418,1688.4326648155668,9692.554004654658,1988.3890294832322,9692.554004654658,1988.3890294832322,0.002441144997324729,22.39169332025267,-0.26202526069199983,-3264.7799195829703,,,-3264.7799195829703,1060.4811280056574,,2025-02-04
2025,2,1,2,6,0,9242.554837340878,9195.010830975954,8666.021202263084,11494.639349363508,11911.024752475249,9172.619137655702,10271.055196422869,9034.528956859975,320.0212212242451,10091.289344173472,1329.5616717496498,10085.30396544349,1334.188827365238,47.544006364923916,-1028.5003590819906,0.005170630816959898,-0.10013580293485225,0.8660254037844386,0.5000000000000001,1.0,6.123233995736766e-17,5,36,0,0,0,0,1,0.5808002734538009,0.8140460935082178,0.9749279121818236,-0.22252093395631434,9195.010830975954,9142.559056212072,9352.979626317469,9316.36509102523,9773.820766528264,9468.926732673266,12906.787128712871,8676.831683168317,,,10019.97717842966,1228.2955021911284,10079.164450190327,1230.6488973660325,10249.122530125016,1233.1077725167531,10281.99908175894,1271.3607811006693,10874.431326280073,1670.4530049676544,10791.17173284301,1686.9519363783525,10749.035201478559,1681.6947195803484,9689.669394607774,1982.2919364343038,9689.669394607774,1982.2919364343038,0.010937395155337981,99.9957811288059,-0.007922645040548737,-73.81025368435257,,,-73.81025368435257,565.7231541725614,,2025-02-05
2025,2,1,3,6,0,9779.051414427156,9242.554837340878,9195.010830975954,8666.021202263084,11494.639349363508,9142.559056212072,12187.89392366656,9405.539027581332,324.3435454587908,10048.050397807638,1335.826170713991,9884.567089673541,1158.7619047455719,536.4965770862782,-2408.8425092394027,0.05804635044401096,-0.19764222796211672,0.8660254037844386,0.5000000000000001,1.0,6.123233995736766e-17,6,37,0,0,0,0,1,0.5947266869607634,0.8039279618328213,0.43388373911755823,-0.900968867902419,9242.554837340878,9592.104183966783,9813.599520919834,9803.880847971892,10256.590194825932,9863.465346534653,9725.19801980198,8893.752475247526,,,10046.683925638285,1219.4422369921176,10076.696728297995,1231.2568643808597,10248.294882340191,1233.4252102462174,10264.94412531613,1274.9123238685906,10872.923934635295,1671.4196795948535,10791.812844683785,1686.5521270596141,10758.871856358332,1673.2889322847643,9690.238706835924,1975.9410984897247,9690.238706835924,1975.9410984897247,0.01948969974417669,186.94723046037325,-0.002532612740787421,-24.829433544735366,,,-24.829433544735366,885.2989391796309,,2025-02-06
2025,2,1,4,6,0,10320.552623762376,9779.051414427156,9242.554837340878,9195.010830975954,8666.021202263084,9592.104183966783,11662.407537527944,9780.719625176805,539.0008293850439,9782.971709688825,1010.3604845256335,9772.745846859745,1029.0922528908638,541.5012093352198,-1341.8549137655682,0.05537359263050168,-0.11505813953488353,0.8660254037844386,0.5000000000000001,1.0,6.123233995736766e-17,7,38,0,0,0,0,1,0.6084768701151261,0.7935716089521474,-0.433883739117558,-0.9009688679024191,9779.051414427156,10038.485092622166,10271.055196422869,9773.820766528264,10736.195404024273,10521.029702970298,8817.51287128713,9219.133663366338,,,10086.979287229744,1223.7787821573318,10080.232258822245,1231.9287736360188,10266.51927758133,1230.2078092747895,10250.099740306774,1271.6376621399304,10869.343986792297,1672.4015003517984,10809.706175070396,1673.2745179790872,10771.109844807175,1665.9126513948347,9694.228035424065,1970.2764592427811,9694.228035424065,1970.2764592427811,0.028098615332657895,282.0675311402101,0.05593839607806883,546.7318572341119,,,546.7318572341119,1101.4189603960385,,2025-02-07
2025,2,1,5,6,1,12348.930074257423,10320.552623762376,9779.051414427156,9242.554837340878,9195.010830975954,10038.485092622166,8718.327681251996,10816.17803748232,1354.733366610042,9925.353497171147,1314.2939034329008,10075.296046276862,1208.8998583265286,2028.377450495047,3630.602393005427,0.19653767820773904,0.41643334888785155,0.8660254037844386,0.5000000000000001,1.0,6.123233995736766e-17,8,39,0,0,0,0,2,0.6220467484408675,0.7829801036770629,-0.9749279121818236,-0.2225209339563146,10320.552623762376,11911.024752475249,12187.89392366656,10256.590194825932,12741.632266049184,10784.055445544554,10114.20594059406,9002.212871287129,,,10149.537190341482,1338.38784307285,10091.734841007306,1253.6816641645023,10336.263940229046,1287.5977762191853,10236.074662028495,1245.0275922386772,10897.28817659074,1683.9841529817895,10836.310033804484,1679.8357248624923,10808.295591506847,1663.3344458884515,9710.92427466201,1975.283097051373,9710.92427466201,1975.283097051373,0.03676470588235259,437.9053217821747,0.20399955927721458,2092.3398794314908,,,2092.3398794314908,3346.7172029702942,,2025-02-08
2025,2,1,6,6,1,11915.0284582744,12348.930074257423,10320.552623762376,9779.051414427156,9242.554837340878,11911.024752475249,9172.619137655702,11528.170385431402,1068.0932294570903,10466.854706506365,1360.175693546849,10303.83015632842,1279.8751080758088,-433.90161598302257,2742.409320618699,-0.0351367781155012,0.298977781532483,0.8660254037844386,0.5000000000000001,1.0,6.123233995736766e-17,9,40,0,0,0,0,2,0.6354323008901774,0.7721565844991642,-0.7818314824680299,0.6234898018587334,12348.930074257423,11494.639349363508,11662.407537527944,10736.195404024273,12193.996346215266,11178.594059405941,9336.1900990099,9544.514851485148,,,10209.592777328753,1415.9864050167844,10109.779192489197,1279.578019694097,10375.558375370716,1317.855672270438,10226.111523173468,1229.8024409165823,10910.43879085625,1689.0886312323064,10867.010490462395,1675.6494561622671,10834.634631582283,1661.8655093939633,9724.699925809588,1976.756691578557,9724.699925809588,1976.756691578557,0.03657262277951956,420.3891089108929,0.10979988812501151,1178.833054250128,,,1178.833054250128,2370.5136067892527,,2025-02-09
2025,2,1,0,7,0,8981.313033946251,11915.0284582744,12348.930074257423,10320.552623762376,9779.051414427156,11494.639349363508,9142.559056212072,11081.757188826026,1831.9298264165734,10431.238407001414,1402.2856826641416,10290.392987806268,1293.944550450519,-2933.7154243281493,-161.246022265821,-0.24621975806451624,-0.017636858703828584,0.8660254037844386,0.5000000000000001,1.0,6.123233995736766e-17,10,41,0,0,0,0,2,0.6486295610349814,0.7611042586607747,0.0,1.0,11915.0284582744,8666.021202263084,8718.327681251996,12741.632266049184,9117.019287767484,10915.568316831683,9725.19801980198,11388.341584158416,,,10254.634467569205,1362.7155266103287,10128.563860538785,1259.3501767729745,10250.214400967287,1262.7261787631753,10221.264871251278,1234.5933376149494,10875.898517947582,1708.6454624393048,10858.154716821255,1683.7029715333483,10807.889869913259,1672.1908007528775,9720.082615922238,1971.4403798963592,9720.082615922238,1971.4403798963592,0.0363825363825363,315.2918316831674,-0.29512068419385484,-3760.319232102933,,,-3760.319232102933,-2407.028550212164,,2025-02-10
2025,2,1,1,7,0,9527.81887553041,8981.313033946251,11915.0284582744,12348.930074257423,10320.552623762376,8666.021202263084,9592.104183966783,10141.386789250357,1560.1348455486925,10478.782413366336,1358.0619503424132,10285.035878769906,1297.2272926159771,546.5058415841595,-64.28530843637236,0.060849214309595556,-0.006701898478524204,0.8660254037844386,0.5000000000000001,1.0,6.123233995736766e-17,11,42,0,0,0,0,2,0.6616346182422783,0.7498264012045686,0.7818314824680298,0.6234898018587336,8981.313033946251,9195.010830975954,9172.619137655702,12193.996346215266,9593.460277866496,11573.132673267326,10373.544554455446,12906.787128712871,,,10302.178473934127,1324.864600918662,10153.935270386979,1242.069290346145,10161.341818611125,1214.0905726757137,10218.920535453562,1235.8912514586373,10839.375057273706,1715.3175890100097,10848.08655397691,1689.1555398374223,10770.345778211231,1662.4407275084484,9718.895802709943,1965.3664090327911,9718.895802709943,1965.3664090327911,0.03619441571871773,332.8080445544565,-0.21864673360447373,-2666.1774706848555,,,-2666.1774706848555,-3378.96825318246,,2025-02-11
2025,2,1,2,7,0,9575.362881895331,9527.81887553041,8981.313033946251,11915.0284582744,12348.930074257423,9195.010830975954,10038.485092622166,9361.498263790665,330.1071263684503,10444.834324611033,1381.3971078169545,10246.442361209336,1312.0338165319051,47.54400636492028,-463.12221072683496,0.004990019960079639,-0.04613467136263505,0.8660254037844386,0.5000000000000001,1.0,6.123233995736766e-17,12,43,0,0,0,0,2,0.6744436188329455,0.7383263540031065,0.9749279121818236,-0.22252093395631434,9527.81887553041,9242.554837340878,9142.559056212072,9117.019287767484,9563.400196422866,13808.851485148514,10632.883168316832,9725.19801980198,,,10349.72248029905,1285.9000019713303,10184.849829364355,1220.1530108651923,10176.619938415384,1203.331879847261,10219.347774220436,1235.6582956032037,10763.777046501331,1674.8795719039206,10835.497026757605,1694.7106008131861,10768.680943345602,1663.5737799041674,9718.015232643595,1959.323327244733,9718.015232643595,1959.323327244733,0.03600823045267454,332.80804455445286,0.05027340402173075,458.3435941278476,,,458.3435941278476,-149.83513790664801,,2025-02-12
2025,2,1,3,7,0,10129.3756718529,9575.362881895331,9527.81887553041,8981.313033946251,11915.0284582744,9242.554837340878,11911.024752475249,9744.185809759549,334.4301579253401,10412.971499292786,1387.0303983717017,10097.971604490807,1202.8038220679318,554.0127899575691,-1781.6490806223483,0.05785815083886492,-0.14957983193277313,0.8660254037844386,0.5000000000000001,1.0,6.123233995736766e-17,13,44,0,0,0,0,2,0.6870527672236669,0.7266075247685656,0.43388373911755823,-0.900968867902419,9575.362881895331,9779.051414427156,9592.104183966783,9593.460277866496,10035.094857872884,15650.031683168316,11021.89108910891,8817.51287128713,,,10399.768802788441,1266.6614714953937,10223.226364213364,1208.4689987761597,10194.483784881599,1198.3437434910481,10222.714946148293,1235.2660054900616,10665.193903442125,1539.0074961682894,10824.871843218842,1696.324997217909,10783.257196685221,1651.9924963973936,9720.523528004629,1953.5679887209417,9720.523528004629,1953.5679887209417,0.035823950870010446,350.3242574257438,0.05586257496920477,535.9153939864045,,,535.9153939864045,1311.8628005657702,,2025-02-13
2025,2,1,4,7,0,10688.393094059407,10129.3756718529,9575.362881895331,9527.81887553041,8981.313033946251,9779.051414427156,11494.639349363508,10131.043882602547,556.5169813158143,10136.21533592645,1047.6282009523184,10030.784416548797,1138.4940094579256,559.017422206507,-806.2462553041005,0.055187747035573276,-0.07014106583072088,0.8660254037844386,0.5000000000000001,1.0,6.123233995736766e-17,14,45,0,0,0,0,2,0.6994583270516471,0.7146733860429609,-0.433883739117558,-0.9009688679024191,10129.3756718529,10320.552623762376,10038.485092622166,9563.400196422866,10503.62530022357,10468.366336633662,10762.552475247525,10114.20594059406,,,10452.317441402305,1270.4518200740133,10269.648364316023,1213.2995664352889,10231.98354813615,1195.5131208571456,10229.313795928143,1237.3140424759774,10669.12295268187,1538.7767080310957,10823.988993442794,1696.3771192779893,10789.637053945948,1650.487690637728,9726.389404162535,1949.0598728154512,9726.389404162535,1949.0598728154512,0.035641547861507306,367.84047029703106,0.1176352421241702,1124.9928976365409,,,1124.9928976365409,574.1871534653474,,2025-02-14
2025,2,1,5,7,1,12786.835396039603,10688.393094059407,10129.3756718529,9575.362881895331,9527.81887553041,10320.552623762376,8666.021202263084,11201.53472065064,1401.074156896829,10281.516492220651,1358.1281426925345,10374.185599363507,1299.5104185622345,2098.442301980196,4120.8141937765195,0.19632907243526687,0.47551397551397545,0.8660254037844386,0.5000000000000001,1.0,6.123233995736766e-17,15,46,0,0,0,0,3,0.7116566222817746,0.702527474169157,-0.9749279121818236,-0.2225209339563146,10688.393094059407,12348.930074257423,11911.024752475249,10035.094857872884,12464.763094857872,9491.318811881189,11410.89900990099,9336.1900990099,,,10514.875344514045,1385.0226908792486,10332.20626742776,1322.1361247426362,10323.708232741708,1282.298546623489,10240.816378113206,1260.1516895164293,10727.97146311327,1555.8359565398866,10840.369188515871,1708.710769492024,10827.977557246279,1656.4133094308252,9744.82582580035,1957.6094661120046,9744.82582580035,1957.6094661120046,0.03546099290780158,437.9053217821802,0.27421171171171177,2751.7405381667195,,,2751.7405381667195,3450.645297029703,,2025-02-15
2025,2,1,6,7,1,12335.417567185288,12786.835396039603,10688.393094059407,10129.3756718529,9575.362881895331,12348.930074257423,9195.010830975954,11936.882019094766,1104.5306519077953,10840.533914427157,1405.3852128663618,10635.886160714284,1355.464767622942,-451.4178288543153,3140.4067362093338,-0.03530332681017623,0.34153377238338845,0.8660254037844386,0.5000000000000001,1.0,6.123233995736766e-17,16,47,0,0,0,0,3,0.7236440382959124,0.6901733882429719,-0.7818314824680299,0.6234898018587334,12786.835396039603,11915.0284582744,11494.639349363508,10503.62530022357,11928.201941871606,10887.10099009901,13615.277227722772,9725.19801980198,,,10574.930931501312,1462.7841976495597,10392.261854415034,1396.0296043985534,10384.767974973765,1333.7418564400125,10255.35979330298,1282.4987671719036,10753.83425913267,1570.4979352616685,10825.132763985664,1689.264584863534,10856.979996661648,1659.7356617027424,9760.338351197865,1961.9723978831942,9760.338351197865,1961.9723978831942,0.03528225806451579,420.38910891088744,0.17439619318129407,1831.7922669617183,,,1831.7922669617183,2610.219547383309,,2025-02-16
2025,2,1,0,8,0,9296.60486562942,12335.417567185288,12786.835396039603,10688.393094059407,10129.3756718529,11915.0284582744,9242.554837340878,11472.952609618105,1898.2390895578403,10801.998246110325,1451.0082102246831,10640.390329738331,1350.49455113659,-3038.8127015558675,54.05002828854231,-0.2463485881207399,0.005847953216374213,0.8660254037844386,0.5000000000000001,1.0,6.123233995736766e-17,17,48,0,0,0,0,3,0.7354170229639855,0.6776147890466889,0.0,1.0,12335.417567185288,8981.313033946251,8666.021202263084,12464.763094857872,8917.673484509742,10049.631683168316,15430.647524752474,10373.544554455446,,,10619.972621741766,1409.4161854955685,10437.303544655486,1345.3005791254946,10279.16270066615,1288.0123404304159,10268.893056914398,1269.7967399733175,10740.387351676618,1579.833117836597,10752.108446615151,1618.8934513763434,10845.014000119138,1667.1258777280202,9757.578032831385,1956.4165782882712,9757.578032831385,1956.4165782882712,0.03510531594784361,315.2918316831692,-0.25416914907395405,-3168.158229228451,,,-3168.158229228451,-1076.9396888260253,,2025-02-17
2025,2,1,1,8,0,9860.626920084866,9296.60486562942,12335.417567185288,12786.835396039603,10688.393094059407,8981.313033946251,9779.051414427156,10497.54978429986,1616.4308553118553,10849.542252475248,1406.7769682625535,10647.18828854314,1345.962398509768,564.022054455445,81.57550565770907,0.06066968130921602,0.008341862845445247,0.8660254037844386,0.5000000000000001,1.0,6.123233995736766e-17,18,49,0,0,0,0,3,0.7469720876965552,0.6648553979642865,0.7818314824680298,0.6234898018587336,9296.60486562942,9527.81887553041,9195.010830975954,11928.201941871606,9383.039707761098,10468.366336633662,9504.282178217822,10632.883168316832,,,10667.516628106689,1371.5384892578352,10484.847551020406,1309.2997574695528,10210.243533273258,1251.5320833709416,10285.949743068817,1260.631243552345,10729.534862095388,1583.81808476981,10756.350645923094,1616.0486013659925,10836.43337513878,1670.2144974178036,9758.187789560696,1950.6013259060012,9758.187789560696,1950.6013259060012,0.034930139720558806,332.8080445544547,-0.1733350115853527,-2067.5750217867408,,,-2067.5750217867408,-772.2562482319663,,2025-02-18
2025,2,1,2,8,0,9908.170926449788,9860.626920084866,9296.60486562942,12335.417567185288,12786.835396039603,9527.81887553041,10320.552623762376,9688.46757072136,340.1946396797258,10812.674794908062,1432.0958072156168,10612.823147100424,1360.248867899345,47.5440063649221,-412.3816973125886,0.004821600771456103,-0.0399573271263699,0.8660254037844386,0.5000000000000001,1.0,6.123233995736766e-17,19,50,0,0,0,0,3,0.7583058084785625,0.6518989958787126,0.9749279121818236,-0.22252093395631434,9860.626920084866,9575.362881895331,9242.554837340878,8917.673484509742,9352.979626317469,11166.257425742575,8617.215841584159,11021.89108910891,,,10715.060634471609,1332.584583091989,10532.39155738533,1272.280653639074,10243.260114671259,1229.121522637538,10305.77800378783,1249.7323519033696,10707.069031750874,1586.431289918257,10771.71915883816,1601.5337410526067,10824.058706664791,1672.9485518641889,9759.070043307102,1944.8557727809505,9759.070043307102,1944.8557727809505,0.03475670307845102,332.8080445544565,0.11107128374464126,990.497441940046,,,990.497441940046,-1113.7201626591232,,2025-02-19
2025,2,1,3,8,0,10479.699929278642,9908.170926449788,9860.626920084866,9296.60486562942,12335.417567185288,9575.362881895331,12348.930074257423,10082.832591937766,344.5183169606017,10777.892600777936,1438.2391678039369,10457.053968352193,1245.5569361411222,571.5290028288546,-1869.230144978781,0.05768259420143451,-0.15136778115501504,0.8660254037844386,0.5000000000000001,1.0,6.123233995736766e-17,20,51,0,0,0,0,3,0.7694148268839378,0.6387494220515272,0.43388373911755823,-0.900968867902419,9908.170926449788,10129.3756718529,9779.051414427156,9383.039707761098,9813.599520919834,11445.41386138614,9884.453465346534,10762.552475247525,,,10765.106956961003,1313.3624386737886,10582.43787987472,1254.017082335797,10279.81545538851,1218.9210556080134,10329.567304086358,1246.351695240223,10689.824140106097,1583.5054499945518,10778.805426265923,1598.8752583392595,10820.91590059847,1673.33103600721,9763.284253166585,1939.9100686347194,9763.284253166585,1939.9100686347194,0.03458498023715406,350.32425742574196,0.11687686034307743,1096.6602215175444,,,1096.6602215175444,-282.8525459688826,,2025-02-20
2025,2,1,4,8,0,11056.233564356437,10479.699929278642,9908.170926449788,9860.626920084866,9296.60486562942,10129.3756718529,11915.0284582744,10481.36814002829,574.0331369656719,10489.458962164073,1084.9072101423828,10385.487727192361,1176.9528740616117,576.5336350777943,-858.7948939179641,0.05501432664756445,-0.07207661290322587,0.8660254037844386,0.5000000000000001,1.0,6.123233995736766e-17,21,52,0,0,0,0,3,0.7802958510707755,0.6254105729852463,-0.433883739117558,-0.9009688679024191,10479.699929278642,10688.393094059407,10320.552623762376,9352.979626317469,10271.055196422869,11864.148514851486,9124.110891089109,11410.89900990099,,,10817.655595574864,1317.1348665915011,10634.986518488584,1257.6077530727164,10336.590586656475,1213.919068118384,10357.609388655415,1253.7972095323082,10675.397087418687,1576.2757335881377,10801.806886661963,1588.6490598590397,10816.975173425752,1672.343333330585,9770.801400324666,1936.7403151703147,9770.801400324666,1936.7403151703147,0.034414945919370554,367.84047029702924,0.18210816296940724,1703.253938038968,,,1703.253938038968,-354.6654455445532,,2025-02-21
2025,2,1,5,8,1,13224.740717821784,11056.233564356437,10479.699929278642,9908.170926449788,9860.626920084866,10688.393094059407,8981.313033946251,11586.891403818954,1447.4151234627468,10637.679487270156,1401.963297672258,10739.106700848657,1342.5380705172279,2168.507153465347,4243.427683875532,0.19613434727503165,0.47247297447899284,0.8660254037844386,0.5000000000000001,1.0,6.123233995736766e-17,22,53,0,0,0,0,4,0.7909456567567772,0.6118864012687243,-0.9749279121818236,-0.2225209339563146,11056.233564356437,12786.835396039603,12348.930074257423,9813.599520919834,12187.89392366656,11584.992079207921,9504.282178217822,13615.277227722772,,,10880.213498686602,1431.6692356149642,10697.544421600323,1366.4929792628323,10450.295293219877,1318.4946265993653,10394.639631303815,1323.2438654649475,10704.67831310822,1608.3829338430269,10846.098059752485,1603.828772992236,10812.635878871295,1665.4935289758707,9790.766367477829,1948.8747801561858,9790.766367477829,1948.8747801561858,0.03424657534246589,437.9053217821802,0.3475932749884847,3411.14119690195,,,3411.14119690195,-390.5365099009887,,2025-02-22
2025,2,1,6,8,1,12755.80667609618,13224.740717821784,11056.233564356437,10479.699929278642,9908.170926449788,12786.835396039603,9527.81887553041,12345.593652758134,1140.9697025095434,11214.21312234795,1450.5958012540555,11008.105684229136,1399.9359834828722,-468.9340417256044,3227.9878005657683,-0.03545884578997183,0.338796092026473,0.8660254037844386,0.5000000000000001,1.0,6.123233995736766e-17,23,54,0,0,0,0,4,0.8013610881746766,0.5981809144059164,-0.7818314824680299,0.6234898018587334,13224.740717821784,12335.417567185288,11915.0284582744,10271.055196422869,11662.407537527944,12282.88316831683,10137.90099009901,15430.647524752474,,,10940.269085673874,1509.5829983094413,10757.600008587595,1440.5827482760817,10533.12034254232,1383.297788659344,10433.689600538393,1377.08070164665,10713.123375747135,1618.0328378006402,10877.263603633404,1615.2958410849817,10782.915424997338,1604.9246457931686,9807.806829021612,1956.1912366142924,9807.806829021612,1956.1912366142924,0.03407984420642651,420.3891089108911,0.24191783922441412,2484.7514796733103,,,2484.7514796733103,-2674.840848656295,,2025-02-23
2025,2,1,0,9,0,9611.89669731259,12755.80667609618,13224.740717821784,11056.233564356437,10479.699929278642,12335.417567185288,9575.362881895331,11864.148030410186,1964.5487610268717,11172.758085219239,1499.7367830016383,11011.150168847242,1396.5725807789663,-3143.9099787835894,36.533815417258666,-0.24646892655367214,0.003815397480792626,0.8660254037844386,0.5000000000000001,1.0,6.123233995736766e-17,24,55,0,0,0,0,4,0.8115390590073611,0.5842981736283683,0.0,1.0,12755.80667609618,9296.60486562942,8981.313033946251,12187.89392366656,8718.327681251996,14655.712871287127,10391.348514851485,9504.282178217822,,,10985.310775914326,1456.1241264396517,10802.641698828045,1389.7332510330245,10447.25376833052,1356.733599418262,10465.602779683415,1345.8557022214306,10623.055229783306,1532.710407484651,10867.984415329369,1620.3517450750032,10784.111141876168,1604.001144492071,9806.687342554704,1950.6181162082648,9806.687342554704,1950.6181162082648,0.0339147286821706,315.2918316831692,-0.21135704351281526,-2575.9972263539694,,,-2575.9972263539694,107.61451909476818,,2025-02-24
2025,2,1,1,9,0,10193.43496463932,9611.89669731259,12755.80667609618,13224.740717821784,11056.233564356437,9296.60486562942,10129.3756718529,10853.712779349364,1672.7275878404387,11220.302091584157,1455.4987178675872,11016.48844324611,1393.013562316682,581.5382673267304,64.05929278641997,0.06050192648130759,0.0063241106719365,0.8660254037844386,0.5000000000000001,1.0,6.123233995736766e-17,25,56,0,0,0,0,4,0.8214765533024142,0.5702422926917871,0.7818314824680298,0.6234898018587336,9611.89669731259,9860.626920084866,9527.81887553041,11662.407537527944,9172.619137655702,16609.80792079208,10771.5198019802,8617.215841584159,,,11032.854782279248,1418.2216168338116,10850.185705192967,1353.683697174599,10398.2880159009,1337.74065432658,10502.060487789973,1323.1681458333292,10508.477141280577,1299.0503921020857,10861.102452980074,1621.9931764018809,10801.624687687892,1588.606939330927,9808.884772225638,1945.255391255036,9808.884772225638,1945.255391255036,0.03375120540019272,332.8080445544547,-0.12595791805094125,-1468.9725728886242,,,-1468.9725728886242,1576.2191230551616,,2025-02-25
2025,2,1,2,9,0,10240.978971004242,10193.43496463932,9611.89669731259,12755.80667609618,13224.740717821784,9860.626920084866,10688.393094059407,10015.436877652051,350.28362222155715,11180.515265205091,1482.799167179549,10979.203932991513,1408.4950511321117,47.5440063649221,-447.41412305516496,0.004664179104477695,-0.04185981177131637,0.8660254037844386,0.5000000000000001,1.0,6.123233995736766e-17,26,57,0,0,0,0,4,0.8311706263658079,0.5560174366570446,0.9749279121818236,-0.22252093395631434,10193.43496463932,9908.170926449788,9575.362881895331,8718.327681251996,9142.559056212072,9984.24133663366,10518.072277227724,9884.453465346534,,,11080.39878864417,1379.2779405579508,10897.72971155789,1316.6474831805829,10449.043058892641,1300.161115571039,10541.289770461122,1297.4009007843338,10513.061741894338,1297.6188733063295,10857.80372314408,1622.980688301948,10805.586082195201,1586.7375791573738,9811.325982388229,1939.9931094287424,9811.325982388229,1939.9931094287424,0.03358925143953928,332.8080445544547,0.17464946781325685,1522.6512897522462,,,1522.6512897522462,356.525505657708,,2025-02-26
2025,2,1,3,9,0,10830.024186704384,10240.978971004242,10193.43496463932,9611.89669731259,12755.80667609618,9908.170926449788,12786.835396039603,10421.479374115983,354.6078905707188,11142.813702263084,1489.4520105592492,10816.136332213578,1288.3418512011115,589.0452157001419,-1956.8112093352192,0.05751844793041094,-0.1530332681017612,0.8660254037844386,0.5000000000000001,1.0,6.123233995736766e-17,27,58,0,0,0,0,4,0.8406184056344782,0.5416278206559814,0.43388373911755823,-0.900968867902419,10240.978971004242,10479.699929278642,10129.3756718529,9172.619137655702,9592.104183966783,10478.085531778985,11151.69108910891,9124.110891089109,,,11130.445111133562,1360.0711810262706,10947.776034047283,1298.3847646149143,10504.28989386093,1279.0954653739707,10585.501199130324,1284.8895283573995,10519.346360732292,1298.2984723068653,10853.974355258313,1622.6583656715225,10824.540674368705,1576.5822101837928,9817.049006007983,1936.0114082119521,9817.049006007983,1936.0114082119521,0.03342884431709647,350.32425742574196,0.18069049027062012,1657.4050490486825,,,1657.4050490486825,1705.9132956152753,,2025-02-27
2025,2,1,4,9,0,11424.074034653466,10830.024186704384,10240.978971004242,10193.43496463932,9611.89669731259,10479.699929278642,12335.417567185288,10831.692397454031,591.5492960042737,10842.702588401697,1122.1963866703015,10740.191037835926,1215.4397822626252,594.0498479490816,-911.3435325318223,0.05485212569316089,-0.07388023369036012,0.8660254037844386,0.5000000000000001,1.0,6.123233995736766e-17,28,59,0,1,0,0,4,0.8498170915275278,0.5270777086423722,-0.433883739117558,-0.9009688679024191,10830.024186704384,11056.233564356437,10688.393094059407,9142.559056212072,10038.485092622166,10968.765507824975,13305.99504950495,9504.282178217822,,,11182.993749747426,1363.8268939434342,11000.324672661143,1301.9618393538015,10580.34039314231,1263.0648646199998,10634.986518488584,1289.7145990723536,10527.476870139943,1302.5827035660084,10831.570533652937,1601.2462021304775,10845.871694995765,1571.4976291523499,9826.026799464104,1934.2985147722961,9826.026799464104,1934.2985147722961,0.033269961977186346,367.84047029702924,0.24954883686435458,2281.5149784413934,,,2281.5149784413934,1919.7918564356441,,2025-02-28
2025,3,1,5,9,1,13662.64603960396,11424.074034653466,10830.024186704384,10240.978971004242,10193.43496463932,11056.233564356437,9296.60486562942,11972.248086987272,1493.7562499016112,10993.84248231966,1445.7992850809826,11104.027802333803,1385.5917152066575,2238.5720049504944,4366.04117397454,0.19595216191352338,0.46963824289405665,1.0,6.123233995736766e-17,1.0,6.123233995736766e-17,1,60,1,0,0,0,1,0.8587639582758029,0.5123714121284237,-0.9749279121818236,-0.2225209339563146,11424.074034653466,13224.740717821784,12786.835396039603,9592.104183966783,11911.024752475249,13018.501437240497,15080.127722772277,10137.90099009901,,,11245.551652859163,1478.3263700391135,11062.882575772883,1410.8891311042569,10716.025121663548,1367.5593619008353,10697.544421600323,1392.3028089259822,10538.979452325004,1327.5840427472665,10814.695751710457,1562.9442050928335,10885.035528879154,1597.3636275608944,9847.341350798213,1949.9703247314023,9847.341350798213,1949.9703247314023,0.0331125827814569,437.90532178217654,0.4243638077285581,4070.541855637177,,,4070.541855637177,3524.7450495049507,,2025-03-01
2025,3,1,6,9,1,13083.5939444267,13662.64603960396,11424.074034653466,10830.024186704384,10240.978971004242,13224.740717821784,9860.626920084866,12723.438006228042,1161.9317450701851,11572.458690172012,1476.494807877529,11372.608387695624,1434.1775723923756,-579.0520951772596,3222.967024341835,-0.04238213399503721,0.3268521413965124,1.0,6.123233995736766e-17,1.0,6.123233995736766e-17,2,61,0,0,0,0,1,0.8674563547295968,0.49751328890718066,-0.7818314824680299,0.6234898018587334,13662.64603960396,12755.80667609618,12335.417567185288,10038.485092622166,11494.639349363508,12459.790750558925,9863.465346534653,10391.348514851485,6870.668316831683,,11292.378405477808,1538.1196938237433,11116.32374557584,1475.4882251623255,10817.528750057034,1427.2419953280453,10754.292799995437,1456.8788737110008,10550.118795072643,1346.4766452624826,10853.030615971078,1578.7427030265294,10914.949366985546,1613.1453557982663,9881.857604284853,1951.972337923605,9865.221199381796,1959.368167712402,0.02569710224166233,327.78726833052133,0.3033434650455926,3045.1088518045344,,,3045.1088518045344,2692.245429575216,,2025-03-02
2025,3,1,0,10,0,9788.2857681252,13083.5939444267,13662.64603960396,11424.074034653466,10830.024186704384,12755.80667609618,9908.170926449788,12178.175250718623,2089.8574440593534,11504.933824086324,1559.1275459942433,11362.61795783524,1445.677625997359,-3295.3081763014998,-119.88515832458688,-0.25186567164179097,-0.01209962557312716,1.0,6.123233995736766e-17,1.0,6.123233995736766e-17,3,62,0,0,0,0,1,0.8758917051442429,0.48250774176121847,0.0,1.0,13083.5939444267,9611.89669731259,9296.60486562942,11911.024752475249,8666.021202263084,9316.36509102523,8942.875247524753,10771.5198019802,6229.40594059406,,11317.576844165324,1507.1332785703398,11151.443810039826,1434.1143537772996,10746.770783912034,1423.7756821452065,10794.373677347656,1412.0474154413319,10558.545950020858,1340.076178316876,10863.095026930605,1569.0840197133382,10904.024544387157,1617.4512955957523,9901.629158882248,1932.6987432858964,9864.798477232034,1953.9563739345053,0.018351120113674124,176.38907081261095,-0.17821631878557875,-2122.7389843500478,,,-2122.7389843500478,-983.2340338549984,,2025-03-03
2025,3,1,1,10,0,10306.313637815392,9788.2857681252,13083.5939444267,13662.64603960396,11424.074034653466,9611.89669731259,10479.699929278642,11059.397783455766,1772.037186971841,11515.822935221518,1548.727901682454,11348.169100213303,1456.132833566871,518.0278696901914,-173.38629146325002,0.05292324743696275,-0.016544967187355764,1.0,6.123233995736766e-17,1.0,6.123233995736766e-17,4,63,0,0,0,0,1,0.8840675099433636,0.46735921715800227,0.7818314824680298,0.6234898018587336,9788.2857681252,10193.43496463932,9860.626920084866,11494.639349363508,9195.010830975954,9803.880847971892,10258.00396039604,10518.072277227724,7145.495049504951,,11333.702368904764,1493.6444465144707,11183.278575592007,1407.9647113331707,10707.159926860428,1418.7731842910748,10834.063063306208,1380.698126621152,10567.517964125207,1336.609162239712,10863.670142137978,1568.8684026806798,10901.67167061591,1618.1729003969242,9919.189262150638,1921.8459808699538,9867.211128382763,1948.854281548597,0.011073663938372613,112.87867317607197,-0.10338086088920373,-1188.3257115481156,,,-1188.3257115481156,-211.75863941233183,,2025-03-04
2025,3,1,2,10,0,10280.547853720856,10306.313637815392,9788.2857681252,13083.5939444267,13662.64603960396,10193.43496463932,11056.233564356437,10125.049086553818,291.92998884463924,11424.24354639093,1612.3308881247654,11283.528624327007,1487.1571169149513,-25.765784094535775,-775.6857106355801,-0.0024999999999997247,-0.07015822396663807,1.0,6.123233995736766e-17,1.0,6.123233995736766e-17,5,64,0,0,0,0,1,0.8919813464595485,0.45207220393230435,0.9749279121818236,-0.22252093395631434,10306.313637815392,10240.978971004242,9908.170926449788,8666.021202263084,9242.554837340878,9773.820766528264,9468.926732673266,11151.69108910891,6595.841584158416,,11339.355066435706,1488.8870974225722,11209.876927539939,1385.3591257646917,10760.977481909018,1368.405361856803,10871.134242462635,1349.9772094639077,10576.566662110787,1332.8481757260354,10873.332298340927,1562.6621161359185,10891.99230133382,1619.2656389210601,9939.659852537096,1905.8064401201855,9869.457523629166,1943.761109194803,0.0038637793153024624,39.5688827166141,0.1863054121118637,1614.5266514577725,,,1614.5266514577725,-871.1432353880537,,2025-03-05
2025,3,1,3,10,0,10794.507441711912,10280.547853720856,10306.313637815392,9788.2857681252,13083.5939444267,10240.978971004242,13224.740717821784,10460.456311082722,289.58347210004916,11319.315780900672,1632.7010124933083,11081.009184651184,1358.6981415396153,513.9595879910557,-2430.2332761098714,0.049993404564041555,-0.1837641529587697,1.0,6.123233995736766e-17,1.0,6.123233995736766e-17,6,65,0,0,0,0,1,0.8996308696522433,0.43665123195606403,0.43388373911755823,-0.900968867902419,10280.547853720856,10830.024186704384,10479.699929278642,9195.010830975954,9779.051414427156,10256.590194825932,9863.465346534653,13305.99504950495,6870.668316831683,,11334.281245722497,1490.9711330064565,11232.363178428031,1375.1126755420883,10814.294035600218,1336.0654647372028,10907.400529151375,1333.0866233953398,10586.172327233751,1332.438505934628,10884.41613280732,1558.709817060011,10864.086883469452,1598.7069829908478,9961.458958786432,1892.9036763157567,9874.45779345664,1939.6646652863053,-0.003279470514578775,-35.51674499247201,0.17395266195311132,1599.4966107359578,,,1599.4966107359578,-2511.4876077930385,,2025-03-06
2025,3,1,4,10,0,11305.754841903548,10794.507441711912,10280.547853720856,10306.313637815392,9788.2857681252,10830.024186704384,12755.80667609618,10793.603379112106,512.6040920160325,10926.500581283935,1175.7318990650713,10960.171531801798,1256.87238634075,511.2474001916362,-1450.0518341926308,0.04736180904522658,-0.11367778385274252,1.0,6.123233995736766e-17,1.0,6.123233995736766e-17,7,66,0,0,0,0,1,0.9070138128026359,0.4211008707960896,-0.433883739117558,-0.9009688679024191,10794.507441711912,11424.074034653466,11056.233564356437,9242.554837340878,10320.552623762376,10736.195404024273,10521.029702970298,15080.127722772277,7328.712871287129,,11317.378503901082,1490.4541035511409,11250.186126824252,1374.27101811878,10883.067369085642,1305.1137264577712,10942.58632265642,1330.0218475017261,10596.343031481596,1335.7740671549775,10893.758098747003,1558.8572355948445,10822.149407015355,1535.1085314897643,9983.553636400968,1885.196672871836,9882.152938878398,1937.2599983647099,-0.01035700507463544,-118.31919274991742,0.22322832170030837,2063.20000456267,,,2063.20000456267,-3774.3728808687283,,2025-03-07
2025,3,1,5,10,1,13425.329607154265,11305.754841903548,10794.507441711912,10280.547853720856,10306.313637815392,11424.074034653466,9611.89669731259,11841.863963589909,1394.943030848293,10983.45652507186,1302.5634985225595,11277.957607621938,1362.6282617974805,2119.574765250716,3813.4329098416747,0.1874775098956456,0.39674093781177233,1.0,6.123233995736766e-17,1.0,6.123233995736766e-17,8,67,0,0,0,0,2,0.9141279881853337,0.40542572835999735,-0.9749279121818236,-0.2225209339563146,11305.754841903548,13662.64603960396,13224.740717821784,9779.051414427156,12348.930074257423,12741.632266049184,10784.055445544554,9863.465346534653,7511.930693069307,,11283.47615640827,1429.6767154547217,11264.513904633715,1397.2935416586124,11004.609975509878,1367.0683613603737,10981.02916311702,1386.53178716348,10608.551912572757,1358.6666704895313,10925.201838766166,1583.068342192077,10861.725676577797,1555.8883687814591,10016.405852590327,1893.3913829218586,9901.100407692707,1949.3417449866254,-0.017369727047146344,-237.31643244969564,0.37286624624426334,3646.278192727108,,,3646.278192727108,3561.8642606196117,,2025-03-08
2025,3,1,6,10,1,12855.770169274992,13425.329607154265,11305.754841903548,10794.507441711912,10280.547853720856,13662.64603960396,10193.43496463932,12528.951539444271,1096.9307676308763,11494.703925263495,1341.062277242128,11499.81887467491,1386.5243542131934,-569.5594378792721,2662.335204635672,-0.042424242424242475,0.261181359754707,1.0,6.123233995736766e-17,1.0,6.123233995736766e-17,9,68,0,0,0,0,2,0.9209712877166346,0.38963044953078796,-0.7818314824680299,0.6234898018587334,13425.329607154265,13083.5939444267,12755.80667609618,10320.552623762376,11915.0284582744,12193.996346215266,11178.594059405941,8942.875247524753,7786.757425742575,,11250.929902815169,1383.7221943051502,11271.654154146489,1405.7302713577992,11089.117227026964,1401.2557984755003,11014.627081367042,1420.9724488130246,10620.369302270252,1375.4811857830969,10945.168221026512,1596.8196763332205,10905.202286819464,1556.3364281170518,10044.567034498841,1897.7354109462526,9916.816736211762,1956.0289621534027,-0.01741293532338306,-227.8237751517081,0.24564746074502342,2535.217545512616,,,2535.217545512616,3912.8949217502395,,2025-03-09
2025,3,1,0,11,0,9617.417936761418,12855.770169274992,13425.329607154265,11305.754841903548,10794.507441711912,13083.5939444267,10240.978971004242,11966.172571063558,2053.919603450001,11379.887975087831,1484.9293013504716,11447.855455154675,1448.2999644553367,-3238.3522325135746,-623.5610342428245,-0.2518987341772152,-0.06088881111936095,1.0,6.123233995736766e-17,1.0,6.123233995736766e-17,10,69,0,0,0,0,2,0.9275416835791966,0.37371971479046906,0.0,1.0,12855.770169274992,9788.2857681252,9611.89669731259,12348.930074257423,8981.313033946251,9117.019287767484,10915.568316831683,10258.00396039604,7603.539603960397,,11226.52021262034,1414.9785224368798,11272.048528392832,1405.229497147922,10998.066822443765,1405.3111285866298,11037.34511361044,1392.0511010515963,10629.304992430858,1367.1373266964306,10929.7140498352,1603.3779415978086,10898.084664334634,1560.7879647294142,10055.755247458848,1889.1809792288238,9915.23261557975,1950.9413775227417,-0.017456359102244523,-170.8678313637829,-0.22119423472889488,-2731.5121374960054,,,-2731.5121374960054,-640.5860236346216,,2025-03-10
2025,3,1,1,11,0,10125.953149153624,9617.417936761418,12855.770169274992,13425.329607154265,11305.754841903548,9788.2857681252,10830.024186704384,10866.380418396679,1741.5239594204556,11354.122190993294,1508.9662515450407,11389.182868692113,1489.2860162130205,508.5352123922057,-704.0710375507606,0.052876480541454995,-0.06501103094627636,1.0,6.123233995736766e-17,1.0,6.123233995736766e-17,11,70,0,0,0,0,2,0.9338372288229252,0.35769823883312546,0.7818314824680298,0.6234898018587336,9617.417936761418,10306.313637815392,10193.43496463932,11915.0284582744,9527.81887553041,9593.460277866496,11573.132673267326,9468.926732673266,8061.584158415841,,11200.754428525803,1436.0133416980837,11267.228398715282,1409.3236605606448,10938.430978806406,1403.0158683438847,11058.707051954125,1372.4802876045383,10638.813793703843,1361.642532779729,10912.48572216718,1604.15589760243,10905.384957851084,1555.5560279875556,10067.223964074057,1883.2641163091412,9916.341671019612,1945.833364326458,-0.01749999999999996,-180.3604886617686,-0.15015283558792947,-1789.075309120777,,,-1789.075309120777,657.0264164803575,,2025-03-11
2025,3,1,2,11,0,10100.187365059086,10125.953149153624,9617.417936761418,12855.770169274992,13425.329607154265,10306.313637815392,11424.074034653466,9947.852816991377,286.4548419245017,11238.402178217822,1585.1645273249276,11278.858979559247,1534.8063812661233,-25.765784094537594,-1323.8866695943798,-0.0025445292620864812,-0.11588568715315917,1.0,6.123233995736766e-17,1.0,6.123233995736766e-17,12,71,0,0,0,0,2,0.9398560579418954,0.3415707691678556,0.9749279121818236,-0.22252093395631434,10125.953149153624,10280.547853720856,10240.978971004242,8981.313033946251,9575.362881895331,9563.400196422866,13808.851485148514,9863.465346534653,9618.935643564357,,11174.988644431263,1456.744458068106,11257.171855433486,1417.6875090276665,10975.7267898435,1363.5117522625515,11077.450783495688,1354.9439057734573,10648.399278858062,1355.8112629988236,10868.334958832784,1574.2368339320128,10908.015202501356,1553.9738098552182,10069.897584749027,1882.9657242852877,9917.304213920343,1940.7515857279668,-0.01754385964912286,-180.36048866177043,0.12457803518081123,1118.8743311128346,,,1118.8743311128346,236.72201852443322,,2025-03-12
2025,3,1,3,11,0,10604.654295752156,10100.187365059086,10125.953149153624,9617.417936761418,12855.770169274992,10280.547853720856,13662.64603960396,10276.931603321622,284.108414620171,11121.55208719259,1604.9242491803045,11024.026334238262,1345.1857590649513,504.46693069307,-3057.991743851804,0.04994629430719666,-0.22382133995037223,1.0,6.123233995736766e-17,1.0,6.123233995736766e-17,13,72,0,0,0,0,2,0.9455963874271426,0.3253420847119801,0.43388373911755823,-0.900968867902419,10100.187365059086,10794.507441711912,10830.024186704384,9527.81887553041,10129.3756718529,10035.094857872884,15650.031683168316,10521.029702970298,10901.460396039603,,11147.866766437013,1466.7420044933915,11241.074006079754,1424.1755622256114,11011.621303850892,1338.0166696767196,11094.425020063518,1345.5715194957602,10658.569983105906,1353.2607652914653,10808.270942315923,1483.216351523513,10908.944364643376,1553.764807715276,10068.248661969652,1882.363313223592,9920.884162263215,1936.2999283370023,-0.017587939698492372,-189.85314595975615,0.1130201396866708,1076.8354202217452,,,1076.8354202217452,83.62459278185815,,2025-03-13
2025,3,1,4,11,0,11106.4090386458,10604.654295752156,10100.187365059086,10125.953149153624,9617.417936761418,10794.507441711912,13083.5939444267,10603.750233152348,503.1114459996344,10735.065325774513,1155.4666224486725,10859.260925423188,1181.0614825058021,501.7547428936432,-1977.1849057809013,0.04731457800511496,-0.15111940298507465,1.0,6.123233995736766e-17,1.0,6.123233995736766e-17,14,73,0,0,0,0,2,0.9510565162951535,0.30901699437494745,-0.433883739117558,-0.9009688679024191,10604.654295752156,11305.754841903548,11424.074034653466,9575.362881895331,10688.393094059407,10503.62530022357,10468.366336633662,10784.055445544554,7269.4306930693065,,11119.388794543049,1465.0998703790628,11218.383649222063,1423.5661106315874,11062.656175742573,1310.2563497166327,11109.354160941604,1343.2166251059878,10669.333978434875,1354.402733457324,10815.866688768449,1483.0884278624785,10912.526071233391,1553.8452209667444,10089.565208333968,1872.1896001569364,9927.026778203022,1933.1353429400458,-0.017632241813602345,-199.34580325774914,0.15989432208833576,1531.046156750468,,,1531.046156750468,322.35359310124477,,2025-03-14
2025,3,1,5,11,1,13188.013174704569,11106.4090386458,10604.654295752156,10100.187365059086,10125.953149153624,11305.754841903548,9788.2857681252,11633.025503034174,1369.828255581438,10790.439160012776,1278.8027310871241,11142.571542638136,1302.3366713547798,2081.6041360587697,3399.727406579368,0.18742368742368765,0.3473261291216403,1.0,6.123233995736766e-17,1.0,6.123233995736766e-17,15,74,0,0,0,0,3,0.9562348265919056,0.29260033563334836,-0.9749279121818236,-0.2225209339563146,11106.4090386458,13425.329607154265,13662.64603960396,10129.3756718529,12786.835396039603,12464.763094857872,9491.318811881189,11178.594059405941,6590.950495049506,,11085.486447050234,1404.3328185703451,11184.48130172925,1365.3389771747409,11164.610759170962,1353.420534065121,11123.681938751066,1363.7552507726261,10682.249158432136,1375.1245253924856,10859.874954992536,1498.0820002901658,10934.852950292263,1572.0411755205598,10126.215556554273,1867.8851575379633,9943.835986432412,1942.283217170591,-0.017676767676767624,-237.31643244969564,0.301957159250287,3058.6375028516686,,,3058.6375028516686,2009.4191152986277,,2025-03-15
2025,3,1,6,11,1,12627.946394123284,13188.013174704569,11106.4090386458,10604.654295752156,10100.187365059086,13425.329607154265,10306.313637815392,12307.456202491217,1077.1742742070758,11292.193902906418,1316.5552960884104,11336.040938997125,1338.7489118653007,-560.0667805812845,2321.632756307892,-0.04246786632390753,0.22526315789473728,1.0,6.123233995736766e-17,1.0,6.123233995736766e-17,16,75,0,0,0,0,3,0.9611297838723007,0.27609697309746883,-0.7818314824680299,0.6234898018587334,13188.013174704569,12855.770169274992,13083.5939444267,10688.393094059407,12335.417567185288,11928.201941871606,10887.10099009901,10915.568316831683,7560.207920792079,,11052.940193457134,1358.3548513227563,11151.935048136149,1321.3073309383624,11229.262535839758,1376.0242513401263,11134.129396855995,1374.460412699161,10694.744595079488,1389.7534516493345,10880.599305040445,1510.4534580977754,10953.879373373282,1582.1352049605905,10154.36965918389,1867.184542203374,9957.6006551898,1946.7830631988004,-0.017721518987341756,-227.8237751517081,0.18146350746978768,1939.553300063877,,,1939.553300063877,1712.3780772916016,,2025-03-16
2025,3,1,0,12,0,9446.550105397637,12627.946394123284,13188.013174704569,11106.4090386458,10604.654295752156,12855.770169274992,10280.547853720856,11754.1698914085,2017.9817906188625,11178.960062280423,1458.4883512653414,11266.54112663686,1417.8370982655526,-3181.3962887256475,-833.9977483232196,-0.25193298969072164,-0.08112386228729718,1.0,6.123233995736766e-17,1.0,6.123233995736766e-17,17,76,0,0,0,0,3,0.9657399376548549,0.2595117970697999,0.0,1.0,12627.946394123284,9617.417936761418,9788.2857681252,12786.835396039603,9296.60486562942,8917.673484509742,10049.631683168316,11573.132673267326,6978.653465346534,,11028.53050326231,1389.625941719065,11127.525357941324,1351.2543061534782,11117.919692818361,1380.7788032554565,11139.484583990574,1367.309374368396,10704.188820452486,1379.2146581064728,10873.419762447937,1515.8743985151834,10930.250678174729,1588.649448694036,10168.080196073064,1852.7402045132378,9954.993254425555,1942.1279809573978,-0.017766497461928932,-170.86783136378108,-0.2612284577993813,-3340.2852906419666,,,-3340.2852906419666,-2126.5825678696892,,2025-03-17
2025,3,1,1,12,0,9945.592660491857,9446.550105397637,12627.946394123284,13188.013174704569,11106.4090386458,9617.417936761418,10794.507441711912,10673.363053337593,1711.0107816745358,11153.194278185883,1482.525056491654,11195.798228201851,1463.9584186766958,499.04255509422,-848.9147812200554,0.05282802182026991,-0.07864321608040181,1.0,6.123233995736766e-17,1.0,6.123233995736766e-17,18,77,0,0,0,0,3,0.970063921851507,0.2428497220959356,0.7818314824680298,0.6234898018587336,9446.550105397637,10125.953149153624,10306.313637815392,12335.417567185288,9860.626920084866,9383.039707761098,10468.366336633662,13808.851485148514,7269.4306930693065,,11002.76471916777,1410.6631365623775,11101.759573846784,1371.4065926824078,11038.258862595245,1377.0486576752112,11142.519074719397,1364.4573762607952,10714.234408894106,1371.443837732327,10867.19626630339,1518.6280361679235,10887.32558012299,1561.964361569662,10182.947762558744,1840.0437589774506,9954.945535674622,1937.1673530557512,-0.01781170483460537,-180.3604886617668,-0.19373684706473582,-2389.8249066934313,,,-2389.8249066934313,-3863.2588246566575,,2025-03-18
2025,3,1,2,12,0,9919.826876397316,9945.592660491857,9446.550105397637,12627.946394123284,13188.013174704569,10125.953149153624,11305.754841903548,9770.656547428938,280.97990716811125,11039.056374960077,1557.66087357791,11080.304231076334,1508.4869855413187,-25.76578409454123,-1385.9279655062328,-0.002590673575129765,-0.12258606213266199,1.0,6.123233995736766e-17,1.0,6.123233995736766e-17,19,78,0,0,0,0,3,0.9741004551724205,0.22611568550828828,0.9749279121818236,-0.22252093395631434,9945.592660491857,10100.187365059086,10280.547853720856,9296.60486562942,9908.170926449788,9352.979626317469,11166.257425742575,15650.031683168316,7754.059405940594,,10976.998935073232,1431.3911805699422,11075.993789752249,1391.2670070864278,11059.032929620844,1354.382564114301,11142.935358646093,1364.0685624480275,10724.356681216961,1363.2816821274762,10852.357807382614,1521.7569046987758,10823.656637825534,1480.297782010912,10194.97980406128,1831.131927921402,9954.768168708575,1932.2460411605273,-0.017857142857142905,-180.36048866177043,0.06703759273151588,623.222010767895,,,623.222010767895,-5730.204806771,,2025-03-19
2025,3,1,3,12,0,10414.801149792398,9919.826876397316,9945.592660491857,9446.550105397637,12627.946394123284,10100.187365059086,13425.329607154265,10093.406895560523,278.63357460561565,10923.78839348451,1577.147738476035,10829.426859629511,1321.821735736605,494.9742733950825,-3010.5284573618665,0.04989747095010255,-0.22424242424242435,1.0,6.123233995736766e-17,1.0,6.123233995736766e-17,20,79,0,0,0,0,3,0.9778483415056568,0.20931464596304847,0.43388373911755823,-0.900968867902419,9919.826876397316,10604.654295752156,10794.507441711912,9860.626920084866,10479.699929278642,9813.599520919834,11445.41386138614,10468.366336633662,7947.910891089109,,10949.87705707898,1441.3859601301833,11048.871911757995,1400.8446161121415,11077.505403944428,1341.1887730351184,11140.617545093013,1365.2918549832577,10735.092424589686,1358.3373770294454,10840.08860843507,1521.0722832561719,10823.061469082853,1480.4529951920265,10208.684749942966,1823.4354198437816,9957.07989223161,1927.6363231803793,-0.017902813299232823,-189.85314595975797,0.05620070956936307,554.1742297075325,,,554.1742297075325,-53.56518684126422,,2025-03-20
2025,3,1,4,12,0,10907.063235388056,10414.801149792398,9919.826876397316,9945.592660491857,9446.550105397637,10604.654295752156,12855.770169274992,10413.897087192592,493.6188004171458,10543.630070265091,1135.2020711436942,10667.034615138933,1160.0487849134427,492.2620855956575,-1948.706933886937,0.04726562500000009,-0.1515822784810127,1.0,6.123233995736766e-17,1.0,6.123233995736766e-17,21,80,0,0,0,0,3,0.9813064702716093,0.19245158197082998,-0.433883739117558,-0.9009688679024191,10414.801149792398,11106.4090386458,11305.754841903548,9908.170926449788,11056.233564356437,10271.055196422869,11864.148514851486,9491.318811881189,8238.688118811882,,10921.399085185016,1439.746199523528,11020.393939864032,1399.272344770221,11110.80181424237,1323.4396187123946,11135.290033344141,1365.9242181592178,10746.449710999777,1357.0452107838232,10828.694736060505,1516.887809247725,10838.791962677373,1473.6494588351904,10223.509056146167,1818.1692918324457,9961.829808947392,1923.9599439390372,-0.017948717948717774,-199.34580325774368,0.10081500575163993,998.8923089382679,,,998.8923089382679,1415.744423506867,,2025-03-21
2025,3,1,5,12,1,12950.69674225487,10907.063235388056,10414.801149792398,9919.826876397316,9945.592660491857,11106.4090386458,9617.417936761418,11424.187042478443,1344.713496571826,10597.421794953689,1255.0420582017991,10944.807848930055,1278.8619558575163,2043.633506866814,3333.2788054934517,0.18736789755066496,0.3465877044557246,1.0,6.123233995736766e-17,1.0,6.123233995736766e-17,22,81,0,0,0,0,4,0.9844738167520922,0.1755314904214282,-0.9749279121818236,-0.2225209339563146,10907.063235388056,13188.013174704569,13425.329607154265,10479.699929278642,13224.740717821784,12187.89392366656,11584.992079207921,10887.10099009901,8044.836633663367,,10887.496737692201,1378.9898887879633,10986.49159237122,1341.0610727129947,11193.168374674911,1359.2172767308778,11125.502748502468,1351.301668663719,10760.071189903141,1375.4800601984061,10844.953124906302,1532.332023187238,10861.720804367995,1490.3686857235841,10250.763834527232,1822.0937902814762,9976.699793690215,1930.6885202562078,-0.01799485861182537,-237.31643244969928,0.23578888991588864,2470.9968129762274,,,2470.9968129762274,2063.5957521558594,,2025-03-22
2025,3,1,6,12,1,12400.122618971574,12950.69674225487,10907.063235388056,10414.801149792398,9919.826876397316,13188.013174704569,10125.953149153624,12085.960865538167,1057.4179320814853,11089.683880549346,1292.0484270243378,11134.321971414882,1314.4925655115865,-550.5741232832952,2274.169469817951,-0.04251308900523554,0.2245881880273204,1.0,6.123233995736766e-17,1.0,6.123233995736766e-17,23,82,0,0,0,0,4,0.9873494423939864,0.15855938510313478,-0.7818314824680299,0.6234898018587334,12950.69674225487,12627.946394123284,12855.770169274992,11056.233564356437,12755.80667609618,11662.407537527944,12282.88316831683,10049.631683168316,8529.465346534653,,10854.950484099101,1332.9876168505302,10953.94533877812,1297.01144856682,11237.964676495414,1376.5832602722608,11112.799746462304,1337.0044468659862,10773.244673500349,1387.7570936810057,10846.348832652191,1533.7102989988707,10887.837370321364,1496.5597236574708,10272.26748604077,1824.5046104386406,9988.696936389628,1933.4133666190457,-0.01804123711340211,-227.82377515170992,0.12155034956457733,1343.8890546151379,,,1343.8890546151379,2350.4909358032583,,2025-03-23
2025,3,1,0,13,0,9275.682274033856,12400.122618971574,12950.69674225487,10907.063235388056,10414.801149792398,12627.946394123284,10100.187365059086,11542.167211753433,1982.044007076941,10978.03214947301,1432.047914225946,11065.613213829447,1392.6839415912755,-3124.4403449377187,-824.5050910252303,-0.25196850393700776,-0.08163265306122436,1.0,6.123233995736766e-17,1.0,6.123233995736766e-17,24,83,0,0,0,0,4,0.989932495087353,0.141540295217043,0.0,1.0,12400.122618971574,9446.550105397637,9617.417936761418,13224.740717821784,9611.89669731259,8718.327681251996,14655.712871287127,10468.366336633662,10177.202970297029,,10830.540793904276,1364.2740158431966,10929.53564858329,1326.969445673452,11106.329395035815,1368.8391818877892,11100.792088488062,1352.40440960369,10783.19743408574,1374.6887144292243,10782.300849351557,1484.2520460051496,10874.585325181366,1505.5693692462196,10267.259037728196,1826.0037964333765,9985.184548890338,1929.2709108886252,-0.018087855297157618,-170.86783136378108,-0.2986114078188421,-3949.058443787928,,,-3949.058443787928,-1192.6840625998066,,2025-03-24
2025,3,1,1,13,0,9765.232171830086,9275.682274033856,12400.122618971574,12950.69674225487,10907.063235388056,9446.550105397637,10604.654295752156,10480.345688278505,1680.4976564470705,10952.266365378475,1456.0843571180787,10995.661370169277,1438.276834456844,489.54989779623065,-839.4221239220697,0.05277777777777781,-0.07915601023017904,1.0,6.123233995736766e-17,1.0,6.123233995736766e-17,25,84,0,0,0,0,4,0.9922222094179323,0.12447926388678915,0.7818314824680298,0.6234898018587336,9275.682274033856,9945.592660491857,10125.953149153624,12755.80667609618,10193.43496463932,9172.619137655702,16609.80792079208,11166.257425742575,11534.163366336634,,10804.775009809735,1385.3136632699814,10903.769864488755,1347.1218984455968,11006.643578226947,1353.3808122934208,11085.499131602019,1365.4033782766953,10793.779809695998,1364.3068034010905,10700.817804721059,1341.489086528029,10859.018377915672,1509.7568979763864,10257.431642203159,1823.9062478527562,9984.106350963571,1924.5747581124176,-0.0181347150259068,-180.36048866177043,-0.23444808942348572,-2990.574504266093,,,-2990.574504266093,-1401.0252539124886,,2025-03-25
2025,3,1,2,13,0,9739.466387735549,9765.232171830086,9275.682274033856,12400.122618971574,12950.69674225487,9945.592660491857,11106.4090386458,9593.460277866498,275.5051972240251,10839.710571702331,1530.157531947945,10881.74948259342,1482.169556860751,-25.765784094537594,-1366.9426509102504,-0.0026385224274405594,-0.12307692307692297,1.0,6.123233995736766e-17,1.0,6.123233995736766e-17,26,85,0,0,0,0,4,0.994217906893952,0.10738134666416309,0.9749279121818236,-0.22252093395631434,9765.232171830086,9919.826876397316,10100.187365059086,9611.89669731259,10240.978971004242,9142.559056212072,9984.24133663366,11445.41386138614,7429.9009900990095,,10779.0092257152,1406.0385133345628,10878.004080394214,1366.9772890550996,11010.895901241045,1349.040856877094,11067.58796791385,1380.102244977579,10804.438869187488,1353.460227468099,10697.903817234175,1343.3289789450787,10840.06340598622,1513.0175411589776,10270.26256107892,1811.9886460192413,9982.91298528929,1919.9278998386155,-0.018181818181817966,-180.3604886617668,0.013272062157994924,127.56969042295896,,,127.56969042295896,-1705.9474736505908,,2025-03-26
2025,3,1,3,13,0,10224.948003832642,9739.466387735549,9765.232171830086,9275.682274033856,12400.122618971574,9919.826876397316,13188.013174704569,9909.882187799427,273.15896513213687,10726.02469977643,1549.3714939665037,10634.82738502076,1298.4600055397361,485.48161609709314,-2963.065170871927,0.049846839320523584,-0.2246786632390746,1.0,6.123233995736766e-17,1.0,6.123233995736766e-17,27,86,0,0,0,0,4,0.995918996147179,0.09025161003104117,0.43388373911755823,-0.900968867902419,9739.466387735549,10414.801149792398,10604.654295752156,10193.43496463932,10830.024186704384,9592.104183966783,10478.085531778985,11864.148514851486,6736.443564356436,,10751.887347720947,1416.0304226396092,10850.882202399966,1376.551253647726,11011.946335880823,1348.3945036197908,11045.978104239857,1388.670420903446,10815.739651685091,1345.7738898780824,10694.890275234813,1344.111755667915,10821.850066974901,1510.415250739166,10289.643141298231,1792.5322717594534,9984.087912563773,1915.3136624670003,-0.01822916666666652,-189.85314595975615,0.003091503433596099,31.513039193321674,,,31.513039193321674,-1639.2005110188438,,2025-03-27
2025,3,1,4,13,0,10707.71743213031,10224.948003832642,9739.466387735549,9765.232171830086,9275.682274033856,10414.801149792398,12627.946394123284,10224.043941232834,484.1261552940754,10352.19481475567,1114.938284698809,10474.808304854678,1139.0386116914638,482.7694282976681,-1920.2289619929743,0.04721485411140569,-0.1520618556701031,1.0,6.123233995736766e-17,1.0,6.123233995736766e-17,28,87,0,0,0,0,4,0.9973249731081555,0.07309512989807777,-0.433883739117558,-0.9009688679024191,10224.948003832642,10907.063235388056,11106.4090386458,10240.978971004242,11424.074034653466,10038.485092622166,10968.765507824975,11584.992079207921,7727.09702970297,,10723.409375826985,1414.3931212239117,10822.404230506001,1374.9814505039276,11027.504284585024,1341.8690958240998,11020.393939864034,1388.0453334431356,10827.690229176309,1341.7116028326566,10691.782560047974,1343.7726419633807,10812.10257089626,1508.2641847409936,10306.202143533937,1782.4666946628543,9987.583707344287,1911.3210590218011,-0.018276762402088753,-199.3458032577455,0.045575570699594836,466.7384611260677,,,466.7384611260677,-877.274647077611,,2025-03-28
2025,3,1,5,13,1,12713.380309805176,10707.71743213031,10224.948003832642,9739.466387735549,9765.232171830086,10907.063235388056,9446.550105397637,11215.348581922712,1319.5987547476886,10404.404429894603,1231.2814853403331,10747.044155221975,1255.389832466364,2005.6628776748657,3266.830204407539,0.18731003039513694,0.34582256675279943,1.0,6.123233995736766e-17,1.0,6.123233995736766e-17,29,88,0,0,0,0,5,0.9984354211555643,0.055916990100603484,-0.9749279121818236,-0.2225209339563146,10707.71743213031,12950.69674225487,13188.013174704569,10830.024186704384,13662.64603960396,11911.024752475249,13018.501437240497,12282.88316831683,7132.704950495049,,10689.507028334172,1353.647980425685,10788.501883013187,1316.7867518284102,11090.282822021718,1375.9349508478838,10986.49159237122,1331.562855657605,10842.018006985772,1357.679630193494,10688.150165673744,1337.806585562523,10816.885872468352,1513.6540281738387,10337.205895530107,1775.4800532089505,10000.688498702271,1916.0430912502193,-0.018324607329842757,-237.31643244969382,0.17390137737761635,1883.3561231007916,,,1883.3561231007916,430.49714148834573,,2025-03-29
2025,3,1,6,13,1,12172.298843819864,12713.380309805176,10707.71743213031,10224.948003832642,9739.466387735549,12950.69674225487,9945.592660491857,11864.465528585119,1037.6617498959395,10887.173858192271,1267.541676551394,10932.60300383264,1290.2389257051195,-541.0814659853113,2226.7061833280077,-0.042560000000000264,0.22388873738751003,1.0,6.123233995736766e-17,1.0,6.123233995736766e-17,30,89,0,0,0,0,5,0.9992500112396835,0.03872228089217446,-0.7818314824680299,0.6234898018587334,12713.380309805176,12400.122618971574,12627.946394123284,11424.074034653466,13083.5939444267,11494.639349363508,12459.790750558925,14655.712871287127,7429.9009900990095,,10656.960774741068,1307.620497203616,10755.955629420087,1272.718587719402,11115.223648993931,1388.9141557876744,10953.94533877812,1288.8589780407553,10854.11906938678,1366.5929825120897,10684.727642974469,1333.5806461414538,10789.292383274273,1464.73237787018,10363.552550273,1767.2646604905874,10011.078978822452,1917.3249855130882,-0.018372703412073643,-227.82377515170992,0.0654954446983409,748.2248091663987,,,748.2248091663987,-2483.4140274672627,,2025-03-30
2025,3,1,0,14,0,9104.814442670073,12172.298843819864,12713.380309805176,10707.71743213031,10224.948003832642,12400.122618971574,9919.826876397316,11330.164532098372,1946.106254446849,10777.104236665602,1405.6080191844985,10864.685301022038,1367.5333835780496,-3067.4844011497917,-815.0124337272428,-0.25200534759358284,-0.08215994531783999,1.0,6.123233995736766e-17,1.0,6.123233995736766e-17,31,90,0,1,0,1,5,0.9997685019798909,0.021516097436222254,0.0,1.0,12172.298843819864,9275.682274033856,9446.550105397637,13662.64603960396,9788.2857681252,8666.021202263084,9316.36509102523,16609.80792079208,7925.227722772277,,10632.551084546243,1338.9227820067283,10731.545939225258,1302.6879482418751,10963.295929096137,1349.3717160061533,10929.53564858329,1317.8980328599337,10861.954662965474,1355.0280579937362,10682.209182875002,1336.3927172667793,10705.903566850693,1337.7722377063042,10370.105809827986,1760.3459975741237,10006.763433412203,1913.7546767216497,-0.018421052631579116,-170.8678313637829,-0.3335980148883375,-4557.831596933887,,,-4557.831596933887,-7504.993478122005,,2025-03-31
2025,4,2,1,14,0,9584.871683168316,9104.814442670073,12172.298843819864,12713.380309805176,10707.71743213031,9275.682274033856,10414.801149792398,10287.328323219419,1649.984586651731,10751.338452571064,1429.6441809265184,10795.524512136699,1412.5975968692965,480.0572404982431,-829.9294666240821,0.05272564789991052,-0.07968750000000002,0.8660254037844387,-0.49999999999999983,1.2246467991473532e-16,-1.0,1,91,1,0,1,0,1,0.9999907397361901,0.004303538296244289,0.7818314824680298,0.6234898018587336,9104.814442670073,9765.232171830086,9945.592660491857,13083.5939444267,10306.313637815392,9195.010830975954,9803.880847971892,9984.24133663366,8123.358415841584,,10606.785300451706,1359.9649627451345,10705.78015513072,1322.8405221271737,10846.671853720854,1310.4312437066883,10903.769864488753,1337.441145302172,10868.91646389748,1347.2873902225688,10679.601930913055,1338.3391702669562,10701.466126256633,1340.8517323651793,10378.225327979802,1753.2814877528738,10004.763946444222,1909.4135902102687,-0.018469656992084582,-180.36048866177043,-0.26741293532338317,-3498.7222612583846,,,-3498.7222612583846,-399.3696534653445,,2025-04-01
2025,4,2,2,14,0,9598.184004950495,9584.871683168316,9104.814442670073,12172.298843819864,12713.380309805176,9765.232171830086,10907.063235388056,9429.290043596297,281.0829346922142,10646.877786090705,1497.1051072506705,10686.451242933568,1453.1524147114374,13.312321782179424,-1308.8792304375602,0.001388888888889106,-0.12000290107339717,0.8660254037844387,-0.49999999999999983,1.2246467991473532e-16,-1.0,2,92,0,0,0,0,1,0.9999166586547379,-0.01291029607500882,0.9749279121818236,-0.22252093395631434,9584.871683168316,9739.466387735549,9919.826876397316,9788.2857681252,10280.547853720856,9242.554837340878,9773.820766528264,10478.085531778985,8420.554455445545,,10586.602102910983,1375.93672008424,10682.80566431309,1340.2195200530994,10840.335128281698,1316.17270994432,10879.399727032669,1355.3151543310682,10875.266984747652,1340.302086460311,10677.511017084747,1339.9076211152458,10691.689442625207,1345.6978883575466,10384.76771436594,1748.1251957311808,10002.846116531515,1905.0882003420152,-0.014506172839506282,-141.28238278505341,-0.019421354022351567,-190.1017631747054,,,-190.1017631747054,-879.9015268284893,,2025-04-02
2025,4,2,3,14,0,10117.364554455446,9598.184004950495,9584.871683168316,9104.814442670073,12172.298843819864,9739.466387735549,12950.69674225487,9766.806747524754,303.6649246750464,10548.48563981156,1511.6358836724069,10450.340227283616,1270.5132241975614,519.1805495049502,-2833.332187799424,0.05409153952843271,-0.21877835951134372,0.8660254037844387,-0.49999999999999983,1.2246467991473532e-16,-1.0,3,93,0,0,0,0,1,0.9995462806873573,-0.030120304846908114,0.43388373911755823,-0.900968867902419,9598.184004950495,10224.948003832642,10414.801149792398,10306.313637815392,10794.507441711912,9779.051414427156,10256.590194825932,10968.765507824975,8222.423762376238,,10571.233038714241,1381.2402565941395,10661.560193217594,1347.1344731412528,10834.036825503035,1319.2647496377401,10855.216052487796,1362.9061083532351,10881.308290819585,1336.026784076544,10675.8535689851,1340.5205377686268,10682.229432032213,1346.7204170372904,10395.295163210825,1740.7206311014402,10003.383761779984,1900.605954367434,-0.0105216622458002,-107.5834493771963,-0.01833333333333309,-188.9490833599466,,,-188.9490833599466,-851.4009533695298,,2025-04-03
2025,4,2,4,14,0,10637.9464009901,10117.364554455446,9598.184004950495,9584.871683168316,9104.814442670073,10224.948003832642,12400.122618971574,10117.831653465348,519.8813553981943,10202.579988342382,1098.047831503185,10303.492209118493,1117.261872032686,520.5818465346547,-1762.176217981474,0.051454293628808934,-0.1421095800524933,0.8660254037844387,-0.49999999999999983,1.2246467991473532e-16,-1.0,4,94,0,0,0,0,1,0.9988797155850336,-0.04732138832243185,-0.433883739117558,-0.9009688679024191,10117.364554455446,10707.71743213031,10907.063235388056,10280.547853720856,11305.754841903548,10320.552623762376,10736.195404024273,13018.501437240497,8717.750495049504,,10561.265748551352,1380.3426587605659,10642.33756218917,1345.2806252082626,10845.950110412008,1315.703149250026,10831.3657510266,1360.5710415129313,10886.97603684151,1334.2767561581238,10674.683937996599,1340.5101160493734,10655.778820518319,1323.4963927155277,10405.96291824383,1736.2607156452393,10006.349007757603,1896.6352994462432,-0.00651595744680844,-69.77103114020974,0.03476454293628817,357.39854726924386,,,357.39854726924386,-2380.5550362503964,,2025-04-04
2025,4,2,5,14,1,12681.738118811882,10637.9464009901,10117.364554455446,9598.184004950495,9584.871683168316,10707.71743213031,9275.682274033856,11145.683024752478,1355.48895374502,10287.486534174386,1284.6573970084794,10587.330196183328,1256.3984351810834,2043.7917178217813,3406.055844778026,0.19212276888625435,0.3672027290448343,0.8660254037844387,-0.49999999999999983,1.2246467991473532e-16,-1.0,5,95,0,0,0,0,1,0.9979171608653922,-0.06450844944931623,-0.9749279121818236,-0.2225209339563146,10637.9464009901,12713.380309805176,12950.69674225487,10794.507441711912,13425.329607154265,12348.930074257423,12741.632266049184,12459.790750558925,10401.861386138613,,10556.745435552311,1372.1478351618089,10623.12623194324,1311.2708152050739,10908.857799648675,1357.6084255183696,10804.80891215723,1314.5429858759503,10892.919037637124,1341.627768836321,10673.970912434248,1339.4129275026412,10658.244902387796,1327.097471211299,10418.628900092013,1744.5267752879315,10018.792678041576,1900.975448111484,-0.002488888888888985,-31.642190993294207,0.17483249581239546,1887.2306770999694,,,1887.2306770999694,221.94736825295695,,2025-04-05
2025,4,2,6,14,1,12191.28415841584,12681.738118811882,10637.9464009901,10117.364554455446,9598.184004950495,12713.380309805176,9765.232171830086,11836.989559405942,1066.965155768887,10801.898153465347,1333.3971180498309,10789.501195065475,1306.2873519680265,-490.453960396042,2426.051986585753,-0.038674033149171505,0.24843771698375194,0.8660254037844387,-0.49999999999999983,1.2246467991473532e-16,-1.0,6,96,0,0,0,0,1,0.9966589017541702,-0.08167639533042241,-0.7818314824680299,0.6234898018587334,12681.738118811882,12172.298843819864,12400.122618971574,11305.754841903548,12855.770169274992,11915.0284582744,12193.996346215266,9316.36509102523,11788.776237623762,,10559.457623351735,1375.887024133416,10608.209199046401,1290.5244262932083,10938.375443532419,1376.0371616700525,10781.077268912259,1281.7339276045761,10897.852175139651,1345.9552901391396,10673.938624484255,1339.3758764093102,10690.188447581026,1329.033770657234,10420.865055207525,1746.5496548604046,10028.850508969233,1902.3013072975048,0.0015597147950088264,18.98531459597507,0.07832553676382337,885.5293165122912,,,885.5293165122912,2874.9190673906087,,2025-04-06
2025,4,2,0,15,0,9156.074792079207,12191.28415841584,12681.738118811882,10637.9464009901,10117.364554455446,12172.298843819864,9739.466387735549,11343.032356435644,1909.7706179117256,10730.432004950495,1420.3292588197576,10740.885228760779,1358.722651351074,-3035.2093663366322,-583.3915956563415,-0.24896551724137927,-0.059899749373433786,0.8660254037844387,-0.49999999999999983,1.2246467991473532e-16,-1.0,7,97,0,0,0,0,1,0.9951053111006976,-0.09882013873287143,0.0,1.0,12191.28415841584,9104.814442670073,9275.682274033856,13425.329607154265,9617.417936761418,8981.313033946251,9117.019287767484,9803.880847971892,7471.782178217822,,10566.780530410182,1366.962071669911,10599.665807478214,1300.3827043082988,10796.066949696582,1329.9594654996588,10764.600728030753,1300.0806089095324,10900.972920820595,1341.6264291953942,10674.403570964156,1338.8355708242646,10682.99060251555,1335.6256737547708,10430.222236395644,1735.1361321942459,10024.828501057298,1898.8172900890715,0.005630026809651412,51.260349409134506,-0.31800000000000006,-4269.254815075057,,,-4269.254815075057,-647.8060558926845,,2025-04-07
2025,4,2,1,15,0,9678.057935643565,9156.074792079207,12191.28415841584,12681.738118811882,10637.9464009901,9104.814442670073,10224.948003832642,10341.805628712871,1622.819991377837,10743.744326732673,1407.914653526672,10695.311056411689,1386.4895583301566,521.9831435643573,-546.8900681890773,0.05700948882767065,-0.05348585322723254,0.8660254037844387,-0.49999999999999983,1.2246467991473532e-16,-1.0,8,98,0,0,0,0,2,0.9932568492674143,-0.11593459959550041,0.7818314824680298,0.6234898018587336,9156.074792079207,9584.871683168316,9765.232171830086,12855.770169274992,10125.953149153624,9527.81887553041,9593.460277866496,9773.820766528264,6774.415841584158,,10580.092852192363,1356.217421917961,10593.439076322033,1304.8865578818102,10690.143208575533,1286.0785739263654,10748.604470405395,1310.9397079582964,10903.65576117976,1338.978220440815,10675.410685937693,1338.044238719835,10681.926571061276,1336.396028375646,10446.353581362642,1714.3313519627854,10023.237810390263,1894.5826626847893,0.00972222222222241,93.1862524752487,-0.24718178621659637,-3177.712233631428,,,-3177.712233631428,-95.76283088469972,,2025-04-08
2025,4,2,2,15,0,9691.37025742574,9678.057935643565,9156.074792079207,12191.28415841584,12681.738118811882,9584.871683168316,10707.71743213031,9508.500995049506,305.2826164112645,10672.745277227723,1455.7481053069287,10610.615458519644,1416.3830159640838,13.312321782175786,-1016.3471747045696,0.0013755158184316496,-0.09491725768321535,0.8660254037844387,-0.49999999999999983,1.2246467991473532e-16,-1.0,9,99,0,0,0,0,2,0.9911140639934547,-0.1330147065341959,0.9749279121818236,-0.22252093395631434,9678.057935643565,9598.184004950495,9739.466387735549,9617.417936761418,10100.187365059086,9575.362881895331,9563.400196422866,10256.590194825932,7770.653465346534,,10593.40517397454,1345.3869650191752,10590.003638442762,1307.3687504688926,10692.608285931014,1284.0207653819643,10734.003859418488,1320.6694324159698,10905.727321457087,1336.9740663018265,10676.93413904487,1336.8351910018964,10675.646349534607,1339.741203189882,10457.024230207524,1703.5273274448382,10021.722433436087,1890.365317389354,0.009708737864077444,93.18625247524506,0.007689415303628211,73.95232066432254,,,73.95232066432254,-565.2199374001921,,2025-04-09
2025,4,2,3,15,0,10215.455346534653,9691.37025742574,9678.057935643565,9156.074792079207,12191.28415841584,9598.184004950495,12713.380309805176,9861.627846534653,306.495887892551,10602.330101485148,1467.935016790613,10402.455044913766,1253.4357048390104,524.0850891089121,-2497.924963270523,0.054077501445922715,-0.1964800000000002,0.8660254037844387,-0.49999999999999983,1.2246467991473532e-16,-1.0,10,100,0,0,0,0,2,0.9886775902323405,-0.1500553983446526,0.43388373911755823,-0.900968867902419,9691.37025742574,10117.364554455446,10224.948003832642,10125.953149153624,10604.654295752156,10129.3756718529,10035.094857872884,10736.195404024273,7172.910891089108,,10607.418144271569,1340.1028176434165,10589.325591492905,1307.5750902478594,10695.59169251038,1282.7621102611072,10720.103896946433,1324.1248772119045,10907.264458504977,1336.1144627563192,10679.081287719417,1335.9364251885718,10669.860348895834,1340.6009649986936,10473.927254960001,1685.7610808818183,10022.603037586536,1886.0897036472518,0.009695290858725558,98.09079207920695,0.008838891120932058,89.50219738102896,,,89.50219738102896,-520.7400574896201,,2025-04-10
2025,4,2,4,15,0,10740.941732673267,10215.455346534653,9691.37025742574,9678.057935643565,9156.074792079207,10117.364554455446,12172.298843819864,10215.922445544553,524.785893531327,10278.864037128711,1080.8940540716048,10283.175285651549,1131.9173581079197,525.4863861386148,-1431.3571111465972,0.05144032921810715,-0.11759135472370752,0.8660254037844387,-0.49999999999999983,1.2246467991473532e-16,-1.0,11,101,0,0,0,0,2,0.9859481499638304,-0.16705162550211924,-0.433883739117558,-0.9009688679024191,10215.455346534653,10637.9464009901,10707.71743213031,10100.187365059086,11106.4090386458,10688.393094059407,10503.62530022357,12741.632266049184,7471.782178217822,,10622.131763083451,1341.0589417376198,10591.6987558174,1307.8366163509882,10716.950171430852,1277.8314751611824,10707.051493161702,1321.9754153627605,10908.202827051651,1335.9763976700378,10681.906483343817,1335.811834802377,10647.630454080545,1322.3239368411448,10492.089252484753,1670.7799883023888,10025.85343892177,1882.4185394261,0.009681881051175623,102.99533168316702,0.06343984962406024,640.7543676141813,,,640.7543676141813,-2000.6905333759169,,2025-04-11
2025,4,2,5,15,1,12804.35160891089,10740.941732673267,10215.455346534653,9691.37025742574,9678.057935643565,10637.9464009901,9104.814442670073,11253.582896039603,1368.4650839972621,10381.041945544554,1303.8216584908926,10591.47004950495,1276.3888621314184,2063.4098762376234,3699.537166240818,0.19210697977821267,0.4063275742230166,0.8660254037844387,-0.49999999999999983,1.2246467991473532e-16,-1.0,12,102,0,0,0,0,2,0.9829265519799822,-0.18399835165768005,-0.9749279121818236,-0.2225209339563146,10740.941732673267,12681.738118811882,12713.380309805176,10604.654295752156,13188.013174704569,12786.835396039603,12464.763094857872,12193.996346215266,7969.90099009901,,10639.647975954736,1372.8675526223249,10598.196705753524,1319.364208791282,10790.27341520281,1333.0816068308068,10693.349294383355,1297.061534726848,10908.515616567212,1336.4262100979602,10685.94920374921,1341.7730724331268,10654.412179221608,1331.8744595605242,10518.947311478152,1668.865088422976,10038.369196444242,1887.38989938424,0.00966850828729271,122.61349009900914,0.20742753623188404,2199.6973131587347,,,2199.6973131587347,610.3552626956243,,2025-04-12
2025,4,2,6,15,1,12308.99310891089,12804.35160891089,10740.941732673267,10215.455346534653,9691.37025742574,12681.738118811882,9584.871683168316,11951.428816831685,1077.1741950893256,10906.528331683168,1346.0601840114161,10818.480168316832,1322.5009318116065,-495.3585000000003,2724.1214257425745,-0.03868673050615601,0.28421052631578947,0.8660254037844387,-0.49999999999999983,1.2246467991473532e-16,-1.0,13,103,0,0,0,0,2,0.9796136916454901,-0.20089055513063506,-0.7818314824680299,0.6234898018587334,12804.35160891089,12191.28415841584,12172.298843819864,11106.4090386458,12627.946394123284,12335.417567185288,11928.201941871606,9117.019287767484,8169.148514851486,,10656.463540311173,1395.5734120203558,10607.960581831456,1332.3512191968416,10830.359550878315,1360.710404862016,10681.958105625772,1280.7399280834923,10908.043751240883,1335.9178076794026,10690.482431928249,1346.6550108105282,10689.87855501209,1332.9743107759268,10541.946448111816,1664.8222161559138,10048.551366455304,1889.2629203028503,0.009655172413793212,117.70895049505089,0.1082783882783882,1202.5840702650912,,,1202.5840702650912,3191.973821143407,,2025-04-13
2025,4,2,0,16,0,9244.356504950494,12308.99310891089,12804.35160891089,10740.941732673267,10215.455346534653,12191.28415841584,9598.184004950495,11452.567074257428,1928.338779799783,10834.24475990099,1433.995556063186,10788.99454331683,1355.7086579394495,-3064.6366039603963,-353.82750000000124,-0.2489754098360656,-0.03686400467187401,0.8660254037844387,-0.49999999999999983,1.2246467991473532e-16,-1.0,14,104,0,0,0,0,2,0.9760105506323683,-0.21772323039653177,0.0,1.0,12308.99310891089,9156.074792079207,9104.814442670073,13188.013174704569,9446.550105397637,9296.60486562942,8917.673484509742,9593.460277866496,8468.0198019802,,10669.0752135785,1380.0674737976074,10617.927871994341,1320.7123349927192,10698.904328553179,1314.8083924722378,10674.7369056098,1288.5099629713413,10907.110744800186,1337.0814390881585,10694.371515504925,1341.936986745222,10685.999624201913,1336.70344329487,10546.259429794984,1660.4191579620488,10044.961210823587,1885.7878122027562,0.009641873278236845,88.2817128712868,-0.2990334190231364,-3943.6566697540748,,,-3943.6566697540748,-349.1037729160016,,2025-04-14
2025,4,2,1,16,0,9771.244188118812,9244.356504950494,12308.99310891089,12804.35160891089,10740.941732673267,9156.074792079207,10117.364554455446,10441.531267326733,1638.5856568999768,10847.557081683168,1421.58088435225,10760.151179455444,1374.8438352717963,526.8876831683174,-346.1203663366341,0.05699560406245263,-0.03421052631578947,0.8660254037844387,-0.49999999999999983,1.2246467991473532e-16,-1.0,15,105,0,0,0,0,3,0.9721181966290613,-0.23449138957040985,0.7818314824680298,0.6234898018587336,9244.356504950494,9678.057935643565,9584.871683168316,12627.946394123284,9945.592660491857,9860.626920084866,9383.039707761098,9563.400196422866,8268.772277227723,,10682.38753536068,1369.32234901906,10631.24019377652,1310.3975043984228,10603.68092168636,1273.0663130803443,10668.51017445362,1292.5789051861295,10905.514624586507,1338.406069547481,10698.992997413945,1338.0292719858676,10688.309001887423,1334.920527556963,10554.606495966602,1652.664495493615,10043.744690722677,1881.6622389190659,0.009628610729023324,93.18625247524687,-0.22622064719358548,-2856.702206004473,,,-2856.702206004473,207.84399169594508,,2025-04-15
2025,4,2,2,16,0,9784.556509900987,9771.244188118812,9244.356504950494,12308.99310891089,12804.35160891089,9678.057935643565,10637.9464009901,9600.052400990098,308.1135867215503,10775.74060891089,1469.9614301906965,10689.035355198019,1403.5122408087193,13.312321782175786,-853.389891089113,0.0013623978201633413,-0.08022130013831297,0.8660254037844387,-0.49999999999999983,1.2246467991473532e-16,-1.0,16,106,0,0,0,0,3,0.9679377830240642,-0.25119006388481935,0.9749279121818236,-0.22252093395631434,9771.244188118812,9691.37025742574,9598.184004950495,9446.550105397637,9919.826876397316,9908.170926449788,9352.979626317469,10035.094857872884,8766.89108910891,,10695.699857142856,1358.492237302828,10644.552515558697,1300.0008335633133,10614.947801836473,1263.935317062624,10663.679089935893,1295.7297386712812,10903.307224290993,1340.181630575438,10704.130817456604,1333.6198512894237,10685.525242465514,1336.5582284940886,10560.26019274878,1648.2494274457579,10042.597840365057,1877.5552713163715,0.009615384615384581,93.18625247524687,0.035780935974734085,338.0064045033505,,,338.0064045033505,-250.53834797189666,,2025-04-16
2025,4,2,3,16,0,10313.54613861386,9784.556509900987,9771.244188118812,9244.356504950494,12308.99310891089,9691.37025742574,12681.738118811882,9956.448945544553,309.32686344922405,10704.508009900988,1482.2888584116731,10491.68602351485,1256.657885539193,528.9896287128722,-2368.191980198022,0.054063730755460115,-0.18674033149171287,0.8660254037844387,-0.49999999999999983,1.2246467991473532e-16,-1.0,17,107,0,0,0,0,3,0.9634705485641488,-0.2678143051621742,0.43388373911755823,-0.900968867902419,9784.556509900987,10215.455346534653,10117.364554455446,9945.592660491857,10414.801149792398,10479.699929278642,9813.599520919834,10503.62530022357,10460.49504950495,,10709.712827439886,1353.2084764325036,10658.565485855726,1294.9284851944328,10627.212917773873,1258.9916018331803,10660.062839536662,1296.591067409427,10900.340192314838,1341.3199481069703,10710.082562905343,1330.7100794459752,10683.413251780961,1336.9989972310316,10559.443809910495,1648.3355073416208,10043.791445203158,1873.4830959768663,0.009602194787379892,98.09079207920695,0.03699663666939346,367.9534781220027,,,367.9534781220027,-190.07916160971035,,2025-04-17
2025,4,2,4,16,0,10843.937064356434,10313.54613861386,9784.556509900987,9771.244188118812,9244.356504950494,10215.455346534653,12191.28415841584,10314.013237623762,529.690431691697,10377.772252475246,1091.3717138259467,10379.4070990099,1146.3478667301886,530.3909257425748,-1347.3470940594052,0.05142663043478257,-0.1105172413793103,0.8660254037844387,-0.49999999999999983,1.2246467991473532e-16,-1.0,18,108,0,0,0,0,3,0.9587178169872964,-0.2843591872810034,-0.433883739117558,-0.9009688679024191,10313.54613861386,10740.941732673267,10637.9464009901,9919.826876397316,10907.063235388056,11056.233564356437,10271.055196422869,12464.763094857872,11855.227722772277,,10724.426446251766,1354.1642287980085,10673.279104667608,1295.8461378971624,10658.016590705844,1252.3749040330563,10657.808333428387,1296.2005004797093,10896.549183386265,1341.1713328749254,10716.902585142649,1329.9007034303008,10665.404073664278,1323.5837172785984,10553.825528474852,1645.6154354008181,10047.300855813479,1870.1028486384305,0.009589041095890316,102.99533168316702,0.0931578947368421,924.1101879591188,,,924.1101879591188,-1620.8260305014373,,2025-04-18
2025,4,2,5,16,1,12926.9650990099,10843.937064356434,10313.54613861386,9784.556509900987,9771.244188118812,10740.941732673267,9156.074792079207,11361.482767326734,1381.4412154111644,10480.767584158415,1316.0990107964674,10693.64795792079,1288.5435671330758,2083.0280346534655,3770.8903069306925,0.19209149059895325,0.4118457300275482,0.8660254037844387,-0.49999999999999983,1.2246467991473532e-16,-1.0,19,109,0,0,0,0,3,0.9536809966304457,-0.30081980763566735,-0.9749279121818236,-0.2225209339563146,10843.937064356434,12804.35160891089,12681.738118811882,10414.801149792398,12950.69674225487,13224.740717821784,12187.89392366656,11928.201941871606,7759.084158415842,,10741.942659123055,1385.9716604831303,10690.795317538896,1326.3808848473345,10741.755389013095,1317.8280472269337,10656.960774741066,1294.6525340869139,10891.231761621768,1332.3339705381466,10725.701051515784,1342.1383595654368,10676.501442076928,1338.3945162236025,10582.535978144819,1641.6605212017187,10059.875808840538,1875.67516890606,0.009575923392612706,122.61349009900914,0.2412109375,2512.163949217502,,,2512.163949217502,998.7631571382935,,2025-04-19
2025,4,2,6,16,1,12426.702059405938,12926.9650990099,10843.937064356434,10313.54613861386,9784.556509900987,12804.35160891089,9678.057935643565,12065.868074257427,1087.3832451885182,11011.15850990099,1358.7232574446953,10922.701634900988,1335.0606438547331,-500.26303960396217,2748.644123762373,-0.03869918699187003,0.28400781872149383,0.8660254037844387,-0.49999999999999983,1.2246467991473532e-16,-1.0,20,110,0,0,0,0,3,0.9483615800121715,-0.3171912885891061,-0.7818314824680299,0.6234898018587334,12926.9650990099,12308.99310891089,12191.28415841584,10907.063235388056,12400.122618971574,12755.80667609618,11662.407537527944,8917.673484509742,7034.90297029703,,10758.758223479488,1408.6809695718366,10707.610881895333,1348.180199150168,10792.410016480359,1353.1342156224848,10657.910040470868,1295.9870503609907,10885.354893466587,1324.663626716372,10734.799795823856,1351.1256685485187,10715.490648464664,1337.6929729166472,10612.490417528756,1625.6800193446497,10070.16635775604,1878.0708581070369,0.009562841530054378,117.70895049504725,0.13932612209374584,1519.6388240178821,,,1519.6388240178821,3509.028574896196,,2025-04-20
2025,4,2,0,17,0,9332.63821782178,12426.702059405938,12926.9650990099,10843.937064356434,10313.54613861386,12308.99310891089,9691.37025742574,11562.101792079207,1946.90694407925,10938.057514851484,1447.661891762256,10892.807298267324,1368.7305599547105,-3094.0638415841586,-358.7320396039613,-0.24898511502029774,-0.03701561596298453,0.8660254037844387,-0.49999999999999983,1.2246467991473532e-16,-1.0,21,111,0,0,0,0,3,0.9427611433904207,-0.3334687789181868,0.0,1.0,12426.702059405938,9244.356504950494,9156.074792079207,12950.69674225487,9275.682274033856,9611.89669731259,8718.327681251996,9383.039707761098,8069.447524752475,,10771.369896746814,1393.1729235536686,10720.22255516266,1333.293402722366,10671.80806566592,1314.8302782365042,10659.944181320436,1293.7800157359397,10880.368134904249,1330.0594348979325,10742.113016497306,1341.7093584280365,10714.930631909781,1338.2674893487122,10619.508143601364,1617.3460031350567,10066.973595245501,1874.611817107786,0.00954979536152778,88.28171287128498,-0.27937172774869123,-3618.0585244330905,,,-3618.0585244330905,-50.40148993931871,,2025-04-21
2025,4,2,1,17,0,9864.430440594058,9332.63821782178,12426.702059405938,12926.9650990099,10843.937064356434,9244.356504950494,10215.455346534653,10541.256905940592,1654.3513266820873,10951.369836633661,1435.2471552309537,10863.555222772275,1388.1361569033347,531.7922227722793,-351.0249059405942,0.05698198198198212,-0.03436213991769543,0.8660254037844387,-0.49999999999999983,1.2246467991473532e-16,-1.0,22,112,0,0,0,0,4,0.9368813462954315,-0.3496474552512284,0.7818314824680298,0.6234898018587336,9332.63821782178,9771.244188118812,9678.057935643565,12400.122618971574,9765.232171830086,10193.43496463932,9172.619137655702,9352.979626317469,7448.720792079207,,10784.682218528993,1382.4273331250738,10733.534876944834,1322.977959845543,10587.284993053336,1280.961978178622,10663.486976633434,1291.3728379601553,10874.493054117727,1333.870068703079,10750.34886534181,1334.0607011981729,10720.613418735076,1333.496553877537,10632.92875275978,1600.8263899644185,10066.100564406486,1870.597080195051,0.009536784741144277,93.18625247524687,-0.20448928258967636,-2535.692178377516,,,-2535.692178377516,511.4508142765899,,2025-04-22
2025,4,2,2,17,0,9877.742762376236,9864.430440594058,9332.63821782178,12426.702059405938,12926.9650990099,9771.244188118812,10740.941732673267,9691.60380693069,310.9445691776699,10878.735940594057,1484.174781532975,10791.621975247523,1417.13030532739,13.312321782177605,-863.1989702970313,0.0013495276653170407,-0.08036529680365312,0.8660254037844387,-0.49999999999999983,1.2246467991473532e-16,-1.0,23,113,0,0,0,0,4,0.9307239310379795,-0.36572252349726897,0.9749279121818236,-0.22252093395631434,9864.430440594058,9784.556509900987,9691.37025742574,9275.682274033856,9739.466387735549,10240.978971004242,9142.559056212072,9813.599520919834,7759.084158415842,,10797.994540311172,1371.597560445312,10746.847198727015,1312.5814514654564,10607.353675998083,1264.3126798459778,10668.425418584888,1287.9682511392982,10868.006693249368,1337.8838771423639,10759.101052319955,1325.771469418433,10721.326121417924,1333.0234001104968,10644.699078337339,1587.3097726002975,10065.292161822666,1866.6020555167418,0.009523809523809712,93.1862524752487,0.06490740740740719,602.0604883423803,,,602.0604883423803,64.1432414564024,,2025-04-23
2025,4,2,3,17,0,10411.636930693068,9877.742762376236,9864.430440594058,9332.63821782178,12426.702059405938,9784.556509900987,12804.35160891089,10051.270044554456,312.15785100936097,10806.685918316829,1496.642722876402,10592.229085396038,1268.7523967421628,533.8941683168323,-2392.7146782178224,0.054050219889345996,-0.18686730506155957,0.8660254037844387,-0.49999999999999983,1.2246467991473532e-16,-1.0,24,114,0,0,0,0,4,0.9242907221930934,-0.3816892202666588,0.43388373911755823,-0.900968867902419,9877.742762376236,10313.54613861386,10215.455346534653,9765.232171830086,10224.948003832642,10830.024186704384,9592.104183966783,10271.055196422869,8276.356435643564,,10812.007510608202,1366.3141788624912,10760.860169024045,1307.5093882296412,10628.900501293514,1254.9394609160192,10675.092880258473,1286.0692798473315,10860.535492249166,1339.26733439355,10768.857394542885,1320.083344760266,10722.888140687593,1332.5721397683676,10656.56174775428,1577.459603295593,10066.772267672539,1862.729770694281,0.009510869565217517,98.09079207920877,0.06619451002175603,646.4047588629819,,,646.4047588629819,140.58173427019938,,2025-04-24
2025,4,2,4,17,0,10946.932396039603,10411.636930693068,9877.742762376236,9864.430440594058,9332.63821782178,10313.54613861386,12308.99310891089,10412.10402970297,534.5949698785572,10476.68046782178,1101.8494349037853,10478.724025990097,1157.2300011291256,535.2954653465349,-1362.0607128712873,0.0514131897711978,-0.1106557377049181,0.8660254037844387,-0.49999999999999983,1.2246467991473532e-16,-1.0,25,115,0,0,0,0,4,0.9175836260593937,-0.39754281428255595,-0.433883739117558,-0.9009688679024191,10411.636930693068,10843.937064356434,10740.941732673267,9739.466387735549,10707.71743213031,11424.074034653466,10038.485092622166,12187.89392366656,8483.265346534654,,10826.721129420084,1367.2695665949486,10775.573787835925,1308.4267024963972,10669.149368236984,1244.7513333077284,10683.636271826663,1287.088184454144,10852.015105845348,1337.1330111210284,10779.672243393094,1317.7468236225461,10709.099679269517,1323.6333215309958,10670.248786918195,1569.1637148631467,10070.51762992091,1859.6318650647452,0.009497964721845387,102.99533168316884,0.1239766081871343,1207.4660083040544,,,1207.4660083040544,-1240.961527626956,,2025-04-25
2025,4,2,5,17,1,13049.57858910891,10946.932396039603,10411.636930693068,9877.742762376236,9864.430440594058,10843.937064356434,9244.356504950494,11469.382638613863,1394.417347954295,10580.493222772277,1328.3763692813063,10795.825866336632,1300.6984526694557,2102.6461930693076,3805.2220841584167,0.19207629288274464,0.41162649689252695,0.8660254037844387,-0.49999999999999983,1.2246467991473532e-16,-1.0,26,116,0,0,0,0,4,0.9106046300942163,-0.4132786077829042,-0.9749279121818236,-0.2225209339563146,10946.932396039603,12926.9650990099,12804.35160891089,10224.948003832642,12713.380309805176,13662.64603960396,11911.024752475249,11662.407537527944,8793.628712871288,,10844.23734229137,1399.0758400174288,10793.090000707214,1338.960808480641,10763.303721079526,1314.8481980039917,10695.643353230367,1308.1210341844962,10841.067472800793,1316.0463192893012,10793.22645573397,1335.2631142047915,10724.512690953748,1342.7965338579336,10693.892952897295,1572.7889717408782,10083.140769578487,1865.7759514190843,0.009485094850948617,122.61349009901096,0.27624889478337744,2824.630585276269,,,2824.630585276269,1387.1710515809664,,2025-04-26
2025,4,2,6,17,1,12544.411009900989,13049.57858910891,10946.932396039603,10411.636930693068,9877.742762376236,12926.9650990099,9771.244188118812,12180.307331683167,1097.5923057656942,11115.78868811881,1371.3863381426934,11026.923101485147,1347.6205399409705,-505.16757920792224,2773.166821782177,-0.038711409395973284,0.28380897748458334,0.8660254037844387,-0.49999999999999983,1.2246467991473532e-16,-1.0,27,117,0,0,0,0,4,0.9033558023246845,-0.4288919379124835,-0.7818314824680299,0.6234898018587334,13049.57858910891,12426.702059405938,12308.99310891089,10707.71743213031,12172.298843819864,13083.5939444267,11494.639349363508,8718.327681251996,8586.719801980198,,10861.052906647807,1421.788534054386,10809.905565063647,1360.7637268864833,10824.526840338549,1354.338532513269,10708.93307344755,1325.4539743037642,10831.439206112833,1301.2305234289252,10805.723737407036,1346.7700651156647,10767.024727938739,1339.1290238813167,10715.880126274631,1570.8291973412029,10093.525876077736,1868.6706361497581,0.009472259810554995,117.70895049505089,0.1715298885511649,1836.6935777706785,,,1836.6935777706785,3826.0833286489924,,2025-04-27
2025,4,2,0,18,0,9420.919930693068,12544.411009900989,13049.57858910891,10946.932396039603,10411.636930693068,12426.702059405938,9784.556509900987,11671.63650990099,1965.4751106823476,11041.870269801979,1461.3282648380557,10996.620053217819,1381.7526569962115,-3123.491079207921,-363.63657920791957,-0.24899463806970512,-0.03716433941997843,0.8660254037844387,-0.49999999999999983,1.2246467991473532e-16,-1.0,28,118,0,0,0,0,4,0.895839290734909,-0.4443781781046132,0.0,1.0,12544.411009900989,9332.63821782178,9244.356504950494,12713.380309805176,9104.814442670073,9788.2857681252,8666.021202263084,9172.619137655702,9103.992079207921,,10873.664579915134,1406.2784196065156,10822.517238330975,1345.8747066487774,10714.778161034812,1329.165601735587,10720.22255516266,1312.5685171972598,10824.879101872973,1307.4961060510684,10814.710627031202,1334.7853396339617,10769.783625639153,1336.0595517318295,10717.64083656066,1569.1891343504085,10090.69980067696,1865.2337386758245,0.009459459459459696,88.28171287128862,-0.2589760000000002,-3292.460379112108,,,-3292.460379112108,248.30079303736602,,2025-04-28
2025,4,2,1,18,0,9957.616693069303,9420.919930693068,12544.411009900989,13049.57858910891,10946.932396039603,9332.63821782178,10313.54613861386,10640.982544554456,1670.1170006035268,11055.182591584156,1448.91346502943,10966.959266089107,1401.4286644948947,536.6967623762357,-355.9294455445561,0.056968615201546724,-0.03451086956521754,0.8660254037844387,-0.49999999999999983,1.2246467991473532e-16,-1.0,29,119,0,0,0,0,5,0.8880573226294932,-0.45973273945210397,0.7818314824680298,0.6234898018587336,9420.919930693068,9864.430440594058,9771.244188118812,12172.298843819864,9584.871683168316,10306.313637815392,9195.010830975954,9142.559056212072,10862.717821782178,,10886.976901697311,1395.5323726300612,10835.829560113154,1335.558664849065,10640.955422676461,1306.7357033666426,10733.534876944836,1302.4785351178855,10818.652370716794,1310.8366267159977,10823.789268246599,1326.2019649301792,10778.839821604235,1327.6416541329243,10712.612496956699,1570.1715039181054,10090.142967590737,1861.3309621802591,0.009446693657219729,93.18625247524506,-0.1819444444444447,-2214.682150750561,,,-2214.682150750561,815.057636857231,,2025-04-29
2025,4,2,2,18,0,9970.929014851485,9957.616693069303,9420.919930693068,12544.411009900989,13049.57858910891,9864.430440594058,10843.937064356434,9783.155212871286,313.77556345084764,10981.731272277226,1498.3881585808274,10894.208595297028,1430.748538874299,13.312321782181243,-873.0080495049497,0.0013368983957222635,-0.08050655811849838,0.8660254037844387,-0.49999999999999983,1.2246467991473532e-16,-1.0,30,120,0,1,0,0,5,0.8800122039735357,-0.47495107206704995,0.9749279121818236,-0.22252093395631434,9957.616693069303,9877.742762376236,9784.556509900987,9104.814442670073,9598.184004950495,10280.547853720856,9242.554837340878,9592.104183966783,12311.080198019801,,10900.289223479489,1384.7029330025903,10849.141881895333,1325.1623177972956,10669.82590841584,1280.939699292232,10746.847198727015,1292.30977576905,10813.123462879841,1313.7971544659333,10832.460389407439,1318.0951917455316,10783.048986391843,1324.4335828168932,10699.611657050209,1566.546342303534,10089.646242787658,1857.4488229416077,0.009433962264151052,93.1862524752487,0.09512709760699045,866.1145721814119,,,866.1145721814119,378.82483088470144,,2025-04-30
2025,5,2,3,18,0,10509.727722772275,9970.929014851485,9957.616693069303,9420.919930693068,12544.411009900989,9877.742762376236,12926.9650990099,10146.091143564356,314.98885024929814,10908.863826732673,1510.9966095337838,10692.772147277226,1280.8470926858877,538.7987079207905,-2417.2373762376246,0.05403696156278537,-0.18699186991869932,0.49999999999999994,-0.8660254037844387,1.2246467991473532e-16,-1.0,1,121,1,0,0,0,1,0.8717063187093218,-0.49002866642905923,0.43388373911755823,-0.900968867902419,9970.929014851485,10411.636930693068,10313.54613861386,9584.871683168316,10117.364554455446,10794.507441711912,9779.051414427156,10038.485092622166,8134.529702970297,,10914.302193776519,1379.4199236895006,10863.15485219236,1320.0905352142458,10700.654443069307,1264.9571709413294,10760.860169024043,1287.349014517207,10808.03811075592,1314.4215262946786,10841.158916887738,1313.4624969367344,10788.285015615731,1322.3868688136236,10712.807201604664,1554.778434822581,10091.389319468091,1853.7726074695472,0.009421265141318802,98.09079207920695,0.0964912280701753,924.8560396039593,,,924.8560396039593,471.2426301501091,,2025-05-01
2025,5,2,4,18,0,11058.94575215586,10509.727722772275,9970.929014851485,9957.616693069303,9420.919930693068,10411.636930693068,12426.702059405938,10513.200829926542,544.0166835848227,10577.091687240498,1113.102164703385,10578.792455006385,1168.4463557528818,549.2180293835845,-1367.756307250078,0.05225806451612924,-0.11006591295997192,0.49999999999999994,-0.8660254037844387,1.2246467991473532e-16,-1.0,2,122,0,0,0,0,1,0.8631421280499114,-0.5049610547215204,-0.433883739117558,-0.9009688679024191,10509.727722772275,10946.932396039603,10843.937064356434,9598.184004950495,10637.9464009901,11305.754841903548,10320.552623762376,11911.024752475249,7375.30693069307,,10930.304101793126,1380.5108086434884,10878.512615606607,1321.1000653793449,10749.346501309485,1249.0711967826887,10775.895860137109,1288.3184461424362,10803.630805581854,1313.1354712383925,10849.949311273374,1312.4067796507707,10778.817471167738,1317.2987826384438,10733.271861723902,1534.7167956861601,10095.387486545313,1850.9678843539284,0.010232396808879551,112.01335611625655,0.15219147147543133,1460.7617472053644,,,1460.7617472053644,-852.0790003193888,,2025-05-02
2025,5,2,5,18,1,13193.663565953368,11058.94575215586,10509.727722772275,9970.929014851485,9957.616693069303,10946.932396039603,9332.63821782178,11587.445680293837,1417.8723613603115,10685.30044658256,1349.135309070546,10900.544567350686,1316.3411146545477,2134.717813797508,3861.0253481315885,0.19303086041283457,0.4137120991959704,0.49999999999999994,-0.8660254037844387,1.2246467991473532e-16,-1.0,3,123,0,0,0,0,1,0.854322169749827,-0.5197438121555155,-0.9749279121818236,-0.2225209339563146,11058.94575215586,13049.57858910891,12926.9650990099,10117.364554455446,12681.738118811882,13425.329607154265,12348.930074257423,11494.639349363508,8459.910891089108,,10950.887669913764,1417.9425520314699,10897.562506102566,1354.4131782160434,10851.889801692749,1319.6788750205176,10794.178911820729,1319.6189925581139,10799.49391198898,1305.0660431360097,10860.005662364993,1327.1843432979706,10797.695518018738,1339.6569148473923,10759.57048769537,1536.1010029467207,10108.13759386798,1857.8019532100182,0.011041350941762174,144.08497684445683,0.3040612992583325,3076.299011497922,,,3076.299011497922,1699.0242165898599,,2025-05-03
2025,5,2,6,18,1,12693.038901309485,13193.663565953368,11058.94575215586,10509.727722772275,9970.929014851485,13049.57858910891,9864.430440594058,12315.21607313957,1116.3859562225193,11230.653608351962,1396.3327395876242,11136.26193907697,1366.2504939044893,-500.6246646438831,2828.608460715426,-0.03794432548179871,0.286748279867751,0.49999999999999994,-0.8660254037844387,1.2246467991473532e-16,-1.0,4,124,0,0,0,0,1,0.8452490573530633,-0.5343725582809787,-0.7818314824680299,0.6234898018587334,13193.663565953368,12544.411009900989,12426.702059405938,10637.9464009901,12191.28415841584,12855.770169274992,11915.0284582744,8666.021202263084,7809.148514851485,,10972.120225829263,1446.6043580931034,10916.586566238533,1379.1875158222763,10920.392885036728,1360.8858134162865,10812.098724066933,1342.5020939065512,10796.587996489598,1300.5776578753994,10869.267691448744,1337.3118565148582,10842.440159119253,1334.9017617174825,10786.703212064582,1526.8002894492427,10118.731451685362,1861.3459556100615,0.011848136296808809,148.627891408496,0.19318507753790826,2055.0925003193843,,,2055.0925003193843,4027.0176990464006,,2025-05-04
2025,5,2,0,19,0,9540.1205844778,12693.038901309485,13193.663565953368,11058.94575215586,10509.727722772275,12544.411009900989,9877.742762376236,11808.941017246885,1980.7361966767194,11161.070923586713,1480.3346929153076,11108.126757585434,1397.638988942174,-3152.918316831685,-337.62217789843635,-0.24839743589743601,-0.03418009417945367,0.49999999999999994,-0.8660254037844387,1.2246467991473532e-16,-1.0,5,125,0,0,0,0,1,0.835925479418637,-0.548842958284719,0.0,1.0,12693.038901309485,9420.919930693068,9332.63821782178,12681.738118811882,9156.074792079207,9617.417936761418,8981.313033946251,9195.010830975954,8134.529702970297,,10989.148890655653,1425.853884656692,10931.406735285393,1361.863766883304,10815.672300558925,1341.4109695072893,10825.814645224027,1326.8267090839554,10795.20768662739,1301.8922247143814,10875.920162288405,1329.1721806519952,10846.27471193594,1330.605045435563,10794.51205029518,1516.721123622048,10116.369774676354,1857.8955950731388,0.012652761583970218,119.20065378473191,-0.24772767777579785,-3141.617534334082,,,-3141.617534334082,345.10975350184526,,2025-05-05
2025,5,2,1,19,0,10091.598770360904,9540.1205844778,12693.038901309485,13193.663565953368,11058.94575215586,9420.919930693068,10411.636930693068,10774.919418716063,1683.8701878424624,11181.182549504949,1461.6333380063795,11081.456910891087,1415.0823258639607,551.4781858831047,-320.0381603321639,0.05780620705993855,-0.030738505622368018,0.49999999999999994,-0.8660254037844387,1.2246467991473532e-16,-1.0,6,126,0,0,0,0,1,0.8263541987239096,-0.5631507242749186,0.7818314824680298,0.6234898018587336,9540.1205844778,9957.616693069303,9864.430440594058,12191.28415841584,9678.057935643565,10125.953149153624,9527.81887553041,9242.554837340878,8676.831683168317,,11008.289187411598,1410.5157974660624,10947.633044554455,1349.4700057967768,10745.68278762376,1321.7952371595165,10840.583960749644,1315.8335747207502,10794.594215577521,1302.2213738500177,10882.631827703055,1323.6950381661272,10855.70853341394,1322.0896791271923,10802.371867446249,1509.333509716064,10116.269079536858,1854.100767139435,0.013455235466620863,133.98207729160094,-0.17222840192806832,-2099.685388054935,,,-2099.685388054935,849.0439330200261,,2025-05-06
2025,5,2,2,19,0,10113.070257106354,10091.598770360904,9540.1205844778,12693.038901309485,13193.663565953368,9957.616693069303,10946.932396039603,9914.929870648353,324.77185366895145,11115.072971893962,1506.3631369080504,11011.968399313317,1442.4968853262415,21.47148674544951,-833.8621389332493,0.0021276595744681437,-0.07617313314503749,0.49999999999999994,-0.8660254037844387,1.2246467991473532e-16,-1.0,7,127,0,0,0,0,1,0.8165380514459161,-0.5772916165517272,0.9749279121818236,-0.22252093395631434,10091.598770360904,9970.929014851485,9877.742762376236,9156.074792079207,9691.37025742574,10100.187365059086,9575.362881895331,9779.051414427156,8893.752475247526,,11028.595079162293,1394.0195712574193,10964.44215132089,1336.5217498128588,10777.582636458,1293.3510850119885,10855.644675023954,1304.5578057640996,10794.82426722122,1302.0976009106041,10889.033105979375,1318.5873277145174,10859.419853888154,1319.499654303235,10809.145855123243,1503.444345825204,10116.25612883876,1850.3284432619414,0.014255566561867328,142.1412422548692,0.10452027607452807,956.9954650271466,,,956.9954650271466,334.0188426791974,,2025-05-07
2025,5,2,3,19,0,10667.93867773874,10113.070257106354,10091.598770360904,9540.1205844778,12693.038901309485,9970.929014851485,13049.57858910891,10290.869235068667,326.728143312521,11049.905126157775,1517.6921443220356,10813.498406699136,1292.727455424228,554.8684206323869,-2381.63991137017,0.054866465526874686,-0.18250703615501196,0.49999999999999994,-0.8660254037844387,1.2246467991473532e-16,-1.0,8,128,0,0,0,0,2,0.8064799463209448,-0.5912614448635781,0.43388373911755823,-0.900968867902419,10113.070257106354,10509.727722772275,10411.636930693068,9678.057935643565,10215.455346534653,10604.654295752156,10129.3756718529,10320.552623762376,9219.133663366338,,11051.196644157502,1385.4612518021636,10982.74941896701,1330.107096717817,10810.578661194506,1276.854418084552,10871.804793995527,1299.1250307960338,10795.95434547098,1301.9570077024919,10895.444570335161,1316.1561926143193,10863.279698932336,1318.4132757656419,10817.194771869756,1498.7553060444466,10118.480655245614,1846.9113093491317,0.01505376344086029,158.21095496646558,0.10228092750401085,989.8807420951762,,,989.8807420951762,347.38605397636456,,2025-05-08
2025,5,2,4,19,0,11225.067254870648,10667.93867773874,10113.070257106354,10091.598770360904,9540.1205844778,10509.727722772275,12544.411009900989,10668.692063238583,555.9988816998878,10721.805740977323,1123.0345950583812,10703.553093779941,1183.6331522036498,557.1285771319072,-1319.3437550303406,0.052224576271186374,-0.10517383032085093,0.49999999999999994,-0.8660254037844387,1.2246467991473532e-16,-1.0,9,129,0,0,0,0,2,0.7961828637826158,-0.6050560696488488,-0.433883739117558,-0.9009688679024191,10667.93867773874,11058.94575215586,10946.932396039603,9691.37025742574,10740.941732673267,11106.4090386458,10688.393094059407,12348.930074257423,9002.212871287129,,11074.928287402474,1387.0379642622474,11002.616194597798,1331.6072701594185,10861.701894442667,1261.1041240388738,10889.094991216862,1300.5397231746135,10798.07324218928,1302.567863126899,10901.833548440056,1316.4415491327975,10850.792334272483,1309.475864189832,10829.543962889664,1492.8631463047816,10122.924778135675,1844.5175062918677,0.015021459227467782,166.12150271478822,0.1582538853336819,1533.6969974449075,,,1533.6969974449075,-1123.8628193867753,,2025-05-09
2025,5,2,5,19,1,13391.42725966145,11225.067254870648,10667.93867773874,10113.070257106354,10091.598770360904,11058.94575215586,9420.919930693068,11761.477730756946,1438.8014675229886,10838.20380070265,1375.9259674321884,11034.428704527307,1337.4547568240694,2166.360004790802,3970.5073289683824,0.19299305345816986,0.4214564350592336,0.49999999999999994,-0.8660254037844387,1.2246467991473532e-16,-1.0,10,130,0,0,0,0,2,0.7856498550787145,-0.6186714032625031,-0.9749279121818236,-0.2225209339563146,11225.067254870648,13193.663565953368,13049.57858910891,10215.455346534653,12804.35160891089,13188.013174704569,12786.835396039603,11915.0284582744,9544.514851485148,,11103.180243646482,1438.447483835033,11027.033956780124,1374.474139044468,10967.56762488023,1336.0618142663984,10910.061978743668,1336.7878317793409,10801.70563656351,1309.6182677096385,10909.03107062603,1328.4696175641209,10867.196765399003,1332.011717884403,10850.915698490644,1501.872867823641,10135.99878806178,1852.380530842576,0.014989293361884481,197.76369370808243,0.3108987123324043,3175.9719131267975,,,3175.9719131267975,1476.3988013870494,,2025-05-10
2025,5,2,6,19,1,12882.89204726924,13391.42725966145,11225.067254870648,10667.93867773874,10113.070257106354,13193.663565953368,9957.616693069303,12499.795520600446,1132.8508856635137,11395.332377834557,1421.213412540976,11278.201650710633,1388.9442400619596,-508.53521239220936,2925.2753541999373,-0.037974683544304,0.29377264102121803,0.49999999999999994,-0.8660254037844387,1.2246467991473532e-16,-1.0,11,131,0,0,0,0,2,0.7748840413670407,-0.6321034111873487,-0.7818314824680299,0.6234898018587334,13391.42725966145,12693.038901309485,12544.411009900989,10740.941732673267,12308.99310891089,12627.946394123284,12335.417567185288,8981.313033946251,11388.341584158416,,11130.302121640734,1474.752033464985,11051.211173735,1405.837326921274,11038.965968700095,1380.0418611549237,10930.558369399323,1363.1707782702745,10806.258237512548,1316.5072336730793,10915.548623960363,1336.8682928030373,10910.547643324815,1333.4337166280845,10859.218756619037,1508.975104192082,10146.942585907227,1856.7848074163671,0.014957264957264904,189.85314595975615,0.19941922858405392,2141.9503145959734,,,2141.9503145959734,3901.5790133229893,,2025-05-11
2025,5,2,0,20,0,9682.51044394762,12882.89204726924,13391.42725966145,11225.067254870648,10667.93867773874,12693.038901309485,9970.929014851485,11985.609916959438,2010.6845606661468,11327.150990099008,1503.687684865343,11254.16676980198,1415.8570709479184,-3200.381603321621,-288.41857090386475,-0.24842105263157888,-0.02892594766989831,0.49999999999999994,-0.8660254037844387,1.2246467991473532e-16,-1.0,12,132,0,0,0,0,2,0.7638886127905428,-0.6453481132295501,0.0,1.0,12882.89204726924,9540.1205844778,9420.919930693068,12804.35160891089,9244.356504950494,9446.550105397637,9296.60486562942,9527.81887553041,12906.787128712871,,11150.643530136424,1449.9361119155733,11069.896210396038,1384.0721965717391,10934.904596534652,1359.8868192549721,10946.206724363508,1345.4976212580211,10810.471814986653,1312.4476090605415,10920.14273798796,1331.891618151004,10912.266438529452,1331.7299640897706,10841.306108370341,1503.6610828620803,10145.09960121691,1853.3132778140825,0.014925373134328623,142.3898594698203,-0.24381095273818454,-3121.841164963271,,,-3121.841164963271,154.69156841720906,,2025-05-12
2025,5,2,1,20,0,10241.899177579047,9682.51044394762,12882.89204726924,13391.42725966145,11225.067254870648,9540.1205844778,10509.727722772275,10935.76722293197,1709.2981746878809,11348.622476844459,1483.6708927504105,11231.84772436921,1430.692210242662,559.3887336314274,-267.8285451932279,0.057773109243697496,-0.02548387096774185,0.49999999999999994,-0.8660254037844387,1.2246467991473532e-16,-1.0,13,133,0,0,0,0,2,0.7526668275320084,-0.6584015846980488,0.7818314824680298,0.6234898018587336,9682.51044394762,10091.598770360904,9957.616693069303,12308.99310891089,9771.244188118812,9945.592660491857,9860.626920084866,9575.362881895331,9725.19801980198,,11172.115016881873,1432.6491599897852,11090.202102146734,1368.4962758592987,10866.001465490257,1340.087242414033,10963.015831129944,1333.1586661538188,10815.763002791782,1309.4913727216203,10924.68169343432,1328.883662438815,10919.672397370381,1326.052953931436,10844.176670357992,1502.0107731371863,10145.482208238105,1849.64242539402,0.014893617021276784,150.30040721814294,-0.16793363299841357,-2067.093931331843,,,-2067.093931331843,666.5362956837162,,2025-05-13
2025,5,2,2,20,0,10263.370664324497,10241.899177579047,9682.51044394762,12882.89204726924,13391.42725966145,10091.598770360904,11058.94575215586,10062.593428617056,329.3365491594088,11281.194474608752,1529.2846981039124,11165.549800383264,1457.6129287945353,21.47148674544951,-795.5750878313629,0.002096436058700357,-0.07193950541590022,0.49999999999999994,-0.8660254037844387,1.2246467991473532e-16,-1.0,14,134,0,0,0,0,2,0.741222010848596,-0.6712599575675313,0.9749279121818236,-0.22252093395631434,10241.899177579047,10113.070257106354,9970.929014851485,9244.356504950494,9784.556509900987,9919.826876397316,9908.170926449788,10129.3756718529,8817.51287128713,,11193.58650362732,1415.1510529275747,11111.090791394805,1352.2327974763334,10899.968604136056,1310.1460725401732,10980.11633664507,1320.4933675399952,10821.897713290482,1306.0178841119605,10928.910261742352,1326.1724732009716,10921.161230620066,1325.2306410004312,10852.209213652643,1494.9614902382475,10145.946336017972,1845.9982063878745,0.014861995753715718,150.30040721814294,0.11023094564000258,1019.0141593740027,,,1019.0141593740027,133.99499247159656,,2025-05-14
2025,5,2,3,20,0,10826.149632705206,10263.370664324497,10241.899177579047,9682.51044394762,12882.89204726924,10113.070257106354,13193.663565953368,10443.80649153625,331.292867996,11214.708204247843,1540.8407729380958,10968.256972612582,1310.9969648784916,562.7789683807096,-2367.5139332481613,0.054833737062321086,-0.17944325481798695,0.49999999999999994,-0.8660254037844387,1.2246467991473532e-16,-1.0,15,135,0,0,0,0,3,0.7295575540864875,-0.6839194216246106,0.43388373911755823,-0.900968867902419,10263.370664324497,10667.93867773874,10509.727722772275,9771.244188118812,10313.54613861386,10414.801149792398,10479.699929278642,10688.393094059407,10114.20594059406,,11216.18806862253,1406.594197443015,11133.692356390016,1344.027766845374,10935.132118955604,1292.8495053413055,10998.423604291189,1314.449319395744,10829.243221913925,1304.8428547118672,10933.034662973621,1325.2970365240426,10922.691858827242,1325.0383151493363,10856.164456386596,1493.9394863644306,10148.613799926548,1842.8531186934474,0.014830508474576343,158.21095496646558,0.10796019670341361,1054.9054445863949,,,1054.9054445863949,137.75653864579908,,2025-05-15
2025,5,2,4,20,0,11391.188757585438,10826.149632705206,10263.370664324497,10241.899177579047,9682.51044394762,10667.93867773874,12693.038901309485,10826.903018205048,563.9094240780239,10881.335120568509,1139.9267783254106,10859.769460635578,1204.861650724348,565.0391248802316,-1301.8501437240466,0.05219206680584576,-0.10256410256410231,0.49999999999999994,-0.8660254037844387,1.2246467991473532e-16,-1.0,16,136,0,0,0,0,3,0.717676913675962,-0.6963762255968722,-0.433883739117558,-0.9009688679024191,10826.149632705206,11225.067254870648,11058.94575215586,9784.556509900987,10843.937064356434,10907.063235388056,11056.233564356437,12786.835396039603,9336.1900990099,,11239.919711867498,1408.1694667566044,11157.423999634984,1345.5388101190676,10988.686527211752,1276.7207002445284,11017.968307620797,1316.1346584917837,10837.888320524593,1306.9698450286276,10937.022224797776,1326.1758004506537,10907.184673955528,1311.069883999473,10867.581115600902,1490.1061912458858,10153.467608354904,1840.8750008607135,0.014799154334038223,166.12150271479004,0.16420082464225128,1606.6322476844507,,,1606.6322476844507,-1395.6466384541654,,2025-05-16
2025,5,2,5,20,1,13589.190953369529,11391.188757585438,10826.149632705206,10263.370664324497,10241.899177579047,11225.067254870648,9540.1205844778,11935.50978122006,1459.7305804505913,10999.051604918555,1395.7274344227228,11197.191991376554,1358.8306647087786,2198.002195784091,4049.0703688917292,0.19295634920634885,0.424425491589671,0.49999999999999994,-0.8660254037844387,1.2246467991473532e-16,-1.0,17,137,0,0,0,0,3,0.705583610107178,-0.7086266782644596,-0.9749279121818236,-0.2225209339563146,11391.188757585438,13391.42725966145,13193.663565953368,10313.54613861386,12926.9650990099,12950.69674225487,13224.740717821784,12335.417567185288,9725.19801980198,,11268.17166811151,1459.5747616655533,11185.675955878996,1394.8315444848138,11097.874687703608,1354.680312726265,11041.619230990782,1357.0247514349423,10849.290002865924,1328.3467955741876,10941.360918078106,1334.3215815170493,10921.115489357575,1332.89547043699,10889.04774300961,1501.3471057682088,10166.83618168181,1849.733469215124,0.014767932489451407,197.7636937080788,0.3176060659186537,3275.6448147556694,,,3275.6448147556694,1253.7733861842407,,2025-05-17
2025,5,2,6,20,1,13072.745193229,13589.190953369529,11391.188757585438,10826.149632705206,10263.370664324497,13391.42725966145,10091.598770360904,12684.374968061324,1149.3158778227767,11564.090729798787,1441.6368856128697,11445.620859948898,1409.8803668984715,-516.4457601405284,2981.146422868096,-0.038004158004157906,0.29540873460246386,0.49999999999999994,-0.8660254037844387,1.2246467991473532e-16,-1.0,18,138,0,0,0,0,3,0.6932812268869777,-0.7206671495538609,-0.7818314824680299,0.6234898018587334,13589.190953369529,12882.89204726924,12693.038901309485,10843.937064356434,12426.702059405938,12400.122618971574,12755.80667609618,9296.60486562942,10373.544554455446,,11295.293546105764,1495.8924560371129,11212.79783387325,1429.6531154563156,11172.16829199936,1400.611279711791,11064.69220005589,1386.6165703004347,10861.301120263379,1345.5541524445573,10945.133995663022,1339.9503612764022,10963.072604108682,1340.5950359543033,10904.043302113909,1509.6265319750823,10178.09939490486,1854.9745271170466,0.014736842105263381,189.8531459597598,0.20553495613678585,2228.808128872566,,,2228.808128872566,3776.14032759958,,2025-05-18
2025,5,2,0,21,0,9824.900303417438,13072.745193229,13589.190953369529,11391.188757585438,10826.149632705206,12882.89204726924,10113.070257106354,12162.278816671991,2040.6329389333723,11494.590917438518,1525.7257974317981,11421.60669714149,1436.8372145308022,-3247.844889811562,-288.1699536889155,-0.24844398340248963,-0.028494803888702513,0.49999999999999994,-0.8660254037844387,1.2246467991473532e-16,-1.0,19,139,0,0,0,0,3,0.6807734094770161,-0.7324940716135789,0.0,1.0,13072.745193229,9682.51044394762,9540.1205844778,12926.9650990099,9332.63821782178,9275.682274033856,9611.89669731259,9860.626920084866,10632.883168316832,,11315.634954601452,1471.0685449366392,11233.139242368938,1405.8510138469185,11068.766132146277,1380.963004175182,11082.272988827162,1366.8220432774565,10871.1085850738,1335.7526433709593,10947.669752878555,1337.5963889282511,10962.675641701268,1340.930395622851,10899.554508420024,1511.6372243454562,10176.735691848924,1851.5062017248467,0.014705882352941124,142.38985946981848,-0.23996852871754515,-3102.0647955924615,,,-3102.0647955924615,-35.72661666742715,,2025-05-19
2025,5,2,1,21,0,10392.19958479719,9824.900303417438,13072.745193229,13589.190953369529,11391.188757585438,9682.51044394762,10667.93867773874,11096.615027147878,1734.7261869342367,11516.062404183967,1505.7086859609126,11398.628439396358,1452.1094532748973,567.2992813797518,-275.73909294155055,0.057740970784449175,-0.025847457627118486,0.49999999999999994,-0.8660254037844387,1.2246467991473532e-16,-1.0,20,140,0,0,0,0,3,0.6680638642135335,-0.7441039398713607,0.7818314824680298,0.6234898018587336,9824.900303417438,10241.899177579047,10091.598770360904,12426.702059405938,9864.430440594058,9765.232171830086,10193.43496463932,9908.170926449788,11021.89108910891,,11337.1064413469,1453.779738793456,11254.610729114385,1389.2729826116033,11000.949382992654,1361.80008551805,11101.121886834419,1352.9745064746608,10882.304431733926,1328.9250857410248,10950.035998356625,1336.4213449776616,10968.053737905126,1337.6201178442614,10896.056222284958,1512.0810892899349,10177.564399129495,1847.9767206004867,0.014675052410901612,150.30040721814294,-0.16372022640301453,-2034.5024746087474,,,-2034.5024746087474,484.0286583474026,,2025-05-20
2025,5,2,2,21,0,10413.671071542638,10392.19958479719,9824.900303417438,13072.745193229,13589.190953369529,10241.899177579047,11225.067254870648,10210.256986585757,333.9013119660974,11447.315977323538,1552.2064183405153,11331.01209078569,1479.557501162721,21.47148674544769,-811.39618332801,0.0020661157024792765,-0.07228430484244441,0.49999999999999994,-0.8660254037844387,1.2246467991473532e-16,-1.0,21,141,0,0,0,0,3,0.6551563572090853,-0.7554933140726803,0.9749279121818236,-0.22252093395631434,10392.19958479719,10263.370664324497,10113.070257106354,9332.63821782178,9877.742762376236,9739.466387735549,10240.978971004242,10479.699929278642,10762.552475247525,,11358.577928092347,1436.2828391200453,11276.082215859833,1372.4947239587746,11036.983811450014,1330.0656450591325,11120.262183590361,1338.7425654115575,10894.343801087625,1321.4160794418733,10952.091856696366,1335.4499145974914,10967.320083930283,1337.909054726144,10894.117992264377,1512.4767258120976,10178.469022395446,1844.4773956352403,0.014644351464435212,150.30040721814112,0.11583357551099516,1081.0328537208588,,,1081.0328537208588,-66.02885773600428,,2025-05-21
2025,5,2,3,21,0,10984.360587671672,10413.671071542638,10392.19958479719,9824.900303417438,13072.745193229,10263.370664324497,13391.42725966145,10596.743748003835,335.8576588100598,11379.511282337911,1563.9895392058775,11130.42320145321,1330.4824879415291,570.689516129034,-2407.066671989778,0.054801953336950815,-0.17974683544303782,0.49999999999999994,-0.8660254037844387,1.2246467991473532e-16,-1.0,22,142,0,0,0,0,4,0.6420547132365637,-0.766658819300159,0.43388373911755823,-0.900968867902419,10413.671071542638,10826.149632705206,10667.93867773874,9864.430440594058,10411.636930693068,10224.948003832642,10830.024186704384,11056.233564356437,11410.89900990099,,11381.179493087559,1427.7274060936534,11298.683780855044,1364.2905817778815,11074.314816352602,1311.609220387958,11140.716599911028,1331.8722479418927,10907.90474008475,1318.3146194094352,10953.92919480312,1335.3861160947333,10966.52149530045,1337.8768364264954,10891.748334363101,1511.9966022466358,10181.544944400317,1841.613658921781,0.014613778705636848,158.21095496646558,0.1135321652701693,1119.9301470776136,,,1119.9301470776136,-71.87297668476458,,2025-05-22
2025,5,2,4,21,0,11557.310260300224,10984.360587671672,10413.671071542638,10392.19958479719,9824.900303417438,10826.149632705206,12882.89204726924,10985.113973171514,571.819966604747,11040.864500159694,1156.8193258450615,11019.958052539127,1222.3924036632525,572.9496726285524,-1325.5817869690163,0.05216049382716048,-0.10289473684210504,0.49999999999999994,-0.8660254037844387,1.2246467991473532e-16,-1.0,23,143,0,0,0,0,4,0.6287628145958344,-0.777597146973627,-0.433883739117558,-0.9009688679024191,10984.360587671672,11391.188757585438,11225.067254870648,9877.742762376236,10946.932396039603,10707.71743213031,11424.074034653466,13224.740717821784,13615.277227722772,,11404.91113633253,1429.3012746449958,11322.415424100016,1365.8003537052634,11130.300399616735,1294.5071224975366,11162.515809348904,1333.5770846073754,10923.076040587783,1320.8551094547138,10955.515340346536,1336.0302453541049,10947.994490216879,1317.6458793342736,10880.315184544088,1499.0122833926243,10186.775991228835,1840.052376712069,0.01458333333333317,166.1215027147864,0.17003555754877175,1679.5674979239884,,,1679.5674979239884,-1667.4304575215592,,2025-05-23
2025,5,2,5,21,1,13786.954647077611,11557.310260300224,10984.360587671672,10413.671071542638,10392.19958479719,11391.188757585438,9682.51044394762,12109.54183168317,1480.6596998562675,11159.899409134463,1415.5289364790249,11361.995069466624,1378.415007797866,2229.644386777387,4104.444203129991,0.19292070010755835,0.42390289449112983,0.49999999999999994,-0.8660254037844387,1.2246467991473532e-16,-1.0,24,144,0,0,0,0,4,0.6152845999633276,-0.7883050558305255,-0.9749279121818236,-0.2225209339563146,11557.310260300224,13589.190953369529,13391.42725966145,10411.636930693068,13049.57858910891,12713.380309805176,13662.64603960396,12755.80667609618,15430.647524752474,,11433.16309257654,1480.702454859243,11350.667380344024,1415.0919259027664,11242.810990162887,1374.1240173306646,11188.850668562076,1378.738100979203,10942.24701089622,1354.6702513499038,10956.995204721221,1339.1301966383485,10959.451689894451,1337.8696164311402,10871.183557445893,1475.9672328723088,10200.413031591897,1849.8688585949558,0.01455301455301461,197.76369370808243,0.32418703599183796,3375.317716384543,,,3375.317716384543,1031.147970981432,,2025-05-24
2025,5,2,6,21,1,13262.598339188758,13786.954647077611,11557.310260300224,10984.360587671672,10413.671071542638,13589.190953369529,10241.899177579047,12868.954415522201,1165.780930042906,11732.849081763015,1462.060399849642,11613.719999600768,1430.1176037905807,-524.3563078888528,3020.699161609711,-0.038032786885245806,0.2949354518371403,0.49999999999999994,-0.8660254037844387,1.2246467991473532e-16,-1.0,25,145,0,0,0,0,4,0.6016240632249226,-0.7987793728863649,-0.7818314824680299,0.6234898018587334,13786.954647077611,13072.745193229,12882.89204726924,10946.932396039603,12544.411009900989,12172.298843819864,13083.5939444267,9611.89669731259,9504.282178217822,,11460.284970570792,1517.0329177851725,11377.789258338276,1449.9277509201665,11319.999854934526,1421.1644181933516,11214.500216036638,1411.189026657721,10961.716644742093,1380.263525478546,10959.126209420769,1342.6927892771644,11000.015041470851,1351.8242363670727,10892.06309167351,1483.088584520299,10211.968447846979,1855.919567930918,0.014522821576763434,189.85314595975797,0.21153560279470796,2315.6659431491553,,,2315.6659431491553,3650.7016418761687,,2025-05-25
2025,5,2,0,22,0,9967.29016288726,13262.598339188758,13786.954647077611,11557.310260300224,10984.360587671672,13072.745193229,10263.370664324497,12338.947716384544,2070.581330858866,11662.030844778026,1547.7641261000658,11589.046624480996,1457.81849917953,-3295.308176301498,-296.0805014372363,-0.24846625766871144,-0.028848271305879303,0.49999999999999994,-0.8660254037844387,1.2246467991473532e-16,-1.0,26,146,0,0,0,0,4,0.5877852522924732,-0.8090169943749473,0.0,1.0,13262.598339188758,9824.900303417438,9682.51044394762,13049.57858910891,9420.919930693068,9104.814442670073,9788.2857681252,10193.43496463932,8617.215841584159,,11480.62637906648,1492.2012441231102,11398.130666833964,1426.1168604803277,11217.256907393803,1403.1152325401058,11234.013438615,1389.0739240474304,10977.11799688883,1363.8816393236204,10961.257214120316,1340.9530679832915,10997.502321451384,1353.549396385531,10899.563504569638,1474.911060684523,10211.048604670439,1852.4752713970997,0.014492753623188914,142.3898594698221,-0.23619831132279678,-3082.2884262216503,,,-3082.2884262216503,-226.14480175205972,,2025-05-26
2025,5,2,1,22,0,10542.499992015331,9967.29016288726,13262.598339188758,13786.954647077611,11557.310260300224,9824.900303417438,10826.149632705206,11257.462831363786,1760.1542234806618,11683.502331523478,1527.7467073182256,11565.409154423507,1473.527795833297,575.2098291280709,-283.649640689875,0.05770975056689309,-0.02620041753653446,0.49999999999999994,-0.8660254037844387,1.2246467991473532e-16,-1.0,27,147,0,0,0,0,4,0.5737722679043246,-0.8190148866680801,0.7818314824680298,0.6234898018587336,9967.29016288726,10392.19958479719,10241.899177579047,12544.411009900989,9957.616693069303,9584.871683168316,10306.313637815392,10240.978971004242,9884.453465346534,,11502.097865811927,1474.9106400147461,11419.602153579413,1409.5361797207936,11150.526540130948,1385.312226021747,11254.902127863073,1373.4789114313662,10994.218502403955,1352.060306740923,10964.06895643222,1339.8103545987033,11000.852555018175,1352.0281501238287,10903.219318606687,1473.1954253636657,10212.289995634277,1849.1011592233288,0.01446280991735538,150.30040721814112,-0.15958589178125615,-2001.9110178856572,,,-2001.9110178856572,301.52102101108903,,2025-05-27
2025,5,2,2,22,0,10563.97147876078,10542.499992015331,9967.29016288726,13262.598339188758,13786.954647077611,10392.19958479719,11391.188757585438,10357.92054455446,338.4661393653752,11613.437480038328,1575.128290674636,11496.47438118812,1501.503078798553,21.47148674544951,-827.2172788246571,0.0020366598778005507,-0.0726190476190477,0.49999999999999994,-0.8660254037844387,1.2246467991473532e-16,-1.0,28,148,0,0,0,0,4,0.5595892624101765,-0.8287700871745037,0.9749279121818236,-0.22252093395631434,10542.499992015331,10413.671071542638,10263.370664324497,9420.919930693068,9970.929014851485,9598.184004950495,10280.547853720856,10830.024186704384,9124.110891089109,,11523.569352557377,1457.4149165885663,11441.073640324863,1392.758121188856,11188.628258399873,1351.4049462274304,11276.082215859833,1357.4244970384375,11011.464707293422,1340.035501789957,10967.443047206505,1338.4244417413827,10997.8964138188,1352.6965446122472,10911.218544093752,1467.3787993603555,10213.602239974301,1845.7601929386517,0.01443298969072182,150.30040721814294,0.12133120294799293,1143.0515480677132,,,1143.0515480677132,-266.0527079436033,,2025-05-28
2025,5,2,3,22,0,11142.571542638136,10563.97147876078,10542.499992015331,9967.29016288726,13262.598339188758,10413.671071542638,13589.190953369529,10749.681004471417,340.4225130943988,11544.314360427981,1587.1384371023362,11292.589430293838,1349.9690953127224,578.6000638773548,-2446.619410731393,0.0547710740265297,-0.18004158004157989,0.49999999999999994,-0.8660254037844387,1.2246467991473532e-16,-1.0,29,149,0,0,0,0,5,0.545240438540651,-0.8382797052177743,0.43388373911755823,-0.900968867902419,10563.97147876078,10984.360587671672,10826.149632705206,9957.616693069303,10509.727722772275,10117.364554455446,10794.507441711912,11424.074034653466,9504.282178217822,,11546.170917552587,1448.8608662452264,11463.675205320073,1384.554850167784,11228.126753385499,1331.3525964461883,11298.683780855044,1349.4368755478267,11029.771974939544,1334.5904255164119,10971.586667455627,1338.4213857296722,10994.768608351964,1352.0253216500976,10920.320151673865,1463.6795296182454,10217.055657456325,1843.1838632795657,0.014403292181069949,158.21095496646376,0.11899984565519417,1184.9548495688323,,,1184.9548495688323,-281.50249201533006,,2025-05-29
2025,5,2,4,22,0,11723.431763015013,11142.571542638136,10563.97147876078,10542.499992015331,9967.29016288726,10984.360587671672,13072.745193229,11143.324928137978,579.7305092739641,11200.39387975088,1173.7122218899121,11180.146644442671,1239.9241969340362,580.8602203768769,-1349.3134302139879,0.05212981744421907,-0.10321576763485463,0.49999999999999994,-0.8660254037844387,1.2246467991473532e-16,-1.0,30,150,0,0,0,0,5,0.5307300481619334,-0.8475409228928311,-0.433883739117558,-0.9009688679024191,11142.571542638136,11557.310260300224,11391.188757585438,9970.929014851485,11058.94575215586,10637.9464009901,11305.754841903548,13662.64603960396,10137.90099009901,,11569.902560797558,1450.4333745792824,11487.40684856504,1386.06338633738,11286.543511657617,1312.6033320930899,11322.415424100012,1350.9067458340303,11049.155642118561,1336.677251774381,10976.559011754574,1340.452116341941,10973.221783056531,1324.1963683668635,10929.128655967843,1463.7154880684554,10222.634828217651,1842.0373546406258,0.014373716632443578,166.12150271478822,0.17576123002713318,1752.502748163528,,,1752.502748163528,-1939.2142765889475,,2025-05-30
2025,5,2,5,22,1,13984.718340785694,11723.431763015013,11142.571542638136,10563.97147876078,10542.499992015331,11557.310260300224,9824.900303417438,12283.573882146282,1501.588825469142,11320.747213350369,1435.3304721498155,11526.798147556692,1398.0003490472704,2261.286577770681,4159.818037368255,0.19288606130711394,0.42339544513457583,0.49999999999999994,-0.8660254037844387,1.2246467991473532e-16,-1.0,31,151,0,1,0,0,5,0.5160623910158528,-0.8565509959010036,-0.9749279121818236,-0.2225209339563146,11723.431763015013,13786.954647077611,13589.190953369529,10509.727722772275,13193.663565953368,12681.738118811882,13425.329607154265,13083.5939444267,10391.348514851485,,11598.154517041567,1501.830545886161,11515.658804809054,1435.3537780419672,11402.376532258064,1392.579889295908,11350.667380344026,1398.9091297268592,11072.42314608238,1376.3635874336755,10983.218401440663,1354.084431073344,10983.234276349409,1343.5972356369305,10949.091821667478,1480.745260376063,10236.517055201297,1852.7710787149383,0.014344262295082011,197.76369370808243,0.33064516129032295,3474.9906180134185,,,3474.9906180134185,901.1243963589932,,2025-05-31
2025,6,2,6,22,1,13452.451485148516,13984.718340785694,11723.431763015013,11142.571542638136,10563.97147876078,13786.954647077611,10392.19958479719,13053.533862983075,1182.246039814514,11901.607433727244,1482.4839535499639,11781.819139252637,1450.3558541016055,-532.2668556371773,3060.251900351326,-0.03806060606060613,0.2944758590691605,1.2246467991473532e-16,-1.0,1.2246467991473532e-16,-1.0,1,152,1,0,0,0,1,0.5012418134457758,-0.865307254363206,-0.7818314824680299,0.6234898018587334,13984.718340785694,13262.598339188758,13072.745193229,11058.94575215586,12693.038901309485,12191.28415841584,12855.770169274992,9788.2857681252,10771.5198019802,,11625.276395035818,1538.1734170938746,11542.780682803306,1470.203429244305,11482.160056691153,1439.9830456699347,11377.789258338278,1432.8487651807343,11094.943991202605,1405.0234694936164,10990.321750439158,1365.5425203716864,11023.947228760779,1362.3654123645965,10963.985886573968,1492.3864806938739,10248.340343546692,1859.6011875251036,0.014314928425357865,189.85314595975797,0.21643163703249568,2393.5057329926567,,,2393.5057329926567,3664.1657170233157,,2025-06-01
2025,6,2,0,23,0,10097.746396039607,13452.451485148516,13984.718340785694,11723.431763015013,11142.571542638136,13262.598339188758,10413.671071542638,12511.63874065794,2107.3642755721553,11827.481834397957,1572.4228019830362,11755.492082960716,1480.0125196440144,-3354.7050891089093,-315.9246755030308,-0.2493749999999999,-0.030337493217579725,1.2246467991473532e-16,-1.0,1.2246467991473532e-16,-1.0,2,153,0,0,0,0,1,0.48627270710869,-0.8738071036110808,0.0,1.0,13452.451485148516,9967.29016288726,9824.900303417438,13193.663565953368,9540.1205844778,9156.074792079207,9617.417936761418,10306.313637815392,10518.072277227724,,11643.912999771868,1515.3582116071907,11562.269689419174,1447.3096844847043,11378.962817694028,1423.943659290461,11397.704465894054,1410.0548860530575,11111.75955555904,1386.9151955037992,10996.039946382945,1360.7214085488235,11021.629814963271,1363.7764968576228,10961.650742789589,1493.4165889803157,10247.788717365347,1856.202032194839,0.01308843537414961,130.4562331523466,-0.2346518201284793,-3095.9171699137605,,,-3095.9171699137605,-208.56724177578508,,2025-06-02
2025,6,2,1,23,0,10667.607188118816,10097.746396039607,13452.451485148516,13984.718340785694,11723.431763015013,9967.29016288726,10984.360587671672,11405.935023102315,1795.0926306619685,11844.754452624298,1556.2537104995015,11729.095966331312,1497.7345420532597,569.8607920792092,-316.7533995528556,0.05643445277083914,-0.028836762688614237,1.2246467991473532e-16,-1.0,1.2246467991473532e-16,-1.0,3,154,0,0,0,0,1,0.4711595076738638,-0.8820480249558537,0.7818314824680298,0.6234898018587336,10097.746396039607,10542.499992015331,10392.19958479719,12693.038901309485,10091.598770360904,9678.057935643565,10125.953149153624,10280.547853720856,11151.69108910891,,11661.78545635808,1500.871386239413,11581.941661085004,1431.9730424884078,11311.448427254338,1407.4106315828008,11418.276195099696,1394.4089357586593,11129.43007792467,1374.5653323665665,11002.488208751578,1357.8288512212355,11025.930474234357,1362.0224082354343,10958.96138778409,1493.508319137511,10249.32090156518,1852.9728534899066,0.011866938221317458,125.10719610348497,-0.15957027540360835,-2025.4317131906682,,,-2025.4317131906682,387.0593343979599,,2025-06-03
2025,6,2,2,23,0,10676.482069306932,10667.607188118816,10097.746396039607,13452.451485148516,13984.718340785694,10542.499992015331,11557.310260300224,10480.611884488453,331.60093118527845,11767.072873735764,1609.0507147738404,11655.693617081872,1528.193442418578,8.874881188115978,-880.8281909932921,0.0008319467554074311,-0.0762139434829372,1.2246467991473532e-16,-1.0,1.2246467991473532e-16,-1.0,4,155,0,0,0,0,1,0.4559066935084588,-0.8900275764346767,0.9749279121818236,-0.22252093395631434,10667.607188118816,10563.97147876078,10413.671071542638,9540.1205844778,10113.070257106354,9691.37025742574,10100.187365059086,10794.507441711912,13305.99504950495,,11677.858397864675,1487.7000351313568,11600.713875211028,1417.125359120306,11349.32714341531,1372.9639712713433,11438.39804553543,1378.8551163328414,11147.021360279692,1362.073675640891,11009.348859992624,1354.667131735526,11024.619081207638,1362.304522201421,10944.352982338545,1483.247843058743,10250.87421490242,1849.7677849855165,0.010650406504065124,112.51059054615143,0.11911395403932779,1136.3614848291327,,,1136.3614848291327,-118.02537240497986,,2025-06-04
2025,6,2,3,23,0,11247.744158415844,10676.482069306932,10667.607188118816,10097.746396039607,13452.451485148516,10563.97147876078,13786.954647077611,10863.9444719472,332.40989813653164,11687.791606302568,1623.2871382098142,11444.092743026724,1374.3089898695591,571.2620891089118,-2539.210488661767,0.053506584416152636,-0.18417486338797795,1.2246467991473532e-16,-1.0,1.2246467991473532e-16,-1.0,5,156,0,0,0,0,1,0.440518784350495,-0.8977433935342337,0.43388373911755823,-0.900968867902419,10676.482069306932,11142.571542638136,10984.360587671672,10091.598770360904,10667.93867773874,10215.455346534653,10604.654295752156,11305.754841903548,15080.127722772277,,11692.883057261488,1481.9128644001216,11619.526987407036,1410.0441036815134,11387.86532301714,1352.5168700549104,11459.10538413104,1371.188369403303,11165.455089063284,1356.2096867585763,11017.004691691001,1354.169568932109,11023.974518057774,1362.1837288439337,10923.061962536565,1450.69843223882,10254.486062523847,1847.3762665766008,0.0094388100067615,105.17261577770842,0.11456513624486808,1156.1453880549398,,,1156.1453880549398,-58.01068348770423,,2025-06-05
2025,6,2,4,23,0,11819.940445544558,11247.744158415844,10676.482069306932,10667.607188118816,10097.746396039607,11142.571542638136,13262.598339188758,11248.055557755777,571.7292517216524,11326.995290429046,1194.6424292004078,11323.871251889708,1259.0341754708786,572.1962871287142,-1442.6578936442002,0.050872093023256015,-0.10877641445126085,1.2246467991473532e-16,-1.0,1.2246467991473532e-16,-1.0,6,157,0,0,0,0,1,0.42500033996955416,-0.9051931898913974,-0.433883739117558,-0.9009688679024191,11247.744158415844,11723.431763015013,11557.310260300224,10113.070257106354,11225.067254870648,10740.941732673267,11106.4090386458,13425.329607154265,9863.465346534653,,11706.670011908567,1482.6931701980945,11638.28628635306,1410.899460550569,11444.760995965082,1332.7988123667642,11480.350855226538,1372.0361110794918,11184.722923221701,1357.7327948326003,11025.4991132017,1356.972156709486,11006.136860706554,1340.7271237096954,10933.931268642174,1450.0443529926888,10260.137522390347,1846.4238297059846,0.008232118758434659,96.5086825295457,0.16877863448430053,1706.8701884382044,,,1706.8701884382044,-1605.3891616097062,,2025-06-06
2025,6,2,5,23,1,14083.035148514851,11819.940445544558,11247.744158415844,10676.482069306932,10667.607188118816,11723.431763015013,9967.29016288726,12383.573250825086,1499.3265835119091,11432.09256765677,1424.6242807022095,11666.850000692008,1407.7027610091511,2263.094702970293,4115.744985627591,0.19146413752222835,0.41292517006802654,1.2246467991473532e-16,-1.0,1.2246467991473532e-16,-1.0,7,158,0,0,0,0,1,0.4093559588156213,-0.9123747579707273,-0.9749279121818236,-0.2225209339563146,11819.940445544558,13984.718340785694,13786.954647077611,10667.93867773874,13391.42725966145,12804.35160891089,13188.013174704569,12855.770169274992,8942.875247524753,,11720.71527015559,1508.1169500702863,11659.434893598578,1447.3329404217743,11558.597544990951,1407.8903555740656,11505.051136971302,1413.3190909934367,11207.556557857484,1395.687699516786,11036.15413669944,1377.5153032623227,11019.773138253664,1365.7582368425813,10962.487712536564,1461.1855033671613,10273.888952700148,1857.2946442865255,0.007030303030302942,98.31680772915752,0.32012711864406795,3415.0964707761104,,,3415.0964707761104,1227.2649792398588,,2025-06-07
2025,6,2,6,23,1,13530.92411881188,14083.035148514851,11819.940445544558,11247.744158415844,10676.482069306932,13984.718340785694,10542.499992015331,13144.633237623764,1179.9639368726125,12004.28885478548,1470.2336096160357,11915.88534459172,1454.2815734168855,-552.1110297029718,2988.424126796548,-0.039203980099502544,0.28346446564476335,1.2246467991473532e-16,-1.0,1.2246467991473532e-16,-1.0,8,159,0,0,0,0,2,0.39359027665646673,-0.9192859697186104,-0.7818314824680299,0.6234898018587334,14083.035148514851,13452.451485148516,13262.598339188758,11225.067254870648,12882.89204726924,12308.99310891089,12627.946394123284,9617.417936761418,10258.00396039604,,11731.925646393212,1523.3497333302244,11678.601020714515,1471.766088396506,11635.45944045566,1451.3263788018337,11528.195139526395,1441.7380295585795,11229.37675446286,1422.514675268348,11046.903871517165,1393.517202143878,11063.256540276449,1382.8013073418044,10980.670602305541,1472.6886967131957,10285.562913869007,1864.1774240316531,0.005833333333333135,78.47263366336301,0.2054203161179904,2305.8568639412315,,,2305.8568639412315,3913.5061820504616,,2025-06-08
2025,6,2,0,24,0,10156.60087128713,13530.92411881188,14083.035148514851,11819.940445544558,11247.744158415844,13452.451485148516,10563.97147876078,12590.18671287129,2125.5497367855487,11919.121135313531,1574.2710121160267,11881.937793968915,1492.9490451526412,-3374.3232475247496,-407.37060747365103,-0.24937862468931216,-0.03856225930680368,1.2246467991473532e-16,-1.0,1.2246467991473532e-16,-1.0,9,160,0,0,0,0,2,0.3777079652039649,-0.9259247771938498,0.0,1.0,13530.92411881188,10097.746396039607,9967.29016288726,13391.42725966145,9682.51044394762,9244.356504950494,9446.550105397637,10125.953149153624,9468.926732673266,,11740.333428571432,1512.9539511274104,11692.12321417165,1455.6145980073795,11527.631894176515,1436.457517282859,11545.126940502805,1421.9069404233414,11245.666832433157,1404.4786949233865,11055.35685682537,1385.8249302603358,11063.597070522375,1382.5716470281911,10984.49101418673,1469.6338648944052,10285.1023351455,1860.849565093113,0.005828476269774896,58.854475247522714,-0.24155949367088603,-3234.8263883743202,,,-3234.8263883743202,30.64772213350625,,2025-06-09
2025,6,2,1,24,0,10729.731356435645,10156.60087128713,13530.92411881188,14083.035148514851,11819.940445544558,10097.746396039607,11142.571542638136,11472.41878217822,1805.6031690168334,11927.996016501651,1565.992957492524,11847.534445118707,1516.112837662784,573.1304851485147,-412.84018620249117,0.05642935982339958,-0.03705070993914805,1.2246467991473532e-16,-1.0,1.2246467991473532e-16,-1.0,10,161,0,0,0,0,2,0.36171373072976765,-0.9322892131745133,0.7818314824680298,0.6234898018587336,10156.60087128713,10667.607188118816,10542.499992015331,12882.89204726924,10241.899177579047,9771.244188118812,9945.592660491857,10100.187365059086,9863.465346534653,,11749.208309759548,1505.7778480478164,11705.496883058815,1445.0616361025743,11455.85987114873,1420.1053173265586,11562.549518319112,1408.2704185475354,11262.782674724529,1391.9684179624458,11064.691841300893,1380.8916565466184,11070.592003759892,1379.2311504296042,10989.303603130624,1467.3589635359808,10286.684644829807,1857.713013565608,0.00582362728785335,62.12416831682822,-0.16713333333333313,-2153.160690833596,,,-2153.160690833596,629.5439913765586,,2025-06-10
2025,6,2,2,24,0,10738.606237623762,10729.731356435645,10156.60087128713,13530.92411881188,14083.035148514851,10667.607188118816,11723.431763015013,10541.646155115513,333.4885212835983,11843.139696369639,1622.9831545553902,11765.465651336104,1549.7236220607012,8.874881188117797,-984.8255253912503,0.0008271298593878207,-0.08400488400488415,1.2246467991473532e-16,-1.0,1.2246467991473532e-16,-1.0,11,162,0,0,0,0,2,0.3456123126707335,-0.9383773917408641,0.9749279121818236,-0.22252093395631434,10729.731356435645,10676.482069306932,10563.97147876078,9682.51044394762,10263.370664324497,9784.556509900987,9919.826876397316,10604.654295752156,10521.029702970298,,11758.083190947667,1498.5673815718073,11717.97079440617,1435.169773147538,11491.063064271268,1387.3415522619512,11579.522217365517,1394.8322777466813,11279.819277005294,1379.3281552351593,11074.439214648826,1375.592585366213,11072.080358669577,1378.7949046757005,10990.512361656478,1467.0606466209413,10288.287203669503,1854.5997911809181,0.005818786367414619,62.12416831683004,0.10907251789604744,1056.0957936761424,,,1056.0957936761424,133.95194187160632,,2025-06-11
2025,6,2,3,24,0,11313.13801980198,10738.606237623762,10729.731356435645,10156.60087128713,13530.92411881188,10676.482069306932,13984.718340785694,10927.158537953796,334.2974890496582,11758.67262541254,1637.5547047547495,11542.833957920795,1385.0768173041308,574.5317821782173,-2671.580320983714,0.05350152240104378,-0.19103569023569045,1.2246467991473532e-16,-1.0,1.2246467991473532e-16,-1.0,12,163,0,0,0,0,2,0.3294084822245304,-0.9441875088341993,0.43388373911755823,-0.900968867902419,10738.606237623762,11247.744158415844,11142.571542638136,10241.899177579047,10826.149632705206,10313.54613861386,10414.801149792398,11106.4090386458,10784.055445544554,,11767.425171145687,1495.055436637056,11730.154114203588,1430.6261894534996,11526.771025678698,1367.7287496599226,11596.91465976183,1388.1103811124945,11297.669132026509,1373.0498407217326,11085.13370119656,1373.8934616422941,11074.37734734909,1379.024916539216,10993.45170929124,1467.1747069620449,10291.908584645234,1852.3106675110857,0.005813953488371881,65.39386138613554,0.10459376953915189,1071.2388422229324,,,1071.2388422229324,206.72898115618045,,2025-06-12
2025,6,2,4,24,0,11888.604,11313.13801980198,10738.606237623762,10729.731356435645,10156.60087128713,11247.744158415844,13452.451485148516,11313.449419141916,574.998944429279,11392.934100660066,1201.6289000929528,11412.513334158417,1256.6887200509811,575.4659801980197,-1563.847485148517,0.05086705202312136,-0.11625000000000019,1.2246467991473532e-16,-1.0,1.2246467991473532e-16,-1.0,13,164,0,0,0,0,2,0.3131070409358269,-0.9497178427914316,-0.433883739117558,-0.9009688679024191,11313.13801980198,11819.940445544558,11723.431763015013,10263.370664324497,11391.188757585438,10843.937064356434,10907.063235388056,13188.013174704569,11178.594059405941,,11777.234250353607,1495.6825353876109,11741.952131131085,1431.2474196902133,11580.945470201217,1348.0058395683293,11614.679489848064,1388.5628680632617,11316.323898734428,1373.8695570726925,11096.818710299083,1376.5322037677415,11059.939467630149,1363.3604922662075,10997.396208961207,1468.6289532459082,10297.530751600709,1851.4609983995279,0.0058091286307049295,68.66355445544104,0.15835278573001532,1625.2333356755025,,,1625.2333356755025,-1299.4091747045695,,2025-06-13
2025,6,2,5,24,1,14164.777475247529,11888.604,11313.13801980198,10738.606237623762,10729.731356435645,11819.940445544558,10097.746396039607,12455.506498349838,1507.9773632054107,11498.576326732675,1432.8093218319855,11751.432590759077,1409.0577954774938,2276.1734752475295,4067.0310792079217,0.1914584315574419,0.4027662133407346,1.2246467991473532e-16,-1.0,1.2246467991473532e-16,-1.0,14,165,0,0,0,0,2,0.29671281927349075,-0.9549667548552551,-0.9749279121818236,-0.2225209339563146,11888.604,14083.035148514851,13984.718340785694,10826.149632705206,13589.190953369529,12926.9650990099,12950.69674225487,12627.946394123284,10915.568316831683,,11788.911725601132,1516.8546296398808,11754.81349787836,1453.586171750844,11692.233064952627,1419.4631789254956,11635.236151343706,1422.7172322511615,11338.427691167244,1409.7429046428786,11111.27205235852,1402.3635602157267,11077.01536853153,1392.5324259166605,11015.447370952406,1487.4650659155125,10311.100038350347,1862.340868458653,0.005804311774461279,81.74232673267761,0.3083855254001395,3338.6278425423225,,,3338.6278425423225,1536.8310811242445,,2025-06-14
2025,6,2,6,24,1,13609.39675247525,14164.777475247529,11888.604,11313.13801980198,10738.606237623762,14083.035148514851,10667.607188118816,13220.926075907593,1186.7702061771818,12074.042306930694,1478.6758227661264,11996.581721122115,1458.3944705910224,-555.3807227722791,2941.7895643564334,-0.03920857378400666,0.2757684560819684,1.2246467991473532e-16,-1.0,1.2246467991473532e-16,-1.0,15,166,0,0,0,0,3,0.28023067519921585,-0.9599326896597447,-0.7818314824680299,0.6234898018587334,14164.777475247529,13530.92411881188,13452.451485148516,11391.188757585438,13072.745193229,12426.702059405938,12400.122618971574,9446.550105397637,11573.132673267326,,11800.122101838757,1532.0882618170174,11766.023874115985,1468.2174110669464,11766.173331448952,1460.4235310690278,11654.402278459645,1446.220476776104,11359.547239257767,1434.9761451606582,11125.668172995467,1421.825728754485,11123.269220165726,1406.8293876165549,11026.75994917023,1499.4251986125269,10322.63254434379,1869.273018011614,0.0057995028997517295,78.47263366337029,0.19473015873015864,2218.2079948898117,,,2218.2079948898117,4162.846647077613,,2025-06-15
2025,6,2,0,25,0,10215.455346534654,13609.39675247525,14164.777475247529,11888.604,11313.13801980198,13530.92411881188,10676.482069306932,12663.209858085813,2137.928564854559,11988.329638613863,1583.3827416540032,11958.162827557755,1501.7594131639287,-3393.9414059405954,-461.02672277227794,-0.2493822075782538,-0.043181519884499364,1.2246467991473532e-16,-1.0,1.2246467991473532e-16,-1.0,16,167,0,0,0,0,3,0.26366549272800704,-0.9646141756912435,0.0,1.0,13609.39675247525,10156.60087128713,10097.746396039607,13589.190953369529,9824.900303417438,9332.63821782178,9275.682274033856,9945.592660491857,13808.851485148514,,11808.529884016974,1521.6919588881394,11774.4316562942,1458.2321779821752,11653.715477887792,1445.0175964443436,11668.350672856688,1429.7110845343882,11375.311830841925,1417.0409525823125,11136.855947668097,1410.7477425939715,11126.26769445509,1404.5769052880673,11006.79663728904,1486.039008923902,10322.25910463017,1866.0129211372064,0.005794701986755024,58.85447524752453,-0.24826611226611206,-3373.7356068348745,,,-3373.7356068348745,269.8626860427976,,2025-06-16
2025,6,2,1,25,0,10791.855524752476,10215.455346534654,13609.39675247525,14164.777475247529,11888.604,10156.60087128713,11247.744158415844,11538.902541254129,1816.1137080005633,11997.204519801982,1575.1046744835878,11920.172108085811,1526.920644101322,576.400178217822,-455.8886336633677,0.056424325560128,-0.04053156146179415,1.2246467991473532e-16,-1.0,1.2246467991473532e-16,-1.0,17,168,0,0,0,0,3,0.24702218048093552,-0.9690098257244062,0.7818314824680298,0.6234898018587336,10215.455346534654,10729.731356435645,10667.607188118816,13072.745193229,10392.19958479719,9864.430440594058,9765.232171830086,9919.826876397316,15650.031683168316,,11817.404765205094,1514.5157450227257,11783.306537482322,1451.339616339455,11577.685822271907,1427.681285750511,11682.624099283665,1418.4494649797105,11391.87299305904,1404.4253293830739,11149.077654250505,1403.148307983719,11135.956901659036,1399.1583022002483,10979.806769742285,1444.7811746148357,10323.889647755595,1862.9647071735142,0.005789909015715411,62.124168316831856,-0.17447671738128157,-2280.889668476524,,,-2280.889668476524,872.0286483551608,,2025-06-17
2025,6,2,2,25,0,10800.730405940594,10791.855524752476,10215.455346534654,13609.39675247525,14164.777475247529,10729.731356435645,11819.940445544558,10602.680425742576,335.3761132739658,11911.803250825084,1632.4592948163329,11835.237938118813,1560.9697092978909,8.874881188117797,-1019.2100396039641,0.0008223684210524329,-0.0862280181782259,1.2246467991473532e-16,-1.0,1.2246467991473532e-16,-1.0,18,169,0,0,0,0,3,0.23030567023061221,-0.9731183372332619,0.9749279121818236,-0.22252093395631434,10791.855524752476,10738.606237623762,10676.482069306932,9824.900303417438,10413.671071542638,9877.742762376236,9739.466387735549,10414.801149792398,10468.366336633662,,11826.279646393212,1507.3053659091977,11792.18141867044,1444.4141646391015,11610.213492356012,1397.1597164026587,11696.447646940733,1407.4683609827694,11408.354915265547,1391.6910864908873,11161.711749705326,1395.057641121223,11140.245004505126,1397.51371620554,10981.65323679399,1444.3362055014295,10325.539615776996,1859.9390977994472,0.005785123966942196,62.124168316831856,0.09932213787286259,975.8301025231558,,,975.8301025231558,385.92925614819615,,2025-06-18
2025,6,2,3,25,0,11378.53188118812,10800.730405940594,10791.855524752476,10215.455346534654,13609.39675247525,10738.606237623762,14083.035148514851,10990.372603960399,336.1850818411262,11826.791231023104,1647.1244417791845,11609.862665841583,1393.1439503356667,577.8014752475265,-2704.5032673267306,0.05349651861782667,-0.1920398009950247,1.2246467991473532e-16,-1.0,1.2246467991473532e-16,-1.0,19,170,0,0,0,0,3,0.21352091543979612,-0.9769384927771817,0.43388373911755823,-0.900968867902419,10800.730405940594,11313.13801980198,11247.744158415844,10392.19958479719,10984.360587671672,10411.636930693068,10224.948003832642,10907.063235388056,9491.318811881189,,11835.621626591232,1503.793515343739,11801.523398868461,1441.0410718622431,11643.091235569042,1378.9962995498797,11710.525193137748,1402.0430534820289,11425.620896524388,1385.0826866981106,11175.444891102417,1391.398124768374,11145.483545014018,1397.5134633107755,10992.137753845696,1440.3014034782168,10329.170623588758,1857.74775476301,0.005780346820809523,65.393861386141,0.09491083079599827,986.3322963909304,,,986.3322963909304,471.46864580006513,,2025-06-19
2025,6,2,4,25,0,11957.267554455446,11378.53188118812,10800.730405940594,10791.855524752476,10215.455346534654,11313.13801980198,13530.92411881188,11378.843280528054,578.2686371410014,11458.87291089109,1208.6153800604343,11478.724618811882,1263.9475511243202,578.7356732673252,-1573.6565643564336,0.05086206896551704,-0.11630074565037274,1.2246467991473532e-16,-1.0,1.2246467991473532e-16,-1.0,20,171,0,0,0,0,3,0.19667288979357647,-0.980469160361632,-0.433883739117558,-0.9009688679024191,11378.53188118812,11888.604,11819.940445544558,10413.671071542638,11557.310260300224,10946.932396039603,10707.71743213031,12950.69674225487,10887.10099009901,,11845.430705799154,1504.4205248959288,11811.33247807638,1441.643341741079,11694.544451666136,1360.2117336096014,11724.809382214722,1402.4616117368155,11443.662595781814,1385.3142080068637,11190.320487796762,1393.015950794471,11134.445442927357,1386.9785217008998,10998.083123647675,1442.0730656151097,10334.765458402735,1856.9961959902105,0.005775577557755929,68.6635544554465,0.14822788931090614,1543.596482912808,,,1543.596482912808,-993.4291877994237,,2025-06-20
2025,6,2,5,25,1,14246.519801980196,11957.267554455446,11378.53188118812,10800.730405940594,10791.855524752476,11888.604,10156.60087128713,12527.439745874588,1516.628143070381,11565.060085808582,1440.9943639076637,11819.551196369639,1417.165013567864,2289.2522475247497,4089.9189306930657,0.19145279112465308,0.40268579838116225,1.2246467991473532e-16,-1.0,1.2246467991473532e-16,-1.0,21,172,0,0,0,0,3,0.1797665857255624,-0.9837092937736097,-0.9749279121818236,-0.2225209339563146,11957.267554455446,14164.777475247529,14083.035148514851,10984.360587671672,13786.954647077611,13049.57858910891,12713.380309805176,12400.122618971574,10049.631683168316,,11857.108181046675,1525.5923200088896,11823.009953323906,1461.978559609528,11803.283092143089,1430.0783334847988,11741.22242346124,1429.9093333157066,11465.036546011659,1419.3577869048902,11208.572148417894,1422.9344198108067,11154.960967183008,1419.1915986833264,11021.399168752185,1460.463693760751,10348.161877387587,1867.8833155254667,0.005770816158284786,81.7423267326667,0.29698216735253724,3262.1592143085236,,,3262.1592143085236,1846.3971830086211,,2025-06-21
2025,6,2,6,25,1,13687.869386138616,14246.519801980196,11957.267554455446,11378.53188118812,10800.730405940594,14164.777475247529,10729.731356435645,13297.21891419142,1193.576477073721,12143.795759075909,1487.1180370294906,12066.062698844886,1466.771778646298,-558.6504158415792,2958.138029702972,-0.039213114754098055,0.2756954420791433,1.2246467991473532e-16,-1.0,1.2246467991473532e-16,-1.0,22,173,0,0,0,0,4,0.16280701293851715,-0.986657932891657,-0.7818314824680299,0.6234898018587334,14246.519801980196,13609.39675247525,13530.92411881188,11557.310260300224,13262.598339188758,12544.411009900989,12172.298843819864,9275.682274033856,10468.366336633662,,11868.318557284301,1540.826791367945,11834.220329561529,1476.6106592161927,11874.301729671033,1469.7929788121392,11756.410675138022,1448.8014144169163,11485.455445587331,1443.1927826789413,11226.61465487407,1444.742929957983,11203.985268428618,1429.7126249625608,11039.28529680499,1473.3108604934785,10359.560196530083,1874.8617397368905,0.005766062602965416,78.47263366336665,0.1843473159284248,2130.559125838392,,,2130.559125838392,4412.187112104761,,2025-06-22
2025,6,2,0,26,0,10274.30982178218,13687.869386138616,14246.519801980196,11957.267554455446,11378.53188118812,13609.39675247525,10738.606237623762,12736.233003300333,2150.307393270168,12057.538141914192,1592.4944768342673,12027.371330858086,1510.4450701549697,-3413.5595643564357,-464.2964158415816,-0.2493857493857493,-0.04323618964767262,1.2246467991473532e-16,-1.0,1.2246467991473532e-16,-1.0,23,174,0,0,0,0,4,0.1457991969198751,-0.9893142039703663,0.0,1.0,13687.869386138616,10215.455346534654,10156.60087128713,13786.954647077611,9967.29016288726,9420.919930693068,9104.814442670073,9765.232171830086,11166.257425742575,,11876.726339462519,1530.4299736665926,11842.628111739747,1466.6248951543546,11757.213568827854,1451.9771825051841,11767.3756629557,1435.863320156159,11500.69455078535,1425.3921908162017,11240.53721891112,1429.605148428878,11209.641686761419,1424.9556086716884,11034.330032338545,1474.381001304914,10359.270229269036,1871.666186126085,0.0057613168724282016,58.85447524752635,-0.2547803278688523,-3512.6448252954306,,,-3512.6448252954306,509.07764995209436,,2025-06-23
2025,6,2,1,26,0,10853.979693069306,10274.30982178218,13687.869386138616,14246.519801980196,11957.267554455446,10215.455346534654,11313.13801980198,11605.386300330036,1826.6242476022983,12066.41302310231,1584.2163972907515,11989.108136963698,1535.7863623456708,579.6698712871257,-459.15832673267323,0.056419348972540195,-0.040586292320396344,1.2246467991473532e-16,-1.0,1.2246467991473532e-16,-1.0,24,175,0,0,0,0,4,0.12874817745258132,-0.99167731989929,0.7818314824680298,0.6234898018587336,10274.30982178218,10791.855524752476,10729.731356435645,13262.598339188758,10542.499992015331,9957.616693069303,9584.871683168316,9739.466387735549,11445.41386138614,,11885.601220650637,1523.253650319439,11851.502992927866,1459.7322040669621,11676.926280623871,1432.325828432178,11778.49993799334,1427.2026589887928,11516.701032928206,1412.7256864531817,11255.645647600417,1418.5603052996535,11222.025167931792,1416.855371542462,11031.044286959006,1474.1187583445258,10360.947210502256,1868.7023593776362,0.005756578947368363,62.12416831683004,-0.18160986139513757,-2408.618646119452,,,-2408.618646119452,1114.5133053337577,,2025-06-24
2025,6,2,2,26,0,10862.854574257426,10853.979693069306,10274.30982178218,13687.869386138616,14246.519801980196,10791.855524752476,11888.604,10663.714696369638,337.2637071245928,11980.466805280528,1641.9354388928912,11903.629018151814,1570.0522025879475,8.874881188119616,-1025.7494257425733,0.0008176614881438837,-0.08628005657708615,1.2246467991473532e-16,-1.0,1.2246467991473532e-16,-1.0,25,176,0,0,0,0,4,0.11165900712169512,-0.993746580436178,0.9749279121818236,-0.22252093395631434,10853.979693069306,10800.730405940594,10738.606237623762,9967.29016288726,10563.97147876078,9970.929014851485,9598.184004950495,10224.948003832642,11864.148514851486,,11894.476101838756,1516.0433576009175,11860.377874115982,1452.8068116903437,11706.778427669542,1404.5281899254628,11789.174334261077,1418.8758886881071,11532.628275060457,1399.9516922142996,11270.701249615975,1407.4246863144708,11229.113018714292,1413.40279118657,11025.481542844596,1472.846082928907,10362.642843487916,1865.7604632042057,0.005751848808545512,62.124168316831856,0.08985034013605397,895.5644113701655,,,895.5644113701655,637.9065704247841,,2025-06-25
2025,6,2,3,26,0,11443.925742574258,10862.854574257426,10853.979693069306,10274.30982178218,13687.869386138616,10800.730405940594,14164.777475247529,11053.586669966999,338.0726764794587,11894.909836633664,1656.6941820920867,11676.891373762379,1401.2111109294983,581.071168316832,-2720.851732673271,0.05349157206742339,-0.1920857378400661,1.2246467991473532e-16,-1.0,1.2246467991473532e-16,-1.0,26,177,0,0,0,0,4,0.09453674981719912,-0.9955213724144752,0.43388373911755823,-0.900968867902419,10862.854574257426,11378.53188118812,11313.13801980198,10542.499992015331,11142.571542638136,10509.727722772275,10117.364554455446,10707.71743213031,11584.992079207921,,11903.818082036776,1512.5316003314672,11869.719854314006,1449.4337971619748,11736.825952688174,1388.3101275577574,11799.936984258797,1414.926975116861,11549.310382556921,1393.0902139877314,11286.49364471263,1401.7585520264765,11237.293111052557,1412.4814086818192,11024.697840974408,1472.5842114187851,10366.283526649822,1863.662622243372,0.005747126436781436,65.39386138613736,0.08550398399256798,901.4257505589267,,,901.4257505589267,736.208310443948,,2025-06-26
2025,6,2,4,26,0,12025.93110891089,11443.925742574258,10862.854574257426,10853.979693069306,10274.30982178218,11378.53188118812,13609.39675247525,11444.237141914193,581.5383298567428,11524.811721122112,1215.6018689463788,11544.935903465346,1271.2064096603704,582.0053663366325,-1583.4656435643592,0.05085714285714271,-0.1163509060955521,1.2246467991473532e-16,-1.0,1.2246467991473532e-16,-1.0,27,178,0,0,0,0,4,0.07738647923346301,-0.9970011699250151,-0.433883739117558,-0.9009688679024191,11443.925742574258,11957.267554455446,11888.604,10563.97147876078,11723.431763015013,11058.94575215586,10637.9464009901,12713.380309805176,12282.88316831683,,11913.627161244696,1513.1585217128766,11879.528933521926,1450.0359839894606,11785.557940359842,1371.2754605661182,11810.740532326507,1415.475938044454,11566.57797821326,1392.8945092919203,11303.017272187875,1402.2020713680392,11229.654786598176,1406.2544780328817,11023.270329533263,1471.4818537649144,10371.85281383862,1863.0048358177103,0.005742411812961423,68.66355445544468,0.13839109970047048,1461.9596301501097,,,1461.9596301501097,-687.4492008942852,,2025-06-27
2025,6,2,5,26,1,14328.26212871287,12025.93110891089,11443.925742574258,10862.854574257426,10853.979693069306,11957.267554455446,10215.455346534654,12599.37299339934,1525.278923103917,11631.543844884489,1449.1794069132236,11887.669801980199,1425.2722584627093,2302.331019801979,4112.806782178215,0.19144721510137486,0.40260631001371716,1.2246467991473532e-16,-1.0,1.2246467991473532e-16,-1.0,28,179,0,0,0,0,4,0.06021327736579302,-0.9981855344718586,-0.9749279121818236,-0.2225209339563146,12025.93110891089,14246.519801980196,14164.777475247529,11142.571542638136,13984.718340785694,13193.663565953368,12681.738118811882,12172.298843819864,14655.712871287127,,11925.30463649222,1534.3300209928145,11891.206408769449,1470.3709863896083,11891.747626562335,1441.325071280055,11823.009953323903,1436.3529940529288,11586.838666833964,1424.876615774512,11322.61874849622,1432.8803447231485,11253.609934208098,1440.4401664002653,11021.451158741185,1467.1621025841985,10385.084952015457,1873.897498988608,0.005737704918032938,81.74232673267397,0.2859026369168354,3185.690586074734,,,3185.690586074734,2155.963284893005,,2025-06-28
2025,6,2,6,26,1,13766.34201980198,14328.26212871287,12025.93110891089,11443.925742574258,10862.854574257426,14246.519801980196,10791.855524752476,13373.511752475248,1200.3827495351622,12213.549211221121,1495.5602523872826,12135.543676567657,1475.1491141138802,-561.9201089108901,2974.486495049503,-0.03921760391198037,0.27562326869806064,1.2246467991473532e-16,-1.0,1.2246467991473532e-16,-1.0,29,180,0,0,0,0,5,0.04302223300453059,-0.99907411510223,-0.7818314824680299,0.6234898018587334,14328.26212871287,13687.869386138616,13609.39675247525,11723.431763015013,13452.451485148516,12693.038901309485,12191.28415841584,9104.814442670073,16609.80792079208,,11936.515012729844,1549.5653219650085,11902.416785007072,1485.0039361790768,11959.8446351219,1480.817326785241,11834.220329561529,1450.6947112172008,11606.004793949904,1447.0724063231226,11341.369437322246,1454.52677371592,11305.404685065121,1446.1040201648943,11005.654125957906,1421.2451184578958,10396.355808908078,1880.9192915669487,0.005733005733005392,78.47263366336301,0.1742587237324078,2042.9102567869668,,,2042.9102567869668,4661.527577131907,,2025-06-29
2025,6,2,0,27,0,10333.164297029702,13766.34201980198,14328.26212871287,12025.93110891089,11443.925742574258,13687.869386138616,10800.730405940594,12809.256148514853,2162.686222026435,12126.746645214522,1601.606217560527,12096.579834158416,1519.130755810363,-3433.177722772278,-467.5661089108926,-0.24938925081433228,-0.043290230506422334,1.2246467991473532e-16,-1.0,1.2246467991473532e-16,-1.0,30,181,0,1,0,1,5,0.02581844022713308,-0.9996666485105112,0.0,1.0,13766.34201980198,10274.30982178218,10215.455346534654,13984.718340785694,10097.746396039607,9540.1205844778,9156.074792079207,9584.871683168316,9984.24133663366,,11944.922794908061,1539.1679953432542,11910.824567185291,1475.0176473778627,11838.1261669967,1458.5454792701096,11842.628111739745,1440.9070840030258,11620.1662888169,1430.2703805542112,11355.382407619276,1438.8049996437987,11313.719047441356,1438.2303986744987,11007.592586848996,1420.081687863689,10396.145870330407,1877.7853417754848,0.005728314238952148,58.854475247520895,-0.26111030303030325,-3651.554043755992,,,-3651.554043755992,748.2926138613857,,2025-06-30
2025,7,3,1,27,0,10916.103861386136,10333.164297029702,13766.34201980198,14328.26212871287,12025.93110891089,10274.30982178218,11378.53188118812,11671.87005940594,1837.1347878114354,12135.62152640264,1593.3281258142404,12058.044165841586,1544.6521077127234,582.9395643564349,-462.4280198019842,0.056414429075128725,-0.04064039408867026,-0.4999999999999998,-0.8660254037844388,-1.0,-1.8369701987210297e-16,1,182,1,0,1,0,1,0.008606996888688698,-0.9999629591162655,0.7818314824680298,0.6234898018587336,10333.164297029702,10853.979693069306,10791.855524752476,13452.451485148516,10667.607188118816,10091.598770360904,9678.057935643565,9598.184004950495,10478.085531778985,,11953.79767609618,1531.9915637955676,11919.699448373407,1468.1248284903259,11753.581246204621,1435.0650126825826,11851.502992927864,1434.151248607268,11634.889594013779,1418.4439661771323,11370.121049592402,1427.7143532530893,11328.362601401752,1427.2344311674926,11010.02602201348,1419.5444517001847,10397.86758553258,1874.9022548422222,0.005723630417007186,62.12416831683004,-0.18854166666666694,-2536.34762376238,,,-2536.34762376238,1317.9198564356411,,2025-07-01
2025,7,3,2,27,0,10928.986753433406,10916.103861386136,10333.164297029702,13766.34201980198,14328.26212871287,10853.979693069306,11957.267554455446,10726.084970616415,340.3402474374652,12049.79836154583,1650.8666394818158,11972.354099089747,1578.893534815589,12.882892047269706,-1028.2808010220397,0.001180173092053538,-0.08599630277896453,-0.4999999999999998,-0.8660254037844388,-1.0,-1.8369701987210297e-16,2,183,0,0,0,0,1,-0.008606996888688009,-0.9999629591162655,0.9749279121818236,-0.22252093395631434,10916.103861386136,10862.854574257426,10800.730405940594,10097.746396039607,10676.482069306932,10113.070257106354,9691.37025742574,10117.364554455446,10968.765507824975,,11963.245130264177,1524.327431157334,11928.860616051466,1460.9881167440133,11781.28925811775,1409.7942028452542,11860.521017360952,1427.2663543963686,11649.45953144819,1406.6695519365016,11384.854579306779,1416.5235212872144,11337.380625834841,1422.0514473531252,11009.805028933528,1419.55400729904,10399.620454073507,1872.0442085059287,0.006087919038582967,66.13217917598013,0.08231939333709315,831.2403573937991,,,831.2403573937991,811.6221989779606,,2025-07-02
2025,7,3,3,27,0,11517.757521558608,10928.986753433406,10916.103861386136,10333.164297029702,13766.34201980198,10862.854574257426,14246.519801980196,11120.949378792719,343.7062973686945,11965.102763653784,1665.3084429391536,11744.957242387949,1408.9412264647726,588.7707681252014,-2728.762280421588,0.05387240202667787,-0.1915388683236381,-0.4999999999999998,-0.8660254037844388,-1.0,-1.8369701987210297e-16,3,184,0,0,0,0,1,-0.02581844022713239,-0.9996666485105112,0.43388373911755823,-0.900968867902419,10928.986753433406,11443.925742574258,11378.53188118812,10667.607188118816,11247.744158415844,10667.93867773874,10215.455346534653,10637.9464009901,13018.501437240497,,11973.792527261941,1520.3855078163497,11938.805304649359,1457.4234664355404,11809.62760256574,1395.1040068391596,11870.16435175891,1423.8809401775527,11664.634867944975,1400.458519104071,11400.358176628491,1410.6851527931362,11347.15630495227,1420.2121428106614,11001.467562735294,1412.0778952584687,10403.29853653234,1870.052392021863,0.006451612903225712,73.83177898434951,0.07969456678032327,850.1503334397912,,,850.1503334397912,879.8111205685072,,2025-07-03
2025,7,3,4,27,0,12107.88438358352,11517.757521558608,10928.986753433406,10916.103861386136,10333.164297029702,11443.925742574258,13687.869386138616,11518.209552858512,589.4489450687308,11595.039806132225,1223.1472439381787,11613.291825508357,1278.6729023558435,590.126862024912,-1579.9850025550968,0.051236263736263776,-0.11542957913925678,-0.4999999999999998,-0.8660254037844388,-1.0,-1.8369701987210297e-16,4,185,0,0,0,0,1,-0.04302223300453034,-0.99907411510223,-0.433883739117558,-0.9009688679024191,11517.757521558608,12025.93110891089,11957.267554455446,10676.482069306932,11819.940445544558,11225.067254870648,10740.941732673267,12681.738118811882,12459.790750558925,,11985.500137929459,1521.1692471840252,11949.563649587077,1458.1259726940593,11857.341013041627,1379.402440948718,11880.448063831729,1424.5444287866076,11680.399459529131,1400.389275103608,11416.631303425043,1410.8709805917429,11340.78015233862,1415.4332517927337,10999.51252736321,1410.2900301964612,10408.887342588245,1869.5237210360328,0.006814713466294808,81.95327467262905,0.1340705960057409,1431.4023142765873,,,1431.4023142765873,-573.853735228362,,2025-07-04
2025,7,3,5,27,1,14431.099249441071,12107.88438358352,11517.757521558608,10928.986753433406,10916.103861386136,12025.93110891089,10274.30982178218,12685.580384861067,1540.1913868978618,11705.832677738741,1465.2969256958822,11959.690944479931,1436.292765167155,2323.2148658575516,4156.78942765889,0.19187620167627983,0.4045808915403968,-0.4999999999999998,-0.8660254037844388,-1.0,-1.8369701987210297e-16,5,186,0,0,0,0,1,-0.060213277365792774,-0.9981855344718586,-0.9749279121818236,-0.2225209339563146,12107.88438358352,14328.26212871287,14246.519801980196,11247.744158415844,14083.035148514851,13391.42725966145,12804.35160891089,12191.28415841584,9316.36509102523,,12000.191155176348,1547.8288965689535,11962.747895834282,1481.145227534413,11963.452849409136,1451.4512738267913,11892.878924579094,1445.8360296806832,11698.965030775198,1430.0628581059811,11435.997346764689,1440.9918370030882,11365.666986683345,1449.8281106385466,11027.927717132185,1427.6084281073572,10422.031825943974,1880.5662537137766,0.007177222178405218,102.83712072820163,0.2830216482692096,3183.355091025227,,,3183.355091025227,2239.8150910252316,,2025-07-05
2025,7,3,6,27,1,13870.12840625998,14431.099249441071,12107.88438358352,11517.757521558608,10928.986753433406,14328.26212871287,10853.979693069306,13469.704013094859,1212.2650697007762,12295.326695943788,1513.3019351318335,12211.036670579155,1488.1771587941537,-560.9708431810905,3016.1487131906742,-0.03887235708692238,0.27788413084249686,-0.4999999999999998,-0.8660254037844388,-1.0,-1.8369701987210297e-16,6,187,0,0,0,0,1,-0.07738647923346322,-0.9970011699250151,-0.7818314824680299,0.6234898018587334,14431.099249441071,13766.34201980198,13687.869386138616,11819.940445544558,13530.92411881188,12882.89204726924,12308.99310891089,9156.074792079207,9803.880847971892,,12015.017781813203,1567.933002538349,11975.766397271524,1498.1775832285275,12031.792448099648,1492.1555809501897,11904.993363416525,1461.406520019266,11716.59425147146,1450.8571185361968,11454.582290780749,1462.2965481786578,11418.045360174243,1454.2508510416653,11050.517981344896,1440.2469894273177,10433.263410896141,1887.776400567123,0.007539140485447238,103.78638645800129,0.1734516320247812,2050.1879607154224,,,2050.1879607154224,4714.053614180773,,2025-07-06
2025,7,3,0,28,0,10414.801149792398,13870.12840625998,14431.099249441071,12107.88438358352,11517.757521558608,13766.34201980198,10862.854574257426,12905.342935164483,2175.0335308307585,12211.776244011497,1615.0944473078318,12173.698885207066,1530.1075890341458,-3455.3272564675826,-448.053424465028,-0.2491200625733282,-0.041246379706381786,-0.4999999999999998,-0.8660254037844388,-1.0,-1.8369701987210297e-16,7,188,0,0,0,0,1,-0.09453674981719933,-0.9955213724144752,0.0,1.0,13870.12840625998,10333.164297029702,10274.30982178218,14083.035148514851,10156.60087128713,9682.51044394762,9244.356504950494,9678.057935643565,9773.820766528264,,12026.680189350733,1553.576167297253,11985.801492129396,1486.3278731182916,11909.517981475567,1468.3776285670742,11914.214801934573,1450.7413047766704,11729.67087121869,1435.4083566506417,11468.516155600295,1446.4729314972774,11426.231395887007,1446.398722601343,11054.078983474143,1437.8631656646126,10433.20346848996,1884.699631967839,0.007900469828604484,81.63685276269644,-0.26047183437650456,-3668.233998722453,,,-3668.233998722453,736.7432141488334,,2025-07-07
2025,7,3,1,28,0,11006.284105717024,10414.801149792398,13870.12840625998,14431.099249441071,12107.88438358352,10333.164297029702,11443.925742574258,11763.737887256468,1848.0053532655882,12224.659136058768,1603.0793476013673,12137.2287488023,1554.1103608785254,591.4829559246264,-437.6416368572336,0.056792534722222454,-0.038242264647794566,-0.4999999999999998,-0.8660254037844388,-1.0,-1.8369701987210297e-16,8,189,0,0,0,0,2,-0.11165900712169444,-0.9937465804361781,0.7818314824680298,0.6234898018587336,10414.801149792398,10916.103861386136,10853.979693069306,13530.92411881188,10729.731356435645,10241.899177579047,9771.244188118812,9691.37025742574,10256.590194825932,,12039.563081398,1543.1709805068754,11996.680378747089,1477.9401967272509,11825.363314372406,1444.3978136052388,11924.091685837479,1443.3008033089818,11743.320602078295,1424.5971259552814,11483.219011762178,1435.2462316392916,11440.841549756911,1435.2761392112627,11058.24394964576,1436.6254882232624,10435.0580983839,1881.9199735126247,0.008261211644374766,90.18024433088794,-0.18658297030761395,-2524.640013094855,,,-2524.640013094855,1314.913848291284,,2025-07-08
2025,7,3,2,28,0,11019.16699776429,11006.284105717024,10414.801149792398,13870.12840625998,14431.099249441071,10916.103861386136,12025.93110891089,10813.417417757906,345.271905955245,12141.56071542638,1658.998872294216,12053.331739540083,1587.481125677944,12.882892047266068,-1006.7641111466,0.0011705033164257639,-0.0837161049759062,-0.4999999999999998,-0.8660254037844388,-1.0,-1.8369701987210297e-16,9,190,0,0,0,0,2,-0.12874817745258066,-0.99167731989929,0.9749279121818236,-0.22252093395631434,11006.284105717024,10928.986753433406,10862.854574257426,10156.60087128713,10738.606237623762,10263.370664324497,9784.556509900987,10215.455346534653,10736.195404024273,,12052.44597344527,1532.6951564362305,12007.845551854723,1469.2808320905965,11854.115518588309,1418.3848270008732,11934.111712985354,1435.7198008277314,11756.816965175434,1413.8611192118392,11497.916755665314,1423.9182275610192,11449.771679215019,1430.0570698790978,11059.816014055425,1436.4259201570735,10436.942320639966,1879.165191056234,0.008251473477406623,90.1802443308843,0.08492665384889242,862.5661264771607,,,862.5661264771607,803.7116512296379,,2025-07-09
2025,7,3,3,28,0,11612.684094538488,11019.16699776429,11006.284105717024,10414.801149792398,13870.12840625998,10928.986753433406,14328.26212871287,11212.71173267327,346.4461140190985,12059.027333918877,1673.265796087664,11827.033570025551,1418.238065070911,593.5170967741979,-2715.578034174381,0.05386224720023014,-0.1895259878539315,-0.4999999999999998,-0.8660254037844388,-1.0,-1.8369701987210297e-16,10,191,0,0,0,0,2,-0.14579919691987442,-0.9893142039703664,0.43388373911755823,-0.900968867902419,11019.16699776429,11517.757521558608,11443.925742574258,10729.731356435645,11313.13801980198,10826.149632705206,10313.54613861386,10740.941732673267,12741.632266049184,,12066.006912442395,1527.5873205522366,12019.899719852168,1464.9844554349554,11883.54727652507,1403.3299381469255,11944.809787083086,1432.0326032830187,11770.862223422459,1408.3437407373674,11513.382683712034,1417.941934118664,11459.457705457966,1428.1530608315077,11053.544079769257,1431.4977378165745,10440.722840813272,1877.3160532063268,0.008241758241758435,94.9265729798808,0.08229029309044655,882.9527381028438,,,882.9527381028438,871.742361865221,,2025-07-10
2025,7,3,4,28,0,12207.557285212391,11612.684094538488,11019.16699776429,11006.284105717024,10414.801149792398,11517.757521558608,13766.34201980198,11613.136125838391,594.1952726793521,11688.437006547429,1230.4799836940763,11697.134842143087,1290.0594835389445,594.8731906739031,-1558.784734589588,0.051226158038146785,-0.1132315855836924,-0.4999999999999998,-0.8660254037844388,-1.0,-1.8369701987210297e-16,11,192,0,0,0,0,2,-0.16280701293851646,-0.9866579328916572,-0.433883739117558,-0.9009688679024191,11612.684094538488,12107.88438358352,12025.93110891089,10738.606237623762,11888.604,11391.188757585438,10843.937064356434,12804.35160891089,12193.996346215266,,12080.245898389378,1528.5069880915564,12032.873018159418,1465.84592548194,11932.512311444692,1387.5415844344736,11956.200975840673,1432.8372924035677,11785.440232844368,1408.567387437064,11529.616257769845,1417.9911498118913,11452.82665741687,1423.2153804223951,11053.61941831924,1431.5584497588056,10446.385771724808,1876.9626582945873,0.008232065856526694,99.67290162887184,0.13679159241746053,1468.951047588629,,,1468.951047588629,-596.7943236984993,,2025-07-11
2025,7,3,5,28,1,14549.75746566592,12207.557285212391,11612.684094538488,11019.16699776429,11006.284105717024,12107.88438358352,10333.164297029702,12789.999615138935,1552.748948675918,11801.708516448418,1477.890371294009,12048.517606196103,1449.2063722657233,2342.2001804535284,4216.593168636218,0.19186477079167585,0.40806407867223116,-0.4999999999999998,-0.8660254037844388,-1.0,-1.8369701987210297e-16,12,193,0,0,0,0,2,-0.17976658572556214,-0.9837092937736098,-0.9749279121818236,-0.2225209339563146,12207.557285212391,14431.099249441071,14328.26212871287,11313.13801980198,14164.777475247529,13589.190953369529,12926.9650990099,12308.99310891089,9117.019287767484,,12097.197072135785,1559.271527700801,12048.694113656065,1493.4613244368009,12040.399626306824,1461.5772693060856,11969.950261212758,1456.4676318127952,11802.593206278234,1436.503780979946,11548.93521451575,1447.9954039333325,11477.724039158593,1457.5468461264898,11083.801297085342,1447.6796276152195,10459.49558544347,1888.250944213433,0.008222396241190255,118.65821622484873,0.2860938707013665,3236.61944586394,,,3236.61944586394,2240.7643567550294,,2025-07-12
2025,7,3,6,28,1,13984.040293835831,14549.75746566592,12207.557285212391,11612.684094538488,11019.16699776429,14431.099249441071,10916.103861386136,13580.451681571381,1222.144937104964,12396.581707122323,1525.5566205705109,12304.17897556691,1500.9610424065047,-565.7171718300888,3067.9364324496946,-0.03888155339805843,0.28104683423744237,-0.4999999999999998,-0.8660254037844388,-1.0,-1.8369701987210297e-16,13,194,0,0,0,0,2,-0.19667288979357622,-0.9804691603616321,-0.7818314824680299,0.6234898018587334,14549.75746566592,13870.12840625998,13766.34201980198,11888.604,13609.39675247525,13072.745193229,12426.702059405938,9244.356504950494,9593.460277866496,,12113.470198932335,1581.2971630782638,12064.243990372768,1513.7170954303974,12110.247502768018,1503.540312491653,11983.330387689919,1473.7054089233397,11818.866333074782,1456.180975937149,11567.474955401818,1469.1843352994229,11530.387192368431,1461.5656293129061,11108.193408285171,1459.3699046378058,10470.720250119879,1895.6956806819737,0.008212749315603896,113.91188757585041,0.1762558744353695,2095.4362938358317,,,2095.4362938358317,4739.683788885337,,2025-07-13
2025,7,3,0,29,0,10500.23506547429,13984.040293835831,14549.75746566592,12207.557285212391,11612.684094538488,13870.12840625998,10928.986753433406,13011.344274992016,2193.0027533542716,12312.2402004152,1628.3204376981373,12268.449668236985,1541.2352053749466,-3483.8052283615416,-428.7516879591167,-0.24912723041117124,-0.0392306896908281,-0.4999999999999998,-0.8660254037844388,-1.0,-1.8369701987210297e-16,14,195,0,0,0,0,2,-0.2135209154397959,-0.9769384927771817,0.0,1.0,13984.040293835831,10414.801149792398,10333.164297029702,14164.777475247529,10215.455346534654,9824.900303417438,9332.63821782178,9771.244188118812,9563.400196422866,,12125.675044029747,1566.2594855986586,12076.17761669024,1499.612925373521,11988.09608910891,1479.53613737309,11993.501091937766,1461.988742358853,11830.925882397225,1442.0957638549637,11581.374917873873,1453.2223973740467,11538.487091005714,1453.7059129707159,11113.398046446568,1455.4952395197342,10470.8139479464,1892.6753803620338,0.008203125000000089,85.43391568189145,-0.2587080818019841,-3664.5424097732393,,,-3664.5424097732393,728.990877355478,,2025-07-14
2025,7,3,1,29,0,11096.464350047909,10500.23506547429,13984.040293835831,14549.75746566592,12207.557285212391,10414.801149792398,11517.757521558608,11860.246569786012,1863.262508794956,12325.12309246247,1616.3052952090882,12233.341903944427,1564.5122901624065,596.2292845736192,-421.2931715106988,0.05678247018812699,-0.03657770800627935,-0.4999999999999998,-0.8660254037844388,-1.0,-1.8369701987210297e-16,15,196,0,0,0,0,3,-0.23030567023061196,-0.973118337233262,0.7818314824680298,0.6234898018587336,10500.23506547429,11006.284105717024,10916.103861386136,13609.39675247525,10791.855524752476,10392.19958479719,9864.430440594058,9784.556509900987,10035.094857872884,,12138.557936077019,1555.8539699494122,12089.06050873751,1489.6217754259192,11904.331675694666,1455.5208249072691,12004.379978555458,1453.8264744059704,11843.50203891956,1432.3588555325457,11596.041988224513,1441.857747857715,11553.063844785123,1442.4550183151134,11119.29454362532,1453.250594216529,10472.793854282165,1889.996480773599,0.008193523214982346,90.1802443308843,-0.18464686188021473,-2512.932402427341,,,-2512.932402427341,1311.9078401469214,,2025-07-15
2025,7,3,2,29,0,11109.347242095177,11096.464350047909,10500.23506547429,13984.040293835831,14549.75746566592,11006.284105717024,12107.88438358352,10902.015552539126,348.0117269093849,12241.233617055252,1672.7540742544008,12150.130475487065,1597.9879529441484,12.882892047267887,-998.537141488343,0.0011609907120742058,-0.08246999309327818,-0.4999999999999998,-0.8660254037844388,-1.0,-1.8369701987210297e-16,16,197,0,0,0,0,3,-0.24702218048093527,-0.9690098257244063,0.9749279121818236,-0.22252093395631434,11096.464350047909,11019.16699776429,10928.986753433406,10215.455346534654,10800.730405940594,10413.671071542638,9877.742762376236,10313.54613861386,10503.62530022357,,12151.440828124289,1545.3783922997363,12101.943400784778,1479.563159077302,11934.12807221335,1428.6568024634423,12015.402008418123,1445.5092400021772,11855.924827679426,1422.716853185264,11610.703946316406,1430.390562187746,11561.906079268249,1437.2009716431533,11122.659665524605,1452.5181117729617,10474.80190913331,1887.3422741061001,0.008183943881527878,90.18024433088613,0.08750387185273678,893.8918955605222,,,893.8918955605222,795.8011034813171,,2025-07-16
2025,7,3,3,29,0,11707.610667518366,11109.347242095177,11096.464350047909,10500.23506547429,13984.040293835831,11019.16699776429,14431.099249441071,11304.474086553819,349.1859381629572,12157.909180772915,1687.156931143569,11923.173093660174,1429.0527654232988,598.2634254231889,-2723.4885819227056,0.05385225723760523,-0.18872357086922453,-0.4999999999999998,-0.8660254037844388,-1.0,-1.8369701987210297e-16,17,198,0,0,0,0,3,-0.2636654927280072,-0.9646141756912435,0.43388373911755823,-0.900968867902419,11109.347242095177,11612.684094538488,11517.757521558608,10791.855524752476,11378.53188118812,10984.360587671672,10411.636930693068,10843.937064356434,12464.763094857872,,12165.001767121414,1540.270828584785,12115.504339781906,1474.6588502010532,11964.653243638879,1413.1075745071782,12027.15482221563,1441.4715005729595,11868.84000767669,1417.9358262131714,11626.132205088137,1424.2777027991337,11571.502452636716,1435.2352213498843,11118.453263150497,1449.7033563099374,10478.67866623515,1885.6307630846288,0.008174386920980714,94.92657297987716,0.08485613439370909,915.7551427658891,,,915.7551427658891,863.6736031619312,,2025-07-17
2025,7,3,4,29,0,12307.230186841263,11707.610667518366,11109.347242095177,11096.464350047909,10500.23506547429,11612.684094538488,13870.12840625998,11708.06269881827,598.9416003064375,11784.15463430214,1240.620516547354,11792.93157537528,1300.9584052656232,599.6195193228978,-1562.8982194187174,0.05121621621621597,-0.11268087602659371,-0.4999999999999998,-0.8660254037844388,-1.0,-1.8369701987210297e-16,18,199,0,0,0,0,3,-0.2802306751992161,-0.9599326896597445,-0.433883739117558,-0.9009688679024191,11707.610667518366,12207.557285212391,12107.88438358352,10800.730405940594,11957.267554455446,11557.310260300224,10946.932396039603,12926.9650990099,11928.201941871606,,12179.240753068394,1541.1902360700526,12129.743325728885,1475.5417694163095,12014.869903002234,1396.9956520102046,12039.65348765798,1442.360029306975,11882.231434936353,1418.4812817477216,11642.326226407204,1424.1954494272322,11564.616509168174,1430.1365589203322,11120.558975622549,1451.1606365100004,10484.410802663382,1885.445236220235,0.008164852255054367,99.67290162887184,0.13948128730924236,1506.499780900669,,,1506.499780900669,-619.7349121686366,,2025-07-18
2025,7,3,5,29,1,14668.415681890769,12307.230186841263,11707.610667518366,11109.347242095177,11096.464350047909,12207.557285212391,10414.801149792398,12894.418845416798,1565.3065111514131,11898.217198977962,1489.7717673552304,12147.399453050142,1460.9715371445013,2361.1854950495053,4253.614532098371,0.19185352505830733,0.40842013888888884,-0.4999999999999998,-0.8660254037844388,-1.0,-1.8369701987210297e-16,19,200,0,0,0,0,3,-0.2967128192734901,-0.9549667548552553,-0.9749279121818236,-0.2225209339563146,12307.230186841263,14549.75746566592,14431.099249441071,11378.53188118812,14246.519801980196,13786.954647077611,13049.57858910891,12426.702059405938,8917.673484509742,,12196.191926814801,1571.953933171496,12146.694499475294,1505.0811663534655,12124.532696358989,1472.411931393332,12054.721197654788,1468.2395732659825,11897.971810558014,1444.6508271557566,11661.598096559368,1454.1062441506074,11589.524438306895,1464.4299528742129,11152.507543385778,1465.62298665606,10497.485817910969,1896.9622472547478,0.008155339805825168,118.65821622484873,0.28913078023200356,3289.883800702648,,,3289.883800702648,2241.713622484831,,2025-07-19
2025,7,3,6,29,1,14097.952181411689,14668.415681890769,12307.230186841263,11707.610667518366,11109.347242095177,14549.75746566592,11006.284105717024,13691.19935004791,1232.024810981862,12497.836718300861,1537.8113105106702,12405.038459358033,1513.1182004887576,-570.4635004790798,3091.6680756946644,-0.03889060092449925,0.28090026079635266,-0.4999999999999998,-0.8660254037844388,-1.0,-1.8369701987210297e-16,20,201,0,0,0,0,3,-0.3131070409358267,-0.9497178427914317,-0.7818314824680299,0.6234898018587334,14668.415681890769,13984.040293835831,13870.12840625998,11957.267554455446,13687.869386138616,13262.598339188758,12544.411009900989,9332.63821782178,9383.039707761098,,12212.465053611351,1593.981994251844,12162.967626271844,1526.231553914491,12195.888850590865,1515.273570263806,12069.367011771683,1487.0584293566685,11912.888843454853,1463.191578526223,11680.092634315448,1475.1965481095842,11642.472371235672,1468.0559779377256,11178.701501572727,1475.9188176145713,10508.702224027791,1904.6272220382932,0.008145849495733382,113.91188757585769,0.17902791061646806,2140.684626956243,,,2140.684626956243,4765.31396358991,,2025-07-20
2025,7,3,0,30,0,10585.66898115618,14097.952181411689,14668.415681890769,12307.230186841263,11707.610667518366,13984.040293835831,11019.16699776429,13117.345614819547,2210.971977303767,12412.704156818907,1641.546451124669,12368.913624640687,1553.8397928740023,-3512.2832002555097,-433.49801660811136,-0.24913428241631397,-0.039340361816466274,-0.4999999999999998,-0.8660254037844388,-1.0,-1.8369701987210297e-16,21,202,0,0,0,0,3,-0.3294084822245302,-0.9441875088341994,0.0,1.0,14097.952181411689,10500.23506547429,10414.801149792398,14246.519801980196,10274.30982178218,9967.29016288726,9420.919930693068,9864.430440594058,9352.979626317469,,12224.669898708764,1578.9428324761732,12175.172471369255,1511.791484429556,12073.86048989673,1491.6614076162139,12080.486981749327,1474.2471032495837,11923.931322352513,1450.520017428581,11693.958694440009,1459.091788645335,11650.486132797474,1460.188474837879,11185.549775766274,1470.249082320648,10508.941251223843,1901.6630359697328,0.008136381247578317,85.43391568188963,-0.2569645690111052,-3660.8508208240164,,,-3660.8508208240164,721.2385405621208,,2025-07-21
2025,7,3,1,30,0,11186.644594378791,10585.66898115618,14097.952181411689,14668.415681890769,12307.230186841263,10500.23506547429,11612.684094538488,11956.755252315554,1878.5196668654105,12425.587048866175,1629.5312667173741,12333.410332960715,1577.3784429230673,600.9756132226121,-426.0395001596971,0.056772568110000865,-0.03668742701440275,-0.4999999999999998,-0.8660254037844388,-1.0,-1.8369701987210297e-16,22,203,0,0,0,0,4,-0.3456123126707333,-0.9383773917408642,0.7818314824680298,0.6234898018587336,10585.66898115618,11096.464350047909,11006.284105717024,13687.869386138616,10853.979693069306,10542.499992015331,9957.616693069303,9877.742762376236,9813.599520919834,,12237.552790756032,1568.536993475925,12188.055363416526,1501.7999249270977,11990.486330171405,1468.0522952607519,12092.367871081808,1465.3100267112238,11935.433904537573,1441.8945083430206,11708.589978979408,1447.587341152209,11665.02948648639,1448.8076387521953,11193.177803952158,1466.6487342608764,10511.039403989029,1899.082255436397,0.008126934984519885,90.18024433088249,-0.18273295289424352,-2501.224791759825,,,-2501.224791759825,1308.9018320025552,,2025-07-22
2025,7,3,2,30,0,11199.52748642606,11186.644594378791,10585.66898115618,14097.952181411689,14668.415681890769,11096.464350047909,12207.557285212391,10990.613687320345,350.7515552562621,12340.906518684125,1686.5092919621716,12249.40784972852,1611.1691008804275,12.882892047267887,-1008.0297987863323,0.001151631477926962,-0.08257424276086811,-0.4999999999999998,-0.8660254037844388,-1.0,-1.8369701987210297e-16,23,204,0,0,0,0,4,-0.3617137307297674,-0.9322892131745134,0.9749279121818236,-0.22252093395631434,11186.644594378791,11109.347242095177,11019.16699776429,10274.30982178218,10862.854574257426,10563.97147876078,9970.929014851485,10411.636930693068,10271.055196422869,,12250.435682803301,1558.061658464487,12200.938255463794,1491.7414442953416,12021.326918992865,1440.2103358594684,12104.391903659258,1456.2002386680063,11946.78311896017,1433.379500182751,11723.216151260058,1435.9790139004315,11673.783825994535,1443.519730300389,11198.335983341065,1465.0193322011546,10513.164367206427,1896.5259683334732,0.008117510630073266,90.18024433088249,0.09005156362740374,925.2176646438784,,,925.2176646438784,787.8905557329908,,2025-07-23
2025,7,3,3,30,0,11802.537240498245,11199.52748642606,11186.644594378791,10585.66898115618,14097.952181411689,11109.347242095177,14549.75746566592,11396.236440434366,351.9257696252253,12256.791027626956,1701.0480797865173,12020.472830964545,1440.759732035444,603.0097540721854,-2747.2202251676754,0.0538424281562806,-0.18881553398058237,-0.4999999999999998,-0.8660254037844388,-1.0,-1.8369701987210297e-16,24,205,0,0,0,0,4,-0.37770796520396466,-0.9259247771938499,0.43388373911755823,-0.900968867902419,11199.52748642606,11707.610667518366,11612.684094538488,10853.979693069306,11443.925742574258,11142.571542638136,10509.727722772275,10946.932396039603,12187.89392366656,,12263.996621800427,1552.9543625724846,12214.49919446092,1486.837345615426,12052.945503907164,1424.0198790766851,12117.199457156543,1451.746386373396,11958.568220707672,1429.3545675392484,11738.606740756795,1429.7308113920092,11683.290546488519,1441.4950505654933,11196.195112879019,1463.8462833135436,10517.131668355018,1894.947179026875,0.008108108108108247,94.92657297987898,0.08739260384231495,948.557547428938,,,948.557547428938,855.6048444586413,,2025-07-24
2025,7,3,4,30,0,12406.90308847014,11802.537240498245,11199.52748642606,11186.644594378791,10585.66898115618,11707.610667518366,13984.040293835831,11802.98927179815,603.6879279495848,11879.872262056851,1250.761086015324,11889.044730517408,1311.4920606153007,604.3658479718961,-1577.1372053656905,0.05120643431635408,-0.11278122575639982,-0.4999999999999998,-0.8660254037844388,-1.0,-1.8369701987210297e-16,25,206,0,0,0,0,4,-0.39359027665646645,-0.9192859697186105,-0.433883739117558,-0.9009688679024191,11802.537240498245,12307.230186841263,12207.557285212391,10862.854574257426,12025.93110891089,11723.431763015013,11058.94575215586,13049.57858910891,11662.407537527944,,12278.23560774741,1553.873514233691,12228.738180407903,1487.7200260375748,12104.413787714257,1407.3286738118236,12130.80559928366,1452.6443209120423,11970.773065805082,1430.2280156690324,11754.653851903393,1429.5751165503157,11676.149707592534,1436.2329516885393,11200.331199273141,1466.220779424563,10522.928513201996,1894.9223813374233,0.008098727342846557,99.6729016288773,0.14214021771696816,1544.0485142127145,,,1544.0485142127145,-642.6755006387702,,2025-07-25
2025,7,3,5,30,1,14787.073898115616,12406.90308847014,11802.537240498245,11199.52748642606,11186.644594378791,12307.230186841263,10500.23506547429,12998.838075694666,1577.8640743076826,11994.725881507504,1501.6531671530058,12246.281299904183,1472.736810655979,2380.170809645475,4286.838832641326,0.19184246001384442,0.40826122519264696,-0.4999999999999998,-0.8660254037844388,-1.0,-1.8369701987210297e-16,26,207,0,0,0,0,4,-0.4093559588156211,-0.9123747579707274,-0.9749279121818236,-0.2225209339563146,12406.90308847014,14668.415681890769,14549.75746566592,11443.925742574258,14328.26212871287,13984.718340785694,13193.663565953368,12544.411009900989,8718.327681251996,,12295.186781493818,1584.6363817275667,12245.689354154309,1517.2589078849805,12215.852059565634,1483.5246013908516,12147.191733905187,1480.667605286803,11985.100843614546,1454.581780316368,11773.623022524373,1459.1648579306734,11701.068184128251,1470.5123353629515,11234.046456033495,1478.5516398148363,10535.96871315586,1906.6519420158147,0.008089368258859642,118.65821622484691,0.29213298222514794,3343.1481555413575,,,3343.1481555413575,2242.662888214627,,2025-07-26
2025,7,3,6,30,1,14211.864068987545,14787.073898115616,12406.90308847014,11802.537240498245,11199.52748642606,14668.415681890769,11096.464350047909,13801.947018524435,1241.9046911769708,12599.091729479398,1550.0660048455447,12505.897943149153,1525.27546944555,-575.2098291280709,3115.399718939636,-0.03889950324799363,0.2807560697409157,-0.4999999999999998,-0.8660254037844388,-1.0,-1.8369701987210297e-16,27,208,0,0,0,0,4,-0.42500033996955394,-0.9051931898913975,-0.7818314824680299,0.6234898018587334,14787.073898115616,14097.952181411689,13984.040293835831,12025.93110891089,13766.34201980198,13452.451485148516,12693.038901309485,9420.919930693068,9172.619137655702,,12311.459908290368,1606.666829621236,12261.962480950859,1538.4118016970472,12288.71649156819,1526.921957400393,12163.103235661813,1500.9663840882763,11998.66178261167,1471.9468046743013,11791.70427452054,1479.9571975223353,11754.300896775969,1473.7560589600785,11262.04226120756,1486.9852778553661,10547.175711191932,1914.5234886267071,0.00808003078106978,113.91188757585587,0.18176829222453605,2185.932960076654,,,2185.932960076654,4790.944138294477,,2025-07-27
2025,7,3,0,31,0,10671.102896838072,14211.864068987545,14787.073898115616,12406.90308847014,11802.537240498245,14097.952181411689,11109.347242095177,13223.346954647079,2228.941202644748,12513.168113222613,1654.7724870350628,12469.377581044393,1566.4444972841566,-3540.7611721494723,-438.2443452571042,-0.2491412213740457,-0.039448253412812884,-0.4999999999999998,-0.8660254037844388,-1.0,-1.8369701987210297e-16,28,209,0,0,0,0,4,-0.4405187843504952,-0.8977433935342336,0.0,1.0,14211.864068987545,10585.66898115618,10500.23506547429,14328.26212871287,10333.164297029702,10097.746396039607,9540.1205844778,9957.616693069303,9142.559056212072,,12323.664753387782,1591.626207246642,12274.167326048273,1523.9701855885814,12166.811183839027,1504.2964843274221,12175.172471369257,1487.0006121908918,12008.900291554502,1460.433122188121,11805.168349667687,1464.2880384518023,11762.228521262288,1465.8806975312857,11270.53417143326,1479.1576830418726,10547.552389567758,1911.6149896408747,0.008070714834742754,85.43391568189327,-0.2552409496017034,-3657.159231874797,,,-3657.159231874797,713.486203768769,,2025-07-28
2025,7,3,1,31,0,11276.824838709676,10671.102896838072,14211.864068987545,14787.073898115616,12406.90308847014,10585.66898115618,11707.610667518366,12053.2639348451,1893.7768274155333,12526.051005269881,1642.7572615489455,12433.478761977001,1590.2447068403667,605.7219418716031,-430.78582880869,0.05676282458592752,-0.03679536679536699,-0.4999999999999998,-0.8660254037844388,-1.0,-1.8369701987210297e-16,29,210,0,0,0,0,5,-0.455906693508459,-0.8900275764346766,0.7818314824680298,0.6234898018587336,10671.102896838072,11186.644594378791,11096.464350047909,13766.34201980198,10916.103861386136,10667.607188118816,10091.598770360904,9970.929014851485,9592.104183966783,,12336.547645435052,1581.2200502662445,12287.050218095541,1513.9782240579907,12083.827277802618,1481.5103710871404,12188.055363416526,1477.21885503061,12019.779178172195,1452.5076085591077,11819.278183814695,1453.2459636512417,11776.73847486071,1454.3683437260852,11279.893730626278,1473.7983039501196,10549.762306080309,1909.1297207157186,0.0080614203454894,90.1802443308843,-0.18084086371755814,-2489.517181092304,,,-2489.517181092304,1305.8958238581909,,2025-07-29
2025,7,3,2,31,0,11289.707730756949,11276.824838709676,10671.102896838072,14211.864068987545,14787.073898115616,11186.644594378791,12307.230186841263,11079.211822101564,353.49139082403644,12440.579420312999,1700.2645250353273,12348.685223969978,1624.350349693777,12.882892047273344,-1017.5224560843144,0.0011424219345015363,-0.08267680384919074,-0.4999999999999998,-0.8660254037844388,-1.0,-1.8369701987210297e-16,30,211,0,0,0,0,5,-0.47115950767386394,-0.8820480249558535,0.9749279121818236,-0.22252093395631434,11276.824838709676,11199.52748642606,11109.347242095177,10333.164297029702,10928.986753433406,10676.482069306932,10113.070257106354,10509.727722772275,10038.485092622166,,12349.43053748232,1570.7449541964593,12299.93311014281,1503.9198779458561,12115.712058926858,1452.5438116041403,12200.938255463796,1467.3718924184848,12030.729636412374,1444.4857625678235,11833.285772786727,1442.2309336813205,11785.404919393875,1449.047695410062,11286.844967504803,1470.8582248521814,10551.997790747006,1906.6687311993123,0.008052147239264285,90.18024433088976,0.09257023368942363,956.5434337272472,,,956.5434337272472,779.9800079846736,,2025-07-30
2025,7,3,3,31,0,11897.463813478123,11289.707730756949,11276.824838709676,10671.102896838072,14211.864068987545,11199.52748642606,14668.415681890769,11487.998794314917,354.66560823634404,12355.672874480997,1714.9392416863361,12117.772568268925,1452.466809296239,607.7560827211746,-2770.951868412645,0.05383275610097882,-0.18890600924499212,-0.4999999999999998,-0.8660254037844388,-1.0,-1.8369701987210297e-16,31,212,0,1,0,0,5,-0.4862727071086902,-0.8738071036110807,0.43388373911755823,-0.900968867902419,11289.707730756949,11802.537240498245,11707.610667518366,10916.103861386136,11517.757521558608,11247.744158415844,10667.93867773874,11058.94575215586,11911.024752475249,,12362.991476479447,1565.6379218845275,12313.494049139936,1499.0159865324786,12148.424057329925,1435.5473837422091,12214.499194460921,1462.5710360173139,12042.331773109914,1440.6867484193958,11847.922976783624,1436.489125520569,11794.721786741899,1447.0186040849524,11286.769628954818,1470.8264222062958,10556.050399249209,1905.21790337935,0.008042895442359255,94.92657297987898,0.08990020290695311,981.359952091987,,,981.359952091987,838.5180613222637,,2025-07-31
2025,8,3,4,31,0,12506.57599009901,11897.463813478123,11289.707730756949,11276.824838709676,10671.102896838072,11802.537240498245,14097.952181411689,11897.915844778028,608.4342556084391,11975.589889811563,1260.9016912145776,11985.157885659532,1322.0258251217285,609.1121766208871,-1591.3761913126782,0.051196808510638236,-0.11287995382839544,-0.8660254037844384,-0.5000000000000004,-1.0,-1.8369701987210297e-16,1,213,1,0,0,0,1,-0.5012418134457756,-0.8653072543632061,-0.433883739117558,-0.9009688679024191,11897.463813478123,12406.90308847014,12307.230186841263,10928.986753433406,12107.88438358352,11819.940445544558,11225.067254870648,13193.663565953368,11494.639349363508,,12377.230462426425,1566.5568218493052,12327.733035086918,1499.8984319536612,12201.010365218777,1418.1262323268684,12228.738180407903,1463.4351284282639,12054.593122119815,1441.6811688965197,11863.17903315539,1436.5995133021108,11787.087480343518,1441.3564369760184,11292.391499181127,1473.5567960158492,10561.907833455964,1905.3469594014198,0.008033664881407665,99.67290162887002,0.14434908489297915,1577.5892366656044,,,1577.5892366656044,-687.087575854357,,2025-08-01
2025,8,3,5,31,1,14877.480158096456,12506.57599009901,11897.463813478123,11289.707730756949,11276.824838709676,12406.90308847014,10585.66898115618,13093.83998722453,1574.4153217267647,12086.525904663047,1503.0348966613851,12342.808817071224,1480.0879511369196,2370.9041679974453,4291.811176940277,0.18957260323484237,0.4054359894098558,-0.8660254037844384,-0.5000000000000004,-1.0,-1.8369701987210297e-16,2,214,0,0,0,0,1,-0.5160623910158526,-0.8565509959010037,-0.9749279121818236,-0.2225209339563146,12506.57599009901,14787.073898115616,14668.415681890769,11517.757521558608,14431.099249441071,14083.035148514851,13391.42725966145,12693.038901309485,8666.021202263084,,12390.145642423688,1589.9338141119188,12342.666211958755,1525.8120693269082,12313.001119770042,1492.9925577136564,12244.680355717022,1490.4966563688074,12068.77964014806,1465.712959349535,11880.87013908914,1464.5246201256675,11811.359049863373,1474.7881386083848,11326.899604491315,1484.3990527179803,10574.828708679437,1917.0826962274332,0.006113870844478564,90.40625998084033,0.2916993720565151,3359.7226365378483,,,3359.7226365378483,2184.4412567869713,,2025-08-02
2025,8,3,6,31,1,14271.532200574897,14877.480158096456,12506.57599009901,11897.463813478123,11289.707730756949,14787.073898115616,11186.644594378791,13885.19611625679,1231.7622826631757,12686.597455285852,1543.1062523237024,12599.882784254232,1528.1443785641356,-605.9479575215591,3084.8876061961055,-0.040729206228636516,0.2757652288109913,-0.8660254037844384,-0.5000000000000004,-1.0,-1.8369701987210297e-16,3,215,0,0,0,0,1,-0.5307300481619331,-0.8475409228928312,-0.7818314824680299,0.6234898018587334,14877.480158096456,14211.864068987545,14097.952181411689,12107.88438358352,13870.12840625998,13530.92411881188,12882.89204726924,9540.1205844778,9195.010830975954,,12398.669661221884,1601.446530628549,12355.064784756125,1541.7940385429524,12385.122713669754,1534.4267932794119,12259.016205513984,1508.5308060167863,12082.004784465254,1482.3921335800487,11897.401569485635,1483.683738199951,11863.930290042228,1477.2438517284975,11355.102500989085,1491.8748221647286,10585.86364447614,1924.8364447133101,0.004198473282442716,59.668131587352036,0.17869742957943657,2163.647816991377,,,2163.647816991377,4731.411616097097,,2025-08-03
2025,8,3,0,32,0,10695.512587032896,14271.532200574897,14877.480158096456,12506.57599009901,11897.463813478123,14211.864068987545,11199.52748642606,13281.50831523475,2259.938862340045,12589.712080006388,1662.9205631227312,12557.881542638135,1576.3000203425377,-3576.019613542001,-504.01489939316343,-0.25057012542759416,-0.04500322893122366,-0.8660254037844384,-0.5000000000000004,-1.0,-1.8369701987210297e-16,4,216,0,0,0,0,1,-0.5452404385406507,-0.8382797052177745,0.0,1.0,14271.532200574897,10671.102896838072,10585.66898115618,14431.099249441071,10414.801149792398,10156.60087128713,9682.51044394762,10091.598770360904,9242.554837340878,,12402.156759821144,1597.0784742634103,12362.910756604464,1532.3477538143152,12260.603158256148,1514.107347567437,12269.04161398686,1496.707006996268,12091.628207960717,1471.3738062992345,11909.46111880808,1469.5131772521152,11870.64044356081,1470.4588633875155,11363.174488487373,1484.2921864910577,10586.189980614703,1921.970716147957,0.00228745711017897,24.40969019482327,-0.2588566953797964,-3735.5866624081755,,,-3735.5866624081755,603.9138166719913,,2025-08-04
2025,8,3,1,32,0,11281.119136058767,10695.512587032896,14271.532200574897,14877.480158096456,12506.57599009901,10671.102896838072,11802.537240498245,12082.721307888854,1918.0468191682196,12588.28064755669,1664.266558407697,12514.430033934847,1605.9225646515397,585.6065490258716,-521.4181044394772,0.05475254638434568,-0.044178475679816254,-0.8660254037844384,-0.5000000000000004,-1.0,-1.8369701987210297e-16,5,217,0,0,0,0,1,-0.5595892624101763,-0.828770087174504,0.7818314824680298,0.6234898018587336,10695.512587032896,11276.824838709676,11186.644594378791,13870.12840625998,11006.284105717024,10729.731356435645,10241.899177579047,10113.070257106354,9779.051414427156,,12402.770230871014,1596.574912352717,12369.658938153032,1526.967804722909,12174.302849249441,1492.83918186595,12278.85715078478,1489.0003730284175,12101.474418311129,1463.9205214632693,11921.832784980457,1459.6464298763124,11883.618764438055,1459.8888215017002,11371.519309163104,1479.551159602178,10588.252084933529,1919.4818278750706,0.0003808073115005861,4.294297349091721,-0.1866608004171555,-2589.0092702012134,,,-2589.0092702012134,1168.0488789524134,,2025-08-05
2025,8,3,2,32,0,11272.530541360587,11281.119136058767,10695.512587032896,14271.532200574897,14877.480158096456,11276.824838709676,12406.90308847014,11083.054088150753,335.64825681994404,12484.125102203769,1734.2315915190297,12419.89898834238,1645.721146237676,-8.588594698179804,-1134.3725471095531,-0.0007613247049866878,-0.09143075745983198,-0.8660254037844384,-0.5000000000000004,-1.0,-1.8369701987210297e-16,6,218,0,0,0,0,1,-0.5737722679043243,-0.8190148866680802,0.9749279121818236,-0.22252093395631434,11281.119136058767,11289.707730756949,11199.52748642606,10414.801149792398,11019.16699776429,10738.606237623762,10263.370664324497,10667.93867773874,10320.552623762376,,12400.316346671532,1598.5827150049363,12374.873442076927,1522.7834137272132,12202.89382896838,1465.95055199285,12287.90584877036,1481.8141827173094,12111.008780877859,1456.6033263550928,11933.84659304041,1449.9526044005536,11890.336451811632,1455.616774622362,11376.808075371984,1477.4734123617727,10590.276577408164,1916.993175606645,-0.001521491061240221,-17.177189396361427,0.08235677083333326,857.7293915681894,,,857.7293915681894,604.5918636218466,,2025-08-06
2025,8,3,3,32,0,11856.780996486748,11272.530541360587,11281.119136058767,10695.512587032896,14271.532200574897,11289.707730756949,14787.073898115616,11470.143557968702,334.865379873165,12375.825936601725,1752.739592415436,12175.707913206643,1470.6341380535196,584.2504551261609,-2930.292901628867,0.051829573934837336,-0.19816583874665616,-0.8660254037844384,-0.5000000000000004,-1.0,-1.8369701987210297e-16,7,219,0,0,0,0,1,-0.5877852522924734,-0.8090169943749472,0.43388373911755823,-0.900968867902419,11272.530541360587,11897.463813478123,11802.537240498245,11006.284105717024,11612.684094538488,11313.13801980198,10826.149632705206,11225.067254870648,12348.930074257423,,12394.504515672767,1600.7880218494408,12378.747996076107,1521.2834184629353,12231.243725327371,1450.1501393146889,12296.623595268511,1478.4087365552114,12120.716691175798,1452.99618435903,11946.116014037809,1444.8178830740608,11897.355493385145,1453.894831657008,11374.073913828814,1476.1191430608933,10594.012578644384,1915.3908536237122,-0.003419452887537866,-40.68281699137515,0.07727375403002257,850.4968907697239,,,850.4968907697239,631.7137416161004,,2025-08-07
2025,8,3,4,32,0,12440.127389013096,11856.780996486748,11272.530541360587,11281.119136058767,10695.512587032896,11897.463813478123,14211.864068987545,11856.479642286811,583.798482160417,11969.600475087833,1274.0664404551185,12028.063189875438,1329.8260530345294,583.3463925263477,-1771.7366799744486,0.04919939001143714,-0.1246660305343511,-0.8660254037844384,-0.5000000000000004,-1.0,-1.8369701987210297e-16,8,220,0,0,0,0,2,-0.6016240632249227,-0.7987793728863648,-0.433883739117558,-0.9009688679024191,11856.780996486748,12506.57599009901,12406.90308847014,11019.16699776429,12207.557285212391,11888.604,11391.188757585438,13391.42725966145,11915.0284582744,,12385.011858374779,1600.209590583558,12381.1211604006,1521.3566310444617,12278.60907170233,1432.2916949157716,12304.929670404252,1478.5431190144016,12130.565323122462,1453.2634140789617,11958.603378697662,1444.4968184864704,11886.785494822385,1446.3491497475711,11376.991130110695,1477.7122002153437,10599.442328086645,1915.1824648989584,-0.0053130929791270765,-66.44860108591456,0.12895352176231722,1420.9603912488055,,,1420.9603912488055,-951.299870648354,,2025-08-08
2025,8,3,5,32,1,14798.374680613224,12440.127389013096,11856.780996486748,11272.530541360587,11281.119136058767,12506.57599009901,10671.102896838072,13031.76102203769,1557.4871162926531,12057.40755509422,1467.8582908929832,12372.002505190036,1472.9859633975466,2358.247291600128,4127.271783775152,0.1895677767482422,0.38677087304613034,-0.8660254037844384,-0.5000000000000004,-1.0,-1.8369701987210297e-16,9,221,0,0,0,0,2,-0.6152845999633277,-0.7883050558305253,-0.9749279121818236,-0.2225209339563146,12440.127389013096,14877.480158096456,14787.073898115616,11612.684094538488,14549.75746566592,14164.777475247529,13589.190953369529,12882.89204726924,8981.313033946251,,12373.711075877174,1579.823425556552,12381.928359150432,1522.7337478157965,12384.798757904822,1497.8122050393702,12313.80885665237,1493.1973158441313,12141.879558932564,1471.7374970261014,11972.998423069612,1466.7950342615766,11908.068635192873,1474.981461098674,11409.308139258846,1488.5953239291355,10611.75591269816,1925.8348245017323,-0.005317128750474742,-79.10547748323188,0.2743285325029192,3185.6905860747356,,,3185.6905860747356,1915.4826333439833,,2025-08-09
2025,8,3,6,32,1,14195.590942190993,14798.374680613224,12440.127389013096,11856.780996486748,11272.530541360587,14877.480158096456,11276.824838709676,13811.364337272438,1225.175552739383,12640.75394762057,1513.1656896388577,12615.233013813478,1516.0562424962927,-602.7837384222312,2918.7661034813173,-0.040733104238259044,0.25882871687978537,-0.8660254037844384,-0.5000000000000004,-1.0,-1.8369701987210297e-16,10,222,0,0,0,0,2,-0.6287628145958345,-0.7775971469736268,-0.7818314824680299,0.6234898018587334,14798.374680613224,14271.532200574897,14211.864068987545,12207.557285212391,13984.040293835831,13609.39675247525,13072.745193229,9682.51044394762,9527.81887553041,,12362.862324679472,1564.8082786578207,12380.765992950677,1521.2349036033595,12451.066546470776,1533.2590019680888,12321.364236950769,1502.4679015156248,12152.347312320344,1484.395235928286,11986.365634366777,1481.9758142001344,11958.213974062244,1475.1846075048466,11435.240206295848,1496.27338924156,10622.234962491999,1932.7489733602226,-0.005321170657544783,-75.94125838390391,0.16285269940013336,1988.0336569786014,,,1988.0336569786014,4513.080498243373,,2025-08-10
2025,8,3,0,33,0,10638.55664324497,14195.590942190993,14798.374680613224,12440.127389013096,11856.780996486748,14271.532200574897,11289.707730756949,13210.84075534973,2247.9593465778016,12533.660198818268,1645.5834722155078,12560.97042318748,1578.1920290917542,-3557.0342989460223,-651.1510875119784,-0.2505731753916698,-0.057676522992532786,-0.8660254037844384,-0.5000000000000004,-1.0,-1.8369701987210297e-16,11,223,0,0,0,0,2,-0.6420547132365636,-0.7666588193001592,0.0,1.0,14195.590942190993,10695.512587032896,10671.102896838072,14549.75746566592,10500.23506547429,10215.455346534654,9824.900303417438,10241.899177579047,9575.362881895331,,12354.725761281197,1575.0376293645584,12378.441260551172,1524.0707905499219,12320.693185723412,1514.8276791217893,12326.304293299721,1496.4737699144302,12159.902692618745,1475.4070126641213,11996.052019364724,1470.2910021064629,11962.621279236311,1470.5846408030643,11441.146838303346,1490.979538266199,10622.28254756708,1929.92144962043,-0.0053252187143398855,-56.95594378792521,-0.26881553398058244,-3911.2008224209494,,,-3911.2008224209494,396.65746566592316,,2025-08-11
2025,8,3,1,33,0,11220.99897317151,10638.55664324497,14195.590942190993,14798.374680613224,12440.127389013096,10695.512587032896,11897.463813478123,12018.382186202492,1907.8753214734293,12525.071604120089,1653.5969107849724,12504.59835316193,1615.682789241371,582.44232992654,-676.464840306613,0.05474824729126815,-0.05685790273556246,-0.8660254037844384,-0.5000000000000004,-1.0,-1.8369701987210297e-16,12,224,0,0,0,0,2,-0.655156357209085,-0.7554933140726804,0.7818314824680298,0.6234898018587336,10638.55664324497,11281.119136058767,11276.824838709676,13984.040293835831,11096.464350047909,10791.855524752476,10392.19958479719,10263.370664324497,10129.3756718529,,12346.13716658302,1582.016124029174,12374.453698727017,1527.2444862096372,12228.591808367933,1494.063054032267,12330.751958411278,1492.8638990025695,12167.565968483368,1469.2739110450555,12005.918678750133,1462.1567848699626,11973.261593779054,1461.5885964886222,11447.21141219956,1487.8308576428512,10624.023002292673,1927.3764442198237,-0.005329272934906815,-60.12016288725681,-0.19758533747090745,-2763.0413206643207,,,-2763.0413206643207,957.6283088470136,,2025-08-12
2025,8,3,2,33,0,11212.410378473332,11220.99897317151,10638.55664324497,14195.590942190993,14798.374680613224,11281.119136058767,12506.57599009901,11023.988664963274,333.8215444128247,12417.676501117856,1725.061078626514,12396.75121885979,1658.1729657644914,-8.588594698177985,-1294.1656116256781,-0.0007654037504782885,-0.10347881087919031,-0.8660254037844384,-0.5000000000000004,-1.0,-1.8369701987210297e-16,13,225,0,0,0,0,2,-0.6680638642135333,-0.7441039398713608,0.9749279121818236,-0.22252093395631434,11220.99897317151,11272.530541360587,11289.707730756949,10500.23506547429,11109.347242095177,10800.730405940594,10413.671071542638,10826.149632705206,10688.393094059407,,12337.54857188484,1588.9639704732938,12368.932459278187,1531.6011846450301,12252.330985467901,1471.1361910415826,12334.4327847105,1489.8648934071937,12174.917396564311,1463.3285638797797,12015.427480023118,1454.2530579761462,11977.553379843146,1458.7467301848503,11450.122619335194,1486.850142677145,10625.72847294827,1924.8336697467528,-0.00533333333333319,-60.12016288725499,0.06782470188126921,712.175312999043,,,712.175312999043,386.26074576812607,,2025-08-13
2025,8,3,3,33,0,11793.49661450016,11212.410378473332,11220.99897317151,10638.55664324497,14195.590942190993,11272.530541360587,14877.480158096456,11408.96865538167,333.03866817178545,12309.904705365698,1743.4785088261506,12139.752590226766,1466.667029653477,581.0862360268275,-3083.983543596296,0.05182527363986367,-0.20729206228636543,-0.8660254037844384,-0.5000000000000004,-1.0,-1.8369701987210297e-16,14,226,0,0,0,0,2,-0.6807734094770159,-0.7324940716135792,0.43388373911755823,-0.900968867902419,11212.410378473332,11856.780996486748,11897.463813478123,11096.464350047909,11707.610667518366,11378.53188118812,10984.360587671672,11391.188757585438,12786.835396039603,,12328.507945886755,1592.331725129556,12361.506230779762,1534.3126774348702,12275.565394282978,1457.6943917647818,12337.500139959846,1488.614473227015,12182.32748108774,1460.2699235091407,12025.060051771075,1450.0148429330577,11982.0234671422,1457.5456324994277,11444.604070548863,1483.7012113529593,10629.103525380502,1923.0670422367505,-0.005337399923751707,-63.284381986588414,0.06281570800065173,697.0322644522512,,,697.0322644522512,402.3078569147219,,2025-08-14
2025,8,3,4,33,0,12373.67878792718,11793.49661450016,11212.410378473332,11220.99897317151,10638.55664324497,11856.780996486748,14271.532200574897,11793.195260300226,580.6342633789905,11905.788723251359,1267.3052124559413,11981.59813917279,1309.8340328181212,580.1821734270197,-1897.853412647717,0.04919509390571086,-0.132981755986317,-0.8660254037844384,-0.5000000000000004,-1.0,-1.8369701987210297e-16,15,227,0,0,0,0,3,-0.6932812268869771,-0.7206671495538615,-0.433883739117558,-0.9009688679024191,11793.49661450016,12440.127389013096,12506.57599009901,11109.347242095177,12307.230186841263,11957.267554455446,11557.310260300224,13589.190953369529,12335.417567185288,,12319.015288588767,1591.753365957028,12352.013573481774,1533.7571136131985,12317.709779144043,1440.9957313817579,12339.873304284347,1488.6173957908788,12189.763395971164,1460.1632578483157,12034.778724719017,1449.5777692238605,11968.51777641506,1448.087019131425,11444.816632886319,1483.8322816084549,10634.131119797063,1922.5684550852664,-0.005341472720335805,-66.44860108591638,0.11380790592639323,1264.331545832003,,,1264.331545832003,-1215.5121654423492,,2025-08-15
2025,8,3,5,33,1,14719.26920312999,12373.67878792718,11793.49661450016,11212.410378473332,11220.99897317151,12440.127389013096,10695.512587032896,12962.148201852446,1549.1153922282826,11993.068433407856,1459.9372746496476,12316.911190514213,1457.3926228034527,2345.5904152028106,4023.7566160970946,0.18956289842365792,0.3762097967118889,-0.8660254037844384,-0.5000000000000004,-1.0,-1.8369701987210297e-16,16,228,0,0,0,0,3,-0.7055836101071774,-0.7086266782644601,-0.9749279121818236,-0.2225209339563146,12373.67878792718,14798.374680613224,14877.480158096456,11707.610667518366,14668.415681890769,14246.519801980196,13786.954647077611,13072.745193229,9296.60486562942,,12307.714506091163,1571.3674816259215,12340.712790984167,1514.175869390373,12418.098396997764,1500.6955024489525,12341.68950147146,1491.591620179166,12198.205349563124,1473.5756294416979,12045.877707529164,1466.6242887939945,11986.812487636184,1472.3911526706822,11474.942545872433,1494.9796584510825,10645.870022335375,1932.2454370291705,-0.005345551737304444,-79.1054774832337,0.25723938223938214,3011.6585356116248,,,3011.6585356116248,1646.5240099009898,,2025-08-16
2025,8,3,6,33,1,14119.64968380709,14719.26920312999,12373.67878792718,11793.49661450016,11212.410378473332,14798.374680613224,11281.119136058767,13737.532558288089,1218.5888240846411,12573.250606834876,1504.9957958905736,12553.455402826576,1503.6165114817588,-599.6195193228996,2838.5305477483234,-0.04073704414587331,0.25161781499809677,-0.8660254037844384,-0.5000000000000004,-1.0,-1.8369701987210297e-16,17,229,0,0,0,0,3,-0.7176769136759615,-0.6963762255968726,-0.7818314824680299,0.6234898018587334,14719.26920312999,14195.590942190993,14271.532200574897,12307.230186841263,14097.952181411689,13687.869386138616,13262.598339188758,9824.900303417438,9860.626920084866,,12296.865754893463,1556.351628880502,12329.864039786467,1499.7532224010847,12478.512380229959,1532.2286257061205,12342.464412271296,1492.543158416711,12205.91571202149,1482.6138016586647,12056.080699727001,1478.1267915918245,12034.531925196068,1471.1321981836322,11498.603783448667,1502.9696399844743,10655.823545720681,1938.406592954885,-0.005349636988918549,-75.9412583839021,0.1472646135199165,1812.4194969658274,,,1812.4194969658274,4294.749380389652,,2025-08-17
2025,8,3,0,34,0,10581.600699457043,14119.64968380709,14719.26920312999,12373.67878792718,11793.49661450016,14195.590942190993,11272.530541360587,13140.17319546471,2235.9798310770652,12466.684227882464,1636.765605840752,12495.877916001278,1568.9356327319429,-3538.0489843500472,-690.929841903544,-0.25057625816365725,-0.06129323308270662,-0.8660254037844384,-0.5000000000000004,-1.0,-1.8369701987210297e-16,18,230,0,0,0,0,3,-0.7295575540864876,-0.6839194216246105,0.0,1.0,14119.64968380709,10638.55664324497,10695.512587032896,14668.415681890769,10585.66898115618,10274.30982178218,9967.29016288726,10392.19958479719,9908.170926449788,,12288.729191495187,1566.581417784773,12321.72747638819,1509.5788931420245,12342.285214148835,1512.3614158481182,12342.319116496326,1492.7207001051029,12211.403049122828,1475.888111082968,12063.393920400451,1469.160214895656,12036.636382025623,1468.8902028988964,11502.345059965375,1499.8234043652358,10655.611480445643,1935.6315798566134,-0.005353728489483678,-56.955943787927026,-0.27861325115562396,-4086.814982433725,,,-4086.814982433725,189.4011146598532,,2025-08-18
2025,8,3,1,34,0,11160.878810284255,10581.600699457043,14119.64968380709,14719.26920312999,12373.67878792718,10638.55664324497,11856.780996486748,11954.043064516132,1897.7038242461663,12458.095633184288,1644.779046430256,12437.886067151072,1607.1027093259615,579.278110827212,-695.9021862024929,0.054743901918065774,-0.05869233701868104,-0.8660254037844384,-0.5000000000000004,-1.0,-1.8369701987210297e-16,19,231,0,0,0,0,3,-0.7412220108485957,-0.6712599575675315,0.7818314824680298,0.6234898018587336,10581.600699457043,11220.99897317151,11281.119136058767,14097.952181411689,11186.644594378791,10853.979693069306,10542.499992015331,10413.671071542638,10479.699929278642,,12280.140596797008,1573.5599949824596,12313.138881690014,1516.2819116374606,12244.382768444588,1489.6850215229556,12341.398909921523,1493.4672717257179,12216.883390501665,1471.3187374898464,12070.755572998889,1462.9838178873965,12044.938690233865,1461.7080645978647,11506.129387082072,1498.08703355531,10657.05098850786,1933.0525546426322,-0.005357826253348463,-60.12016288725499,-0.20833333333333326,-2937.0733711274333,,,-2937.0733711274333,747.2077387416175,,2025-08-19
2025,8,3,2,34,0,11152.290215586074,11160.878810284255,10581.600699457043,14119.64968380709,14719.26920312999,11220.99897317151,12440.127389013096,10964.923241775794,331.99483366016506,12351.22790003194,1715.890568570054,12330.566302698819,1649.383124065802,-8.588594698181623,-1287.8371734270222,-0.0007695267410544604,-0.10352282843698346,-0.8660254037844384,-0.5000000000000004,-1.0,-1.8369701987210297e-16,20,232,0,0,0,0,3,-0.7526668275320083,-0.6584015846980489,0.9749279121818236,-0.22252093395631434,11160.878810284255,11212.410378473332,11272.530541360587,10585.66898115618,11199.52748642606,10862.854574257426,10563.97147876078,10984.360587671672,11056.233564356437,,12271.552002098828,1580.507759256451,12304.550286991833,1522.9554282703104,12263.270142925583,1471.4093076152915,12339.711864534382,1494.8309792235887,12222.051884096818,1466.9777475382261,12077.759367484905,1457.079753664865,12046.804574988466,1460.4456512940626,11506.663035144458,1497.942978206677,10658.457918130242,1930.4774277585586,-0.005361930294906392,-60.12016288725863,0.0535272012981467,566.6212344298947,,,566.6212344298947,167.92962791440186,,2025-08-20
2025,8,3,3,34,0,11730.212232513575,11152.290215586074,11160.878810284255,10581.600699457043,14119.64968380709,11212.410378473332,14798.374680613224,11347.793752794636,331.211958136573,12243.98347412967,1734.2174276688413,12074.886098690515,1458.8597667140423,577.9220169275013,-3068.162448099649,0.05182092698052432,-0.20733104238258881,-0.8660254037844384,-0.5000000000000004,-1.0,-1.8369701987210297e-16,21,233,0,0,0,0,3,-0.7638886127905429,-0.64534811322955,0.43388373911755823,-0.900968867902419,11152.290215586074,11793.49661450016,11856.780996486748,11186.644594378791,11802.537240498245,11443.925742574258,11142.571542638136,11557.310260300224,13224.740717821784,,12262.511376100747,1583.8754330498198,12295.50966099375,1526.190195751862,12281.389064196741,1461.004548960308,12337.12882853493,1495.8557210417844,12227.164142845735,1464.7138505996431,12084.755089983422,1453.942950940421,12048.725708013062,1459.9081369963496,11498.360099114969,1492.4987690816408,10661.494049332461,1928.5771302830071,-0.005366040628593249,-63.284381986584776,0.04859076674411589,543.5676381347839,,,543.5676381347839,172.90197221335075,,2025-08-21
2025,8,3,4,34,0,12307.230186841263,11730.212232513575,11152.290215586074,11160.878810284255,10581.600699457043,11793.49661450016,14195.590942190993,11729.910878313638,577.470044601038,11841.976971414884,1260.5439912417162,11917.52270241137,1302.809059075343,577.0179543276881,-1888.3607553497295,0.049190751445086445,-0.13302445548337793,-0.8660254037844384,-0.5000000000000004,-1.0,-1.8369701987210297e-16,22,234,0,0,0,0,4,-0.7748840413670406,-0.6321034111873488,-0.433883739117558,-0.9009688679024191,11730.212232513575,12373.67878792718,12440.127389013096,11199.52748642606,12406.90308847014,12025.93110891089,11723.431763015013,13786.954647077611,12755.80667609618,,12253.018718802758,1583.297146742431,12286.017003695762,1525.6347030458396,12318.312487543915,1446.646986283985,12333.569082048183,1495.8021234979578,12232.187340665923,1464.4935168182842,12091.70507121945,1453.5902453527788,12032.284325121545,1448.3992845967502,11495.868007507997,1490.7609171819265,10666.143021472317,1927.8288713941774,-0.005370157268891562,-66.44860108591638,0.09890619954794988,1107.7027004152042,,,1107.7027004152042,-1479.724460236348,,2025-08-22
2025,8,3,5,34,1,14640.16372564676,12307.230186841263,11730.212232513575,11152.290215586074,11160.878810284255,12373.67878792718,10638.55664324497,12892.5353816672,1540.7436683026444,11928.729311721496,1452.0162591905498,12250.989959278188,1449.5466662052354,2332.933538805497,4001.6070824017897,0.18955796742144626,0.37614191629488003,-0.8660254037844384,-0.5000000000000004,-1.0,-1.8369701987210297e-16,23,235,0,0,0,0,4,-0.7856498550787144,-0.6186714032625032,-0.9749279121818236,-0.2225209339563146,12307.230186841263,14719.26920312999,14798.374680613224,11802.537240498245,14787.073898115616,14328.26212871287,13984.718340785694,13262.598339188758,9611.89669731259,,12241.717936305151,1562.9115462152079,12274.716221198158,1506.0537838211667,12412.900037048867,1503.4145333733243,12328.322290174296,1487.109674430129,12237.757012039741,1473.1774743933397,12099.507992467794,1465.5841789374056,12047.5906071933,1468.6838118514454,11523.802824332077,1502.3272003559775,10677.337445991117,1936.6239635970044,-0.005374280230326156,-79.10547748323006,0.24042512447338193,2837.6264851485157,,,2837.6264851485157,1377.5653864580017,,2025-08-23
2025,8,3,6,34,1,14043.708425423189,14640.16372564676,12307.230186841263,11730.212232513575,11152.290215586074,14719.26920312999,11220.99897317151,13663.70077930374,1212.0020967196433,12505.747266049186,1496.8259030683826,12486.215746965827,1495.5091843628759,-596.4553002235716,2822.709452251678,-0.040741026630644606,0.25155598525590683,-0.8660254037844384,-0.5000000000000004,-1.0,-1.8369701987210297e-16,24,236,0,0,0,0,4,-0.7961828637826154,-0.6050560696488494,-0.7818314824680299,0.6234898018587334,14640.16372564676,14119.64968380709,14195.590942190993,12406.90308847014,14211.864068987545,13766.34201980198,13452.451485148516,9967.29016288726,10193.43496463932,,12230.86918510745,1547.8949799935394,12263.867470000458,1491.630496267311,12467.4602149473,1532.6065037123046,12322.316731475568,1479.5417215155544,12242.709983568691,1478.8654588872128,12106.546765566303,1473.5583819099488,12092.884143443698,1466.663497000639,11545.193232447542,1510.6666601649868,10686.793544247948,1942.1071771488812,-0.005378409527468264,-75.9412583839021,0.13192698655590762,1636.805336953048,,,1636.805336953048,4076.418262535928,,2025-08-24
2025,8,3,0,35,0,10524.644755669116,14043.708425423189,14640.16372564676,12307.230186841263,11730.212232513575,14119.64968380709,11212.410378473332,13069.50563557969,2224.0003158420654,12399.708256946664,1627.9477439461245,12428.901945065474,1560.5298371819993,-3519.063669754072,-687.765622804216,-0.25057937427578214,-0.061339676268419074,-0.8660254037844384,-0.5000000000000004,-1.0,-1.8369701987210297e-16,25,237,0,0,0,0,4,-0.8064799463209447,-0.5912614448635782,0.0,1.0,14043.708425423189,10581.600699457043,10638.55664324497,14787.073898115616,10671.102896838072,10333.164297029702,10097.746396039607,10542.499992015331,10240.978971004242,,12222.732621709176,1558.1252118459672,12255.730906602183,1501.4565620734122,12325.379243532418,1507.5203705141555,12317.086083576676,1485.8409688589738,12246.129277472966,1474.585280201649,12111.628888895226,1467.269543492553,12092.68575192874,1466.8767616475347,11546.769153473459,1509.4459748452912,10686.339345960612,1939.396567694997,-0.005382545174932751,-56.955943787927026,-0.2882537256400457,-4262.429142446499,,,-4262.429142446499,-17.85523634621495,,2025-08-25
2025,8,3,1,35,0,11100.758647396997,10524.644755669116,14043.708425423189,14640.16372564676,12307.230186841263,10581.600699457043,11793.49661450016,11889.703942829767,1887.5323274939938,12391.119662248484,1635.9611865554994,12371.17378114021,1598.5226501707116,576.1138917278804,-692.7379671031631,0.05473950951337869,-0.058738980452280654,-0.8660254037844384,-0.5000000000000004,-1.0,-1.8369701987210297e-16,26,238,0,0,0,0,4,-0.8165380514459157,-0.5772916165517278,0.7818314824680298,0.6234898018587336,10524.644755669116,11160.878810284255,11220.99897317151,14211.864068987545,11276.824838709676,10916.103861386136,10667.607188118816,10563.97147876078,10830.024186704384,,12214.144027010994,1565.1038724434154,12247.142311904001,1508.159641401016,12221.6757294794,1480.029710803098,12310.798005315508,1490.7707830417542,12249.426684366017,1471.7608103786006,12116.785453886634,1462.8881287051374,12098.650053802477,1461.6732450631662,11548.27323381064,1508.8625610607671,10687.496941774682,1936.8022710666394,-0.0053866871873800015,-60.12016288725863,-0.21890903307888054,-3111.105421590548,,,-3111.105421590548,536.7871686362159,,2025-08-26
2025,8,3,2,35,0,11092.17005269882,11100.758647396997,10524.644755669116,14043.708425423189,14640.16372564676,11160.878810284255,12373.67878792718,10905.857818588313,330.1681245894735,12284.779298946023,1706.7200613953657,12264.381386537849,1640.5933009395733,-8.588594698176166,-1281.508735228359,-0.0007736943907153959,-0.10356731875719194,-0.8660254037844384,-0.5000000000000004,-1.0,-1.8369701987210297e-16,27,239,0,0,0,0,4,-0.8263541987239095,-0.5631507242749187,0.9749279121818236,-0.22252093395631434,11100.758647396997,11152.290215586074,11212.410378473332,10671.102896838072,11289.707730756949,10928.986753433406,10676.482069306932,11142.571542638136,11424.074034653466,,12205.555432312818,1572.05155363452,12238.553717205823,1514.8330601450352,12235.711301341425,1466.7551266746716,12303.743088242003,1496.2393397692967,12252.3406718529,1469.258312268716,12121.734120355584,1458.6541287163632,12098.090037247595,1462.053272796776,11546.42932279978,1509.21794745351,10688.624164924888,1934.2132698680011,-0.005390835579514475,-60.12016288725317,0.039458635150591004,421.06715586074824,,,421.06715586074824,-50.40148993931507,,2025-08-27
2025,8,3,3,35,0,11666.927850526989,11092.17005269882,11100.758647396997,10524.644755669116,14043.708425423189,11152.290215586074,14719.26920312999,11286.618850207604,329.3852497952773,12178.062242893646,1724.9563489826803,12010.019607154265,1451.0525248268784,574.7577978281679,-3052.3413526030017,0.051816533202925896,-0.20737044145873318,-0.8660254037844384,-0.5000000000000004,-1.0,-1.8369701987210297e-16,28,240,0,0,0,0,4,-0.8359254794186365,-0.5488429582847199,0.43388373911755823,-0.900968867902419,11092.17005269882,11730.212232513575,11793.49661450016,11276.824838709676,11897.463813478123,11517.757521558608,11247.744158415844,11723.431763015013,13662.64603960396,,12196.514806314734,1575.4191456849535,12229.51309120774,1518.0677406426462,12248.71473506867,1459.6731581987033,12295.509660993748,1499.1891767488278,12255.004427727335,1468.0370181282942,12126.724402404527,1456.343264448263,12097.462215997728,1462.2280839568268,11535.34199952713,1500.8922244811085,10691.341675162672,1932.205580857634,-0.005394990366088703,-63.284381986586595,0.034593337876297925,390.103011817313,,,390.103011817313,-56.50391248802407,,2025-08-28
2025,8,3,4,35,0,12240.781585755352,11666.927850526989,11092.17005269882,11100.758647396997,10524.644755669116,11730.212232513575,14119.64968380709,11666.626496327057,574.3058258266277,11778.16521957841,1253.7827769222126,11853.447265649955,1295.784107327614,573.8537352283638,-1878.8680980517383,0.04918636187524239,-0.13306761429120229,-0.8660254037844384,-0.5000000000000004,-1.0,-1.8369701987210297e-16,29,241,0,0,0,0,5,-0.8452490573530634,-0.5343725582809785,-0.433883739117558,-0.9009688679024191,11666.927850526989,12307.230186841263,12373.67878792718,11289.707730756949,12506.57599009901,12107.88438358352,11819.940445544558,13984.718340785694,13083.5939444267,6870.668316831683,12187.022149016746,1574.8409330269476,12220.02043390975,1517.512319823289,12280.41719690195,1448.4110586784393,12286.01700369576,1498.6446239374345,12257.377592051833,1467.9022778823567,12131.734415978464,1455.9990055648318,12078.085140941837,1448.4276195758937,11530.659708645622,1497.345662063216,10706.258656465237,1923.3358912469796,-0.005399151561897075,-66.44860108591092,0.08424255770655242,951.0738549984035,,,951.0738549984035,-1743.9367550303414,,2025-08-29
2025,8,3,5,35,1,14561.058248163528,12240.781585755352,11666.927850526989,11092.17005269882,11100.758647396997,12307.230186841263,10581.600699457043,12822.922561481959,1532.3719445180095,11864.390190035134,1444.0952445285957,12185.06872804216,1441.700731575942,2320.276662408176,3979.457548706485,0.18955298288373124,0.37607330513904924,-0.8660254037844384,-0.5000000000000004,-1.0,-1.8369701987210297e-16,30,242,0,0,0,0,5,-0.8543221697498269,-0.5197438121555157,-0.9749279121818236,-0.2225209339563146,12240.781585755352,14640.16372564676,14719.26920312999,11897.463813478123,14877.480158096456,14431.099249441071,14083.035148514851,13452.451485148516,9788.2857681252,6229.40594059406,12175.721366519141,1554.4556194634501,12208.719651412146,1497.9317294786936,12369.20367805813,1504.6722908866336,12274.716221198158,1479.4495936910298,12259.69828845759,1471.4996523882492,12137.425167164758,1464.6261378766967,12090.402993864225,1464.8676191384004,11557.175111312503,1508.5358213514303,10729.402135097374,1919.4393095881542,-0.005403319181783051,-79.10547748323188,0.22387917933130708,2663.594434685405,,,2663.594434685405,1108.606763015012,,2025-08-30
2025,8,3,6,35,1,13967.767167039285,14561.058248163528,12240.781585755352,11666.927850526989,11092.17005269882,14640.16372564676,11160.878810284255,13589.86900031939,1205.4153706655206,12438.243925263494,1488.6560111875308,12418.976091105078,1487.4018799271155,-593.2910811242436,2806.8883567550292,-0.04074505238649606,0.2514934893987564,-0.8660254037844384,-0.5000000000000004,-1.0,-1.8369701987210297e-16,31,243,0,1,0,0,5,-0.8631421280499115,-0.5049610547215202,-0.7818314824680299,0.6234898018587334,14561.058248163528,14043.708425423189,14119.64968380709,12506.57599009901,14271.532200574897,13870.12840625998,13530.92411881188,10097.746396039607,10306.313637815392,7145.495049504951,12164.872615321441,1539.4383320116046,12197.870900214446,1483.5077946495276,12417.910050622806,1532.6615023212896,12263.867470000458,1465.3108845440324,12261.44183775722,1473.4989982135098,12142.625679643656,1470.3978962021465,12133.40322465311,1462.5163390539326,11577.51651980819,1516.240938683643,10748.352890979415,1917.6341174034767,-0.0054074932406334986,-75.94125838390391,0.11683383030631611,1461.191176940274,,,1461.191176940274,3870.0207709996776,,2025-08-31
2025,9,3,0,36,0,10467.68881188119,13967.767167039285,14561.058248163528,12240.781585755352,11666.927850526989,14043.708425423189,11152.290215586074,12998.83807569467,2212.020800877114,12332.73228601086,1619.1298866048207,12361.925974129672,1552.1240644290306,-3500.0783551580953,-684.6014037048844,-0.2505825242718446,-0.06138662018928709,-1.0,-1.8369701987210297e-16,-1.0,-1.8369701987210297e-16,1,244,1,0,0,0,1,-0.8717063187093218,-0.4900286664290594,0.0,1.0,13967.767167039285,10524.644755669116,10581.600699457043,14877.480158096456,10695.512587032896,10414.801149792398,10156.60087128713,10667.607188118816,10280.547853720856,6595.841584158416,12156.736051923164,1549.6690116404839,12189.734336816171,1493.3342596571385,12270.917005748963,1499.7489013907157,12255.73090660218,1474.9430461844406,12262.38626029452,1472.3103644802868,12146.32910750787,1465.7198348792747,12131.18190936158,1464.9175002288307,11578.55619179797,1515.4105843623902,10759.108022167533,1905.096432905049,-0.005411673753382251,-56.955943787927026,-0.296407140144322,-4409.7913462152665,,,-4409.7913462152665,-199.91837623762694,,2025-09-01
2025,9,3,1,36,0,11071.414282178215,10467.68881188119,13967.767167039285,14561.058248163528,12240.781585755352,10524.644755669116,11730.212232513575,11835.623420366232,1871.0020919895082,12329.272990924093,1622.3294733328323,12307.02614493506,1587.7419788648474,603.7254702970258,-658.7979503353599,0.057675145024542296,-0.056162491971740836,-1.0,-1.8369701987210297e-16,-1.0,-1.8369701987210297e-16,2,245,0,0,0,0,1,-0.8800122039735356,-0.4749510720670502,0.7818314824680298,0.6234898018587336,10467.68881188119,11100.758647396997,11160.878810284255,14271.532200574897,11281.119136058767,11006.284105717024,10729.731356435645,10676.482069306932,10794.507441711912,6870.668316831683,12152.543999749056,1553.0376860492493,12183.344013380023,1498.258940512006,12164.246408469073,1465.9720017298723,12248.24144753502,1480.5968003909961,12263.5492991599,1471.3254716601728,12150.396761385759,1462.2110568128217,12135.570045060153,1461.097536228722,11580.094563133893,1514.7506170556203,10770.776760960161,1894.0461124772332,-0.0026434558349452963,-29.344365218781604,-0.2242308585666627,-3200.1179183966815,,,-3200.1179183966815,394.9322128712829,,2025-09-02
2025,9,3,2,36,0,11093.601485148514,11071.414282178215,10467.68881188119,13967.767167039285,14561.058248163528,11100.758647396997,12307.230186841263,10877.568193069308,355.13926611443856,12233.718596694349,1684.8242479178807,12205.890419793997,1625.9215191418393,22.18720297029904,-1213.628701692749,0.002004008016032177,-0.09861103459252318,-1.0,-1.8369701987210297e-16,-1.0,-1.8369701987210297e-16,3,246,0,0,0,0,1,-0.888057322629493,-0.4597327394521046,0.9749279121818236,-0.22252093395631434,11071.414282178215,11092.17005269882,11152.290215586074,10695.512587032896,11272.530541360587,11019.16699776429,10738.606237623762,11247.744158415844,11305.754841903548,7328.712871287129,12152.74849009901,1552.8748809153267,12179.151961205915,1501.4444046774813,12177.51603840626,1453.971521884257,12241.851124098874,1485.3425114371873,12264.878486434618,1470.2140662544941,12154.622895284863,1458.590014869923,12133.857348690515,1462.2398341474222,11578.915933374143,1515.0477830228915,10781.234784887554,1885.3617840969282,0.00012904890953646664,1.4314324496936024,0.03722017947959366,398.0888981156186,0.6146320814194361,4222.933168316831,398.0888981156186,-154.14267326732988,4222.933168316831,2025-09-03
2025,9,3,3,36,0,11700.830198019805,11093.601485148514,11071.414282178215,10467.68881188119,13967.767167039285,11092.17005269882,14640.16372564676,11288.61532178218,357.1608827092271,12143.726698738423,1698.7343901447007,11960.945959158416,1436.196190857585,607.2287128712906,-2939.3335276269554,0.05473684210526342,-0.2007719027402547,-1.0,-1.8369701987210297e-16,-1.0,-1.8369701987210297e-16,4,247,0,0,0,0,1,-0.8958392907349089,-0.44437817810461344,0.43388373911755823,-0.900968867902419,11093.601485148514,11666.927850526989,11730.212232513575,11281.119136058767,11856.780996486748,11612.684094538488,11313.13801980198,11819.940445544558,13425.329607154265,7511.930693069307,12157.591682597982,1551.159062763137,12177.053244456358,1502.1405769756168,12191.506407138293,1447.051609765601,12236.281452725056,1487.1312204450783,12266.452523996782,1469.5501552593735,12159.238278358884,1456.507138448633,12132.533901495794,1462.5810095820723,11569.335381101175,1508.7459913038247,10792.87061684575,1878.0405516425299,0.0029058504455639067,33.90234749281626,0.03720473624105969,419.71106196103756,0.8783219956450565,5471.424257425745,419.71106196103756,-119.1102475247535,5471.424257425745,2025-09-04
2025,9,3,4,36,0,12310.394405940591,11700.830198019805,11093.601485148514,11071.414282178215,10467.68881188119,11666.927850526989,14043.708425423189,11701.608696369638,608.3968339556072,11768.616058367932,1246.4775161200873,11816.503124201534,1287.107554317919,609.5642079207864,-1733.3140194825974,0.05209580838323302,-0.12342281447148218,-1.0,-1.8369701987210297e-16,-1.0,-1.8369701987210297e-16,5,248,0,0,0,0,1,-0.9033558023246842,-0.4288919379124841,-0.433883739117558,-0.9009688679024191,11700.830198019805,12240.781585755352,12307.230186841263,11272.530541360587,12440.127389013096,12207.557285212391,11888.604,14083.035148514851,12855.770169274992,7786.757425742575,12167.536371195876,1552.0042129672042,12177.27926010631,1502.161908276779,12226.101869290962,1436.6928596098264,12231.648131901036,1486.6746222229563,12268.288901152644,1469.5394741046948,12164.259592715322,1456.2899304262887,12112.837893244969,1447.8810978839106,11566.305515749316,1506.694356208064,10805.436275124079,1872.9978027012576,0.0056869587695485,69.61282018523889,0.09207017543859619,1037.8638645800038,0.7228189678465275,5164.899356435641,1037.8638645800038,-1772.64074257426,5164.899356435641,2025-09-05
2025,9,3,5,36,1,14684.425123762376,12310.394405940591,11700.830198019805,11093.601485148514,11071.414282178215,12240.781585755352,10524.644755669116,12898.549909240925,1576.3580945572166,11888.059051155115,1506.5595326355176,12163.151488209305,1456.5588934880798,2374.0307178217845,4159.780368093259,0.19284765699108353,0.39524187891022033,-1.0,-1.8369701987210297e-16,-1.0,-1.8369701987210297e-16,6,249,0,0,0,0,1,-0.9106046300942162,-0.41327860778290443,-0.9749279121818236,-0.2225209339563146,12310.394405940591,14561.058248163528,14640.16372564676,11856.780996486748,14798.374680613224,14549.75746566592,14164.777475247529,13530.92411881188,9617.417936761418,7603.539603960397,12185.160210567139,1584.0828198930246,12180.440788543141,1507.7802262875612,12320.356673533483,1502.8586677930946,12227.578504870648,1479.5270107245049,12270.69368076151,1473.4457834160592,12170.445874245259,1465.962070796504,12125.654571077754,1465.5724012779751,11594.4555556771,1517.3756411395705,10825.105401567973,1876.456161322465,0.008472383908937786,123.3668755988474,0.23848328885500036,2827.6441272756274,1.2263156166501545,8088.58353960396,2827.6441272756274,1153.5010049504963,8088.58353960396,2025-09-06
2025,9,3,6,36,1,14125.07405940594,14684.425123762376,12310.394405940591,11700.830198019805,11093.601485148514,14561.058248163528,11100.758647396997,13706.631196369637,1241.0988214118415,12497.623259075908,1556.0193775098403,12415.177772543386,1516.438907542933,-559.351064356435,3024.315412008944,-0.03809145129224645,0.27244222742543034,-1.0,-1.8369701987210297e-16,-1.0,-1.8369701987210297e-16,7,250,0,0,0,0,1,-0.9175836260593934,-0.3975428142825566,-0.7818314824680299,0.6234898018587334,14684.425123762376,13967.767167039285,14043.708425423189,12440.127389013096,14195.590942190993,13984.040293835831,13609.39675247525,10156.60087128713,10125.953149153624,8061.584158415841,12207.632623762376,1614.4118328280526,12186.252619541909,1515.6510438746263,12376.521562546579,1538.5502139140317,12225.060044771182,1476.1090440698465,12273.212140860976,1476.5448058399902,12176.584889803959,1473.1228356565214,12169.748717612405,1465.3635458762021,11616.67289406739,1525.0120295759061,10841.948429070724,1878.7931803085564,0.011262135922330163,157.30689236665603,0.135444486837085,1684.9466703928447,1.0558515428262631,7254.405742574258,1684.9466703928447,3968.473188118811,7254.405742574258,2025-09-07
2025,9,3,0,37,0,10614.825,14125.07405940594,14684.425123762376,12310.394405940591,11700.830198019805,13967.767167039285,11092.17005269882,13141.44139438944,2205.9150497236474,12421.525045379538,1648.1561288761197,12375.399018151815,1559.9355770682284,-3510.24905940594,-477.3450526988199,-0.24851190476190477,-0.04303441530655927,-1.0,-1.8369701987210297e-16,-1.0,-1.8369701987210297e-16,8,251,0,0,0,0,2,-0.9242907221930934,-0.3816892202666586,0.0,1.0,14125.07405940594,10467.68881188119,10524.644755669116,14798.374680613224,10638.55664324497,10500.23506547429,10215.455346534654,10729.731356435645,10100.187365059086,9618.935643564357,12228.65207920792,1588.7359929155796,12192.694065565543,1508.2194878877278,12237.069906526138,1500.5948864425268,12224.212486083863,1477.0602348857994,12275.258389691791,1474.1204879861245,12181.33929044045,1467.350328509957,12168.471980318678,1466.681761560361,11619.531992039285,1522.633601327534,10844.714788394156,1877.7202582143382,0.014056224899598346,147.13618811881133,-0.2827033218785796,-4183.549680613223,0.44838871251013246,3286.1121287128717,-4183.549680613223,-114.90635643564383,3286.1121287128717,2025-09-08
2025,9,3,1,37,0,11226.724702970298,10614.825,14125.07405940594,14684.425123762376,12310.394405940591,10467.68881188119,11666.927850526989,11988.874587458748,1875.1310486428415,12443.712248349837,1627.4708212628768,12338.71542252209,1583.1143674122277,611.8997029702969,-440.20314755669096,0.05764576457645765,-0.03773085367428641,-1.0,-1.8369701987210297e-16,-1.0,-1.8369701987210297e-16,9,252,0,0,0,0,2,-0.9307239310379793,-0.3657225234972692,0.7818314824680298,0.6234898018587336,10614.825,11071.414282178215,11100.758647396997,14195.590942190993,11220.99897317151,11096.464350047909,10791.855524752476,10738.606237623762,10604.654295752156,10901.460396039603,12250.839282178218,1570.8652379958976,12201.691640963636,1501.5653055885814,12138.107698552114,1464.4400201783615,12224.416976433818,1476.9165911665111,12277.58446742255,1472.3282812613402,12186.516304466853,1463.1501023956869,12173.895518822528,1462.230688718623,11622.987938746051,1521.0223572276461,10845.618300357854,1877.8258903851006,0.014028056112224796,155.31042079208237,-0.209140024625313,-2968.866239220695,0.49451920706994157,3714.79400990099,-2968.866239220695,488.11846534653523,3714.79400990099,2025-09-09
2025,9,3,2,37,0,11248.911905940597,11226.724702970298,10614.825,14125.07405940594,14684.425123762376,11071.414282178215,12240.781585755352,11030.153869636968,359.85638865994497,12368.3925330033,1678.3886397798155,12256.05961587086,1614.2788703338251,22.18720297029904,-991.8696798147557,0.001976284584980448,-0.0810299303901475,-1.0,-1.8369701987210297e-16,-1.0,-1.8369701987210297e-16,10,253,0,0,0,0,2,-0.9368813462954315,-0.34964745525122826,0.9749279121818236,-0.22252093395631434,11226.724702970298,11093.601485148514,11092.17005269882,10638.55664324497,11212.410378473332,11109.347242095177,10800.730405940594,11313.13801980198,11106.4090386458,7269.4306930693065,12273.026485148515,1552.7888255337114,12212.887487623764,1493.217357077458,12158.4528739753,1447.0248980716076,12225.720602414793,1476.00607082463,12280.076693562647,1470.4317388657735,12191.851798514472,1458.8466752616282,12173.18189533518,1462.671096779176,11623.779621342133,1520.7890470799928,10856.67241483805,1868.4047498838586,0.014000000000000234,155.31042079208237,0.05737199915020197,610.3552626956262,0.44462082108174283,3462.1544801980217,610.3552626956262,-64.22611386138306,3462.1544801980217,2025-09-10
2025,9,3,3,37,0,11864.31485148515,11248.911905940597,11226.724702970298,10614.825,14125.07405940594,11093.601485148514,14561.058248163528,11446.65048679868,361.8780307515864,12294.045940594058,1691.3017567633772,12031.330999480997,1442.8276793891819,615.4029455445525,-2696.743396678379,0.054707775355548494,-0.18520243176820606,-1.0,-1.8369701987210297e-16,-1.0,-1.8369701987210297e-16,11,254,0,0,0,0,2,-0.9427611433904206,-0.33346877891818705,0.43388373911755823,-0.900968867902419,11248.911905940597,11700.830198019805,11666.927850526989,11220.99897317151,11793.49661450016,11707.610667518366,11378.53188118812,11888.604,13188.013174704569,6590.950495049506,12296.381435643563,1543.9525712012492,12226.986559120774,1488.590530181351,12179.896736585755,1437.3881101446107,12228.249825164257,1475.2985045843925,12282.87498256205,1469.4712993656708,12197.634929113245,1456.5447330860861,12172.912015907235,1462.7264343735774,11616.425741768693,1516.3768483520169,10871.320649161484,1855.4953759539096,0.013972055888223256,163.4846534653443,0.05733142653802514,643.3158783136387,0.5603673380362846,4260.775247524753,643.3158783136387,-24.28914851485024,4260.775247524753,2025-09-11
2025,9,3,4,37,0,12482.053292079208,11864.31485148515,11248.911905940597,11226.724702970298,10614.825,11700.830198019805,13967.767167039285,11865.093349834986,616.5710616763815,11926.983968646864,1250.2428035820765,11907.52150990099,1320.0788170003584,617.7384405940593,-1485.7138749600763,0.05206692913385824,-0.10636731391585763,-1.0,-1.8369701987210297e-16,-1.0,-1.8369701987210297e-16,12,255,0,0,0,0,2,-0.9483615800121716,-0.31719128858910595,-0.433883739117558,-0.9009688679024191,11864.31485148515,12310.394405940591,12240.781585755352,11212.410378473332,12373.67878792718,12307.230186841263,11957.267554455446,14164.777475247529,12627.946394123284,7560.207920792079,12320.904133663365,1545.5746174493493,12244.22025242962,1490.1583214287639,12222.218167039286,1426.570379991369,12232.120343169687,1475.8362406285387,12285.996823727017,1469.7096654182412,12203.882378370672,1456.626781527462,12154.2150805387,1447.6567112653797,11615.615224535113,1515.8720674448678,10884.992441859502,1849.1521440967185,0.01394422310756993,171.65888613861716,0.11323550162268936,1269.642913605876,0.5483375285549363,4420.469133663368,1269.642913605876,-1682.7241831683205,4420.469133663368,2025-09-12
2025,9,3,5,37,1,14888.78094059406,12482.053292079208,11864.31485148515,11248.911905940597,11226.724702970298,12310.394405940591,10467.68881188119,13078.383028052807,1597.9848705626694,12054.268448844887,1527.021189249875,12275.945853960395,1487.9711795011303,2406.7276485148523,4421.092128712871,0.19281504350266632,0.42235609103078975,-1.0,-1.8369701987210297e-16,-1.0,-1.8369701987210297e-16,13,256,0,0,0,0,2,-0.9536809966304455,-0.300819807635668,-0.9749279121818236,-0.2225209339563146,12482.053292079208,14684.425123762376,14561.058248163528,11793.49661450016,14719.26920312999,14668.415681890769,14246.519801980196,13609.39675247525,9446.550105397637,6978.653465346534,12350.09782178218,1598.6765001908268,12267.62901617466,1531.357493553992,12325.394311242415,1504.3085681343573,12238.174333793404,1486.7240933472165,12289.931917632432,1476.48388175547,12211.528344306551,1469.1101032878598,12168.430460406687,1468.2416897190667,11645.849840286206,1526.603234382144,10906.965018179635,1849.601766471439,0.013916500994035852,204.35581683168493,0.26245688003066325,3095.2843260939007,0.5478615818118655,5269.845297029704,3095.2843260939007,1279.384188118811,5269.845297029704,2025-09-13
2025,9,3,6,37,1,14321.255643564356,14888.78094059406,12482.053292079208,11864.31485148515,11248.911905940597,14684.425123762376,11071.414282178215,13897.36329207921,1258.112887529235,12672.006889438946,1577.123798233016,12546.765967409241,1543.5176461321364,-567.5252970297042,3249.841361386141,-0.03811764705882359,0.2935344372956443,-1.0,-1.8369701987210297e-16,-1.0,-1.8369701987210297e-16,14,257,0,0,0,0,2,-0.9587178169872964,-0.2843591872810036,-0.7818314824680299,0.6234898018587334,14888.78094059406,14125.07405940594,13967.767167039285,12373.67878792718,14119.64968380709,14097.952181411689,13687.869386138616,10215.455346534654,9945.592660491857,7269.4306930693065,12378.123762376239,1636.2570934093828,12292.878193069308,1564.1097824310878,12390.313539763654,1547.8581381238,12245.374546641877,1496.6287665028278,12293.919479456586,1481.7477658528194,12219.068656894951,1478.375058826129,12214.050463707015,1470.6626708595727,11670.159079081053,1534.197101545444,10926.553420819899,1848.3118653782244,0.01388888888888884,196.18158415841572,0.15739675233346118,1947.5768556371768,0.31370065324157226,3419.795247524753,1947.5768556371768,4105.800297029702,3419.795247524753,2025-09-14
2025,9,3,0,38,0,10761.961188118812,14321.255643564356,14888.78094059406,12482.053292079208,11864.31485148515,14125.07405940594,11093.601485148514,13323.999257425743,2236.861761961532,12594.546303630363,1670.9297114630372,12519.129275990099,1574.5588014152615,-3559.2944554455444,-331.6402970297022,-0.24853228962818008,-0.029894736842105196,-1.0,-1.8369701987210297e-16,-1.0,-1.8369701987210297e-16,15,258,0,0,0,0,3,-0.9634705485641486,-0.26781430516217486,0.0,1.0,14321.255643564356,10614.825,10467.68881188119,14719.26920312999,10581.600699457043,10585.66898115618,10274.30982178218,10791.855524752476,9919.826876397316,7754.059405940594,12399.143217821782,1610.5739076944674,12313.89764851485,1539.478370777674,12258.403272596615,1510.7153706061526,12251.81599266551,1489.5742238149785,12297.067554580919,1478.2355929152577,12224.874030303721,1471.5881424336085,12213.718304411084,1470.9908318221603,11674.837603035063,1530.1082487133535,10934.908703548172,1840.713660738984,0.013861386138613874,147.13618811881133,-0.268852207293666,-3957.308015011178,0.4804407170948466,3492.5304950495056,-3957.308015011178,-29.894336633664352,3492.5304950495056,2025-09-15
2025,9,3,1,38,0,11382.035123762376,10761.961188118812,14321.255643564356,14888.78094059406,12482.053292079208,10614.825,11700.830198019805,12155.083985148516,1901.4067586156223,12616.733506600662,1650.2441213623415,12492.56301980198,1592.2108742439104,620.0739356435643,-318.7950742574285,0.0576171875,-0.02724550898203615,-1.0,-1.8369701987210297e-16,-1.0,-1.8369701987210297e-16,16,259,0,0,0,0,3,-0.9679377830240642,-0.25119006388481957,0.7818314824680298,0.6234898018587336,10761.961188118812,11226.724702970298,11071.414282178215,14119.64968380709,11160.878810284255,11186.644594378791,10853.979693069306,10800.730405940594,10414.801149792398,7947.910891089109,12421.33042079208,1592.7014613585752,12336.08485148515,1522.336982429809,12167.149453928458,1476.7103718200503,12259.714432432587,1484.151771427466,12300.556671177053,1475.795558688451,12231.16040447864,1466.7813892659437,12220.177245720217,1465.9845636204127,11680.211125112672,1527.3543749636542,10944.447937527819,1834.077319588218,0.01383399209486158,155.31042079207873,-0.19388686131386867,-2737.6145600447144,0.7269186185378691,4791.084628712871,-2737.6145600447144,581.3047178217821,4791.084628712871,2025-09-16
2025,9,3,2,38,0,11404.222326732674,11382.035123762376,10761.961188118812,14321.255643564356,14888.78094059406,11226.724702970298,12310.394405940591,11182.73954620462,364.5735700362561,12540.051419141915,1702.075026194302,12417.048679867987,1622.8303340027023,22.18720297029722,-906.1720792079177,0.0019493177387914784,-0.07361032062227257,-1.0,-1.8369701987210297e-16,-1.0,-1.8369701987210297e-16,17,260,0,0,0,0,3,-0.9721181966290612,-0.23449138957041052,0.9749279121818236,-0.22252093395631434,11382.035123762376,11248.911905940597,11093.601485148514,10581.600699457043,11152.290215586074,11199.52748642606,10862.854574257426,11378.53188118812,10907.063235388056,8238.688118811882,12443.517623762376,1574.6261708358768,12358.272054455447,1505.0003727756057,12194.570174837647,1453.711874591675,12268.71200783068,1477.940089821418,12304.21193618253,1473.2702707361368,12237.605258674772,1461.8779436903992,12220.462695115159,1465.8213332336122,11682.973120064586,1526.3976601543836,10953.241088105377,1828.64916792013,0.01380670611439827,155.3104207920769,0.07774075498027821,822.6216272756301,0.5084535301428403,3844.0144059405948,822.6216272756301,25.69044554455286,3844.0144059405948,2025-09-17
2025,9,3,3,38,0,12027.799504950495,11404.222326732674,11382.035123762376,10761.961188118812,14321.255643564356,11248.911905940597,14684.425123762376,11604.685651815184,366.5952366441678,12464.342454620462,1715.2226753962993,12195.663211633662,1458.2599187778994,623.5771782178217,-2656.6256188118805,0.05467950030718827,-0.1809145129224652,-1.0,-1.8369701987210297e-16,-1.0,-1.8369701987210297e-16,18,261,0,0,0,0,3,-0.9760105506323682,-0.21772323039653224,0.43388373911755823,-0.900968867902419,11404.222326732674,11864.31485148515,11700.830198019805,11160.878810284255,11730.212232513575,11802.537240498245,11443.925742574258,11957.267554455446,12950.69674225487,8044.836633663367,12466.872574257426,1565.7912267282006,12381.627004950496,1496.5263765985455,12223.46753132652,1441.0162974784614,12279.340124703425,1474.9912815743883,12308.234476619178,1472.1827405726704,12244.5561367983,1459.4447862911027,12221.246383453989,1465.6978866676386,11677.845913190675,1523.6631238801563,10964.304873858953,1823.0439477006196,0.013779527559055094,163.48465346534613,0.07767494920448481,866.9206946662398,0.7235129333583035,5049.146039603961,866.9206946662398,70.53195049504939,5049.146039603961,2025-09-18
2025,9,3,4,38,0,12653.712178217822,12027.799504950495,11404.222326732674,11382.035123762376,10761.961188118812,11864.31485148515,14125.07405940594,12028.578003300332,624.7452895267586,12091.830994224423,1267.6998321491735,12073.049721534653,1338.1981005235007,625.9126732673267,-1471.3618811881188,0.052038834951456225,-0.10416666666666663,-1.0,-1.8369701987210297e-16,-1.0,-1.8369701987210297e-16,19,262,0,0,0,0,3,-0.9796136916454901,-0.20089055513063528,-0.433883739117558,-0.9009688679024191,12027.799504950495,12482.053292079208,12310.394405940591,11152.290215586074,12307.230186841263,12406.90308847014,12025.93110891089,14246.519801980196,12400.122618971574,8529.465346534653,12491.395272277228,1567.411987884345,12406.149702970299,1498.0814070109047,12273.514930080913,1428.549523227799,12291.714481538304,1476.6863513428464,12312.641781793243,1472.8527839447697,12252.029720956716,1459.919060225626,12203.548520967743,1450.5061542264973,11679.254744075375,1524.4517312088471,10975.761115058072,1820.6575693876541,0.013752455795677854,171.65888613861352,0.13462902539367305,1501.421962631748,0.7406744368966751,5384.2814851485155,1501.421962631748,-1592.8076237623736,5384.2814851485155,2025-09-19
2025,9,3,5,38,1,15093.136757425742,12653.712178217822,12027.799504950495,11404.222326732674,11382.035123762376,12482.053292079208,10614.825,13258.216146864688,1619.611652197985,12220.477846534654,1547.4828763925118,12446.2423679868,1508.2123394078424,2439.42457920792,4478.311757425741,0.19278331487633804,0.4218921892189218,-1.0,-1.8369701987210297e-16,-1.0,-1.8369701987210297e-16,20,263,0,0,0,0,3,-0.9829265519799822,-0.18399835165767986,-0.9749279121818236,-0.2225209339563146,12653.712178217822,14888.78094059406,14684.425123762376,11730.212232513575,14640.16372564676,14787.073898115616,14328.26212871287,13687.869386138616,9275.682274033856,10177.202970297029,12520.58896039604,1620.51004581332,12435.343391089109,1549.0108869924593,12385.612414244652,1513.843846072971,12307.892089816125,1505.5661487362909,12318.10718999521,1482.7364629895421,12261.135371298536,1475.3287053822698,12219.162602870932,1474.0364630154495,11711.573935649774,1534.8412030340357,10989.416486688986,1833.044713411801,0.013725490196078383,204.3558168316813,0.28668914579319194,3362.924524912167,0.9464819609019868,7339.077351485148,3362.924524912167,1405.2673712871256,7339.077351485148,2025-09-20
2025,9,3,6,38,1,14517.43722772277,15093.136757425742,12653.712178217822,12027.799504950495,11404.222326732674,14888.78094059406,11226.724702970298,14088.095387788779,1275.127005850539,12846.390519801978,1598.2282548029202,12720.468411716172,1564.433525220105,-575.6995297029716,3290.7125247524727,-0.038143133462282486,0.2931142084460159,-1.0,-1.8369701987210297e-16,-1.0,-1.8369701987210297e-16,21,264,0,0,0,0,3,-0.9859481499638303,-0.1670516255021195,-0.7818314824680299,0.6234898018587334,15093.136757425742,14321.255643564356,14125.07405940594,12307.230186841263,14043.708425423189,14211.864068987545,13766.34201980198,10274.30982178218,9765.232171830086,11534.163366336634,12548.614900990098,1658.1023881192943,12463.369331683169,1585.064427968054,12459.285982274036,1562.884953313297,12324.810975612538,1528.2853011225902,12323.563853544052,1490.3750480730664,12270.07698091664,1486.792871279387,12266.308462936939,1478.9811973674935,11737.975074849177,1542.0297418714222,10997.703358526169,1842.2346684594045,0.013698630136986134,196.1815841584139,0.1795860650469212,2210.207040881507,0.8265727216442702,6569.526336633661,2210.207040881507,4243.12740594059,6569.526336633661,2025-09-21
2025,9,3,0,39,0,10909.097376237623,14517.43722772277,15093.136757425742,12653.712178217822,12027.799504950495,14321.255643564356,11248.911905940597,13506.557120462045,2267.808486022323,12767.567561881187,1693.7034816207236,12692.150534240924,1596.2438425999965,-3608.339851485147,-339.81452970297323,-0.24855212355212353,-0.03020865773902237,-1.0,-1.8369701987210297e-16,-1.0,-1.8369701987210297e-16,22,265,0,0,0,0,4,-0.9886775902323404,-0.15005539834465262,0.0,1.0,14517.43722772277,10761.961188118812,10614.825,14640.16372564676,10524.644755669116,10671.102896838072,10333.164297029702,10853.979693069306,9739.466387735549,7429.9009900990095,12569.634356435645,1632.4120537119595,12484.388787128713,1560.4249877396906,12334.917103960399,1531.491276697964,12338.541426347128,1513.1654193702204,12327.8137549619,1485.9099132392328,12276.933327097688,1479.0610357324429,12266.920881638807,1478.4011050409836,11744.473024785302,1536.0138060316526,11007.36779293211,1832.5663320759677,0.013671875,147.13618811881133,-0.2548514087225011,-3731.066349409137,0.32413039781518593,2670.409257425741,-3731.066349409137,55.117683168316944,2670.409257425741,2025-09-22
2025,9,3,1,39,0,11537.345544554457,10909.097376237623,14517.43722772277,15093.136757425742,12653.712178217822,10761.961188118812,11864.31485148515,12321.293382838287,1927.6824896274798,12789.754764851486,1673.0176190423235,12664.903091996699,1614.347377979362,628.2481683168335,-326.96930693069226,0.05758938128880331,-0.027559055118110187,-1.0,-1.8369701987210297e-16,-1.0,-1.8369701987210297e-16,23,266,0,0,0,0,4,-0.9911140639934546,-0.13301470653419636,0.7818314824680298,0.6234898018587336,10909.097376237623,11382.035123762376,11226.724702970298,14043.708425423189,11100.758647396997,11276.824838709676,10916.103861386136,10862.854574257426,10224.948003832642,6736.443564356436,12591.82155940594,1614.5379642735777,12506.575990099009,1543.2812196439882,12251.371674598106,1503.1605534787707,12354.133815531324,1502.147598810461,12332.465910423416,1482.9645074597859,12284.32906142112,1473.7180549320683,12274.415225753222,1472.9029570042446,11751.764122233757,1531.8699138336447,11020.703631765993,1818.816482371017,0.013645224171540127,155.31042079208055,-0.17846873524741425,-2506.3628808687317,0.4341304951149405,3492.5089108910897,-2506.3628808687317,674.4909702970308,3492.5089108910897,2025-09-23
2025,9,3,2,39,0,11559.532747524752,11537.345544554457,10909.097376237623,14517.43722772277,15093.136757425742,11382.035123762376,12482.053292079208,11335.325222772279,369.2908079889404,12711.710305280527,1725.7615441269143,12588.026379950496,1645.511283559142,22.187202970295402,-922.5205445544561,0.0019230769230766942,-0.07390775563663587,-1.0,-1.8369701987210297e-16,-1.0,-1.8369701987210297e-16,24,267,0,0,0,0,4,-0.9932568492674143,-0.11593459959550066,0.9749279121818236,-0.22252093395631434,11537.345544554457,11404.222326732674,11248.911905940597,10524.644755669116,11092.17005269882,11289.707730756949,10928.986753433406,11443.925742574258,10707.71743213031,7727.09702970297,12614.008762376237,1596.463768163011,12528.763193069306,1525.9448559660532,12285.867940993292,1473.754451464218,12370.825340346535,1490.1543215519823,12337.284214294268,1479.950159635753,12291.835561350777,1468.327344754129,12275.699748030449,1472.2207998144033,11756.496429541503,1529.9411038598867,11031.349286537721,1810.682647964541,0.013618677042801508,155.31042079207873,0.09832996893298396,1034.8879918556358,0.3552470498307556,3030.0674009900995,1034.8879918556358,115.60700495049423,3030.0674009900995,2025-09-24
2025,9,3,3,39,0,12191.28415841584,11559.532747524752,11537.345544554457,10909.097376237623,14517.43722772277,11404.222326732674,14888.78094059406,11762.720816831685,371.3124981821598,12634.638968646863,1739.1437078028487,12363.234981435644,1478.4002409052578,631.7514108910873,-2697.496782178221,0.0546519850489946,-0.1811764705882355,-1.0,-1.8369701987210297e-16,-1.0,-1.8369701987210297e-16,25,268,0,0,0,0,4,-0.9951053111006974,-0.09882013873287211,0.43388373911755823,-0.900968867902419,11559.532747524752,12027.799504950495,11864.31485148515,11100.758647396997,11666.927850526989,11897.463813478123,11517.757521558608,12025.93110891089,12713.380309805176,7132.704950495049,12637.363712871287,1587.630099637869,12552.118143564356,1517.4716900935603,12322.218791360587,1456.8676109307487,12389.552351342567,1484.2638914885579,12342.531006168156,1478.8829847524553,12299.853735599077,1465.8863193373088,12277.537004136058,1472.0087599196288,11753.595895367118,1528.6111929889432,11045.400895448613,1799.9397722902013,0.013592233009708465,163.4846534653443,0.09823882724218658,1090.5255110188427,0.19790124988143276,2014.081188118811,1090.5255110188427,165.353049504949,2014.081188118811,2025-09-25
2025,9,3,4,39,0,12825.371064356435,12191.28415841584,11559.532747524752,11537.345544554457,10909.097376237623,12027.799504950495,14321.255643564356,12192.062656765678,632.9195175017152,12256.678019801979,1285.1571626648592,12238.577933168317,1356.3182881012754,634.0869059405959,-1495.884579207921,0.05201149425287377,-0.10445205479452058,-1.0,-1.8369701987210297e-16,-1.0,-1.8369701987210297e-16,26,269,0,0,0,0,4,-0.99665890175417,-0.08167639533042288,-0.433883739117558,-0.9009688679024191,12191.28415841584,12653.712178217822,12482.053292079208,11092.17005269882,12240.781585755352,12506.57599009901,12107.88438358352,14328.26212871287,12172.298843819864,7429.9009900990095,12661.88641089109,1589.249610797655,12576.640841584158,1519.0255806402706,12379.992158415842,1440.6828276861547,12410.43054700689,1486.2039778872704,12348.223775351324,1480.1389829136263,12308.395243703519,1466.8442974413113,12260.838214532097,1456.9308336332228,11757.224074370099,1530.3845511022107,11060.388312321547,1792.1973822847124,0.013565891472868241,171.65888613861352,0.15625445728141463,1733.2010116576148,0.11194636810748615,1291.2076980198017,1733.2010116576148,-1502.891064356434,1291.2076980198017,2025-09-26
2025,9,3,5,39,1,15297.492574257429,12825.371064356435,12191.28415841584,11559.532747524752,11537.345544554457,12653.712178217822,10761.961188118812,13438.04926567657,1641.238439240608,12386.687244224422,1567.9445928682474,12616.538882013201,1528.4543680851907,2472.1215099009933,4535.531386138617,0.19275243558226385,0.42144097222222254,-1.0,-1.8369701987210297e-16,-1.0,-1.8369701987210297e-16,27,270,0,0,0,0,4,-0.9979171608653922,-0.06450844944931625,-0.9749279121818236,-0.2225209339563146,12825.371064356435,15093.136757425742,14888.78094059406,11666.927850526989,14561.058248163528,14877.480158096456,14431.099249441071,13766.34201980198,9104.814442670073,7925.227722772277,12691.0800990099,1642.343937456002,12605.83452970297,1569.953791678928,12501.01098254019,1528.526725711116,12436.731772938814,1531.4991401502964,12355.723997068486,1494.1858585441407,12318.70944995133,1484.8851580671883,12277.850998470492,1483.4074889428846,11791.627841767806,1540.000967187746,11080.866825797897,1798.3825917047127,0.013539651837524369,204.35581683168675,0.3111842954927033,3630.56472373044,1.0589093441006376,7867.591584158419,3630.56472373044,1531.1505544554493,7867.591584158419,2025-09-27
2025,9,3,6,39,1,14713.618811881186,15297.492574257429,12825.371064356435,12191.28415841584,11559.532747524752,15093.136757425742,11382.035123762376,14278.827483498351,1292.1411743135807,13020.774150165016,1619.3327458180017,12894.1708560231,1585.3502869516294,-583.8737623762427,3331.5836881188097,-0.038167938931297996,0.29270544783010144,-1.0,-1.8369701987210297e-16,-1.0,-1.8369701987210297e-16,28,271,0,0,0,0,4,-0.9988797155850335,-0.04732138832243232,-0.7818314824680299,0.6234898018587334,15297.492574257429,14517.43722772277,14321.255643564356,12240.781585755352,13967.767167039285,14271.532200574897,13870.12840625998,10333.164297029702,9584.871683168316,8123.358415841584,12719.10603960396,1679.94771562641,12633.86047029703,1606.0199835800752,12583.438890077718,1579.8243884779365,12463.369331683169,1565.2298042460202,12363.618400841815,1505.6160488947355,12328.751002399204,1498.2945587250404,12326.522715302177,1490.7288636460373,11820.120881371766,1546.3762977707177,11099.173104675785,1801.7323670118271,0.013513513513513598,196.18158415841572,0.2020162853819305,2472.8372261258337,1.184182005135947,7977.17524752475,2472.8372261258337,4380.454514851484,7977.17524752475,2025-09-28
2025,9,3,0,40,0,11056.233564356437,14713.618811881186,15297.492574257429,12825.371064356435,12191.28415841584,14517.43722772277,11404.222326732674,13689.114983498352,2298.755221428526,12940.588820132014,1716.47743188326,12865.171792491752,1617.9298326073604,-3657.3852475247495,-347.988762376237,-0.24857142857142844,-0.030514028261314663,-1.0,-1.8369701987210297e-16,-1.0,-1.8369701987210297e-16,29,272,0,0,0,0,5,-0.9995462806873573,-0.03012030484690836,0.0,1.0,14713.618811881186,10909.097376237623,10761.961188118812,14561.058248163528,10467.68881188119,10695.512587032896,10414.801149792398,10916.103861386136,9598.184004950495,8420.554455445545,12740.125495049504,1654.2504218101524,12654.879925742574,1581.3727416925863,12466.611400617483,1557.9764259104584,12484.388787128713,1541.2046349464538,12370.059846865446,1499.1072331577304,12336.387102572584,1490.034304934506,12328.079712001845,1489.311700982429,11828.221156701797,1538.4708505278684,11106.49443553387,1796.1639236449369,0.013487475915221703,147.13618811881315,-0.24069848661233995,-3504.824683807092,0.43083923003118274,3329.1365346534667,-3504.824683807092,140.12970297030006,3329.1365346534667,2025-09-29
2025,9,3,1,40,0,11692.655965346534,11056.233564356437,14713.618811881186,15297.492574257429,12825.371064356435,10909.097376237623,12027.799504950495,12487.502780528055,1953.9582408296476,12962.776023102308,1695.7913063426483,12837.24316419142,1636.4847940650884,636.4224009900972,-335.1435396039615,0.05756231516687782,-0.027864077669902954,-1.0,-1.8369701987210297e-16,-1.0,-1.8369701987210297e-16,30,273,0,1,0,1,5,-0.9999166586547379,-0.012910296075008843,0.7818314824680298,0.6234898018587336,11056.233564356437,11537.345544554457,11382.035123762376,13967.767167039285,11071.414282178215,11281.119136058767,11006.284105717024,10928.986753433406,10117.364554455446,8222.423762376238,12762.312698019801,1636.3747355495007,12677.06712871287,1564.2266700430462,12390.774360561054,1537.6249761202748,12506.57599009901,1524.4911344955665,12377.408718817014,1494.6741640869934,12344.558196139604,1484.5241518497,12336.564925467546,1483.4147284416215,11836.972775651193,1533.1555969640285,11116.13396943101,1789.943906037403,0.013461538461538192,155.3104207920769,-0.1628829557713054,-2275.111201692751,0.6393017861386512,4559.951014851485,-2275.111201692751,763.6692119131276,4559.951014851485,2025-09-30
2025,10,4,2,40,0,11714.843168316833,11692.655965346534,11056.233564356437,14713.618811881186,15297.492574257429,11537.345544554457,12653.712178217822,11487.910899339935,374.0081003772285,12883.369191419142,1749.4481882356156,12759.004080033003,1668.1930662659652,22.18720297029904,-938.8690099009891,0.0018975332068313921,-0.07419712070874851,-0.8660254037844386,0.5000000000000001,-2.4492935982947064e-16,1.0,1,274,1,0,1,0,1,-0.9999907397361901,0.004303538296243821,0.9749279121818236,-0.22252093395631434,11692.655965346534,11559.532747524752,11404.222326732674,10467.68881188119,11093.601485148514,11272.530541360587,11019.16699776429,11517.757521558608,10637.9464009901,8717.750495049504,12784.499900990097,1618.3016073125327,12699.254331683169,1546.8905592767662,12432.346172442245,1500.243715043432,12528.763193069306,1507.5923558876013,12385.30715858409,1489.890422239479,12352.840055312847,1478.9711099671165,12338.754765987083,1482.3374899128614,11842.955535469677,1530.5495009598415,11124.459226856752,1785.7225981308593,0.01343570057581589,155.31042079208055,0.11914323962516726,1247.1543564356434,0.5767159190853124,4284.942178217823,1247.1543564356434,197.08564675822527,4284.942178217823,2025-10-01
2025,10,4,3,40,0,12408.25918236985,11714.843168316833,11692.655965346534,11056.233564356437,14713.618811881186,11559.532747524752,15093.136757425742,11938.586105344408,406.90007060192016,12813.850544421379,1760.4666143314403,12535.264282111677,1498.0496966872972,693.4160140530166,-2684.8775750558925,0.05919123321500219,-0.1778873151556748,-0.8660254037844386,0.5000000000000001,-2.4492935982947064e-16,1.0,2,275,0,0,0,0,1,-0.9997685019798909,0.021516097436222233,0.43388373911755823,-0.900968867902419,11714.843168316833,12191.28415841584,12027.799504950495,11071.414282178215,11700.830198019805,11856.780996486748,11612.684094538488,12107.88438358352,12681.738118811882,10401.861386138613,12815.49633298353,1607.084693003538,12726.430022927409,1537.5005333030083,12476.907669115299,1478.1171351893777,12554.02851393895,1499.1072894590568,12395.154983332004,1488.155031612811,12362.31118731084,1476.719808478351,12342.092263751376,1482.1499789775844,11841.436208045,1529.8477928308364,11130.032554068506,1786.5918740509517,0.017797552836485098,216.97502395400988,0.12074743714934133,1336.8449001916342,0.5656659488428415,4483.031459597572,1336.8449001916342,300.37479878632985,4483.031459597572,2025-10-02
2025,10,4,4,40,0,13109.35972852124,12408.25918236985,11714.843168316833,11692.655965346534,11056.233564356437,12191.28415841584,14517.43722772277,12410.820693069307,697.261808916779,12449.161736798678,1312.7889310902665,12417.92449051155,1379.0983321179772,701.1005461513905,-1408.0774992015304,0.056502732240437226,-0.09699215344376622,-0.8660254037844386,0.5000000000000001,-2.4492935982947064e-16,1.0,3,276,0,0,0,0,1,-0.9992500112396835,0.03872228089217399,-0.433883739117558,-0.9009688679024191,12408.25918236985,12825.371064356435,12653.712178217822,11093.601485148514,12310.394405940591,12440.127389013096,12207.557285212391,14431.099249441071,12191.28415841584,11788.776237623762,12856.066142149928,1610.9554143387677,12758.976276520509,1540.6622008473437,12544.099610561057,1458.7559011358553,12582.562989745404,1501.8994034221203,12407.105560823218,1491.2067418652714,12373.046930683564,1478.857695083549,12327.406269074487,1467.6961231156504,11846.536627878919,1532.5487007064185,11133.700841543221,1789.3018719294237,0.022142724973786443,283.9886641648045,0.18170458404074719,2015.7582433727257,0.6137857099788084,4986.001312679656,2015.7582433727257,-1321.7395209198312,4986.001312679656,2025-10-03
2025,10,4,5,40,1,15702.43728042159,13109.35972852124,12408.25918236985,11714.843168316833,11692.655965346534,12825.371064356435,10909.097376237623,13740.018730437563,1735.2810775043065,12613.964814888748,1667.941814244225,12817.369482526883,1581.6511422249762,2593.077551900349,4793.339904183966,0.1978035240164131,0.4393892307373568,-0.8660254037844386,0.5000000000000001,-2.4492935982947064e-16,1.0,4,277,0,0,0,0,1,-0.9984354211555643,0.05591699010060302,-0.9749279121818236,-0.2225209339563146,13109.35972852124,15297.492574257429,15093.136757425742,11700.830198019805,14684.425123762376,14798.374680613224,14549.75746566592,13870.12840625998,9156.074792079207,7471.782178217822,12913.915385887667,1717.0179561432424,12802.497742448784,1618.319643749036,12677.486513307784,1558.5285517708498,12618.920566768948,1565.6347404050214,12423.249535819798,1522.1385258848952,12386.769309430654,1504.4256826387027,12347.765256565173,1501.651819914666,11882.905308369707,1545.961743427445,11156.563772382675,1794.9560668922547,0.026471312484609433,404.9447061641604,0.3419934324898586,4001.6070824017843,0.8647747441698301,7281.8828249760445,4001.6070824017843,1832.3088741616084,7281.8828249760445,2025-10-04
2025,10,4,6,40,1,15166.55417438518,15702.43728042159,13109.35972852124,12408.25918236985,11714.843168316833,15297.492574257429,11537.345544554457,14659.45039444267,1368.8968114019206,13299.018249893537,1742.6156211270409,13119.803535012776,1659.6942449565192,-535.8831060364082,3629.208629830724,-0.03412738395106141,0.31456183884027666,-0.8660254037844386,0.5000000000000001,-2.4492935982947064e-16,1.0,5,278,0,0,0,0,1,-0.9973249731081555,0.07309512989807776,-0.7818314824680299,0.6234898018587334,15702.43728042159,14713.618811881186,14517.43722772277,12310.394405940591,14125.07405940594,14195.590942190993,13984.040293835831,10414.801149792398,9678.057935643565,6774.415841584158,12978.620437673952,1802.546617711268,12848.863238638954,1679.3796667767776,12772.691838922601,1621.3032831137862,12656.116285161062,1614.3560560496053,12440.588164966122,1548.0046051546844,12400.846855627671,1524.944806721571,12400.56251239398,1516.388450275955,11913.396954140493,1556.3229029899499,11179.875267751568,1792.3790414289415,0.030783410138248923,452.93536250399484,0.23201204398993913,2856.1597684445896,0.8445357005051908,6944.130412008943,2856.1597684445896,4751.753024592783,6944.130412008943,2025-10-05
2025,10,4,0,41,0,11444.076419674226,15166.55417438518,15702.43728042159,13109.35972852124,12408.25918236985,14713.618811881186,11559.532747524752,14104.355958160333,2319.3982178573146,13257.588325614817,1790.7348652163876,13110.182174358566,1669.86500385189,-3722.477754710955,-115.45632785052658,-0.2454399141630902,-0.00998797532497575,-0.8660254037844386,0.5000000000000001,-2.4492935982947064e-16,1.0,6,279,0,0,0,0,1,-0.9959189961471792,0.0902516100310407,0.0,1.0,15166.55417438518,11056.233564356437,10909.097376237623,14684.425123762376,10614.825,10638.55664324497,10500.23506547429,11006.284105717024,9691.37025742574,7770.653465346534,13034.026559862206,1738.428938149696,12887.076027455856,1637.4088397872315,12664.680215452998,1597.3102951955668,12685.732407292284,1582.8190879208885,12454.972446688073,1534.6402326203504,12412.083062225289,1514.211323477344,12405.426871437949,1512.5629107571576,11923.13421059743,1547.8026011707598,11190.079220402478,1783.3499891807016,0.03507911198331892,387.84285531778914,-0.22066568331943814,-3240.34870408815,0.3127327314738939,2726.3259246247217,-3240.34870408815,437.79231395720126,2726.3259246247217,2025-10-06
2025,10,4,1,41,0,12152.861497923985,11444.076419674226,15166.55417438518,15702.43728042159,13109.35972852124,11056.233564356437,12191.28415841584,12921.164030661132,1976.5947346224589,13330.591380549346,1722.9067795317653,13106.980285984244,1671.822813869986,708.785078249759,-38.42266049185491,0.061934668404629134,-0.00315164998146078,-0.8660254037844386,0.5000000000000001,-2.4492935982947064e-16,1.0,7,280,0,0,0,0,1,-0.994217906893952,0.10738134666416306,0.7818314824680298,0.6234898018587336,11444.076419674226,11692.655965346534,11537.345544554457,14125.07405940594,11226.724702970298,11220.99897317151,11096.464350047909,11019.16699776429,10215.455346534653,7172.910891089108,13099.77020737327,1687.1935396890372,12931.041452696536,1606.3488793927845,12598.939796736931,1575.5695120918062,12718.808721397772,1560.7234064699658,12471.612848915796,1526.0448541098006,12424.659218747624,1507.525060935322,12418.023476995279,1505.5930776586565,11933.897578105149,1542.5886648394917,11203.912416532576,1771.3767749638432,0.039358511354593784,460.20553257745087,-0.13962493599590386,-1972.212561481956,0.16833526681279687,1751.0001117853717,-1972.212561481956,1133.6945001596941,1751.0001117853717,2025-10-07
2025,10,4,2,41,0,12225.864552858511,12152.861497923985,11444.076419674226,15166.55417438518,15702.43728042159,11692.655965346534,12825.371064356435,11940.93415681891,431.8368554533982,13300.192275630789,1743.9162193938523,13057.021410026084,1689.8632876588672,73.00305493452652,-599.5065114979243,0.0060070671378091856,-0.046743794662131855,-0.8660254037844386,0.5000000000000001,-2.4492935982947064e-16,1.0,8,281,0,0,0,0,2,-0.9922222094179324,0.12447926388678869,0.9749279121818236,-0.22252093395631434,12152.861497923985,11714.843168316833,11559.532747524752,10614.825,11248.911905940597,11212.410378473332,11109.347242095177,11612.684094538488,10740.941732673267,7471.782178217822,13172.773262307799,1627.2735023900852,12978.636581648947,1572.0922260514221,12652.641115165548,1532.4773497622837,12753.699887359126,1537.3915400329568,12489.71024488696,1516.8218556842596,12437.951091494806,1500.694912498607,12424.836593198836,1503.2934321517764,11942.1471493284,1540.1418952625281,11217.118200906576,1761.1675329355912,0.043621700879765246,511.02138454167834,0.15177259661450004,1611.0395528585104,0.037076648705892445,437.08831523474873,1611.0395528585104,613.1804583200228,437.08831523474873,2025-10-08
2025,10,4,3,41,0,12946.176429255827,12225.864552858511,12152.861497923985,11444.076419674226,15166.55417438518,11714.843168316833,15297.492574257429,12441.634160012776,438.4683997703436,13272.995059086554,1748.7533232704072,12861.078397942614,1535.7517805162545,720.3118763973162,-2351.3161450016014,0.05891705026528382,-0.1537059837478456,-0.8660254037844386,0.5000000000000001,-2.4492935982947064e-16,1.0,9,282,0,0,0,0,2,-0.989932495087353,0.141540295217043,0.43388373911755823,-0.900968867902419,12225.864552858511,12408.25918236985,12191.28415841584,11226.724702970298,11864.31485148515,11793.49661450016,11707.610667518366,12207.557285212391,12804.35160891089,7969.90099009901,13249.618583291507,1597.5837084125708,13032.55745813752,1555.8719282860525,12709.956172708398,1509.2872591679534,12792.337800850937,1527.7762195783293,12510.293813007596,1515.0223010559453,12452.69592199168,1499.5168165954663,12433.043472577096,1504.109856245075,11942.935064996984,1540.6216546536366,11230.941188237568,1755.128349737967,0.043351548269580986,537.9172468859779,0.1531570223531542,1719.4517262855297,0.7326758356255729,5474.394251038006,1719.4517262855297,738.6191440434359,5474.394251038006,2025-10-09
2025,10,4,4,41,0,13674.172837751516,12946.176429255827,12225.864552858511,12152.861497923985,11444.076419674226,12408.25918236985,14713.618811881186,12948.737939955286,724.1575401977394,12934.950985308207,1331.4505065255503,12774.45790009848,1448.60585328724,727.9964084956882,-1039.4459741296705,0.05623254189944138,-0.0706451612903225,-0.8660254037844386,0.5000000000000001,-2.4492935982947064e-16,1.0,10,283,0,0,0,0,2,-0.9873494423939864,0.15855938510313475,-0.433883739117558,-0.9009688679024191,12946.176429255827,13109.35972852124,12825.371064356435,11248.911905940597,12482.053292079208,12373.67878792718,12307.230186841263,14549.75746566592,12308.99310891089,8169.148514851486,13330.306170324406,1603.5711497592838,13093.186156237167,1563.6955559259864,12790.798203768763,1493.1971403441628,12834.913498910664,1535.4008526674052,12533.516921040176,1522.8373082307617,12468.969048788233,1505.325117405056,12423.314754489158,1493.055988947402,11950.519396823875,1545.7854606560356,11246.232922467845,1752.3572172789109,0.043084721216509525,564.8131092302756,0.2155996021739781,2425.260931810919,1.0185021347248573,6899.756996167357,2425.260931810919,-875.5846279144043,6899.756996167357,2025-10-10
2025,10,4,5,41,1,16374.833839029065,13674.172837751516,12946.176429255827,12225.864552858511,12152.861497923985,13109.35972852124,11056.233564356437,14331.727702012135,1806.4348059182253,13136.33092941552,1759.1600392873856,13217.67458965453,1671.5851955782555,2700.661001277549,5318.600274672628,0.19750086775425224,0.48104992027474536,-0.8660254037844386,0.5000000000000001,-2.4492935982947064e-16,1.0,11,284,0,0,0,0,2,-0.9844738167520923,0.17553149042142777,-0.9749279121818236,-0.2225209339563146,13674.172837751516,15702.43728042159,15297.492574257429,11864.31485148515,14888.78094059406,14719.26920312999,14668.415681890769,13984.040293835831,9244.356504950494,8468.0198019802,13426.362821554043,1779.8032266864523,13170.139103720856,1700.9999193861718,12941.148836686894,1618.5164976971564,12887.986816711913,1631.6896582725526,12563.08057525266,1581.0014018107624,12489.283550658925,1546.3203781548475,12449.879127213528,1541.615122333288,11990.13315979098,1567.2642913037018,11268.19629479298,1766.9290650445125,0.04282115869017655,672.3965586074755,0.3801752603505206,4510.5189875439155,1.1072659991921059,8604.180373682531,4510.5189875439155,2390.7935451932335,8604.180373682531,2025-10-11
2025,10,4,6,41,1,15812.054870648351,16374.833839029065,13674.172837751516,12946.176429255827,12225.864552858511,15702.43728042159,11692.655965346534,15287.020515809645,1424.8292060018969,13864.327337911209,1821.4895486046091,13560.957831763015,1751.0301994439906,-562.7789683807132,4119.398905301818,-0.03436853002070417,0.3523065176560791,-0.8660254037844386,0.5000000000000001,-2.4492935982947064e-16,1.0,12,285,0,0,0,0,2,-0.9813064702716093,0.19245158197082995,-0.7818314824680299,0.6234898018587334,16374.833839029065,15166.55417438518,14713.618811881186,12482.053292079208,14321.255643564356,14119.64968380709,14097.952181411689,10500.23506547429,9771.244188118812,8268.772277227723,13518.577206734497,1897.802822263381,13248.598822204223,1800.1157176664512,13052.148889305865,1698.1732206488073,12941.229646250626,1702.9564802682698,12593.302096446252,1626.8088020428856,12509.6895350546,1578.7743973678648,12508.899347271017,1567.5966665161395,12023.693219138366,1584.0717186424895,11289.149857552482,1775.9644128641148,0.04256080114449179,645.5006962631705,0.2667831566367591,3330.001578569143,1.2044125614737013,8639.143979559243,3330.001578569143,5311.819805174062,8639.143979559243,2025-10-12
2025,10,4,0,42,0,11928.201941871606,15812.054870648351,16374.833839029065,13674.172837751516,12946.176429255827,15166.55417438518,11714.843168316833,14705.030217183006,2421.210749757145,13826.884078569148,1865.4851980171004,13578.737729559247,1731.5556143435094,-3883.852928776745,213.3587735547735,-0.24562607204116627,0.018212687143077444,-0.8660254037844386,0.5000000000000001,-2.4492935982947064e-16,1.0,13,286,0,0,0,0,2,-0.9778483415056568,0.20931464596304888,0.0,1.0,15812.054870648351,11444.076419674226,11056.233564356437,14888.78094059406,10761.961188118812,10581.600699457043,10585.66898115618,11096.464350047909,9784.556509900987,8766.89108910891,13587.737995619838,1816.690708297391,13310.882277741022,1732.2304220275585,12953.462922681785,1673.6069676322095,12982.8811017418,1661.4371220249857,12617.348547203654,1606.3561986780842,12525.672070301212,1565.8043441489756,12518.14087606906,1561.6165954591802,12035.60236042709,1575.1767675208291,11297.931276587937,1771.2676183785097,0.04230359047280485,484.12552219738063,-0.1988462998102467,-2960.5789987224543,0.5964333083270819,4456.419763653785,-2960.5789987224543,831.7375918236976,4456.419763653785,2025-10-13
2025,10,4,1,42,0,12663.882882465665,11928.201941871606,15812.054870648351,16374.833839029065,13674.172837751516,11444.076419674226,12408.25918236985,13468.04656499521,2063.0287962887323,13899.887133503673,1797.6377112397977,13600.03970456723,1717.3612785941255,735.6809405940585,255.62370009581537,0.06167576170986799,0.020601092896174844,-0.8660254037844386,0.5000000000000001,-2.4492935982947064e-16,1.0,14,287,0,0,0,0,2,-0.9741004551724206,0.22611568550828803,0.7818314824680298,0.6234898018587336,11928.201941871606,12152.861497923985,11692.655965346534,14321.255643564356,11382.035123762376,11160.878810284255,11186.644594378791,11109.347242095177,10313.54613861386,10460.49504950495,13660.741050554365,1758.7648299273958,13380.255628963818,1681.1320272202458,12898.217163978494,1654.140937974967,13028.661378838344,1633.111640907801,12644.187905635466,1594.088139011318,12543.258240397485,1558.8643454680944,12535.413494295397,1554.4398866468116,12048.659786781824,1570.5568175923047,11304.05179834616,1772.1724552690453,0.0420494699646643,511.02138454168016,-0.1157281737264062,-1657.3727610986916,0.5889636393473365,4693.981892366654,-1657.3727610986916,1554.5356403704882,4693.981892366654,2025-10-14
2025,10,4,2,42,0,12736.88593740019,12663.882882465665,11928.201941871606,15812.054870648351,16374.833839029065,12152.861497923985,13109.35972852124,12442.990253912489,447.31154262761703,13865.005384861064,1821.7142454714626,13569.000221973809,1730.3529216078514,73.0030549345247,-372.47379112105045,0.005764665988470696,-0.028412813351264,-0.8660254037844386,0.5000000000000001,-2.4492935982947064e-16,1.0,15,288,0,0,0,0,3,-0.970063921851507,0.2428497220959358,0.9749279121818236,-0.22252093395631434,12663.882882465665,12225.864552858511,11714.843168316833,10761.961188118812,11404.222326732674,11152.290215586074,11199.52748642606,11707.610667518366,10843.937064356434,11855.227722772277,13733.74410548889,1698.865010636515,13453.258683898342,1624.4851790365196,12964.04798895454,1604.7527716197703,13076.256507790755,1603.160656361791,12672.484257810718,1581.1355565509334,12561.560126718605,1551.9073407888247,12546.849886182972,1552.0656101352288,12059.176169409844,1568.7815287685369,11306.500848942349,1773.544945114693,0.04179838426413762,511.02138454167834,0.18350974462365577,1974.9247492813774,0.5591448624351205,4567.737422548704,1974.9247492813774,1029.275269881824,4567.737422548704,2025-10-15
2025,10,4,3,42,0,13484.093676141809,12736.88593740019,12663.882882465665,11928.201941871606,15812.054870648351,12225.864552858511,15702.43728042159,12961.620832002556,453.94467301057927,13833.32552459278,1827.3406331766225,13384.138254950492,1594.9038626892268,747.2077387416193,-2218.3436042797803,0.0586648685097777,-0.14127383951061523,-0.8660254037844386,0.5000000000000001,-2.4492935982947064e-16,1.0,16,289,0,0,0,0,3,-0.965739937654855,0.25951179706979943,0.43388373911755823,-0.900968867902419,12736.88593740019,12946.176429255827,12408.25918236985,11382.035123762376,12027.799504950495,11730.212232513575,11802.537240498245,12307.230186841263,12926.9650990099,7759.084158415842,13810.5894264726,1669.2103929161867,13530.104004882054,1596.4535515990926,13034.116607367187,1578.9794473030684,13128.267013904731,1591.4665599058515,12703.803569304078,1579.5012651837594,12581.578655714364,1552.843683148669,12559.926147175203,1554.978958360475,12062.27132817169,1571.0511722962015,11322.403653158253,1767.3039773104986,0.0415502793296092,537.9172468859815,0.18468213544614231,2102.0585523794325,0.5923550005148346,5016.07387416161,2102.0585523794325,1176.8634893005456,5016.07387416161,2025-10-16
2025,10,4,4,42,0,14238.985946981797,13484.093676141809,12736.88593740019,12663.882882465665,11928.201941871606,12946.176429255827,15166.55417438518,13486.655186841264,751.0532808656566,13477.350875918237,1388.5861234537783,13306.84090266688,1521.451494225992,754.8922708399878,-927.5682274033843,0.055983908816627626,-0.06115879828326176,-0.8660254037844386,0.5000000000000001,-2.4492935982947064e-16,1.0,17,290,0,0,0,0,3,-0.9611297838723007,0.27609697309746883,-0.433883739117558,-0.9009688679024191,13484.093676141809,13674.172837751516,13109.35972852124,11404.222326732674,12653.712178217822,12307.230186841263,12406.90308847014,14668.415681890769,12426.702059405938,7034.90297029703,13891.277013505498,1675.1577388967594,13610.791591914951,1602.0893161335784,13128.60872804216,1562.8157467297585,13184.883934217729,1602.1214852286382,12738.299207878017,1591.7298246417872,12603.389165934737,1563.1925147567852,12555.154705676214,1549.0840556417254,12072.339571991553,1579.1857564376037,11342.414994760156,1759.3895092245532,0.04130510239500196,564.813109230281,0.24857140969657743,2834.763620249123,0.7220193602617524,5970.213669754074,2834.763620249123,-429.429734908972,5970.213669754074,2025-10-17
2025,10,4,5,42,1,17047.230397636537,14238.985946981797,13484.093676141809,12736.88593740019,12663.882882465665,13674.172837751516,11444.076419674226,14923.436673586715,1877.5889917334187,13683.2134637496,1826.4598400953212,13773.770400830406,1741.6633982808992,2808.24445065474,5603.153977962311,0.19722222222222197,0.4896117233479478,-0.8660254037844386,0.5000000000000001,-2.4492935982947064e-16,1.0,18,291,0,0,0,0,3,-0.9562348265919058,0.2926003356333479,-0.9749279121818236,-0.2225209339563146,14238.985946981797,16374.833839029065,15702.43728042159,12027.799504950495,15093.136757425742,14640.16372564676,14787.073898115616,14097.952181411689,9332.63821782178,8069.447524752475,13987.333664735137,1851.3202404680255,13706.84824314459,1768.7876324909028,13295.923091131694,1703.276666224673,13254.672992796686,1726.0888657149662,12781.282541306407,1674.3766629066859,12630.295790929034,1619.6638512973911,12587.924463634268,1612.0046088829633,12115.198417434967,1608.823586736995,11367.353280518168,1776.412914857653,0.04106280193236711,672.3965586074719,0.4173191356091448,5019.430892686041,0.9445012176339538,8280.339308527626,5019.430892686041,2949.2782162248477,8280.339308527626,2025-10-18
2025,10,4,6,42,1,16457.55556691153,17047.230397636537,14238.985946981797,13484.093676141809,12736.88593740019,16374.833839029065,12152.861497923985,15914.590637176623,1480.765818706575,14438.105734589588,1890.899910487803,14132.494906579368,1819.0522811189048,-589.6748307250054,4304.694068987546,-0.03459065296652286,0.3542123860888975,-0.8660254037844386,0.5000000000000001,-2.4492935982947064e-16,1.0,19,292,0,0,0,0,3,-0.9510565162951536,0.30901699437494723,-0.7818314824680299,0.6234898018587334,17047.230397636537,15812.054870648351,15166.55417438518,12653.712178217822,14517.43722772277,14043.708425423189,14211.864068987545,10585.66898115618,9864.430440594058,7448.720792079207,14079.548049915591,1969.6524276058906,13799.062628325044,1880.8452770523809,13422.717870754817,1793.0379558313825,13323.962933482,1815.292930541892,12824.386954547268,1737.3530718359307,12657.030213523369,1664.0107382745819,12653.167647920438,1648.471051011515,12151.826890358954,1632.17765846369,11392.377821559368,1784.4927946819919,0.04082332761578078,645.5006962631796,0.300610867002465,3803.843388693709,0.5733056121173152,5997.06051740658,3803.843388693709,5871.886585755352,5997.06051740658,2025-10-19
2025,10,4,0,43,0,12412.327464068989,16457.55556691153,17047.230397636537,14238.985946981797,13484.093676141809,15812.054870648351,12225.864552858511,15305.704476205685,2523.024376074953,14396.179831523476,1940.2513518429066,14148.033482513572,1802.0014774567908,-4045.2281028425423,186.4629112104776,-0.2457976268951878,0.015251511286118458,-0.8660254037844386,0.5000000000000001,-2.4492935982947064e-16,1.0,20,293,0,0,0,0,3,-0.9455963874271428,0.3253420847119795,0.0,1.0,16457.55556691153,11928.201941871606,11444.076419674226,15093.136757425742,10909.097376237623,10524.644755669116,10671.102896838072,11186.644594378791,9877.742762376236,7759.084158415842,14148.70883880093,1888.3430133180548,13868.223417210384,1803.8129656905312,13333.35756097626,1773.615047730751,13377.64972233312,1762.695614702218,12858.095574340125,1710.019196892039,12677.759077418976,1649.7579694708222,12666.78634647255,1641.2665623666524,12165.907916479473,1623.3584954452363,11405.303497408404,1774.929200141315,0.0405866302864939,484.12552219738245,-0.17761777001310275,-2680.809293356753,0.04699190553941013,557.0997412967117,-2680.809293356753,1225.6828696901975,557.0997412967117,2025-10-20
2025,10,4,1,43,0,13174.904267007343,12412.327464068989,16457.55556691153,17047.230397636537,14238.985946981797,11928.201941871606,12946.176429255827,14014.929099329289,2149.4647915690293,14469.182886458002,1872.3865863048622,14167.094135659534,1789.2980585070272,762.5768029383544,228.72783775151584,0.061437051604209536,0.017667597765363086,-0.8660254037844386,0.5000000000000001,-2.4492935982947064e-16,1.0,21,294,0,0,0,0,3,-0.9398560579418953,0.341570769167856,0.7818314824680298,0.6234898018587336,12412.327464068989,12663.882882465665,12152.861497923985,14517.43722772277,11537.345544554457,11100.758647396997,11276.824838709676,11199.52748642606,10411.636930693068,8276.356435643564,14221.711893735455,1830.3604889435223,13941.226472144912,1748.8952223309432,13288.606462285743,1759.5903005972184,13436.133962420723,1726.162542106857,12895.133888976023,1693.6481483394625,12700.355261089186,1643.3247959257178,12688.734977367898,1634.6193457896854,12181.259401681215,1619.7378895716502,11418.91057471775,1769.6439597284555,0.04035266191929465,511.02138454167834,-0.09247726989662475,-1342.5329607154272,0.6979973406677471,5415.820108591502,-1342.5329607154272,1975.376780581284,5415.820108591502,2025-10-21
2025,10,4,2,43,0,13247.907321941871,13174.904267007343,12412.327464068989,16457.55556691153,17047.230397636537,12663.882882465665,13674.172837751516,12945.04635100607,462.7898236587212,14429.818494091343,1899.5248649468272,14131.572009342062,1804.1430627367092,73.00305493452834,-426.26551580964406,0.005541069100391427,-0.03117303846217412,-0.8660254037844386,0.5000000000000001,-2.4492935982947064e-16,1.0,22,295,0,0,0,0,4,-0.9338372288229252,0.35769823883312546,0.9749279121818236,-0.22252093395631434,13174.904267007343,12736.88593740019,12225.864552858511,10909.097376237623,11559.532747524752,11092.17005269882,11289.707730756949,11802.537240498245,10946.932396039603,8483.265346534654,14294.714948669982,1770.4800769915564,14014.229527079437,1692.1961417609746,13366.566793809217,1701.377142842498,13496.433054364194,1687.2308233337808,12933.629197355363,1676.3337024030186,12723.667160984245,1636.9494748211262,12704.794644939493,1632.9141635109956,12194.042595714007,1619.0216363466868,11432.145691316102,1765.439511252102,0.04012137559002049,511.021384541682,0.21439078459402916,2338.809945704248,0.8831684499242658,6213.004351644841,2338.809945704248,1445.370081443627,6213.004351644841,2025-10-22
2025,10,4,3,43,0,14022.010923027789,13247.907321941871,13174.904267007343,12412.327464068989,16457.55556691153,12736.88593740019,16374.833839029065,13481.607503992336,469.42438473768334,14393.65599009901,1905.9389893995442,13935.503433008626,1660.304447838341,774.103601085917,-2352.822916001276,0.0584321419431888,-0.1436853002070393,-0.8660254037844386,0.5000000000000001,-2.4492935982947064e-16,1.0,23,296,0,0,0,0,4,-0.9275416835791965,0.3737197147904692,0.43388373911755823,-0.900968867902419,13247.907321941871,13484.093676141809,12946.176429255827,11537.345544554457,12191.28415841584,11666.927850526989,11897.463813478123,12406.90308847014,13049.57858910891,8793.628712871288,14371.560269653693,1740.8581424482777,14091.074848063146,1664.1586336143762,13449.388973091665,1669.4373666080492,13561.816153100332,1670.1664570981816,12975.684252221448,1673.5167480519158,12748.959388478883,1640.43943357133,12722.740287545688,1638.46909368668,12199.444997569111,1623.5085677538038,11446.668975233202,1765.1789153647683,0.03989272544418365,537.9172468859797,0.21535849549431885,2484.6653784733317,0.7376667832607171,5952.563398275313,2484.6653784733317,1615.107834557648,5952.563398275313,2025-10-23
2025,10,4,4,43,0,14803.799056212074,14022.010923027789,13247.907321941871,13174.904267007343,12412.327464068989,13484.093676141809,15812.054870648351,14024.572433727246,777.9490299469296,14019.750766528266,1445.7487096745635,13851.482115138933,1580.290435432602,781.7881331842855,-1008.2558144362774,0.05575435203094781,-0.06376500857632905,-0.8660254037844386,0.5000000000000001,-2.4492935982947064e-16,1.0,24,297,0,0,0,0,4,-0.9209712877166346,0.38963044953078774,-0.433883739117558,-0.9009688679024191,14022.010923027789,14238.985946981797,13674.172837751516,11559.532747524752,12825.371064356435,12240.781585755352,12506.57599009901,14787.073898115616,12544.411009900989,8586.719801980198,14452.24785668659,1746.768609148334,14171.762435096043,1669.765832239668,13557.531183381241,1647.7324073461577,13632.474295666605,1679.6790915397905,13021.45242133675,1688.0371819521986,12776.307282123085,1655.4300557217136,12722.926122635652,1638.7067923007667,12211.997153381952,1634.8849425207936,11463.938639828291,1767.5314977511225,0.03966666666666674,564.8131092302774,0.280657218552542,3244.2663086873217,0.9874283745410464,7355.078264132867,3244.2663086873217,16.725158096458472,7355.078264132867,2025-10-24
2025,10,4,5,43,1,17719.62695624401,14803.799056212074,14022.010923027789,13247.907321941871,13174.904267007343,14238.985946981797,11928.201941871606,15515.145645161292,1948.7435848468165,14230.095998083678,1893.7617344034347,14334.100866336632,1807.5343336940427,2915.827900031936,5791.425014372404,0.19696483915784957,0.4855237229043503,-0.8660254037844386,0.5000000000000001,-2.4492935982947064e-16,1.0,25,298,0,0,0,0,4,-0.9141279881853337,0.4054257283599973,-0.9749279121818236,-0.2225209339563146,14803.799056212074,17047.230397636537,16374.833839029065,12191.28415841584,15297.492574257429,14561.058248163528,14877.480158096456,14211.864068987545,9420.919930693068,9103.992079207921,14548.304507916228,1922.8644896831868,14267.819086325684,1836.5975203924513,13741.809276642181,1792.4487038293207,13718.979095023271,1824.7140285241353,13077.855433981042,1790.0996878721278,12810.142363053414,1726.4161542939755,12761.90126582739,1714.4803094490906,12258.101081301678,1672.3201722384956,11487.87095893117,1793.62400858637,0.03944315545243615,672.3965586074737,0.45346681497960706,5528.342797828171,1.283726609283459,9960.54279782817,5528.342797828171,3507.7628872564655,9960.54279782817,2025-10-25
2025,10,4,6,43,1,17103.0562631747,17719.62695624401,14803.799056212074,14022.010923027789,13247.907321941871,17047.230397636537,12663.882882465665,16542.160758543596,1536.706188894809,15011.884131267963,1960.3127130060084,14704.031981395718,1887.140250115761,-616.5706930693086,4439.173380709037,-0.03479591836734708,0.35053809498313426,-0.8660254037844386,0.5000000000000001,-2.4492935982947064e-16,1.0,26,299,0,0,0,0,4,-0.9070138128026362,0.42110087079608916,-0.7818314824680299,0.6234898018587334,17719.62695624401,16457.55556691153,15812.054870648351,12825.371064356435,14713.618811881186,13967.767167039285,14271.532200574897,10671.102896838072,9957.616693069303,10862.717821782178,14640.518893096683,2041.5043288789764,14360.033471506136,1949.0635358191357,13884.398783269455,1884.7982385889584,13804.31614685518,1926.015434778424,13133.842739269176,1865.8651004707444,12843.850982846268,1782.0407956014133,12833.36741434224,1759.8037590390702,12297.797967802262,1701.952399004498,11505.205232379481,1817.560259079184,0.039222148978246274,645.5006962631705,0.3335330554845757,4277.685198818266,1.0664958543251504,8826.699827531138,4277.685198818266,6431.953366336629,8826.699827531138,2025-10-26
2025,10,4,0,44,0,12896.45298626637,17103.0562631747,17719.62695624401,14803.799056212074,14022.010923027789,16457.55556691153,12736.88593740019,15906.378735228362,2624.838969458169,14965.475584477803,2015.031565614674,14717.329235467902,1872.5247424342256,-4206.603276908332,159.5670488661799,-0.24595623215984763,0.012527948326649607,-0.8660254037844386,0.5000000000000001,-2.4492935982947064e-16,1.0,27,300,0,0,0,0,4,-0.8996308696522434,0.4366512319560638,0.0,1.0,17103.0562631747,12412.327464068989,11928.201941871606,15297.492574257429,11056.233564356437,10467.68881188119,10695.512587032896,11276.824838709676,9970.929014851485,12311.080198019801,14709.679681982021,1960.012155103903,14429.194260391478,1871.7809476694383,13804.36413033642,1873.669680443987,13870.03826906625,1858.9998485596218,13177.213528097482,1830.660741300761,12870.052654265713,1766.1826672071431,12851.363282648428,1751.9713886252598,12314.050878754568,1693.5557001192435,11506.83126790239,1818.5448015236304,0.03900360537528669,484.12552219738063,-0.15695641467618826,-2401.0395879910593,0.5202227514355033,4413.1876397317155,-2401.0395879910593,1619.6281475566939,4413.1876397317155,2025-10-27
2025,10,4,1,44,0,13685.925651549023,12896.45298626637,17103.0562631747,17719.62695624401,14803.799056212074,12412.327464068989,13484.093676141809,14561.811633663368,2235.902496213162,15038.47863941233,1947.1513382542373,14734.148566751837,1861.3134841872063,789.4726652826539,201.8319754072145,0.06121626358219401,0.014968152866241757,-0.8660254037844386,0.5000000000000001,-2.4492935982947064e-16,1.0,28,301,0,0,0,0,4,-0.8919813464595487,0.45207220393230374,0.7818314824680298,0.6234898018587336,12896.45298626637,13174.904267007343,12663.882882465665,14713.618811881186,11692.655965346534,11071.414282178215,11281.119136058767,11289.707730756949,10509.727722772275,8134.529702970297,14782.68273691655,1901.9777648165334,14502.197315326002,1816.7562519755097,13770.107691658683,1865.850851124855,13941.226472144908,1810.0519561774822,13223.90123112196,1809.1930057638049,12898.681303259647,1759.594673405008,12877.987926212782,1746.1703241400744,12331.696422803327,1691.1961410852907,11522.251812203996,1813.3989032119898,0.03878748370273799,511.02138454168016,-0.06984639016897087,-1027.6931603321627,0.5563456336878143,4892.296938677735,-1027.6931603321627,2396.2179207920744,4892.296938677735,2025-10-28
2025,10,4,2,44,0,13758.928706483552,13685.925651549023,12896.45298626637,17103.0562631747,17719.62695624401,13174.904267007343,14238.985946981797,13447.102448099651,478.27134962320184,14994.63160332162,1977.346591131091,14694.143796710314,1878.0074045482731,73.00305493452834,-480.05724049824494,0.005334170065892874,-0.03371428571428581,-0.8660254037844386,0.5000000000000001,-2.4492935982947064e-16,1.0,29,302,0,0,0,0,5,-0.8840675099433637,0.46735921715800205,0.9749279121818236,-0.22252093395631434,13685.925651549023,13247.907321941871,12736.88593740019,11056.233564356437,11714.843168316833,11093.601485148514,11272.530541360587,11897.463813478123,11058.94575215586,7375.30693069307,14855.685791851074,1842.1159538850827,14575.200370260529,1760.0121141986215,13860.197529729585,1794.1678446049505,14014.229527079437,1757.3865659683115,13271.49636007437,1787.0548857860792,12928.281281415871,1752.809982832046,12898.670869468398,1745.4499108700218,12346.696328105148,1691.8180423339115,11539.984094914525,1803.9214244388445,0.03857374392220425,511.02138454168016,0.24444989574389786,2702.695142127115,0.6023497940750997,5172.208904503354,2702.695142127115,1861.4648930054282,5172.208904503354,2025-10-29
2025,10,4,3,44,0,14559.928169913765,13758.928706483552,13685.925651549023,12896.45298626637,17103.0562631747,13247.907321941871,17047.230397636537,14001.594175982114,484.9072056509134,14953.986455605236,1984.5470794653208,14486.86861106675,1725.779696751971,800.9994634302129,-2487.302227722772,0.058216702805703235,-0.14590652966523032,-0.8660254037844386,0.5000000000000001,-2.4492935982947064e-16,1.0,30,303,0,0,0,0,5,-0.8758917051442433,0.48250774176121763,0.43388373911755823,-0.900968867902419,13758.928706483552,14022.010923027789,13484.093676141809,11692.655965346534,12408.25918236985,11700.830198019805,11856.780996486748,12506.57599009901,13193.663565953368,8459.910891089108,14932.531112834786,1812.5244589556376,14652.04569124424,1731.970885409722,13955.773269881827,1750.5610357444314,14091.074848063146,1731.4124421166925,13322.551681001049,1782.2007653262515,12960.461604909051,1757.7080707305959,12921.485893688563,1753.6676814025927,12354.28668701604,1698.6901211590978,11556.928587355707,1803.5583978201528,0.03836234687298501,537.917246885976,0.2452199237765098,2867.272204567231,0.5992905137918936,5455.9360907058435,2867.272204567231,2053.352179814754,5455.9360907058435,2025-10-30
2025,10,4,4,44,0,15368.612165442351,14559.928169913765,13758.928706483552,13685.925651549023,12896.45298626637,14022.010923027789,16457.55556691153,14562.489680613226,804.8447865981095,14562.150657138292,1502.9351879435621,14396.123327610985,1639.1937962704585,808.6839955285868,-1088.9434014691797,0.05554175721825527,-0.06616677653263026,-0.8660254037844386,0.5000000000000001,-2.4492935982947064e-16,1.0,31,304,0,1,0,0,5,-0.867456354729597,0.4975132889071803,-0.433883739117558,-0.9009688679024191,14559.928169913765,14803.799056212074,14238.985946981797,11714.843168316833,13109.35972852124,12310.394405940591,12440.127389013096,14877.480158096456,12693.038901309485,7809.148514851485,15013.21869986768,1818.4008918555905,14732.733278277137,1737.5513997618784,14077.56556978601,1716.0379321360363,14171.762435096043,1736.6031935625135,13377.162712420724,1797.4126099201756,12995.324518914163,1776.2081306858017,12926.942915992406,1760.5732381207195,12369.150982927888,1713.3141939660936,11577.927097496236,1803.808843784277,0.03815325424815641,564.8131092302774,0.3118922673252045,3653.7689971255186,0.41480358945022466,4505.894343660173,3653.7689971255186,491.13200734589554,4505.894343660173,2025-10-31
2025,11,4,5,44,1,18392.023514851484,15368.612165442351,14559.928169913765,13758.928706483552,13685.925651549023,14803.799056212074,12412.327464068989,16106.854616735867,2019.8985422149692,14776.97853241776,1961.0655066709617,14894.431331842861,1873.4644910687578,3023.4113494091325,5979.696050782495,0.1967263743051264,0.4817546159729049,-0.5000000000000004,0.8660254037844384,-2.4492935982947064e-16,1.0,1,305,1,0,0,0,1,-0.858763958275803,0.5123714121284235,-0.9749279121818236,-0.2225209339563146,15368.612165442351,17719.62695624401,17047.230397636537,12408.25918236985,15702.43728042159,14684.425123762376,14798.374680613224,14271.532200574897,9540.1205844778,8134.529702970297,15109.275351097322,1994.4330433678329,14828.789929506776,1904.4974112936952,14277.024380868732,1857.2620595407443,14267.819086325684,1891.8502901909874,13443.369826547316,1911.127651092357,13038.106052655092,1861.3947362060817,12972.7261528177,1847.3684577463205,12418.328221429965,1758.1113180253453,11606.420135862572,1830.0877606762294,0.0379464285714286,672.3965586074737,0.48224043715846987,5983.7643324816345,0.49394067937351127,6080.943316831683,5983.7643324816345,4120.491314276587,6080.943316831683,2025-11-01
2025,11,4,6,44,1,17734.81520792079,18392.023514851484,15368.612165442351,14559.928169913765,13758.928706483552,17719.62695624401,13174.904267007343,17165.150296071544,1590.1706294539745,15583.372236026828,2026.8046894150377,15274.423910252315,1953.7105981201541,-657.2083069306937,4559.910940913447,-0.035733333333333395,0.34610581211830116,-0.5000000000000004,0.8660254037844384,-2.4492935982947064e-16,1.0,2,306,0,0,0,0,1,-0.8498170915275277,0.5270777086423724,-0.7818314824680299,0.6234898018587334,18392.023514851484,17103.0562631747,16457.55556691153,13109.35972852124,15166.55417438518,14125.07405940594,14195.590942190993,10695.512587032896,10091.598770360904,8676.831683168317,15199.52662891819,2110.60256598407,14920.022761007436,2015.8604284083858,14431.20623018205,1946.8184811693159,14359.54269466624,1996.4078874492106,13507.82948991365,1993.633455565627,13080.239674866161,1926.8170441389564,13050.940626383122,1898.1888607862095,12460.790534971964,1793.5449636570008,11631.581201209106,1851.8358309424073,0.03693836557775665,631.7589447460887,0.3528361090996861,4625.45547939955,1.1801893724040347,9600.285504950494,4625.45547939955,7039.302620887895,9600.285504950494,2025-11-02
2025,11,4,0,45,0,13359.965881188118,17734.81520792079,18392.023514851484,15368.612165442351,14559.928169913765,17103.0562631747,13247.907321941871,16495.601534653466,2735.3498685061995,15529.045607633343,2091.1819733179123,15283.762123522834,1943.3843429557962,-4374.849326732672,112.05855924624666,-0.24668141592920345,0.008458585686257791,-0.5000000000000004,0.8660254037844384,-2.4492935982947064e-16,1.0,3,307,0,0,0,0,1,-0.8406184056344783,0.5416278206559811,0.0,1.0,17734.81520792079,12896.45298626637,12412.327464068989,15702.43728042159,11444.076419674226,10614.825,10638.55664324497,11281.119136058767,10113.070257106354,8893.752475247526,15265.742756764155,2032.1172317410953,14987.711219373088,1939.6492555879672,14353.123850207601,1941.0411845227857,14427.967318291736,1924.3134073586737,13556.84986279201,1954.5723102129025,13112.637403889295,1908.0553676391278,13074.038923551225,1889.036896691637,12478.828843994641,1786.1133960190707,11643.987349558942,1848.400229131997,0.035941114616193426,463.51289492174874,-0.14917884130982362,-2342.471399233471,0.8114454092194179,5984.658950495048,-2342.471399233471,2078.846745129351,5984.658950495048,2025-11-03
2025,11,4,1,45,0,14164.310376237623,13359.965881188118,17734.81520792079,18392.023514851484,15368.612165442351,12896.45298626637,14022.010923027789,15086.363821782179,2328.6183833410155,15596.609219259022,2028.1523407293714,15295.620411290323,1935.4031396722908,804.344495049505,142.2994532098346,0.0602055800293686,0.010148291424886935,-0.5000000000000004,0.8660254037844384,-2.4492935982947064e-16,1.0,4,308,0,0,0,0,1,-0.8311706263658079,0.5560174366570446,0.7818314824680298,0.6234898018587336,13359.965881188118,13685.925651549023,13174.904267007343,15166.55417438518,12152.861497923985,11226.724702970298,11220.99897317151,11272.530541360587,10667.93867773874,9219.133663366338,15334.08343171967,1977.441138154853,15058.383084318108,1885.7952164322064,14319.715723602683,1935.1742688019206,14499.80477823151,1873.0983199164639,13609.306749814641,1930.166449661718,13147.676825354367,1899.9068997339161,13106.169810605414,1882.6329855193533,12498.253131208523,1785.321279364499,11657.72395153914,1848.7047532082331,0.03495450266708522,478.3847246885998,-0.0660824988078208,-1002.2437981475578,0.6742860011867269,5704.399485148515,-1002.2437981475578,2891.7798348770357,5704.399485148515,2025-11-04
2025,11,4,2,45,0,14226.434544554457,14164.310376237623,13359.965881188118,17734.81520792079,18392.023514851484,13685.925651549023,14803.799056212074,13916.903600660067,483.32139472634003,15541.026948365803,2066.4532075096417,15247.50670198552,1955.8102126653496,62.124168316833675,-577.3645116576172,0.004385964912280826,-0.03900110434255988,-0.5000000000000004,0.8660254037844384,-2.4492935982947064e-16,1.0,5,309,0,0,0,0,1,-0.8214765533024145,0.5702422926917867,0.9749279121818236,-0.22252093395631434,14164.310376237623,13758.928706483552,13247.907321941871,11444.076419674226,12225.864552858511,11248.911905940597,11212.410378473332,11856.780996486748,11225.067254870648,9002.212871287129,15400.869980015512,1922.5066656483805,15128.277885933292,1830.8642074316278,14412.460994432022,1857.7278806945744,14571.253706506364,1820.5658063140745,13662.476796932746,1904.806870019528,13183.55806542676,1891.3594013687546,13132.499294472833,1881.5334058046897,12514.927393928987,1787.3784113255006,11672.235678409326,1848.3059687313876,0.033978360382854955,467.50583807090516,0.24312648944714366,2782.358124880231,0.8217651409111428,6417.286029702972,2782.358124880231,2369.6535480677085,6417.286029702972,2025-11-05
2025,11,4,3,45,0,15040.58811881188,14226.434544554457,14164.310376237623,13359.965881188118,17734.81520792079,13758.928706483552,17719.62695624401,14477.111013201322,488.97309689049376,15486.356273927391,2076.2429127165196,15024.253465532842,1794.1942259596217,814.1535742574233,-2679.03883743213,0.05722822339692013,-0.1511904761904762,-0.5000000000000004,0.8660254037844384,-2.4492935982947064e-16,1.0,6,310,0,0,0,0,1,-0.8115390590073611,0.5842981736283683,0.43388373911755823,-0.900968867902419,14226.434544554457,14559.928169913765,14022.010923027789,12152.861497923985,12946.176429255827,11864.31485148515,11793.49661450016,12440.127389013096,13391.42725966145,9544.514851485148,15469.535687000956,1895.8641966615646,15201.033399917871,1803.5559852122594,14508.71854846162,1810.8316034078457,14646.054123990509,1794.1587511103305,13719.195962420723,1897.5656918962757,13222.213916668567,1895.7839166391589,13161.39330258171,1890.7261388506195,12524.089398702048,1796.1018687853334,11687.502548596345,1853.3738285894299,0.03301252199110016,480.65994889811554,0.23761701072469155,2887.7266208878955,0.8489806624370502,6906.058415841583,2887.7266208878955,2600.460729798784,6906.058415841583,2025-11-06
2025,11,4,4,45,0,15861.281079207922,15040.58811881188,14226.434544554457,14164.310376237623,13359.965881188118,14559.928169913765,17103.0562631747,15042.767914191421,817.4254471191812,15064.565867986797,1561.034706750744,14920.772200202277,1696.5514704946545,820.6929603960416,-1241.7751839667799,0.05456521739130449,-0.0726054551221057,-0.5000000000000004,0.8660254037844384,-2.4492935982947064e-16,1.0,7,311,0,0,0,0,1,-0.8013610881746769,0.5981809144059159,-0.433883739117558,-0.9009688679024191,15040.58811881188,15368.612165442351,14803.799056212074,12225.864552858511,13674.172837751516,12482.053292079208,12373.67878792718,14798.374680613224,12882.89204726924,11388.341584158416,15539.916960396038,1900.6319362560187,15276.56783013186,1807.7789191213553,14629.899099339933,1774.0629681912696,14724.165132613953,1797.884950181974,13779.539315762308,1911.1902443375177,13263.732991564766,1915.068919662405,13173.203373677206,1904.336764235405,12540.63600443504,1813.064924050965,11699.927380527039,1866.310615330992,0.03205682520074116,492.6689137655703,0.2973545560423716,3635.4165263494106,0.828003775845543,7184.449396039605,3635.4165263494106,1062.9063985946977,7184.449396039605,2025-11-07
2025,11,4,5,45,1,18964.2198019802,15861.281079207922,15040.58811881188,14226.434544554457,14164.310376237623,15368.612165442351,12896.45298626637,16622.029666666673,2069.486701160664,15269.466633663367,2000.4654510010994,15426.419434845098,1926.9525287827278,3102.93872277228,6067.766815713832,0.19562976705833868,0.47049889005724976,-0.5000000000000004,0.8660254037844384,-2.4492935982947064e-16,1.0,8,312,0,0,0,0,2,-0.7909456567567774,0.6118864012687242,-0.9749279121818236,-0.2225209339563146,15861.281079207922,18392.023514851484,17719.62695624401,12946.176429255827,16374.833839029065,14888.78094059406,14719.26920312999,14195.590942190993,9682.51044394762,12906.787128712871,15621.659287128712,2050.1616212611866,15365.467319113015,1961.248338123059,14830.500545097411,1911.993622487039,14816.64320271935,1946.3967939333372,13852.315009715632,2028.2081214860434,13314.268117741554,2007.7081262100544,13226.188138785976,1997.1786217163974,12592.20105642411,1862.6354342846757,11716.753582397225,1904.1443641562173,0.03111111111111131,572.1962871287178,0.4648510242085666,6018.043372724374,1.1323080279960682,10070.467326732676,6018.043372724374,4768.628859789209,10070.467326732676,2025-11-08
2025,11,4,6,45,1,18284.123643564355,18964.2198019802,15861.281079207922,15040.58811881188,14226.434544554457,18392.023514851484,13685.925651549023,17703.208174917498,1630.9979354998313,16090.159594059405,2069.301923617002,15809.602600846374,2004.9894400166693,-680.0961584158467,4598.197992015332,-0.03586206896551747,0.33598005053424296,-0.5000000000000004,0.8660254037844384,-2.4492935982947064e-16,1.0,9,313,0,0,0,0,2,-0.780295851070776,0.6254105729852457,-0.7818314824680299,0.6234898018587334,18964.2198019802,17734.81520792079,17103.0562631747,13674.172837751516,15812.054870648351,14321.255643564356,14119.64968380709,10638.55664324497,10241.899177579047,9725.19801980198,15700.131920792079,2152.4853411745144,15449.829274855134,2064.4264954580085,14984.16557195784,1999.1196276636406,14904.931373180636,2046.702449329757,13923.08050971563,2112.25918793958,13363.845188691048,2078.0215087067204,13311.138883233969,2047.8371050694404,12636.880081235142,1901.9826046739101,11740.528375796568,1932.4313757923537,0.030973451327433565,549.3084356435647,0.3371283119287285,4609.9508058128395,0.9832800251306872,9064.989980198017,4609.9508058128395,7645.5670003193845,9064.989980198017,2025-11-09
2025,11,4,0,46,0,13771.947207920792,18284.123643564355,18964.2198019802,15861.281079207922,15040.58811881188,17734.81520792079,13758.928706483552,17006.76355115512,2821.9957967748323,16024.765732673266,2147.0727780047373,15810.687475966144,2003.7821319651573,-4512.176435643563,13.018501437240047,-0.24678111587982832,0.0009461856889414477,-0.5000000000000004,0.8660254037844384,-2.4492935982947064e-16,1.0,10,314,0,0,0,0,2,-0.7694148268839381,0.6387494220515268,0.0,1.0,18284.123643564355,13359.965881188118,12896.45298626637,16374.833839029065,11928.201941871606,10761.961188118812,10581.600699457043,11220.99897317151,10263.370664324497,8817.51287128713,15758.986396039603,2082.3236665267805,15512.364576401878,1993.160348661553,14897.402684254232,1993.1570907013588,14970.779418396678,1975.8175309772312,13976.830260069239,2068.194285533951,13401.825504267996,2055.5915043443124,13339.48275250896,2036.2033179126895,12656.37217314401,1895.4896660020295,11754.290693398325,1929.1958109827478,0.03083700440528636,411.98132673267355,-0.15895652173913044,-2602.886631108273,0.5298402076057207,4769.734336633663,-2602.886631108273,2550.9482347492813,4769.734336633663,2025-11-10
2025,11,4,1,46,0,14599.179554455444,13771.947207920792,18284.123643564355,18964.2198019802,15861.281079207922,13359.965881188118,14559.928169913765,15551.750135313532,2402.1817333897607,16086.8899009901,2089.246370626281,15813.95842467795,2001.5856298343251,827.2323465346526,39.25138454167973,0.06006647673314336,0.002695850150056911,-0.5000000000000004,0.8660254037844384,-2.4492935982947064e-16,1.0,11,315,0,0,0,0,2,-0.7583058084785625,0.6518989958787125,0.7818314824680298,0.6234898018587336,13771.947207920792,14164.310376237623,13685.925651549023,15812.054870648351,12663.882882465665,11382.035123762376,11160.878810284255,11212.410378473332,10826.149632705206,10114.20594059406,15821.110564356435,2032.714749979107,15577.596998038052,1943.1022035678038,14856.973507047802,1986.2535633540551,15039.897156682027,1925.3343550596462,14034.279267760186,2039.2871002075944,13442.75765598432,2044.634357700796,13377.113521130983,2027.7290783135502,12677.333450487065,1895.9990374890028,11766.74895343683,1933.0526142181889,0.030701754385964897,434.8691782178212,-0.0767057366113969,-1212.8753161929071,0.5295884370889505,5054.664702970296,-1212.8753161929071,3386.769175982112,5054.664702970296,2025-11-11
2025,11,4,2,46,0,14661.303722772276,14599.179554455444,13771.947207920792,18284.123643564355,18964.2198019802,14164.310376237623,15368.612165442351,14344.143495049508,496.5091100122362,16023.6758349835,2132.5254703831934,15755.016054455446,2026.155887933259,62.124168316831856,-707.3084426700752,0.004255319148936287,-0.046022922242811126,-0.5000000000000004,0.8660254037844384,-2.4492935982947064e-16,1.0,12,316,0,0,0,0,2,-0.7469720876965551,0.6648553979642867,0.9749279121818236,-0.22252093395631434,14599.179554455444,14226.434544554457,13758.928706483552,11928.201941871606,12736.88593740019,11404.222326732674,11152.290215586074,11793.49661450016,11391.188757585438,9336.1900990099,15883.234732673269,1981.8644397101723,15642.05235634439,1892.4399464553817,14948.07689974449,1908.4429676176826,15108.62636330246,1873.7350580664452,14092.441435546609,2009.1362887773269,13484.531626307966,2033.087714938355,13408.978044556228,2025.0951005513332,12695.500755849214,1899.27062061837,11781.54093572506,1934.7753189019843,0.03056768558951939,434.86917821781935,0.2291294022535495,2733.10178090067,0.2873958525415734,3272.9621386138606,2733.10178090067,2867.8071082721162,3272.9621386138606,2025-11-12
2025,11,4,3,46,0,15498.34514851485,14661.303722772276,14599.179554455444,13771.947207920792,18284.123643564355,14226.434544554457,18392.023514851484,14919.609475247526,502.16141598728655,15963.186513201319,2143.173858290993,15513.876190594057,1848.1606311713304,837.0414257425746,-2893.678366336633,0.05709188224799289,-0.15733333333333333,-0.5000000000000004,0.8660254037844384,-2.4492935982947064e-16,1.0,13,317,0,0,0,0,2,-0.7354170229639858,0.6776147890466887,0.43388373911755823,-0.900968867902419,14661.303722772276,15040.58811881188,14559.928169913765,12663.882882465665,13484.093676141809,12027.799504950495,11730.212232513575,12373.67878792718,13589.190953369529,9725.19801980198,15948.628594059406,1956.8202149030344,15709.082140530181,1867.6194943006315,15042.558975279464,1861.0335394886026,15180.563915887209,1847.5380694721266,14154.41546489597,1997.7865466537792,13529.390351498456,2035.482726643097,13443.696559673872,2033.9120200352495,12706.107168044466,1909.5920425060096,11797.577455527038,1941.5972397849714,0.0304347826086957,457.7570297029706,0.22382252681551296,2834.462266049186,0.20079032790714524,2591.5580198019798,2834.462266049186,3124.666360587671,2591.5580198019798,2025-11-13
2025,11,4,4,46,0,16341.92596039604,15498.34514851485,14661.303722772276,14599.179554455444,13771.947207920792,15040.58811881188,17734.81520792079,15500.524943894392,840.3132392326909,15526.13753960396,1609.7914691584635,15397.802086633665,1736.3517876699282,843.5808118811892,-1392.8892475247503,0.05443037974683551,-0.07853982300884943,-0.5000000000000004,0.8660254037844384,-2.4492935982947064e-16,1.0,14,318,0,0,0,0,2,-0.7236440382959123,0.690173388242972,-0.433883739117558,-0.9009688679024191,15498.34514851485,15861.281079207922,15368.612165442351,12736.88593740019,14238.985946981797,12653.712178217822,12307.230186841263,14719.26920312999,13072.745193229,10373.544554455446,16017.29214851485,1961.6711653061857,15778.604554455445,1872.0810685369295,15162.726976045991,1823.0227377675155,15255.668916366292,1850.5851747808103,14220.276425292011,2008.180959977697,13577.422444040776,2053.817047115505,13461.726079199048,2052.453789693149,12724.269283417618,1928.551075979792,11814.156292765763,1954.8400243158665,0.030303030303030276,480.64488118811823,0.2830393583419104,3605.0400229958504,0.6803694821556743,6616.727940594061,3605.0400229958504,1622.6567572660497,6616.727940594061,2025-11-14
2025,11,4,5,46,1,19536.41608910891,16341.92596039604,15498.34514851485,14661.303722772276,14599.179554455444,15861.281079207922,13359.965881188118,17125.562399339935,2130.039619736671,15734.852947194719,2057.7471583099336,15912.506270627062,1976.2314350345482,3194.4901287128687,6176.4502079207905,0.19547819127651045,0.4623103279490943,-0.5000000000000004,0.8660254037844384,-2.4492935982947064e-16,1.0,15,319,0,0,0,0,3,-0.7116566222817751,0.7025274741691566,-0.9749279121818236,-0.2225209339563146,16341.92596039604,18964.2198019802,18392.023514851484,13484.093676141809,17047.230397636537,15093.136757425742,14640.16372564676,14119.64968380709,9824.900303417438,10632.883168316832,16099.034475247523,2111.1608427359,15860.34688118812,2014.5352853882955,15364.471056478227,1960.5529801616246,15344.568405347449,1994.0632692330769,14299.620699072068,2127.5269434676848,13635.711162653419,2151.498330205819,13521.91237259129,2149.108526678568,12778.222148893678,1982.0865307343145,11838.888328656853,1995.747649009702,0.030172413793103203,572.1962871287069,0.448849033411554,6052.3224129671,1.2156379439746816,10718.903217821779,6052.3224129671,5416.766405301818,10718.903217821779,2025-11-15
2025,11,4,6,46,1,18833.43207920792,19536.41608910891,16341.92596039604,15498.34514851485,14661.303722772276,18964.2198019802,14164.310376237623,18237.25804290429,1678.6183028856726,16578.433759075906,2128.3814985425643,16301.599745874586,2058.668842575819,-702.9840099009889,4669.121702970297,-0.035983263598326265,0.32963988919667586,-0.5000000000000004,0.8660254037844384,-2.4492935982947064e-16,1.0,16,320,0,0,0,0,3,-0.6994583270516471,0.7146733860429608,-0.7818314824680299,0.6234898018587334,19536.41608910891,18284.123643564355,17734.81520792079,14238.985946981797,16457.55556691153,14517.43722772277,14043.708425423189,10581.600699457043,10392.19958479719,11021.89108910891,16177.507108910891,2213.6399333382456,15938.819514851484,2112.1985289931736,15517.619260885764,2047.1394198324003,15429.421137929461,2091.35446439093,14376.69203570573,2212.05688457738,13692.731682341333,2224.667753217197,13613.599387921859,2197.730256522769,12825.117884973739,2024.7187563225039,11860.587053629348,2029.0280429719837,0.030042918454935563,549.3084356435647,0.32266666666666644,4594.446132226123,0.8620771803368812,8719.22613861386,4594.446132226123,8251.831379750876,8719.22613861386,2025-11-16
2025,11,4,0,47,0,14183.928534653463,18833.43207920792,19536.41608910891,16341.92596039604,15498.34514851485,18284.123643564355,14226.434544554457,17517.925567656766,2908.6420872290428,16509.225255775575,2210.769466877794,16298.057578382837,2062.5968102893835,-4649.503544554456,-42.50600990099338,-0.24687500000000007,-0.0029878188922088933,-0.5000000000000004,0.8660254037844384,-2.4492935982947064e-16,1.0,17,321,0,0,0,0,3,-0.6870527672236675,0.726607524768565,0.0,1.0,18833.43207920792,13771.947207920792,13359.965881188118,17047.230397636537,12412.327464068989,10909.097376237623,10524.644755669116,11160.878810284255,10413.671071542638,10762.552475247525,16236.361584158414,2143.38519934039,15997.673990099009,2045.2315373040542,15422.175865452997,2040.1010099598286,15492.692604736048,2022.3557969402996,14435.171163534586,2161.427125801904,13736.294584472098,2197.5458912504846,13647.188829303735,2182.8738955658328,12846.0637597688,2019.1268659749835,11870.090876016588,2031.881335537677,0.029914529914529808,411.98132673267173,-0.16796287703016244,-2863.301862983073,0.5192416161446483,4847.738435643563,-2863.301862983073,3023.049724369208,4847.738435643563,2025-11-17
2025,11,4,1,47,0,15034.048732673264,14183.928534653463,18833.43207920792,19536.41608910891,16341.92596039604,13771.947207920792,15040.58811881188,16017.136448844883,2475.745725225375,16571.34942409241,2152.9367611166026,16297.512629537954,2062.9600748928883,850.1201980198002,-6.5393861386164645,0.05993545412632528,-0.0004347826086957829,-0.5000000000000004,0.8660254037844384,-2.4492935982947064e-16,1.0,18,322,0,0,0,0,3,-0.6744436188329457,0.7383263540031063,0.7818314824680298,0.6234898018587336,14183.928534653463,14599.179554455444,14164.310376237623,16457.55556691153,13174.904267007343,11537.345544554457,11100.758647396997,11152.290215586074,10984.360587671672,11410.89900990099,16298.485752475246,2093.7516561167295,16059.79815841584,1997.9211553599227,15374.725637645053,2031.726271406445,15559.090621366975,1973.366066657997,14497.612291893849,2126.4144812788054,13783.119466439673,2182.5656386827804,13690.319479493592,2171.342876678261,12868.56202724103,2020.828069438194,11880.155180802067,2038.5626320489437,0.029787234042553123,434.86917821781935,-0.08649564198344717,-1423.5068342382674,0.5458861302424545,5308.8507128712845,-1423.5068342382674,3881.75851708719,5308.8507128712845,2025-11-18
2025,11,4,2,47,0,15096.172900990096,15034.048732673264,14183.928534653463,18833.43207920792,19536.41608910891,14599.179554455444,15861.281079207922,14771.383389438945,509.69820274407834,16504.320716171616,2198.7966708919475,16233.753614686468,2089.3231529244736,62.124168316831856,-765.1081782178262,0.004132231404958775,-0.048237476808905666,-0.5000000000000004,0.8660254037844384,-2.4492935982947064e-16,1.0,19,323,0,0,0,0,3,-0.661634618242279,0.749826401204568,0.9749279121818236,-0.22252093395631434,15034.048732673264,14661.303722772276,14226.434544554457,12412.327464068989,13247.907321941871,11559.532747524752,11092.17005269882,11730.212232513575,11557.310260300224,13615.277227722772,16360.609920792076,2042.9125977955225,16121.922326732672,1949.4629631994433,15464.18715220909,1954.403740331398,15625.10010633298,1923.4749572867474,14560.766580348587,2089.770450386099,13830.78616701457,2166.753839394286,13727.719042476665,2166.1841300917945,12888.222375244864,2025.2096148804153,11884.268779894477,2043.5616879867766,0.029661016949152463,434.86917821781935,0.21622418879056005,2683.8454369211067,0.4552569588671864,4722.62834653465,2683.8454369211067,3365.9606684765204,4722.62834653465,2025-11-19
2025,11,4,3,47,0,15956.10217821782,15096.172900990096,15034.048732673264,14183.928534653463,18833.43207920792,14661.303722772276,18964.2198019802,15362.10793729373,515.3510665172734,16440.016752475243,2210.1083914504266,15983.0771460396,1904.1954642751946,859.929277227724,-3008.117623762382,0.05696339614468271,-0.15862068965517273,-0.5000000000000004,0.8660254037844384,-2.4492935982947064e-16,1.0,20,324,0,0,0,0,3,-0.6486295610349818,0.7611042586607742,0.43388373911755823,-0.900968867902419,15096.172900990096,15498.34514851485,15040.58811881188,13174.904267007343,14022.010923027789,12191.28415841584,11666.927850526989,12307.230186841263,13786.954647077611,15430.647524752474,16426.003782178217,2017.884319856369,16187.316188118812,1925.6091870538112,15556.89374924944,1907.4667647189228,15694.174794018341,1898.3372870693836,14627.995473559336,2072.644947781818,13881.847766153747,2165.685055025275,13768.262064603072,2173.433685061047,12900.27319486231,2037.0066081242107,11885.728376154102,2046.2875466995067,0.029535864978902815,457.7570297029688,0.21109814954596406,2781.1979112104764,0.5006374024462872,5323.219009900988,2781.1979112104764,3648.8719913765563,5323.219009900988,2025-11-20
2025,11,4,4,47,0,16822.57084158416,15956.10217821782,15096.172900990096,15034.048732673264,14183.928534653463,15498.34514851485,18284.123643564355,15958.28197359736,863.2010344947097,15987.70921122112,1658.5573018581174,15861.281079207918,1786.756516102154,866.4686633663387,-1461.5528019801968,0.05430327868852469,-0.07993562231759654,-0.5000000000000004,0.8660254037844384,-2.4492935982947064e-16,1.0,21,325,0,0,0,0,3,-0.6354323008901775,0.7721565844991641,-0.433883739117558,-0.9009688679024191,15956.10217821782,16341.92596039604,15861.281079207922,13247.907321941871,14803.799056212074,12825.371064356435,12240.781585755352,14640.16372564676,13262.598339188758,9504.282178217822,16494.66733663366,2022.7183168717236,16255.979742574256,1930.2224592202786,15676.049199904182,1869.5291112327918,15766.27378635306,1901.6020299864667,14699.374041009834,2078.257711149927,13936.392876342186,2181.4959929313445,13792.511032557932,2195.3349748169653,12920.050819875616,2057.7209846558076,11906.056955774564,2058.87605230777,0.02941176470588225,480.64488118811823,0.2698285421820352,3574.6635196422867,0.5262871593974547,5800.679752475247,3574.6635196422867,2182.407115937398,5800.679752475247,2025-11-21
2025,11,4,5,47,1,20108.612376237623,16822.57084158416,15956.10217821782,15096.172900990096,15034.048732673264,16341.92596039604,13771.947207920792,17629.095132013204,2190.592684515666,16200.23926072607,2115.0296328959057,16389.33650990099,2032.5953850496305,3286.0415346534646,6336.665168316831,0.19533527696792996,0.4601139601139601,-0.5000000000000004,0.8660254037844384,-2.4492935982947064e-16,1.0,22,326,0,0,0,0,4,-0.622046748440868,0.7829801036770625,-0.9749279121818236,-0.2225209339563146,16822.57084158416,19536.41608910891,18964.2198019802,14022.010923027789,17719.62695624401,15297.492574257429,14561.058248163528,14043.708425423189,9967.29016288726,8617.215841584159,16576.409663366336,2172.1696893768817,16337.722069306928,2072.707859594087,15878.935915011178,2008.9104694221794,15851.594694209973,2040.9776432812998,14785.286894616622,2199.3482829061754,14002.435187390683,2282.279744604408,13859.89885423365,2293.9991291026045,12976.391498838673,2114.4750583371974,11937.977501704156,2096.481382276742,0.029288702928870425,572.1962871287142,0.43407479045776887,6086.601453209834,0.8683869298184443,9346.059900990098,6086.601453209834,6064.903950814434,9346.059900990098,2025-11-22
2025,11,4,6,47,1,19382.740514851484,20108.612376237623,16822.57084158416,15956.10217821782,15096.172900990096,19536.41608910891,14599.179554455444,18771.30791089109,1726.2400220583752,17066.707924092407,2187.461970457923,16787.966589933993,2116.9192520309875,-725.8718613861383,4783.56096039604,-0.03609756097560979,0.32765957446808525,-0.5000000000000004,0.8660254037844384,-2.4492935982947064e-16,1.0,23,327,0,0,0,0,4,-0.6084768701151264,0.7935716089521472,-0.7818314824680299,0.6234898018587334,20108.612376237623,18833.43207920792,18284.123643564355,14803.799056212074,17103.0562631747,14713.618811881186,13967.767167039285,10524.644755669116,10542.499992015331,9884.453465346534,16654.8822970297,2274.7953731941648,16416.194702970297,2170.554328561081,16031.567296965824,2096.4481802066334,15933.011988912715,2136.006589093655,14868.664067883947,2283.4760310091106,14066.899155817022,2356.5542590175064,13958.322140446786,2338.88109616266,13025.503946187764,2159.8070059754277,11964.361632397226,2130.0646701605788,0.029166666666666785,549.3084356435647,0.309308539061665,4578.9414586394105,0.6986164278584448,7971.841504950495,4578.9414586394105,8858.095759182368,7971.841504950495,2025-11-23
2025,11,4,0,48,0,14595.909861386135,19382.740514851484,20108.612376237623,16822.57084158416,15956.10217821782,18833.43207920792,14661.303722772276,18029.087584158417,2995.288708437436,16993.684778877887,2274.471136804708,16782.517101485148,2122.96704259369,-4786.830653465349,-65.393861386141,-0.24696356275303655,-0.004460303300624635,-0.5000000000000004,0.8660254037844384,-2.4492935982947064e-16,1.0,24,328,0,0,0,0,4,-0.594726686960764,0.8039279618328208,0.0,1.0,19382.740514851484,14183.928534653463,13771.947207920792,17719.62695624401,12896.45298626637,11056.233564356437,10467.68881188119,11100.758647396997,10563.97147876078,9124.110891089109,16713.736772277225,2204.4527661672855,16475.04917821782,2103.474733568435,15927.443393803896,2087.2690245061435,15993.706877309849,2069.640827589667,14931.872573188051,2224.248530895777,14116.044644501604,2323.402510570501,13997.157153935554,2319.8401251030364,13047.903603869014,2155.0381231103624,11979.561073981384,2129.2634488889175,0.029045643153526868,411.98132673267173,-0.17628571428571438,-3123.717094857875,0.07202443382251866,980.6326336633629,-3123.717094857875,3495.1512139891383,980.6326336633629,2025-11-24
2025,11,4,1,48,0,15468.917910891088,14595.909861386135,19382.740514851484,20108.612376237623,16822.57084158416,14183.928534653463,15498.34514851485,16482.522762376237,2549.3103032888116,17055.80894719472,2216.6326245925,16780.06483168317,2124.6016261565287,873.0080495049533,-29.427237623762267,0.05981182795698947,-0.0018987341772152,-0.5000000000000004,0.8660254037844384,-2.4492935982947064e-16,1.0,25,329,0,0,0,0,4,-0.5808002734538014,0.8140460935082175,0.7818314824680298,0.6234898018587336,14595.909861386135,15034.048732673264,14599.179554455444,17103.0562631747,13685.925651549023,11692.655965346534,11071.414282178215,11092.17005269882,11142.571542638136,9504.282178217822,16775.86094059406,2154.7961307598707,16537.17334653465,2056.1214219155754,15872.972115394443,2076.828100683956,16057.385172286353,2022.907392081933,14999.30582221563,2181.082849685725,14168.39587817676,2303.430686700742,14045.787685693247,2304.08008021783,13071.93886147042,2157.7933612971406,11996.129506572144,2133.1516684258677,0.02892561983471098,434.8691782178248,-0.09554656940479955,-1634.1383522836131,0.0024801542564707457,38.27038613861441,-1634.1383522836131,4376.747858192268,38.27038613861441,2025-11-25
2025,11,4,2,48,0,15531.04207920792,15468.917910891088,14595.909861386135,19382.740514851484,20108.612376237623,15034.048732673264,16341.92596039604,15198.623283828383,522.8885686896417,16984.965597359736,2265.0716238000414,16712.49117491749,2152.5154533315094,62.124168316831856,-810.8838811881196,0.004016064257028162,-0.04961984793917573,-0.5000000000000004,0.8660254037844384,-2.4492935982947064e-16,1.0,26,330,0,0,0,0,4,-0.5667017562911184,0.8239230057575536,0.9749279121818236,-0.22252093395631434,15468.917910891088,15096.172900990096,14661.303722772276,12896.45298626637,13758.928706483552,11714.843168316833,11093.601485148514,11666.927850526989,11723.431763015013,10137.90099009901,16837.985108910892,2103.9678543202185,16599.297514851485,2007.651525678561,15960.791751825827,2000.9404271855421,16120.674935597937,1975.499419723869,15067.452231338686,2135.7422389396143,14221.222551915562,2282.856068753121,14088.722288234147,2295.2392563801673,13093.092252115935,2163.1565692239597,12011.11045404189,2138.9949204692557,0.02880658436214012,434.8691782178248,0.20428788409860954,2634.589092941551,0.6341099504392236,6026.759900990099,2634.589092941551,3864.114228680932,6026.759900990099,2025-11-26
2025,11,4,3,48,0,16413.859207920792,15531.04207920792,15468.917910891088,14595.909861386135,19382.740514851484,15096.172900990096,19536.41608910891,15804.606399339937,528.5419488034895,16916.846991749175,2277.046195820076,16452.278101485146,1960.256234476423,882.8171287128716,-3122.5568811881167,0.05684210526315803,-0.15983263598326347,-0.5000000000000004,0.8660254037844384,-2.4492935982947064e-16,1.0,27,331,0,0,0,0,4,-0.5524353131676203,0.8335557718385695,0.43388373911755823,-0.900968867902419,15531.04207920792,15956.10217821782,15498.34514851485,13685.925651549023,14559.928169913765,12408.25918236985,11700.830198019805,12240.781585755352,13984.718340785694,10391.348514851485,16903.378970297028,2078.9546719754335,16664.691376237624,1983.8009880900177,16051.722870371554,1955.4637468950398,16186.886758383902,1952.1822475401084,15138.980803223525,2112.0077020392837,14277.330040128665,2278.076983402082,14135.089817369315,2299.6356581861887,13106.587479155576,2176.287661828849,12027.839650411526,2149.8152112995867,0.028688524590164022,457.75702970297243,0.1993240081691523,2727.9335563717686,0.9047752208680113,7796.643366336633,2727.9335563717686,4173.07762216544,7796.643366336633,2025-11-27
2025,11,4,4,48,0,17303.215722772275,16413.859207920792,15531.04207920792,15468.917910891088,14595.909861386135,15956.10217821782,18833.43207920792,16416.03900330033,886.0888326612148,16449.280882838284,1707.3314276363938,16324.760071782177,1837.1846036740176,889.3565148514826,-1530.2163564356451,0.054183266932270824,-0.08125000000000004,-0.5000000000000004,0.8660254037844384,-2.4492935982947064e-16,1.0,28,332,0,0,0,0,4,-0.5380051715382992,0.8429415373547832,-0.433883739117558,-0.9009688679024191,16413.859207920792,16822.57084158416,16341.92596039604,13758.928706483552,15368.612165442351,13109.35972852124,12310.394405940591,14561.058248163528,13452.451485148516,10771.5198019802,16972.042524752476,2083.7726946479224,16733.35493069307,1988.400844513728,16169.865770914508,1918.8889783916277,16255.979742574256,1956.3795810569543,15213.87108883515,2113.085556706651,14336.768389138568,2291.2354402243873,14165.558233753858,2323.385929354864,13127.98061380904,2198.5196853941275,12045.983250191504,2166.679164843353,0.02857142857142847,480.6448811881164,0.2575990538143109,3544.287016288723,0.7505485541952166,7418.76225742574,3544.287016288723,2742.1574746087463,7418.76225742574,2025-11-28
2025,11,4,5,48,1,20680.808663366333,17303.215722772275,16413.859207920792,15531.04207920792,15468.917910891088,16822.57084158416,14183.928534653463,18132.62786468647,2251.145883699598,16665.625574257425,2172.3128140612166,16866.166749174918,2088.9811637106623,3377.5929405940587,6496.88012871287,0.19520030234315944,0.4580451821115721,-0.5000000000000004,0.8660254037844384,-2.4492935982947064e-16,1.0,29,333,0,0,0,0,5,-0.5234156073655503,0.8520775211013093,-0.9749279121818236,-0.2225209339563146,17303.215722772275,20108.612376237623,19536.41608910891,14559.928169913765,18392.023514851484,15702.43728042159,14684.425123762376,13967.767167039285,10097.746396039607,10518.072277227724,17053.784851485147,2233.187372329331,16815.09725742574,2130.9132520710978,16373.895120696261,2061.8854767945127,16337.722069306928,2092.045836527193,15302.770577816305,2235.2071947738436,14408.153907467187,2393.334100753019,14240.14758371305,2422.6031110150543,13186.775404183078,2257.7429274923124,12074.213073486333,2212.438755950637,0.028455284552845406,572.1962871287105,0.42039221773776236,6120.880493452569,1.266610841343879,11556.697772277224,6120.880493452569,6713.041496327049,11556.697772277224,2025-11-29
2025,11,4,6,48,1,19932.04895049505,20680.808663366333,17303.215722772275,16413.859207920792,15531.04207920792,20108.612376237623,15034.048732673264,19305.35777887789,1773.8629841463799,17554.982089108908,2246.5432685949095,17274.333433993397,2175.191570676239,-748.7597128712841,4898.000217821786,-0.03620553359683776,0.3257938234014792,-0.5000000000000004,0.8660254037844384,-2.4492935982947064e-16,1.0,30,334,0,1,0,0,5,-0.5086709438521042,0.8609610158889945,-0.7818314824680299,0.6234898018587334,20680.808663366333,19382.740514851484,18833.43207920792,15368.612165442351,17734.81520792079,15166.55417438518,14125.07405940594,10467.68881188119,10667.607188118816,11151.69108910891,17132.257485148515,2335.9515941642785,16893.569891089108,2228.931924054676,16526.009680198018,2151.5469939099344,16416.194702970297,2185.5129060673385,15387.868698818269,2319.068954591975,14477.284560932534,2467.7677246558155,14345.30714080876,2462.1004717702313,13238.24452508517,2305.096168220625,12098.602956434628,2250.313621156354,0.028340080971659853,549.3084356435647,0.29693226271360906,4563.436785052698,1.0971651069215804,10427.766772277228,4563.436785052698,9464.36013861386,10427.766772277228,2025-11-30
2025,12,4,0,49,0,15007.89118811881,19932.04895049505,20680.808663366333,17303.215722772275,16413.859207920792,19382.740514851484,15096.172900990096,18540.249600660067,3081.935632503194,17478.144301980195,2338.177380671682,17266.97662458746,2183.362080811209,-4924.157762376239,-88.28171287128498,-0.2470472440944882,-0.005847953216374102,-2.4492935982947064e-16,1.0,-2.4492935982947064e-16,1.0,1,335,1,0,0,0,1,-0.4937755501599774,0.8695893893466109,0.0,1.0,19932.04895049505,14595.909861386135,14183.928534653463,18392.023514851484,13359.965881188118,11444.076419674226,10614.825,11071.414282178215,10676.482069306932,13305.99504950495,17191.111960396036,2265.525879064499,16952.424366336632,2161.746476768034,16413.20526930693,2139.0169399666415,16475.04917821782,2121.411098245613,15451.508248254779,2256.942947238142,14529.582967933946,2431.2053513756446,14389.045773096985,2438.1357178472254,13262.307909078567,2300.808247323915,12103.330445708554,2254.6407152164775,0.02822580645161299,411.98132673267537,-0.18400000000000005,-3384.1323267326734,0.4803746064176386,4869.990198019801,-3384.1323267326734,3936.4769059405953,4869.990198019801,2025-12-01
2025,12,4,2,1,0,16675.434653465345,15007.89118811881,19932.04895049505,20680.808663366333,17303.215722772275,14595.909861386135,15956.10217821782,17205.12493069307,2504.448294442243,17668.876397689764,2189.5310291162787,17326.92099752475,2153.77427471064,1667.5434653465345,719.3324752475255,0.11111111111111116,0.04508196721311486,-2.4492935982947064e-16,1.0,-2.4492935982947064e-16,1.0,31,365,0,1,0,1,5,6.432490598706546e-16,1.0,0.9749279121818236,-0.22252093395631434,15007.89118811881,15468.917910891088,15034.048732673264,17734.81520792079,14164.310376237623,12152.861497923985,11226.724702970298,11093.601485148514,11247.744158415844,15080.127722772277,17363.471495049504,2155.908978006615,17069.66621782178,2093.1213514104666,16377.892584158417,2125.14593788987,16564.73218811881,2072.624312795941,15532.26848317516,2217.329319376874,14594.4485625827,2414.65258084518,14451.066141633839,2424.320704130308,13292.461745162178,2309.8077614258136,12107.76185384937,2262.0633297766094,0.07799619530754587,1206.5167425742566,-0.05973451327433632,-1059.3805544554452,0.6047421207779282,6284.08613861386,-1059.3805544554452,5581.833168316831,6284.08613861386,2025-12-31
