year,month,quarter,day_of_week,week_of_year,is_weekend,y,lag_1,lag_2,lag_3,lag_4,lag_8,lag_12,rolling_mean_3,rolling_std_3,rolling_mean_6,rolling_std_6,rolling_mean_12,rolling_std_12,diff_1,diff_12,pct_change_1,pct_change_12,month_sin,month_cos,quarter_sin,quarter_cos,day_of_month,day_of_year,is_month_start,is_month_end,is_quarter_start,is_quarter_end,week_of_month,day_of_year_sin,day_of_year_cos,day_of_week_sin,day_of_week_cos,lag_1d,lag_7d,lag_14d,lag_30d,lag_4w,lag_8w,lag_12w,lag_3m,lag_6m,lag_12m,rolling_mean_7d,rolling_std_7d,rolling_mean_14d,rolling_std_14d,rolling_mean_30d,rolling_std_30d,rolling_mean_4w,rolling_std_4w,rolling_mean_8w,rolling_std_8w,rolling_mean_12w,rolling_std_12w,rolling_mean_3m,rolling_std_3m,rolling_mean_6m,rolling_std_6m,rolling_mean_12m,rolling_std_12m,pct_change_1w,diff_1w,pct_change_1m,diff_1m,pct_change_1y,diff_1y,momentum_30d,momentum_90d,yoy_change,index
2015,1,1,5,5,1,4237.79702970297,,,,,,,4237.79702970297,,4237.79702970297,,4237.79702970297,,,,,,0.49999999999999994,0.8660254037844387,1.0,6.123233995736766e-17,31,31,0,1,0,0,5,0.5086709438521044,0.8609610158889943,-0.9749279121818236,-0.2225209339563146,,,,,,,,,,,4237.79702970297,,4237.79702970297,,4237.79702970297,,4237.79702970297,,4237.79702970297,,4237.79702970297,,4237.79702970297,,4237.79702970297,,4237.79702970297,,,,,,,,,,,2015-01-31
2015,2,1,5,9,1,3842.2693069306933,4237.79702970297,,,,,,4040.0331683168315,279.6803349195494,4040.0331683168315,279.6803349195494,4040.0331683168315,279.6803349195494,-395.5277227722763,,-0.09333333333333316,,0.8660254037844386,0.5000000000000001,1.0,6.123233995736766e-17,28,59,0,1,0,0,4,0.8498170915275278,0.5270777086423722,-0.9749279121818236,-0.2225209339563146,4237.79702970297,,,,,,,,,,4040.0331683168315,279.6803349195494,4040.0331683168315,279.6803349195494,4040.0331683168315,279.6803349195494,4040.0331683168315,279.6803349195494,4040.0331683168315,279.6803349195494,4040.0331683168315,279.6803349195494,4040.0331683168315,279.6803349195494,4040.0331683168315,279.6803349195494,4040.0331683168315,279.6803349195494,,,,,,,,,,2015-02-28
2015,3,1,1,14,0,4407.308910891089,3842.2693069306933,4237.79702970297,,,,,4162.458415841585,289.9558045027664,4162.458415841585,289.9558045027664,4162.458415841585,289.9558045027664,565.0396039603957,,0.1470588235294117,,1.0,6.123233995736766e-17,1.0,6.123233995736766e-17,31,90,0,1,0,1,5,0.9997685019798909,0.021516097436222254,0.7818314824680298,0.6234898018587336,3842.2693069306933,,,,,,,,,,4162.458415841585,289.9558045027664,4162.458415841585,289.9558045027664,4162.458415841585,289.9558045027664,4162.458415841585,289.9558045027664,4162.458415841585,289.9558045027664,4162.458415841585,289.9558045027664,4162.458415841585,289.9558045027664,4162.458415841585,289.9558045027664,4162.458415841585,289.9558045027664,,,,,,,,,,2015-03-31
2015,4,2,3,18,0,4068.2851485148512,4407.308910891089,3842.2693069306933,4237.79702970297,,,,4105.954455445545,284.39703061812946,4138.915099009901,241.38502462451774,4138.915099009901,241.38502462451774,-339.02376237623776,,-0.07692307692307698,,0.8660254037844387,-0.49999999999999983,1.2246467991473532e-16,-1.0,30,120,0,1,0,0,5,0.8800122039735357,-0.47495107206704995,0.43388373911755823,-0.900968867902419,4407.308910891089,,,,,,,,,,4138.915099009901,241.38502462451774,4138.915099009901,241.38502462451774,4138.915099009901,241.38502462451774,4138.915099009901,241.38502462451774,4138.915099009901,241.38502462451774,4138.915099009901,241.38502462451774,4138.915099009901,241.38502462451774,4138.915099009901,241.38502462451774,4138.915099009901,241.38502462451774,,,,,,,,,,2015-04-30
2015,5,2,6,22,1,4237.79702970297,4068.2851485148512,4407.308910891089,3842.2693069306933,4237.79702970297,,,4237.797029702971,169.51188118811922,4158.691485148514,213.67165190603095,4158.691485148514,213.67165190603095,169.51188118811842,,0.04166666666666652,,0.49999999999999994,-0.8660254037844387,1.2246467991473532e-16,-1.0,31,151,0,1,0,0,5,0.5160623910158528,-0.8565509959010036,-0.7818314824680299,0.6234898018587334,4068.2851485148512,,,,,,,,,,4158.691485148514,213.67165190603095,4158.691485148514,213.67165190603095,4158.691485148514,213.67165190603095,4158.691485148514,213.67165190603095,4158.691485148514,213.67165190603095,4158.691485148514,213.67165190603095,4158.691485148514,213.67165190603095,4158.691485148514,213.67165190603095,4158.691485148514,213.67165190603095,,,,,,,,,,2015-05-31
2015,6,2,1,27,0,4520.316831683168,4237.79702970297,4068.2851485148512,4407.308910891089,3842.2693069306933,,,4275.466336633663,228.35803721453416,4218.962376237624,241.49522094371358,4218.962376237624,241.49522094371358,282.5198019801983,,0.06666666666666665,,1.2246467991473532e-16,-1.0,1.2246467991473532e-16,-1.0,30,181,0,1,0,1,5,0.02581844022713308,-0.9996666485105112,0.7818314824680298,0.6234898018587336,4237.79702970297,,,,,,,,,,4218.962376237624,241.49522094371358,4218.962376237624,241.49522094371358,4218.962376237624,241.49522094371358,4218.962376237624,241.49522094371358,4218.962376237624,241.49522094371358,4218.962376237624,241.49522094371358,4218.962376237624,241.49522094371358,4218.962376237624,241.49522094371358,4218.962376237624,241.49522094371358,,,,,,,,,,2015-06-30
2015,7,3,4,31,0,4633.324752475248,4520.316831683168,4237.79702970297,4068.2851485148512,4407.308910891089,,,4463.8128712871285,203.7279264747084,4284.883663366337,295.5900697869125,4278.157001414426,270.4218500743484,113.00792079207986,,0.025000000000000133,,-0.4999999999999998,-0.8660254037844388,-1.0,-1.8369701987210297e-16,31,212,0,1,0,0,5,-0.4862727071086902,-0.8738071036110807,-0.433883739117558,-0.9009688679024191,4520.316831683168,,,,,,,,,,4278.157001414426,270.4218500743484,4278.157001414426,270.4218500743484,4278.157001414426,270.4218500743484,4278.157001414426,270.4218500743484,4278.157001414426,270.4218500743484,4278.157001414426,270.4218500743484,4278.157001414426,270.4218500743484,4278.157001414426,270.4218500743484,4278.157001414426,270.4218500743484,,,,,,,,,,2015-07-31
2015,8,3,0,36,0,4802.836633663366,4633.324752475248,4520.316831683168,4237.79702970297,4068.2851485148512,,,4652.159405940594,142.1985153090654,4444.978217821782,266.6284529085416,4343.741955445545,311.5962334543519,169.51188118811842,,0.03658536585365835,,-0.8660254037844384,-0.5000000000000004,-1.0,-1.8369701987210297e-16,31,243,0,1,0,0,5,-0.8631421280499115,-0.5049610547215202,0.0,1.0,4633.324752475248,4237.79702970297,,,,,,,,,4358.876944837341,333.37108610444517,4343.741955445545,311.5962334543519,4343.741955445545,311.5962334543519,4343.741955445545,311.5962334543519,4343.741955445545,311.5962334543519,4343.741955445545,311.5962334543519,4343.741955445545,311.5962334543519,4343.741955445545,311.5962334543519,4343.741955445545,311.5962334543519,0.13333333333333353,565.0396039603966,,,,,,,,2015-08-31
2015,9,3,2,40,0,4689.828712871287,4802.836633663366,4633.324752475248,4520.316831683168,4237.79702970297,4237.79702970297,,4708.663366336634,86.31122519321328,4492.064851485148,283.0842776718174,4382.19603960396,313.47110777747037,-113.00792079207895,,-0.0235294117647058,,-1.0,-1.8369701987210297e-16,-1.0,-1.8369701987210297e-16,30,273,0,1,0,1,5,-0.9999166586547379,-0.012910296075008843,0.9749279121818236,-0.22252093395631434,4802.836633663366,3842.2693069306933,,,,,,,,,4479.956859971711,260.3974163278857,4382.19603960396,313.47110777747037,4382.19603960396,313.47110777747037,4382.19603960396,313.47110777747037,4382.19603960396,313.47110777747037,4382.19603960396,313.47110777747037,4382.19603960396,313.47110777747037,4382.19603960396,313.47110777747037,4382.19603960396,313.47110777747037,0.22058823529411753,847.5594059405939,,,,,,,,2015-09-30
2015,10,4,5,44,1,4972.348514851485,4689.828712871287,4802.836633663366,4633.324752475248,4520.316831683168,3842.2693069306933,,4821.671287128713,142.1985153090649,4642.742079207921,251.21502353424216,4441.211287128713,349.53382175033875,282.51980198019737,,0.06024096385542155,,-0.8660254037844386,0.5000000000000001,-2.4492935982947064e-16,1.0,31,304,0,1,0,0,5,-0.867456354729597,0.4975132889071803,-0.9749279121818236,-0.2225209339563146,4689.828712871287,4407.308910891089,,,,,,,,,4560.6768033946255,315.8065702841066,4441.211287128713,349.53382175033875,4441.211287128713,349.53382175033875,4441.211287128713,349.53382175033875,4441.211287128713,349.53382175033875,4441.211287128713,349.53382175033875,4441.211287128713,349.53382175033875,4441.211287128713,349.53382175033875,4441.211287128713,349.53382175033875,0.1282051282051282,565.0396039603957,,,,,,,,2015-10-31
2015,11,4,0,49,0,5932.915841584158,4972.348514851485,4689.828712871287,4802.836633663366,4633.324752475248,4407.308910891089,,5198.3643564356435,651.6354601141265,4925.261881188118,517.1475907681406,4576.820792079208,558.7896021355085,960.5673267326738,,0.19318181818181834,,-0.5000000000000004,0.8660254037844384,-2.4492935982947064e-16,1.0,30,334,0,1,0,0,5,-0.5086709438521042,0.8609610158889945,0.0,1.0,4972.348514851485,4068.2851485148512,,,,,,,,,4827.052616690241,538.8723809619264,4576.820792079208,558.7896021355085,4576.820792079208,558.7896021355085,4576.820792079208,558.7896021355085,4576.820792079208,558.7896021355085,4576.820792079208,558.7896021355085,4576.820792079208,558.7896021355085,4576.820792079208,558.7896021355085,4576.820792079208,558.7896021355085,0.4583333333333335,1864.6306930693072,,,,,,,,2015-11-30
2015,12,4,3,53,0,6723.971287128713,5932.915841584158,4972.348514851485,4689.828712871287,4802.836633663366,4068.2851485148512,,5876.411881188119,877.1773522186766,5292.537623762376,848.4379011555567,4755.75,817.3418949459942,791.0554455445545,,0.1333333333333333,,-2.4492935982947064e-16,1.0,-2.4492935982947064e-16,1.0,31,365,0,1,0,1,5,6.432490598706546e-16,1.0,0.43388373911755823,-0.900968867902419,5932.915841584158,4237.79702970297,,,,,,,,,5182.220367751061,827.6845245914047,4755.75,817.3418949459942,4755.75,817.3418949459942,4755.75,817.3418949459942,4755.75,817.3418949459942,4755.75,817.3418949459942,4755.75,817.3418949459942,4755.75,817.3418949459942,4755.75,817.3418949459942,0.5866666666666669,2486.1742574257432,,,,,,,,2015-12-31
2016,1,1,6,4,1,4241.361386138614,6723.971287128713,5932.915841584158,4972.348514851485,4689.828712871287,4237.79702970297,4237.79702970297,5632.749504950495,1268.232176046473,5227.210396039603,921.3075874395913,4756.047029702971,817.1371762820366,-2482.609900990099,3.5643564356441857,-0.36921780224469536,0.0008410871050834601,0.49999999999999994,0.8660254037844387,1.0,6.123233995736766e-17,31,31,0,1,0,0,5,0.5086709438521044,0.8609610158889943,-0.7818314824680299,0.6234898018587334,6723.971287128713,4520.316831683168,,,,,,,,,5142.369589816125,870.4742743849556,4716.181645087586,795.4436728647656,4716.181645087586,795.4436728647656,4716.181645087586,795.4436728647656,4716.181645087586,795.4436728647656,4716.181645087586,795.4436728647656,4716.181645087586,795.4436728647656,4716.181645087586,795.4436728647656,4716.181645087586,795.4436728647656,-0.06171148083898437,-278.9554455445541,,,,,,,,2016-01-31
2016,2,1,0,9,0,3845.5009900990103,4241.361386138614,6723.971287128713,5932.915841584158,4972.348514851485,4520.316831683168,3842.2693069306933,4936.9445544554455,1560.2162576882818,5067.654455445544,1078.917750022402,4756.316336633663,816.8091079300807,-395.86039603960353,3.2316831683169767,-0.09333333333333327,0.0008410871050834601,0.8660254037844386,0.5000000000000001,1.0,6.123233995736766e-17,29,60,0,1,0,0,5,0.8587639582758029,0.5123714121284237,0.0,1.0,4241.361386138614,4633.324752475248,,,,,,,,,5029.82333804809,989.9854949438807,4653.990169731259,798.8791922187195,4653.990169731259,798.8791922187195,4653.990169731259,798.8791922187195,4653.990169731259,798.8791922187195,4653.990169731259,798.8791922187195,4653.990169731259,798.8791922187195,4653.990169731259,798.8791922187195,4653.990169731259,798.8791922187195,-0.17003422044944305,-787.8237623762375,,,,,,,,2016-02-29
2016,3,1,3,13,0,4411.015841584159,3845.5009900990103,4241.361386138614,6723.971287128713,5932.915841584158,4633.324752475248,4407.308910891089,4165.9594059405945,290.19968259097567,5021.185643564357,1104.1542855202013,4756.625247524752,816.6658051502956,565.5148514851485,3.7069306930698076,0.1470588235294117,0.0008410871050834601,1.0,6.123233995736766e-17,1.0,6.123233995736766e-17,31,91,0,1,0,1,5,0.9999907397361901,0.004303538296244289,0.43388373911755823,-0.900968867902419,3845.5009900990103,4802.836633663366,4237.79702970297,,,,,,,,4973.848939179632,1015.7013587998695,4666.362942008486,793.2591062920707,4637.791881188119,772.3713154372185,4637.791881188119,772.3713154372185,4637.791881188119,772.3713154372185,4637.791881188119,772.3713154372185,4637.791881188119,772.3713154372185,4637.791881188119,772.3713154372185,4637.791881188119,772.3713154372185,-0.08158112006827634,-391.8207920792074,,,,,,,,2016-03-31
2016,4,2,5,17,1,4071.706930693069,4411.015841584159,3845.5009900990103,4241.361386138614,6723.971287128713,4802.836633663366,4068.2851485148512,4109.4079207920795,284.63623329330443,4871.078712871286,1171.2997608097905,4756.910396039604,816.4041692596575,-339.3089108910899,3.4217821782176543,-0.0769230769230771,0.000841087105083238,0.8660254037844387,-0.49999999999999983,1.2246467991473532e-16,-1.0,30,121,0,1,0,0,5,0.8717063187093218,-0.49002866642905923,-0.9749279121818236,-0.2225209339563146,4411.015841584159,4689.828712871287,3842.2693069306933,,,,,,,,4885.545827439886,1069.9303824183205,4682.751343705799,777.1300981458324,4602.411571782178,759.4835172765544,4602.411571782178,759.4835172765544,4602.411571782178,759.4835172765544,4602.411571782178,759.4835172765544,4602.411571782178,759.4835172765544,4602.411571782178,759.4835172765544,4602.411571782178,759.4835172765544,-0.131800502752217,-618.1217821782184,,,,,,,,2016-04-30
2016,5,2,1,22,0,4241.361386138614,4071.706930693069,4411.015841584159,3845.5009900990103,4241.361386138614,4689.828712871287,4237.79702970297,4241.361386138614,169.65445544554126,4589.15297029703,1063.1903617022897,4757.207425742575,816.1987547166366,169.65445544554495,3.5643564356441857,0.04166666666666674,0.0008410871050834601,0.49999999999999994,-0.8660254037844387,1.2246467991473532e-16,-1.0,31,152,0,1,0,0,5,0.5012418134457758,-0.865307254363206,0.7818314824680298,0.6234898018587336,4071.706930693069,4972.348514851485,4407.308910891089,,,,,,,,4781.11909476662,1095.4154789946097,4670.897949080622,782.8987056063992,4581.17332556785,740.5621749318351,4581.17332556785,740.5621749318351,4581.17332556785,740.5621749318351,4581.17332556785,740.5621749318351,4581.17332556785,740.5621749318351,4581.17332556785,740.5621749318351,4581.17332556785,740.5621749318351,-0.1470104371263493,-730.9871287128708,,,,,,,,2016-05-31
2016,6,2,3,26,0,4524.118811881188,4241.361386138614,4071.706930693069,4411.015841584159,3845.5009900990103,4972.348514851485,4520.316831683168,4279.0623762376235,228.55010621497453,4222.510891089109,241.69833945998627,4757.524257425743,816.0991708332049,282.757425742574,3.801980198019919,0.06666666666666665,0.000841087105083238,1.2246467991473532e-16,-1.0,1.2246467991473532e-16,-1.0,30,182,0,1,0,1,5,0.008606996888688698,-0.9999629591162655,0.43388373911755823,-0.900968867902419,4241.361386138614,5932.915841584158,4068.2851485148512,,,,,,,,4579.862376237624,970.8667915732356,4703.457496463932,765.1875170918909,4578.003630363037,718.5766867729034,4578.003630363037,718.5766867729034,4578.003630363037,718.5766867729034,4578.003630363037,718.5766867729034,4578.003630363037,718.5766867729034,4578.003630363037,718.5766867729034,4578.003630363037,718.5766867729034,-0.23745440982469845,-1408.7970297029706,,,,,,,,2016-06-30
2016,7,3,6,30,1,4637.221782178218,4524.118811881188,4241.361386138614,4071.706930693069,4411.015841584159,5932.915841584158,4633.324752475248,4467.567326732674,203.89927940660706,4288.487623762377,295.83868678299916,4757.8490099009905,816.0460284440167,113.10297029702997,3.8970297029700305,0.025000000000000133,0.000841087105083238,-0.4999999999999998,-0.8660254037844388,-1.0,-1.8369701987210297e-16,31,213,0,1,0,0,5,-0.5012418134457756,-0.8653072543632061,-0.7818314824680299,0.6234898018587334,4524.118811881188,6723.971287128713,4237.79702970297,,,,,,,,4281.755304101839,270.6492984053796,4731.987835926449,753.8520028104546,4581.1203751954135,698.4631523242713,4581.1203751954135,698.4631523242713,4581.1203751954135,698.4631523242713,4581.1203751954135,698.4631523242713,4581.1203751954135,698.4631523242713,4581.1203751954135,698.4631523242713,4581.1203751954135,698.4631523242713,-0.31034479712086693,-2086.749504950495,,,,,,,,2016-07-31
2016,8,3,2,35,0,4806.876237623763,4637.221782178218,4524.118811881188,4241.361386138614,4071.706930693069,6723.971287128713,4802.836633663366,4656.072277227723,142.31811664664755,4448.716831683168,266.8527106621301,4758.185643564356,816.06710668979,169.65445544554495,4.039603960396562,0.03658536585365857,0.0008410871050834601,-0.8660254037844384,-0.5000000000000004,-1.0,-1.8369701987210297e-16,31,244,0,1,0,0,5,-0.8717063187093218,-0.4900286664290594,0.9749279121818236,-0.22252093395631434,4637.221782178218,4241.361386138614,4520.316831683168,,,,,,,,4362.543140028289,333.6514802261761,4752.456364922206,751.5494331967819,4592.4081683168315,681.7057312643808,4592.4081683168315,681.7057312643808,4592.4081683168315,681.7057312643808,4592.4081683168315,681.7057312643808,4592.4081683168315,681.7057312643808,4592.4081683168315,681.7057312643808,4592.4081683168315,681.7057312643808,0.13333333333333353,565.5148514851489,,,,,,,,2016-08-31
2016,9,3,4,39,0,4693.773267326733,4806.876237623763,4637.221782178218,4524.118811881188,4241.361386138614,4241.361386138614,4689.828712871287,4712.623762376238,86.38382045173654,4495.84306930693,283.3223762074181,4758.514356435644,816.0378632283094,-113.10297029702997,3.944554455445541,-0.02352941176470591,0.000841087105083238,-1.0,-1.8369701987210297e-16,-1.0,-1.8369701987210297e-16,30,274,0,1,0,1,5,-0.9999907397361901,0.004303538296243821,-0.433883739117558,-0.9009688679024191,4806.876237623763,3845.5009900990103,4633.324752475248,,,,,,,,4483.7248939179635,260.61643323695745,4756.774115983027,750.9857890809159,4597.2350777934935,664.8126420231362,4597.2350777934935,664.8126420231362,4597.2350777934935,664.8126420231362,4597.2350777934935,664.8126420231362,4597.2350777934935,664.8126420231362,4597.2350777934935,664.8126420231362,4597.2350777934935,664.8126420231362,0.22058823529411753,848.2722772277225,,,,,,,,2016-09-30
2016,10,4,0,44,0,4976.530693069307,4693.773267326733,4806.876237623763,4637.221782178218,4524.118811881188,3845.5009900990103,4972.348514851485,4825.726732673268,142.31811664664687,4646.647029702971,251.42631725113972,4758.862871287129,816.1383770051724,282.757425742574,4.182178217822184,0.06024096385542155,0.0008410871050834601,-0.8660254037844386,0.5000000000000001,-2.4492935982947064e-16,1.0,31,305,0,1,0,0,5,-0.858763958275803,0.5123714121284235,0.0,1.0,4693.773267326733,4411.015841584159,4802.836633663366,,,,,,,,4564.512729844413,316.0721911180745,4769.180834512023,753.2366950777637,4614.475787578758,653.8109096825108,4614.475787578758,653.8109096825108,4614.475787578758,653.8109096825108,4614.475787578758,653.8109096825108,4614.475787578758,653.8109096825108,4614.475787578758,653.8109096825108,4614.475787578758,653.8109096825108,0.1282051282051282,565.514851485148,,,,,,,,2016-10-31
2016,11,4,2,48,0,5937.905940594059,4976.530693069307,4693.773267326733,4806.876237623763,4637.221782178218,4411.015841584159,5932.915841584158,5202.736633663367,652.1835422968419,4929.404455445544,517.5825569381609,4759.278712871287,816.7919765073021,961.375247524752,4.990099009900405,0.19318181818181812,0.000841087105083238,-0.5000000000000004,0.8660254037844384,-2.4492935982947064e-16,1.0,30,335,0,1,0,0,5,-0.4937755501599774,0.8695893893466109,0.9749279121818236,-0.22252093395631434,4976.530693069307,4071.706930693069,4689.828712871287,,,,,,,,4831.112588401697,539.3256195728399,4858.329207920792,814.4894249768854,4672.016229014206,695.8369529734396,4672.016229014206,695.8369529734396,4672.016229014206,695.8369529734396,4672.016229014206,695.8369529734396,4672.016229014206,695.8369529734396,4672.016229014206,695.8369529734396,4672.016229014206,695.8369529734396,0.45833333333333326,1866.19900990099,,,,,,,,2016-11-30
2016,12,4,5,52,1,6729.626732673267,5937.905940594059,4976.530693069307,4693.773267326733,4806.876237623763,4071.706930693069,6723.971287128713,5881.354455445544,877.9151347784981,5296.9891089108905,849.1515113336833,4759.75,818.0293506742773,791.720792079208,5.655445544553913,0.1333333333333333,0.000841087105083238,-2.4492935982947064e-16,1.0,-2.4492935982947064e-16,1.0,31,366,0,1,0,1,5,0.017213356155833904,0.9998518392091162,-0.9749279121818236,-0.2225209339563146,5937.905940594059,4241.361386138614,4972.348514851485,,,,,,,,5186.579066478077,828.3806793721164,4983.849080622348,956.4473522757531,4757.75,799.7149956943455,4757.75,799.7149956943455,4757.75,799.7149956943455,4757.75,799.7149956943455,4757.75,799.7149956943455,4757.75,799.7149956943455,4757.75,799.7149956943455,0.5866666666666664,2488.265346534653,,,,,,,,2016-12-31
2017,1,1,1,5,0,4324.9009900990095,6729.626732673267,5937.905940594059,4976.530693069307,4693.773267326733,4241.361386138614,4241.361386138614,5664.144554455444,1225.514360036319,5244.935643564356,905.394549551204,4766.711633663366,813.5599401576196,-2404.7257425742573,83.53960396039565,-0.3573341937226595,0.0196964126267134,0.49999999999999994,0.8660254037844387,1.0,6.123233995736766e-17,31,31,0,1,0,0,5,0.5086709438521044,0.8609610158889943,0.7818314824680298,0.6234898018587336,6729.626732673267,4524.118811881188,5932.915841584158,,,,,,,,5158.119377652051,857.8318736711843,4868.9908769448375,929.8916877246572,4740.43603960396,787.6488654147845,4740.43603960396,787.6488654147845,4740.43603960396,787.6488654147845,4740.43603960396,787.6488654147845,4740.43603960396,787.6488654147845,4740.43603960396,787.6488654147845,4740.43603960396,787.6488654147845,-0.04403461316245605,-199.21782178217836,,,,,,,,2017-01-31
2017,2,1,1,9,0,3921.243564356436,4324.9009900990095,6729.626732673267,5937.905940594059,4976.530693069307,4524.118811881188,3845.5009900990103,4991.923762376237,1518.3687098572652,5097.330198019802,1051.4976865294052,4773.023514851485,806.0220314377665,-403.65742574257365,75.74257425742553,-0.09333333333333316,0.019696412626713622,0.8660254037844386,0.5000000000000001,1.0,6.123233995736766e-17,28,59,0,1,0,0,4,0.8498170915275278,0.5270777086423722,0.7818314824680298,0.6234898018587336,4324.9009900990095,4637.221782178218,6723.971287128713,,,,,,,,5055.836775106081,966.1390943662925,4668.796039603961,791.1657507692627,4708.928636709825,788.2802376991938,4708.928636709825,788.2802376991938,4708.928636709825,788.2802376991938,4708.928636709825,788.2802376991938,4708.928636709825,788.2802376991938,4708.928636709825,788.2802376991938,4708.928636709825,788.2802376991938,-0.15439809684613992,-715.978217821782,,,,,,,,2017-02-28
2017,3,1,4,13,0,4497.89702970297,3921.243564356436,4324.9009900990095,6729.626732673267,5937.905940594059,4637.221782178218,4411.015841584159,4248.013861386138,295.91557528342224,5064.684158415842,1069.4208028124813,4780.263613861386,802.8586802916064,576.6534653465342,86.88118811881122,0.1470588235294117,0.0196964126267134,1.0,6.123233995736766e-17,1.0,6.123233995736766e-17,31,90,0,1,0,1,5,0.9997685019798909,0.021516097436222254,-0.433883739117558,-0.9009688679024191,3921.243564356436,4806.876237623763,4241.361386138614,,,,,,,,5011.696888260254,986.2577081219006,4687.120014144272,783.4375692310497,4701.112651265126,774.0385661198968,4701.112651265126,774.0385661198968,4701.112651265126,774.0385661198968,4701.112651265126,774.0385661198968,4701.112651265126,774.0385661198968,4701.112651265126,774.0385661198968,4701.112651265126,774.0385661198968,-0.06427858606019232,-308.97920792079276,,,,,,,,2017-03-31
2017,4,2,6,17,1,4151.904950495049,4497.89702970297,3921.243564356436,4324.9009900990095,6729.626732673267,4806.876237623763,4071.706930693069,4190.348514851485,290.24254599275565,4927.2465346534655,1134.0515432596237,4786.946782178217,796.7347411560745,-345.99207920792105,80.19801980198008,-0.07692307692307698,0.019696412626713622,0.8660254037844387,-0.49999999999999983,1.2246467991473532e-16,-1.0,30,120,0,1,0,0,5,0.8800122039735357,-0.47495107206704995,-0.7818314824680299,0.6234898018587334,4497.89702970297,4693.773267326733,3845.5009900990103,,,,,,,,4934.287128712871,1035.410261069291,4709.006011315417,762.1071068469522,4681.498090523338,766.6276530808578,4681.498090523338,766.6276530808578,4681.498090523338,766.6276530808578,4681.498090523338,766.6276530808578,4681.498090523338,766.6276530808578,4681.498090523338,766.6276530808578,4681.498090523338,766.6276530808578,-0.11544407579369442,-541.8683168316838,,,,,,,,2017-04-30
2017,5,2,2,22,0,4324.9009900990095,4151.904950495049,4497.89702970297,3921.243564356436,4324.9009900990095,4693.773267326733,4241.361386138614,4324.9009900990095,172.99603960394654,4658.412376237623,1033.2590580961921,4793.9084158415835,791.8844063316005,172.99603960396053,83.53960396039565,0.04166666666666674,0.0196964126267134,0.49999999999999994,-0.8660254037844387,1.2246467991473532e-16,-1.0,31,151,0,1,0,0,5,0.5160623910158528,-0.8565509959010036,0.9749279121818236,-0.22252093395631434,4151.904950495049,4976.530693069307,4411.015841584159,,4237.79702970297,,,,,,4841.197171145685,1059.9805987353113,4702.85495049505,765.0391130455803,4669.201638784568,755.7201270415292,4684.608946251768,764.9353584755911,4669.201638784568,755.7201270415292,4669.201638784568,755.7201270415292,4669.201638784568,755.7201270415292,4669.201638784568,755.7201270415292,4669.201638784568,755.7201270415292,-0.13094055742041466,-651.6297029702973,,,,,,,,2017-05-31
2017,6,2,4,26,0,4613.227722772277,4324.9009900990095,4151.904950495049,4497.89702970297,3921.243564356436,4976.530693069307,4524.118811881188,4363.344554455445,233.05172341285666,4305.679207920792,246.45892968518197,4801.334158415842,789.5388427034316,288.32673267326754,89.10891089108918,0.06666666666666665,0.019696412626713622,1.2246467991473532e-16,-1.0,1.2246467991473532e-16,-1.0,30,181,0,1,0,1,5,0.02581844022713308,-0.9996666485105112,-0.433883739117558,-0.9009688679024191,4324.9009900990095,5937.905940594059,4071.706930693069,,3842.2693069306933,,,,,,4651.957425742575,943.3867529541884,4741.535007072135,744.0762027010613,4667.3358415841585,742.6464823564667,4712.143175388967,747.1609533789972,4667.3358415841585,742.6464823564667,4667.3358415841585,742.6464823564667,4667.3358415841585,742.6464823564667,4667.3358415841585,742.6464823564667,4667.3358415841585,742.6464823564667,-0.2230884475225039,-1324.6782178217818,,,,,,,,2017-06-30
2017,7,3,0,31,0,4728.558415841584,4613.227722772277,4324.9009900990095,4151.904950495049,4497.89702970297,5937.905940594059,4637.221782178218,4555.5623762376235,207.91536374808302,4372.955445544554,301.6656476288227,4808.9455445544545,788.2521322404443,115.33069306930702,91.33663366336623,0.02499999999999991,0.019696412626713622,-0.4999999999999998,-0.8660254037844388,-1.0,-1.8369701987210297e-16,31,212,0,1,0,0,5,-0.4862727071086902,-0.8738071036110807,0.0,1.0,4613.227722772277,6729.626732673267,4241.361386138614,4237.79702970297,4407.308910891089,,,,,,4366.090523338048,275.9801186639019,4776.334794908063,730.146588449231,4683.6945544554455,738.2506471620136,4723.616371994342,744.7693157501908,4669.310763334398,730.2469314951343,4669.310763334398,730.2469314951343,4669.310763334398,730.2469314951343,4669.310763334398,730.2469314951343,4669.310763334398,730.2469314951343,-0.29735205180344104,-2001.0683168316828,0.1158057789693181,490.7613861386144,,,490.7613861386144,,,2017-07-31
2017,8,3,3,35,0,4901.554455445545,4728.558415841584,4613.227722772277,4324.9009900990095,4151.904950495049,6729.626732673267,4806.876237623763,4747.780198019802,145.12127299637058,4536.340594059406,272.1087517618891,4816.835396039604,788.70323921701,172.99603960396053,94.6782178217818,0.03658536585365857,0.0196964126267134,-0.8660254037844384,-0.5000000000000004,-1.0,-1.8369701987210297e-16,31,243,0,1,0,0,5,-0.8631421280499115,-0.5049610547215202,0.43388373911755823,-0.900968867902419,4728.558415841584,4324.9009900990095,4524.118811881188,3842.2693069306933,4068.2851485148512,,,,,,4448.469589816124,340.2232174542242,4803.294483734088,727.0791958716223,4719.00405940594,721.7667542364762,4753.37599009901,734.1864023621472,4676.568378712871,719.5444128926476,4676.568378712871,719.5444128926476,4676.568378712871,719.5444128926476,4676.568378712871,719.5444128926476,4676.568378712871,719.5444128926476,0.13333333333333353,576.6534653465351,0.27569258266309205,1059.2851485148512,,,1059.2851485148512,,,2017-08-31
2017,9,3,5,39,1,4786.223762376238,4901.554455445545,4728.558415841584,4613.227722772277,4324.9009900990095,4324.9009900990095,4693.773267326733,4805.445544554455,88.08527182361759,4584.39504950495,288.9028106355809,4824.539603960396,787.8429309208439,-115.33069306930702,92.45049504950475,-0.02352941176470591,0.019696412626713622,-1.0,-1.8369701987210297e-16,-1.0,-1.8369701987210297e-16,30,273,0,1,0,1,5,-0.9999166586547379,-0.012910296075008843,-0.9749279121818236,-0.2225209339563146,4901.554455445545,3921.243564356436,4637.221782178218,4407.308910891089,4237.79702970297,,,,,,4572.038189533238,265.7496420432944,4813.93748231966,725.5501616207334,4731.634554455445,719.4358162839998,4772.962659123055,727.2046082496561,4679.891269126912,708.4694982014688,4679.891269126912,708.4694982014688,4679.891269126912,708.4694982014688,4679.891269126912,708.4694982014688,4679.891269126912,708.4694982014688,0.22058823529411753,864.9801980198017,0.08597419857473487,378.9148514851486,,,378.9148514851486,,,2017-09-30
2017,10,4,1,44,0,5074.550495049504,4786.223762376238,4901.554455445545,4728.558415841584,4613.227722772277,3921.243564356436,4976.530693069307,4920.776237623762,145.12127299637223,4738.169306930692,256.3785137409332,4832.707920792079,790.0670178430611,288.32673267326663,98.01980198019737,0.06024096385542155,0.0196964126267134,-0.8660254037844386,0.5000000000000001,-2.4492935982947064e-16,1.0,31,304,0,1,0,0,5,-0.867456354729597,0.4975132889071803,0.7818314824680298,0.6234898018587336,4786.223762376238,4497.89702970297,4806.876237623763,4068.2851485148512,4520.316831683168,,,,,,4654.417256011316,322.2976794141648,4833.057072135785,728.869036489119,4765.176732673267,710.8483395934071,4792.756718528995,727.6158789118526,4691.498893418753,700.9280386010957,4691.498893418753,700.9280386010957,4691.498893418753,700.9280386010957,4691.498893418753,700.9280386010957,4691.498893418753,700.9280386010957,0.1282051282051282,576.6534653465342,0.24734385860391206,1006.265346534653,,,1006.265346534653,,,2017-10-31
2017,11,4,3,48,0,6054.861386138614,5074.550495049504,4786.223762376238,4901.554455445545,4728.558415841584,4497.89702970297,5937.905940594059,5305.211881188118,665.029218454273,5026.49603960396,527.7770765480043,4842.454207920792,805.5106436884104,980.3108910891096,116.955445544555,0.19318181818181834,0.019696412626713622,-0.5000000000000004,0.8660254037844384,-2.4492935982947064e-16,1.0,30,334,0,1,0,0,5,-0.5086709438521042,0.8609610158889945,0.43388373911755823,-0.900968867902419,5074.550495049504,4151.904950495049,4693.773267326733,4237.79702970297,4633.324752475248,,,,,,4926.268175388967,549.9483995161041,4930.27765205092,796.4986343023129,4825.745544554456,741.1304324749908,4843.525884016973,764.7267928314775,4730.452107496464,727.9817737763241,4730.452107496464,727.9817737763241,4730.452107496464,727.9817737763241,4730.452107496464,727.9817737763241,4730.452107496464,727.9817737763241,0.4583333333333335,1902.9564356435649,0.42877569258266335,1817.0643564356442,,,1817.0643564356442,,,2017-11-30
2017,12,4,6,52,1,6862.176237623762,6054.861386138614,5074.550495049504,4786.223762376238,4901.554455445545,4151.904950495049,6729.626732673267,5997.19603960396,895.206913524334,5401.320792079207,865.8767498835084,4853.499999999999,834.141594305921,807.3148514851482,132.54950495049525,0.1333333333333333,0.019696412626713622,-2.4492935982947064e-16,1.0,-2.4492935982947064e-16,1.0,31,365,0,1,0,1,5,6.432490598706546e-16,1.0,-0.7818314824680299,0.6234898018587334,6054.861386138614,4324.9009900990095,4976.530693069307,4520.316831683168,4802.836633663366,,,,,,5288.736067892503,844.6968070450266,5064.966619519095,949.633456312274,4903.807524752475,826.2901783591667,4917.073727015559,854.4355831722892,4789.666666666667,800.6528122662836,4789.666666666667,800.6528122662836,4789.666666666667,800.6528122662836,4789.666666666667,800.6528122662836,4789.666666666667,800.6528122662836,0.5866666666666667,2537.2752475247526,0.5180741733690797,2341.859405940594,,,2341.859405940594,,,2017-12-31
2018,1,1,2,5,0,4488.861386138614,6862.176237623762,6054.861386138614,5074.550495049504,4786.223762376238,4324.9009900990095,4324.9009900990095,5801.966336633664,1206.6991238987773,5361.3712871287125,907.6463964427962,4867.163366336634,825.9990285795585,-2373.314851485148,163.96039603960435,-0.34585454661930704,0.03791078603069953,0.49999999999999994,0.8660254037844387,1.0,6.123233995736766e-17,31,31,0,1,0,0,5,0.5086709438521044,0.8609610158889943,0.9749279121818236,-0.22252093395631434,6862.176237623762,4613.227722772277,5937.905940594059,4633.324752475248,4689.828712871287,,,,,,5270.969448373408,862.3953644541699,4961.463437057991,925.8402244719796,4898.99207920792,828.3392612290234,4909.8963224893905,857.2546094187466,4781.536794219962,791.001662993026,4781.536794219962,791.001662993026,4781.536794219962,791.001662993026,4781.536794219962,791.001662993026,4781.536794219962,791.001662993026,-0.026958638096219234,-124.3663366336632,-0.031179201557036906,-144.46336633663395,,,-144.46336633663395,,,2018-01-31
2018,2,1,2,9,0,4069.90099009901,4488.861386138614,6862.176237623762,6054.861386138614,5074.550495049504,4613.227722772277,3921.243564356436,5140.3128712871285,1505.819392427759,5222.762376237623,1045.016682471464,4879.551485148514,811.5103643706905,-418.9603960396039,148.6574257425741,-0.09333333333333327,0.03791078603069953,0.8660254037844386,0.5000000000000001,1.0,6.123233995736766e-17,28,59,0,1,0,0,4,0.8498170915275278,0.5270777086423722,0.9749279121818236,-0.22252093395631434,4488.861386138614,4728.558415841584,6729.626732673267,4802.836633663366,4972.348514851485,,,,,,5176.875530410184,961.6595588926774,4771.483026874115,799.3520426700317,4874.560891089109,841.9696057839393,4877.666053748232,871.6632317935467,4762.80953621678,788.7333198009629,4762.80953621678,788.7333198009629,4762.80953621678,788.7333198009629,4762.80953621678,788.7333198009629,4762.80953621678,788.7333198009629,-0.13929349451112727,-658.6574257425741,-0.15260474162855486,-732.9356435643563,,,-732.9356435643563,,,2018-02-28
2018,3,1,5,13,1,4668.415841584158,4069.90099009901,4488.861386138614,6862.176237623762,6054.861386138614,4728.558415841584,4497.89702970297,4409.059405940594,307.13396734114514,5203.127722772278,1055.9091186847838,4893.7613861386135,805.6919593785477,598.5148514851485,170.5188118811884,0.1470588235294117,0.03791078603069953,1.0,6.123233995736766e-17,1.0,6.123233995736766e-17,31,90,0,1,0,1,5,0.9997685019798909,0.021516097436222254,-0.9749279121818236,-0.2225209339563146,4069.90099009901,4901.554455445545,4324.9009900990095,4689.828712871287,5932.915841584158,,,,,,5143.570014144271,976.7035887961057,4796.019801980198,789.8045779727208,4873.847128712871,842.1406675625723,4832.505339462518,847.3846722402749,4760.389185072353,778.4328207666712,4760.389185072353,778.4328207666712,4760.389185072353,778.4328207666712,4760.389185072353,778.4328207666712,4760.389185072353,778.4328207666712,-0.04756421987771109,-233.13861386138615,-0.004565810949206051,-21.412871287128837,,,-21.412871287128837,,,2018-03-31
2018,4,2,0,18,0,4309.306930693069,4668.415841584158,4069.90099009901,4488.861386138614,6862.176237623762,4901.554455445545,4151.904950495049,4349.20792079208,301.24586905089427,5075.587128712871,1118.8837491602471,4906.878217821782,793.7085732401007,-359.1089108910892,157.40198019802028,-0.07692307692307698,0.03791078603069953,0.8660254037844387,-0.49999999999999983,1.2246467991473532e-16,-1.0,30,120,0,1,0,0,5,0.8800122039735357,-0.47495107206704995,0.0,1.0,4668.415841584158,4786.223762376238,3921.243564356436,4972.348514851485,6723.971287128713,,,,,,5075.439038189533,1021.3965228848999,4823.738613861386,763.1002467537171,4851.745742574258,848.1455468164133,4746.267326732674,766.7994673011295,4749.112128712872,771.6911044231537,4749.112128712872,771.6911044231537,4749.112128712872,771.6911044231537,4749.112128712872,771.6911044231537,4749.112128712872,771.6911044231537,-0.09964365549144139,-476.9168316831683,-0.1333457584837493,-663.0415841584154,,,-663.0415841584154,,,2018-04-30
2018,5,2,3,22,0,4488.861386138614,4309.306930693069,4668.415841584158,4069.90099009901,4488.861386138614,4786.223762376238,4324.9009900990095,4488.861386138614,179.5544554455328,4814.587128712871,1023.3325213650766,4920.541584158415,784.132793636034,179.5544554455446,163.96039603960435,0.04166666666666674,0.03791078603069953,0.49999999999999994,-0.8660254037844387,1.2246467991473532e-16,-1.0,31,151,0,1,0,0,5,0.5160623910158528,-0.8565509959010036,0.43388373911755823,-0.900968867902419,4309.306930693069,5074.550495049504,4497.89702970297,5932.915841584158,4241.361386138614,,,,,,4991.769165487977,1045.1932166637562,4823.0932107496465,763.4007926977677,4803.610594059405,825.3405083384571,4755.106612446959,762.1761852463579,4742.764549625694,763.0671292885493,4742.764549625694,763.0671292885493,4742.764549625694,763.0671292885493,4742.764549625694,763.0671292885493,4742.764549625694,763.0671292885493,-0.11541694372383549,-585.6891089108904,-0.24339709073978122,-1444.0544554455446,,,-1444.0544554455446,,,2018-05-31
2018,6,2,5,26,1,4788.118811881188,4488.861386138614,4309.306930693069,4668.415841584158,4069.90099009901,5074.550495049504,4613.227722772277,4528.762376237623,241.88689743324866,4468.910891089109,255.8023814338358,4935.115841584158,779.513350056148,299.257425742574,174.89108910891082,0.06666666666666665,0.03791078603069953,1.2246467991473532e-16,-1.0,1.2246467991473532e-16,-1.0,30,181,0,1,0,1,5,0.02581844022713308,-0.9996666485105112,-0.9749279121818236,-0.2225209339563146,4488.861386138614,6054.861386138614,4151.904950495049,6723.971287128713,3845.5009900990103,,,,,,4810.805940594059,934.2240752381804,4868.5370579915125,738.9164382929063,4739.082178217822,741.4328857186111,4788.771534653465,741.0356309245806,4743.84441301273,753.7364776075256,4743.84441301273,753.7364776075256,4743.84441301273,753.7364776075256,4743.84441301273,753.7364776075256,4743.84441301273,753.7364776075256,-0.20921082969089566,-1266.742574257426,-0.2879031442256764,-1935.852475247525,,,-1935.852475247525,,,2018-06-30
2018,7,3,1,31,0,4907.821782178218,4788.118811881188,4488.861386138614,4309.306930693069,4668.415841584158,6054.861386138614,4728.558415841584,4728.267326732674,215.79759861563252,4538.737623762377,313.1020294488941,4950.054455445545,776.9083683780106,119.70297029703033,179.26336633663414,0.025000000000000133,0.03791078603069953,-0.4999999999999998,-0.8660254037844388,-1.0,-1.8369701987210297e-16,31,212,0,1,0,0,5,-0.4862727071086902,-0.8738071036110807,0.7818314824680298,0.6234898018587336,4788.118811881188,6862.176237623762,4324.9009900990095,4241.361386138614,4411.015841584159,,,,,,4531.612446958982,286.44274189129857,4910.174257425743,722.1601922277681,4761.297524752475,735.9699304003857,4806.514603960396,737.5954804645755,4747.657840202624,745.1290883139218,4747.657840202624,745.1290883139218,4747.657840202624,745.1290883139218,4747.657840202624,745.1290883139218,4747.657840202624,745.1290883139218,-0.2848009709704423,-1954.3544554455439,0.1571336029553374,666.4603960396043,,,666.4603960396043,,,2018-07-31
2018,8,3,4,35,0,5087.376237623763,4907.821782178218,4788.118811881188,4488.861386138614,4309.306930693069,6862.176237623762,4901.554455445545,4927.772277227723,150.62293452543935,4708.316831683169,282.42460842701644,4965.539603960396,777.7052658231656,179.5544554455446,185.8217821782182,0.03658536585365857,0.03791078603069953,-0.8660254037844384,-0.5000000000000004,-1.0,-1.8369701987210297e-16,31,243,0,1,0,0,5,-0.8631421280499115,-0.5049610547215202,-0.433883739117558,-0.9009688679024191,4907.821782178218,4488.861386138614,4613.227722772277,3845.5009900990103,4071.706930693069,,,,,,4617.114568599717,353.12134705380913,4944.042008486563,718.2705947983864,4802.693366336634,717.3739461118753,4842.788507779349,724.9871047503963,4755.3787128712875,738.1925556072629,4755.3787128712875,738.1925556072629,4755.3787128712875,738.1925556072629,4755.3787128712875,738.1925556072629,4755.3787128712875,738.1925556072629,0.13333333333333353,598.5148514851489,0.322942381427596,1241.8752475247525,,,1241.8752475247525,,,2018-08-31
2018,9,3,6,39,1,4967.6732673267325,5087.376237623763,4907.821782178218,4788.118811881188,4488.861386138614,4488.861386138614,4786.223762376238,4987.623762376238,91.42465371617939,4758.193069306931,299.85534327325536,4980.660396039604,775.6631770543765,-119.70297029703033,181.44950495049488,-0.02352941176470602,0.03791078603069953,-1.0,-1.8369701987210297e-16,-1.0,-1.8369701987210297e-16,30,273,0,1,0,1,5,-0.9999166586547379,-0.012910296075008843,-0.7818314824680299,0.6234898018587334,5087.376237623763,4069.90099009901,4728.558415841584,4411.015841584159,4241.361386138614,,,,,,4745.36775106082,275.82441986053436,4961.121640735502,715.5904328993978,4821.248613861386,714.0852394366327,4868.728217821781,715.6041595740526,4760.096369636964,730.4416808067617,4760.096369636964,730.4416808067617,4760.096369636964,730.4416808067617,4760.096369636964,730.4416808067617,4760.096369636964,730.4416808067617,0.22058823529411753,897.7722772277225,0.1261971041896457,556.6574257425737,,,556.6574257425737,,,2018-09-30
2018,10,4,2,44,0,5266.9306930693065,4967.6732673267325,5087.376237623763,4907.821782178218,4788.118811881188,4069.90099009901,5074.550495049504,5107.3267326732675,150.62293452544145,4917.797029702971,266.0980247182353,4996.692079207921,779.7574308431294,299.257425742574,192.38019801980226,0.06024096385542155,0.03791078603069953,-0.8660254037844386,0.5000000000000001,-2.4492935982947064e-16,1.0,31,304,0,1,0,0,5,-0.867456354729597,0.4975132889071803,0.9749279121818236,-0.22252093395631434,4967.6732673267325,4668.415841584158,4901.554455445545,4071.706930693069,4524.118811881188,,,,,,4830.869872701556,334.51623777662746,4987.219943422913,719.9006826171639,4861.089405940594,704.0967622023774,4895.257213578501,716.1242125802117,4771.114507102884,726.1355676883334,4771.114507102884,726.1355676883334,4771.114507102884,726.1355676883334,4771.114507102884,726.1355676883334,4771.114507102884,726.1355676883334,0.1282051282051282,598.514851485148,0.293543661840316,1195.2237623762376,,,1195.2237623762376,,,2018-10-31
2018,11,4,4,48,0,6284.405940594059,5266.9306930693065,4967.6732673267325,5087.376237623763,4907.821782178218,4668.415841584158,6054.861386138614,5506.336633663366,690.2409988592561,5217.054455445545,547.7855203689234,5015.820792079207,810.2935481163222,1017.4752475247524,229.544554455445,0.19318181818181812,0.037910786030699306,-0.5000000000000004,0.8660254037844384,-2.4492935982947064e-16,1.0,30,334,0,1,0,0,5,-0.5086709438521042,0.8609610158889945,-0.433883739117558,-0.9009688679024191,5266.9306930693065,4309.306930693069,4786.223762376238,4241.361386138614,4637.221782178218,,,,,,5113.0268741159825,570.7973756180847,5094.232956152759,795.1443006329037,4929.190891089109,739.9778197207025,4954.085219236209,760.4279086462362,4803.312197177164,751.355373770321,4803.312197177164,751.355373770321,4803.312197177164,751.355373770321,4803.312197177164,751.355373770321,4803.312197177164,751.355373770321,0.45833333333333326,1975.0990099009896,0.4816954671989073,2043.044554455445,,,2043.044554455445,,,2018-11-30
2018,12,4,0,1,0,7122.326732673267,6284.405940594059,5266.9306930693065,4967.6732673267325,5087.376237623763,4309.306930693069,6862.176237623762,6224.554455445544,929.1449112761578,5606.089108910891,898.702818077299,5037.5,865.7645578069595,837.9207920792078,260.15049504950457,0.1333333333333333,0.03791078603069953,-2.4492935982947064e-16,1.0,-2.4492935982947064e-16,1.0,31,365,0,1,0,1,5,6.432490598706546e-16,1.0,0.0,1.0,6284.405940594059,4488.861386138614,5074.550495049504,4524.118811881188,4806.876237623763,,,,,,5489.236209335219,876.719926957725,5240.502687411598,962.0713731682335,5015.797821782178,836.6638729696473,5036.779879773691,862.831078664308,4851.625,815.2064823639844,4851.625,815.2064823639844,4851.625,815.2064823639844,4851.625,815.2064823639844,4851.625,815.2064823639844,0.5866666666666664,2633.465346534653,0.5743014338988393,2598.2079207920788,,,2598.2079207920788,,,2018-12-31
2019,1,1,3,5,0,4531.782178217822,7122.326732673267,6284.405940594059,5266.9306930693065,4967.6732673267325,4488.861386138614,4488.861386138614,5979.504950495048,1321.912906540067,5543.415841584158,967.6077993927823,5041.076732673267,863.3772816704103,-2590.544554455445,42.920792079207786,-0.3637216673269804,0.009561621174524415,0.49999999999999994,0.8660254037844387,1.0,6.123233995736766e-17,31,31,0,1,0,0,5,0.5086709438521044,0.8609610158889943,0.43388373911755823,-0.900968867902419,7122.326732673267,4788.118811881188,6054.861386138614,4637.221782178218,4693.773267326733,,,,,,5452.616690240452,915.3863186643903,5131.711315417256,948.9250616915194,5012.2831683168315,838.5284194272539,5030.994483734088,865.7542987804068,4845.097595473832,807.9630677526781,4845.097595473832,807.9630677526781,4845.097595473832,807.9630677526781,4845.097595473832,807.9630677526781,4845.097595473832,807.9630677526781,-0.05353598014888339,-256.33663366336623,-0.022737666843027027,-105.4396039603962,,,-105.4396039603962,,,2019-01-31
2019,2,1,3,9,0,4108.815841584159,4531.782178217822,7122.326732673267,6284.405940594059,5266.9306930693065,4788.118811881188,4069.90099009901,5254.308250825082,1631.5161405502915,5380.3224422442245,1128.8784314884242,5044.319636963696,859.4620666705221,-422.96633663366265,38.91485148514903,-0.09333333333333316,0.009561621174524637,0.8660254037844386,0.5000000000000001,1.0,6.123233995736766e-17,28,59,0,1,0,0,4,0.8498170915275278,0.5270777086423722,0.43388373911755823,-0.900968867902419,4531.782178217822,4907.821782178218,6862.176237623762,4806.876237623763,4976.530693069307,,,,,,5338.472984441301,1036.4515107142868,4935.042715700141,841.9880693004866,4989.0144884488445,853.9681342443934,5000.004667609618,883.1316431792344,4830.37196039604,806.4266849225047,4830.37196039604,806.4266849225047,4830.37196039604,806.4266849225047,4830.37196039604,806.4266849225047,4830.37196039604,806.4266849225047,-0.16280255805039434,-799.0059405940592,-0.1452212125987009,-698.0603960396038,,,-698.0603960396038,,,2019-02-28
2019,3,1,6,13,1,4713.053465346535,4108.815841584159,4531.782178217822,7122.326732673267,6284.405940594059,4907.821782178218,4668.415841584158,4451.217161716172,310.0706659866862,5337.885808580858,1152.0413103798626,5048.039438943894,857.7821854514806,604.2376237623757,44.63762376237628,0.1470588235294117,0.009561621174524415,1.0,6.123233995736766e-17,1.0,6.123233995736766e-17,31,90,0,1,0,1,5,0.9997685019798909,0.021516097436222254,-0.7818314824680299,0.6234898018587334,4108.815841584159,5087.376237623763,4488.861386138614,4693.773267326733,5937.905940594059,,,,,,5284.998302687411,1060.9330493998496,4951.056435643564,834.9519615029907,4989.657161716171,853.7455078206611,4956.259936350778,865.1050424388263,4828.0715977480095,798.4906970503373,4828.0715977480095,798.4906970503373,4828.0715977480095,798.4906970503373,4828.0715977480095,798.4906970503373,4828.0715977480095,798.4906970503373,-0.07357874762808359,-374.32277227722807,0.0041076117063452156,19.2801980198019,,,19.2801980198019,,,2019-03-31
2019,4,2,1,18,0,4350.510891089109,4713.053465346535,4108.815841584159,4531.782178217822,7122.326732673267,5087.376237623763,4309.306930693069,4390.793399339934,304.12626793114555,5185.149174917492,1221.957415608779,5051.473102310231,854.6329318513721,-362.54257425742617,41.20396039603929,-0.07692307692307698,0.009561621174524415,0.8660254037844387,-0.49999999999999983,1.2246467991473532e-16,-1.0,30,120,0,1,0,0,5,0.8800122039735357,-0.47495107206704995,0.7818314824680298,0.6234898018587336,4713.053465346535,4967.6732673267325,4069.90099009901,4976.530693069307,6729.626732673267,,,,,,5196.832248939179,1115.9175884287235,4971.099999999999,815.309177952277,4968.789834983499,861.6910531827979,4871.291513437058,798.7706809652395,4818.88773800457,793.3924188138058,4818.88773800457,793.3924188138058,4818.88773800457,793.3924188138058,4818.88773800457,793.3924188138058,4818.88773800457,793.3924188138058,-0.12423570211366564,-617.1623762376239,-0.12579442197594415,-626.0198019801983,,,-626.0198019801983,,,2019-04-30
2019,5,2,4,22,0,4531.782178217822,4350.510891089109,4713.053465346535,4108.815841584159,4531.782178217822,4967.6732673267325,4488.861386138614,4531.782178217822,181.2712871286951,4893.045214521452,1111.078240379386,5055.049834983499,852.1504950025846,181.27128712871308,42.920792079207786,0.04166666666666674,0.009561621174524415,0.49999999999999994,-0.8660254037844387,1.2246467991473532e-16,-1.0,31,151,0,1,0,0,5,0.5160623910158528,-0.8565509959010036,-0.433883739117558,-0.9009688679024191,4350.510891089109,5266.9306930693065,4668.415841584158,5937.905940594059,4324.9009900990095,,,,,,5091.811032531825,1142.4975564098393,4961.3404526166905,820.0153230069068,4921.91904290429,845.2446329080728,4878.680127298444,794.4746608148225,4813.470651970857,786.715694526382,4813.470651970857,786.715694526382,4813.470651970857,786.715694526382,4813.470651970857,786.715694526382,4813.470651970857,786.715694526382,-0.13957816377171206,-735.1485148514848,-0.23680465410598295,-1406.1237623762372,,,-1406.1237623762372,,,2019-05-31
2019,6,2,6,26,1,4833.90099009901,4531.782178217822,4350.510891089109,4713.053465346535,4108.815841584159,5266.9306930693065,4788.118811881188,4572.064686468647,244.19972831358268,4511.6409240924095,258.24826690064833,5058.86501650165,850.9484067601359,302.1188118811888,45.78217821782255,0.06666666666666687,0.009561621174524637,1.2246467991473532e-16,-1.0,1.2246467991473532e-16,-1.0,30,181,0,1,0,1,5,0.02581844022713308,-0.9996666485105112,-0.7818314824680299,0.6234898018587334,4531.782178217822,6284.405940594059,4309.306930693069,6729.626732673267,3921.243564356436,,,,,,4884.59603960396,1014.5173401350174,4998.811456859971,799.6615979577407,4858.728184818481,773.234668932564,4911.27503536068,772.1471279505121,4813.848991565823,779.2634650000373,4813.848991565823,779.2634650000373,4813.848991565823,779.2634650000373,4813.848991565823,779.2634650000373,4813.848991565823,779.2634650000373,-0.23081019339083841,-1450.5049504950484,-0.28169849798210145,-1895.7257425742564,,,-1895.7257425742564,,,2019-06-30
2019,7,3,2,31,0,4954.748514851485,4833.90099009901,4531.782178217822,4350.510891089109,4713.053465346535,6284.405940594059,4907.821782178218,4773.477227722772,217.86097350396335,4582.135313531354,316.09579244346,5062.775577557756,850.2987591574373,120.84752475247478,46.926732673267,0.02499999999999991,0.009561621174524415,-0.4999999999999998,-0.8660254037844388,-1.0,-1.8369701987210297e-16,31,212,0,1,0,0,5,-0.4862727071086902,-0.8738071036110807,0.9749279121818236,-0.22252093395631434,4833.90099009901,7122.326732673267,4488.861386138614,4324.9009900990095,4497.89702970297,,,,,,4574.942008486563,289.1815988774529,5032.089108910891,786.3915429495604,4879.723102310231,766.7641047370106,4927.591159830268,767.9037501565605,4816.410801080107,772.2480861668025,4816.410801080107,772.2480861668025,4816.410801080107,772.2480861668025,4816.410801080107,772.2480861668025,4816.410801080107,772.2480861668025,-0.3043356896108319,-2167.5782178217814,0.1456328193857812,629.8475247524757,,,629.8475247524757,,,2019-07-31
2019,8,3,5,35,1,5136.019801980198,4954.748514851485,4833.90099009901,4531.782178217822,4350.510891089109,7122.326732673267,5087.376237623763,4974.889768976897,152.06313396556186,4753.33597359736,285.1250455431606,5066.829207920792,850.5426139170631,181.27128712871308,48.64356435643549,0.03658536585365857,0.009561621174524415,-0.8660254037844384,-0.5000000000000004,-1.0,-1.8369701987210297e-16,31,243,0,1,0,0,5,-0.8631421280499115,-0.5049610547215202,-0.9749279121818236,-0.2225209339563146,4954.748514851485,4531.782178217822,4788.118811881188,3921.243564356436,4151.904950495049,,,,,,4661.261669024046,356.4977596029737,5056.93917963225,783.5808477071433,4920.2156435643565,746.20197353112,4962.738118811881,753.4715049250619,4822.118104667609,766.3864390006643,4822.118104667609,766.3864390006643,4822.118104667609,766.3864390006643,4822.118104667609,766.3864390006643,4822.118104667609,766.3864390006643,0.13333333333333353,604.2376237623766,0.3097936197245974,1214.7762376237624,,,1214.7762376237624,,,2019-08-31
2019,9,3,0,40,0,5015.172277227723,5136.019801980198,4954.748514851485,4833.90099009901,4531.782178217822,4531.782178217822,4967.6732673267325,5035.313531353136,92.29882162101856,4803.689108910891,302.72244647279274,5070.787458745875,850.1496469293978,-120.84752475247569,47.49900990099013,-0.02352941176470602,0.009561621174524415,-1.0,-1.8369701987210297e-16,-1.0,-1.8369701987210297e-16,30,273,0,1,0,1,5,-0.9999166586547379,-0.012910296075008843,0.0,1.0,5136.019801980198,4108.815841584159,4907.821782178218,4497.89702970297,4324.9009900990095,4237.79702970297,,,,,4790.741159830269,278.46174847392194,5064.6070721357855,782.5339318016112,4937.458151815182,742.0718619743874,4987.390664780764,743.0497099513242,4835.999805516266,762.6413081329232,4825.505019975682,759.943202988565,4825.505019975682,759.943202988565,4825.505019975682,759.943202988565,4825.505019975682,759.943202988565,0.22058823529411753,906.3564356435636,0.11500379935529836,517.2752475247526,,,517.2752475247526,,,2019-09-30
2019,10,4,3,44,0,5317.2910891089105,5015.172277227723,5136.019801980198,4954.748514851485,4833.90099009901,4108.815841584159,5266.9306930693065,5156.16105610561,152.06313396556456,4964.819141914191,268.6423532258818,5074.984158415841,851.3293971980655,302.11881188118787,50.360396039603984,0.06024096385542155,0.009561621174524415,-0.8660254037844386,0.5000000000000001,-2.4492935982947064e-16,1.0,31,304,0,1,0,0,5,-0.867456354729597,0.4975132889071803,0.43388373911755823,-0.900968867902419,5015.172277227723,4713.053465346535,5087.376237623763,4151.904950495049,4613.227722772277,3842.2693069306933,,,,,4877.06082036775,337.7147553189735,5081.029561527581,785.4556056983586,4976.304356435644,729.9352168098094,5012.535785007071,741.8308221378934,4862.339480198019,753.1085454765631,4833.984090133151,756.0104110051723,4833.984090133151,756.0104110051723,4833.984090133151,756.0104110051723,4833.984090133151,756.0104110051723,0.1282051282051282,604.2376237623757,0.2806870948418285,1165.3861386138615,,,1165.3861386138615,,,2019-10-31
2019,11,4,5,48,1,6344.49504950495,5317.2910891089105,5015.172277227723,5136.019801980198,4954.748514851485,4713.053465346535,6284.405940594059,5558.986138613861,696.8408218094728,5266.937953795379,553.0232379995809,5079.991584158416,859.2298418036804,1027.2039603960393,60.0891089108909,0.19318181818181812,0.009561621174524415,-0.5000000000000004,0.8660254037844384,-2.4492935982947064e-16,1.0,30,334,0,1,0,0,5,-0.5086709438521042,0.8609610158889945,-0.9749279121818236,-0.2225209339563146,5317.2910891089105,4350.510891089109,4967.6732673267325,4324.9009900990095,4728.558415841584,4407.308910891089,,,,,5161.915700141442,576.2551238911575,5179.373974540312,853.4238405334922,5043.6241584158415,760.2861973875703,5070.247807637907,780.7561273037569,4896.932089816124,775.9710217013547,4859.58597080047,774.8350292192542,4859.58597080047,774.8350292192542,4859.58597080047,774.8350292192542,4859.58597080047,774.8350292192542,0.45833333333333326,1993.9841584158412,0.4669688540915491,2019.5940594059402,,,2019.5940594059402,,,2019-11-30
2019,12,4,1,1,0,7190.427722772277,6344.49504950495,5317.2910891089105,5015.172277227723,5136.019801980198,4350.510891089109,7122.326732673267,6284.071287128711,938.0290429340178,5659.692409240924,907.2958739722317,5085.666666666667,874.0426705350393,845.9326732673271,68.10099009901023,0.1333333333333333,0.009561621174524415,-2.4492935982947064e-16,1.0,-2.4492935982947064e-16,1.0,31,365,0,1,0,1,5,6.432490598706546e-16,1.0,0.7818314824680298,0.6234898018587336,6344.49504950495,4531.782178217822,5266.9306930693065,4613.227722772277,4901.554455445545,4068.2851485148512,,,,,5541.722206506364,885.1027907754523,5316.766619519095,1009.2158389821091,5129.530825082508,850.2564267769351,5151.993281471004,876.4039300921793,4952.684635785007,825.9056244377136,4898.433333333333,825.0700732797695,4898.433333333333,825.0700732797695,4898.433333333333,825.0700732797695,4898.433333333333,825.0700732797695,0.5866666666666667,2658.6455445544552,0.5586544074722708,2577.2,,,2577.2,,,2019-12-31
2020,1,1,4,5,0,4623.638613861386,7190.427722772277,6344.49504950495,5317.2910891089105,5015.172277227723,4531.782178217822,4531.782178217822,6052.8537953795385,1308.0109128890226,5604.507425742574,966.8627920130443,5093.321369636964,869.1393470439748,-2566.7891089108907,91.85643564356451,-0.35697307696756353,0.020269384544799207,0.49999999999999994,0.8660254037844387,1.0,6.123233995736766e-17,31,31,0,1,0,0,5,0.5086709438521044,0.8609610158889943,-0.433883739117558,-0.9009688679024191,7190.427722772277,4833.90099009901,6284.405940594059,4728.558415841584,4786.223762376238,4237.79702970297,,,,,5511.684724186704,916.1506933641576,5198.140381895332,984.0186803448302,5126.033498349834,852.1762175011497,5146.186669024045,879.4503999052891,4959.574664073551,821.4306152523949,4893.9285018665805,818.921762211768,4893.9285018665805,818.921762211768,4893.9285018665805,818.921762211768,4893.9285018665805,818.921762211768,-0.043497451989250924,-210.26237623762427,-0.022188538821619752,-104.91980198019792,,,-104.91980198019792,,,2020-01-31
2020,2,1,5,9,1,4192.0990099009905,4623.638613861386,7190.427722772277,6344.49504950495,5317.2910891089105,4833.90099009901,4108.815841584159,5335.388448844885,1620.9363461611845,5447.187293729373,1122.5896337306883,5100.261633663366,860.8562254641789,-431.53960396039565,83.2831683168315,-0.09333333333333327,0.020269384544798985,0.8660254037844386,0.5000000000000001,1.0,6.123233995736766e-17,29,60,0,1,0,0,5,0.8587639582758029,0.5123714121284237,-0.9749279121818236,-0.2225209339563146,4623.638613861386,4954.748514851485,7122.326732673267,4901.554455445545,5074.550495049504,4520.316831683168,,,,,5402.734794908062,1031.5062177999112,4988.838401697312,845.0821347116931,5102.38498349835,868.3116809893305,5114.670544554455,897.7344164752315,4953.713631541726,825.7811927135349,4882.608671351006,817.0578084403525,4882.608671351006,817.0578084403525,4882.608671351006,817.0578084403525,4882.608671351006,817.0578084403525,-0.1539229494018738,-762.6495049504947,-0.14474090862264333,-709.4554455445541,,,-709.4554455445541,,,2020-02-29
2020,3,1,1,14,0,4808.584158415842,4192.0990099009905,4623.638613861386,7190.427722772277,6344.49504950495,4954.748514851485,4713.053465346535,4541.440594059405,316.3556075516338,5412.755940594059,1141.4991292397015,5108.222524752475,857.3846556209639,616.4851485148511,95.53069306930684,0.1470588235294117,0.020269384544798985,1.0,6.123233995736766e-17,1.0,6.123233995736766e-17,31,91,0,1,0,1,5,0.9999907397361901,0.004303538296244289,0.7818314824680298,0.6234898018587336,4192.0990099009905,5136.019801980198,4531.782178217822,4786.223762376238,6054.861386138614,4633.324752475248,,,,,5355.958274398868,1052.820992655307,5008.609971711457,836.7633604634651,5103.130330033004,868.0404890001909,5070.160643564356,880.1155145000564,4956.843263790664,824.8764848125381,4881.4336790821935,810.495506073185,4881.4336790821935,810.495506073185,4881.4336790821935,810.495506073185,4881.4336790821935,810.495506073185,-0.06375280006477269,-327.4356435643567,0.004671824208340558,22.360396039603984,,,22.360396039603984,,,2020-03-31
2020,4,2,3,18,0,4438.693069306931,4808.584158415842,4192.0990099009905,4623.638613861386,7190.427722772277,5136.019801980198,4350.510891089109,4479.792079207921,310.29072020601785,5266.3229372937285,1210.465241375621,5115.57103960396,850.6514983721808,-369.8910891089108,88.18217821782218,-0.07692307692307687,0.020269384544799207,0.8660254037844387,-0.49999999999999983,1.2246467991473532e-16,-1.0,30,121,0,1,0,0,5,0.8717063187093218,-0.49002866642905923,0.43388373911755823,-0.900968867902419,4808.584158415842,5015.172277227723,4108.815841584159,5074.550495049504,6862.176237623762,4802.836633663366,,,,,5273.604101838755,1105.166439040762,5032.172630834511,813.806393189483,5081.935082508251,876.4843043367466,4983.607673267326,814.0425266583338,4950.340700141443,827.5435781003658,4874.515857054455,805.9396595970685,4874.515857054455,805.9396595970685,4874.515857054455,805.9396595970685,4874.515857054455,805.9396595970685,-0.1149470399129453,-576.4792079207919,-0.12530320200043066,-635.8574257425735,,,-635.8574257425735,,,2020-04-30
2020,5,2,6,22,1,4623.638613861386,4438.693069306931,4808.584158415842,4192.0990099009905,4623.638613861386,5015.172277227723,4531.782178217822,4623.638613861386,184.94554455443978,4979.5135313531355,1103.0104919639168,5123.225742574257,845.3171879993754,184.9455445544554,91.85643564356451,0.04166666666666674,0.020269384544799207,0.49999999999999994,-0.8660254037844387,1.2246467991473532e-16,-1.0,31,152,0,1,0,0,5,0.5012418134457758,-0.865307254363206,-0.7818314824680299,0.6234898018587334,4438.693069306931,5317.2910891089105,4713.053465346535,6054.861386138614,4488.861386138614,4689.828712871287,,,,,5174.510891089109,1131.3831858747378,5025.78585572843,816.8486782678839,5034.227656765676,860.5068162478296,4988.4211456859975,811.4029103567821,4949.158734087695,827.9695874328166,4870.656207159178,800.2237127852843,4870.656207159178,800.2237127852843,4870.656207159178,800.2237127852843,4870.656207159178,800.2237127852843,-0.13045222908113707,-693.6524752475243,-0.23637581127021734,-1431.2227722772277,,,-1431.2227722772277,,,2020-05-31
2020,6,2,1,27,0,4931.881188118812,4623.638613861386,4438.693069306931,4808.584158415842,4192.0990099009905,5317.2910891089105,4833.90099009901,4664.737623762377,249.14950651250797,4603.089108910891,263.4828003304892,5131.390759075907,842.737775876939,308.242574257426,97.98019801980172,0.06666666666666665,0.020269384544798985,1.2246467991473532e-16,-1.0,1.2246467991473532e-16,-1.0,30,182,0,1,0,1,5,0.008606996888688698,-0.9999629591162655,0.7818314824680298,0.6234898018587336,4623.638613861386,6344.49504950495,4350.510891089109,6862.176237623762,4069.90099009901,4972.348514851485,,,,,4972.708910891089,1007.0671482922545,5067.312305516266,794.3464892953659,4969.884488448845,788.2447749003252,5019.206152758133,791.3677298371985,4948.436103253182,827.9666394133228,4871.5838583858385,794.0800492017083,4871.5838583858385,794.0800492017083,4871.5838583858385,794.0800492017083,4871.5838583858385,794.0800492017083,-0.22265189748967673,-1412.6138613861376,-0.2812948811954986,-1930.29504950495,,,-1930.29504950495,,,2020-06-30
2020,7,3,4,31,0,5055.178217821783,4931.881188118812,4623.638613861386,4438.693069306931,4808.584158415842,6344.49504950495,4954.748514851485,4870.232673267327,222.27688135322268,4675.012376237624,322.50285961349243,5139.759900990099,841.3215743618284,123.29702970297058,100.42970297029751,0.025000000000000133,0.020269384544799207,-0.4999999999999998,-0.8660254037844388,-1.0,-1.8369701987210297e-16,31,213,0,1,0,0,5,-0.5012418134457756,-0.8653072543632061,-0.433883739117558,-0.9009688679024191,4931.881188118812,7190.427722772277,4531.782178217822,4488.861386138614,4668.415841584158,5932.915841584158,,,,,4667.6732673267325,295.04313190837945,5104.697736916549,779.3789350814208,4988.761716171618,783.0921519096373,5033.01909476662,788.3878459922659,4932.762217114569,817.2294386105069,4874.324072705778,788.3604668535305,4874.324072705778,788.3604668535305,4874.324072705778,788.3604668535305,4874.324072705778,788.3604668535305,-0.2969572308178694,-2135.249504950494,0.12616046319272134,566.3168316831689,,,566.3168316831689,,,2020-07-31
2020,8,3,0,36,0,5240.123762376238,5055.178217821783,4931.881188118812,4623.638613861386,4438.693069306931,7190.427722772277,5136.019801980198,5075.727722772278,155.1453601030023,4849.683168316832,290.90435473463106,5148.4352310231025,841.816093415727,184.9455445544554,104.10396039603984,0.03658536585365857,0.020269384544799207,-0.8660254037844384,-0.5000000000000004,-1.0,-1.8369701987210297e-16,31,244,0,1,0,0,5,-0.8717063187093218,-0.4900286664290594,0.0,1.0,5055.178217821783,4623.638613861386,4833.90099009901,4069.90099009901,4309.306930693069,6723.971287128713,,,,,4755.742574257426,363.72374978172553,5133.713649222065,776.0765338835117,5027.769141914191,764.6724946815611,5066.262553041018,776.2727937975599,4906.264939886845,781.365248209453,4879.703479906813,783.7114962192301,4879.703479906813,783.7114962192301,4879.703479906813,783.7114962192301,4879.703479906813,783.7114962192301,0.13333333333333353,616.485148514852,0.2875310173697272,1170.2227722772282,,,1170.2227722772282,,,2020-08-31
2020,9,3,2,40,0,5116.8267326732675,5240.123762376238,5055.178217821783,4931.881188118812,4623.638613861386,4623.638613861386,5015.172277227723,5137.376237623764,94.16966192949505,4901.056930693069,308.85844415069477,5156.906435643565,840.8640919852451,-123.29702970297058,101.65445544554495,-0.02352941176470591,0.020269384544799207,-1.0,-1.8369701987210297e-16,-1.0,-1.8369701987210297e-16,30,274,0,1,0,1,5,-0.9999907397361901,0.004303538296243821,0.9749279121818236,-0.22252093395631434,5240.123762376238,4192.0990099009905,4954.748514851485,4668.415841584158,4488.861386138614,4241.361386138614,,,,,4887.846534653466,284.10599673475673,5145.290664780764,774.4085827938032,5042.716171617162,761.7830886096623,5088.6898868458275,768.0004388698181,4921.898249646393,776.5634543278293,4883.140048787487,778.4511495320235,4883.140048787487,778.4511495320235,4883.140048787487,778.4511495320235,4883.140048787487,778.4511495320235,0.22058823529411753,924.727722772277,0.09605204555576763,448.4108910891091,,,448.4108910891091,,,2020-09-30
2020,10,4,5,44,1,5425.069306930693,5116.8267326732675,5240.123762376238,5055.178217821783,4931.881188118812,4192.0990099009905,5317.2910891089105,5260.6732673267325,155.14536010300526,5065.452970297029,274.0875683884397,5165.887953795379,843.3050084228611,308.2425742574251,107.77821782178216,0.06024096385542155,0.020269384544799207,-0.8660254037844386,0.5000000000000001,-2.4492935982947064e-16,1.0,31,305,0,1,0,0,5,-0.858763958275803,0.5123714121284235,-0.9749279121818236,-0.2225209339563146,5116.8267326732675,4808.584158415842,5136.019801980198,4309.306930693069,4788.118811881188,3845.5009900990103,,,,,4975.915841584158,344.56002556098633,5165.937057991513,777.9872848640017,5079.908250825082,751.9147519407072,5111.438118811881,768.2009971922434,4950.104826732672,765.3613497130514,4890.88189533239,775.49939831037,4890.88189533239,775.49939831037,4890.88189533239,775.49939831037,4890.88189533239,775.49939831037,0.1282051282051282,616.4851485148511,0.2589192169837331,1115.7623762376234,,,1115.7623762376234,,,2020-10-31
2020,11,4,0,49,0,6473.09405940594,5425.069306930693,5116.8267326732675,5240.123762376238,5055.178217821783,4808.584158415842,6344.49504950495,5671.663366336633,710.9653563932441,5373.695544554455,564.232678672806,5176.604537953795,860.2902091693027,1048.0247524752476,128.5990099009905,0.19318181818181812,0.020269384544799207,-0.5000000000000004,0.8660254037844384,-2.4492935982947064e-16,1.0,30,335,0,1,0,0,5,-0.4937755501599774,0.8695893893466109,0.0,1.0,5425.069306930693,4438.693069306931,5015.172277227723,4488.861386138614,4907.821782178218,4411.015841584159,,,,,5266.544554455446,587.9354605932184,5270.0743281471,850.4541869387925,5146.049339933994,784.6872652323215,5167.3407001414425,808.7193665520995,4986.92765205092,788.2170615074014,4913.166573699624,792.5067742005172,4913.166573699624,792.5067742005172,4913.166573699624,792.5067742005172,4913.166573699624,792.5067742005172,0.45833333333333326,2034.4009900990095,0.4420347394540942,1984.2326732673264,,,1984.2326732673264,,,2020-11-30
2020,12,4,3,53,0,7336.1732673267325,6473.09405940594,5425.069306930693,5116.8267326732675,5240.123762376238,4438.693069306931,7190.427722772277,6411.4455445544545,957.0423143194375,5774.410891089108,925.686202937685,5188.75,891.7589775326775,863.0792079207922,145.7455445544556,0.1333333333333333,0.020269384544799207,-2.4492935982947064e-16,1.0,-2.4492935982947064e-16,1.0,31,366,0,1,0,1,5,0.017213356155833904,0.9998518392091162,0.43388373911755823,-0.900968867902419,6473.09405940594,4623.638613861386,5317.2910891089105,4788.118811881188,5087.376237623763,4071.706930693069,,,,,5654.049504950495,903.0432796033551,5414.280198019803,1014.4320486150586,5230.984488448845,877.0718956325239,5247.654879773691,906.2654233517972,5045.221693776521,838.4158714024622,4946.819444444444,837.1153470846209,4946.819444444444,837.1153470846209,4946.819444444444,837.1153470846209,4946.819444444444,837.1153470846209,0.5866666666666667,2712.5346534653463,0.5321619106699753,2548.0544554455446,,,2548.0544554455446,,,2020-12-31
2021,1,1,6,4,1,5047.128712871287,7336.1732673267325,6473.09405940594,5425.069306930693,5116.8267326732675,4623.638613861386,4623.638613861386,6285.465346534654,1155.9994132744346,5773.069306930692,926.9420328063255,5224.040841584158,875.5951327961437,-2289.044554455446,423.4900990099004,-0.31202160459462036,0.09159238737653563,0.49999999999999994,0.8660254037844387,1.0,6.123233995736766e-17,31,31,0,1,0,0,5,0.5086709438521044,0.8609610158889943,-0.7818314824680299,0.6234898018587334,7336.1732673267325,4931.881188118812,6344.49504950495,4907.821782178218,4967.6732673267325,4241.361386138614,,,,,5670.513437057992,888.6179654966252,5321.61117397454,981.6475878386877,5235.62805280528,875.6695984519216,5250.492574257426,905.480331795025,5059.610396039604,831.2529735771142,4948.193544011935,831.3646205140424,4948.193544011935,831.3646205140424,4948.193544011935,831.3646205140424,4948.193544011935,831.3646205140424,0.0233678631655021,115.24752475247442,0.028384675906312218,139.30693069306835,,,139.30693069306835,,,2021-01-31
2021,2,1,6,8,1,4576.063366336634,5047.128712871287,7336.1732673267325,6473.09405940594,5425.069306930693,4931.881188118812,4192.0990099009905,5653.121782178218,1476.4729480833432,5662.392574257426,1036.4751704060507,5256.037871287129,840.7799597490662,-471.06534653465224,383.9643564356438,-0.09333333333333305,0.09159238737653586,0.8660254037844386,0.5000000000000001,1.0,6.123233995736766e-17,28,59,0,1,0,0,4,0.8498170915275278,0.5270777086423722,-0.7818314824680299,0.6234898018587334,5047.128712871287,5055.178217821783,7190.427722772277,5087.376237623763,5266.9306930693065,4524.118811881188,,,,,5602.068458274399,959.534770174664,5134.870862800565,836.7691922459009,5218.584290429043,883.5947815948775,5225.818741159829,914.3849024194349,5060.537977369166,830.6733429177133,4943.164757827134,826.7831955425,4943.164757827134,826.7831955425,4943.164757827134,826.7831955425,4943.164757827134,826.7831955425,-0.09477704461458003,-479.1148514851484,-0.10050620347394534,-511.3128712871285,,,-511.3128712871285,,,2021-02-28
2021,3,1,2,13,0,5249.013861386138,4576.063366336634,5047.128712871287,7336.1732673267325,6473.09405940594,5055.178217821783,4808.584158415842,4957.40198019802,345.33137290724966,5684.423762376237,1023.8878383488488,5292.740346534653,829.0021383431849,672.9504950495038,440.4297029702966,0.14705882352941146,0.09159238737653563,1.0,6.123233995736766e-17,1.0,6.123233995736766e-17,31,90,0,1,0,1,5,0.9997685019798909,0.021516097436222254,0.9749279121818236,-0.22252093395631434,4576.063366336634,5240.123762376238,4623.638613861386,4967.6732673267325,6284.405940594059,4637.221782178218,,,,,5603.33847241867,958.9815905418019,5179.540523338047,823.9730095443925,5227.962310231023,882.3320120156794,5188.84045261669,890.616460901937,5071.462835926449,829.0261972030045,4947.242745874587,821.936897136109,4947.242745874587,821.936897136109,4947.242745874587,821.936897136109,4947.242745874587,821.936897136109,0.0016965437102327563,8.890099009900041,0.056634279051690495,281.3405940594057,,,281.3405940594057,,,2021-03-31
2021,4,2,4,17,0,4845.243564356435,5249.013861386138,4576.063366336634,5047.128712871287,7336.1732673267325,5240.123762376238,4438.693069306931,4890.106930693069,338.71098805047956,5587.786138613861,1079.134580747356,5326.619554455446,798.6791942565378,-403.7702970297032,406.5504950495042,-0.07692307692307698,0.09159238737653563,0.8660254037844387,-0.49999999999999983,1.2246467991473532e-16,-1.0,30,120,0,1,0,0,5,0.8800122039735357,-0.47495107206704995,-0.433883739117558,-0.9009688679024191,5249.013861386138,5116.8267326732675,4192.0990099009905,5266.9306930693065,7122.326732673267,4806.876237623763,,,,,5564.540876944836,987.0285025271928,5226.193705799152,781.1407933864996,5213.906072607261,885.0445414955346,5107.516053748232,807.62212878105,5072.147966760962,828.8193877698765,4945.900651380927,816.5227605984364,4945.900651380927,816.5227605984364,4945.900651380927,816.5227605984364,4945.900651380927,816.5227605984364,-0.053076483239631767,-271.5831683168326,-0.08006316264380786,-421.6871287128715,,,-421.6871287128715,,,2021-04-30
2021,5,2,0,22,0,5047.128712871287,4845.243564356435,5249.013861386138,4576.063366336634,5047.128712871287,5116.8267326732675,4623.638613861386,5047.128712871287,201.88514851484675,5350.125247524752,999.2298393560551,5361.910396039603,773.7606286193363,201.8851485148516,423.4900990099004,0.04166666666666674,0.09159238737653563,0.49999999999999994,-0.8660254037844387,1.2246467991473532e-16,-1.0,31,151,0,1,0,0,5,0.5160623910158528,-0.8565509959010036,0.0,1.0,4845.243564356435,5425.069306930693,4808.584158415842,6284.405940594059,4531.782178217822,4693.773267326733,,,,,5510.549363507779,1006.0822558181588,5243.232602545969,773.8989304810392,5172.663498349835,861.9670286301573,5125.921287128712,799.8503712032493,5078.4578854314,827.2299413282634,4947.215301530153,811.2151414463125,4947.215301530153,811.2151414463125,4947.215301530153,811.2151414463125,4947.215301530153,811.2151414463125,-0.06966557894045244,-377.94059405940607,-0.19688053881602274,-1237.2772277227723,,,-1237.2772277227723,,,2021-05-31
2021,6,2,2,26,0,5383.60396039604,5047.128712871287,4845.243564356435,5249.013861386138,4576.063366336634,5425.069306930693,4931.881188118812,5091.99207920792,271.96970462768377,5024.69702970297,287.61581904541384,5399.55396039604,761.834010209771,336.4752475247533,451.7227722772277,0.06666666666666687,0.09159238737653586,1.2246467991473532e-16,-1.0,1.2246467991473532e-16,-1.0,30,181,0,1,0,1,5,0.02581844022713308,-0.9996666485105112,0.9749279121818236,-0.22252093395631434,5047.128712871287,6473.09405940594,4438.693069306931,7122.326732673267,4108.815841584159,4976.530693069307,,,,,5354.9079207920795,912.2556353866382,5310.726237623762,738.7410807214808,5114.7060726072605,781.0065311708493,5171.449434229137,775.7289229714016,5085.727050919378,828.1060709641829,4952.81002792587,807.4435690187685,4952.81002792587,807.4435690187685,4952.81002792587,807.4435690187685,4952.81002792587,807.4435690187685,-0.16831056199882977,-1089.4900990099004,-0.2441228600621389,-1738.7227722772268,,,-1738.7227722772268,,,2021-06-30
2021,7,3,5,30,1,5518.194059405941,5383.60396039604,5047.128712871287,4845.243564356435,5249.013861386138,6473.09405940594,5055.178217821783,5316.308910891089,242.63575157498488,5103.207920792079,352.0416664612517,5438.138613861386,754.4966513244766,134.59009900990077,463.0158415841579,0.02499999999999991,0.09159238737653563,-0.4999999999999998,-0.8660254037844388,-1.0,-1.8369701987210297e-16,31,212,0,1,0,0,5,-0.4862727071086902,-0.8738071036110807,-0.9749279121818236,-0.2225209339563146,5383.60396039604,7336.1732673267325,4623.638613861386,4531.782178217822,4713.053465346535,5937.905940594059,,,,,5095.196605374823,322.06683673891973,5374.623055162659,712.9782197966535,5147.586468646865,776.369391412477,5200.204455445544,773.025511249882,5078.232195898161,822.1308758447321,4959.966787818022,804.7688536262951,4959.966787818022,804.7688536262951,4959.966787818022,804.7688536262951,4959.966787818022,804.7688536262951,-0.24781028769011815,-1817.9792079207919,0.21766533394507448,986.411881188119,,,986.411881188119,,,2021-07-31
2021,8,3,1,35,0,5720.079207920792,5518.194059405941,5383.60396039604,5047.128712871287,4845.243564356435,7336.1732673267325,5240.123762376238,5540.625742574258,169.35549402524043,5293.877227722772,317.5489790830057,5478.134900990099,755.7657974663384,201.8851485148516,479.9554455445541,0.03658536585365857,0.09159238737653563,-0.8660254037844384,-0.5000000000000004,-1.0,-1.8369701987210297e-16,31,243,0,1,0,0,5,-0.8631421280499115,-0.5049610547215202,0.7818314824680298,0.6234898018587336,5518.194059405941,5047.128712871287,4931.881188118812,4108.815841584159,4350.510891089109,6729.626732673267,,,,,5191.3323903818955,397.03807636978075,5430.922913719943,706.4176907997065,5201.295247524752,757.5345231409159,5249.117609618105,760.4980971775018,5060.204561527581,795.9113547379417,4969.468193069307,804.1622385028488,4969.468193069307,804.1622385028488,4969.468193069307,804.1622385028488,4969.468193069307,804.1622385028488,0.13333333333333353,672.9504950495057,0.39214786655305756,1611.2633663366332,,,1611.2633663366332,,,2021-08-31
2021,9,3,3,39,0,5585.489108910891,5720.079207920792,5518.194059405941,5383.60396039604,5047.128712871287,5047.128712871287,5116.8267326732675,5607.920792079208,102.79488608407736,5349.956435643564,337.14752641185834,5517.190099009901,747.4610952707405,-134.59009900990077,468.6623762376239,-0.0235294117647058,0.09159238737653586,-1.0,-1.8369701987210297e-16,-1.0,-1.8369701987210297e-16,30,273,0,1,0,1,5,-0.9999166586547379,-0.012910296075008843,0.43388373911755823,-0.900968867902419,5720.079207920792,4576.063366336634,5055.178217821783,4713.053465346535,4531.782178217822,4324.9009900990095,,,,,5335.5360678925035,310.1279432436853,5468.802263083451,698.8978246583158,5230.376435643565,754.8864148162515,5286.75,749.6806915519414,5082.715063649222,792.5562176227255,4977.073389561178,802.0463855782074,4977.073389561178,802.0463855782074,4977.073389561178,802.0463855782074,4977.073389561178,802.0463855782074,0.22058823529411753,1009.4257425742571,0.18511049152721837,872.4356435643567,,,872.4356435643567,,,2021-09-30
2021,10,4,6,43,1,5921.964356435643,5585.489108910891,5720.079207920792,5518.194059405941,5383.60396039604,4576.063366336634,5425.069306930693,5742.5108910891095,169.3554940252407,5529.409900990099,299.19190312736464,5558.59801980198,755.6129087560201,336.47524752475147,496.8950495049503,0.06024096385542155,0.09159238737653586,-0.8660254037844386,0.5000000000000001,-2.4492935982947064e-16,1.0,31,304,0,1,0,0,5,-0.867456354729597,0.4975132889071803,-0.7818314824680299,0.6234898018587334,5585.489108910891,5249.013861386138,5240.123762376238,4350.510891089109,4833.90099009901,3921.243564356436,,,,,5431.671852899575,376.1191008966389,5517.505162659123,705.4627839087775,5282.758217821782,746.1987906883122,5325.609405940594,753.527858796568,5118.442220650637,784.2986207840008,4988.596450132818,803.8810432924485,4988.596450132818,803.8810432924485,4988.596450132818,803.8810432924485,4988.596450132818,803.8810432924485,0.1282051282051282,672.9504950495048,0.3612112472963229,1571.4534653465344,,,1571.4534653465344,,,2021-10-31
2021,11,4,1,48,0,7065.980198019802,5921.964356435643,5585.489108910891,5720.079207920792,5518.194059405941,5249.013861386138,6473.09405940594,6191.144554455444,776.0843707273112,5865.885148514852,615.9120967483046,5608.005198019801,835.9569769437396,1144.0158415841588,592.8861386138615,0.19318181818181834,0.09159238737653586,-0.5000000000000004,0.8660254037844384,-2.4492935982947064e-16,1.0,30,334,0,1,0,0,5,-0.5086709438521042,0.8609610158889945,0.7818314824680298,0.6234898018587336,5921.964356435643,4845.243564356435,5116.8267326732675,4531.782178217822,4954.748514851485,4497.89702970297,,,,,5748.919943422914,641.7858730522754,5656.730410183875,805.5419088771583,5367.231485148515,799.7717358254587,5401.01053748232,817.9214340847975,5164.300848656293,821.5495008556165,5013.625169986878,830.8659327523475,5013.625169986878,830.8659327523475,5013.625169986878,830.8659327523475,5013.625169986878,830.8659327523475,0.4583333333333335,2220.736633663367,0.5592056105394245,2534.19801980198,,,2534.19801980198,,,2021-11-30
2021,12,4,4,52,0,8008.110891089109,7065.980198019802,5921.964356435643,5585.489108910891,5720.079207920792,4845.243564356435,7336.1732673267325,6998.685148514851,1044.7001047083186,6303.30297029703,1010.4720122262672,5664.0,973.4373112493552,942.1306930693072,671.9376237623765,0.1333333333333333,0.09159238737653586,-2.4492935982947064e-16,1.0,-2.4492935982947064e-16,1.0,31,365,0,1,0,1,5,6.432490598706546e-16,1.0,-0.433883739117558,-0.9009688679024191,7065.980198019802,5047.128712871287,5425.069306930693,4833.90099009901,5136.019801980198,4151.904950495049,,,,,6171.917397454032,985.7551694865633,5841.233380480905,1016.57098677521,5473.038481848185,926.6803759617557,5503.585219236209,952.4826446847967,5233.161669024045,893.6001305021259,5049.273809523809,888.1273628197881,5049.273809523809,888.1273628197881,5049.273809523809,888.1273628197881,5049.273809523809,888.1273628197881,0.5866666666666669,2960.9821782178224,0.6566559611981384,3174.2099009900985,,,3174.2099009900985,,,2021-12-31
2022,1,1,0,5,0,5453.168316831683,8008.110891089109,7065.980198019802,5921.964356435643,5585.489108910891,5047.128712871287,5047.128712871287,6842.419801980198,1292.0593358845133,6292.465346534654,1020.8718470006088,5697.836633663366,956.9631411476921,-2554.942574257426,406.03960396039656,-0.3190443550301476,0.08044962335216588,0.49999999999999994,0.8660254037844387,1.0,6.123233995736766e-17,31,31,0,1,0,0,5,0.5086709438521044,0.8609610158889943,0.0,1.0,8008.110891089109,5383.60396039604,6473.09405940594,4954.748514851485,5015.172277227723,4324.9009900990095,4237.79702970297,,,,6181.8551626591225,976.7932548758109,5768.3815417256,1004.2777173097579,5489.652475247524,921.5213928486571,5519.227934936351,947.7491718119514,5253.309299858557,885.4315761095824,5063.742515322961,884.6412315079308,5054.025509609784,883.9113510844218,5054.025509609784,883.9113510844218,5054.025509609784,883.9113510844218,0.012921521892655274,69.56435643564328,0.10059436931788213,498.4198019801979,,,498.4198019801979,,,2022-01-31
2022,2,1,0,9,0,4944.20594059406,5453.168316831683,8008.110891089109,7065.980198019802,5921.964356435643,5383.60396039604,4576.063366336634,6135.161716171618,1641.86315933285,6163.1531353135315,1148.9773092795865,5728.5151815181525,923.0312152376157,-508.9623762376232,368.1425742574256,-0.09333333333333327,0.08044962335216566,0.8660254037844386,0.5000000000000001,1.0,6.123233995736766e-17,28,59,0,1,0,0,4,0.8498170915275278,0.5270777086423722,0.0,1.0,5453.168316831683,5518.194059405941,7336.1732673267325,5136.019801980198,5317.2910891089105,4613.227722772277,3842.2693069306933,,,,6099.856859971712,1062.1529913362288,5597.526732673267,916.6860858999113,5483.258679867986,924.7194930288182,5505.903465346535,953.2997263822998,5259.219625176803,882.1799800998887,5076.860808580858,874.4210867708307,5052.748537877043,878.7762837413242,5052.748537877043,878.7762837413242,5052.748537877043,878.7762837413242,-0.10401738551283812,-573.9881188118807,-0.0373467916366258,-191.81386138613834,,,-191.81386138613834,,,2022-02-28
2022,3,1,3,13,0,5671.295049504951,4944.20594059406,5453.168316831683,8008.110891089109,7065.980198019802,5518.194059405941,5249.013861386138,5356.223102310231,373.1131517893305,6177.454125412541,1140.8545766630812,5763.705280528052,911.0605896432751,727.0891089108909,422.2811881188127,0.1470588235294117,0.08044962335216588,1.0,6.123233995736766e-17,1.0,6.123233995736766e-17,31,90,0,1,0,1,5,0.9997685019798909,0.021516097436222254,0.43388373911755823,-0.900968867902419,4944.20594059406,5720.079207920792,5047.128712871287,5015.172277227723,6344.49504950495,4728.558415841584,4407.308910891089,,,,6092.887694483734,1065.2157870236936,5642.110042432815,902.933268013462,5505.1294389438945,921.0185698777424,5481.860608203678,939.7596781903551,5276.054207920793,880.8633957582765,5091.908262611975,873.6355848861901,5059.858267895755,876.1654127435429,5059.858267895755,876.1654127435429,5059.858267895755,876.1654127435429,-0.008528580923894968,-48.784158415841375,0.13082756404131324,656.1227722772283,,,656.1227722772283,,,2022-03-31
2022,4,2,5,17,1,5235.041584158415,5671.295049504951,4944.20594059406,5453.168316831683,8008.110891089109,5720.079207920792,4845.243564356435,5283.514191419142,365.9601594643875,6062.96699669967,1204.3229123022759,5796.188448844885,881.8161467372669,-436.25346534653545,389.79801980198044,-0.0769230769230771,0.08044962335216588,0.8660254037844387,-0.49999999999999983,1.2246467991473532e-16,-1.0,30,120,0,1,0,0,5,0.8800122039735357,-0.47495107206704995,-0.9749279121818236,-0.2225209339563146,5671.295049504951,5585.489108910891,4576.063366336634,5317.2910891089105,7190.427722772277,4901.554455445545,4068.2851485148512,,,,6042.823762376238,1100.6823550885415,5689.179915134371,859.2027394666671,5502.3877887788785,921.7191523787957,5412.025388967469,878.7652543384851,5282.009335219236,879.4116186061729,5105.798220179161,866.4101597662569,5061.84898739874,871.3155720829974,5061.84898739874,871.3155720829974,5061.84898739874,871.3155720829974,-0.06274249540535037,-350.44752475247606,-0.015468309628367316,-82.24950495049507,,,-82.24950495049507,,,2022-04-30
2022,5,2,1,22,0,5453.168316831683,5235.041584158415,5671.295049504951,4944.20594059406,5453.168316831683,5585.489108910891,5047.128712871287,5453.168316831683,218.12673267327187,5794.16501650165,1112.1385081074388,5830.025082508251,857.927216275561,218.12673267326772,406.03960396039656,0.04166666666666674,0.08044962335216588,0.49999999999999994,-0.8660254037844387,1.2246467991473532e-16,-1.0,31,151,0,1,0,0,5,0.5160623910158528,-0.8565509959010036,0.7818314824680298,0.6234898018587336,5235.041584158415,5921.964356435643,5249.013861386138,6344.49504950495,4623.638613861386,4786.223762376238,4237.79702970297,,,,5975.852899575672,1123.291350898912,5703.762376237624,852.8666485559086,5472.676897689769,907.9004860849736,5441.651449787836,865.0782320905861,5293.919059405941,877.0882888981955,5120.266925978312,861.8764898958715,5066.245833796863,867.3432011951369,5066.245833796863,867.3432011951369,5066.245833796863,867.3432011951369,-0.07916225282485867,-468.7960396039598,-0.14048820681841578,-891.3267326732666,,,-891.3267326732666,,,2022-05-31
2022,6,2,3,26,0,5816.712871287129,5453.168316831683,5235.041584158415,5671.295049504951,4944.20594059406,5921.964356435643,5383.60396039604,5501.640924092409,293.8495649281868,5428.932013201321,310.7544033577409,5866.117491749174,846.4730917342513,363.5445544554459,433.1089108910892,0.06666666666666665,0.08044962335216566,1.2246467991473532e-16,-1.0,1.2246467991473532e-16,-1.0,30,181,0,1,0,1,5,0.02581844022713308,-0.9996666485105112,0.43388373911755823,-0.900968867902419,5453.168316831683,7065.980198019802,4845.243564356435,7190.427722772277,4192.0990099009905,5074.550495049504,4520.316831683168,,,,5797.3861386138615,1015.2746822444157,5773.153041018387,816.3828346762724,5426.886402640263,851.1453795614979,5499.673373408769,832.015756944127,5307.171958981612,879.3175831084465,5135.7002121640735,862.6106993484636,5074.584356435643,866.077007695337,5074.584356435643,866.077007695337,5074.584356435643,866.077007695337,-0.17680028696977845,-1249.2673267326727,-0.1910477240643913,-1373.7148514851478,,,-1373.7148514851478,,,2022-06-30
2022,7,3,6,30,1,5962.130693069307,5816.712871287129,5453.168316831683,5235.041584158415,5671.295049504951,7065.980198019802,5518.194059405941,5744.0039603960395,262.15570640096536,5513.759075907591,380.3632859323273,5903.112211221122,839.557684095409,145.41782178217818,443.9366336633666,0.02499999999999991,0.08044962335216588,-0.4999999999999998,-0.8660254037844388,-1.0,-1.8369701987210297e-16,31,212,0,1,0,0,5,-0.4862727071086902,-0.8738071036110807,-0.7818314824680299,0.6234898018587334,5816.712871287129,8008.110891089109,5047.128712871287,4623.638613861386,4808.584158415842,6054.861386138614,4633.324752475248,4237.79702970297,,,5505.103253182461,347.97699244879067,5838.510325318246,789.9878922714506,5471.502805280528,842.6265585090567,5540.871463932107,825.0587967725977,5305.516053748232,877.9702373153641,5151.519330504479,865.4663402388458,5093.743619361936,866.4303859395941,5084.337612882167,866.2629645824758,5084.337612882167,866.2629645824758,-0.25548849483296143,-2045.9801980198017,0.2894889049492759,1338.492079207921,,,1338.492079207921,1724.3336633663375,,2022-07-31
2022,8,3,2,35,0,6180.257425742575,5962.130693069307,5816.712871287129,5453.168316831683,5235.041584158415,8008.110891089109,5720.079207920792,5986.36699669967,182.98007973219123,5719.767656765677,343.0956748460974,5941.460396039604,840.9458713771301,218.12673267326772,460.1782178217827,0.03658536585365857,0.08044962335216588,-0.8660254037844384,-0.5000000000000004,-1.0,-1.8369701987210297e-16,31,243,0,1,0,0,5,-0.8631421280499115,-0.5049610547215202,0.9749279121818236,-0.22252093395631434,5962.130693069307,5453.168316831683,5383.60396039604,4192.0990099009905,4438.693069306931,6862.176237623762,4802.836633663366,3842.2693069306933,,,5608.9731258840175,428.9796400701991,5895.41414427157,783.3640456588221,5537.774752475248,816.3050880578526,5603.070190947666,804.275348974919,5293.338932107496,860.5434149961881,5167.91719707685,871.8059812917104,5119.721265126513,863.5309828153233,5096.249784761085,869.033962801297,5096.249784761085,869.033962801297,0.13333333333333353,727.0891089108918,0.47426322974383694,1988.1584158415844,,,1988.1584158415844,2337.9881188118816,,2022-08-31
2022,9,3,4,39,0,6034.839603960397,6180.257425742575,5962.130693069307,5816.712871287129,5453.168316831683,5453.168316831683,5585.489108910891,6059.07590759076,111.06469595206796,5780.358415841584,364.27091792580586,5978.906270627063,833.6266518476009,-145.41782178217818,449.3504950495053,-0.02352941176470591,0.08044962335216588,-1.0,-1.8369701987210297e-16,-1.0,-1.8369701987210297e-16,30,273,0,1,0,1,5,-0.9999166586547379,-0.012910296075008843,-0.433883739117558,-0.9009688679024191,6180.257425742575,4944.20594059406,5518.194059405941,4808.584158415842,4623.638613861386,4488.861386138614,4689.828712871287,4407.308910891089,,,5764.777934936351,335.0776194686226,5932.317397454031,776.3647303768017,5578.649933993399,809.2034618424849,5653.4702263083445,784.6018719158302,5320.945685997171,859.0627343410489,5183.929231494578,875.2640911511967,5137.804939493949,865.4836341257977,5106.342148408389,869.7607170480047,5106.342148408389,869.7607170480047,0.22058823529411775,1090.6336633663368,0.25501382634603553,1226.2554455445552,,,1226.2554455445552,1627.5306930693077,,2022-09-30
2022,10,4,0,44,0,6398.384158415841,6034.839603960397,6180.257425742575,5962.130693069307,5816.712871287129,4944.20594059406,5921.964356435643,6204.493729372938,182.98007973218822,5974.248844884489,323.26177904397736,6018.607920792078,841.9712803253123,363.5445544554441,476.4198019801979,0.06024096385542155,0.08044962335216566,-0.8660254037844386,0.5000000000000001,-2.4492935982947064e-16,1.0,31,304,0,1,0,0,5,-0.867456354729597,0.4975132889071803,0.0,1.0,6034.839603960397,5671.295049504951,5720.079207920792,4438.693069306931,4931.881188118812,4069.90099009901,4972.348514851485,4068.2851485148512,,,5868.647807637906,406.3777408993292,5980.767751060821,783.2357730948797,5643.97297029703,792.9418513764247,5705.845332390382,783.5957103787379,5362.525742574258,853.7438976561268,5200.905846298916,884.8876120900428,5163.69492849285,867.9782275383401,5120.087276174426,875.2763872287792,5120.087276174426,875.2763872287792,0.12820512820512797,727.08910891089,0.44150182463841814,1959.69108910891,,,1959.69108910891,2330.0990099009896,,2022-10-31
2022,11,4,2,48,0,7634.435643564356,6398.384158415841,6034.839603960397,6180.257425742575,5962.130693069307,5671.295049504951,7065.980198019802,6689.219801980197,838.5200660418246,6337.793399339935,665.461992949747,6065.979207920792,918.7468779050273,1236.051485148515,568.4554455445541,0.19318181818181812,0.08044962335216566,-0.5000000000000004,0.8660254037844384,-2.4492935982947064e-16,1.0,30,334,0,1,0,0,5,-0.5086709438521042,0.8609610158889945,0.9749279121818236,-0.22252093395631434,6398.384158415841,5235.041584158415,5585.489108910891,4623.638613861386,5055.178217821783,4668.415841584158,5932.915841584158,4237.79702970297,,,6211.418387553042,693.4173048120714,6127.12107496464,888.1034134704134,5744.332871287129,847.9720793469795,5797.9616690240455,852.8188891319187,5415.490381895333,900.6161247391846,5221.162034417727,920.6004292400575,5201.435357535754,900.5020714018374,5146.55410109432,908.022840538445,5146.55410109432,908.022840538445,0.45833333333333326,2399.3940594059404,0.6511748173130971,3010.7970297029697,,,3010.7970297029697,3396.638613861386,,2022-11-30
2022,12,4,5,52,1,8652.360396039603,7634.435643564356,6398.384158415841,6034.839603960397,6180.257425742575,5235.041584158415,8008.110891089109,7561.726732673266,1128.7458346480696,6810.401320132013,1091.7641050177735,6119.666666666667,1051.7499762963103,1017.9247524752473,644.2495049504942,0.1333333333333333,0.08044962335216566,-2.4492935982947064e-16,1.0,-2.4492935982947064e-16,1.0,31,365,0,1,0,1,5,6.432490598706546e-16,1.0,-0.9749279121818236,-0.2225209339563146,7634.435643564356,5453.168316831683,5921.964356435643,4931.881188118812,5240.123762376238,4309.306930693069,6723.971287128713,4520.316831683168,,,6668.445827439887,1065.0588015892065,6322.1493635077795,1111.3297520790143,5868.348844884488,985.8969357414159,5919.827263083452,1001.0675093801498,5493.044908062235,986.5263156868104,5244.119047619048,980.6153954744256,5247.3469526952695,968.1774070015626,5183.072916666667,971.521676245835,5183.072916666667,971.521676245835,0.5866666666666664,3199.19207920792,0.7543732433951655,3720.479207920791,,,3720.479207920791,4132.043564356435,,2022-12-31
2023,1,1,1,5,0,5527.277227722772,8652.360396039603,7634.435643564356,6398.384158415841,6034.839603960397,5453.168316831683,5453.168316831683,7271.357755775578,1593.8649148140375,6737.925742574257,1170.9032777096493,6125.842409240923,1047.6903454098692,-3125.083168316831,74.10891089108918,-0.36118273225734543,0.013590064818345349,0.49999999999999994,0.8660254037844387,1.0,6.123233995736766e-17,31,31,0,1,0,0,5,0.5086709438521044,0.8609610158889943,0.7818314824680298,0.6234898018587336,8652.360396039603,5816.712871287129,7065.980198019802,5055.178217821783,5116.8267326732675,4488.861386138614,4241.361386138614,4633.324752475248,,,6627.0978783592645,1108.3734839234178,6212.2420084865635,1108.1905647140425,5884.085478547854,976.1897144504943,5934.486209335219,991.8360300148977,5511.588048090523,977.0215522931361,5259.427569542669,974.7926200540993,5257.279757975797,966.3912075563827,5186.621414718791,967.0801204737835,5186.621414718791,967.0801204737835,-0.049759314232801444,-289.4356435643567,0.09338919214294528,472.0990099009896,,,472.0990099009896,893.9524752475245,,2023-01-31
2023,2,1,1,9,0,5011.398019801981,5527.277227722772,8652.360396039603,7634.435643564356,6398.384158415841,5816.712871287129,4944.20594059406,6397.011881188118,1970.1473376053225,6543.115841584157,1363.6180601265673,6131.441749174918,1040.9589538820317,-515.8792079207915,67.19207920792087,-0.09333333333333327,0.013590064818345349,0.8660254037844386,0.5000000000000001,1.0,6.123233995736766e-17,28,59,0,1,0,0,4,0.8498170915275278,0.5270777086423722,0.7818314824680298,0.6234898018587336,5527.277227722772,5962.130693069307,8008.110891089109,5240.123762376238,5425.069306930693,4788.118811881188,3845.5009900990103,4802.836633663366,,,6491.27892503536,1252.3396662542461,5998.191089108911,1020.5788085058507,5876.461287128713,982.2668585239883,5919.712234794907,1002.7262806949433,5515.575176803395,974.4677179802314,5273.307296086751,962.6423354548486,5259.597106710671,965.5389188778302,5184.83342089311,962.2450662178322,5184.83342089311,962.2450662178322,-0.15946189746771366,-950.7326732673264,-0.043648919938970465,-228.7257425742573,,,-228.7257425742573,208.56138613861458,,2023-02-28
2023,3,1,4,13,0,5748.368316831683,5011.398019801981,5527.277227722772,8652.360396039603,7634.435643564356,5962.130693069307,5671.295049504951,5429.014521452145,378.1837837067176,6495.370627062705,1389.738992100728,6137.864521452146,1038.0955563672737,736.9702970297021,77.0732673267321,0.1470588235294117,0.013590064818345127,1.0,6.123233995736766e-17,1.0,6.123233995736766e-17,31,90,0,1,0,1,5,0.9997685019798909,0.021516097436222254,-0.433883739117558,-0.9009688679024191,5011.398019801981,6180.257425742575,5453.168316831683,5116.8267326732675,6473.09405940594,4907.821782178218,4411.015841584159,4689.828712871287,,,6429.580480905233,1280.537826510503,6019.276803394626,1011.4609178812849,5897.512673267326,972.140645178766,5893.829172560114,997.2515751325116,5530.584936350778,971.4049374928354,5289.2281588873175,959.2624343763972,5271.358657865786,964.967439339798,5190.5256925692565,958.9969985103812,5190.5256925692565,958.9969985103812,-0.06988205816669513,-431.889108910892,0.12342446151747422,631.5415841584154,,,631.5415841584154,1058.5396039603957,,2023-03-31
2023,4,2,6,17,1,5306.186138613861,5748.368316831683,5011.398019801981,5527.277227722772,8652.360396039603,6180.257425742575,5235.041584158415,5355.317491749175,370.93358175243304,6313.337623762375,1473.9613032606567,6143.7932343234315,1032.659589532396,-442.1821782178222,71.14455445544536,-0.07692307692307698,0.013590064818345127,0.8660254037844387,-0.49999999999999983,1.2246467991473532e-16,-1.0,30,120,0,1,0,0,5,0.8800122039735357,-0.47495107206704995,-0.7818314824680299,0.6234898018587334,5748.368316831683,6034.839603960397,4944.20594059406,5425.069306930693,7336.1732673267325,5087.376237623763,4071.706930693069,4972.348514851485,,,6325.487128712871,1345.9203330380815,6045.132531824611,986.1757186094778,5893.549900990099,974.372633093322,5821.32963224894,961.6649090063578,5534.492256011316,970.0288777498112,5303.924339933994,949.794487577527,5275.06796479648,964.4466290842926,5191.6822970297035,954.2113851862102,5191.6822970297035,954.2113851862102,-0.12074114859131524,-728.653465346536,-0.021913668119401764,-118.88316831683187,,,-118.88316831683187,333.8376237623761,,2023-04-30
2023,5,2,2,22,0,5527.277227722772,5306.186138613861,5748.368316831683,5011.398019801981,5527.277227722772,6034.839603960397,5453.168316831683,5527.277227722773,221.09108910890365,5962.144554455444,1341.2964738842165,6149.96897689769,1028.366561749245,221.09108910891155,74.10891089108918,0.04166666666666674,0.013590064818345349,0.49999999999999994,-0.8660254037844387,1.2246467991473532e-16,-1.0,31,151,0,1,0,0,5,0.5160623910158528,-0.8565509959010036,0.9749279121818236,-0.22252093395631434,5306.186138613861,6398.384158415841,5671.295049504951,6473.09405940594,5047.128712871287,4967.6732673267325,4241.361386138614,5932.915841584158,,,6201.043281471005,1377.9471705279952,6034.845544554455,991.1140300371371,5862.022673267327,970.2670103975317,5838.4777934936355,951.5762715128868,5544.48518387553,966.9611020705464,5319.232861857614,942.799313039113,5270.5608690869085,962.2831999380519,5195.0050191157725,950.0154012598865,5195.0050191157725,950.0154012598865,-0.1361448311207284,-871.1069306930685,-0.1461151070883665,-945.816831683168,,,-945.816831683168,-405.63861386138615,,2023-05-31
2023,6,2,4,26,0,5895.762376237624,5527.277227722772,5306.186138613861,5748.368316831683,5011.398019801981,6398.384158415841,5816.712871287129,5576.408580858086,297.84299956239533,5502.7115511551165,314.97757584196216,6156.556435643564,1026.28882462728,368.48514851485197,79.04950495049525,0.06666666666666665,0.013590064818345349,1.2246467991473532e-16,-1.0,1.2246467991473532e-16,-1.0,30,181,0,1,0,1,5,0.02581844022713308,-0.9996666485105112,-0.433883739117558,-0.9009688679024191,5527.277227722772,7634.435643564356,5235.041584158415,7336.1732673267325,4576.063366336634,5266.9306930693065,4524.118811881188,6723.971287128713,,,5952.661386138614,1224.6875951636828,6082.039886845827,965.499740524897,5814.0089768976895,929.5898801849481,5885.6099009901,918.8523630171679,5555.714321074964,967.3304920217116,5335.561951909476,940.7382223267747,5261.358547854786,952.1346260171584,5201.875189283634,947.8436852284322,5201.875189283634,947.8436852284322,-0.2277409029955464,-1738.6732673267315,-0.19634363020081547,-1440.4108910891082,,,-1440.4108910891082,-828.2089108910886,,2023-06-30
2023,7,3,0,31,0,6043.156435643565,5895.762376237624,5527.277227722772,5306.186138613861,5748.368316831683,7634.435643564356,5962.130693069307,5822.065346534654,265.71841944344607,5588.691419141914,385.5324476426687,6163.308580858086,1025.1592940588553,147.39405940594042,81.02574257425749,0.02499999999999991,0.013590064818345127,-0.4999999999999998,-0.8660254037844388,-1.0,-1.8369701987210297e-16,31,212,0,1,0,0,5,-0.4862727071086902,-0.8738071036110807,0.0,1.0,5895.762376237624,8652.360396039603,5453.168316831683,5047.128712871287,5249.013861386138,6284.405940594059,4637.221782178218,4241.361386138614,,,5579.917963224893,352.7060223314635,6124.18189533239,948.668537530071,5847.2099009900985,918.9821429469279,5913.972135785008,910.6949664219698,5551.406294200849,964.5594799800883,5352.299269212635,940.6708502793056,5281.378492849285,949.3854469305526,5210.042968374508,946.821595047223,5210.042968374508,946.821595047223,-0.3015597872680309,-2609.2039603960384,0.1973454174513498,996.0277227722781,,,996.0277227722781,1801.7950495049508,,2023-07-31
2023,8,3,3,35,0,6264.247524752475,6043.156435643565,5895.762376237624,5527.277227722772,5306.186138613861,8652.360396039603,6180.257425742575,6067.722112211221,185.4667908762086,5797.499669966996,347.75836730615066,6170.307755775578,1025.57216428884,221.09108910891064,83.9900990099004,0.03658536585365857,0.013590064818345127,-0.8660254037844384,-0.5000000000000004,-1.0,-1.8369701987210297e-16,31,243,0,1,0,0,5,-0.8631421280499115,-0.5049610547215202,0.43388373911755823,-0.900968867902419,6043.156435643565,5527.277227722772,5816.712871287129,4576.063366336634,4845.243564356435,7122.326732673267,4806.876237623763,3845.5009900990103,,,5685.199434229137,434.8095011845039,6156.1486562942,945.0441939117011,5903.482706270627,889.6807874127963,5964.650848656294,888.2246647072621,5536.083451202263,945.7832526636887,5369.648927392739,943.9241040211847,5308.253454345434,942.4918936858554,5220.179550647372,947.867902629048,5220.179550647372,947.867902629048,0.1333333333333333,736.970297029703,0.36891625470809775,1688.184158415841,,,1688.184158415841,2418.746534653465,,2023-08-31
2023,9,3,5,39,1,6116.853465346535,6264.247524752475,6043.156435643565,5895.762376237624,5527.277227722772,5527.277227722772,6034.839603960397,6141.419141914191,112.5740723690726,5858.913861386139,369.22138331185613,6177.142244224423,1024.8603507540922,-147.39405940594042,82.01386138613816,-0.02352941176470591,0.013590064818345127,-1.0,-1.8369701987210297e-16,-1.0,-1.8369701987210297e-16,30,273,0,1,0,1,5,-0.9999166586547379,-0.012910296075008843,-0.9749279121818236,-0.2225209339563146,6264.247524752475,5011.398019801981,5962.130693069307,5249.013861386138,5047.128712871287,4531.782178217822,4693.773267326733,4411.015841584159,,,5843.121640735502,339.6313460363783,6167.200282885432,943.5041915635616,5932.410693069307,881.7404020292342,6002.8553041018395,870.1194681718264,5564.388295615276,938.8739427662185,5386.590358321547,944.4179247278371,5327.207205720572,941.3972577372032,5228.719302215936,947.3499653018666,5228.719302215936,947.3499653018666,0.22058823529411753,1105.455445544554,0.16533383734125273,867.8396039603967,,,867.8396039603967,1705.837623762376,,2023-09-30
2023,10,4,1,44,0,6485.338613861386,6116.853465346535,6264.247524752475,6043.156435643565,5895.762376237624,5011.398019801981,6398.384158415841,6288.813201320132,185.46679087620677,6055.439273927393,327.6549275744782,6184.388448844885,1026.8722613270097,368.48514851485106,86.95445544554514,0.06024096385542155,0.013590064818345349,-0.8660254037844386,0.5000000000000001,-2.4492935982947064e-16,1.0,31,304,0,1,0,0,5,-0.867456354729597,0.4975132889071803,0.7818314824680298,0.6234898018587336,6116.853465346535,5748.368316831683,6180.257425742575,4845.243564356435,5383.60396039604,4108.815841584159,4976.530693069307,4071.706930693069,,,5948.403111739745,411.9004407388841,6188.99179632249,947.3442799304567,5987.080528052805,862.6473118510924,6042.20297029703,865.9800748329767,5606.826202263083,925.4997577769273,5404.552357378595,950.8511758619285,5354.0253355335535,939.6067863441504,5240.574201382402,950.6953770890657,5240.574201382402,950.6953770890657,0.1282051282051282,736.970297029703,0.33849589349236253,1640.095049504951,,,1640.095049504951,2413.631683168317,,2023-10-31
2023,11,4,3,48,0,7738.1881188118805,6485.338613861386,6116.853465346535,6264.247524752475,6043.156435643565,5748.368316831683,7634.435643564356,6780.126732673268,849.9156080908142,6423.924422442244,674.5056645680781,6193.034488448844,1040.537123158343,1252.8495049504945,103.75247524752467,0.19318181818181812,0.013590064818345127,-0.5000000000000004,0.8660254037844384,-2.4492935982947064e-16,1.0,30,334,0,1,0,0,5,-0.5086709438521042,0.8609610158889945,0.43388373911755823,-0.900968867902419,6485.338613861386,5306.186138613861,6034.839603960397,5047.128712871287,5518.194059405941,4713.053465346535,5937.905940594059,4241.361386138614,,,6295.831966053748,702.8408909306297,6310.6595473833095,1031.652862212653,6076.782508250824,900.6152337129896,6121.48847241867,916.3867688188994,5660.846463932107,960.0255151815531,5425.984288071664,982.7708361884729,5392.878965896589,965.0345976890774,5263.916387526603,976.5218119345878,5263.916387526603,976.5218119345878,0.4583333333333335,2432.0019801980197,0.5331862052730698,2691.059405940594,,,2691.059405940594,3496.8267326732666,,2023-11-30
2023,12,4,6,52,1,8769.946534653465,7738.1881188118805,6485.338613861386,6116.853465346535,6264.247524752475,5306.186138613861,8652.360396039603,7664.49108910891,1144.085563704372,6902.955115511551,1106.6012499713065,6202.833333333333,1066.0433266468701,1031.7584158415848,117.5861386138622,0.13333333333333353,0.013590064818345349,-2.4492935982947064e-16,1.0,-2.4492935982947064e-16,1.0,31,365,0,1,0,1,5,6.432490598706546e-16,1.0,-0.7818314824680299,0.6234898018587334,7738.1881188118805,5527.277227722772,6398.384158415841,5383.60396039604,5720.079207920792,4350.510891089109,6729.626732673267,4524.118811881188,,,6759.070438472419,1079.5330197381534,6480.056859971711,1223.94883473551,6189.660594059406,1015.6112187675731,6230.412305516265,1039.847649843853,5739.764957567185,1029.4874556308712,5450.273809523809,1038.9848982401052,5440.054829482949,1024.0616890261645,5296.37962962963,1028.8342205022425,5296.37962962963,1028.8342205022425,0.5866666666666667,3242.669306930693,0.6290103431026364,3386.3425742574254,,,3386.3425742574254,4245.827722772277,,2023-12-31
2024,1,1,2,5,0,5676.980198019802,8769.946534653465,7738.1881188118805,6485.338613861386,6116.853465346535,5527.277227722772,5527.277227722772,7395.038283828383,1574.7774594602765,6841.925742574258,1171.6863790656396,6215.3085808580845,1058.2665931372396,-3092.9663366336636,149.70297029702942,-0.35267790110374697,0.027084396915387998,0.49999999999999994,0.8660254037844387,1.0,6.123233995736766e-17,31,31,0,1,0,0,5,0.5086709438521044,0.8609610158889943,0.9749279121818236,-0.22252093395631434,8769.946534653465,5895.762376237624,7634.435643564356,5518.194059405941,5585.489108910891,4531.782178217822,4324.9009900990095,4637.221782178218,,,6727.815841584159,1111.3902535118293,6340.238613861386,1193.357046073845,6194.953465346535,1012.399875503065,6233.679844413012,1037.8879347789466,5760.214922206505,1016.3458917602782,5466.369990570485,1031.788754706723,5451.607700770077,1020.7624879412533,5299.8713779634845,1024.7086854855982,5299.8713779634845,1024.7086854855982,-0.03710837789182375,-218.78217821782255,0.02877501894722334,158.7861386138611,,,158.7861386138611,1039.7584158415839,,2024-01-31
2024,2,1,3,9,0,5147.1287128712875,5676.980198019802,8769.946534653465,7738.1881188118805,6485.338613861386,5895.762376237624,5011.398019801981,6531.351815181518,1956.6975718322658,6655.739273927393,1356.088293315806,6226.619471947194,1044.869820509035,-529.8514851485143,135.73069306930665,-0.09333333333333327,0.027084396915387998,0.8660254037844386,0.5000000000000001,1.0,6.123233995736766e-17,29,60,0,1,0,0,5,0.8587639582758029,0.5123714121284237,0.43388373911755823,-0.900968867902419,5676.980198019802,6043.156435643565,8652.360396039603,5720.079207920792,5921.964356435643,4833.90099009901,3921.243564356436,4806.876237623763,,,6599.8118811881195,1246.7456285066498,6089.864922206506,1027.068262879285,6175.855115511552,1026.966414388574,6206.007142857142,1056.666524356852,5765.808274398868,1012.007982807901,5480.963861386139,1018.2516066624657,5455.388283828383,1018.9763066121702,5298.482808280828,1020.1013187659922,5298.482808280828,1020.1013187659922,-0.14827147572870247,-896.0277227722772,-0.10016478342749524,-572.9504950495048,,,-572.9504950495048,340.25247524752467,,2024-02-29
2024,3,1,6,13,1,5904.059405940594,5147.1287128712875,5676.980198019802,8769.946534653465,7738.1881188118805,6043.156435643565,5748.368316831683,5576.056105610561,388.4266634116016,6620.273597359736,1375.642040670557,6239.593729372938,1039.3434646431317,756.9306930693065,155.691089108911,0.1470588235294117,0.02708439691538822,1.0,6.123233995736766e-17,1.0,6.123233995736766e-17,31,91,0,1,0,1,5,0.9999907397361901,0.004303538296244289,-0.7818314824680299,0.6234898018587334,5147.1287128712875,6264.247524752475,5527.277227722772,5585.489108910891,7065.980198019802,4954.748514851485,4497.89702970297,4693.773267326733,,,6548.3564356435645,1270.116950164585,6116.77793493635,1016.0700402990055,6186.474125412541,1022.2878071205823,6164.509971711457,1044.3870120271883,5782.760254596889,1006.1087180732818,5497.703889674682,1013.4425763261427,5468.835907590759,1016.7960495381078,5303.93845330479,1017.0793728051381,5303.93845330479,1017.0793728051381,-0.057499024007055644,-360.1881188118814,0.05703534476890604,318.5702970297025,,,318.5702970297025,1210.286138613861,,2024-03-31
2024,4,2,1,18,0,5449.9009900990095,5904.059405940594,5147.1287128712875,5676.980198019802,8769.946534653465,6264.247524752475,5306.186138613861,5500.363036303631,380.98009410987106,6447.700660066007,1458.4122324115867,6251.5699669967,1028.3803214598329,-454.15841584158443,143.71485148514876,-0.07692307692307698,0.02708439691538822,0.8660254037844387,-0.49999999999999983,1.2246467991473532e-16,-1.0,30,121,0,1,0,0,5,0.8717063187093218,-0.49002866642905923,0.7818314824680298,0.6234898018587336,5904.059405940594,6116.853465346535,5011.398019801981,5921.964356435643,8008.110891089109,5136.019801980198,4151.904950495049,4976.530693069307,,,6453.077510608205,1331.4181311764528,6148.099575671853,985.6783575318894,6170.738679867986,1030.1028555176301,6073.1453323903825,987.4802568268954,5788.365275813296,1003.3106485146683,5513.156223479491,1002.5120212109036,5474.095577557756,1015.4442693011451,5305.241690240452,1012.5815033498126,5305.241690240452,1012.5815033498126,-0.10903522195291637,-666.9524752475254,-0.07971398305084743,-472.0633663366334,,,-472.0633663366334,473.37029702970267,,2024-04-30
2024,5,2,4,22,0,5676.980198019802,5449.9009900990095,5904.059405940594,5147.1287128712875,5676.980198019802,6116.853465346535,5527.277227722772,5676.980198019802,227.07920792079707,6104.16600660066,1330.8183195978145,6264.045214521452,1019.6662907790636,227.07920792079221,149.70297029702942,0.04166666666666674,0.027084396915387998,0.49999999999999994,-0.8660254037844387,1.2246467991473532e-16,-1.0,31,152,0,1,0,0,5,0.5012418134457758,-0.865307254363206,-0.433883739117558,-0.9009688679024191,5449.9009900990095,6485.338613861386,5748.368316831683,7065.980198019802,5453.168316831683,5015.172277227723,4324.9009900990095,5937.905940594059,,,6337.5977369165485,1362.839110891493,6143.000424328146,988.087044144129,6124.438679867987,1019.6394605869604,6081.138613861386,983.1723461124218,5800.183274398868,997.9208579995648,5529.252404526166,994.0221553072869,5471.196402640264,1014.4771961155503,5308.531411548235,1008.6573067913483,5308.531411548235,1008.6573067913483,-0.12464397990165788,-808.3584158415842,-0.19657569948883513,-1389.0,,,-1389.0,-260.92574257425713,,2024-05-31
2024,6,2,6,26,1,6055.445544554455,5676.980198019802,5449.9009900990095,5904.059405940594,5147.1287128712875,6485.338613861386,5895.762376237624,5727.442244224422,305.9098975810214,5651.7491749174915,323.5085535255174,6277.352145214521,1015.456434343456,378.4653465346537,159.68316831683114,0.06666666666666665,0.027084396915387998,1.2246467991473532e-16,-1.0,1.2246467991473532e-16,-1.0,30,182,0,1,0,1,5,0.008606996888688698,-0.9999629591162655,-0.7818314824680299,0.6234898018587334,5676.980198019802,7738.1881188118805,5306.186138613861,8008.110891089109,4944.20594059406,5317.2910891089105,4613.227722772277,6729.626732673267,,,6097.205940594059,1215.004909775817,6196.518953323904,959.1429080745341,6059.349834983498,955.5593519800196,6120.825742574257,957.6764821286042,5813.364603960396,996.3002125362584,5546.421664309288,990.4584550360507,5463.705500550054,1007.5459355353747,5315.083289907938,1006.6180038286811,5315.083289907938,1006.6180038286811,-0.21745950711208517,-1682.742574257425,-0.24383595246008005,-1952.6653465346535,,,-1952.6653465346535,-674.1811881188114,,2024-06-30
2024,7,3,2,31,0,6206.831683168317,6055.445544554455,5676.980198019802,5449.9009900990095,5904.059405940594,7738.1881188118805,6043.156435643565,5979.752475247525,272.91524258338956,5740.057755775578,395.97436147838704,6290.9917491749175,1013.1213025360689,151.38613861386148,163.6752475247522,0.02499999999999991,0.027084396915387998,-0.4999999999999998,-0.8660254037844388,-1.0,-1.8369701987210297e-16,31,213,0,1,0,0,5,-0.5012418134457756,-0.8653072543632061,0.9749279121818236,-0.22252093395631434,6055.445544554455,8769.946534653465,5527.277227722772,5453.168316831683,5671.295049504951,6344.49504950495,4728.558415841584,4324.9009900990095,,,5731.046676096181,362.25885223474154,6245.058557284299,939.6665978461224,6084.471947194719,948.9572830485257,6139.952050919377,953.7056564793759,5810.906329561528,995.1350262003789,5564.020155586988,988.8833039090918,5484.615841584158,1003.1649538073361,5322.837623762376,1005.6372611632333,5322.837623762376,1005.6372611632333,-0.29226117187343004,-2563.1148514851484,0.13820651088476144,753.6633663366338,,,753.6633663366338,1881.9306930693074,,2024-07-31
2024,8,3,5,35,1,6433.910891089109,6206.831683168317,6055.445544554455,5676.980198019802,5449.9009900990095,8769.946534653465,6264.247524752475,6232.062706270626,190.49004705493192,5954.521452145214,357.1771929569197,6305.130363036304,1013.89771462495,227.07920792079221,169.66336633663377,0.03658536585365857,0.02708439691538822,-0.8660254037844384,-0.5000000000000004,-1.0,-1.8369701987210297e-16,31,244,0,1,0,0,5,-0.8717063187093218,-0.4900286664290594,-0.9749279121818236,-0.2225209339563146,6206.831683168317,5676.980198019802,5895.762376237624,4944.20594059406,5235.041584158415,7190.427722772277,4901.554455445545,3921.243564356436,,,5839.179632248939,446.5860542971706,6283.497736916548,935.2755452008086,6134.128778877887,925.9292593853472,6182.7688118811875,938.3631944082508,5797.397100424328,981.1031830688282,5582.262494106553,990.6477191642366,5512.534367436743,994.090016557956,5332.415841584158,1006.5557286982049,5332.415841584158,1006.5557286982049,0.13333333333333353,756.9306930693074,0.3013031755542239,1489.7049504950492,,,1489.7049504950492,2512.6673267326732,,2024-08-31
2024,9,3,0,40,0,6282.524752475248,6433.910891089109,6206.831683168317,6055.445544554455,5676.980198019802,5676.980198019802,6116.853465346535,6307.755775577557,115.62307322751164,6017.5990099009905,379.22152180712465,6318.936303630362,1012.2275125329725,-151.38613861386148,165.67128712871272,-0.02352941176470591,0.027084396915387998,-1.0,-1.8369701987210297e-16,-1.0,-1.8369701987210297e-16,30,274,0,1,0,1,5,-0.9999907397361901,0.004303538296243821,0.0,1.0,6433.910891089109,5147.1287128712875,6043.156435643565,5671.295049504951,5453.168316831683,4623.638613861386,4786.223762376238,4497.89702970297,,,6001.379066478076,348.8300562173388,6300.5954738330975,932.7283733530808,6154.503102310231,922.110729390698,6212.388684582744,927.5067538538342,5827.020067185289,969.9998949914639,5600.075601131542,989.6136326972639,5532.363564356435,991.419026492804,5340.536430566134,1006.0495956820173,5340.536430566134,1006.0495956820173,0.22058823529411753,1135.3960396039602,0.10777603662564705,611.2297029702968,,,611.2297029702968,1784.6277227722776,,2024-09-30
2024,10,4,3,44,0,6660.9900990099,6282.524752475248,6433.910891089109,6206.831683168317,6055.445544554455,5147.1287128712875,6485.338613861386,6459.141914191419,190.49004705492817,6219.447194719472,336.52926368418895,6333.573927392739,1016.1151446092028,378.4653465346528,175.65148514851444,0.06024096385542155,0.027084396915387998,-0.8660254037844386,0.5000000000000001,-2.4492935982947064e-16,1.0,31,305,0,1,0,0,5,-0.858763958275803,0.5123714121284235,0.43388373911755823,-0.900968867902419,6282.524752475248,5904.059405940594,6264.247524752475,5235.041584158415,5816.712871287129,4192.0990099009905,5074.550495049504,4151.904950495049,,,6109.5120226308345,423.05651576548166,6328.9342291371995,937.553639970119,6202.034719471947,909.7498647511904,6242.5414427157,927.8905509123425,5871.107408062235,950.245720403519,5618.9617868929745,994.5890834567987,5560.242288228823,987.4340930377066,5351.726715891928,1009.089346412027,5351.726715891928,1009.089346412027,0.1282051282051282,756.9306930693065,0.27238532720857456,1425.948514851485,,,1425.948514851485,2509.0851485148514,,2024-10-31
2024,11,4,5,48,1,7947.772277227722,6660.9900990099,6282.524752475248,6433.910891089109,6206.831683168317,5904.059405940594,7738.1881188118805,6963.762376237623,872.93505976493,6597.912541254125,692.7742437089174,6351.039273927393,1043.8749787587776,1286.7821782178216,209.58415841584156,0.19318181818181812,0.02708439691538822,-0.5000000000000004,0.8660254037844384,-2.4492935982947064e-16,1.0,30,335,0,1,0,0,5,-0.4937755501599774,0.8695893893466109,-0.9749279121818236,-0.2225209339563146,6660.9900990099,5449.9009900990095,6116.853465346535,5453.168316831683,5962.130693069307,4808.584158415842,6054.861386138614,4324.9009900990095,,,6466.350777934936,721.8769125889601,6459.71414427157,1028.9389505107306,6285.188184818482,951.9682594609292,6313.457213578501,980.0765714154319,5927.164338755305,978.5962968824684,5641.496440358322,1025.5466463436005,5600.496413641364,1010.0935413945031,5373.542224810716,1032.6015838704086,5373.542224810716,1032.6015838704086,0.45833333333333326,2497.8712871287125,0.4574595566207309,2494.603960396039,,,2494.603960396039,3622.8712871287125,,2024-11-30
2024,12,4,1,1,0,9007.475247524751,7947.772277227722,6660.9900990099,6282.524752475248,6433.910891089109,5449.9009900990095,8769.946534653465,7872.07920792079,1175.0724312169054,7089.9174917491755,1136.5728774525935,6370.833333333333,1094.9164672347745,1059.7029702970294,237.5287128712862,0.1333333333333333,0.027084396915387998,-2.4492935982947064e-16,1.0,-2.4492935982947064e-16,1.0,31,366,0,1,0,1,5,0.017213356155833904,0.9998518392091162,0.7818314824680298,0.6234898018587336,7947.772277227722,5676.980198019802,6485.338613861386,5816.712871287129,6180.257425742575,4438.693069306931,6862.176237623762,4613.227722772277,,,6942.135785007072,1108.7715205280074,6639.8667609618105,1234.110088656816,6391.54693069307,1068.8872023854788,6414.42927864215,1103.6869738644623,6008.749734794908,1040.7236280260756,5667.035714285715,1081.4976032334778,5649.321386138614,1066.465199538997,5403.825,1080.4403681108192,5403.825,1080.4403681108192,0.5866666666666667,3330.4950495049497,0.5485507789095263,3190.7623762376224,,,3190.7623762376224,4394.247524752474,,2024-12-31
2025,1,1,2,1,0,5442.3712871287125,9007.475247524751,7947.772277227722,6660.9900990099,6282.524752475248,5676.980198019802,5676.980198019802,7465.872937293728,1830.7544325986178,6962.507425742574,1288.1116046622583,6351.282590759077,1110.4170220677645,-3565.103960396039,-234.60891089108918,-0.3957939225395848,-0.0413263570961413,0.49999999999999994,0.8660254037844387,1.0,6.123233995736766e-17,1,1,1,0,1,0,1,0.017213356155834685,0.9998518392091162,0.9749279121818236,-0.22252093395631434,9007.475247524751,6055.445544554455,7738.1881188118805,5962.130693069307,6034.839603960397,4623.638613861386,4488.861386138614,4728.558415841584,,,6854.553748231965,1210.0706165913498,6475.879844413013,1229.4639833799847,6374.2216171617165,1080.239545493822,6393.269695898161,1116.8349013382597,6023.3699611032525,1026.5661517711676,5678.3870226308345,1073.960311093907,5657.252640264027,1062.1862995325278,5404.1435643564355,1075.9348215735777,5404.1435643564355,1075.9348215735777,-0.1012434597776325,-613.0742574257429,-0.08717678841639454,-519.7594059405947,,,-519.7594059405947,713.8128712871285,,2025-01-01
2025,1,1,3,1,0,5711.563845416799,5442.3712871287125,9007.475247524751,7947.772277227722,6660.9900990099,6055.445544554455,5147.1287128712875,6720.470126690088,1985.1726563204518,6842.116251463856,1378.0158827802575,6398.318851804535,1065.8325889842142,269.19255828808673,564.4351325455118,0.04946236559139772,0.10966019387353643,0.49999999999999994,0.8660254037844387,1.0,6.123233995736766e-17,2,2,0,0,0,0,1,0.03442161162274574,0.9994074007397048,0.43388373911755823,-0.900968867902419,5442.3712871287125,6206.831683168317,8769.946534653465,6180.257425742575,6398.384158415841,4931.881188118812,4069.90099009901,4901.554455445545,,,6783.801199981748,1267.3769477156636,6257.4239380389645,1048.9510191764266,6358.598497817524,1086.5125727722343,6368.740399005337,1124.2362807596458,6037.29286569786,1016.7337488510701,5697.930628051285,1059.172338886956,5666.25274459704,1059.1384892037881,5406.663402725783,1071.841010678061,5406.663402725783,1071.841010678061,-0.07979398556828676,-495.2678377515176,-0.07583722619280064,-468.69358032577566,,,-468.69358032577566,810.0093899712547,,2025-01-02
2025,1,1,4,1,0,5979.031600127755,5711.563845416799,5442.3712871287125,9007.475247524751,7947.772277227722,6206.831683168317,5904.059405940594,5710.988910891089,268.33061845294577,6791.534059405941,1407.9105075738728,6404.566534653465,1062.8876269282953,267.4677547109559,74.97219418716122,0.046829163071613555,0.012698414604657371,0.49999999999999994,0.8660254037844387,1.0,6.123233995736766e-17,3,3,0,0,0,0,1,0.051619667223253764,0.998666816288476,-0.433883739117558,-0.9009688679024191,5711.563845416799,6433.910891089109,5676.980198019802,6034.839603960397,7634.435643564356,5055.178217821783,4668.415841584158,4786.223762376238,,,6718.818444130127,1299.5600240268566,6278.999038189533,1039.1545268014602,6356.738231023102,1087.1336076196274,6309.6188260254585,1098.4418798026404,6053.790247524752,1007.9657048133624,5713.5331966053745,1053.461818752066,5679.506165016502,1055.4592536699063,5411.31680270466,1068.6860451882592,5411.31680270466,1068.6860451882592,-0.07070027836278503,-454.87929096135395,-0.009247636639094337,-55.80800383264159,,,-55.80800383264159,1192.8078377515176,,2025-01-03
2025,1,1,5,1,1,7096.334717342702,5979.031600127755,5711.563845416799,5442.3712871287125,9007.475247524751,6433.910891089109,5449.9009900990095,6262.310054295752,734.5628658463896,6864.091495794742,1411.051679614571,6541.769345257107,1034.333020225689,1117.3031172149467,1646.4337272436924,0.18687024788279638,0.30210341990337364,0.49999999999999994,0.8660254037844387,1.0,6.123233995736766e-17,4,4,0,0,0,0,1,0.06880242680231986,0.9976303053065857,-0.9749279121818236,-0.2225209339563146,5979.031600127755,6282.524752475248,5147.1287128712875,6398.384158415841,8652.360396039603,5240.123762376238,4309.306930693069,5074.550495049504,,,6835.077010539762,1290.3934482428995,6418.22803850892,1005.88533040827,6380.003249653997,1095.491634085951,6254.046480357713,1011.4442377136508,6086.9368717205825,1011.2371910409008,5746.712098827395,1052.5912249829978,5701.970434153093,1063.920568638782,5424.905656854968,1075.0358330875786,5424.905656854968,1075.0358330875786,0.12953549678364928,813.8099648674543,0.1090823154169076,697.950558926861,,,697.950558926861,2021.7842222931977,,2025-01-04
2025,1,1,6,1,1,6791.783685723411,7096.334717342702,5979.031600127755,5711.563845416799,5442.3712871287125,6282.524752475248,5676.980198019802,6622.383334397956,577.5932160322219,6671.426730544022,1308.700143306399,6634.669635899073,999.0620190624345,-304.5510316192913,1114.8034877036089,-0.042916666666666714,0.19637262220721952,0.49999999999999994,0.8660254037844387,1.0,6.123233995736766e-17,5,5,0,0,0,0,1,0.08596479873744647,0.9962981749346078,-0.7818314824680299,0.6234898018587334,7096.334717342702,6660.9900990099,5904.059405940594,7634.435643564356,5527.277227722772,5116.8267326732675,4488.861386138614,6054.861386138614,,,6853.761808641693,1288.397953212702,6481.636915636263,998.936115311845,6351.914851059299,1072.7864048546232,6299.207425286308,1006.0076299515406,6116.846817310763,1006.7827569940702,5774.127840489118,1049.420710523757,5710.158459704035,1069.4881053062836,5435.840681085915,1077.6496225709263,5435.840681085915,1077.6496225709263,0.019635757562971312,130.7935867135102,-0.11037514718606345,-842.6519578409452,,,-842.6519578409452,736.9222995847967,,2025-01-05
2025,1,1,0,2,0,5078.314532098371,6791.783685723411,7096.334717342702,5979.031600127755,5711.563845416799,6660.9900990099,6055.445544554455,6322.144311721495,1087.8980757511572,6016.566611306292,783.7491274624966,6553.242051527734,1086.552067130369,-1713.4691536250393,-977.1310124560841,-0.2522855898998694,-0.1613640161184835,0.49999999999999994,0.8660254037844387,1.0,6.123233995736766e-17,6,6,0,0,0,0,1,0.10310169744743485,0.9946708199115211,0.0,1.0,6791.783685723411,7947.772277227722,5449.9009900990095,8652.360396039603,5011.398019801981,5425.069306930693,4788.118811881188,6862.176237623762,,,6443.8392736232145,1337.8411993739232,6455.0950257790755,1032.820104874168,6232.779988927925,1004.8067930353948,6301.597300725464,1002.909710509284,6110.654767760186,1012.1667096674352,5777.582551444085,1046.609543368589,5690.337774087086,1064.416030665284,5433.003171966967,1073.8028511151647,5433.003171966967,1073.8028511151647,-0.3610392503759874,-2869.4577451293508,-0.413071774677481,-3574.045863941232,,,-3574.045863941232,-1783.8617055253908,,2025-01-06
2025,1,1,1,2,0,5344.057483232194,5078.314532098371,6791.783685723411,7096.334717342702,5979.031600127755,7947.772277227722,6206.831683168317,5738.0519003513255,922.1810210836637,6000.180977323539,799.0332655178523,6481.3442015330575,1138.8449055284416,265.7429511338223,-862.7741999361233,0.05232896652110619,-0.13900396272639293,0.49999999999999994,0.8660254037844387,1.0,6.123233995736766e-17,7,7,0,0,0,0,1,0.1202080448993527,0.9927487224577402,0.7818314824680298,0.6234898018587336,5078.314532098371,9007.475247524751,5676.980198019802,5527.277227722772,5748.368316831683,6473.09405940594,4907.821782178218,4488.861386138614,,,5920.493878724277,759.2729210362689,6431.314831865675,1055.6933764656098,6226.672664111572,1009.7872533214146,6287.157628096911,1014.0190486577469,6090.493400328512,1016.0532008620064,5782.7758335994895,1043.3189176411713,5699.839952943682,1057.363642159859,5432.302812213149,1069.5623620087615,5432.302812213149,1069.5623620087615,-0.4067086129711278,-3663.417764292558,-0.033148282045926014,-183.2197444905787,,,-183.2197444905787,855.1960970935797,,2025-01-07
2025,1,1,2,2,0,5327.67184924944,5344.057483232194,5078.314532098371,6791.783685723411,7096.334717342702,9007.475247524751,6433.910891089109,5250.014621526668,148.92217021826661,5936.198977962312,841.0323772697423,6389.1576147130845,1186.7976193919606,-16.38563398275346,-1106.239041839669,-0.0030661410424880353,-0.17193881926027244,0.49999999999999994,0.8660254037844387,1.0,6.123233995736766e-17,8,8,0,0,0,0,2,0.13727877211326478,0.9905324521322229,0.9749279121818236,-0.22252093395631434,5344.057483232194,5442.3712871287125,6055.445544554455,5011.398019801981,5306.186138613861,7336.1732673267325,5087.376237623763,4069.90099009901,,,5904.108244741525,772.434413045662,6379.330996486746,1092.888487887384,6237.215125093154,998.2469860858725,6287.924974905325,1013.2570594053876,6054.627303577132,1006.6882442902117,5785.636495642652,1041.7174410403318,5713.81518471202,1043.8036591727691,5431.485382814995,1065.383305146691,5431.485382814995,1065.383305146691,-0.02107526881720445,-114.69943787927241,0.06311089803638392,316.2738294474593,,,316.2738294474593,1257.7708591504302,,2025-01-08
2025,1,1,3,2,0,5590.827595017567,5327.67184924944,5344.057483232194,5078.314532098371,6791.783685723411,5442.3712871287125,6282.524752475248,5420.8523091664,147.4307315331272,5871.498310443948,851.9397864229186,6331.516184924944,1209.0365932968894,263.1557457681265,-691.697157457681,0.04939413560262729,-0.110098596457604,0.49999999999999994,0.8660254037844387,1.0,6.123233995736766e-17,9,9,0,0,0,0,2,0.15430882066428117,0.9880226656636976,0.43388373911755823,-0.900968867902419,5327.67184924944,5711.563845416799,6206.831683168317,5748.368316831683,5527.277227722772,5047.128712871287,4967.6732673267325,4668.415841584158,,,5886.860208970205,778.7723770308352,6335.330704475978,1112.5903749536214,6231.96376769935,1001.3169370816682,6290.194630880139,1011.5598876839724,6064.336212186887,999.3902250162682,5793.054999543734,1038.0345632891886,5724.064204194613,1037.9356855164347,5432.720593762301,1061.3062214708002,5432.720593762301,1061.3062214708002,-0.021138912855910075,-120.73625039923263,-0.027406163476481615,-157.5407218141163,,,-157.5407218141163,922.4117534334082,,2025-01-09
2025,1,1,4,2,0,5852.25853720856,5590.827595017567,5327.67184924944,5344.057483232194,5078.314532098371,5711.563845416799,6660.9900990099,5590.252660491856,262.29381656504944,5664.15228042159,611.7513688852617,6264.121888108165,1211.539038546782,261.43094219099294,-808.7315618013408,0.04676068752754503,-0.12141311573508451,0.49999999999999994,0.8660254037844387,1.0,6.123233995736766e-17,10,10,0,0,0,0,2,0.1712931441814776,0.9852201067560606,-0.433883739117558,-0.9009688679024191,5590.827595017567,5979.031600127755,6433.910891089109,5306.186138613861,5895.762376237624,4576.063366336634,5266.9306930693065,4309.306930693069,,,5868.749771410321,777.7450617070324,6293.784107770224,1119.4648598442318,6250.166180985841,988.7924480478115,6288.640922343386,1012.2213489148793,6087.125411666742,979.1822433438896,5800.023188164439,1036.4235726916866,5741.208110933674,1026.9901304326497,5435.947808711888,1057.8247858338236,5435.947808711888,1057.8247858338236,-0.021202942449156326,-126.77306291919558,0.10291240908811194,546.0723985946988,,,546.0723985946988,1542.9516065154903,,2025-01-10
2025,1,1,5,2,1,6945.41440434366,5852.25853720856,5590.827595017567,5327.67184924944,5344.057483232194,5979.031600127755,7947.772277227722,6129.500178856596,718.5913664231081,5689.757400191632,668.9312367782898,6180.592065367827,1115.6673235660403,1093.1558671351004,-1002.3578728840621,0.18679213506799708,-0.1261180917017537,0.49999999999999994,0.8660254037844387,1.0,6.123233995736766e-17,11,11,0,0,0,0,2,0.1882267098432442,0.9821256058680006,-0.9749279121818236,-0.2225209339563146,5852.25853720856,7096.334717342702,6282.524752475248,5527.277227722772,6043.156435643565,5249.013861386138,6284.405940594059,4488.861386138614,,,5847.189726696172,739.1788653286379,6341.133368617969,1132.890393803186,6297.437420206537,986.9383030324353,6320.864421225532,1018.4592659571474,6117.41827850527,979.0229155167686,5807.89233654241,1042.6363713766038,5768.503144469286,1025.975915642096,5447.47045448007,1061.9692489937745,5447.47045448007,1061.9692489937745,-0.02126736111111116,-150.92031299904193,0.2565706618636818,1418.1371766208877,,,1418.1371766208877,2456.553018205046,,2025-01-11
2025,1,1,6,2,1,6646.900185244332,6945.41440434366,5852.25853720856,5590.827595017567,5327.67184924944,7096.334717342702,9007.475247524751,6481.524375598851,565.0303587196789,5951.188342382625,688.4080334388533,5983.877476844459,704.1219245304557,-298.51421909932833,-2360.57506228042,-0.04298004434589786,-0.2620684484177854,0.49999999999999994,0.8660254037844387,1.0,6.123233995736766e-17,12,12,0,0,0,0,2,0.2051044998686192,0.9787400799669153,-0.7818314824680299,0.6234898018587334,6945.41440434366,6791.783685723411,6660.9900990099,5895.762376237624,6264.247524752475,4845.243564356435,7122.326732673267,4788.118811881188,,,5826.492083770589,709.7643614624302,6340.126946206142,1132.5906047844405,6322.4753471734275,985.9241010058253,6334.530587671671,1020.2371713130849,6149.590718163982,965.9727240474951,5802.232496692065,1036.688574215675,5789.156270839987,1024.7268961931593,5456.557043349497,1063.0467595774103,5456.557043349497,1063.0467595774103,-0.021332172398780824,-144.88350047907898,0.12740299914971231,751.1378090067074,,,751.1378090067074,1858.7813733631438,,2025-01-12
2025,1,1,0,3,0,4969.651906739061,6646.900185244332,6945.41440434366,5852.25853720856,5590.827595017567,6791.783685723411,5442.3712871287125,6187.3221654423505,1065.0438155066759,5888.787412967103,766.9381645122842,5944.48419514532,748.9669926267546,-1677.2482785052707,-472.71938038965163,-0.2523354092526692,-0.08685908319185054,0.49999999999999994,0.8660254037844387,1.0,6.123233995736766e-17,13,13,0,0,0,0,2,0.22192151300416552,0.9750645322571948,0.0,1.0,6646.900185244332,5078.314532098371,7947.772277227722,6043.156435643565,6116.853465346535,5047.128712871287,4531.782178217822,4907.821782178218,,,5810.968851576402,729.7615292908971,6127.404062599808,1086.1386504885977,6286.691862876611,1015.4503354564185,6293.5591034356885,1051.8479831052125,6148.207203768763,967.6344880313386,5807.445231555413,1031.3103696574628,5789.843272223996,1024.1499533214592,5452.896102472726,1059.8536784030548,5452.896102472726,1059.8536784030548,-0.021397379912663772,-108.66262535931037,-0.17763970539845564,-1073.5045289045038,,,-1073.5045289045038,61.830124560842705,,2025-01-13
2025,1,1,1,3,0,5229.358045352922,4969.651906739061,6646.900185244332,6945.41440434366,5852.25853720856,5078.314532098371,5711.563845416799,5615.303379112105,902.7767151544667,5872.401778984349,782.2219917577241,5904.300378473331,775.0802754799789,259.7061386138612,-482.2058000638772,0.05225841638157558,-0.08442622950819667,0.49999999999999994,0.8660254037844387,1.0,6.123233995736766e-17,14,14,0,0,0,0,2,0.2386727660059501,0.9711000518829505,0.7818314824680298,0.6234898018587336,4969.651906739061,5344.057483232194,9007.475247524751,6264.247524752475,6485.338613861386,5383.60396039604,4108.815841584159,5087.376237623763,,,5794.583217593649,743.1573205831187,5857.538548158963,724.7363585143128,6252.195546896624,1033.6542693606539,6248.702654560387,1069.9909748915552,6145.452812428709,970.0669933384139,5820.785019695519,1016.2106834701557,5791.420847865432,1023.1646108562218,5451.227908016608,1056.0383214896262,5451.227908016608,1056.0383214896262,-0.02146298729741558,-114.6994378792715,-0.16520571310605192,-1034.8894793995532,,,-1034.8894793995532,141.9818077291593,,2025-01-14
2025,1,1,2,3,0,5212.9724113701695,5229.358045352922,4969.651906739061,6646.900185244332,6945.41440434366,5344.057483232194,5979.031600127755,5137.327454487385,145.44221957459283,5809.425915043117,823.5439921592191,5840.462112743532,799.5276719511386,-16.38563398275255,-766.0591887575856,-0.003133393017009767,-0.12812429168984774,0.49999999999999994,0.8660254037844387,1.0,6.123233995736766e-17,15,15,0,0,0,0,3,0.255353295116187,0.9668478136052775,0.9749279121818236,-0.22252093395631434,5229.358045352922,5327.67184924944,5442.3712871287125,6116.853465346535,7738.1881188118805,5518.194059405941,4713.053465346535,4967.6732673267325,,,5778.197583610896,756.3158841645278,5841.152914176209,737.3288101515163,6222.066178430746,1050.766997196256,6158.516379294611,1045.9482481528578,6140.002425856641,974.5026798339693,5826.736435719608,1011.0961274966854,5794.146393910359,1021.2705900114661,5449.463052485894,1052.290315708765,5449.463052485894,1052.290315708765,-0.021528998242530517,-114.69943787927059,-0.14776895655537148,-903.8810539763654,,,-903.8810539763654,245.29914404343708,,2025-01-15
2025,1,1,3,3,0,5470.091344618333,5212.9724113701695,5229.358045352922,4969.651906739061,6646.900185244332,5327.67184924944,7096.334717342702,5304.140600447142,143.95089221149786,5745.731382944746,834.2775187857031,5704.941831683169,698.7819941171963,257.11893324816356,-1626.2433727243688,0.049322903126698625,-0.22916666666666663,0.49999999999999994,0.8660254037844387,1.0,6.123233995736766e-17,16,16,0,0,0,0,3,0.2719581575341055,0.9623090774541486,0.43388373911755823,-0.900968867902419,5212.9724113701695,5590.827595017567,5711.563845416799,6485.338613861386,8769.946534653465,5720.079207920792,4350.510891089109,5266.9306930693065,,,5760.949547839577,762.6512722680362,5823.904878404892,743.3928199070759,6188.224602789312,1058.3171970516253,6040.664408221928,919.0106607738217,6135.538356869097,977.0305699128612,5840.064774452099,998.7052351358526,5796.403734483126,1020.3162578721791,5449.614731104514,1048.3871921906987,5449.614731104514,1048.3871921906987,-0.021595416483032204,-120.73625039923354,-0.1565449901217374,-1015.2472692430529,,,-1015.2472692430529,203.16065154902662,,2025-01-16
2025,1,1,4,3,0,5725.485474289365,5470.091344618333,5212.9724113701695,5229.358045352922,4969.651906739061,5590.827595017567,6791.783685723411,5469.516410092622,256.2570151780948,5542.409894602363,598.8702148228854,5616.083647396998,610.1941964287591,255.3941296710318,-1066.2982114340457,0.046689189189189184,-0.1569982585981714,0.49999999999999994,0.8660254037844387,1.0,6.123233995736766e-17,17,17,0,0,0,0,3,0.288482432880609,0.9574851883550393,-0.433883739117558,-0.9009688679024191,5470.091344618333,5852.25853720856,5979.031600127755,7738.1881188118805,5676.980198019802,5585.489108910891,4531.782178217822,6284.405940594059,,,5742.839110279691,761.6261366187966,5805.794440845007,742.4107171907324,6121.134514638561,1019.7655511470751,6042.39673951727,918.3452022436624,6138.03829196514,975.7758648139643,5854.275527976761,988.303705675917,5790.19350707974,1019.0127459713326,5451.628386164259,1044.7915965130023,5451.628386164259,1044.7915965130023,-0.021662245800176727,-126.77306291919467,-0.26009998899219644,-2012.7026445225156,,,-2012.7026445225156,-558.920466304694,,2025-01-17
2025,1,1,5,3,1,6794.494091344618,5725.485474289365,5470.091344618333,5212.9724113701695,5229.358045352922,5852.25853720856,5078.314532098371,5996.690303417438,702.6198854222795,5567.008878952412,653.8215420790349,5759.098610667519,670.8016050905934,1069.0086170552531,1716.1795592462468,0.1867105631226733,0.33794274623968934,0.49999999999999994,0.8660254037844387,1.0,6.123233995736766e-17,18,18,0,0,0,0,3,0.30492122465628907,0.9523775757303974,-0.9749279121818236,-0.2225209339563146,5725.485474289365,6945.41440434366,7096.334717342702,8769.946534653465,5147.1287128712875,5921.964356435643,4833.90099009901,7122.326732673267,,,5721.279065565543,723.0702184083211,5784.234396130858,705.5157876027674,6055.286099861599,899.5182463540064,6101.231217319889,911.6100386305793,6153.619180088515,979.2229859543926,5877.615922039208,987.0660892043879,5786.5509221760885,1014.7744946750403,5461.359297071362,1047.2291918472736,5461.359297071362,1047.2291918472736,-0.021729490022172948,-150.92031299904193,-0.22525250701393307,-1975.4524433088473,,,-1975.4524433088473,-327.8326413286486,,2025-01-18
2025,1,1,6,3,1,6502.016684765251,6794.494091344618,5725.485474289365,5470.091344618333,5212.9724113701695,6945.41440434366,5344.057483232194,6340.665416799744,552.4676728914949,5822.4030086234425,672.8239472981792,5855.5952107952735,688.7176310583576,-292.4774065793672,1157.9592015330572,-0.043046237533998166,0.21668165156649843,0.49999999999999994,0.8660254037844387,1.0,6.123233995736766e-17,19,19,0,0,0,0,3,0.3212696616923644,0.9469877530760753,-0.7818314824680299,0.6234898018587334,6794.494091344618,6646.900185244332,6791.783685723411,5676.980198019802,5904.059405940594,7065.980198019802,4954.748514851485,4531.782178217822,,,5700.58142263996,693.633100706446,5763.536753205275,677.3728205489155,6082.7873160864465,900.1651676698093,6122.586834420769,913.8212364568822,6143.548403066113,972.546514294141,5896.035781204849,984.0691715170653,5808.442416693282,1008.6346470394684,5468.846040867721,1047.154761199356,5468.846040867721,1047.154761199356,-0.021797153024911142,-144.8835004790808,0.1453301681470074,825.0364867454491,,,825.0364867454491,1970.2345065474292,,2025-01-19
2025,1,1,0,4,0,4860.989281379751,6502.016684765251,6794.494091344618,5725.485474289365,5470.091344618333,6646.900185244332,5327.67184924944,6052.500019163206,1042.1895878532837,5761.008214627914,750.1277787661344,5816.704996806133,732.9913941495432,-1641.0274033854994,-466.6825678696887,-0.2523874488403819,-0.08759596707057604,0.49999999999999994,0.8660254037844387,1.0,6.123233995736766e-17,20,20,0,0,0,0,3,0.3375228995941133,0.9413173175128471,0.0,1.0,6502.016684765251,4969.651906739061,5078.314532098371,5147.1287128712875,5449.9009900990095,8008.110891089109,5136.019801980198,4108.815841584159,,,5685.058190445773,713.6445755953881,5748.0135210110875,696.503909675399,6073.2493350367295,911.8610520071862,6101.554273395081,936.3761041737336,6087.349802892731,953.587203767961,5892.761608340557,987.0812738602918,5816.7998993576775,997.4476046044066,5464.504206871378,1044.6451932361863,5464.504206871378,1044.6451932361863,-0.021865238732708514,-108.66262535930946,-0.055592048975964925,-286.139431491536,,,-286.139431491536,752.1734397955925,,2025-01-20
2025,1,1,1,4,0,5114.6586074736515,4860.989281379751,6502.016684765251,6794.494091344618,5725.485474289365,4969.651906739061,5590.827595017567,5492.554857872885,883.3724677138679,5744.622580645162,765.4112700232577,5777.02424784414,758.7665836407257,253.66932609390005,-476.16898754391514,0.05218471208434727,-0.08516967827236654,0.49999999999999994,0.8660254037844387,1.0,6.123233995736766e-17,21,21,0,0,0,0,3,0.3536761221763716,0.9353679493131483,0.7818314824680298,0.6234898018587336,4860.989281379751,5229.358045352922,5344.057483232194,5904.059405940594,5676.980198019802,5453.168316831683,5015.172277227723,4713.053465346535,,,5668.67255646302,727.042538951509,5731.627887028334,709.3186964393947,6046.935975087832,928.1558640356708,6081.471359447004,951.7238255347653,6081.304986654194,958.7393835927098,5893.945969414914,986.0747731747613,5821.262178714645,993.3441846605555,5462.023032407565,1041.3245051406705,5462.023032407565,1041.3245051406705,-0.0219337511190687,-114.69943787927059,-0.13370475196652942,-789.4007984669424,,,-789.4007984669424,401.6051421271168,,2025-01-21
2025,1,1,2,4,0,5098.272973490898,5114.6586074736515,4860.989281379751,6502.016684765251,6794.494091344618,5229.358045352922,5852.25853720856,5024.6402874481,141.9625341089922,5682.6528521239225,806.0559525230442,5714.192117534334,782.8074526923044,-16.38563398275346,-753.9855637176615,-0.0032036613272311554,-0.12883668056081843,0.49999999999999994,0.8660254037844387,1.0,6.123233995736766e-17,22,22,0,0,0,0,4,0.3697245428906731,0.9291414114031743,0.9749279121818236,-0.22252093395631434,5114.6586074736515,5212.9724113701695,5327.67184924944,5449.9009900990095,6055.445544554455,4944.20594059406,5317.2910891089105,4350.510891089109,,,5652.286922480268,740.198032024803,5715.242253045581,721.9060396227809,6035.215041200894,938.1220279225704,6047.286624766164,969.7134650325083,6084.056183670211,955.6330613828429,5891.338610895652,987.9057845237166,5829.570646296887,983.9875241427471,5459.461412274349,1038.0741983374046,5459.461412274349,1038.0741983374046,-0.022002694207453932,-114.6994378792715,-0.06452007426316997,-351.62801660811147,,,-351.62801660811147,747.7620824017895,,2025-01-22
2025,1,1,3,4,0,5349.3550942191,5098.272973490898,5114.6586074736515,4860.989281379751,6502.016684765251,5212.9724113701695,6945.41440434366,5187.428891727883,140.47132639858356,5619.964455445544,816.615545336157,5581.187175023954,683.9442125811678,251.08212072820152,-1596.0593101245604,0.049248465516408046,-0.22980044345897999,0.49999999999999994,0.8660254037844387,1.0,6.123233995736766e-17,23,23,0,0,0,0,4,0.38566340624360707,0.9226395488404876,0.43388373911755823,-0.900968867902419,5098.272973490898,5470.091344618333,5590.827595017567,5676.980198019802,6206.831683168317,5671.295049504951,6344.49504950495,4531.782178217822,,,5635.038886708949,746.5307272639861,5697.994217274262,727.966491732032,6024.294204407537,944.3225808181776,6016.66246087512,977.9928009892404,6078.307255897249,959.1233048784237,5879.491706666058,988.3728059361524,5838.6547898080125,975.6100019836719,5458.691438022213,1034.4535280443322,5458.691438022213,1034.4535280443322,-0.02207207207207207,-120.73625039923354,-0.05771115846325858,-327.62510380070216,,,-327.62510380070216,817.5729160012779,,2025-01-23
2025,1,1,4,4,0,5598.712411370169,5349.3550942191,5098.272973490898,5114.6586074736515,4860.989281379751,5470.091344618333,6646.900185244332,5348.780159693389,250.22021432832545,5420.667508783136,585.9899129680948,5493.838193867774,596.8539736746749,249.35731715106976,-1048.1877738741623,0.04661446338093045,-0.15769572953736666,0.49999999999999994,0.8660254037844387,1.0,6.123233995736766e-17,24,24,0,0,0,0,4,0.401487989205973,0.9158642882672872,-0.433883739117558,-0.9009688679024191,5349.3550942191,5725.485474289365,5852.25853720856,6055.445544554455,6433.910891089109,5235.041584158415,7190.427722772277,4833.90099009901,,,5616.9284491490625,745.5078663190059,5679.883779714378,726.9866856996125,6009.069766634728,947.4795041738646,5986.833943742301,977.532060030213,6084.801377811745,954.5300201662803,5860.542714863653,978.1420121697007,5847.152694488803,970.0750973696275,5459.6638058926865,1030.8962498926817,5459.6638058926865,1030.8962498926817,-0.022141888838680623,-126.77306291919558,-0.07542519040486084,-456.7331331842861,,,-456.7331331842861,764.8114212711589,,2025-01-24
2025,1,1,5,4,1,6643.573778345577,5598.712411370169,5349.3550942191,5098.272973490898,5114.6586074736515,5725.485474289365,4969.651906739061,5863.880427978282,686.6484241294247,5444.260357713191,638.7119631126201,5633.331683168318,655.8963868226854,1044.8613669754077,1673.921871606516,0.18662529706892017,0.33682879666815424,0.49999999999999994,0.8660254037844387,1.0,6.123233995736766e-17,25,25,0,0,0,0,4,0.4171936026123168,0.9088176373395029,-0.9749279121818236,-0.2225209339563146,5598.712411370169,6794.494091344618,6945.41440434366,6206.831683168317,6282.524752475248,5453.168316831683,4623.638613861386,4954.748514851485,,,5595.368404434914,706.9627305176888,5658.323735000228,690.1085917666954,6023.62783647397,953.9560525802411,5999.7285518090985,983.937284149206,6106.058618195921,953.4623728453191,5884.589562059892,972.1784126797326,5865.9174196387385,968.9521607539483,5467.82870225443,1032.0045504878087,5467.82870225443,1032.0045504878087,-0.022212148685403332,-150.92031299904102,0.07036473960807044,436.7420951772601,,,436.7420951772601,1688.8252634940918,,2025-01-25
2025,1,1,6,4,1,6357.133184286171,6643.573778345577,5598.712411370169,5349.3550942191,5098.272973490898,6794.494091344618,5229.358045352922,6199.806458000639,539.9051705181303,5693.617674864261,657.2399985429017,5727.312944746088,673.3164159155688,-286.44059405940607,1127.7751389332489,-0.04311543810848406,0.21566225321585097,0.49999999999999994,0.8660254037844387,1.0,6.123233995736766e-17,26,26,0,0,0,0,4,0.4327755925504312,0.901501684131884,-0.7818314824680299,0.6234898018587334,6643.573778345577,6502.016684765251,6646.900185244332,6433.910891089109,6660.9900990099,5816.712871287129,4192.0990099009905,5136.019801980198,,,5574.670761509331,677.5019732669062,5637.626092074645,661.9494545024619,6021.068579580538,952.9198232296974,5988.876519140394,978.0319128530937,6115.708980928046,953.2154152053927,5910.363778421621,955.3201256880137,5879.485346108804,967.164581775454,5473.919828843688,1031.0699299885353,5473.919828843688,1031.0699299885353,-0.022282855843565263,-144.88350047907988,-0.011933287249793034,-76.77770680293816,,,-76.77770680293816,1221.1133823059727,,2025-01-26
2025,1,1,0,5,0,4752.326656020441,6357.133184286171,6643.573778345577,5598.712411370169,5349.3550942191,6502.016684765251,5212.9724113701695,5917.677872884063,1019.3353949831301,5633.229016288726,733.3180099190648,5688.925798466945,717.01871145176,-1604.8065282657299,-460.64575534972846,-0.2524418604651163,-0.08836527781060188,0.49999999999999994,0.8660254037844387,1.0,6.123233995736766e-17,27,27,0,0,0,0,4,0.4482293417404106,0.893918596519257,0.0,1.0,6357.133184286171,4860.989281379751,4969.651906739061,6282.524752475248,7947.772277227722,5962.130693069307,4808.584158415842,5015.172277227723,,,5559.147529315144,697.5284128348469,5622.10285988046,681.0904171865752,5970.061976365379,979.0376349133877,5874.753461240133,926.040203038533,6094.105337409317,970.3154915837737,5909.694046250247,956.121224100356,5876.564839206501,970.1959387565363,5469.011031749653,1029.2549793549865,5469.011031749653,1029.2549793549865,-0.02235401459854014,-108.66262535931037,-0.24356419699769982,-1530.1980964548065,,,-1530.1980964548065,-262.8456212072815,,2025-01-27
2025,1,1,1,5,0,4999.959169594379,4752.326656020441,6357.133184286171,6643.573778345577,5598.712411370169,4860.989281379751,5470.091344618333,5369.806336633664,863.9682827027373,5616.843382305972,748.6011375036187,5649.748117214948,742.4555063069604,247.632513573938,-470.132175023954,0.05210763726862644,-0.08594594594594596,0.49999999999999994,0.8660254037844387,1.0,6.123233995736766e-17,28,28,0,0,0,0,4,0.4635502709028509,0.886070621534138,0.7818314824680298,0.6234898018587336,4752.326656020441,5114.6586074736515,5229.358045352922,6660.9900990099,9007.475247524751,6180.257425742575,4438.693069306931,5317.2910891089105,,,5542.761895332391,710.928631822688,5605.717225897705,693.9047523307869,5914.694278718194,985.5626146327163,5731.627887028334,707.9339679135026,6073.028582835243,981.1683686852045,5916.375785539383,947.641018131882,5873.038928989673,972.8243700468759,5465.841762410765,1026.4725003909577,5465.841762410765,1026.4725003909577,-0.022425629290617977,-114.69943787927241,-0.24936697168524835,-1661.0309294155213,,,-1661.0309294155213,-317.33191951453136,,2025-01-28
2025,1,1,2,5,0,4983.573535611626,4999.959169594379,4752.326656020441,6357.133184286171,6643.573778345577,5114.6586074736515,5725.485474289365,4911.953120408815,138.48313381098967,5555.879789204727,788.5682813459231,5587.922122325136,766.0895360375866,-16.38563398275346,-741.9119386777393,-0.0032771535580524702,-0.12958061670217125,0.49999999999999994,0.8660254037844387,1.0,6.123233995736766e-17,29,29,0,0,0,0,5,0.47873384011578846,0.8779600847008882,0.9749279121818236,-0.22252093395631434,4999.959169594379,5098.272973490898,5212.9724113701695,7947.772277227722,5442.3712871287125,6034.839603960397,4623.638613861386,6344.49504950495,,,5526.376261349637,724.0809018187522,5589.331591914953,706.4866978444239,5815.887653997658,921.1943815812413,5715.2422530455815,720.0823466041389,6054.255974471872,991.9104076073505,5920.660725084029,942.5251828182965,5857.917578835303,975.9856126500105,5462.605062902047,1023.7614580816086,5462.605062902047,1023.7614580816086,-0.02249770431588627,-114.69943787927241,-0.372959697160579,-2964.1987416160964,,,-2964.1987416160964,-1360.9215138933241,,2025-01-29
2025,1,1,3,5,0,5228.618843819866,4983.573535611626,4999.959169594379,4752.326656020441,6357.133184286171,5098.272973490898,6794.494091344618,5070.717183008624,136.99205493557693,5494.197527946343,798.953885584551,5457.432518364741,669.1091389512774,245.04530820824039,-1565.875247524752,0.04917060146844343,-0.23046237533998182,0.49999999999999994,0.8660254037844387,1.0,6.123233995736766e-17,30,30,0,0,0,0,5,0.4937755501599772,0.869589389346611,0.43388373911755823,-0.900968867902419,4983.573535611626,5349.3550942191,5470.091344618333,9007.475247524751,5711.563845416799,6398.384158415841,4931.881188118812,7190.427722772277,,,5509.128225578318,730.4107790811853,5572.083556143632,712.5434091357267,5689.925773874161,702.0176587319402,5697.994217274262,725.9339011363884,6033.3673081398,996.836466452941,5924.193316223328,939.3252353874511,5836.119702402499,967.7637542499288,5461.045154774833,1020.4990816302387,5461.045154774833,1020.4990816302387,-0.02257024412713038,-120.73625039923354,-0.4195244838161851,-3778.8564037048855,,,-3778.8564037048855,-1961.8088789524109,,2025-01-30
2025,1,1,4,5,0,5471.939348450976,5228.618843819866,4983.573535611626,4999.959169594379,4752.326656020441,5349.3550942191,6502.016684765251,5228.043909294156,244.1834140555944,5298.925122963909,573.1105207794005,5371.59274033855,583.5167829349888,243.32050463110954,-1030.0773363142753,0.04653628652214925,-0.15842428376534767,0.49999999999999994,0.8660254037844387,1.0,6.123233995736766e-17,31,31,0,1,0,0,5,0.5086709438521044,0.8609610158889943,-0.433883739117558,-0.9009688679024191,5228.618843819866,5598.712411370169,5725.485474289365,5442.3712871287125,5979.031600127755,7634.435643564356,5055.178217821783,4623.638613861386,,,5491.017788018434,729.390294216756,5553.973118583747,711.5660038199053,5690.911375918236,701.6787927434699,5679.883779714378,724.9877625713586,5994.751302869919,975.339906416445,5929.154758254627,935.773799991459,5845.545266120161,959.921322308845,5461.11730175282,1017.0921159956905,5461.11730175282,1017.0921159956905,-0.02264325323475025,-126.77306291919376,0.005432937181664155,29.56806132226302,,,29.56806132226302,848.3007345895894,,2025-01-31
2025,2,1,5,5,1,6492.653465346535,5471.939348450976,5228.618843819866,4983.573535611626,4999.959169594379,5598.712411370169,4860.989281379751,5731.070552539125,670.6769839525185,5321.511836473971,623.6025082914941,5507.564755669116,640.9943117782551,1020.7141168955595,1631.6641839667836,0.1865360801531013,0.3356650446066505,0.8660254037844386,0.5000000000000001,1.0,6.123233995736766e-17,1,32,1,0,0,0,1,0.5234156073655503,0.8520775211013093,-0.9749279121818236,-0.2225209339563146,5471.939348450976,6643.573778345577,6794.494091344618,5711.563845416799,7096.334717342702,8652.360396039603,5240.123762376238,4192.0990099009905,,,5469.457743304285,690.8564827259283,5532.4130738695985,674.7056978613285,5716.947696582562,716.8000700201161,5658.323735000228,689.4077387605805,5956.18510767897,908.7710493740286,5944.065826147131,934.6406868286078,5871.106982291778,945.925707266,5467.903723881726,1017.1656577787724,5467.903723881726,1017.1656577787724,-0.022716736207695876,-150.92031299904193,0.13675582398619524,781.0896199297358,,,781.0896199297358,2300.5544554455446,,2025-02-01
2025,2,1,6,5,1,6265.683394625176,6492.653465346535,5471.939348450976,5228.618843819866,4983.573535611626,6643.573778345577,5114.6586074736515,6076.758736140895,535.9419017440383,5573.737959574759,652.7144092578665,5603.483487931742,662.6101675885668,-226.97007072135875,1151.0247871515248,-0.034957983193277475,0.22504430412415455,0.8660254037844386,0.5000000000000001,1.0,6.123233995736766e-17,2,33,0,0,0,0,1,0.5380051715382996,0.8429415373547828,-0.7818314824680299,0.6234898018587334,6492.653465346535,6357.133184286171,6502.016684765251,5979.031600127755,6791.783685723411,5527.277227722772,5116.8267326732675,4808.584158415842,,,5456.393487638428,671.8765950942825,5515.53212457388,651.1248134040761,5726.5027563991425,722.303589573457,5639.534438889576,664.0758284232686,5969.3709320879425,907.7910836550183,5957.742691170368,930.7874455091496,5887.296973805215,939.9866115229828,5473.1179700957355,1015.8636941806641,5473.1179700957355,1015.8636941806641,-0.014385382059800778,-91.44978966099461,0.047942846545801165,286.6517944974212,,,286.6517944974212,1457.0992362093348,,2025-02-02
2025,2,1,0,6,0,4723.814596888261,6265.683394625176,6492.653465346535,5471.939348450976,5228.618843819866,6357.133184286171,5098.272973490898,5827.383818953324,962.4331790663592,5527.71386412374,708.6069176490871,5572.278623214856,696.5153099598633,-1541.8687977369154,-374.45837660263714,-0.24608150470219425,-0.07344808301746097,0.8660254037844386,0.5000000000000001,1.0,6.123233995736766e-17,3,34,0,0,0,0,1,0.5524353131676196,0.8335557718385699,0.0,1.0,6265.683394625176,4752.326656020441,4860.989281379751,7096.334717342702,5078.314532098371,5011.398019801981,5425.069306930693,4438.693069306931,,,5452.320336333832,676.9237460834889,5505.733932824487,662.6619999553419,5647.418752383995,696.5745583055642,5626.873726917788,678.3967451353348,5964.235513821625,914.1004267317546,5949.3944208127195,938.7334497745078,5890.464990778341,935.5194108292465,5468.252363776206,1014.3371723952879,5468.252363776206,1014.3371723952879,-0.005999600026664775,-28.512059132180184,-0.3343303571428571,-2372.520120454441,,,-2372.520120454441,285.12152758133016,,2025-02-03
2025,2,1,1,6,0,5012.1647949080625,4723.814596888261,6265.683394625176,6492.653465346535,5471.939348450976,4752.326656020441,5349.3550942191,5333.887595473833,819.7371637675004,5532.479074006479,704.2989025982109,5544.179431605603,712.9342168521692,288.3501980198016,-337.19029931103705,0.061041811041810945,-0.06303382246496014,0.8660254037844386,0.5000000000000001,1.0,6.123233995736766e-17,4,35,0,0,0,0,1,0.5667017562911176,0.8239230057575542,0.7818314824680298,0.6234898018587336,4723.814596888261,4999.959169594379,5114.6586074736515,6791.783685723411,5344.057483232194,5748.368316831683,6473.09405940594,4623.638613861386,,,5454.063997092929,675.5787076122535,5498.412946212659,667.8606642094817,5588.0981226901495,671.0690318489229,5615.020416620498,686.3738830840273,5951.089022358704,922.5167056587896,5932.002405759174,942.4399901235022,5894.781948345526,930.4908664047965,5465.309863331896,1011.7019812522587,5465.309863331896,1011.7019812522587,0.002441144997324729,12.205625313683413,-0.26202526069199983,-1779.618890815348,,,-1779.618890815348,388.52618104667636,,2025-02-04
2025,2,1,2,6,0,5038.080848656295,5012.1647949080625,4723.814596888261,6265.683394625176,6492.653465346535,4999.959169594379,5598.712411370169,4924.68674681754,174.4423283592236,5500.722741479218,724.7389183439898,5497.46013471278,727.2611629506812,25.916053748232116,-560.6315627138747,0.005170630816959676,-0.10013580293485225,0.8660254037844386,0.5000000000000001,1.0,6.123233995736766e-17,5,36,0,0,0,0,1,0.5808002734538009,0.8140460935082178,0.9749279121818236,-0.22252093395631434,5012.1647949080625,4983.573535611626,5098.272973490898,5078.314532098371,5327.67184924944,5306.186138613861,7336.1732673267325,4931.881188118812,,,5461.85075609931,669.5391214860484,5494.113508724475,670.8219480820154,5586.756999908746,672.1622714043042,5604.677880885028,693.0138382428956,5946.301427895176,926.6110254672245,5904.644162679764,934.5094607451367,5895.961944573721,929.3226544715444,5462.571215801924,1009.0131014438772,5462.571215801924,1009.0131014438772,0.010937395155337981,54.50731304466899,-0.007922645040548959,-40.233683442076654,,,-40.233683442076654,106.19966053748249,,2025-02-05
2025,2,1,3,6,0,5330.523055162659,5038.080848656295,5012.1647949080625,4723.814596888261,6265.683394625176,4983.573535611626,6643.573778345577,5126.922899575672,176.79841056061832,5477.153359264498,728.1536724692418,5388.039241114204,631.6366267977387,292.4422065063645,-1313.0507231829179,0.058046350444011185,-0.19764222796211672,0.8660254037844386,0.5000000000000001,1.0,6.123233995736766e-17,6,37,0,0,0,0,1,0.5947266869607634,0.8039279618328213,0.43388373911755823,-0.900968867902419,5038.080848656295,5228.618843819866,5349.3550942191,5344.057483232194,5590.827595017567,5527.277227722772,5047.128712871287,5055.178217821783,,,5476.408500576852,664.7132409116634,5492.7683630775855,671.1533485473543,5586.305852306428,672.33530548131,5595.381290175924,694.949770451808,5942.787960528031,928.5996301674172,5908.017904849899,931.8842459687432,5899.021331655285,926.9739007646656,5461.73014471505,1005.8290963374125,5461.73014471505,1005.8290963374125,0.01948969974417669,101.90421134279313,-0.002532612740787421,-13.534428069534442,,,-13.534428069534442,275.34483734087644,,2025-02-06
2025,2,1,4,6,0,5625.693267326734,5330.523055162659,5038.080848656295,5012.1647949080625,4723.814596888261,5228.618843819866,6357.133184286171,5331.432390381896,293.80726473632507,5332.659992927865,550.7435873426006,5327.085914700917,560.9542017368892,295.17021216407466,-731.4399169594371,0.05537359263050168,-0.11505813953488364,0.8660254037844386,0.5000000000000001,1.0,6.123233995736766e-17,7,38,0,0,0,0,1,0.6084768701151261,0.7935716089521474,-0.433883739117558,-0.9009688679024191,5330.523055162659,5471.939348450976,5598.712411370169,5327.67184924944,5852.25853720856,5895.762376237624,4576.063366336634,5240.123762376238,,,5498.373346130532,667.0770748873009,5494.695567074482,671.5196036802722,5596.239899575672,670.5815126716517,5587.28967339443,693.1647650251334,5937.965297868909,929.5491107350739,5920.513498909305,920.7800067802912,5903.305437265846,924.782907617229,5462.767885997402,1002.7055515760653,5462.767885997402,1002.7055515760653,0.028098615332657895,153.75391887575825,0.05593839607806905,298.0214180772937,,,298.0214180772937,385.5695049504957,,2025-02-07
2025,2,1,5,6,1,6731.353960396041,5625.693267326734,5330.523055162659,5038.080848656295,5012.1647949080625,5471.939348450976,4752.326656020441,5895.856760961811,738.4599117312159,5410.271753889675,716.4165169612526,5492.004856732218,658.9666311279823,1105.660693069307,1979.0273043755997,0.19653767820773926,0.416433348887852,0.8660254037844386,0.5000000000000001,1.0,6.123233995736766e-17,8,39,0,0,0,0,2,0.6220467484408675,0.7829801036770629,-0.9749279121818236,-0.2225209339563146,5625.693267326734,6492.653465346535,6643.573778345577,5590.827595017567,6945.41440434366,6043.156435643565,5249.013861386138,5116.8267326732675,,,5532.47341685189,729.5500301515923,5500.965580078087,683.3770200660215,5634.257445088288,701.8645614017968,5579.644657539158,678.6597189734426,5950.254539382345,935.4952813498392,5938.160404849899,921.9594436631687,5921.244628684988,925.014650503827,5470.746414767204,1004.577755035166,5470.746414767204,1004.577755035166,0.03676470588235303,238.70049504950566,0.2039995592772148,1140.526365378474,,,1140.526365378474,1614.5272277227732,,2025-02-08
2025,2,1,6,6,1,6494.835869872702,6731.353960396041,5625.693267326734,5330.523055162659,5038.080848656295,6492.653465346535,4999.959169594379,6283.961032531825,582.2134830260075,5705.441966053749,741.4265030682565,5616.577915088744,697.6549649040275,-236.5180905233392,1494.8767002783225,-0.03513677811550164,0.2989777815324828,0.8660254037844386,0.5000000000000001,1.0,6.123233995736766e-17,9,40,0,0,0,0,2,0.6354323008901774,0.7721565844991642,-0.7818314824680299,0.6234898018587334,6731.353960396041,6265.683394625176,6357.133184286171,5852.25853720856,6646.900185244332,6264.247524752475,4845.243564356435,5425.069306930693,,,5565.209484744393,771.8487057551744,5510.801486191412,697.4930231776868,5655.676689510426,718.3580233610987,5574.2137891330285,670.3605479494479,5954.372188402349,937.4079923560353,5957.798408486998,915.9483239059227,5933.1309238287895,925.4403059285537,5477.146973861614,1004.6811380675327,5477.146973861614,1004.6811380675327,0.03657262277951934,229.15247524752522,0.10979988812501129,642.577332664142,,,642.577332664142,1069.766562942009,,2025-02-09
2025,2,1,0,7,0,4895.678953323904,6494.835869872702,6731.353960396041,5625.693267326734,5330.523055162659,6265.683394625176,4983.573535611626,6040.622927864216,998.5778539569774,5686.027659123055,764.3804950588512,5609.253366564767,705.3241634564588,-1599.1569165487972,-87.89458228772128,-0.24621975806451601,-0.017636858703828473,0.8660254037844386,0.5000000000000001,1.0,6.123233995736766e-17,10,41,0,0,0,0,2,0.6486295610349814,0.7611042586607747,0.0,1.0,6494.835869872702,4723.814596888261,4752.326656020441,6945.41440434366,4969.651906739061,6116.853465346535,5047.128712871287,6473.09405940594,,,5589.761535663771,742.8109562352727,5521.040935998802,686.4669043367348,5587.352174476433,688.3071499475135,5571.571897939631,672.9720471862626,5932.56550068766,947.7068721798292,5955.995435159052,917.9094631059188,5915.604089316766,930.024996252856,5473.535371249579,1002.5844450359444,5473.535371249579,1002.5844450359444,0.0363825363825363,171.86435643564346,-0.29512068419385484,-2049.7354510197556,,,-2049.7354510197556,-1577.415106082036,,2025-02-10
2025,2,1,1,7,0,5193.577171145686,4895.678953323904,6494.835869872702,6731.353960396041,5625.693267326734,4723.814596888261,5228.618843819866,5528.030664780764,850.4234624526766,5711.943712871288,740.2743098333054,5606.333227175252,707.1135734979391,297.89821782178205,-35.04167267417961,0.060849214309595334,-0.006701898478524204,0.8660254037844386,0.5000000000000001,1.0,6.123233995736766e-17,11,42,0,0,0,0,2,0.6616346182422783,0.7498264012045686,0.7818314824680298,0.6234898018587336,4895.678953323904,5012.1647949080625,4999.959169594379,6646.900185244332,5229.358045352922,6485.338613861386,5383.60396039604,7336.1732673267325,,,5615.677589412002,722.1785632241255,5534.870793252466,677.0471600682916,5538.908074006479,661.7960694179098,5570.294009575085,673.6795349960911,5909.498332067736,949.7263310531642,5953.733211477501,919.5698029673879,5891.797466025866,920.6283640531777,5471.8072342119,999.7079818849339,5471.8072342119,999.7079818849339,0.03619441571871773,181.4123762376239,-0.21864673360447384,-1453.3230140986452,,,-1453.3230140986452,-2142.596096181046,,2025-02-11
2025,2,1,2,7,0,5219.4932248939185,5193.577171145686,4895.678953323904,6494.835869872702,6731.353960396041,5012.1647949080625,5471.939348450976,5102.916449787836,179.9401161941323,5693.43874115983,752.9942138037848,5585.296050212164,715.1845523440295,25.916053748232116,-252.44612355705704,0.004990019960079861,-0.04613467136263505,0.8660254037844386,0.5000000000000001,1.0,6.123233995736766e-17,12,43,0,0,0,0,2,0.6744436188329455,0.7383263540031065,0.9749279121818236,-0.22252093395631434,5193.577171145686,5038.080848656295,4983.573535611626,4969.651906739061,5212.9724113701695,7738.1881188118805,5518.194059405941,5047.128712871287,,,5641.593643160236,700.9391112341815,5551.722199629772,665.1006809973001,5547.2361179449745,655.9315476217698,5570.526895772362,673.5525516614506,5864.521637533487,920.746968056407,5950.177249161881,921.8490291809003,5893.712627270562,919.0293708703324,5470.259295504428,996.813613869345,5470.259295504428,996.813613869345,0.03600823045267498,181.4123762376239,0.05027340402173075,249.84131815485762,,,249.84131815485762,172.36451202263197,,2025-02-12
2025,2,1,3,7,0,5521.4834512022635,5219.4932248939185,5193.577171145686,4895.678953323904,6494.835869872702,5038.080848656295,6492.653465346535,5311.517949080623,182.29658395420017,5676.0704384724195,756.064898669416,5504.365215700142,655.6437053712345,301.990226308345,-971.1700141442716,0.0578581508388647,-0.14957983193277313,0.8660254037844386,0.5000000000000001,1.0,6.123233995736766e-17,13,44,0,0,0,0,2,0.6870527672236669,0.7266075247685656,0.43388373911755823,-0.900968867902419,5219.4932248939185,5330.523055162659,5228.618843819866,5229.358045352922,5470.091344618333,8769.946534653465,5720.079207920792,4576.063366336634,,,5668.873699737322,690.4522627758399,5572.641100157087,658.7317712556555,5556.973631473286,653.2125338113033,5572.36232815036,673.3387158399792,5806.513368186143,832.4702287676521,5947.813013962851,922.7005364864934,5904.217294880179,909.1492336394466,5470.57163791722,993.7592492249532,5470.57163791722,993.7592492249532,0.035823950870010224,190.96039603960435,0.05586257496920477,292.1254058493414,,,292.1254058493414,945.4200848656292,,2025-02-13
2025,2,1,4,7,0,5826.201683168317,5521.4834512022635,5219.4932248939185,5193.577171145686,4895.678953323904,5330.523055162659,6265.683394625176,5522.3927864215,303.3552513198555,5525.2117256011325,571.0580752419684,5467.741739745404,620.5886755669035,304.7182319660533,-439.48171145685956,0.055187747035573054,-0.070141065830721,0.8660254037844386,0.5000000000000001,1.0,6.123233995736766e-17,14,45,0,0,0,0,2,0.6994583270516471,0.7146733860429609,-0.433883739117558,-0.9009688679024191,5521.4834512022635,5625.693267326734,5471.939348450976,5212.9724113701695,5725.485474289365,5676.980198019802,5585.489108910891,5249.013861386138,,,5697.517759143261,692.5183671073528,5597.945552636897,661.36489497955,5577.414607199892,651.6695723755728,5575.959335610322,674.4550928696718,5809.178037563796,832.2868677193767,5950.678639846868,921.93518415588,5910.6304928999825,906.5073768425893,5472.726971524802,991.111625937347,5472.726971524802,991.111625937347,0.03564154786150686,200.50841584158297,0.11763524212416976,613.2292717981472,,,613.2292717981472,577.1878217821786,,2025-02-14
2025,2,1,5,7,1,6970.054455445545,5826.201683168317,5521.4834512022635,5219.4932248939185,5193.577171145686,5625.693267326734,4723.814596888261,6105.913196605376,763.720097054888,5604.4148231966055,740.3103910270171,5654.928394625177,708.3580966094966,1143.8527722772278,2246.2398585572837,0.1963290724352671,0.47551397551397523,0.8660254037844386,0.5000000000000001,1.0,6.123233995736766e-17,15,46,0,0,0,0,3,0.7116566222817746,0.702527474169157,-0.9749279121818236,-0.2225209339563146,5826.201683168317,6731.353960396041,6492.653465346535,5470.091344618333,6794.494091344618,5147.1287128712875,5921.964356435643,4845.243564356435,,,5731.61782986462,754.9705050904246,5632.0456233582545,720.6912814270078,5627.413377560797,698.975971871243,5582.229348613927,686.9038058292126,5841.730282966908,841.5198704826388,5963.155902930319,928.6100339753273,5934.239502800971,906.1178812091026,5481.747016608662,994.9145036022071,5481.747016608662,994.9145036022071,0.03546099290780136,238.70049504950384,0.27421171171171155,1499.9631108272115,,,1499.9631108272115,2124.8108910891096,,2025-02-15
2025,2,1,6,7,1,6723.988345120227,6970.054455445545,5826.201683168317,5521.4834512022635,5219.4932248939185,6731.353960396041,5012.1647949080625,6506.748161244696,602.0753808945088,5909.13305516266,766.0700369686826,5797.580357142858,738.8585955908893,-246.06611032531782,1711.8235502121643,-0.03530332681017612,0.34153377238338867,0.8660254037844386,0.5000000000000001,1.0,6.123233995736766e-17,16,47,0,0,0,0,3,0.7236440382959124,0.6901733882429719,-0.7818314824680299,0.6234898018587334,6970.054455445545,6494.835869872702,6265.683394625176,5725.485474289365,6502.016684765251,5904.059405940594,7065.980198019802,5047.128712871287,,,5764.353897757123,797.3580012878372,5664.781691250758,760.9703310238784,5660.696806588492,727.0175208303056,5590.156907912319,699.0851113168056,5856.371871166543,849.7170907770621,5959.084571348181,924.4570508023521,5952.871276492627,904.9111354640345,5489.185587438073,996.5602783805637,5489.185587438073,996.5602783805637,0.035282258064516236,229.15247524752522,0.1743961931812943,998.5028708308619,,,998.5028708308619,1676.8596322489402,,2025-02-16
2025,2,1,0,8,0,5067.543309759548,6723.988345120227,6970.054455445545,5826.201683168317,5521.4834512022635,6494.835869872702,5038.080848656295,6253.862036775106,1034.722776502726,5888.127411598303,790.9389561468118,5800.035562234796,736.1493498320867,-1656.445035360679,29.46246110325319,-0.24634858812074,0.005847953216374213,0.8660254037844386,0.5000000000000001,1.0,6.123233995736766e-17,17,48,0,0,0,0,3,0.7354170229639855,0.6776147890466889,0.0,1.0,6723.988345120227,4895.678953323904,4723.814596888261,6794.494091344618,4860.989281379751,5449.9009900990095,8008.110891089109,5383.60396039604,,,5788.905948676501,768.2673045383189,5689.333742170135,733.3181358032843,5603.131780535657,702.090538747877,5597.533837497313,692.1612854813595,5849.544055446197,854.5649998585657,5924.077814427592,901.3171542829074,5949.359491485554,907.7539939797801,5486.6758119757005,994.1044790960085,5486.6758119757005,994.1044790960085,0.03510531594784361,171.86435643564346,-0.25416914907395405,-1726.9507815850702,,,-1726.9507815850702,-316.060650636492,,2025-02-17
2025,2,1,1,8,0,5374.989547383309,5067.543309759548,6723.988345120227,6970.054455445545,5826.201683168317,4895.678953323904,5330.523055162659,5722.173734087694,881.110199359846,5914.0434653465345,766.8286774453657,5803.741103253183,733.678890986646,307.4462376237616,44.46649222065025,0.06066968130921602,0.008341862845445247,0.8660254037844386,0.5000000000000001,1.0,6.123233995736766e-17,18,49,0,0,0,0,3,0.7469720876965552,0.6648553979642865,0.7818314824680298,0.6234898018587336,5067.543309759548,5193.577171145686,5012.1647949080625,6502.016684765251,5114.6586074736515,5676.980198019802,5453.168316831683,5518.194059405941,,,5814.822002424733,747.6203190061838,5715.249795918368,713.694227337206,5565.564209289593,682.205291900019,5606.831371065514,687.1652088770455,5844.151365256259,856.624122495802,5923.147114791301,901.8494802370091,5947.768330240858,908.6433290596742,5486.01494650474,991.1786528608174,5486.01494650474,991.1786528608174,0.034930139720558806,181.412376237623,-0.1733350115853527,-1127.0271373819414,,,-1127.0271373819414,-143.2045120226312,,2025-02-18
2025,2,1,2,8,0,5400.9056011315415,5374.989547383309,5067.543309759548,6723.988345120227,6970.054455445545,5193.577171145686,5625.693267326734,5281.146152758133,185.43878063469916,5893.947157001414,780.6298785076839,5785.008797736918,741.4663901244116,25.916053748232116,-224.7876661951923,0.004821600771456103,-0.039957327126370124,0.8660254037844386,0.5000000000000001,1.0,6.123233995736766e-17,19,50,0,0,0,0,3,0.7583058084785625,0.6518989958787126,0.9749279121818236,-0.22252093395631434,5374.989547383309,5219.4932248939185,5038.080848656295,4860.989281379751,5098.272973490898,6055.445544554455,4944.20594059406,5720.079207920792,,,5840.738056172964,726.3866956100186,5741.1658496666,693.5152572012375,5583.561419947986,669.9893820324941,5617.639679195537,681.2242652467799,5832.463151980851,858.1527727206413,5928.584015511986,897.241580077449,5944.22195683209,910.1635539517661,5485.514303296662,988.2633787252231,5485.514303296662,988.2633787252231,0.0347567030784508,181.412376237623,0.11107128374464126,539.9163197517901,,,539.9163197517901,-319.1736067892507,,2025-02-19
2025,2,1,3,8,0,5712.443847241868,5400.9056011315415,5374.989547383309,5067.543309759548,6723.988345120227,5219.4932248939185,6731.353960396041,5496.112998585573,187.79560037641187,5874.98751768034,783.9786005732932,5700.099621640737,678.948262284691,311.5382461103263,-1018.9101131541729,0.057682594201434734,-0.15136778115501526,0.8660254037844386,0.5000000000000001,1.0,6.123233995736766e-17,20,51,0,0,0,0,3,0.7694148268839378,0.6387494220515272,0.43388373911755823,-0.900968867902419,5400.9056011315415,5521.4834512022635,5330.523055162659,5114.6586074736515,5349.3550942191,6206.831683168317,5671.295049504951,5585.489108910891,,,5868.01811275005,715.9087791282914,5768.445906243686,683.5598552122374,5603.487594606926,664.4291469575364,5630.607134660635,679.3814823917982,5823.634797767877,856.7733144396988,5929.073882151711,897.1106391286418,5945.632565035767,909.6995898903882,5486.841376653067,985.5052372022813,5486.841376653067,985.5052372022813,0.034584980237154284,190.96039603960435,0.11687686034307743,597.7852397682163,,,597.7852397682163,126.9547383309764,,2025-02-20
2025,2,1,4,8,0,6026.710099009902,5712.443847241868,5400.9056011315415,5374.989547383309,5067.543309759548,5521.4834512022635,6494.835869872702,5713.353182461103,312.9032399306549,5717.763458274399,591.3787187829221,5661.089140735502,641.5524537246575,314.2662517680337,-468.1257708628,0.05501432664756445,-0.07207661290322576,0.8660254037844386,0.5000000000000001,1.0,6.123233995736766e-17,21,52,0,0,0,0,3,0.7802958510707755,0.6254105729852463,-0.433883739117558,-0.9009688679024191,5712.443847241868,5826.201683168317,5625.693267326734,5098.272973490898,5598.712411370169,6433.910891089109,5235.041584158415,5921.964356435643,,,5896.662172155991,717.965114976944,5797.089965649627,685.5171159255217,5634.435498790894,661.7025829478847,5645.892766362054,683.4400033985444,5816.363355052178,853.2203158850165,5938.498507328514,893.8842626405547,5946.796406619925,909.7359727935756,5489.980148294676,983.481288443242,5489.980148294676,983.481288443242,0.034414945919370776,200.5084158415848,0.18210816296940702,928.4371255190035,,,928.4371255190035,104.74574257425866,,2025-02-21
2025,2,1,5,8,1,7208.754950495049,6026.710099009902,5712.443847241868,5400.9056011315415,5374.989547383309,5826.201683168317,4895.678953323904,6315.96963224894,788.980378467631,5798.557892503537,764.204764248257,5853.845473833098,731.8123030591356,1182.0448514851478,2313.075997171145,0.19613434727503165,0.4724729744789924,0.8660254037844386,0.5000000000000001,1.0,6.123233995736766e-17,22,53,0,0,0,0,4,0.7909456567567772,0.6118864012687243,-0.9749279121818236,-0.2225209339563146,6026.710099009902,6970.054455445545,6731.353960396041,5349.3550942191,6643.573778345577,6282.524752475248,5453.168316831683,7065.980198019802,,,5930.762242877348,780.3973559801308,5831.190036370985,744.8700310474026,5696.415494000091,718.7063148913498,5666.077808224536,721.2951066048468,5832.903180016817,871.2091715269938,5959.398348205459,902.8784477090602,5948.382792758539,911.8315904344464,5499.9152627582625,989.2867163906893,5499.9152627582625,989.2867163906893,0.03424657534246567,238.70049504950475,0.34759327498848447,1859.3998562759498,,,1859.3998562759498,142.77475247524762,,2025-02-22
2025,2,1,6,8,1,6953.140820367751,7208.754950495049,6026.710099009902,5712.443847241868,5400.9056011315415,6970.054455445545,5193.577171145686,6729.535289957567,621.9381662618337,6112.82414427157,790.7141536140358,6000.4757779349375,763.0996831346924,-255.61413012729827,1759.5636492220647,-0.035458845789971605,0.3387960920264732,0.8660254037844386,0.5000000000000001,1.0,6.123233995736766e-17,23,54,0,0,0,0,4,0.8013610881746766,0.5981809144059164,-0.7818314824680299,0.6234898018587334,7208.754950495049,6723.988345120227,6494.835869872702,5598.712411370169,6357.133184286171,6660.9900990099,5816.712871287129,8008.110891089109,,,5963.498310769852,822.8678462921719,5863.926104263488,785.2560772127949,5741.563107633344,754.0302675702902,5687.36379522745,750.6413575162792,5838.120157183922,877.1128092908025,5972.927252361182,909.2067117665218,5936.660903083858,891.6124277742858,5508.267133779006,992.5563975820554,5508.267133779006,992.5563975820554,0.03407984420642651,229.1524752475243,0.24191783922441434,1354.4284089975818,,,1354.4284089975818,-1054.9700707213578,,2025-02-23
2025,2,1,0,9,0,5239.407666195192,6953.140820367751,7208.754950495049,6026.710099009902,5712.443847241868,6723.988345120227,5219.4932248939185,6467.101145685997,1070.8679216263554,6090.227164073552,817.5007124588298,6002.135314710043,761.2663053460742,-1713.733154172559,19.914441301273655,-0.24646892655367214,0.003815397480792404,0.8660254037844386,0.5000000000000001,1.0,6.123233995736766e-17,24,55,0,0,0,0,4,0.8115390590073611,0.5842981736283683,0.0,1.0,6953.140820367751,5067.543309759548,4895.678953323904,6643.573778345577,4752.326656020441,7947.772277227722,5962.130693069307,5453.168316831683,,,5988.05036168923,793.7276222634398,5888.4781551828655,757.5382131879006,5694.757570561665,739.5502308887797,5704.759545590833,733.6207312530804,5789.756503415483,832.1911557409934,5964.323406803156,912.7228846933131,5934.285784743452,893.1981516364815,5506.7307939642415,989.9087713850765,5506.7307939642415,989.9087713850765,0.0339147286821706,171.86435643564437,-0.21135704351281526,-1404.1661121503848,,,-1404.1661121503848,-213.76065063649094,,2025-02-24
2025,2,1,1,9,0,5556.401923620933,5239.407666195192,6953.140820367751,7208.754950495049,6026.710099009902,5067.543309759548,5521.4834512022635,5916.316803394625,911.7973302436434,6116.143217821783,793.3867144727925,6005.0451874116,759.3262981651152,316.9942574257411,34.91847241866981,0.06050192648130759,0.006324110671936722,0.8660254037844386,0.5000000000000001,1.0,6.123233995736766e-17,25,56,0,0,0,0,4,0.8214765533024142,0.5702422926917871,0.7818314824680298,0.6234898018587336,5239.407666195192,5374.989547383309,5193.577171145686,6357.133184286171,4999.959169594379,9007.475247524751,6180.257425742575,4944.20594059406,,,6013.966415437462,773.0671110604429,5914.394208931098,737.8877409869709,5668.066528539491,729.1972500723294,5724.632501091782,721.2538321268872,5728.130194060058,708.1073379676017,5956.896555587422,913.4825028235149,5941.087962332639,887.8887680780034,5507.013016291837,987.0835094749699,5507.013016291837,987.0835094749699,0.03375120540019294,181.4123762376239,-0.12595791805094136,-800.7312606652376,,,-800.7312606652376,612.1959830268734,,2025-02-25
2025,2,1,2,9,0,5582.317977369165,5556.401923620933,5239.407666195192,6953.140820367751,7208.754950495049,5374.989547383309,5826.201683168317,5459.37585572843,190.93824594714255,6094.455572842999,808.2680836676633,5984.721545261669,767.7651977640211,25.916053748232116,-243.88370579915136,0.004664179104477695,-0.04185981177131615,0.8660254037844386,0.5000000000000001,1.0,6.123233995736766e-17,26,57,0,0,0,0,4,0.8311706263658079,0.5560174366570446,0.9749279121818236,-0.22252093395631434,5556.401923620933,5400.9056011315415,5219.4932248939185,4752.326656020441,4983.573535611626,5442.3712871287125,6034.839603960397,5671.295049504951,,,6039.882469185694,751.8390639376918,5940.310262679331,717.6994441671202,5695.732905917781,708.7127890290772,5746.016231154551,707.2082066381967,5730.629242100066,707.327022615806,5951.509393366098,914.3512392996469,5940.099328197797,888.2420149200756,5507.438468049336,984.2915754464194,5507.438468049336,984.2915754464194,0.03358925143953928,181.4123762376239,0.17464946781325685,829.9913213487243,,,829.9913213487243,-88.97707213578542,,2025-02-26
2025,2,1,3,9,0,5903.404243281471,5582.317977369165,5556.401923620933,5239.407666195192,6953.140820367751,5400.9056011315415,6970.054455445545,5680.708048090523,193.2953878778884,6073.90459688826,811.8945228298057,5895.834027581329,702.270153792899,321.08626591230586,-1066.6502121640733,0.05751844793041094,-0.1530332681017612,0.8660254037844386,0.5000000000000001,1.0,6.123233995736766e-17,27,58,0,0,0,0,4,0.8406184056344782,0.5416278206559814,0.43388373911755823,-0.900968867902419,5582.317977369165,5712.443847241868,5521.4834512022635,4999.959169594379,5228.618843819866,5711.563845416799,6398.384158415841,5235.041584158415,,,6067.162525762781,741.3695336980264,5967.590319256416,707.744507002088,5725.84774170735,697.2299846865405,5770.115709706751,700.388305980439,5734.054963490506,707.6974693991491,5945.616775328784,913.0306345787563,5947.525579965832,885.0693601755186,5509.662994876482,981.9557661621775,5509.662994876482,981.9557661621775,0.03342884431709647,190.96039603960344,0.18069049027062034,903.4450736870922,,,903.4450736870922,668.3626591230559,,2025-02-27
2025,2,1,4,9,0,6227.218514851486,5903.404243281471,5582.317977369165,5556.401923620933,5239.407666195192,5712.443847241868,6723.988345120227,5904.313578500708,322.45123038864085,5910.315190947666,611.7049045003654,5854.436541725601,662.531518338713,323.8142715700151,-496.7698302687404,0.05485212569316089,-0.07388023369036012,0.8660254037844386,0.5000000000000001,1.0,6.123233995736766e-17,28,59,0,1,0,0,4,0.8498170915275278,0.5270777086423722,-0.433883739117558,-0.9009688679024191,5903.404243281471,6026.710099009902,5826.201683168317,4983.573535611626,5471.939348450976,5979.031600127755,7634.435643564356,5453.168316831683,,,6095.8065851687215,743.4167582646115,5996.234378662355,709.6943565894976,5767.30257434868,688.4917662964531,5797.089965649627,703.0184333413514,5738.486872682003,710.0327872671807,5928.864190463154,894.3900515576622,5956.126137721606,883.9717158739128,5513.671684932209,980.6612676490075,5513.671684932209,980.6612676490075,0.033269961977186346,200.5084158415848,0.24954883686435458,1243.6449792398607,,,1243.6449792398607,774.0501980198032,,2025-02-28
2025,3,1,5,9,1,7447.455445544555,6227.218514851486,5903.404243281471,5582.317977369165,5556.401923620933,6026.710099009902,5067.543309759548,6526.026067892504,814.2407470265016,5992.700961810468,788.0995912233227,6052.762553041019,755.2806780476552,1220.2369306930686,2379.912135785007,0.19595216191352338,0.46963824289405687,1.0,6.123233995736766e-17,1.0,6.123233995736766e-17,1,60,1,0,0,0,1,0.8587639582758029,0.5123714121284237,-0.9749279121818236,-0.2225209339563146,6227.218514851486,7208.754950495049,6970.054455445545,5228.618843819866,6492.653465346535,7096.334717342702,8652.360396039603,5816.712871287129,,,6129.9066558900795,805.8299792679921,6030.334449383714,769.0702014854149,5841.26379440617,745.4513120936402,5831.190036370985,758.9388692443529,5744.756885685606,723.6609204334529,5914.5200839096415,859.1526392304727,5974.2454996578,897.6887460007356,5524.414928046722,988.4831939242574,5524.414928046722,988.4831939242574,0.03311258278145712,238.70049504950566,0.4243638077285581,2218.836601724689,,,2218.836601724689,1630.742574257426,,2025-03-01
2025,3,1,6,9,1,7131.816390929415,7447.455445544555,6227.218514851486,5903.404243281471,5582.317977369165,7208.754950495049,5374.989547383309,6935.496783775151,633.3644944829896,6308.102415932837,804.8316018267054,6199.164790003194,781.7646406435799,-315.6390546151397,1756.826843546106,-0.04238213399503732,0.3268521413965124,1.0,6.123233995736766e-17,1.0,6.123233995736766e-17,2,61,0,0,0,0,1,0.8674563547295968,0.49751328890718066,-0.7818314824680299,0.6234898018587334,7447.455445544555,6953.140820367751,6723.988345120227,5471.939348450976,6265.683394625176,6791.783685723411,5527.277227722772,5962.130693069307,4237.79702970297,,6155.431737398889,838.4230885043895,6059.46502408437,804.2829174867985,5896.5930291554505,777.9840844448728,5862.123357667565,794.1390320781813,5750.828898278572,733.9592049000636,5933.621740614483,868.2283185181312,5987.2420074118,905.9406577566674,5540.492813386869,990.9719554491809,5533.295599112372,992.9478840393236,0.025697102241662106,178.67557056166424,0.3033434650455924,1659.8770424784398,,,1659.8770424784398,1169.6856978601081,,2025-03-02
2025,3,1,0,10,0,5335.556665602045,7131.816390929415,7447.455445544555,6227.218514851486,5903.404243281471,6953.140820367751,5400.9056011315415,6638.276167358672,1139.1731994707145,6271.294872929689,849.8743873664695,6193.719045375736,788.033275327976,-1796.2597253273707,-65.34893552949688,-0.25186567164179097,-0.01209962557312716,1.0,6.123233995736766e-17,1.0,6.123233995736766e-17,3,62,0,0,0,0,1,0.8758917051442429,0.48250774176121847,0.0,1.0,7131.816390929415,5239.407666195192,5067.543309759548,6492.653465346535,4723.814596888261,5078.314532098371,5011.398019801981,6180.257425742575,3842.2693069306933,,6169.167308742724,821.5325135492944,6078.608835215978,781.7301804213363,5858.023135830634,776.094610552725,5883.971288693057,769.7015777919236,5755.422507805422,730.4703351547805,5937.480772112102,864.7935096503672,5977.85644341024,908.2910558393809,5548.788854268376,982.8933372598798,5532.209121455722,990.3096115063138,0.018351120113674124,96.14899940685245,-0.17821631878557875,-1157.0967997444905,,,-1157.0967997444905,-844.7007601405303,,2025-03-03
2025,3,1,1,10,0,5617.931651229639,5335.556665602045,7131.816390929415,7447.455445544555,6227.218514851486,5239.407666195192,5712.443847241868,6028.434902587033,965.9306081388698,6277.230485239768,844.2055815262935,6185.843029041383,793.7323684847594,282.37498562759447,-94.51219601222874,0.05292324743696297,-0.016544967187355764,1.0,6.123233995736766e-17,1.0,6.123233995736766e-17,4,63,0,0,0,0,1,0.8840675099433636,0.46735921715800227,0.7818314824680298,0.6234898018587336,5335.556665602045,5556.401923620933,5374.989547383309,6265.683394625176,5012.1647949080625,5344.057483232194,5748.368316831683,6034.839603960397,4407.308910891089,,6177.957269829682,814.1798034331631,6095.961842633572,767.4761115934494,5836.431411050783,773.3677683453607,5905.605819275969,752.613201860861,5760.3131179482325,728.5804781176577,5935.927954664459,865.2541528238944,5973.224132824343,909.0599705610391,5555.514536159146,979.1738021343688,5532.67755058017,987.6055629189655,0.011073663938372613,61.5297276087058,-0.1033808608892034,-647.7517433955372,,,-647.7517433955372,-416.90795273075764,,2025-03-04
2025,3,1,2,10,0,5603.8868221015655,5617.931651229639,5335.556665602045,7131.816390929415,7447.455445544555,5556.401923620933,6026.710099009902,5519.125046311084,159.12990637656208,6227.310915043118,878.8753231239049,6150.607755965689,810.643585191613,-14.044829128073616,-422.8232769083361,-0.0024999999999999467,-0.07015822396663807,1.0,6.123233995736766e-17,1.0,6.123233995736766e-17,5,64,0,0,0,0,1,0.8919813464595485,0.45207220393230435,0.9749279121818236,-0.22252093395631434,5617.931651229639,5582.317977369165,5400.9056011315415,4723.814596888261,5038.080848656295,5327.67184924944,5306.186138613861,6398.384158415841,4068.2851485148512,,6181.038533362882,811.5865908667163,6110.460501274289,755.1538944435883,5865.767151891227,745.9124633933764,5925.813175470444,735.8673488898014,5765.245528177736,726.5303789340361,5939.472010420265,863.2510395617362,5964.396384643072,908.7424825036773,5564.045656567961,972.8126794100172,5533.064557490611,984.9174809994105,0.0038637793153024624,21.568844732400066,0.1863054121118637,880.0722252133046,,,880.0722252133046,-794.4973363142753,,2025-03-05
2025,3,1,3,10,0,5884.044203129991,5603.8868221015655,5617.931651229639,5335.556665602045,7131.816390929415,5582.317977369165,7208.754950495049,5701.954225487065,157.8508291863166,6170.1151964228675,889.9789990308401,6040.215193685268,740.6210951911435,280.15738102842533,-1324.7107473650585,0.049993404564041555,-0.18376415295876947,1.0,6.123233995736766e-17,1.0,6.123233995736766e-17,6,65,0,0,0,0,1,0.8996308696522433,0.43665123195606403,0.43388373911755823,-0.900968867902419,5603.8868221015655,5903.404243281471,5712.443847241868,5012.1647949080625,5330.523055162659,5590.827595017567,5527.277227722772,7634.435643564356,4237.79702970297,,6178.272813341241,812.7225905927517,6122.717669552012,749.5685941081607,5894.829798831957,728.2841107145778,5945.581787897849,726.6603558351501,5770.481539036887,726.3070695172476,5943.719236317971,862.0754452857744,5944.947590860468,891.1596434534677,5573.191474198112,968.0010345683871,5534.961744764339,982.5763278204969,-0.003279470514578664,-19.36004015148046,0.17395266195311154,871.8794082219283,,,871.8794082219283,-1750.391440434365,,2025-03-06
2025,3,1,4,10,0,6162.723181092303,5884.044203129991,5603.8868221015655,5617.931651229639,5335.556665602045,5903.404243281471,6953.140820367751,5883.551402107953,279.4185054217714,5955.9931523474925,640.8869049824613,5974.3470570789805,685.1162703677327,278.6789779623123,-790.417639275448,0.04736180904522613,-0.11367778385274285,1.0,6.123233995736766e-17,1.0,6.123233995736766e-17,7,66,0,0,0,0,1,0.9070138128026359,0.4211008707960896,-0.433883739117558,-0.9009688679024191,5884.044203129991,6227.218514851486,6026.710099009902,5038.080848656295,5625.693267326734,5852.25853720856,5895.762376237624,8652.360396039603,4520.316831683168,,6169.059194232787,812.4407598389332,6132.432889700754,749.1098099061601,5932.317876579824,711.4124380437021,5964.761427675191,724.9897583643452,5776.0255505348105,728.1252710209995,5946.897341137669,862.3885472061567,5917.284955138832,843.5425738933614,5582.315953917051,965.759234835144,5538.336806249972,980.9975999261097,-0.010357005074635883,-64.49533375918327,0.22322832170030815,1124.6423324360085,,,1124.6423324360085,-2489.6372149473,,2025-03-07
2025,3,1,5,10,1,7318.095177259662,6162.723181092303,5884.044203129991,5603.8868221015655,5617.931651229639,6227.218514851486,5239.407666195192,6454.954187160652,760.3780439895279,5987.039616735868,710.0223186723679,6147.571016334353,742.7633885237262,1155.3719961673587,2078.6875110644696,0.18747750989564582,0.39674093781177233,1.0,6.123233995736766e-17,1.0,6.123233995736766e-17,8,67,0,0,0,0,2,0.9141279881853337,0.40542572835999735,-0.9749279121818236,-0.2225209339563146,6162.723181092303,7447.455445544555,7208.754950495049,5330.523055162659,6731.353960396041,6945.41440434366,6043.156435643565,5527.277227722772,4633.324752475248,,6150.579155906375,779.3112409571155,6140.242905898226,761.6592983295512,5998.570280649725,745.1836696005046,5985.716471134605,755.7931076307599,5782.680564336882,740.6039404436287,5962.075183299765,875.2268511495269,5937.182932355908,855.2792577628287,5597.231345165854,971.7345312219913,5547.854230693874,986.9757080755253,-0.017369727047146455,-129.3602682848932,0.37286624624426334,1987.5721220970026,,,1987.5721220970026,1790.8179495368895,,2025-03-08
2025,3,1,6,10,1,7007.630533375917,7318.095177259662,6162.723181092303,5884.044203129991,5603.8868221015655,7447.455445544555,5556.401923620933,6829.482963909294,597.9327134068401,6265.71859469818,731.0078538601117,6268.506733813934,755.7890559583337,-310.46464388374443,1451.228609754984,-0.042424242424242586,0.2611813597547068,1.0,6.123233995736766e-17,1.0,6.123233995736766e-17,9,68,0,0,0,0,2,0.9209712877166346,0.38963044953078796,-0.7818314824680299,0.6234898018587334,7318.095177259662,7131.816390929415,6953.140820367751,5625.693267326734,6494.835869872702,6646.900185244332,6264.247524752475,5011.398019801981,4802.836633663366,,6132.838319113018,754.2616094442515,6144.135028255952,766.2581270160781,6044.634856184697,763.8191091759876,6004.030566259719,774.5665789193049,5789.122177696374,749.7694676134219,5970.924981021472,882.0507899867342,5959.363293617842,856.8837936205134,5609.4802001642565,975.5534987089688,5555.618998261332,990.0740722567083,-0.017412935323383172,-124.18585755349795,0.24564746074502297,1381.9372660491836,,,1381.9372660491836,1996.2325135739366,,2025-03-09
2025,3,1,0,11,0,5242.417272436921,7007.630533375917,7318.095177259662,6162.723181092303,5884.044203129991,7131.816390929415,5582.317977369165,6522.714327690833,1119.583621729226,6203.132864899392,809.4292115549679,6240.181675069581,789.462701866021,-1765.2132609389964,-339.9007049322445,-0.2518987341772151,-0.06088881111936095,1.0,6.123233995736766e-17,1.0,6.123233995736766e-17,10,69,0,0,0,0,2,0.9275416835791966,0.37371971479046906,0.0,1.0,7007.630533375917,5335.556665602045,5239.407666195192,6731.353960396041,4895.678953323904,4969.651906739061,6116.853465346535,5748.368316831683,4689.828712871287,,6119.532691517999,771.2993128640442,6144.350000130362,765.9851569335973,5995.003633252727,766.0296539146917,6016.414077656614,758.8016642568025,5793.992987798122,745.2212623381245,5960.515026343977,885.4612438739972,5953.741615346788,859.9378329147321,5612.550136606287,973.5106329341805,5553.961846272843,987.7001637103747,-0.017456359102244523,-93.13939316512369,-0.2211942347288951,-1488.9366879591198,,,-1488.9366879591198,-505.951044394762,,2025-03-10
2025,3,1,1,11,0,5519.61784733312,5242.417272436921,7007.630533375917,7318.095177259662,6162.723181092303,5335.556665602045,5903.404243281471,5923.2218843819865,949.2979659676537,6189.088035771319,822.531660019337,6208.199475407218,811.8040399545089,277.2005748961992,-383.7863959483511,0.05287648054145522,-0.06501103094627636,1.0,6.123233995736766e-17,1.0,6.123233995736766e-17,11,70,0,0,0,0,2,0.9338372288229252,0.35769823883312546,0.7818314824680298,0.6234898018587336,5242.417272436921,5617.931651229639,5556.401923620933,6494.835869872702,5193.577171145686,5229.358045352922,6485.338613861386,5306.186138613861,4972.348514851485,,6105.487862389926,782.7653113828378,6141.722566109804,768.2168695546113,5962.496365834741,764.7785164451111,6028.058387520451,748.1336896377182,5799.176198547767,742.226071453543,5949.018350551974,884.8340797520617,5956.113078777002,858.4249557324899,5615.590521786741,972.3539452310732,5553.781088383687,985.0868858096431,-0.01750000000000007,-98.31380389651895,-0.15015283558792925,-975.2180225395814,,,-975.2180225395814,213.4317087192594,,2025-03-11
2025,3,1,2,11,0,5505.573018205046,5519.61784733312,5242.417272436921,7007.630533375917,7318.095177259662,5617.931651229639,6227.218514851486,5422.536045991696,156.14542499372615,6126.009504950495,864.0670450577163,6148.062350686682,836.6170146605222,-14.044829128074525,-721.6454966464407,-0.0025445292620865922,-0.11588568715315928,1.0,6.123233995736766e-17,1.0,6.123233995736766e-17,12,71,0,0,0,0,2,0.9398560579418954,0.3415707691678556,0.9749279121818236,-0.22252093395631434,5519.61784733312,5603.8868221015655,5582.317977369165,4895.678953323904,5219.4932248939185,5212.9724113701695,7738.1881188118805,5527.277227722772,5932.915841584158,,6091.443033261851,794.0657626317833,6136.240783312366,772.7759709637287,5982.826167997445,743.2449757547834,6038.275522995848,738.574675813862,5804.401209384106,739.0474688784374,5922.439599354274,863.7232176251392,5955.871920893472,858.5498221063333,5613.216394990191,972.0964984078652,5553.528690110501,982.4973241444459,-0.017543859649122973,-98.31380389651986,0.12457803518081101,609.8940648811413,,,609.8940648811413,-21.704209517726667,,2025-03-12
2025,3,1,3,11,0,5780.555988502076,5505.573018205046,5519.61784733312,5242.417272436921,7007.630533375917,5603.8868221015655,7447.455445544555,5601.915618013413,154.8663965570202,6062.314972852124,874.8379929186002,6009.154062599809,733.2555478329284,274.9829702970301,-1666.8994570424793,0.04994629430719666,-0.22382133995037234,1.0,6.123233995736766e-17,1.0,6.123233995736766e-17,13,72,0,0,0,0,2,0.9455963874271426,0.3253420847119801,0.43388373911755823,-0.900968867902419,5505.573018205046,5884.044203129991,5903.404243281471,5193.577171145686,5521.4834512022635,5470.091344618333,8769.946534653465,5895.762376237624,6723.971287128713,,6076.65900260072,799.5153864712103,6127.465907970982,776.3125836359704,6002.392128575991,729.3477049707725,6047.528113613699,733.4658243498593,5809.945220882029,737.6572024553409,5886.851616661996,804.5422701992911,5954.591849918633,858.726316964979,5607.975198886709,968.6112799404011,5554.71112395629,980.0589292575735,-0.017587939698492594,-103.48821462791511,0.11302013968667057,586.9788173563893,,,586.9788173563893,-115.20638773554856,,2025-03-13
2025,3,1,4,11,0,6054.060555732993,5780.555988502076,5505.573018205046,5519.61784733312,5242.417272436921,5884.044203129991,7131.816390929415,5780.063187480038,274.2441008399324,5851.642535931012,629.8403811791846,5919.34107633344,643.7920402763832,273.504567230917,-1077.7558351964226,0.04731457800511518,-0.15111940298507465,1.0,6.123233995736766e-17,1.0,6.123233995736766e-17,14,73,0,0,0,0,2,0.9510565162951535,0.30901699437494745,-0.433883739117558,-0.9009688679024191,5780.555988502076,6162.723181092303,6227.218514851486,5219.4932248939185,5826.201683168317,5725.485474289365,5676.980198019802,6043.156435643565,4241.361386138614,,6061.135770406533,798.6202655249002,6115.09748231966,775.9803739322604,6030.211039603962,714.2156620665263,6055.665930491008,732.1821805376757,5815.812633050666,738.2796848801077,5891.340668539534,804.4091301556974,5954.713006808515,858.7397219794506,5618.0457498289,963.7343053796493,5557.29842671161,978.1639883257204,-0.017632241813602012,-108.66262535931037,0.15989432208833576,834.5673308390742,,,834.5673308390742,10.904120089428034,,2025-03-14
2025,3,1,5,11,1,7188.734908974768,6054.060555732993,5780.555988502076,5505.573018205046,5519.61784733312,6162.723181092303,5335.556665602045,6341.117151069945,746.6880772522973,5881.826598530821,697.0704163604456,6073.772596614501,709.8986760616252,1134.674353241775,1853.178243372723,0.1874236874236872,0.34732612912164007,1.0,6.123233995736766e-17,1.0,6.123233995736766e-17,15,74,0,0,0,0,3,0.9562348265919056,0.29260033563334836,-0.9749279121818236,-0.2225209339563146,6054.060555732993,7318.095177259662,7447.455445544555,5521.4834512022635,6970.054455445545,6794.494091344618,5147.1287128712875,6264.247524752475,3845.5009900990103,,6042.65573208012,765.4963809134797,6096.6174439932465,744.2409889782307,6085.786088196377,737.7442917951163,6063.47594668848,743.3777058496554,5822.852647651203,749.5750534157204,5915.645504207432,812.4550442971421,5964.985088855429,867.9636508358908,5636.619271600432,961.595961900544,5565.707893115028,982.632566416475,-0.017676767676767846,-129.36026828489412,0.30195715925028654,1667.2514577725042,,,1667.2514577725042,924.4873842222923,,2025-03-15
2025,3,1,6,11,1,6883.44467582242,7188.734908974768,6054.060555732993,5780.555988502076,5505.573018205046,7318.095177259662,5617.931651229639,6708.7467135100605,587.1635253515107,6155.331165761737,717.649193340178,6179.232015330565,729.7468473520546,-305.29023315234735,1265.5130245927812,-0.04246786632390742,0.22526315789473683,1.0,6.123233995736766e-17,1.0,6.123233995736766e-17,16,75,0,0,0,0,3,0.9611297838723007,0.27609697309746883,-0.7818314824680299,0.6234898018587334,7188.734908974768,7007.630533375917,7131.816390929415,5826.201683168317,6723.988345120227,6502.016684765251,5904.059405940594,6116.853465346535,4411.015841584159,,6024.914895286763,740.4339690233854,6078.87660719989,720.2395091339272,6121.027521284847,750.0654905454396,6069.17081564213,749.213048158466,5829.663861777225,757.5492244656201,5927.304852658406,819.2855212479209,5973.502768971828,873.2162843701736,5650.3549873462,961.6497270451363,5572.465517641732,984.6290584450413,-0.017721518987341756,-124.18585755349704,0.18146350746978768,1057.2429926541035,,,1057.2429926541035,766.5912104758854,,2025-03-16
2025,3,1,0,12,0,5149.277879271798,6883.44467582242,7188.734908974768,6054.060555732993,5780.555988502076,7007.630533375917,5603.8868221015655,6407.152488022995,1099.9940591295376,6093.607837751516,795.0163520601053,6141.347936761417,772.8575114779821,-1734.1667965506222,-454.60894282976733,-0.25193298969072153,-0.08112386228729729,1.0,6.123233995736766e-17,1.0,6.123233995736766e-17,17,76,0,0,0,0,3,0.9657399376548549,0.2595117970697999,0.0,1.0,6883.44467582242,5242.417272436921,5335.556665602045,6970.054455445545,5067.543309759548,4860.989281379751,5449.9009900990095,6485.338613861386,4071.706930693069,,6011.609267691746,757.4797192964311,6065.570979604873,736.5634893495388,6060.334968745723,752.6571783817727,6072.0899074104245,745.3150448578333,5834.811872453868,751.8045689184631,5923.726006100939,822.0480093376163,5958.65764969861,875.7701664305358,5656.341492616082,955.0991146158324,5570.306397037804,982.5661961508732,-0.017766497461928932,-93.13939316512278,-0.2612284577993813,-1820.7765761737464,,,-1820.7765761737464,-1336.0607345895878,,2025-03-17
2025,3,1,1,12,0,5421.304043436601,5149.277879271798,6883.44467582242,7188.734908974768,6054.060555732993,5242.417272436921,5884.044203129991,5818.0088661769405,932.6653509452049,6079.563008623442,808.1186669932267,6102.78625678697,797.9980646223736,272.02616416480305,-462.7401596933896,0.05282802182026969,-0.07864321608040215,1.0,6.123233995736766e-17,1.0,6.123233995736766e-17,18,77,0,0,0,0,3,0.970063921851507,0.2428497220959356,0.7818314824680298,0.6234898018587336,5149.277879271798,5519.61784733312,5617.931651229639,6723.988345120227,5374.989547383309,5114.6586074736515,5676.980198019802,7738.1881188118805,4241.361386138614,,5997.5644385636715,768.9470127358323,6051.526150476799,747.5484226937099,6016.912158689603,750.6238904715293,6073.743996555185,743.7604317341701,5840.287683810349,747.5687248261823,5920.6822423559015,823.4447866172738,5932.914493305551,856.7183764391059,5662.8967296010715,949.3652750271285,5569.550039912925,980.1139389121391,-0.0178117048346057,-98.31380389651895,-0.19373684706473615,-1302.6843016836256,,,-1302.6843016836256,-2316.8840753752793,,2025-03-18
2025,3,1,2,12,0,5407.259214308528,5421.304043436601,5149.277879271798,6883.44467582242,7188.734908974768,5519.61784733312,6162.723181092303,5325.947045672309,153.1610592605108,6017.346879591184,849.074909912238,6039.8309262216535,822.2704139767334,-14.044829128073616,-755.4639667837755,-0.002590673575129432,-0.12258606213266166,1.0,6.123233995736766e-17,1.0,6.123233995736766e-17,19,78,0,0,0,0,3,0.9741004551724205,0.22611568550828828,0.9749279121818236,-0.22252093395631434,5421.304043436601,5505.573018205046,5603.8868221015655,5067.543309759548,5400.9056011315415,5098.272973490898,6055.445544554455,8769.946534653465,4524.118811881188,,5983.519609435598,780.2457892519001,6037.481321348724,758.374257672911,6028.236022174568,738.2686906493196,6073.970911311507,743.5484908305702,5845.805295253522,743.1195654151485,5912.965738424403,825.2019074151949,5895.551300857275,803.2583185764527,5667.803065170112,945.7222257499529,5568.730389278559,977.6912060835745,-0.017857142857142794,-98.31380389651804,0.0670375927315161,339.7159045489798,,,339.7159045489798,-3362.6873203449377,,2025-03-19
2025,3,1,3,12,0,5677.0677738741615,5407.259214308528,5421.304043436601,5149.277879271798,6883.44467582242,5505.573018205046,7318.095177259662,5501.877010539763,151.88208246721535,5954.5147492813785,859.6971245024032,5903.078642606196,720.5199091973261,269.8085595656339,-1641.0274033855003,0.04989747095010255,-0.22424242424242424,1.0,6.123233995736766e-17,1.0,6.123233995736766e-17,20,79,0,0,0,0,3,0.9778483415056568,0.20931464596304847,0.43388373911755823,-0.900968867902419,5407.259214308528,5780.555988502076,5884.044203129991,5374.989547383309,5712.443847241868,5349.3550942191,6206.831683168317,5676.980198019802,4637.221782178218,,5968.735578774467,785.6939048839064,6022.6972906875935,763.5949752621018,6038.305296390929,731.0768062269896,6072.707480119803,744.2153028541406,5851.657307390219,740.4244438537742,5906.65902521852,824.9532968985552,5895.552273922323,803.2580508779678,5673.5799873462,942.5624336752431,5569.274798246377,975.249402487469,-0.01790281329923271,-103.4882146279142,0.05620070956936307,302.0782264908521,,,302.0782264908521,0.08757585435978399,,2025-03-20
2025,3,1,4,12,0,5945.397930373682,5677.0677738741615,5407.259214308528,5421.304043436601,5149.277879271798,5780.555988502076,7007.630533375917,5676.574972852123,269.069696494605,5747.291919514532,618.7942527403542,5814.559259022676,632.338100193606,268.33015649952085,-1062.232603002235,0.04726562500000009,-0.15158227848101258,1.0,6.123233995736766e-17,1.0,6.123233995736766e-17,21,80,0,0,0,0,3,0.9813064702716093,0.19245158197082998,-0.433883739117558,-0.9009688679024191,5677.0677738741615,6054.060555732993,6162.723181092303,5400.9056011315415,6026.710099009902,5598.712411370169,6433.910891089109,5147.1287128712875,4806.876237623763,,5953.212346580281,784.8000777274374,6007.174058493407,762.7379362424772,6056.455040699001,721.4018109419312,6069.803474097081,744.5600015724353,5857.848120229567,739.7200890373929,5900.843394733813,822.9109685050927,5904.4219318945725,799.2985517407735,5679.9051078614775,940.5317461391961,5571.155413907013,973.1594349582333,-0.017948717948717996,-108.66262535931037,0.10081500575163993,544.4923292421408,,,544.4923292421408,798.2692175023949,,2025-03-21
2025,3,1,5,12,1,7059.374640689875,5945.397930373682,5677.0677738741615,5407.259214308528,5421.304043436601,6054.060555732993,5242.417272436921,6227.280114979239,732.9981193768258,5776.613580325774,684.1185655874234,5965.972373043755,697.1026995534185,1113.976710316193,1816.9573682529544,0.18736789755066519,0.34658770445572484,1.0,6.123233995736766e-17,1.0,6.123233995736766e-17,22,81,0,0,0,0,4,0.9844738167520922,0.1755314904214282,-0.9749279121818236,-0.2225209339563146,5945.397930373682,7188.734908974768,7318.095177259662,5712.443847241868,7208.754950495049,6643.573778345577,6282.524752475248,5904.059405940594,4693.773267326733,,5934.732308253866,751.6820480333971,5988.694020166993,731.007197275955,6101.352733813935,740.9040737734656,6064.46846303261,736.5893064704526,5865.273135628573,749.7688540615659,5910.091607688748,831.5718449784097,5917.258767836231,808.5167623461273,5693.047337713495,943.1990753327133,5578.559489662152,976.3825978141668,-0.01799485861182515,-129.3602682848923,0.23578888991588842,1346.9307934480075,,,1346.9307934480075,1155.3152347492814,,2025-03-22
2025,3,1,6,12,1,6759.258818268923,7059.374640689875,5945.397930373682,5677.0677738741615,5407.259214308528,7188.734908974768,5519.61784733312,6588.010463110826,576.3944197682481,6044.943736825295,704.2905939198768,6069.275787288406,716.5248068909793,-300.1158224209521,1239.6409709358031,-0.04251308900523565,0.22458818802732017,1.0,6.123233995736766e-17,1.0,6.123233995736766e-17,23,82,0,0,0,0,4,0.9873494423939864,0.15855938510313478,-0.7818314824680299,0.6234898018587334,7059.374640689875,6883.44467582242,7007.630533375917,6026.710099009902,6953.140820367751,6357.133184286171,6660.9900990099,5449.9009900990095,4976.530693069307,,5916.99147146051,726.6063877509926,5970.953183373637,706.995917742644,6125.771024455901,750.3702041495002,6057.544105814794,728.7959462366417,5872.453950521122,756.4610174682795,5911.261473394213,832.7092907079258,5931.80718814923,811.7863109191404,5702.951382853493,944.9913225081496,5584.404535843373,977.487247503279,-0.018041237113401998,-124.18585755349704,0.12155034956457733,732.5487192590217,,,732.5487192590217,1309.3578281699138,,2025-03-23
2025,3,1,0,13,0,5056.138486106675,6759.258818268923,7059.374640689875,5945.397930373682,5677.0677738741615,6883.44467582242,5505.573018205046,6291.590648355158,1080.4045124952884,5984.0828106036415,780.6037722244866,6031.822909613541,759.1466231842003,-1703.120332162248,-449.43453209837025,-0.25196850393700776,-0.08163265306122436,1.0,6.123233995736766e-17,1.0,6.123233995736766e-17,24,83,0,0,0,0,4,0.989932495087353,0.141540295217043,0.0,1.0,6759.258818268923,5149.277879271798,5242.417272436921,7208.754950495049,5239.407666195192,4752.326656020441,7947.772277227722,5676.980198019802,5937.905940594059,,5903.685843865492,743.660482680628,5957.64755577862,723.3259059486371,6054.017142309623,746.1489370122298,6050.998777954491,737.1904062863013,5877.879161772662,749.33749454739,5876.837261595152,806.8749187950549,5924.908946905751,816.5996259080621,5698.052674773007,946.0514327174049,5581.802240031862,975.7693979728867,-0.018087855297157618,-93.13939316512278,-0.2986114078188421,-2152.616464388374,,,-2152.616464388374,-620.8417119131263,,2025-03-24
2025,3,1,1,13,0,5322.990239540082,5056.138486106675,6759.258818268923,7059.374640689875,5945.397930373682,5149.277879271798,5780.555988502076,5712.795847971894,916.032764550364,5970.037981475566,793.7059441602627,5993.692430533375,783.9991325199138,266.8517534334069,-457.56574896199345,0.05277777777777759,-0.07915601023017915,1.0,6.123233995736766e-17,1.0,6.123233995736766e-17,25,84,0,0,0,0,4,0.9922222094179323,0.12447926388678915,0.7818314824680298,0.6234898018587336,5056.138486106675,5421.304043436601,5519.61784733312,6953.140820367751,5556.401923620933,4999.959169594379,9007.475247524751,6055.445544554455,6729.626732673267,,5889.641014737419,755.1291130137819,5943.602726650545,734.310929911341,5999.678789615367,737.7226396111924,6042.662646380174,744.2760937695028,5883.647573735978,743.67835505146,5832.974344833429,731.2405059489748,5916.770554627813,818.9306248642321,5690.238027588934,943.2883097318179,5580.533553754942,973.5317117564623,-0.0181347150259068,-98.31380389651895,-0.23444808942348594,-1630.1505808276688,,,-1630.1505808276688,-732.4553050143732,,2025-03-25
2025,3,1,2,13,0,5308.945410412008,5322.990239540082,5056.138486106675,6759.258818268923,7059.374640689875,5421.304043436601,6054.060555732993,5229.358045352922,150.17681607163618,5908.684254231875,834.0829449005573,5931.599501756627,807.9248855211406,-14.044829128074525,-745.115145320985,-0.0026385224274406704,-0.1230769230769233,1.0,6.123233995736766e-17,1.0,6.123233995736766e-17,26,85,0,0,0,0,4,0.994217906893952,0.10738134666416309,0.9749279121818236,-0.22252093395631434,5322.990239540082,5407.259214308528,5505.573018205046,5239.407666195192,5582.317977369165,4983.573535611626,5442.3712871287125,6206.831683168317,4324.9009900990095,,5875.5961856093445,766.4261485238989,5929.557897522471,745.1340264396063,6001.996714422595,735.3569467208803,6032.899340417418,752.2883890845911,5889.457785785985,737.7659285153767,5831.3859415391835,732.2434241802497,5906.794040486076,820.8242907874586,5695.704941035117,938.1688352740655,5579.208733543513,971.3279041222809,-0.01818181818181841,-98.31380389651986,0.01327206215799448,69.53774421681555,,,69.53774421681555,-897.8862727563092,,2025-03-26
2025,3,1,3,13,0,5573.579559246246,5308.945410412008,5322.990239540082,5056.138486106675,6759.258818268923,5407.259214308528,7188.734908974768,5401.838403066112,148.89789404447757,5846.714525710635,844.5564011879285,5797.003222612583,707.7855205388125,264.63414883423866,-1615.1553497285213,0.049846839320523584,-0.2246786632390746,1.0,6.123233995736766e-17,1.0,6.123233995736766e-17,27,86,0,0,0,0,4,0.995918996147179,0.09025161003104117,0.43388373911755823,-0.900968867902419,5308.945410412008,5677.0677738741615,5780.555988502076,5556.401923620933,5903.404243281471,5228.618843819866,5711.563845416799,6433.910891089109,3921.243564356436,,5860.812154948214,771.8726995909142,5914.77386686134,750.3527574624346,6002.569302276771,735.004622063424,6021.119887416161,756.9588686002364,5895.617798561456,733.5761356615524,5829.743271465725,732.6701127404477,5897.2348034656,819.6253567294859,5704.884585451172,928.7458060613253,5579.181407454692,968.9559948436403,-0.01822916666666674,-103.48821462791511,0.003091503433595877,17.177635625313087,,,17.177635625313087,-860.3313318428627,,2025-03-27
2025,3,1,4,13,0,5836.735305014372,5573.579559246246,5308.945410412008,5322.990239540082,5056.138486106675,5677.0677738741615,6883.44467582242,5573.086758224209,263.89529239971483,5642.941303098051,607.7485412237993,5709.7774417119135,620.8855361353482,263.1557457681256,-1046.7093708080483,0.04721485411140591,-0.1520618556701031,1.0,6.123233995736766e-17,1.0,6.123233995736766e-17,28,87,0,0,0,0,4,0.9973249731081555,0.07309512989807777,-0.433883739117558,-0.9009688679024191,5573.579559246246,5945.397930373682,6054.060555732993,5582.317977369165,6227.218514851486,5471.939348450976,5979.031600127755,6282.524752475248,4497.89702970297,,5845.288922754027,770.9802129299127,5899.250634667153,749.497063848048,6011.049879864945,731.4476475446119,6007.174058493407,756.618135846366,5902.132012071516,731.361798724906,5828.0492679524705,732.4852631733746,5892.281587382702,818.6171768108187,5712.322575869568,924.3763339877235,5580.425629182033,966.7670479349173,-0.018276762402088864,-108.66262535931037,0.045575570699594614,254.41732764520657,,,254.41732764520657,-445.78944746087564,,2025-03-28
2025,3,1,5,13,1,6930.014372404981,5836.735305014372,5573.579559246246,5308.945410412008,5322.990239540082,5945.397930373682,5149.277879271798,6113.443078888533,719.3081708690879,5671.400562120728,671.166769337018,5858.172149473012,684.308135992215,1093.2790673906093,1780.736493133183,0.18731003039513672,0.345822566752799,1.0,6.123233995736766e-17,1.0,6.123233995736766e-17,29,88,0,0,0,0,5,0.9984354211555643,0.055916990100603484,-0.9749279121818236,-0.2225209339563146,5836.735305014372,7059.374640689875,7188.734908974768,5903.404243281471,7447.455445544555,6492.653465346535,7096.334717342702,6660.9900990099,4151.904950495049,,5826.808884427613,737.868271925457,5880.770596340741,717.7753589677124,6045.270217502396,750.0168131929493,5988.694020166994,725.8297559423302,5909.94202826899,740.0659086007203,5826.069263846069,729.2331889337141,5895.2707459759795,821.9400570980449,5727.756517102402,921.3646988760671,5586.9140366013735,968.9582264633452,-0.01832460732984309,-129.36026828489412,0.1739013773776159,1026.61012912351,,,1026.61012912351,269.02427339508085,,2025-03-29
2025,3,1,6,13,1,6635.072960715425,6930.014372404981,5836.735305014372,5573.579559246246,5308.945410412008,7059.374640689875,5421.304043436601,6467.274212711593,565.6254013676811,5934.556307888853,690.9320591431391,5959.319559246247,703.3042417583273,-294.94141168955593,1213.7689172788241,-0.04256000000000004,0.22388873738751025,1.0,6.123233995736766e-17,1.0,6.123233995736766e-17,30,89,0,0,0,0,5,0.9992500112396835,0.03872228089217446,-0.7818314824680299,0.6234898018587334,6930.014372404981,6759.258818268923,6883.44467582242,6227.218514851486,7131.816390929415,6265.683394625176,6791.783685723411,7947.772277227722,4324.9009900990095,,5809.068047634256,712.7788690694317,5863.029759547383,693.7539733724594,6058.8653656978595,757.0917275417136,5970.953183373637,702.5520376305492,5916.5382705206,744.9245424312946,5824.203659976926,726.9296457208728,5880.685198014733,796.357607382844,5740.590805828048,917.7972800995095,5591.929151070819,969.3414440996401,-0.018372703412073643,-124.18585755349795,0.06549544469834068,407.85444586393896,,,407.85444586393896,-1312.6993165122967,,2025-03-30
2025,3,1,0,14,0,4962.999092941552,6635.072960715425,6930.014372404981,5836.735305014372,5573.579559246246,6759.258818268923,5407.259214308528,6176.02880868732,1060.8149827109555,5874.5577834557635,766.1914878298496,5922.297882465665,745.4371514104942,-1672.0738677738736,-444.2601213669759,-0.25200534759358284,-0.0821599453178401,1.0,6.123233995736766e-17,1.0,6.123233995736766e-17,31,90,0,1,0,1,5,0.9997685019798909,0.021516097436222254,0.0,1.0,6635.072960715425,5056.138486106675,5149.277879271798,7447.455445544555,5335.556665602045,4723.814596888261,5078.314532098371,9007.475247524751,4613.227722772277,,5795.762420039238,729.8416232928207,5849.7241319523655,710.0901557324211,5976.050153944426,735.5372967508292,5957.647555778619,718.381113954393,5920.809422235839,738.6205468632429,5822.830857129821,728.462494801121,5835.7465740749185,729.2144660503075,5742.533980106766,915.7650962531293,5588.934246032109,967.9930877902972,-0.018421052631579116,-93.13939316512369,-0.3335980148883376,-2484.4563526030033,,,-2484.4563526030033,-4044.4761545832,,2025-03-31
2025,4,2,1,14,0,5224.676435643563,4962.999092941552,6635.072960715425,6930.014372404981,5836.735305014372,5056.138486106675,5677.0677738741615,5607.582829766848,899.4002083713592,5860.51295432769,779.2935065117874,5884.598604279782,770.0014795576358,261.67734270201163,-452.3913382305982,0.05272564789991052,-0.07968750000000013,0.8660254037844387,-0.49999999999999983,1.2246467991473532e-16,-1.0,1,91,1,0,1,0,1,0.9999907397361901,0.004303538296244289,0.7818314824680298,0.6234898018587336,4962.999092941552,5322.990239540082,5421.304043436601,7131.816390929415,5617.931651229639,5012.1647949080625,5344.057483232194,5442.3712871287125,4728.558415841584,,5781.717590911163,741.3116345243288,5835.679302824291,721.0752457134358,5912.478822101565,714.310996103204,5943.602726650545,729.0339888630264,5924.604272963256,734.4011388380752,5821.409654182336,729.5234987935867,5833.327742391751,730.8930866630558,5745.290191327888,913.4398884817582,5587.207905698514,966.0111260414336,-0.01846965699208447,-98.31380389651895,-0.26741293532338317,-1907.139955285852,,,-1907.139955285852,-217.69485148514923,,2025-04-01
2025,4,2,2,14,0,5231.932930693069,5224.676435643563,4962.999092941552,6635.072960715425,6930.014372404981,5322.990239540082,5945.397930373682,5139.8694864260615,153.21721916492865,5803.571849568827,816.0661961985402,5825.14318763973,792.107753708779,7.256495049505247,-713.4649996806138,0.001388888888888884,-0.12000290107339728,0.8660254037844387,-0.49999999999999983,1.2246467991473532e-16,-1.0,2,92,0,0,0,0,1,0.9999166586547379,-0.01291029607500882,0.9749279121818236,-0.22252093395631434,5224.676435643563,5308.945410412008,5407.259214308528,5335.556665602045,5603.8868221015655,5038.080848656295,5327.67184924944,5711.563845416799,4901.554455445545,,5770.715808094174,750.0177775968522,5823.155996851759,730.5484701800848,5909.024697604599,717.4406471146492,5930.318659100242,738.7770419649001,5928.065917285342,730.5934768089039,5820.269905151904,730.3784552769283,5827.998510005932,733.5347075270303,5747.125627301486,912.0659348505657,5585.532080344714,964.028128369246,-0.01450617283950606,-77.01247971893918,-0.01942135402235179,-103.62373490897608,,,-103.62373490897608,-479.6309147237307,,2025-04-02
2025,4,2,3,14,0,5514.936237623761,5231.932930693069,5224.676435643563,4962.999092941552,6635.072960715425,5308.945410412008,7059.374640689875,5323.848534653464,165.52657445242912,5749.938671670392,823.986866153421,5696.439987384222,692.5518382572891,283.0033069306928,-1544.438403066114,0.05409153952843271,-0.21877835951134394,0.8660254037844387,-0.49999999999999983,1.2246467991473532e-16,-1.0,3,93,0,0,0,0,1,0.9995462806873573,-0.030120304846908114,0.43388373911755823,-0.900968867902419,5231.932930693069,5573.579559246246,5677.0677738741615,5617.931651229639,5884.044203129991,5330.523055162659,5590.827595017567,5979.031600127755,4786.223762376238,,5762.338190719531,752.9087148096588,5811.575172833873,734.3177843292455,5905.59151715107,719.1261059771456,5917.136231760733,742.9148416052767,5931.359009829291,728.2630260362613,5819.366436611502,730.7125537710748,5822.841894866999,734.092083950463,5751.17402994175,909.3902851515312,5585.200644463394,961.7639537701925,-0.0105216622458002,-58.64332162248502,-0.018333333333333535,-102.99541360587773,,,-102.99541360587773,-464.0953625039938,,2025-04-03
2025,4,2,4,14,0,5798.7033861386135,5514.936237623761,5231.932930693069,5224.676435643563,4962.999092941552,5573.579559246246,6759.258818268923,5515.190851485148,283.3853135091077,5561.386840625997,598.5416205976773,5616.393701373363,609.015119681033,283.7671485148521,-960.5554321303098,0.051454293628808934,-0.1421095800524934,0.8660254037844387,-0.49999999999999983,1.2246467991473532e-16,-1.0,4,94,0,0,0,0,1,0.9988797155850336,-0.04732138832243185,-0.433883739117558,-0.9009688679024191,5514.936237623761,5836.735305014372,5945.397930373682,5603.8868221015655,6162.723181092303,5625.693267326734,5852.25853720856,7096.334717342702,5074.550495049504,,5756.905059451566,752.4194377066599,5801.096991102796,733.3072590002762,5912.085402618971,717.1846913986335,5904.135524798102,741.6420057135233,5934.4484762366465,727.3090925951759,5818.728875289241,730.7068729322696,5808.423768964731,721.4327582311837,5755.1971015589115,907.9809387937785,5586.198320826364,959.614627759813,-0.006515957446808551,-38.03191887575849,0.034764542936287945,194.816564037048,,,194.816564037048,-1297.6313312040884,,2025-04-04
2025,4,2,5,14,1,6912.766336633663,5798.7033861386135,5514.936237623761,5231.932930693069,5224.676435643563,5836.735305014372,5056.138486106675,6075.468653465346,738.8717793523667,5607.669069945703,700.2617720811118,5771.112688917278,684.8579214260423,1114.0629504950493,1856.6278505269875,0.19212276888625435,0.3672027290448341,0.8660254037844387,-0.49999999999999983,1.2246467991473532e-16,-1.0,5,95,0,0,0,0,1,0.9979171608653922,-0.06450844944931623,-0.9749279121818236,-0.2225209339563146,5798.7033861386135,6930.014372404981,7059.374640689875,5884.044203129991,7318.095177259662,6731.353960396041,6945.41440434366,6791.783685723411,6054.861386138614,,5754.441054341378,747.95247109866,5790.624969384495,714.7686432756224,5946.376140402427,740.0270952080473,5889.659494775745,716.5522908363462,5937.687982955175,731.3161011381633,5818.340207816503,730.1087997044727,5809.768020641512,723.3956921735125,5759.963240172773,911.8062953095116,5592.368404620815,961.6351618064168,-0.002488888888888763,-17.248035771318428,0.17483249581239524,1028.722133503672,,,1028.722133503672,120.98265091025223,,2025-04-05
2025,4,2,6,14,1,6645.421782178217,6912.766336633663,5798.7033861386135,5514.936237623761,5231.932930693069,6930.014372404981,5322.990239540082,6452.297168316832,581.5985744272051,5888.072851485147,726.8296052688755,5881.315317470456,712.0521767643022,-267.3445544554461,1322.4315426381345,-0.038674033149171394,0.24843771698375217,0.8660254037844387,-0.49999999999999983,1.2246467991473532e-16,-1.0,6,96,0,0,0,0,1,0.9966589017541702,-0.08167639533042241,-0.7818314824680299,0.6234898018587334,6912.766336633663,6635.072960715425,6759.258818268923,6162.723181092303,7007.630533375917,6494.835869872702,6646.900185244332,5078.314532098371,6862.176237623762,,5755.919457407491,749.9906885265136,5782.493752520873,703.4598670232634,5962.466093771958,750.0725279162881,5876.723467947255,698.6682002306135,5940.377017103488,733.6750162413551,5818.322607780002,730.0886032969839,5827.180323420176,724.4511615028822,5758.759048753631,910.4846804098669,5597.243651739137,962.0680607044674,0.0015597147950088264,10.34882146279142,0.07832553676382359,482.69860108591365,,,482.69860108591365,1567.1072500798455,,2025-04-06
2025,4,2,0,15,0,4990.940910891089,6645.421782178217,6912.766336633663,5798.7033861386135,5514.936237623761,6635.072960715425,5308.945410412008,6183.04300990099,1041.0085679508593,5849.116930693068,774.2159785448245,5854.814942510379,740.6344553944493,-1654.4808712871281,-318.0044995209191,-0.24896551724137927,-0.05989974937343345,0.8660254037844387,-0.49999999999999983,1.2246467991473532e-16,-1.0,7,97,0,0,0,0,1,0.9951053111006976,-0.09882013873287143,0.0,1.0,6645.421782178217,4962.999092941552,5056.138486106675,7318.095177259662,5242.417272436921,4895.678953323904,4969.651906739061,5344.057483232194,4488.861386138614,,5759.911145685996,745.1257315018726,5777.836782862617,708.8335761916308,5884.894284893005,724.9557541765885,5867.742169320619,708.6689051596733,5942.078123488615,731.315370905082,5818.576048305621,729.7940848149899,5823.256805949719,728.0443823532171,5761.548379446701,907.3361630496956,5594.44962989191,960.7205146673956,0.005630026809651412,27.941817949536926,-0.31800000000000006,-2327.154266368573,,,-2327.154266368573,-353.116572341105,,2025-04-07
2025,4,2,1,15,0,5275.471900990098,4990.940910891089,6645.421782178217,6912.766336633663,5798.7033861386135,4962.999092941552,5573.579559246246,5637.278198019801,884.5928926865253,5856.373425742574,767.4488252769822,5829.9726376557,755.7700888572402,284.5309900990096,-298.10765825614817,0.05700948882767065,-0.05348585322723254,0.8660254037844387,-0.49999999999999983,1.2246467991473532e-16,-1.0,8,98,0,0,0,0,2,0.9932568492674143,-0.11593459959550041,0.7818314824680298,0.6234898018587336,4990.940910891089,5224.676435643563,5322.990239540082,7007.630533375917,5519.61784733312,5193.577171145686,5229.358045352922,5327.67184924944,4069.90099009901,,5767.167640735502,739.2688645323504,5774.442615823333,711.288609332704,5827.155663813477,701.0364501153133,5859.0226712369395,714.5881579976666,5943.540529378695,729.8718425685461,5819.125022777492,729.3627327494174,5822.676806524615,728.4642996737425,5768.2459956183175,899.192283079527,5592.9864293006185,958.7477528750826,0.009722222222222188,50.79546534653491,-0.24718178621659637,-1732.1586323858191,,,-1732.1586323858191,-52.19994825934191,,2025-04-08
2025,4,2,2,15,0,5282.7283960396035,5275.471900990098,4990.940910891089,6645.421782178217,6912.766336633663,5224.676435643563,5836.735305014372,5183.04706930693,166.40837195308757,5817.67211881188,793.5226546001925,5783.805395241136,772.0648968466008,7.256495049505247,-554.0069089747685,0.0013755158184318717,-0.09491725768321513,0.8660254037844387,-0.49999999999999983,1.2246467991473532e-16,-1.0,9,99,0,0,0,0,2,0.9911140639934547,-0.1330147065341959,0.9749279121818236,-0.22252093395631434,5275.471900990098,5231.932930693069,5308.945410412008,5242.417272436921,5505.573018205046,5219.4932248939185,5212.9724113701695,5590.827595017567,4668.415841584158,,5774.424135785006,733.3652244193889,5772.56997193959,712.6416428992599,5828.499367933566,699.9147466469321,5851.06393473103,719.8917931197287,5944.66972886344,728.7793859087706,5819.955451166414,728.7036855205876,5819.253482091527,730.287741510292,5771.65884314307,896.1552726272254,5591.569725952394,956.775990540134,0.009708737864077666,50.79546534653491,0.007689415303628433,40.31112360268253,,,40.31112360268253,-308.09919897796317,,2025-04-09
2025,4,2,3,15,0,5568.405148514851,5282.7283960396035,5275.471900990098,4990.940910891089,6645.421782178217,5231.932930693069,6930.014372404981,5375.53514851485,167.06972153896038,5779.28907920792,800.1656928543088,5670.337959916959,683.2429485901953,285.67675247524767,-1361.6092238901301,0.05407750144592249,-0.19647999999999988,0.8660254037844387,-0.49999999999999983,1.2246467991473532e-16,-1.0,10,100,0,0,0,0,2,0.9886775902323405,-0.1500553983446526,0.43388373911755823,-0.900968867902419,5282.7283960396035,5514.936237623761,5573.579559246246,5519.61784733312,5780.555988502076,5521.4834512022635,5470.091344618333,5852.25853720856,4309.306930693069,,5782.062551626591,730.4848561485152,5772.20037117306,712.754117913693,5830.125611306291,699.2286586148833,5843.4871190172,721.7753426962652,5945.50761631545,728.310819345058,5821.125853593753,728.2137717563496,5816.099555550486,730.7563943427187,5778.65383324208,889.5667967567283,5591.464432418587,954.5903486848879,0.00969529085872578,53.46891089108976,0.008838891120932058,48.78730118173098,,,48.78730118173098,-283.85338869370844,,2025-04-10
2025,4,2,4,15,0,5854.845742574257,5568.405148514851,5282.7283960396035,5275.471900990098,4990.940910891089,5514.936237623761,6635.072960715425,5568.659762376238,286.05875825191873,5602.968980198019,589.191162950294,5605.319025071862,617.0037683850785,286.44059405940607,-780.2272181411681,0.05144032921810693,-0.11759135472370752,0.8660254037844387,-0.49999999999999983,1.2246467991473532e-16,-1.0,11,101,0,0,0,0,2,0.9859481499638304,-0.16705162550211924,-0.433883739117558,-0.9009688679024191,5568.405148514851,5798.7033861386135,5836.735305014372,5505.573018205046,6054.060555732993,5826.201683168317,5725.485474289365,6945.41440434366,4488.861386138614,,5790.082888260254,731.0060356895316,5773.493973855911,712.8966747797095,5841.768035451932,696.5409885165373,5836.372304261532,720.6036793664098,5946.0191173762705,728.2355606012037,5822.665856787621,728.1458580193297,5803.982125975271,720.7936570745685,5786.242635222278,884.3132639673784,5592.656203052776,952.5831257622609,0.009681881051175623,56.142356435643705,0.06343984962406024,349.2727243692116,,,349.2727243692116,-1090.5686617694028,,2025-04-11
2025,4,2,5,15,1,6979.602475247524,5854.845742574257,5568.405148514851,5282.7283960396035,5275.471900990098,5798.7033861386135,4962.999092941552,6134.284455445544,745.9450177008546,5658.665762376237,710.7081367986998,5773.369306930693,695.7546257407475,1124.756732673267,2016.6033823059724,0.19210697977821267,0.4063275742230166,0.8660254037844387,-0.49999999999999983,1.2246467991473532e-16,-1.0,12,102,0,0,0,0,2,0.9829265519799822,-0.18399835165768005,-0.9749279121818236,-0.2225209339563146,5854.845742574257,6912.766336633663,6930.014372404981,5780.555988502076,7188.734908974768,6970.054455445545,6794.494091344618,6646.900185244332,4788.118811881188,,5799.630908062235,748.3447862991732,5777.035981201806,719.1803207765851,5881.73625167678,726.6576213252372,5828.903288771274,707.0232195145093,5946.189617729877,728.4807516136982,5824.86952802456,731.3953055660656,5807.678818086417,725.9996100230721,5798.417544463203,885.5795573113992,5598.903708783383,954.9730979469072,0.00966850828729271,66.8361386138613,0.20742753623188404,1199.0464867454484,,,1199.0464867454484,332.7022900031925,,2025-04-12
2025,4,2,6,15,1,6709.584475247523,6979.602475247524,5854.845742574257,5568.405148514851,5282.7283960396035,6912.766336633663,5224.676435643563,6514.677564356435,587.1634822247405,5945.106356435644,733.7321934849134,5897.111643564356,720.8901363475212,-270.01800000000094,1484.9080396039599,-0.03868673050615612,0.28421052631578947,0.8660254037844387,-0.49999999999999983,1.2246467991473532e-16,-1.0,13,103,0,0,0,0,2,0.9796136916454901,-0.20089055513063506,-0.7818314824680299,0.6234898018587334,6979.602475247524,6645.421782178217,6635.072960715425,6054.060555732993,6883.44467582242,6723.988345120227,6502.016684765251,4969.651906739061,4907.821782178218,,5808.797007072136,760.7216623251974,5782.358232239813,726.2594898545121,5903.587048993931,741.7179721353898,5822.693995893598,698.126374941083,5945.932405767865,728.2036234242071,5827.340573149349,734.0564312695496,5827.011402180955,726.5991346612494,5808.427337202475,885.6395768646736,5603.884340023133,955.7183266296474,0.00965517241379299,64.16269306930644,0.10827838827838798,655.5239195145305,,,655.5239195145305,1739.9325685084623,,2025-04-13
2025,4,2,0,16,0,5039.06293069307,6709.584475247523,6979.602475247524,5854.845742574257,5568.405148514851,6645.421782178217,5231.932930693069,6242.749960396039,1051.130001088049,5905.704861386138,781.6654242474315,5881.039143564355,738.9915392579142,-1670.5215445544536,-192.86999999999898,-0.24897540983606536,-0.036864004671873674,0.8660254037844387,-0.49999999999999983,1.2246467991473532e-16,-1.0,14,104,0,0,0,0,2,0.9760105506323683,-0.21772323039653177,0.0,1.0,6709.584475247523,4990.940910891089,4962.999092941552,7188.734908974768,5149.277879271798,5067.543309759548,4860.989281379751,5229.358045352922,5087.376237623763,,5815.6715813295605,752.2694354490458,5787.791363507778,719.9151791481677,5831.931316384541,716.6969629441421,5818.757747730072,702.3617908678253,5945.423827570247,728.8379143987829,5829.460497545936,731.4846546228061,5824.8970120180675,728.6318703557012,5808.15892994175,885.8666157263866,5601.362815874338,954.31953646319,0.009641873278237068,48.12201980198097,-0.2990334190231362,-2149.671978281698,,,-2149.671978281698,-190.29511465985252,,2025-04-14
2025,4,2,1,16,0,5326.267366336633,5039.06293069307,6709.584475247523,6979.602475247524,5854.845742574257,4990.940910891089,5514.936237623761,5691.638257425741,893.1866959077392,5912.961356435643,774.8982347754763,5865.316737623762,749.4220503179355,287.20443564356356,-188.66887128712824,0.05699560406245241,-0.03421052631578936,0.8660254037844387,-0.49999999999999983,1.2246467991473532e-16,-1.0,15,105,0,0,0,0,3,0.9721181966290613,-0.23449138957040985,0.7818314824680298,0.6234898018587336,5039.06293069307,5275.471900990098,5224.676435643563,6883.44467582242,5421.304043436601,5374.989547383309,5114.6586074736515,5212.9724113701695,4967.6732673267325,,5822.928076379067,746.412309544365,5795.047858557284,714.2926049369436,5780.025406068348,693.9435171200776,5815.363580690787,704.5797555115181,5944.553788622987,729.5599653323296,5831.979649437162,729.354574440693,5826.155844851029,727.6600098915762,5810.151119380694,884.3678682877602,5600.140169431948,952.3635766182499,0.009628610729023324,50.79546534653491,-0.22622064719358537,-1557.1773094857872,,,-1557.1773094857872,113.29495496646359,,2025-04-15
2025,4,2,2,16,0,5333.523861386138,5326.267366336633,5039.06293069307,6709.584475247523,6979.602475247524,5275.471900990098,5798.7033861386135,5232.951386138614,167.9515229058537,5873.814475247525,801.2702829511024,5826.551777227723,765.049087153417,7.256495049505247,-465.1795247524751,0.0013623978201635634,-0.08022130013831252,0.8660254037844387,-0.49999999999999983,1.2246467991473532e-16,-1.0,16,106,0,0,0,0,3,0.9679377830240642,-0.25119006388481935,0.9749279121818236,-0.22252093395631434,5326.267366336633,5282.7283960396035,5231.932930693069,5149.277879271798,5407.259214308528,5400.9056011315415,5098.272973490898,5470.091344618333,5266.9306930693065,,5830.184571428571,740.508857589077,5802.304353606788,708.6254199273907,5786.1669388054925,688.966246551968,5812.730175229272,706.2972626421995,5943.35054327039,730.5278167725428,5834.780255245439,726.9510162952038,5824.638428370671,728.5527143301612,5810.5210814268985,884.1532537056943,5598.960451254754,950.4103425061329,0.009615384615384581,50.79546534653491,0.03578093597473431,184.24598211434022,,,184.24598211434022,-136.56748323219472,,2025-04-16
2025,4,2,3,16,0,5621.87405940594,5333.523861386138,5326.267366336633,5039.06293069307,6709.584475247523,5282.7283960396035,6912.766336633663,5427.221762376237,168.61287535151365,5834.985861386137,807.9899163345448,5718.977420792078,684.9993468114877,288.3501980198016,-1290.8922772277228,0.054063730755460115,-0.18674033149171276,0.8660254037844387,-0.49999999999999983,1.2246467991473532e-16,-1.0,17,107,0,0,0,0,3,0.9634705485641488,-0.2678143051621742,0.43388373911755823,-0.900968867902419,5333.523861386138,5568.405148514851,5514.936237623761,5421.304043436601,5677.0677738741615,5712.443847241868,5349.3550942191,5725.485474289365,6284.405940594059,,5837.822987270155,737.6287000008186,5809.942769448373,705.8605024749429,5792.8526060044705,686.2714465256757,5810.758971141122,706.7667696017382,5941.733225630463,731.148309250676,5838.02452864052,725.3649109318673,5823.487190427521,728.7929756617259,5806.840348753631,883.5483026170742,5599.061392259825,948.306553128377,0.009602194787379892,53.46891089108885,0.03699663666939368,200.57001596933878,,,200.57001596933878,-103.61141488342491,,2025-04-17
2025,4,2,4,16,0,5910.9880990099,5621.87405940594,5333.523861386138,5326.267366336633,5039.06293069307,5568.405148514851,6645.421782178217,5622.128673267326,288.73220300957126,5656.883465346535,594.9024947060765,5657.774613861387,624.8697827507715,289.11403960396,-734.4336831683167,0.05142663043478257,-0.1105172413793104,0.8660254037844387,-0.49999999999999983,1.2246467991473532e-16,-1.0,18,108,0,0,0,0,3,0.9587178169872964,-0.2843591872810034,-0.433883739117558,-0.9009688679024191,5621.87405940594,5854.845742574257,5798.7033861386135,5407.259214308528,5945.397930373682,6026.710099009902,5598.712411370169,6794.494091344618,7122.326732673267,,5845.843323903819,738.1496769139611,5817.963106082037,706.3607114094532,5809.64356882785,682.6647101789813,5809.530048592416,706.553873080878,5939.666761344748,731.0672996632229,5841.7420963505165,724.9237232001532,5813.670457179358,721.480358512336,5800.110689677724,878.0689241945342,5600.429491850835,946.4409417246516,0.009589041095890316,56.142356435642796,0.09315789473684188,503.7288847013724,,,503.7288847013724,-883.505992334718,,2025-04-18
2025,4,2,5,16,1,7046.438613861386,5910.9880990099,5621.87405940594,5333.523861386138,5326.267366336633,5854.845742574257,4990.940910891089,6193.100257425741,753.0182566825586,5713.025821782178,717.4004739945813,5829.06608910891,702.3801083662356,1135.4505148514863,2055.4977029702977,0.19209149059895347,0.41184573002754843,0.8660254037844387,-0.49999999999999983,1.2246467991473532e-16,-1.0,19,109,0,0,0,0,3,0.9536809966304457,-0.30081980763566735,-0.9749279121818236,-0.2225209339563146,5910.9880990099,6979.602475247524,6912.766336633663,5677.0677738741615,7059.374640689875,7208.754950495049,6643.573778345577,6502.016684765251,4531.782178217822,,5855.391343705799,755.4877847464768,5827.511125884017,723.00508372161,5855.289263494092,718.3429650568609,5809.068047634255,705.7100825948971,5936.7682553334325,726.2500876774545,5846.538106297134,731.5944221672593,5819.719589724871,729.5536676602201,5814.081003209077,877.7811250379863,5606.743942165291,949.1851657379076,0.009575923392612928,66.8361386138622,0.2412109375,1369.3708399872248,,,1369.3708399872248,544.4219290961355,,2025-04-19
2025,4,2,6,16,1,6773.747168316831,7046.438613861386,5910.9880990099,5621.87405940594,5333.523861386138,6979.602475247524,5275.471900990098,6577.05796039604,592.7283958977331,6002.139861386138,740.6347857737436,5953.922361386139,727.7363867428642,-272.6914455445549,1498.2752673267332,-0.03869918699187003,0.2840078187214945,0.8660254037844387,-0.49999999999999983,1.2246467991473532e-16,-1.0,20,110,0,0,0,0,3,0.9483615800121715,-0.3171912885891061,-0.7818314824680299,0.6234898018587334,7046.438613861386,6709.584475247523,6645.421782178217,5945.397930373682,6759.258818268923,6953.140820367751,6357.133184286171,4860.989281379751,4108.815841584159,,5864.557442715699,767.8665411855294,5836.677224893917,734.8878055269744,5882.900904758862,737.5882207208494,5809.585488707395,706.4375222477821,5933.564797261095,722.0690129647608,5851.497796583213,736.4933694892368,5840.972455135283,729.1712591204302,5828.88617724648,871.3087248519789,5611.817869235514,950.2312759620276,0.009562841530054822,64.16269306930826,0.13932612209374606,828.3492379431491,,,828.3492379431491,1912.75788693708,,2025-04-20
2025,4,2,0,17,0,5087.18495049505,6773.747168316831,7046.438613861386,5910.9880990099,5621.87405940594,6709.584475247523,5282.7283960396035,6302.45691089109,1061.2514355287883,5962.292792079207,789.114890912061,5937.627074257424,746.0897276171676,-1686.5622178217818,-195.54344554455383,-0.24898511502029763,-0.037015615962984305,0.8660254037844387,-0.49999999999999983,1.2246467991473532e-16,-1.0,21,111,0,0,0,0,3,0.9427611433904207,-0.3334687789181868,0.0,1.0,6773.747168316831,5039.06293069307,4990.940910891089,7059.374640689875,5056.138486106675,5239.407666195192,4752.326656020441,5114.6586074736515,4713.053465346535,,5871.432016973126,759.4131653582574,5843.551799151343,726.7730704455288,5817.1612484190355,716.7088927894879,5810.694291006979,705.234476220739,5930.846534480735,725.0102471084538,5855.484204850768,731.3605753086335,5840.667192279965,729.4844258026479,5830.964685497306,869.0754172004723,5609.546731059149,948.7914248401277,0.009549795361528002,48.12201980198006,-0.2793717277486911,-1972.1896901948257,,,-1972.1896901948257,-27.473656978601866,,2025-04-21
2025,4,2,1,17,0,5377.062831683167,5087.18495049505,6773.747168316831,7046.438613861386,5910.9880990099,5039.06293069307,5568.405148514851,5745.998316831683,901.7805014510507,5969.549287128712,782.3476661067754,5921.681881188118,756.6676433627814,289.8778811881175,-191.342316831684,0.05698198198198168,-0.034362139917695655,0.8660254037844387,-0.49999999999999983,1.2246467991473532e-16,-1.0,22,112,0,0,0,0,4,0.9368813462954315,-0.3496474552512284,0.7818314824680298,0.6234898018587336,5087.18495049505,5326.267366336633,5275.471900990098,6759.258818268923,5322.990239540082,5556.401923620933,4999.959169594379,5098.272973490898,4350.510891089109,,5878.68851202263,753.5557856295391,5850.808294200849,721.1501624814704,5771.088048866177,698.2474135880028,5812.625455012091,703.9223329373154,5927.644050696133,727.0874088383888,5859.973534161349,727.191321873206,5843.764857370989,726.8838073534728,5836.667751833938,862.6505582193515,5608.544645285977,946.8585663073449,0.009536784741144277,50.795465346534,-0.20448928258967647,-1382.1959865857561,,,-1382.1959865857561,278.7898581922691,,2025-04-22
2025,4,2,2,17,0,5384.319326732672,5377.062831683167,5087.18495049505,6773.747168316831,7046.438613861386,5326.267366336633,5854.845742574257,5282.855702970296,169.49468047928318,5929.956831683167,809.0179257244454,5882.471346534653,772.4722413845503,7.256495049505247,-470.5264158415848,0.0013495276653172628,-0.08036529680365312,0.8660254037844387,-0.49999999999999983,1.2246467991473532e-16,-1.0,23,113,0,0,0,0,4,0.9307239310379795,-0.36572252349726897,0.9749279121818236,-0.22252093395631434,5377.062831683167,5333.523861386138,5282.7283960396035,5056.138486106675,5308.945410412008,5582.317977369165,4983.573535611626,5349.3550942191,4531.782178217822,,5885.945007072136,747.652518481718,5858.064789250354,715.4830660255216,5782.027410220376,689.1719455437801,5815.317380594972,702.0665058460388,5924.108360506195,729.2753202745686,5864.744317388981,722.6728937313618,5844.153348843364,726.6258930674179,5841.404069325688,857.7727631806373,5607.582304863002,944.929904380319,0.00952380952380949,50.795465346534,0.06490740740740719,328.180840625997,,,328.180840625997,34.964232513572824,,2025-04-23
2025,4,2,3,17,0,5675.34297029703,5384.319326732672,5377.062831683167,5087.18495049505,6773.747168316831,5333.523861386138,6979.602475247524,5478.908376237622,170.15603570712318,5890.682643564356,815.8141522667775,5773.783054455445,691.5920180304207,291.02364356435737,-1304.2595049504944,0.05405021988934622,-0.18686730506155946,0.8660254037844387,-0.49999999999999983,1.2246467991473532e-16,-1.0,24,114,0,0,0,0,4,0.9242907221930934,-0.3816892202666588,0.43388373911755823,-0.900968867902419,5384.319326732672,5621.87405940594,5568.405148514851,5322.990239540082,5573.579559246246,5903.404243281471,5228.618843819866,5598.712411370169,4833.90099009901,,5893.583422913719,744.7725676416092,5865.703205091938,712.7183039980034,5793.772501245608,684.062640204254,5818.9517881325,701.0313839488384,5920.0358377743305,730.0294374645447,5870.062461751803,719.5723190083099,5845.004799498107,726.3799128024966,5846.078746993456,854.5381536653432,5607.871880356309,942.9103824140071,0.009510869565217517,53.46891089108976,0.06619451002175647,352.3527307569475,,,352.3527307569475,76.63055892686043,,2025-04-24
2025,4,2,4,17,0,5967.130455445545,5675.34297029703,5384.319326732672,5377.062831683167,5087.18495049505,5621.87405940594,6709.584475247523,5675.597584158415,291.4056477816707,5710.797950495049,600.6138598890606,5711.911886138613,630.801592068937,291.78748514851486,-742.4540198019786,0.0514131897711978,-0.11065573770491777,0.8660254037844387,-0.49999999999999983,1.2246467991473532e-16,-1.0,25,115,0,0,0,0,4,0.9175836260593937,-0.39754281428255595,-0.433883739117558,-0.9009688679024191,5675.34297029703,5910.9880990099,5854.845742574257,5308.945410412008,5836.735305014372,6227.218514851486,5471.939348450976,6643.573778345577,4954.748514851485,,5901.603759547384,745.2933457946893,5873.723541725601,713.2183284523753,5815.712002746726,678.5091313000245,5823.608757790755,701.5867849041513,5915.391408142082,728.8660261141797,5875.95759397793,718.298690384667,5837.488762576994,721.507397598218,5851.703091107866,851.9666259674719,5609.4006402503055,941.1852751885212,0.009497964721845609,56.142356435644615,0.12397660818713474,658.1850450335369,,,658.1850450335369,-676.4433229000324,,2025-04-25
2025,4,2,5,17,1,7113.274752475247,5967.130455445545,5675.34297029703,5384.319326732672,5377.062831683167,5910.9880990099,5039.06293069307,6251.91605940594,760.091496279799,5767.385881188118,724.092814558755,5884.762871287129,709.0056894005021,1146.144297029702,2074.211821782177,0.19207629288274441,0.4116264968925267,0.8660254037844387,-0.49999999999999983,1.2246467991473532e-16,-1.0,26,116,0,0,0,0,4,0.9106046300942163,-0.4132786077829042,-0.9749279121818236,-0.2225209339563146,5967.130455445545,7046.438613861386,6979.602475247524,5573.579559246246,6930.014372404981,7447.455445544555,6492.653465346535,6357.133184286171,5136.019801980198,,5911.151779349362,762.6308222627239,5883.271561527581,729.8623513764866,5867.035175854358,716.7186607853475,5830.153771364693,713.0517098393046,5909.4238957658445,717.3717520580784,5883.345942634224,727.8467525465895,5845.890335556874,731.9531904252212,5862.687840832839,855.4272264680482,5615.772988183462,944.2687345998211,0.009485094850948395,66.83613861386038,0.27624889478337766,1539.6951932290003,,,1539.6951932290003,756.1415681890758,,2025-04-26
2025,4,2,6,17,1,6837.909861386138,7113.274752475247,5967.130455445545,5675.34297029703,5384.319326732672,7046.438613861386,5326.267366336633,6639.438356435643,598.2933152822297,6059.173366336633,747.5373820225439,6010.73307920792,734.5827374593939,-275.3648910891088,1511.6424950495048,-0.03871140939597317,0.28380897748458334,0.8660254037844387,-0.49999999999999983,1.2246467991473532e-16,-1.0,27,117,0,0,0,0,4,0.9033558023246845,-0.4288919379124835,-0.7818314824680299,0.6234898018587334,7113.274752475247,6773.747168316831,6709.584475247523,5836.735305014372,6635.072960715425,7131.816390929415,6265.683394625176,4752.326656020441,5015.172277227723,,5920.317878359265,775.0114238239587,5892.437660537481,741.7470377644435,5900.407661066752,738.2446891941179,5837.397946388647,722.4998283739102,5904.175564881142,709.2957191109765,5890.158162476616,734.1191469257154,5869.063482283159,729.9540449399492,5872.814160744831,856.126769564256,5620.929683850984,945.6042940253085,0.009472259810554773,64.16269306930644,0.17152988855116513,1001.1745563717659,,,1001.1745563717659,2085.583205365697,,2025-04-27
2025,4,2,0,18,0,5135.30697029703,6837.909861386138,7113.274752475247,5967.130455445545,5675.34297029703,6773.747168316831,5333.523861386138,6362.163861386139,1071.3728712361278,6018.880722772276,796.5643779506012,5994.2150049504935,753.1880222844692,-1702.6028910891082,-198.21689108910869,-0.248994638069705,-0.03716433941997843,0.8660254037844387,-0.49999999999999983,1.2246467991473532e-16,-1.0,28,118,0,0,0,0,4,0.895839290734909,-0.4443781781046132,0.0,1.0,6837.909861386138,5087.18495049505,5039.06293069307,6930.014372404981,4962.999092941552,5335.556665602045,4723.814596888261,4999.959169594379,5317.2910891089105,,5927.19245261669,766.5569205036666,5899.312234794908,733.6310904928315,5840.584080996487,724.5230221131498,5843.5517991513425,715.4760156060178,5900.599677464981,712.7110639338994,5895.056881207673,727.586319478284,5870.567346735411,728.2808875582544,5871.803137862543,856.8935780639792,5618.889252281429,944.1321423538233,0.009459459459459474,48.12201980198006,-0.2589759999999999,-1794.7074021079516,,,-1794.7074021079516,135.3478007026506,,2025-04-28
2025,4,2,1,18,0,5427.858297029703,5135.30697029703,6837.909861386138,7113.274752475247,5967.130455445545,5087.18495049505,5621.87405940594,5800.358376237625,910.3743092506919,6026.137217821782,789.797118653091,5978.0470247524745,763.9133377737146,292.55132673267326,-194.01576237623703,0.056968615201546946,-0.03451086956521732,0.8660254037844387,-0.49999999999999983,1.2246467991473532e-16,-1.0,29,119,0,0,0,0,5,0.8880573226294932,-0.45973273945210397,0.7818314824680298,0.6234898018587336,5135.30697029703,5377.062831683167,5326.267366336633,6635.072960715425,5224.676435643563,5617.931651229639,5012.1647949080625,4983.573535611626,6344.49504950495,,5934.448947666196,760.6992919124777,5906.568729844413,728.0078560582255,5800.343592206962,712.2965713753803,5850.808294200849,709.976005449518,5897.205510425697,714.5319688116855,5900.005613375788,722.9075551676566,5875.5038440845,723.6923241766608,5866.710711459901,856.7924581063395,5618.089959581632,942.2276129669232,0.009446693657220173,50.79546534653582,-0.18194444444444435,-1207.2146636857224,,,-1207.2146636857224,444.2847614180773,,2025-04-29
2025,4,2,2,18,0,5435.114792079207,5427.858297029703,5135.30697029703,6837.909861386138,7113.274752475247,5377.062831683167,5910.9880990099,5332.76001980198,171.03784449414997,5986.099188118812,816.7655825097961,5938.390915841584,779.8954877523216,7.256495049504338,-475.8733069306927,0.0013368983957218195,-0.08050655811849838,0.8660254037844387,-0.49999999999999983,1.2246467991473532e-16,-1.0,30,120,0,1,0,0,5,0.8800122039735357,-0.47495107206704995,0.9749279121818236,-0.22252093395631434,5427.858297029703,5384.319326732672,5333.523861386138,4962.999092941552,5231.932930693069,5603.8868221015655,5038.080848656295,5228.618843819866,7190.427722772277,,5941.705442715699,754.7962063101708,5913.825224893918,722.3408475417176,5816.080782178218,698.235269453309,5858.064789250353,704.4330541085117,5894.191724175297,716.1457410230881,5904.732207940346,718.4885844993989,5877.798243509605,721.9436169260291,5856.958972956051,851.6157320907218,5617.327563050372,940.3285381887147,0.009433962264151052,50.79546534653491,0.09512709760699045,472.1156991376556,,,472.1156991376556,206.49594825934128,,2025-04-30
2025,5,2,3,18,0,5728.811881188119,5435.114792079207,5427.858297029703,5135.30697029703,6837.909861386138,5384.319326732672,7046.438613861386,5530.594990099009,171.69920242934697,5946.379425742573,823.6384002961381,5828.588688118812,698.1847899508236,293.6970891089113,-1317.6267326732677,0.05403696156278559,-0.1869918699186992,0.49999999999999994,-0.8660254037844387,1.2246467991473532e-16,-1.0,1,121,1,0,0,0,1,0.8717063187093218,-0.49002866642905923,0.43388373911755823,-0.900968867902419,5435.114792079207,5675.34297029703,5621.87405940594,5224.676435643563,5514.936237623761,5884.044203129991,5330.523055162659,5471.939348450976,4623.638613861386,,5949.343858557285,751.9164583928504,5921.463640735502,719.5762384969352,5832.885297029702,689.5232551439669,5865.703205091938,701.7289623614232,5891.419718426335,716.4860836889638,5909.473741583507,715.9633204999284,5880.652382762239,720.8279610490533,5863.0988244412,846.643690893719,5617.790153582064,938.3949545135978,0.009421265141319024,53.46891089108885,0.09649122807017552,504.1354455445553,,,504.1354455445553,256.87253273714305,,2025-05-01
2025,5,2,4,18,0,6028.188502076014,5728.811881188119,5435.114792079207,5427.858297029703,5135.30697029703,5675.34297029703,6773.747168316831,5730.70505844778,296.54138743595945,5765.531717342702,606.7476793249388,5766.45879926541,636.915583537333,299.3766208878951,-745.5586662408177,0.05225806451612902,-0.11006591295997203,0.49999999999999994,-0.8660254037844387,1.2246467991473532e-16,-1.0,2,122,0,0,0,0,1,0.8631421280499114,-0.5049610547215204,-0.433883739117558,-0.9009688679024191,5728.811881188119,5967.130455445545,5910.9880990099,5231.932930693069,5798.7033861386135,6162.723181092303,5625.693267326734,6492.653465346535,4192.0990099009905,,5958.06643664735,752.5110955566537,5929.835098097367,720.1265294803738,5859.4271494091345,680.8638721509061,5873.899102089701,702.2573957860664,5889.017313443901,715.7850600582232,5914.265351520998,715.3878530957729,5875.491660948122,718.0544649793388,5873.299321619949,837.409135355576,5619.486014526254,936.8175858421585,0.010232396808879551,61.05804663046911,0.15219147147543155,796.2555713829452,,,796.2555713829452,-464.46496327052137,,2025-05-02
2025,5,2,5,18,1,7191.814915362504,6028.188502076014,5728.811881188119,5435.114792079207,5427.858297029703,5967.130455445545,5087.18495049505,6316.271766208879,772.8767332543662,5824.51589300543,735.4084322457646,5941.844629671032,717.5324438700248,1163.6264132864899,2104.629964867454,0.19303086041283457,0.41371209919596996,0.49999999999999994,-0.8660254037844387,1.2246467991473532e-16,-1.0,3,123,0,0,0,0,1,0.854322169749827,-0.5197438121555155,-0.9749279121818236,-0.2225209339563146,6028.188502076014,7113.274752475247,7046.438613861386,5514.936237623761,6912.766336633663,7318.095177259662,6731.353960396041,6265.683394625176,4808.584158415842,,5969.28645991696,772.9149939174085,5940.219119633161,738.2853782776381,5915.3231053337595,719.3518441195343,5883.865122758589,719.3192024211969,5886.762308767166,711.3864460496835,5919.747029556313,723.4430458115327,5885.782011178537,730.2417962612202,5886.5394924918755,839.3193150079014,5625.956503830106,940.3054651788996,0.011041350941762396,78.54016288725688,0.3040612992583327,1676.8786777387422,,,1676.8786777387422,926.1315207373273,,2025-05-03
2025,5,2,6,18,1,6918.926349409134,7191.814915362504,6028.188502076014,5728.811881188119,5435.114792079207,7113.274752475247,5377.062831683167,6712.976588949216,608.5376613650191,6121.785789524113,761.1355688414982,6070.333256148195,744.7378532176218,-272.88856595336983,1541.8635177259666,-0.03794432548179871,0.286748279867751,0.49999999999999994,-0.8660254037844387,1.2246467991473532e-16,-1.0,4,124,0,0,0,0,1,0.8452490573530633,-0.5343725582809787,-0.7818314824680299,0.6234898018587334,7191.814915362504,6837.909861386138,6773.747168316831,5798.7033861386135,6645.421782178217,7007.630533375917,6494.835869872702,4723.814596888261,4438.693069306931,,5980.860243920244,788.538433404467,5950.589061139754,751.7897737644616,5952.66387077611,741.8135866590253,5893.633143016836,731.792692347992,5885.178305482046,708.9398446260692,5924.795725741271,728.9635140457461,5910.172141762102,727.6497807051493,5900.318566270222,835.7687238078153,5631.255560574283,942.0123729442649,0.011848136296808809,81.01648802299587,0.19318507753790848,1120.2229632705203,,,1120.2229632705203,2195.111752520873,,2025-05-04
2025,5,2,0,19,0,5200.282785052698,6918.926349409134,7191.814915362504,6028.188502076014,5728.811881188119,6837.909861386138,5384.319326732672,6437.0080166081125,1079.6916301108186,6083.856537527946,806.9247082902705,6054.996877674864,761.847600306014,-1718.6435643564355,-184.0365416799741,-0.2483974358974359,-0.034180094179453446,0.49999999999999994,-0.8660254037844387,1.2246467991473532e-16,-1.0,5,125,0,0,0,0,1,0.835925479418637,-0.548842958284719,0.0,1.0,6918.926349409134,5135.30697029703,5087.18495049505,6912.766336633663,4990.940910891089,5242.417272436921,4895.678953323904,5012.1647949080625,4623.638613861386,,5990.142503171053,777.227430693596,5958.667477893871,742.3466653066411,5895.581085723411,731.1979246634825,5901.1096385226065,723.2481007864711,5884.425903921612,709.6564099191412,5928.421961833279,724.5266082550137,5912.2623416525985,725.3076572995524,5903.522144999061,831.9441673042443,5629.496488021134,940.4831683341056,0.012652761583970218,64.97581475566858,-0.24772767777579752,-1712.4835515809646,,,-1712.4835515809646,188.11799014463577,,2025-05-05
2025,5,2,1,19,0,5500.891408495688,5200.282785052698,6918.926349409134,7191.814915362504,6028.188502076014,5135.30697029703,5675.34297029703,5873.366847652506,917.871118353358,6094.8193069306935,796.7306721532119,6040.459247524752,771.3558957101444,300.6086234429895,-174.451561801342,0.05780620705993833,-0.030738505622368018,0.49999999999999994,-0.8660254037844387,1.2246467991473532e-16,-1.0,6,126,0,0,0,0,1,0.8263541987239096,-0.5631507242749186,0.7818314824680298,0.6234898018587336,5200.282785052698,5427.858297029703,5377.062831683167,6645.421782178217,5275.471900990098,5519.61784733312,5193.577171145686,5038.080848656295,4931.881188118812,,6000.575804809052,768.8666987650244,5967.512376237623,735.5908741350717,5857.430073267326,720.5054649255742,5909.160335219235,717.2557858176475,5884.091503228088,709.8358278382973,5932.080464658876,721.5410390970219,5917.404681206369,720.6659641018913,5906.683312890045,829.3084319476989,5628.973703145013,938.5976686353935,0.01345523546662064,73.0331114659848,-0.1722284019280682,-1144.530373682529,,,-1144.530373682529,462.81055983939314,,2025-05-06
2025,5,2,2,19,0,5512.595432769082,5500.891408495688,5200.282785052698,6918.926349409134,7191.814915362504,5427.858297029703,5967.130455445545,5404.5898754391565,177.03187970725722,6058.783232194186,821.1127123116663,6002.58132896838,786.2994659060447,11.70402427339468,-454.5350226764622,0.0021276595744679216,-0.0761731331450376,0.49999999999999994,-0.8660254037844387,1.2246467991473532e-16,-1.0,7,127,0,0,0,0,1,0.8165380514459161,-0.5772916165517272,0.9749279121818236,-0.22252093395631434,5500.891408495688,5435.114792079207,5384.319326732672,4990.940910891089,5282.7283960396035,5505.573018205046,5219.4932248939185,5330.523055162659,5055.178217821783,,6011.644467764748,759.8746697428002,5976.674955240224,728.5328299422993,5874.818557329926,705.0006677441966,5917.369872245289,711.1094078264819,5884.21690348816,709.7683596883522,5935.569776657389,718.7568459102234,5919.427707624218,719.2541516006113,5909.224519639752,827.3832176948658,5628.502536058471,936.7172765939431,0.014255566561867328,77.48064068987514,0.1045202760745283,521.6545218779938,,,521.6545218779938,182.0723776064233,,2025-05-07
2025,5,2,3,19,0,5815.0520600447135,5512.595432769082,5500.891408495688,5200.282785052698,6918.926349409134,5435.114792079207,7113.274752475247,5609.512967103161,178.09824561593726,6023.260491855636,827.2881103797519,5894.39610459917,704.6607296710093,302.45662727563104,-1298.2226924305332,0.054866465526874464,-0.18250703615501196,0.49999999999999994,-0.8660254037844387,1.2246467991473532e-16,-1.0,8,128,0,0,0,0,2,0.8064799463209448,-0.5912614448635781,0.43388373911755823,-0.900968867902419,5512.595432769082,5728.811881188119,5675.34297029703,5275.471900990098,5568.405148514851,5780.555988502076,5521.4834512022635,5625.693267326734,5240.123762376238,,6023.96449331569,755.2095629511143,5986.654175936486,725.0362273818972,5892.804562631747,696.0083984878644,5926.178690514213,708.1480232306241,5884.832904765705,709.6917228750784,5939.0646410483705,717.4316435820402,5921.531694209974,718.6619708669328,5912.41856573791,825.8941702413782,5629.254751880997,934.8942165401855,0.015053763440860068,86.24017885659487,0.10228092750401108,539.5801590546153,,,539.5801590546153,189.35879271797967,,2025-05-08
2025,5,2,4,19,0,6118.740689875439,5815.0520600447135,5512.595432769082,5500.891408495688,5200.282785052698,5728.811881188119,6837.909861386138,5815.462727563077,303.0728372256222,5844.414787607792,612.1618086466211,5834.465340306611,645.1938474695031,303.6886298307254,-719.169171510699,0.052224576271186596,-0.10517383032085093,0.49999999999999994,-0.8660254037844387,1.2246467991473532e-16,-1.0,9,129,0,0,0,0,2,0.7961828637826158,-0.6050560696488488,-0.433883739117558,-0.9009688679024191,5815.0520600447135,6028.188502076014,5967.130455445545,5282.7283960396035,5854.845742574257,6054.060555732993,5826.201683168317,6731.353960396041,5116.8267326732675,,6036.9005201441805,756.0690228070507,5997.483478395765,725.8539661152678,5920.671639092941,687.4229741989377,5935.603510060682,708.9191665675797,5885.987907161107,710.0246978012937,5942.547248271074,717.5871903151769,5914.724880093077,713.790222428424,5917.984754389033,823.8760310773622,5631.220558860894,933.522965857614,0.015021459227467782,90.55218779942516,0.15825388533368168,836.0122938358354,,,836.0122938358354,-612.6132705206019,,2025-05-09
2025,5,2,5,19,1,7299.615138933248,6118.740689875439,5815.0520600447135,5512.595432769082,5500.891408495688,6028.188502076014,5135.30697029703,6411.135962951133,784.2851079725418,5907.862919195145,750.0119163678562,6014.824354359629,729.0414084508897,1180.8744490578092,2164.3081686362184,0.19299305345816986,0.42145643505923336,0.49999999999999994,-0.8660254037844387,1.2246467991473532e-16,-1.0,10,130,0,0,0,0,2,0.7856498550787145,-0.6186714032625031,-0.9749279121818236,-0.2225209339563146,6118.740689875439,7191.814915362504,7113.274752475247,5568.405148514851,6979.602475247524,7188.734908974768,6970.054455445545,6494.835869872702,5425.069306930693,,6052.300552082857,784.0921528351095,6010.793505999908,749.2205303361364,5978.3786387735545,728.2821208570758,5947.032533763745,728.6778701917855,5887.967911267509,713.8678460355969,5946.470589741167,724.1436438365944,5923.666871971528,726.0744290038652,5928.39889790016,829.4393071580771,5637.894137181183,937.6030235296371,0.014989293361884481,107.80022357074449,0.31089871233240407,1731.209990418397,,,1731.209990418397,804.7792690605465,,2025-05-10
2025,5,2,6,19,1,7022.414564037049,7299.615138933248,6118.740689875439,5815.0520600447135,5512.595432769082,7191.814915362504,5427.858297029703,6813.590130948579,617.5126306403994,6211.55154902587,774.6979273142351,6147.704043276909,757.1081263631285,-277.2005748961992,1594.556267007346,-0.03797468354430378,0.2937726410212178,0.49999999999999994,-0.8660254037844387,1.2246467991473532e-16,-1.0,11,131,0,0,0,0,2,0.7748840413670407,-0.6321034111873487,-0.7818314824680299,0.6234898018587334,7299.615138933248,6918.926349409134,6837.909861386138,5854.845742574257,6709.584475247523,6883.44467582242,6723.988345120227,4895.678953323904,6473.09405940594,,6067.084582743989,803.8816222435892,6023.972413332116,766.3164825891399,6017.297599488981,752.2554740966904,5958.205036934799,743.0591121520806,5890.449516414198,717.6229947037159,5950.023282823509,728.7217291842,5947.297267646119,726.849555012143,5931.450678481442,832.459682636306,5643.410154818059,939.7978884346045,0.014957264957265126,103.48821462791511,0.19941922858405414,1167.5688214627917,,,1167.5688214627917,2126.7356107131445,,2025-05-11
2025,5,2,0,20,0,5277.898946023634,7022.414564037049,7299.615138933248,6118.740689875439,5815.0520600447135,6918.926349409134,5435.114792079207,6533.309549664645,1096.0163673419304,6174.386138613861,819.6543337642737,6134.602722772277,771.7782062550949,-1744.5156180134145,-157.2158460555729,-0.248421052631579,-0.0289259476698982,0.49999999999999994,-0.8660254037844387,1.2246467991473532e-16,-1.0,12,132,0,0,0,0,2,0.7638886127905428,-0.6453481132295501,0.0,1.0,7022.414564037049,5200.282785052698,5135.30697029703,6979.602475247524,5039.06293069307,5149.277879271798,5067.543309759548,5193.577171145686,7336.1732673267325,,6078.172605739836,790.3545595103789,6034.157554455444,754.4523943243365,5960.574148514851,741.2690388104471,5966.734894625176,733.4255427066496,5892.746321177625,715.4101090489261,5952.527516588558,726.0089631042946,5948.2341762558735,725.920846101545,5920.01582114087,827.1759903316618,5641.95971351332,938.2064903828763,0.014925373134328401,77.61616097093611,-0.24381095273818454,-1701.7035292238897,,,-1701.7035292238897,84.32177487794797,,2025-05-12
2025,5,2,1,20,0,5582.819578409453,5277.898946023634,7022.414564037049,7299.615138933248,6118.740689875439,5200.282785052698,5728.811881188119,5961.04436282338,931.7318155091092,6186.090162887256,808.7432579004499,6122.436697540722,779.8647832333602,304.92063238581886,-145.99230277866536,0.057773109243697496,-0.02548387096774196,0.49999999999999994,-0.8660254037844387,1.2246467991473532e-16,-1.0,13,133,0,0,0,0,2,0.7526668275320084,-0.6584015846980488,0.7818314824680298,0.6234898018587336,5277.898946023634,5500.891408495688,5427.858297029703,6709.584475247523,5326.267366336633,5421.304043436601,5374.989547383309,5219.4932248939185,5047.128712871287,,6089.876630013231,780.9315089619429,6045.226217411141,745.962020264072,5923.015318620249,730.4763661512795,5975.897473627777,726.6996260638011,5895.630527159282,713.7986760690483,5955.001683624583,724.3693380943396,5952.271135739379,722.8263298493092,5922.9918815049705,824.978674014547,5641.725958038601,936.3505012051218,0.014893617021276562,81.92816991376549,-0.16793363299841346,-1126.76489683807,,,-1126.76489683807,363.3263535155347,,2025-05-13
2025,5,2,2,20,0,5594.523602682849,5582.819578409453,5277.898946023634,7022.414564037049,7299.615138933248,5500.891408495688,6028.188502076014,5485.080709038645,179.5200775416448,6149.335419993612,833.6071665523498,6086.297955924624,794.5391626614703,11.70402427339559,-433.6648993931649,0.002096436058700357,-0.07193950541590022,0.49999999999999994,-0.8660254037844387,1.2246467991473532e-16,-1.0,14,134,0,0,0,0,2,0.741222010848596,-0.6712599575675313,0.9749279121818236,-0.22252093395631434,5582.819578409453,5512.595432769082,5435.114792079207,5039.06293069307,5333.523861386138,5407.259214308528,5400.9056011315415,5521.4834512022635,4576.063366336634,,6101.580654286627,771.393358566373,6056.612561025687,737.0968611802741,5941.530674353241,714.1555504047036,5985.218892959803,719.7958208376722,5898.974534094537,711.9052908795277,5957.306659833527,722.8914793402776,5953.082692978054,722.3780902551485,5928.649993929115,819.1612036162945,5641.540121993893,934.5028673306241,0.014861995753715718,81.9281699137664,0.11023094564000235,555.4606719897793,,,555.4606719897793,73.04015148058534,,2025-05-14
2025,5,2,3,20,0,5901.292238901309,5594.523602682849,5582.819578409453,5277.898946023634,7022.414564037049,5512.595432769082,7191.814915362504,5692.878473331203,180.5864593633286,6113.094011497924,839.9063381918328,5978.754399552858,714.6193685231176,306.7686362184604,-1290.5226764611944,0.054833737062321086,-0.17944325481798717,0.49999999999999994,-0.8660254037844387,1.2246467991473532e-16,-1.0,15,135,0,0,0,0,3,0.7295575540864875,-0.6839194216246106,0.43388373911755823,-0.900968867902419,5594.523602682849,5815.0520600447135,5728.811881188119,5326.267366336633,5621.87405940594,5677.0677738741615,5712.443847241868,5826.201683168317,5249.013861386138,,6113.900679837569,766.729049779444,6068.93258657663,732.6243307585486,5960.698170105397,704.7272586081481,5995.198113656066,716.5012336007227,5902.978542398594,711.2647869040142,5959.55485497233,722.4142821979434,5953.917032486198,722.2732541785274,5932.273762693089,817.579095459174,5642.558757746471,932.8033180435616,0.014830508474576343,86.24017885659578,0.10796019670341361,575.0248725646761,,,575.0248725646761,75.09055573299247,,2025-05-15
2025,5,2,4,20,0,6209.292877674864,5901.292238901309,5594.523602682849,5582.819578409453,5277.898946023634,5815.0520600447135,6918.926349409134,5901.702906419673,307.38484324118804,5931.373634621526,621.3696723279666,5919.618276908335,656.7654198025966,308.0006387735548,-709.6334717342697,0.05219206680584554,-0.10256410256410253,0.49999999999999994,-0.8660254037844387,1.2246467991473532e-16,-1.0,16,136,0,0,0,0,3,0.717676913675962,-0.6963762255968722,-0.433883739117558,-0.9009688679024191,5901.292238901309,6118.740689875439,6028.188502076014,5333.523861386138,5910.9880990099,5945.397930373682,6026.710099009902,6970.054455445545,4845.243564356435,,6126.836706666058,767.587722981815,6081.868613405119,733.4479945952977,5989.8904706483545,695.935509411108,6005.851855751243,717.4199054152458,5907.690952171829,712.4242010885916,5961.728459480246,722.893293011194,5945.464126066523,714.6591164535789,5939.851814433748,813.7599348279946,5644.772562902442,931.6460839902336,0.014799154334038,90.55218779942516,0.16420082464225083,875.7690162887257,,,875.7690162887257,-760.7615777706806,,2025-05-16
2025,5,2,5,20,1,7407.415362503993,6209.292877674864,5901.292238901309,5594.523602682849,5582.819578409453,6118.740689875439,5200.282785052698,6506.000159693388,795.693486378256,5995.540434366017,760.8056193402474,6103.5459916959435,740.6933330574408,1198.1224848291286,2207.1325774512943,0.1929563492063493,0.4244254915896708,0.49999999999999994,-0.8660254037844387,1.2246467991473532e-16,-1.0,17,137,0,0,0,0,3,0.705583610107178,-0.7086266782644596,-0.9749279121818236,-0.2225209339563146,6209.292877674864,7299.615138933248,7191.814915362504,5621.87405940594,7046.438613861386,7059.374640689875,7208.754950495049,6723.988345120227,5047.128712871287,,6142.236738604735,795.6085501619773,6097.2686453437955,760.3172732045674,6049.408514084956,738.4309922646233,6018.743882488479,739.7089367255506,5913.905965061368,724.0766940455329,5964.093464385115,727.3335267247287,5953.057759593009,726.5561590978162,5952.964518042818,818.2983260905614,5651.631095196611,936.3028795962088,0.01476793248945163,107.80022357074449,0.3176060659186537,1785.5413030980526,,,1785.5413030980526,683.4270173837658,,2025-05-17
2025,5,2,6,20,1,7125.902778664963,7407.415362503993,6209.292877674864,5901.292238901309,5594.523602682849,7299.615138933248,5500.891408495688,6914.2036729479405,626.4876341032675,6303.541073139572,785.8306833927629,6238.963605876716,768.5203280234247,-281.5125838390295,1625.0113701692753,-0.03800415800415802,0.29540873460246364,0.49999999999999994,-0.8660254037844387,1.2246467991473532e-16,-1.0,18,138,0,0,0,0,3,0.6932812268869777,-0.7206671495538609,-0.7818314824680299,0.6234898018587334,7407.415362503993,7022.414564037049,6918.926349409134,5910.9880990099,6773.747168316831,6759.258818268923,6953.140820367751,5067.543309759548,5383.60396039604,,6157.020769265866,815.4051847182018,6112.052676004927,779.2983766893826,6089.905670073459,763.4677844938826,6031.320868572341,755.8393225903785,5920.4531786398675,733.4563576375041,5966.150154364844,730.4017527732592,5975.928420358625,730.7531624435828,5962.643955922089,821.8228926828679,5657.345326527884,938.9761825448103,0.01473684210526316,103.4882146279142,0.20553495613678585,1214.914679655063,,,1214.914679655063,2058.3594689054153,,2025-05-18
2025,5,2,0,21,0,5355.51510699457,7125.902778664963,7407.415362503993,6209.292877674864,5901.292238901309,7022.414564037049,5512.595432769082,6629.611082721175,1112.3411123558149,6265.656994570424,831.6672235783536,6225.87357872884,783.2144012733773,-1770.3876716703935,-157.08032577451286,-0.24844398340248974,-0.028494803888702624,0.49999999999999994,-0.8660254037844387,1.2246467991473532e-16,-1.0,19,139,0,0,0,0,3,0.6807734094770161,-0.7324940716135789,0.0,1.0,7125.902778664963,5277.898946023634,5200.282785052698,7046.438613861386,5087.18495049505,5056.138486106675,5239.407666195192,5374.989547383309,5518.194059405941,,6168.108792261714,801.8737669116481,6123.140699000775,766.3239432793049,6033.541553177898,752.7575855897687,6040.904088447323,745.0494025674245,5925.799189727151,728.113592999298,5967.5323858029315,729.1186115623926,5975.71203768764,730.9359657001777,5961.740183964249,822.4036371387482,5656.179958884898,937.3423412333669,0.014705882352941124,77.6161609709352,-0.23996852871754537,-1690.9235068668168,,,-1690.9235068668168,-19.474440388739822,,2025-05-19
2025,5,2,1,21,0,5664.747748323219,5355.51510699457,7125.902778664963,7407.415362503993,6209.292877674864,5277.898946023634,5815.0520600447135,6048.721877994251,945.592526510811,6277.361018843821,820.7559736348368,6213.348219418716,791.5392394687509,309.23264132864915,-150.30431172149474,0.057740970784449175,-0.025847457627118597,0.49999999999999994,-0.8660254037844387,1.2246467991473532e-16,-1.0,20,140,0,0,0,0,3,0.6680638642135335,-0.7441039398713607,0.7818314824680298,0.6234898018587336,5355.51510699457,5582.819578409453,5500.891408495688,6773.747168316831,5377.062831683167,5322.990239540082,5556.401923620933,5400.9056011315415,5720.079207920792,,6179.81281653511,792.4497056364908,6134.84472327417,757.2873226538444,5996.574905844778,742.3119528410399,6051.178549755897,737.5011638828813,5931.902002383994,724.3919177759606,5968.822217049387,728.4780996554601,5978.643617100879,729.1315461026152,5961.432786966485,822.50480413808,5656.212911921199,935.5312008879877,0.01467505241090139,81.92816991376549,-0.16372022640301487,-1108.9994199936127,,,-1108.9994199936127,263.8421471916772,,2025-05-20
2025,5,2,2,21,0,5676.451772596614,5664.747748323219,5355.51510699457,7125.902778664963,7407.415362503993,5582.819578409453,6118.740689875439,5565.571542638133,182.00831206984415,6239.887607793037,846.1017074855245,6176.490809645481,806.5010640757259,11.70402427339559,-442.28891727882456,0.0020661157024794985,-0.07228430484244441,0.49999999999999994,-0.8660254037844387,1.2246467991473532e-16,-1.0,21,141,0,0,0,0,3,0.6551563572090853,-0.7554933140726803,0.9749279121818236,-0.22252093395631434,5664.747748323219,5594.523602682849,5512.595432769082,5087.18495049505,5384.319326732672,5308.945410412008,5582.317977369165,5712.443847241868,5585.489108910891,,6191.516840808506,782.9122133838796,6146.548747547566,748.1415588385079,6016.217133248163,725.0136322432581,6061.6118513938945,729.7433879247077,5938.464615994433,720.298787522045,5969.942857468762,727.948576717239,5978.243705160377,729.289044477978,5961.938135098072,822.3004518197773,5656.290455448691,933.7312095758055,0.014644351464435212,81.92816991376549,0.11583357551099471,589.2668221015647,,,589.2668221015647,-35.992074645253524,,2025-05-21
2025,5,2,3,21,0,5987.532417757904,5676.451772596614,5664.747748323219,5355.51510699457,7125.902778664963,5594.523602682849,7299.615138933248,5776.243979559246,183.0747091582367,6202.92753114021,852.5246410373334,6067.150582880869,725.240851684174,311.0806451612898,-1312.082721175344,0.05480195333695059,-0.17974683544303804,0.49999999999999994,-0.8660254037844387,1.2246467991473532e-16,-1.0,22,142,0,0,0,0,4,0.6420547132365637,-0.766658819300159,0.43388373911755823,-0.900968867902419,5676.451772596614,5901.292238901309,5815.0520600447135,5377.062831683167,5675.34297029703,5573.579559246246,5903.404243281471,6026.710099009902,5921.964356435643,,6203.8368663594465,778.2486799733892,6158.868773098508,743.6695127074728,6036.566119450654,714.9531066302698,6072.761474517497,725.9984044783271,5945.8566313249985,718.6081936692316,5970.944383355386,727.9138004004549,5977.808397590911,729.2714824076096,5962.302402105418,822.2971679343534,5657.554737747581,932.1653921982817,0.014613778705636626,86.24017885659487,0.11353216527016907,610.469586074737,,,610.469586074737,-39.177681251997456,,2025-05-22
2025,5,2,4,21,0,6299.845065474289,5987.532417757904,5676.451772596614,5664.747748323219,5355.51510699457,5901.292238901309,7022.414564037049,5987.94308527627,311.6968493377445,6018.332481635261,630.5777345620048,6006.9364580006395,666.3213653391282,312.3126477163851,-722.5694985627597,0.05216049382716048,-0.10289473684210526,0.49999999999999994,-0.8660254037844387,1.2246467991473532e-16,-1.0,23,143,0,0,0,0,4,0.6287628145958344,-0.777597146973627,-0.433883739117558,-0.9009688679024191,5987.532417757904,6209.292877674864,6118.740689875439,5384.319326732672,5967.130455445545,5836.735305014372,6227.218514851486,7208.754950495049,7065.980198019802,,6216.7728931879365,779.1065896256843,6171.8047999269975,744.4924835382707,6067.083644075376,705.6308193006364,6084.644139161382,726.9277043424461,5954.126448476069,719.9930049544846,5971.808985148515,728.2649127652512,5967.709398868457,718.2436660440517,5958.046095813499,818.5266456484575,5659.996906294071,931.227342855549,0.014583333333333393,90.55218779942516,0.17003555754877175,915.5257387416168,,,915.5257387416168,-908.9098850207602,,2025-05-23
2025,5,2,5,21,1,7515.215586074736,6299.845065474289,5987.532417757904,5676.451772596614,5664.747748323219,6209.292877674864,5277.898946023634,6600.8643564356435,807.1018683151399,6083.217949536888,771.5993414268526,6193.37951133823,751.3686826320011,1215.370520600447,2237.316640051102,0.19292070010755835,0.42390289449112983,0.49999999999999994,-0.8660254037844387,1.2246467991473532e-16,-1.0,24,144,0,0,0,0,4,0.6152845999633276,-0.7883050558305255,-0.9749279121818236,-0.2225209339563146,6299.845065474289,7407.415362503993,7299.615138933248,5675.34297029703,7113.274752475247,6930.014372404981,7447.455445544555,6953.140820367751,8008.110891089109,,6232.172925126613,807.125173901699,6187.204831865674,771.3611286541318,6128.412731267965,749.0296803458214,6098.999168932792,751.5447994739277,5964.576470148742,738.4255078473499,5972.61565348816,729.9546842052665,5973.95467404298,729.267546816102,5955.307788563418,812.4318007397236,5667.024249778088,936.442386926024,0.014553014553014387,107.80022357074358,0.32418703599183774,1839.8726157777064,,,1839.8726157777064,562.0747657069851,,2025-05-24
2025,5,2,6,21,1,7229.390993292877,7515.215586074736,6299.845065474289,5987.532417757904,5676.451772596614,7407.415362503993,5582.819578409453,7014.8172149473,635.4626703050792,6395.530597253273,796.9634619101067,6330.593795911849,779.5515674815831,-285.8245927818589,1646.571414883424,-0.03803278688524592,0.2949354518371401,0.49999999999999994,-0.8660254037844387,1.2246467991473532e-16,-1.0,25,145,0,0,0,0,4,0.6016240632249226,-0.7987793728863649,-0.7818314824680299,0.6234898018587334,7515.215586074736,7125.902778664963,7022.414564037049,5967.130455445545,6837.909861386138,6635.072960715425,7131.816390929415,5239.407666195192,5453.168316831683,,6246.956955787745,826.9287685474625,6201.988862526806,790.3500019641651,6170.488082529542,774.6712206850722,6112.980637929461,769.2336733902165,5975.189292159054,752.3763024610845,5973.777255897248,731.8966396560115,5996.065599899622,736.8741561018227,5965.175692321536,817.0725386853602,5672.919973338522,939.5817917191426,0.014522821576763434,103.4882146279142,0.21153560279470773,1262.2605378473327,,,1262.2605378473327,1989.983327097685,,2025-05-25
2025,5,2,0,22,0,5433.131267965507,7229.390993292877,7515.215586074736,6299.845065474289,5987.532417757904,7125.902778664963,5594.523602682849,6725.912615777706,1128.6658648147675,6356.927850526988,843.6802311886951,6317.144434685404,794.6512182822321,-1796.2597253273707,-161.39233471734224,-0.24846625766871155,-0.028848271305879636,0.49999999999999994,-0.8660254037844387,1.2246467991473532e-16,-1.0,26,146,0,0,0,0,4,0.5877852522924732,-0.8090169943749473,0.0,1.0,7229.390993292877,5355.51510699457,5277.898946023634,7113.274752475247,5135.30697029703,4962.999092941552,5335.556665602045,5556.401923620933,4944.20594059406,,6258.044978783592,813.3931193986488,6213.076885522654,777.3707777966496,6114.483299712551,764.8326794836644,6123.61721998905,757.1788166013953,5983.584509570196,743.4465997593429,5974.938858306337,730.9483243160528,5994.695925947894,737.8145341469439,5967.891944140267,814.4680290203465,5672.018512040127,937.9225608741817,0.014492753623188692,77.61616097093702,-0.236198311322797,-1680.1434845097401,,,-1680.1434845097401,-123.27065565542671,,2025-05-26
2025,5,2,1,22,0,5746.675918236984,5433.131267965507,7229.390993292877,7515.215586074736,6299.845065474289,5355.51510699457,5901.292238901309,6136.399393165123,959.4532507583863,6368.631874800383,832.7688137311669,6304.259741296711,803.2142950515957,313.5446502714776,-154.61632066432503,0.057709750566893314,-0.02620041753653457,0.49999999999999994,-0.8660254037844387,1.2246467991473532e-16,-1.0,27,147,0,0,0,0,4,0.5737722679043246,-0.8190148866680801,0.7818314824680298,0.6234898018587336,5433.131267965507,5664.747748323219,5582.819578409453,6837.909861386138,5427.858297029703,5224.676435643563,5617.931651229639,5582.317977369165,5671.295049504951,,6269.749003056987,803.9680780596341,6224.780909796049,768.3327129257981,6078.108834940913,755.1283295753173,6135.0035636035955,748.6780356184013,5992.905928902222,737.002837148396,5976.471528151663,730.3254356754426,5996.52212529087,736.985308700944,5968.310726744334,814.3340416782436,5672.298127793673,936.1690378880452,0.01446280991735538,81.92816991376549,-0.15958589178125637,-1091.2339431491537,,,-1091.2339431491537,164.3579408678188,,2025-05-27
2025,5,2,2,22,0,5758.37994251038,5746.675918236984,5433.131267965507,7229.390993292877,7515.215586074736,5664.747748323219,6209.292877674864,5646.0623762376235,184.4965818072069,6330.439795592462,858.5963313264674,6266.683663366337,818.4635134574821,11.70402427339559,-450.9129351644842,0.0020366598778005507,-0.07261904761904758,0.49999999999999994,-0.8660254037844387,1.2246467991473532e-16,-1.0,28,148,0,0,0,0,4,0.5595892624101765,-0.8287700871745037,0.9749279121818236,-0.22252093395631434,5746.675918236984,5676.451772596614,5594.523602682849,5135.30697029703,5435.114792079207,5231.932930693069,5603.8868221015655,5903.404243281471,5235.041584158415,,6281.453027330383,794.4312269748334,6236.484934069444,759.1870581955843,6098.877934014691,736.6456026704551,6146.548747547566,739.9268365059406,6002.306768398959,730.4481625374831,5978.310731966053,729.5699799440723,5994.91074417119,737.3496479481231,5971.218162068511,812.6338770780889,5672.619328594854,934.4290627701921,0.014432989690721598,81.92816991376549,0.12133120294799271,623.0729722133501,,,623.0729722133501,-145.02430077109148,,2025-05-28
2025,5,2,3,22,0,6073.7725966145,5758.37994251038,5746.675918236984,5433.131267965507,7229.390993292877,5676.451772596614,7407.415362503993,5859.609485787289,185.56299355054387,6292.7610507824975,865.1430156331162,6155.546766208879,735.8629258974064,315.3926541041201,-1333.6427658894927,0.0547710740265297,-0.1800415800415801,0.49999999999999994,-0.8660254037844387,1.2246467991473532e-16,-1.0,29,149,0,0,0,0,5,0.545240438540651,-0.8382797052177743,0.43388373911755823,-0.900968867902419,5758.37994251038,5987.532417757904,5901.292238901309,5427.858297029703,5728.811881188119,5514.936237623761,5884.044203129991,6227.218514851486,5453.168316831683,,6293.7730528813245,789.7684472595203,6248.8049596203855,754.715486930394,6120.408410667518,725.7151444604282,6158.868773098507,735.5728149646696,6012.285989095223,727.4800725476472,5980.569403317059,729.5683141239239,5993.205789524114,736.9837669108667,5974.665963622859,811.7396846638563,5674.110604684147,933.0047441499735,0.014403292181069949,86.24017885659578,0.11899984565519373,645.9142995847969,,,645.9142995847969,-153.44591823698647,,2025-05-29
2025,5,2,4,22,0,6390.397253273714,6073.7725966145,5758.37994251038,5746.675918236984,5433.131267965507,5987.532417757904,7125.902778664963,6074.183264132865,316.0088555119703,6105.291328648993,639.785986775781,6094.254639092941,675.8778779565382,316.62465665921445,-735.5055253912487,0.05212981744421907,-0.10321576763485474,0.49999999999999994,-0.8660254037844387,1.2246467991473532e-16,-1.0,30,150,0,0,0,0,5,0.5307300481619334,-0.8475409228928311,-0.433883739117558,-0.9009688679024191,6073.7725966145,6299.845065474289,6209.292877674864,5435.114792079207,6028.188502076014,5798.7033861386135,6162.723181092303,7447.455445544555,5816.712871287129,,6306.709079709814,790.6256154626399,6261.7409864488745,755.5377841544085,6152.251159374001,715.4949930708885,6171.8047999269975,736.3740355653861,6022.851951008349,728.6175934593189,5983.279808938266,730.6752575163631,5981.460698498882,721.8143122479665,5977.853099078341,812.242122097515,5676.763518197442,932.2886074811358,0.014373716632443578,90.55218779942516,0.17576123002713318,955.282461194507,,,955.282461194507,-1057.0581922708407,,2025-05-30
2025,5,2,5,22,1,7623.015809645481,6390.397253273714,6073.7725966145,5758.37994251038,5746.675918236984,6299.845065474289,5355.51510699457,6695.728553177898,818.5102536355404,6170.89546470776,782.3930818365857,6283.213030980517,762.0445762998846,1232.6185563717663,2267.500702650911,0.19288606130711394,0.42339544513457583,0.49999999999999994,-0.8660254037844387,1.2246467991473532e-16,-1.0,31,151,0,1,0,0,5,0.5160623910158528,-0.8565509959010036,-0.9749279121818236,-0.2225209339563146,6390.397253273714,7515.215586074736,7407.415362503993,5728.811881188119,7191.814915362504,6912.766336633663,7318.095177259662,7131.816390929415,5962.130693069307,,6322.109111648491,818.6420144987734,6277.141018387553,782.4057857881525,6215.391290322581,759.0899046809453,6187.204831865674,762.5399491289438,6035.534977312132,750.25046133592,5986.909816466669,738.1061794832698,5986.91846981795,732.3896498641151,5987.080238614874,821.4442872408113,5683.945260970313,938.040730604192,0.014344262295082011,107.80022357074449,0.33064516129032273,1894.203928457362,,,1894.203928457362,491.19941871606534,,2025-05-31
2025,6,2,6,22,1,7332.879207920792,7623.015809645481,6390.397253273714,6073.7725966145,5758.37994251038,7515.215586074736,5664.747748323219,7115.430756946662,644.4377378779747,6487.520121366975,808.0962619388785,6422.223985946981,790.5833593504678,-290.13660172468826,1668.1314595975737,-0.03806060606060602,0.29447585906916074,1.2246467991473532e-16,-1.0,1.2246467991473532e-16,-1.0,1,152,1,0,0,0,1,0.5012418134457758,-0.865307254363206,-0.7818314824680299,0.6234898018587334,7623.015809645481,7229.390993292877,7125.902778664963,6028.188502076014,6918.926349409134,6645.421782178217,7007.630533375917,5335.556665602045,6180.257425742575,,6336.893142309622,838.4523728508847,6291.925049048683,801.4021956980515,6258.880980517406,784.9291816446023,6201.988862526806,781.0403129785283,6047.81100277182,765.8728520571069,5990.781824496966,744.351939586629,6009.11094251038,742.6201103157898,5993.483692960311,827.4293334421716,5690.007518128219,941.6314221098338,0.014314928425357865,103.48821462791511,0.21643163703249546,1304.6907058447787,,,1304.6907058447787,1997.3225423187478,,2025-06-01
2025,6,2,0,23,0,5504.242455445545,7332.879207920792,7623.015809645481,6390.397253273714,6073.7725966145,7229.390993292877,5676.451772596614,6820.045824337273,1148.716105530516,6447.114544235068,857.1215799180834,6407.873209517726,806.7490928877545,-1828.6367524752477,-172.20931715106963,-0.249375,-0.030337493217579947,1.2246467991473532e-16,-1.0,1.2246467991473532e-16,-1.0,2,153,0,0,0,0,1,0.48627270710869,-0.8738071036110808,0.0,1.0,7332.879207920792,5433.131267965507,5355.51510699457,7191.814915362504,5200.282785052698,4990.940910891089,5242.417272436921,5617.931651229639,6034.839603960397,,6347.051883378199,826.0158926953944,6302.548431080896,788.9229040890497,6202.62856518684,776.1861742440789,6212.844565040837,768.6154577387433,6056.977101781721,756.0021020322615,5993.898790961354,741.7239702024642,6007.847729223889,743.3892870083023,5990.535931024116,828.2259347932794,5689.3270600231535,939.966129839016,0.01308843537414961,71.1111874800381,-0.23465182012847963,-1687.572459916959,,,-1687.572459916959,-113.68919578409441,,2025-06-02
2025,6,2,1,23,0,5814.8713663366325,5504.242455445545,7332.879207920792,7623.015809645481,6390.397253273714,5433.131267965507,5987.532417757904,6217.3310099009905,978.4980412087008,6456.529781539444,848.307870767638,6393.484788565954,816.4092986718474,310.6289108910878,-172.66105142127162,0.05643445277083892,-0.02883676268861457,1.2246467991473532e-16,-1.0,1.2246467991473532e-16,-1.0,3,154,0,0,0,0,1,0.4711595076738638,-0.8820480249558537,0.7818314824680298,0.6234898018587336,5504.242455445545,5746.675918236984,5664.747748323219,6918.926349409134,5500.891408495688,5275.471900990098,5519.61784733312,5603.8868221015655,6398.384158415841,,6356.7940902495775,818.1191802898204,6313.271546653283,780.5629599303123,6165.826732417758,767.1740848672604,6224.058134963727,760.0869108245533,6066.609235091481,749.2702394628511,5997.4137138066335,740.1472484050577,6010.192001937613,742.4331400933183,5987.294193290343,827.7624949484788,5689.785250922108,938.273655021465,0.011866938221317014,68.19544809964827,-0.1595702754036088,-1104.0549830725013,,,-1104.0549830725013,210.984544235067,,2025-06-03
2025,6,2,2,23,0,5819.709029702969,5814.8713663366325,5504.242455445545,7332.879207920792,7623.015809645481,5746.675918236984,6299.845065474289,5712.940950495049,180.75438341478224,6414.1858537208545,877.0873133332727,6353.4734522516765,833.0123273043273,4.837663366336528,-480.13603577132017,0.0008319467554076532,-0.07621394348293753,1.2246467991473532e-16,-1.0,1.2246467991473532e-16,-1.0,4,155,0,0,0,0,1,0.4559066935084588,-0.8900275764346767,0.9749279121818236,-0.22252093395631434,5814.8713663366325,5758.37994251038,5676.451772596614,5200.282785052698,5512.595432769082,5282.7283960396035,5505.573018205046,5884.044203129991,7634.435643564356,,6365.555388419948,810.9395278088494,6323.504207875165,772.4695452262386,6186.4742739061,748.3973437313367,6235.026477711364,751.608584090036,6076.198174978327,742.4610857574976,6001.153428229229,738.4238073576299,6009.477166677313,742.586919323649,5977.212378768891,818.5893916590383,5690.257701026766,936.592681377465,0.010650406504064902,61.32908719258921,0.11911395403932712,619.4262446502707,,,619.4262446502707,-64.3351734270218,,2025-06-04
2025,6,2,3,23,0,6131.101782178218,5819.709029702969,5814.8713663366325,5504.242455445545,7332.879207920792,5758.37994251038,7515.215586074736,5921.8940594059395,181.19534816706144,6370.969941871605,884.8475326155403,6238.1306352603,749.1305081604514,311.3927524752489,-1384.1138038965182,0.05350658441615286,-0.18417486338797806,1.2246467991473532e-16,-1.0,1.2246467991473532e-16,-1.0,5,156,0,0,0,0,1,0.440518784350495,-0.8977433935342337,0.43388373911755823,-0.900968867902419,5819.709029702969,6073.7725966145,5987.532417757904,5500.891408495688,5815.0520600447135,5568.405148514851,5780.555988502076,6162.723181092303,8652.360396039603,,6373.7452720719075,807.7849634549387,6333.7591624766155,768.6095803097753,6207.481286362184,737.2517080427212,6246.3139677875615,747.4294700293707,6086.2463291508875,739.2646481269235,6005.326592439658,738.1525878003738,6009.125817800489,742.5210753322731,5963.205386469661,793.752870145367,5691.8549621903585,935.264751010302,0.0094388100067615,57.329185563718056,0.11456513624486764,630.2103736825302,,,630.2103736825302,-31.621398914085148,,2025-06-05
2025,6,2,4,23,0,6443.003762376238,6131.101782178218,5819.709029702969,5814.8713663366325,5504.242455445545,6073.7725966145,7229.390993292877,6131.271524752476,311.6474010062726,6174.301267326732,651.1949617253665,6172.598366017247,686.2946532507176,311.9019801980203,-786.387230916639,0.05087209302325579,-0.10877641445126096,1.2246467991473532e-16,-1.0,1.2246467991473532e-16,-1.0,6,157,0,0,0,0,1,0.42500033996955416,-0.9051931898913974,-0.433883739117558,-0.9009688679024191,6131.101782178218,6390.397253273714,6299.845065474289,5512.595432769082,6118.740689875439,5854.845742574257,6054.060555732993,7318.095177259662,5527.277227722772,,6381.260487657982,808.2103051235625,6343.984783683897,769.0758320266,6238.494897349089,726.5034711580442,6257.894791805447,747.8915707340543,6096.749150933066,740.0948884396097,6009.9568687092205,739.680267544381,5999.40257985734,730.8251629675175,5968.292756106624,793.8778393396203,5694.566690710885,934.6591839729325,0.008232118758434659,52.60650910252389,0.1687786344843003,930.4083296071558,,,930.4083296071558,-875.0914148834236,,2025-06-06
2025,6,2,5,23,1,7676.607920792079,6443.003762376238,6131.101782178218,5819.709029702969,5814.8713663366325,6390.397253273714,5433.131267965507,6750.237821782179,817.2771143055246,6231.589386138614,776.5571783398248,6359.554753752794,767.3333234862628,1233.604158415841,2243.4766528265727,0.1914641375222288,0.4129251700680272,1.2246467991473532e-16,-1.0,1.2246467991473532e-16,-1.0,7,158,0,0,0,0,1,0.4093559588156213,-0.9123747579707273,-0.9749279121818236,-0.2225209339563146,6443.003762376238,7623.015809645481,7515.215586074736,5815.0520600447135,7299.615138933248,6979.602475247524,7188.734908974768,7007.630533375917,5011.398019801981,,6388.916503536067,822.0687090744983,6355.512807592279,788.935580810285,6300.546759374001,767.4355805570933,6271.358819728977,770.3947632106214,6109.195676746362,760.783959996905,6015.764880754666,750.8782571739197,6006.835661939741,744.4695257995182,5983.099477778792,800.7557617425908,5701.696335423407,940.5133137952029,0.007030303030302942,53.592111146598654,0.32012711864406795,1861.5558607473658,,,1861.5558607473658,668.977387416162,,2025-06-07
2025,6,2,6,23,1,7375.654336633663,7676.607920792079,6443.003762376238,6131.101782178218,5819.709029702969,7623.015809645481,5746.675918236984,7165.088673267327,643.1937724021305,6543.491366336634,801.4186469017862,6495.302955285851,792.7232537462912,-300.95358415841656,1628.9784183966785,-0.039203980099502544,0.2834644656447638,1.2246467991473532e-16,-1.0,1.2246467991473532e-16,-1.0,8,159,0,0,0,0,2,0.39359027665646673,-0.9192859697186104,-0.7818314824680299,0.6234898018587334,7676.607920792079,7332.879207920792,7229.390993292877,6118.740689875439,7022.414564037049,6709.584475247523,6883.44467582242,5242.417272436921,5748.368316831683,,6395.027236209336,830.3720402382555,6365.960189259479,802.2539951502854,6342.443880932609,791.1123886060424,6283.9745258931425,785.8858165658836,6121.08978141397,775.4072405875987,6021.624519573847,759.6008302845049,6030.538295986373,753.759637526801,5992.13995566658,807.2504933977391,5707.696184890111,944.1540657658479,0.005833333333333135,42.775128712870355,0.2054203161179904,1256.9136467582239,,,1256.9136467582239,2133.237064196742,,2025-06-08
2025,6,2,0,24,0,5536.3238019801975,7375.654336633663,7676.607920792079,6443.003762376238,6131.101782178218,7332.879207920792,5758.37994251038,6862.862019801981,1158.628930012014,6497.066772277227,858.1290321041057,6476.7982769083355,813.8007428438744,-1839.3305346534653,-222.05614053018235,-0.24937862468931238,-0.03856225930680368,1.2246467991473532e-16,-1.0,1.2246467991473532e-16,-1.0,9,160,0,0,0,0,2,0.3777079652039649,-0.9259247771938498,0.0,1.0,7375.654336633663,5504.242455445545,5433.131267965507,7299.615138933248,5277.898946023634,5039.06293069307,5149.277879271798,5519.61784733312,5306.186138613861,,6399.610285714285,824.7053396187256,6373.331084546242,793.4498802882389,6283.667503034174,783.0074297739441,6293.203985034449,775.075966677129,6129.969439829813,765.5758975485962,6026.232209129899,755.4078026702614,6030.723917704673,753.6344505792447,5993.418498240837,806.339728932042,5707.084140665433,942.516158421243,0.005828476269775118,32.081346534652766,-0.24155949367088614,-1763.2913369530506,,,-1763.2913369530506,16.705954647077306,,2025-06-09
2025,6,2,1,24,0,5848.735009900989,5536.3238019801975,7375.654336633663,7676.607920792079,6443.003762376238,5504.242455445545,6073.7725966145,6253.57104950495,984.2272949623024,6501.904435643565,853.6166965868408,6458.045144682211,826.4272364358962,312.41120792079164,-225.0375867135108,0.05642935982339958,-0.03705070993914816,1.2246467991473532e-16,-1.0,1.2246467991473532e-16,-1.0,10,161,0,0,0,0,2,0.36171373072976765,-0.9322892131745133,0.7818314824680298,0.6234898018587336,5536.3238019801975,5814.8713663366325,5746.675918236984,7022.414564037049,5582.819578409453,5326.267366336633,5421.304043436601,5505.573018205046,5527.277227722772,,6404.447949080622,820.7936736205728,6380.6210196651,787.6975016218555,6244.544851229639,774.0939089041093,6302.700964730575,767.6427514121011,6139.299219179176,758.7565940251093,6031.32067301638,752.7186942737558,6034.536828723516,751.8135588199284,5995.204374808493,805.6572468990765,5707.588236285488,940.8695357831153,0.005823627287853572,33.86364356435661,-0.16713333333333347,-1173.6795541360598,,,-1173.6795541360598,343.16199169594347,,2025-06-10
2025,6,2,2,24,0,5853.572673267326,5848.735009900989,5536.3238019801975,7375.654336633663,7676.607920792079,5814.8713663366325,6390.397253273714,5746.210495049504,181.7833014673982,6455.649584158415,884.6818323027345,6413.309763015011,844.7483448484029,4.837663366336528,-536.8245800063887,0.0008271298593878207,-0.08400488400488415,1.2246467991473532e-16,-1.0,1.2246467991473532e-16,-1.0,11,162,0,0,0,0,2,0.3456123126707335,-0.9383773917408641,0.9749279121818236,-0.22252093395631434,5848.735009900989,5819.709029702969,5758.37994251038,5277.898946023634,5594.523602682849,5333.523861386138,5407.259214308528,5780.555988502076,5895.762376237624,,6409.285612446959,816.8632762681117,6387.420500433453,782.3054854327867,6263.733975471096,756.2345074499798,6311.952717251448,760.317672902769,6148.585805105626,751.8664357637766,6036.633928480174,749.8301910947637,6035.3481252209085,751.5757629489026,5994.969987569772,805.6924751440574,5708.105911593933,939.2341303913074,0.005818786367414841,33.86364356435661,0.10907251789604722,575.6737272436912,,,575.6737272436912,73.01668476524992,,2025-06-11
2025,6,2,3,24,0,6166.747722772277,5853.572673267326,5848.735009900989,5536.3238019801975,7375.654336633663,5819.709029702969,7623.015809645481,5956.351801980197,182.2242666638252,6409.606910891089,892.6247278858951,6291.95408910891,755.0000091950121,313.17504950495095,-1456.268086873204,0.053501522401044,-0.19103569023569034,1.2246467991473532e-16,-1.0,1.2246467991473532e-16,-1.0,12,163,0,0,0,0,2,0.3294084822245304,-0.9441875088341993,0.43388373911755823,-0.900968867902419,5853.572673267326,6131.101782178218,6073.7725966145,5582.819578409453,5901.292238901309,5621.87405940594,5677.0677738741615,6054.060555732993,6043.156435643565,,6414.377889674682,814.9489286847114,6394.061580873294,779.8287955568749,6283.198246949856,745.5436447051296,6321.433270246839,756.6535930790255,6158.315691951453,748.4441508362213,6042.463451681343,748.9040053329667,6036.600204854679,751.7011415249495,5995.656605831597,805.7864267915631,5709.7265540362605,937.9636541257917,0.005813953488371881,35.64594059405863,0.10459376953915189,583.9281443628233,,,583.9281443628233,112.68716703928385,,2025-06-12
2025,6,2,4,24,0,6480.432000000001,6166.747722772277,5853.572673267326,5848.735009900989,5536.3238019801975,6131.101782178218,7332.879207920792,6166.917465346534,313.42969783882535,6210.244257425743,655.003259952736,6220.916821782178,685.0161545844597,313.6842772277241,-852.4472079207917,0.050867052023121584,-0.11624999999999996,1.2246467991473532e-16,-1.0,1.2246467991473532e-16,-1.0,13,164,0,0,0,0,2,0.3131070409358269,-0.9497178427914316,-0.433883739117558,-0.9009688679024191,6166.747722772277,6443.003762376238,6390.397253273714,5594.523602682849,6209.292877674864,5910.9880990099,5945.397930373682,7188.734908974768,6264.247524752475,,6419.7247807637905,815.290757785105,6400.4926342108865,780.1674257531004,6312.728526860428,734.7927627941253,6331.11681032988,756.9002419635651,6168.484333040562,748.8909750446553,6048.832904891179,750.342373446624,6028.730172532737,743.1625245165621,5996.857630694083,806.3499126116083,5712.440305606556,937.4212346150296,0.0058091286307053736,37.42823762376247,0.15835278573001554,885.9083973171519,,,885.9083973171519,-708.302908974767,,2025-06-13
2025,6,2,5,24,1,7721.165346534653,6480.432000000001,6166.747722772277,5853.572673267326,5848.735009900989,6443.003762376238,5504.242455445545,6789.448356435644,821.9926208150098,6267.829425742574,781.0188125618649,6405.660396039603,768.0719475273825,1240.733346534652,2216.922891089108,0.19145843155744124,0.40276621334073437,1.2246467991473532e-16,-1.0,1.2246467991473532e-16,-1.0,14,165,0,0,0,0,2,0.29671281927349075,-0.9549667548552551,-0.9749279121818236,-0.2225209339563146,6480.432000000001,7676.607920792079,7623.015809645481,5901.292238901309,7407.415362503993,7046.438613861386,7059.374640689875,6883.44467582242,6116.853465346535,,6426.090127298444,826.8315843699098,6407.503315417256,792.344192991186,6373.3909637815395,773.7438817484647,6342.322166902404,775.517653614497,6180.533024695442,768.4453978802509,6056.711365675046,764.4229458106231,6038.038179985095,759.0640325767408,6005.770474478461,816.4864486150838,5719.488463644899,943.3038547204221,0.005804311774460835,44.55742574257329,0.3083855254001391,1819.8731076333434,,,1819.8731076333434,837.7206707122323,,2025-06-14
2025,6,2,6,24,1,7418.429465346534,7721.165346534653,6480.432000000001,6166.747722772277,5853.572673267326,7676.607920792079,5814.8713663366325,7206.675603960396,646.9038434417522,6581.513702970296,806.0204645961624,6539.290237623762,794.9651780681025,-302.7358811881186,1603.5580990099015,-0.03920857378400655,0.27576845608196887,1.2246467991473532e-16,-1.0,1.2246467991473532e-16,-1.0,15,166,0,0,0,0,3,0.28023067519921585,-0.9599326896597447,-0.7818314824680299,0.6234898018587334,7721.165346534653,7375.654336633663,7332.879207920792,6209.292877674864,7125.902778664963,6773.747168316831,6759.258818268923,5149.277879271798,6485.338613861386,,6432.200859971711,835.1353782751438,6413.614048090523,800.3196248807269,6413.695516703929,796.0712110768037,6352.769548569603,788.3291811852076,6192.045208570971,782.1999395669884,6064.558635283112,775.0316985109371,6063.250975385925,766.8572510322273,6010.954312542267,822.4882347921413,5725.428816797703,946.9911767490607,0.0057995028997515075,42.775128712871265,0.19473015873015864,1209.13658767167,,,1209.13658767167,2269.151586074736,,2025-06-15
2025,6,2,0,25,0,5568.405148514851,7418.429465346534,7721.165346534653,6480.432000000001,6166.747722772277,7375.654336633663,5819.709029702969,6902.666653465346,1165.3765812535644,6534.792059405941,863.0958005887161,6518.348247524752,818.6032403273568,-1850.0243168316829,-251.30388118811788,-0.2493822075782537,-0.04318151988449914,1.2246467991473532e-16,-1.0,1.2246467991473532e-16,-1.0,16,167,0,0,0,0,3,0.26366549272800704,-0.9646141756912435,0.0,1.0,7418.429465346534,5536.3238019801975,5504.242455445545,7407.415362503993,5355.51510699457,5087.18495049505,5056.138486106675,5421.304043436601,7738.1881188118805,,6436.783909476661,829.468393809853,6418.197097595474,794.8767129955294,6352.395176237624,787.673495774679,6360.372764338185,779.329975409343,6200.638426392755,772.4235355492524,6070.65704793083,768.9931311560023,6064.885432109017,765.6294316380439,5998.899962707284,812.8765127398299,5724.881696002291,945.3795863997126,0.005794701986755024,32.081346534653676,-0.2482661122661124,-1839.0102139891414,,,-1839.0102139891414,147.10110507824993,,2025-06-16
2025,6,2,1,25,0,5882.598653465346,5568.405148514851,7418.429465346534,7721.165346534653,6480.432000000001,5536.3238019801975,6131.101782178218,6289.81108910891,989.9565490586954,6539.629722772276,858.5834582321778,6497.639653465347,832.3185298706935,314.19350495049457,-248.50312871287224,0.056424325560128,-0.04053156146179415,1.2246467991473532e-16,-1.0,1.2246467991473532e-16,-1.0,17,168,0,0,0,0,3,0.24702218048093552,-0.9690098257244062,0.7818314824680298,0.6234898018587336,5568.405148514851,5848.735009900989,5814.8713663366325,7125.902778664963,5664.747748323219,5377.062831683167,5322.990239540082,5407.259214308528,8769.946534653465,,6441.621572842998,825.556667422779,6423.03476096181,791.1196043365599,6310.951705397636,778.223539952932,6368.153153807546,773.1913102023971,6209.665851781721,765.5468081992383,6077.319052858512,764.8507087799028,6070.166981432982,762.6757720792259,5982.859141145129,785.9308388092217,5725.429324326816,943.7769053495884,0.005789909015715411,33.86364356435661,-0.1744767173812818,-1243.3041251996174,,,-1243.3041251996174,475.3394391568181,,2025-06-17
2025,6,2,2,25,0,5887.436316831682,5882.598653465346,5568.405148514851,7418.429465346534,7721.165346534653,5848.735009900989,6443.003762376238,5779.48003960396,182.81222055135953,6493.077821782178,889.8472396611988,6451.342366336634,850.8785434492369,4.837663366336528,-555.567445544556,0.000822368421052655,-0.0862280181782259,1.2246467991473532e-16,-1.0,1.2246467991473532e-16,-1.0,18,169,0,0,0,0,3,0.23030567023061221,-0.9731183372332619,0.9749279121818236,-0.22252093395631434,5882.598653465346,5853.572673267326,5819.709029702969,5355.51510699457,5676.451772596614,5384.319326732672,5308.945410412008,5677.0677738741615,5676.980198019802,,6446.459236209334,821.6263176912681,6427.872424328147,787.3445674345464,6328.682412392207,761.5863507007667,6375.688316101655,767.2055529396348,6218.650083747775,758.6054217139708,6084.205849363508,760.4405176054757,6072.504409688065,761.7793146224162,5984.028341805194,785.6297379751588,5725.989902155553,942.1851753841601,0.005785123966942196,33.86364356435661,0.09932213787286259,531.9212098371127,,,531.9212098371127,210.36854295752073,,2025-06-18
2025,6,2,3,25,0,6202.393663366336,5887.436316831682,5882.598653465346,5568.405148514851,7418.429465346534,5853.572673267326,7676.607920792079,5990.809544554454,183.25318618446417,6446.7380990099,897.8411544776716,6328.4911782178215,759.3973721693203,314.9573465346539,-1474.2142574257432,0.05349651861782645,-0.19203980099502493,1.2246467991473532e-16,-1.0,1.2246467991473532e-16,-1.0,19,170,0,0,0,0,3,0.21352091543979612,-0.9769384927771817,0.43388373911755823,-0.900968867902419,5887.436316831682,6166.747722772277,6131.101782178218,5664.747748323219,5987.532417757904,5675.34297029703,5573.579559246246,5945.397930373682,5147.1287128712875,,6451.551513437057,819.712021548204,6432.96470155587,785.5059076246881,6346.603942893644,751.685542514869,6383.3619320162425,764.2482388312973,6228.06170326687,755.0032085789466,6091.691731555413,758.4457294135632,6075.359917832428,761.7791767704593,5989.890924863501,783.283509592449,5727.632673745935,940.9696362410332,0.005780346820809301,35.64594059405954,0.09491083079599827,537.6459150431174,,,537.6459150431174,256.99573299265376,,2025-06-19
2025,6,2,4,25,0,6517.860237623763,6202.393663366336,5887.436316831682,5882.598653465346,5568.405148514851,6166.747722772277,7375.654336633663,6202.563405940593,315.2119946736086,6246.187247524752,658.8115631268173,6257.008336633662,688.9729152916252,315.46657425742706,-857.7940990098996,0.05086206896551748,-0.11630074565037263,1.2246467991473532e-16,-1.0,1.2246467991473532e-16,-1.0,20,171,0,0,0,0,3,0.19667288979357647,-0.980469160361632,-0.433883739117558,-0.9009688679024191,6202.393663366336,6480.432000000001,6443.003762376238,5676.451772596614,6299.845065474289,5967.130455445545,5836.735305014372,7059.374640689875,5904.059405940594,,6456.898404526167,820.0538020269141,6438.311592644977,785.8342026032611,6374.6508917278825,741.4461483668682,6391.148188164438,764.476393315052,6237.896163662909,755.129409947747,6099.800361705525,759.3276001151153,6069.343091131694,756.0366208970559,5993.300929483961,784.2432518588081,5730.34823238469,940.4874161326026,0.005775577557755707,37.42823762376247,0.14822788931090636,841.4084650271488,,,841.4084650271488,-541.5144030661122,,2025-06-20
2025,6,2,5,25,1,7765.722772277228,6517.860237623763,6202.393663366336,5887.436316831682,5882.598653465346,6480.432000000001,5536.3238019801975,6828.658891089109,826.7081274179673,6304.069465346535,785.4804472995156,6442.791584158415,772.4911607120267,1247.8625346534645,2229.3989702970302,0.19145279112465308,0.4026857983811627,1.2246467991473532e-16,-1.0,1.2246467991473532e-16,-1.0,21,172,0,0,0,0,3,0.1797665857255624,-0.9837092937736097,-0.9749279121818236,-0.2225209339563146,6517.860237623763,7721.165346534653,7676.607920792079,5987.532417757904,7515.215586074736,7113.274752475247,6930.014372404981,6759.258818268923,5449.9009900990095,,6463.263751060819,831.5944655520418,6444.676939179632,796.9188511121753,6433.923903545193,779.5301613899634,6400.094873385956,779.4380400522919,6249.547021159373,773.6864329662018,6109.749271227814,775.6360417121666,6080.526023954008,773.5958444102102,6006.16660605162,794.2112831832063,5737.318693137747,946.3955316757961,0.005770816158285452,44.557425742575106,0.2969821673525379,1778.1903545193236,,,1778.1903545193236,1006.4639540083044,,2025-06-21
2025,6,2,6,25,1,7461.204594059405,7765.722772277228,6517.860237623763,6202.393663366336,5887.436316831682,7721.165346534653,5848.735009900989,7248.262534653465,650.6139153491549,6619.5360396039605,810.6222828973831,6577.16404950495,799.5316162466528,-304.5181782178224,1612.4695841584162,-0.03921311475409839,0.2756954420791433,1.2246467991473532e-16,-1.0,1.2246467991473532e-16,-1.0,22,173,0,0,0,0,4,0.16280701293851715,-0.986657932891657,-0.7818314824680299,0.6234898018587334,7765.722772277228,7418.429465346534,7375.654336633663,6299.845065474289,7229.390993292877,6837.909861386138,6635.072960715425,5056.138486106675,5676.980198019802,,6469.374483734086,839.8987168920902,6450.787671852899,804.89475194277,6472.635887831363,801.1784607569826,6408.3739305561885,789.7360402981468,6260.6772842428245,786.6787968580452,6119.584171624765,787.5237761366698,6107.248980709039,779.3308150907704,6016.078963807395,801.1834669570777,5743.202262765466,950.1261815769574,0.005766062602965416,42.775128712871265,0.1843473159284248,1161.359528585116,,,1161.359528585116,2405.06610795273,,2025-06-22
2025,6,2,0,26,0,5600.486495049505,7461.204594059405,7765.722772277228,6517.860237623763,6202.393663366336,7418.429465346534,5853.572673267326,6942.471287128712,1172.124232684048,6572.5173465346525,868.062572148919,6556.073534653465,823.3377583166656,-1860.7180990099005,-253.08617821782082,-0.2493857493857493,-0.04323618964767273,1.2246467991473532e-16,-1.0,1.2246467991473532e-16,-1.0,23,174,0,0,0,0,4,0.1457991969198751,-0.9893142039703663,0.0,1.0,7461.204594059405,5568.405148514851,5536.3238019801975,7515.215586074736,5433.131267965507,5135.30697029703,4962.999092941552,5322.990239540082,6055.445544554455,,6473.957533239038,834.2314518263172,6455.37072135785,799.4515506240293,6408.811584797189,791.4671391844026,6414.3509029520455,782.6835352213164,6268.984061470548,776.9757631691248,6127.173307364146,779.2722300484816,6110.33227243692,776.7377839328742,6013.551413532367,801.7760072669463,5742.716834984119,948.5399390862198,0.0057613168724279795,32.081346534653676,-0.2547803278688524,-1914.7290910252314,,,-1914.7290910252314,277.49625550942255,,2025-06-23
2025,6,2,1,26,0,5916.462297029702,5600.486495049505,7461.204594059405,7765.722772277228,6517.860237623763,5568.405148514851,6166.747722772277,6326.051128712871,995.6858034919627,6577.355009900991,863.5502230478514,6535.216415841584,837.1511985518663,315.9758019801975,-250.28542574257426,0.05641934897254042,-0.040586292320396344,1.2246467991473532e-16,-1.0,1.2246467991473532e-16,-1.0,24,175,0,0,0,0,4,0.12874817745258132,-0.99167731989929,0.7818314824680298,0.6234898018587336,5600.486495049505,5882.598653465346,5848.735009900989,7229.390993292877,5746.675918236984,5427.858297029703,5224.676435643563,5308.945410412008,6206.831683168317,,6478.795196605374,830.3196657611708,6460.2083847241865,795.6943714052707,6365.04729492175,780.7552621820204,6420.414702194643,777.9626423586928,6277.709132899118,770.0713006937784,6135.408853333029,773.251728831551,6117.082460066007,772.3223760431147,6011.938250276042,801.6770609656867,5743.30580265207,946.97943331785,0.005756578947368363,33.86364356435661,-0.18160986139513746,-1312.928696263175,,,-1312.928696263175,607.5168866176946,,2025-06-24
2025,6,2,2,26,0,5921.299960396039,5916.462297029702,5600.486495049505,7461.204594059405,7765.722772277228,5882.598653465346,6480.432000000001,5812.749584158416,183.8411406493509,6530.50605940594,895.0126490995435,6488.622079207921,855.8293753683312,4.837663366336528,-559.1320396039619,0.0008176614881438837,-0.08628005657708648,1.2246467991473532e-16,-1.0,1.2246467991473532e-16,-1.0,25,176,0,0,0,0,4,0.11165900712169512,-0.993746580436178,0.9749279121818236,-0.22252093395631434,5916.462297029702,5887.436316831682,5853.572673267326,5433.131267965507,5758.37994251038,5435.114792079207,5231.932930693069,5573.579559246246,6433.910891089109,,6483.632859971711,826.3893631232434,6465.046048090523,791.9193668403955,6381.319584669434,765.6028770825287,6426.233274261988,773.4237521144545,6286.3910109047765,763.1082459033703,6143.615603686635,767.1817460470808,6120.946020078782,770.4403878617526,6009.090411772191,801.0799563275243,5743.90713426607,945.4296283575619,0.005751848808545734,33.86364356435661,0.0898503401360542,488.16869243053225,,,488.16869243053225,347.72040114979245,,2025-06-25
2025,6,2,3,26,0,6238.039603960396,5921.299960396039,5916.462297029702,5600.486495049505,7461.204594059405,5887.436316831682,7721.165346534653,6025.267287128711,184.28210671182998,6483.869287128713,903.0575828619818,6365.028267326732,763.7947501677315,316.7396435643568,-1483.125742574257,0.05349157206742361,-0.19208573784006588,1.2246467991473532e-16,-1.0,1.2246467991473532e-16,-1.0,26,177,0,0,0,0,4,0.09453674981719912,-0.9955213724144752,0.43388373911755823,-0.900968867902419,5921.299960396039,6202.393663366336,6166.747722772277,5746.675918236984,6073.7725966145,5728.811881188119,5514.936237623761,5836.735305014372,6282.524752475248,,6488.725137199434,824.4751178354721,6470.138325318246,790.0807496834857,6397.698374193548,756.7624740927679,6432.099953095771,771.2712146195278,6295.484363097138,759.3680806941705,6152.223977095406,764.093158189649,6125.404956733737,769.9381458266047,6008.84327205822,801.0019865534437,5745.570879955277,944.2666851756518,0.005747126436781658,35.64594059405954,0.08550398399256798,491.36368572341144,,,491.36368572341144,401.30429894602366,,2025-06-26
2025,6,2,4,26,0,6555.288475247525,6238.039603960396,5921.299960396039,5916.462297029702,5600.486495049505,6202.393663366336,7418.429465346534,6238.2093465346525,316.9942915105866,6282.130237623762,662.6198711623194,6293.099851485148,692.929690968611,317.2488712871291,-863.1409900990093,0.050857142857142934,-0.11635090609555188,1.2246467991473532e-16,-1.0,1.2246467991473532e-16,-1.0,27,178,0,0,0,0,4,0.07738647923346301,-0.9970011699250151,-0.433883739117558,-0.9009688679024191,6238.039603960396,6517.860237623763,6480.432000000001,5758.37994251038,6390.397253273714,6028.188502076014,5798.7033861386135,6930.014372404981,6660.9900990099,,6494.072028288543,824.8168502526314,6475.4852164073545,790.4089993910897,6424.261991951453,747.4769430849246,6437.98892530912,771.5704521854176,6304.896862618059,759.2614028223795,6161.230942441939,764.3349188651399,6121.241335654211,766.5438700445907,6008.256040815095,800.559837164556,5748.288053093841,943.8419158888953,0.005742411812961423,37.42823762376156,0.1383910997004707,796.9085327371449,,,796.9085327371449,-374.72589715745653,,2025-06-27
2025,6,2,5,26,1,7810.280198019802,6555.288475247525,6238.039603960396,5921.299960396039,5916.462297029702,6517.860237623763,5568.405148514851,6867.869425742574,831.4236341128075,6340.309504950495,789.9420825440401,6479.922772277227,776.9103885076879,1254.9917227722772,2241.8750495049508,0.19144721510137486,0.4026063100137176,1.2246467991473532e-16,-1.0,1.2246467991473532e-16,-1.0,28,179,0,0,0,0,4,0.06021327736579302,-0.9981855344718586,-0.9749279121818236,-0.2225209339563146,6555.288475247525,7765.722772277228,7721.165346534653,6073.7725966145,7623.015809645481,7191.814915362504,6912.766336633663,6635.072960715425,7947.772277227722,,6500.4373748231965,836.3573525203228,6481.850562942008,801.4935304490672,6482.145578664962,785.6607146074797,6444.676939179632,782.9504545661102,6315.940885522653,776.6947252105417,6171.915631267965,781.0575268648007,6134.299193846481,785.1783563844521,6007.4921959306075,798.7625075297668,5755.184347892925,949.7727518206892,0.0057377049180327155,44.557425742574196,0.2859026369168358,1736.507601405302,,,1736.507601405302,1175.2072373043766,,2025-06-28
2025,6,2,6,26,1,7503.979722772277,7810.280198019802,6555.288475247525,6238.039603960396,5921.299960396039,7765.722772277228,5882.598653465346,7289.849465346534,654.3239881095799,6657.558376237624,815.2241017951715,6615.0378613861385,804.0980693675466,-306.30047524752536,1621.3810693069308,-0.03921760391198048,0.2756232686980611,1.2246467991473532e-16,-1.0,1.2246467991473532e-16,-1.0,29,180,0,0,0,0,5,0.04302223300453059,-0.99907411510223,-0.7818314824680299,0.6234898018587334,7810.280198019802,7461.204594059405,7418.429465346534,6390.397253273714,7332.879207920792,6918.926349409134,6645.421782178217,4962.999092941552,9007.475247524751,,6506.548107496463,844.6620560792808,6487.961295615276,809.4698947110164,6519.264994314915,807.1877901436807,6450.7876718529,790.7680690519065,6326.388267189853,788.7935646820653,6182.13655913218,792.8569114797212,6162.5323119557115,788.2657011374291,5999.139443015316,774.7152100867668,5761.013665809189,953.543713493063,0.005733005733005836,42.775128712871265,0.1742587237324078,1113.5824694985622,,,1113.5824694985622,2540.980629830725,,2025-06-29
2025,6,2,0,27,0,5632.5678415841585,7503.979722772277,7810.280198019802,6555.288475247525,6238.039603960396,7461.204594059405,5887.436316831682,6982.275920792079,1178.87188430022,6610.242633663365,873.0293467322218,6593.798821782178,828.0722919308029,-1871.411881188118,-254.86847524752375,-0.24938925081433216,-0.043290230506422,1.2246467991473532e-16,-1.0,1.2246467991473532e-16,-1.0,30,181,0,1,0,1,5,0.02581844022713308,-0.9996666485105112,0.0,1.0,7503.979722772277,5600.486495049505,5568.405148514851,7623.015809645481,5504.242455445545,5200.282785052698,4990.940910891089,5224.676435643563,5442.3712871287125,,6511.131157001414,838.9945136029669,6492.544345120225,804.0264073588738,6452.91672871287,795.0474923142497,6455.37072135785,785.4328713615124,6334.107643199343,779.6348455037937,6189.774974973765,784.2870333179336,6167.064438688384,783.9738205547932,6000.196090540067,774.0810285754238,5760.586935496149,951.981936045592,0.005728314238952592,32.081346534653676,-0.261110303030303,-1990.4479680613222,,,-1990.4479680613222,407.8914059405952,,2025-06-30
2025,7,3,1,27,0,5950.325940594059,5632.5678415841585,7503.979722772277,7810.280198019802,6555.288475247525,5600.486495049505,6202.393663366336,6362.291168316831,1001.4150582563217,6615.080297029704,868.5169909794708,6572.793178217821,841.9838820175206,317.75809900990043,-252.0677227722772,0.056414429075128725,-0.04064039408866993,-0.4999999999999998,-0.8660254037844388,-1.0,-1.8369701987210297e-16,1,182,1,0,1,0,1,0.008606996888688698,-0.9999629591162655,0.7818314824680298,0.6234898018587336,5632.5678415841585,5916.462297029702,5882.598653465346,7332.879207920792,5814.8713663366325,5500.891408495688,5275.471900990098,5231.932930693069,5711.563845416799,,6515.968820367751,835.0826685581292,6497.382008486563,800.2691584767512,6406.83161980198,782.2483809090139,6460.2083847241865,781.7502916502693,6342.133259843956,773.1883128264096,6197.808951635716,778.2415649205476,6175.04658324284,777.9799612502555,6001.5225466243855,773.7881832232251,5761.215210347466,950.4619678462018,0.005723630417007408,33.86364356435661,-0.18854166666666672,-1382.5532673267335,,,-1382.5532673267335,718.3930099009904,,2025-07-01
2025,7,3,2,27,0,5957.348355158096,5950.325940594059,5632.5678415841585,7503.979722772277,7810.280198019802,5916.462297029702,6517.860237623763,5846.747379112105,185.51815085952893,6568.29842222932,899.8810119531536,6526.0838546790155,860.6487513262359,7.022414564036808,-560.5118824656674,0.001180173092053538,-0.08599630277896464,-0.4999999999999998,-0.8660254037844388,-1.0,-1.8369701987210297e-16,2,183,0,0,0,0,1,-0.008606996888688009,-0.9999629591162655,0.9749279121818236,-0.22252093395631434,5950.325940594059,5921.299960396039,5887.436316831682,5504.242455445545,5819.709029702969,5512.595432769082,5282.7283960396035,5514.936237623761,5979.031600127755,,6521.118591048044,830.9049795375296,6502.375725509877,796.3789645418217,6421.935149792398,768.4733603316823,6465.124074919012,777.9973624786923,6350.075276315189,766.7701252220252,6205.840141625222,772.1414857541226,6179.962273437665,775.1547368449251,6001.402084152332,773.7933919431558,5761.862514455753,948.9539464007516,0.006087919038583189,36.04839476205689,0.08231939333709337,453.10589971255104,,,453.10589971255104,442.41211753433436,,2025-07-02
2025,7,3,3,27,0,6278.2850207601405,5957.348355158096,5950.325940594059,5632.5678415841585,7503.979722772277,5921.299960396039,7765.722772277228,6061.986438837433,187.35297164151015,6522.131179814755,907.7531830897017,6402.130708719258,768.0084062099794,320.93666560204474,-1487.4377515170872,0.05387240202667787,-0.1915388683236383,-0.4999999999999998,-0.8660254037844388,-1.0,-1.8369701987210297e-16,3,184,0,0,0,0,1,-0.02581844022713239,-0.9996666485105112,0.43388373911755823,-0.900968867902419,5957.348355158096,6238.039603960396,6202.393663366336,5814.8713663366325,6131.101782178218,5815.0520600447135,5568.405148514851,5798.7033861386135,7096.334717342702,,6526.867936305151,828.7562523900476,6507.796536752292,794.4358874633155,6437.382271606515,760.4657913787445,6470.380619154081,776.1519862985394,6358.347293470822,763.3845152782226,6214.291092485285,768.9590136979574,6185.290958266794,774.1521390618105,5996.8573636157635,769.7181922222043,5763.561272700174,947.84960691328,0.006451612903225934,40.24541679974482,0.07969456678032394,463.413654423508,,,463.413654423508,479.581634621527,,2025-07-03
2025,7,3,4,27,0,6599.960887895241,6278.2850207601405,5957.348355158096,5950.325940594059,5632.5678415841585,6238.039603960396,7461.204594059405,6278.53142127116,321.3063372275987,6320.411294793995,666.7328258497541,6330.360399872246,696.9996472218025,321.6758671351008,-861.243706164164,0.051236263736263776,-0.11542957913925644,-0.4999999999999998,-0.8660254037844388,-1.0,-1.8369701987210297e-16,4,185,0,0,0,0,1,-0.04302223300453034,-0.99907411510223,-0.433883739117558,-0.9009688679024191,6278.2850207601405,6555.288475247525,6517.860237623763,5819.709029702969,6443.003762376238,6118.740689875439,5854.845742574257,6912.766336633663,6791.783685723411,,6533.24970954054,829.1834656842194,6513.660868914541,794.8188209042735,6463.390666879591,751.9069286185301,6475.986230779759,776.5136513698762,6366.940511292604,763.346770641728,6223.161510881963,769.060307711332,6181.8153421697,771.5471840749095,5995.791681405606,768.7436339006791,5766.303566520486,947.5005042570474,0.006814713466294808,44.672412647716556,0.13407059600574134,780.2518581922723,,,780.2518581922723,-312.80544873842155,,2025-07-04
2025,7,3,5,27,1,7866.336314276588,6599.960887895241,6278.2850207601405,5957.348355158096,5950.325940594059,6555.288475247525,5600.486495049505,6914.860740977322,839.5523603761369,6380.804060044714,798.72767961496,6519.181218141169,782.9176240337183,1266.375426381347,2265.8498192270836,0.19187620167628006,0.4045808915403972,-0.4999999999999998,-0.8660254037844388,-1.0,-1.8369701987210297e-16,5,186,0,0,0,0,1,-0.060213277365792774,-0.9981855344718586,-0.9749279121818236,-0.2225209339563146,6599.960887895241,7810.280198019802,7765.722772277228,6131.101782178218,7676.607920792079,7299.615138933248,6979.602475247524,6645.421782178217,5078.314532098371,,6541.257726148651,843.7155373204575,6520.847550485923,807.366527572237,6521.231817949536,791.1804684004683,6482.7622448327775,788.1196205623228,6377.060532280877,779.5217258209259,6233.7178661085,785.4790698936276,6195.381059193016,790.2956884325187,6011.280691306596,778.1838255338183,5773.166418637337,953.5334045055735,0.007177222178405218,56.05611625678648,0.28302164826921006,1735.2345320983704,,,1735.2345320983704,1220.9145320983716,,2025-07-05
2025,7,3,6,27,1,7560.553280102204,7866.336314276588,6599.960887895241,6278.2850207601405,5957.348355158096,7810.280198019802,5916.462297029702,7342.283494091344,660.8009948157919,6702.1349664643885,824.8950243519009,6656.188800063876,811.1996060697094,-305.78303417438474,1644.0909830725013,-0.03887235708692238,0.27788413084249686,-0.4999999999999998,-0.8660254037844388,-1.0,-1.8369701987210297e-16,6,187,0,0,0,0,1,-0.07738647923346322,-0.9970011699250151,-0.7818314824680299,0.6234898018587334,7866.336314276588,7503.979722772277,7461.204594059405,6443.003762376238,7375.654336633663,7022.414564037049,6709.584475247523,4990.940910891089,5344.057483232194,,6549.33966291007,854.6742076282128,6527.943885203267,816.65079870075,6558.483468540402,813.3682285799052,6489.365778528083,796.6070345468278,6386.670152210613,790.8565966525478,6243.848447118675,797.0921854497451,6223.932307739807,792.7065070985338,6023.594556844763,785.0730563646066,5778.988525677939,957.424140333297,0.007539140485447238,56.5735573299271,0.17345163202478142,1117.5495177259654,,,1117.5495177259654,2569.612369211115,,2025-07-06
2025,7,3,0,28,0,5677.0677738741615,7560.553280102204,7866.336314276588,6599.960887895241,6278.2850207601405,7503.979722772277,5921.299960396039,7034.652456084317,1185.6023545126548,6656.591938677739,880.3817285322866,6635.836117853721,834.055721211656,-1883.4855062280421,-244.23218652187734,-0.24912006257332808,-0.041246379706381564,-0.4999999999999998,-0.8660254037844388,-1.0,-1.8369701987210297e-16,7,188,0,0,0,0,1,-0.09453674981719933,-0.9955213724144752,0.0,1.0,7560.553280102204,5632.5678415841585,5600.486495049505,7676.607920792079,5536.3238019801975,5277.898946023634,5039.06293069307,5275.471900990098,5327.67184924944,,6555.696796094356,846.8483523372868,6533.413976547885,810.191567609438,6491.8321303098055,800.4069588195531,6494.392348952867,790.7934670207326,6393.798166993657,782.4355363763767,6251.443742870832,788.4667932760508,6228.394484105185,788.4263422942579,6025.535645314901,783.7736432632707,5778.657614146108,955.8811876201236,0.007900469828604484,44.49993229000302,-0.26047183437650456,-1999.5401469179178,,,-1999.5401469179178,401.5958728840633,,2025-07-07
2025,7,3,1,28,0,5999.482842542318,5677.0677738741615,7560.553280102204,7866.336314276588,6599.960887895241,5632.5678415841585,6238.039603960396,6412.367965506227,1007.3405613874895,6663.614353241775,873.8323442125663,6615.956387735548,847.1395391896973,322.4150686681569,-238.55676141807726,0.05679253472222223,-0.038242264647794566,-0.4999999999999998,-0.8660254037844388,-1.0,-1.8369701987210297e-16,8,189,0,0,0,0,2,-0.11165900712169444,-0.9937465804361781,0.7818314824680298,0.6234898018587336,5677.0677738741615,5950.325940594059,5916.462297029702,7375.654336633663,5848.735009900989,5582.819578409453,5326.267366336633,5282.7283960396035,5590.827595017567,,6562.7192106583925,841.1765253134967,6539.344015513072,805.6194776912153,6445.959747173427,787.3356545492833,6499.776200118628,786.7376784851524,6401.238582424602,776.5423763924464,6259.45821282566,782.34716266054,6236.358422399659,782.3634651621956,6027.805952245593,783.0989900830822,5779.372258898199,954.4108493086555,0.008261211644374544,49.156901948259474,-0.18658297030761417,-1376.1714940913444,,,-1376.1714940913444,716.7544465027149,,2025-07-08
2025,7,3,2,28,0,6006.505257106355,5999.482842542318,5677.0677738741615,7560.553280102204,7866.336314276588,5950.325940594059,6555.288475247525,5894.351957840944,188.20637881899532,6618.317725966145,904.3138605659026,6570.224452890451,865.329813848574,7.022414564036808,-548.7832181411695,0.001170503316425986,-0.0837161049759062,-0.4999999999999998,-0.8660254037844388,-1.0,-1.8369701987210297e-16,9,190,0,0,0,0,2,-0.12874817745258066,-0.99167731989929,0.9749279121818236,-0.22252093395631434,5999.482842542318,5957.348355158096,5921.299960396039,5536.3238019801975,5853.572673267326,5594.523602682849,5333.523861386138,5568.405148514851,5852.25853720856,,6569.741625222429,835.4661941817861,6545.430108135238,800.8992915624617,6461.632462344299,773.1560762904305,6505.23807811288,782.6053033911905,6408.595397682164,770.6902206933908,6267.469896108044,776.1723115068668,6241.226201384009,779.5185706808603,6028.6628784672475,782.9902063030598,5780.104945989194,952.9525644172772,0.008251473477406623,49.156901948259474,0.08492665384889264,470.18145512615774,,,470.18145512615774,438.10010859150407,,2025-07-09
2025,7,3,3,28,0,6330.029128074098,6006.505257106355,5999.482842542318,5677.0677738741615,7560.553280102204,5957.348355158096,7810.280198019802,6112.005742574257,188.84643508730332,6573.329099329288,912.0907054749124,6446.870197061642,773.0760769307858,323.52387096774237,-1480.2510699457043,0.053862247200229696,-0.1895259878539317,-0.4999999999999998,-0.8660254037844388,-1.0,-1.8369701987210297e-16,10,191,0,0,0,0,2,-0.14579919691987442,-0.9893142039703664,0.43388373911755823,-0.900968867902419,6006.505257106355,6278.2850207601405,6238.039603960396,5848.735009900989,6166.747722772277,5901.292238901309,5621.87405940594,5854.845742574257,6945.41440434366,,6577.1336405529955,832.6819326222808,6552.0007884290735,798.557353285834,6477.675599616736,764.9497146784555,6511.06955687366,780.5954262887925,6416.25141356025,767.6827190538309,6275.9003135921885,772.9146570955307,6246.50601677845,778.4807027225793,6025.24407137686,780.3038731943781,5781.873190947666,951.9251944798141,0.008241758241758212,51.7441073139571,0.08229029309044655,481.2941181731085,,,481.2941181731085,475.18338549984037,,2025-07-10
2025,7,3,4,28,0,6654.292200574896,6330.029128074098,6006.505257106355,5999.482842542318,5677.0677738741615,6278.2850207601405,7503.979722772277,6330.275528585116,323.89354202728776,6371.321747045672,670.7298738935596,6376.062903545193,703.2064285284695,324.26307250079844,-849.6875221973805,0.05122615803814723,-0.11323158558369228,-0.4999999999999998,-0.8660254037844388,-1.0,-1.8369701987210297e-16,11,192,0,0,0,0,2,-0.16280701293851646,-0.9866579328916572,-0.433883739117558,-0.9009688679024191,6330.029128074098,6599.960887895241,6555.288475247525,5853.572673267326,6480.432000000001,6209.292877674864,5910.9880990099,6979.602475247524,6646.900185244332,,6584.895256650088,833.1832398364137,6559.072483095314,799.0269372722735,6504.366250526988,756.3435442125619,6517.278849751335,781.0340592121246,6424.197830040607,767.8046280037302,6284.749171944153,772.9414843793139,6242.891458170979,775.7891922534791,6025.285138128698,780.3369670389723,5784.669405722112,951.6760709365911,0.008232065856526694,54.33131267965473,0.13679159241746075,800.7195273075704,,,800.7195273075704,-325.3102746726281,,2025-07-11
2025,7,3,5,28,1,7931.016448419035,6654.292200574896,6330.029128074098,6006.505257106355,5999.482842542318,6599.960887895241,5632.5678415841585,6971.779259022677,846.3974386703175,6433.065608431811,805.5923180404933,6567.600287448099,789.9567812532707,1276.7242478441394,2298.448606834877,0.19186477079167585,0.40806407867223116,-0.4999999999999998,-0.8660254037844388,-1.0,-1.8369701987210297e-16,12,193,0,0,0,0,2,-0.17976658572556214,-0.9837092937736098,-0.9749279121818236,-0.2225209339563146,6654.292200574896,7866.336314276588,7810.280198019802,6166.747722772277,7721.165346534653,7407.415362503993,7046.438613861386,6709.584475247523,4969.651906739061,,6594.135275813295,849.9528712371243,6567.696500980974,814.0799842977985,6563.175208048547,796.7001093217964,6524.77353196149,793.9148657120653,6433.547849431947,783.032647936086,6295.279860450792,789.2966871049425,6256.46292453955,794.503141255037,6041.737163360252,789.1245586568272,5791.526744516671,957.863627446266,0.008222396241190255,64.68013414244706,0.2860938707013667,1764.2687256467589,,,1764.2687256467589,1221.4319731715123,,2025-07-12
2025,7,3,6,28,1,7622.646208878952,7931.016448419035,6654.292200574896,6330.029128074098,6006.505257106355,7866.336314276588,5950.325940594059,7402.651619290962,666.186472276549,6757.328680932609,831.5750059264186,6706.960309805174,818.1680515192991,-308.3702395400833,1672.3202682848932,-0.03888155339805832,0.2810468342374426,-0.4999999999999998,-0.8660254037844388,-1.0,-1.8369701987210297e-16,13,194,0,0,0,0,2,-0.19667288979357622,-0.9804691603616321,-0.7818314824680299,0.6234898018587334,7931.016448419035,7560.553280102204,7503.979722772277,6480.432000000001,7418.429465346534,7125.902778664963,6773.747168316831,5039.06293069307,5229.358045352922,,6603.005694209974,861.9589597838071,6576.172678560021,825.1213266229005,6601.249015011179,819.5740016540775,6532.066987087649,803.311111259149,6442.418267828625,793.7586107043721,6305.385801409864,800.8466915352875,6285.169405408283,796.6937644066128,6055.0332087131765,795.4968833894899,5797.358335167506,961.8990328049726,0.008212749315604118,62.09292877674852,0.17625587443536972,1142.2142088789515,,,1142.2142088789515,2583.5832781858826,,2025-07-13
2025,7,3,0,29,0,5723.637470456723,7622.646208878952,7931.016448419035,6654.292200574896,6330.029128074098,7560.553280102204,5957.348355158096,7092.433375918237,1195.3973081217155,6711.354452251678,887.5911646744124,6687.484402746726,840.1213417856668,-1899.0087384222288,-233.71088470137238,-0.24912723041117135,-0.0392306896908281,-0.4999999999999998,-0.8660254037844388,-1.0,-1.8369701987210297e-16,14,195,0,0,0,0,2,-0.2135209154397959,-0.9769384927771817,0.0,1.0,7622.646208878952,5677.0677738741615,5632.5678415841585,7721.165346534653,5568.405148514851,5355.51510699457,5087.18495049505,5326.267366336633,5212.9724113701695,,6609.658508007483,853.7619800253332,6582.677652050918,817.4331981454087,6534.664752475247,806.4894187567147,6537.610998585572,796.9244016893938,6448.991881461879,786.080816145467,6312.962617123693,792.145900987161,6289.584628787395,792.409463466414,6057.870236819212,793.3848184388503,5797.124300676361,960.3751075926625,0.008203125000000089,46.569696582561846,-0.2587080818019838,-1997.5278760779292,,,-1997.5278760779292,397.3701041200902,,2025-07-14
2025,7,3,1,29,0,6048.639744490578,5723.637470456723,7622.646208878952,7931.016448419035,6654.292200574896,5677.0677738741615,6278.2850207601405,6464.974474608752,1015.6571777809268,6718.376866815714,881.041757034071,6668.34729639093,852.8095905593129,325.0022740338545,-229.6452762695626,0.056782470188126766,-0.036577708006279464,-0.4999999999999998,-0.8660254037844388,-1.0,-1.8369701987210297e-16,15,196,0,0,0,0,3,-0.23030567023061196,-0.973118337233262,0.7818314824680298,0.6234898018587336,5723.637470456723,5999.482842542318,5950.325940594059,7418.429465346534,5882.598653465346,5664.747748323219,5377.062831683167,5333.523861386138,5470.091344618333,,6616.68092257152,848.089973741847,6589.700066614956,811.987061001196,6489.005095113383,793.398764934492,6543.541037550759,792.475181037883,6455.8470956791525,780.7732651265533,6320.957580371401,785.9510745471165,6297.530360821888,786.2766443604202,6061.084394596279,792.1612709767983,5797.92023562514,958.9538759048945,0.008193523214982568,49.156901948259474,-0.18464686188021462,-1369.7897208559561,,,-1369.7897208559561,715.1158831044395,,2025-07-15
2025,7,3,2,29,0,6055.662159054615,6048.639744490578,5723.637470456723,7622.646208878952,7931.016448419035,5999.482842542318,6599.960887895241,5942.646458000639,189.6998446107195,6672.649038645799,911.8117678853184,6622.989068987544,871.0570447021208,7.022414564036808,-544.2987288406266,0.0011609907120742058,-0.08246999309327818,-0.4999999999999998,-0.8660254037844388,-1.0,-1.8369701987210297e-16,16,197,0,0,0,0,3,-0.24702218048093527,-0.9690098257244063,0.9749279121818236,-0.22252093395631434,6048.639744490578,6006.505257106355,5957.348355158096,5568.405148514851,5887.436316831682,5676.451772596614,5384.319326732672,5621.87405940594,5725.485474289365,,6623.7033371355565,842.3797769332523,6596.722481178994,806.5041481830636,6505.246995464708,778.7552903353126,6549.549103344436,787.9414887741115,6462.618709723045,775.5174469871487,6328.949756946663,779.7003560468108,6302.350228595762,783.4126838666176,6062.918709511642,791.7619976334578,5798.73330162965,957.5447740688235,0.008183943881527656,49.156901948259474,0.08750387185273678,487.25701053976354,,,487.25701053976354,433.7880996486747,,2025-07-16
2025,7,3,3,29,0,6381.773235388056,6055.662159054615,6048.639744490578,5723.637470456723,7622.646208878952,6006.505257106355,7866.336314276588,6162.025046311082,190.33990261773218,6627.22921111466,919.6627093983838,6499.275479080166,778.9711282113262,326.1110763334409,-1484.5630788885328,0.05385225723760523,-0.18872357086922464,-0.4999999999999998,-0.8660254037844388,-1.0,-1.8369701987210297e-16,17,198,0,0,0,0,3,-0.2636654927280072,-0.9646141756912435,0.43388373911755823,-0.900968867902419,6055.662159054615,6330.029128074098,6278.2850207601405,5882.598653465346,6202.393663366336,5987.532417757904,5675.34297029703,5910.9880990099,6794.494091344618,,6631.095352466122,839.5956637320378,6604.114496509559,803.8308284072914,6521.886148195465,770.2794663930669,6555.955516630925,785.7405326479958,6469.658724323584,772.9113276999044,6337.359641054888,776.3682600670422,6307.58117455552,782.3411609944192,6060.62581586744,790.2276853311254,5800.56676054084,956.5921651053748,0.008174386920981158,51.74410731395801,0.08485613439370954,499.1745819227099,,,499.1745819227099,470.7851363781556,,2025-07-17
2025,7,3,4,29,0,6708.623513254553,6381.773235388056,6055.662159054615,6048.639744490578,5723.637470456723,6330.029128074098,7560.553280102204,6382.019635899073,326.48074683594206,6423.497055253913,676.2574390811475,6428.281331842861,709.147388553976,326.850277866497,-851.9297668476511,0.051216216216216415,-0.11268087602659349,-0.4999999999999998,-0.8660254037844388,-1.0,-1.8369701987210297e-16,18,199,0,0,0,0,3,-0.2802306751992161,-0.9599326896597445,-0.433883739117558,-0.9009688679024191,6381.773235388056,6654.292200574896,6599.960887895241,5887.436316831682,6517.860237623763,6299.845065474289,5967.130455445545,7046.438613861386,6502.016684765251,,6638.8569685632165,840.096829191714,6611.876112606652,804.3121042522909,6549.259054742894,761.4969198357991,6562.768490760596,786.2248662199471,6476.958339462517,773.2086533994294,6346.186939362138,776.3234240725574,6303.827673437665,779.5618998494043,6061.773631581268,791.0220431246438,5803.413333433359,956.4391491138176,0.008164852255054589,54.33131267965655,0.1394812873092428,821.1871964228703,,,821.1871964228703,-337.81510060683377,,2025-07-18
2025,7,3,5,29,1,7995.696582561483,6708.623513254553,6381.773235388056,6055.662159054615,6048.639744490578,6654.292200574896,5677.0677738741615,7028.697777068031,853.2425173446642,6485.672117534335,812.068821020978,6621.500399233471,796.3699270663301,1287.0730693069308,2318.628808687322,0.1918535250583071,0.40842013888888906,-0.4999999999999998,-0.8660254037844388,-1.0,-1.8369701987210297e-16,19,200,0,0,0,0,3,-0.2967128192734901,-0.9549667548552553,-0.9749279121818236,-0.2225209339563146,6708.623513254553,7931.016448419035,7866.336314276588,6202.393663366336,7765.722772277228,7515.215586074736,7113.274752475247,6773.747168316831,4860.989281379751,,6648.096987726422,856.8660013446854,6621.116131769859,820.4139151269947,6609.035818716065,802.6060416667013,6570.981841127891,800.331705409591,6485.5383572569235,787.4735712558643,6356.69196114888,792.6276824422358,6317.404889151497,798.2550960873591,6079.188672143389,798.9054141816436,5810.264218586884,962.7706325187703,0.00815533980582539,64.68013414244797,0.2891307802320042,1793.3029191951473,,,1793.3029191951473,1221.949414244652,,2025-07-19
2025,7,3,6,29,1,7684.739137655702,7995.696582561483,6708.623513254553,6381.773235388056,6055.662159054615,7931.016448419035,5999.482842542318,7463.019744490579,671.5719532655478,6812.52239540083,838.2549899546761,6761.938423826254,824.7948713095196,-310.9574449057818,1685.2562951133832,-0.03889060092449936,0.2809002607963531,-0.4999999999999998,-0.8660254037844388,-1.0,-1.8369701987210297e-16,20,201,0,0,0,0,3,-0.3131070409358267,-0.9497178427914317,-0.7818314824680299,0.6234898018587334,7995.696582561483,7622.646208878952,7560.553280102204,6517.860237623763,7461.204594059405,7229.390993292877,6837.909861386138,5087.18495049505,5114.6586074736515,,6656.967406123101,868.8734121326165,6629.986550166538,831.9429094784654,6647.931782050463,825.9697550268787,6578.965217684903,810.5897909857846,6493.669574120546,797.5800630260685,6366.77326205685,804.1239254549126,6346.26660234217,800.2316283071548,6093.466897311068,804.5176317649803,5816.10370431607,966.941886876526,0.00814584949573316,62.09292877674943,0.17902791061646806,1166.8789000319384,,,1166.8789000319384,2597.554187160652,,2025-07-20
2025,7,3,0,30,0,5770.207167039285,7684.739137655702,7995.696582561483,6708.623513254553,6381.773235388056,7622.646208878952,6006.505257106355,7150.214295752157,1205.1922625080713,6766.116965825616,894.8006133734957,6742.246916320665,846.9920536182491,-1914.5319706164164,-236.29809006707,-0.24913428241631397,-0.03934036181646616,-0.4999999999999998,-0.8660254037844388,-1.0,-1.8369701987210297e-16,21,202,0,0,0,0,3,-0.3294084822245302,-0.9441875088341994,0.0,1.0,7684.739137655702,5723.637470456723,5677.0677738741615,7765.722772277228,5600.486495049505,5433.131267965507,5135.30697029703,5377.062831683167,5098.272973490898,,6663.62021992061,860.6756232901051,6636.6393639640455,824.0716835235597,6581.414595209198,813.0988566093148,6585.026670255966,803.6063867385923,6499.688786604005,790.6728441442625,6374.331597732354,795.3452834390442,6350.634872735016,795.9430828355129,6097.199865053003,801.427081013162,5815.961168486019,965.4379600832253,0.008136381247578539,46.569696582561846,-0.2569645690111052,-1995.5156052379425,,,-1995.5156052379425,393.14433535611806,,2025-07-21
2025,7,3,1,30,0,6097.796646438837,5770.207167039285,7684.739137655702,7995.696582561483,6708.623513254553,5723.637470456723,6330.029128074098,6517.580983711275,1023.9737955595,6773.1393803896535,888.2511828836807,6722.894209517726,859.8228806030455,327.58947939955215,-232.23248163526023,0.05677256811000064,-0.03668742701440253,-0.4999999999999998,-0.8660254037844388,-1.0,-1.8369701987210297e-16,22,203,0,0,0,0,4,-0.3456123126707333,-0.9383773917408642,0.7818314824680298,0.6234898018587336,5770.207167039285,6048.639744490578,5999.482842542318,7461.204594059405,5916.462297029702,5746.675918236984,5427.858297029703,5384.319326732672,5349.3550942191,,6670.642634484648,855.0034407492401,6643.661778528083,818.6253231325808,6535.967663621846,800.2296208941782,6591.502897020577,798.7348209277,6505.95879960761,785.9711125452998,6382.307054272938,789.0742536632379,6358.562398509527,789.7394331591993,6101.357873676446,799.4645452286677,5816.8337241453155,964.065217280147,0.008126934984520107,49.156901948259474,-0.18273295289424318,-1363.407947620568,,,-1363.407947620568,713.477319706165,,2025-07-22
2025,7,3,2,30,0,6104.819061002875,6097.796646438837,5770.207167039285,7684.739137655702,7995.696582561483,6048.639744490578,6654.292200574896,5990.940958160332,191.19331443221324,6726.9803513254565,919.3096837886819,6677.104781220057,878.2420373962169,7.022414564037717,-549.473139572021,0.0011516314779271841,-0.08257424276086789,-0.4999999999999998,-0.8660254037844388,-1.0,-1.8369701987210297e-16,23,204,0,0,0,0,4,-0.3617137307297674,-0.9322892131745134,0.9749279121818236,-0.22252093395631434,6097.796646438837,6055.662159054615,6006.505257106355,5600.486495049505,5921.299960396039,5758.37994251038,5435.114792079207,5675.34297029703,5598.712411370169,,6677.665049048685,849.2933762018089,6650.68419309212,813.1424842931837,6552.7787491536255,785.0530766466962,6598.0571506136785,793.769110744361,6512.145212437833,781.3296145727816,6390.279724141077,782.7465994332802,6363.334355072927,786.8570147403375,6104.169577285516,798.5763644760169,5817.722567777592,962.7046537776541,0.00811751063007371,49.15690194826038,0.09005156362740463,504.33256595337025,,,504.33256595337025,429.4760907058453,,2025-07-23
2025,7,3,3,30,0,6433.517342702013,6104.819061002875,6097.796646438837,5770.207167039285,7684.739137655702,6055.662159054615,7931.016448419035,6212.044350047909,191.83337413741145,6681.129322900032,927.2347207280998,6552.313189076973,785.3525503746253,328.6982816991376,-1497.4991057170228,0.05384242815628015,-0.18881553398058248,-0.4999999999999998,-0.8660254037844388,-1.0,-1.8369701987210297e-16,24,205,0,0,0,0,4,-0.37770796520396466,-0.9259247771938499,0.43388373911755823,-0.900968867902419,6104.819061002875,6381.773235388056,6330.029128074098,5916.462297029702,6238.039603960396,6073.7725966145,5728.811881188119,5967.130455445545,6643.573778345577,,6685.05706437925,846.5094089898467,6658.076208422686,810.4692790946186,6570.013917342702,776.2277213543697,6605.038498425879,791.3413331067792,6518.569225760824,779.1356393759631,6398.669074873386,779.3407284430396,6368.516431597999,785.7533696577215,6103.002597087496,797.9369400701877,5819.6173209312055,961.8245863445703,0.008108108108108025,51.7441073139571,0.08739260384231518,517.0550456723104,,,517.0550456723104,466.38688725646807,,2025-07-24
2025,7,3,4,30,0,6762.954825934207,6433.517342702013,6104.819061002875,6097.796646438837,5770.207167039285,6381.773235388056,7622.646208878952,6433.763743213032,329.06795165335933,6475.672363462153,681.7850242272611,6480.672240498243,714.8892432919274,329.4374832321946,-859.6913829447449,0.051206434316353855,-0.11278122575640015,-0.4999999999999998,-0.8660254037844388,-1.0,-1.8369701987210297e-16,25,206,0,0,0,0,4,-0.39359027665646645,-0.9192859697186105,-0.433883739117558,-0.9009688679024191,6433.517342702013,6708.623513254553,6654.292200574896,5921.299960396039,6555.288475247525,6390.397253273714,6028.188502076014,7113.274752475247,6357.133184286171,,6692.818680476344,847.0104350008179,6665.837824519779,810.9504247744198,6598.069079527308,767.1294100036854,6612.455153807547,791.8307937464092,6525.222039558334,779.6117525689496,6407.416293014555,779.2558597877842,6364.623987969764,782.88501993816,6105.257161763319,799.2312687047125,5822.510994259435,961.7638815368424,0.008098727342846113,54.33131267965473,0.14214021771696816,841.6548655381685,,,841.6548655381685,-350.3199265410394,,2025-07-25
2025,7,3,5,30,1,8060.37671670393,6762.954825934207,6433.517342702013,6104.819061002875,6097.796646438837,6708.623513254553,5723.637470456723,7085.616295113384,860.087596390107,6538.278626636858,818.5453260382435,6675.400511018845,802.783132094653,1297.4218907697223,2336.739246247206,0.19184246001384486,0.4082612251926472,-0.4999999999999998,-0.8660254037844388,-1.0,-1.8369701987210297e-16,26,207,0,0,0,0,4,-0.4093559588156211,-0.9123747579707274,-0.9749279121818236,-0.2225209339563146,6762.954825934207,7995.696582561483,7931.016448419035,6238.039603960396,7810.280198019802,7623.015809645481,7191.814915362504,6837.909861386138,4752.326656020441,,6702.05869963955,863.7791549379168,6675.077843682986,827.0519548756957,6658.813649952092,808.6635150468686,6621.38717233198,807.1061775347245,6533.032055755806,792.8868953646104,6417.756314459095,795.385113223511,6378.206953028852,801.5705792270335,6123.635217656005,805.9527729503465,5829.354620321958,968.2290473321757,0.008089368258859642,64.68013414244615,0.2921329822251484,1822.337112743534,,,1822.337112743534,1222.4668553177917,,2025-07-26
2025,7,3,6,30,1,7746.83206643245,8060.37671670393,6762.954825934207,6433.517342702013,6104.819061002875,7995.696582561483,6048.639744490578,7523.387869690196,676.9574376985946,6867.716109869052,844.934976378476,6816.9165378473335,831.4217515370223,-313.54465027147944,1698.1923219418723,-0.03889950324799396,0.28075606974091594,-0.4999999999999998,-0.8660254037844388,-1.0,-1.8369701987210297e-16,27,208,0,0,0,0,4,-0.42500033996955394,-0.9051931898913975,-0.7818314824680299,0.6234898018587334,8060.37671670393,7684.739137655702,7622.646208878952,6555.288475247525,7503.979722772277,7332.879207920792,6918.926349409134,5135.30697029703,4999.959169594379,,6710.929118036228,875.787866768546,6683.948262079664,838.5823153749028,6698.531769658256,832.3192457449067,6630.060470319842,818.1709632493457,6540.424071086371,802.3525028934614,6427.61233489985,806.7189370134759,6407.223898541467,803.3387203980219,6138.89562263844,810.5499163857124,5835.200588145464,972.5276996043606,0.008080030781069558,62.09292877674852,0.18176829222453605,1191.5435911849254,,,1191.5435911849254,2611.5250961354204,,2025-07-27
2025,7,3,0,31,0,5816.776863621847,7746.83206643245,8060.37671670393,6762.954825934207,6433.517342702013,7684.739137655702,6055.662159054615,7207.995215586075,1214.9872176529263,6820.879479399554,902.0100743284455,6797.009429894602,853.8628291786185,-1930.055202810603,-238.88529543276763,-0.2491412213740457,-0.03944825341281277,-0.4999999999999998,-0.8660254037844388,-1.0,-1.8369701987210297e-16,28,209,0,0,0,0,4,-0.4405187843504952,-0.8977433935342336,0.0,1.0,7746.83206643245,5770.207167039285,5723.637470456723,7810.280198019802,5632.5678415841585,5504.242455445545,5200.282785052698,5427.858297029703,4983.573535611626,,6717.581931833737,867.5892817592182,6690.601075877174,830.7102463615003,6632.081658511658,819.9861879933658,6636.6393639640455,810.5582750726253,6546.005042660947,796.0764391587049,6434.951550120911,798.1777390852945,6411.5452159480465,799.045891381704,6143.524530016274,806.2831247664108,5835.144588982778,971.044587417108,0.008070714834742532,46.569696582561846,-0.2552409496017035,-1993.5033343979549,,,-1993.5033343979549,388.9185665921441,,2025-07-28
2025,7,3,1,31,0,6146.953548387097,5816.776863621847,7746.83206643245,8060.37671670393,6762.954825934207,5770.207167039285,6381.773235388056,6570.187492813798,1032.290414689732,6827.901893963591,895.4606214467237,6777.441122644523,866.8362312378314,330.1766847652498,-234.81968700095877,0.05676282458592774,-0.03679536679536688,-0.4999999999999998,-0.8660254037844388,-1.0,-1.8369701987210297e-16,29,210,0,0,0,0,5,-0.455906693508459,-0.8900275764346766,0.7818314824680298,0.6234898018587336,5816.776863621847,6097.796646438837,6048.639744490578,7503.979722772277,5950.325940594059,5814.8713663366325,5500.891408495688,5435.114792079207,5228.618843819866,,6724.604346397774,861.9169258886053,6697.62349044121,825.263666826543,6586.847452698818,807.5655659087263,6643.661778528083,805.2262771258758,6551.935081626135,791.7562723722688,6442.642766071999,792.1587468735978,6419.454535462579,792.7705519058039,6148.626389486091,803.3617479784947,5836.089464617337,969.7196348074855,0.0080614203454894,49.156901948259474,-0.18084086371755792,-1357.0261743851797,,,-1357.0261743851797,711.8387563078895,,2025-07-29
2025,7,3,2,31,0,6153.975962951134,6146.953548387097,5816.776863621847,7746.83206643245,8060.37671670393,6097.796646438837,6708.623513254553,6039.235458320026,192.6867881897721,6781.311664005111,926.8076080676587,6731.220493452573,885.4270850780134,7.022414564036808,-554.6475503034189,0.0011424219345010922,-0.0826768038491913,-0.4999999999999998,-0.8660254037844388,-1.0,-1.8369701987210297e-16,30,211,0,0,0,0,5,-0.47115950767386394,-0.8820480249558535,0.9749279121818236,-0.22252093395631434,6146.953548387097,6104.819061002875,6055.662159054615,5632.5678415841585,5957.348355158096,5819.709029702969,5512.595432769082,5728.811881188119,5471.939348450976,,6731.626760961811,856.2069915873445,6704.645905005248,819.7809013132708,6604.227723411052,791.7760065118831,6650.684193092121,799.8587359398443,6557.9041340055655,787.3835951882202,6450.278248574166,786.1544966943477,6424.1785808155,789.8702871137474,6152.415481788871,801.7591222481053,5837.0498467875295,968.4068868530393,0.008052147239263618,49.156901948258565,0.09257023368942319,521.4081213669751,,,521.4081213669751,425.164081763015,,2025-07-30
2025,7,3,3,31,0,6485.26145001597,6153.975962951134,6146.953548387097,5816.776863621847,7746.83206643245,6104.819061002875,7995.696582561483,6262.063653784734,193.32684955388805,6735.029434685405,934.8067392840858,6605.350899073779,791.734032852074,331.28548706483616,-1510.4351325455136,0.05383275610097904,-0.18890600924499235,-0.4999999999999998,-0.8660254037844388,-1.0,-1.8369701987210297e-16,31,212,0,1,0,0,5,-0.4862727071086902,-0.8738071036110807,0.43388373911755823,-0.900968867902419,6153.975962951134,6433.517342702013,6381.773235388056,5950.325940594059,6278.2850207601405,6131.101782178218,5815.0520600447135,6028.188502076014,6492.653465346535,,6739.018776292376,853.4231680518582,6712.0379203358125,817.107809094893,6622.058907058448,782.5113195055568,6658.076208422686,797.2418077076017,6564.2284137883835,785.3127672881637,6458.256931788109,783.0246593019342,6429.2571691259445,788.7642372903903,6152.374415037033,801.7417867489937,5839.002291375567,967.5971409452798,0.008042895442359255,51.7441073139571,0.08990020290695289,534.9355094219109,,,534.9355094219109,457.07294793995607,,2025-07-31
2025,8,3,4,31,0,6817.286138613862,6485.26145001597,6153.975962951134,6146.953548387097,5816.776863621847,6433.517342702013,7684.739137655702,6485.5078505269885,331.6551564793324,6527.847671670393,687.3126288503622,6533.063149153625,720.6311575308001,332.02468859789224,-867.4529990418396,0.051196808510638236,-0.11287995382839555,-0.8660254037844384,-0.5000000000000004,-1.0,-1.8369701987210297e-16,1,213,1,0,0,0,1,-0.5012418134457756,-0.8653072543632061,-0.433883739117558,-0.9009688679024191,6485.26145001597,6762.954825934207,6708.623513254553,5957.348355158096,6599.960887895241,6443.003762376238,6118.740689875439,7191.814915362504,6265.683394625176,,6746.78039238947,853.9240568640806,6719.799536432906,817.5888266765776,6650.723499840306,773.015117335072,6665.837824519779,797.7128211344833,6570.912027649769,785.8548220392018,6466.572949034995,783.0848312541598,6425.095738273182,785.6778119269007,6155.43887472586,803.2301029387995,5841.940080706613,967.6250339269881,0.008033664881407665,54.33131267965473,0.14434908489297915,859.9377834557663,,,859.9377834557663,-374.5287767486416,,2025-08-01
2025,8,3,5,31,1,8109.656818907698,6817.286138613862,6485.26145001597,6153.975962951134,6146.953548387097,6762.954825934207,5770.207167039285,7137.401469179177,858.2076947140556,6588.3184637496015,819.2985014423061,6728.017286809328,806.7902103024209,1292.370680293836,2339.4496518684127,0.18957260323484237,0.4054359894098556,-0.8660254037844384,-0.5000000000000004,-1.0,-1.8369701987210297e-16,2,214,0,0,0,0,1,-0.5160623910158526,-0.8565509959010037,-0.9749279121818236,-0.2225209339563146,6817.286138613862,8060.37671670393,7995.696582561483,6278.2850207601405,7866.336314276588,7676.607920792079,7299.615138933248,6918.926349409134,4723.814596888261,,6753.820406990008,866.6667648155261,6727.939553314779,831.7142500542914,6711.769226445225,813.8244613723487,6674.5278425423185,812.4639552150524,6578.6450436875475,798.9544579484317,6476.216302368025,798.306698839521,6438.326076823167,803.9013030174308,6174.249109292635,809.1401750788681,5848.729651779072,974.1064233045856,0.006113870844478342,49.280102203768365,0.2916993720565151,1831.3717981475575,,,1831.3717981475575,1190.7304694985642,,2025-08-02
2025,8,3,6,31,1,7779.356933886936,8109.656818907698,6817.286138613862,6485.26145001597,6153.975962951134,8060.37671670393,6097.796646438837,7568.7666304694985,671.4288500957156,6915.415142127116,841.141242231502,6868.147310763335,832.9855827872831,-330.2998850207623,1681.5602874480983,-0.04072920622863685,0.27576522881099086,-0.8660254037844384,-0.5000000000000004,-1.0,-1.8369701987210297e-16,3,215,0,0,0,0,1,-0.5307300481619331,-0.8475409228928312,-0.7818314824680299,0.6234898018587334,8109.656818907698,7746.83206643245,7684.739137655702,6599.960887895241,7560.553280102204,7375.654336633663,7022.414564037049,5200.282785052698,5012.1647949080625,,6758.466816626364,872.9423020040215,6734.697967331295,840.4259595813868,6751.082427978282,836.410102718957,6682.342258748917,822.2943003482195,6585.8540186385,808.0462112288839,6485.227521056714,808.750259905258,6466.982456254657,805.2399027290874,6189.622398953628,813.2151880532534,5854.492718292826,978.3499830467682,0.004198473282442494,32.5248674544855,0.17869742957943635,1179.3960459916943,,,1179.3960459916943,2579.0741488342373,,2025-08-03
2025,8,3,0,32,0,5830.082491216865,7779.356933886936,8109.656818907698,6817.286138613862,6485.26145001597,7746.83206643245,6104.819061002875,7239.698748003833,1231.8839219097488,6862.60329926541,906.4515590491866,6845.2525966145,859.2350366307526,-1949.274442670071,-274.7365697860105,-0.2505701254275938,-0.04500322893122366,-0.8660254037844384,-0.5000000000000004,-1.0,-1.8369701987210297e-16,4,216,0,0,0,0,1,-0.5452404385406507,-0.8382797052177745,0.0,1.0,7779.356933886936,5816.776863621847,5770.207167039285,7866.336314276588,5677.0677738741615,5536.3238019801975,5277.898946023634,5500.891408495688,5038.080848656295,,6760.367620568509,870.5612913953369,6738.974776201123,835.2768263579594,6683.2073005429575,825.3340515514587,6687.807070082585,815.8491932915679,6591.099709517725,802.0401636982352,6491.8011346899675,801.0259420102128,6470.640134951559,801.5414318603018,6194.022408078964,809.0819227124281,5854.420068807482,976.8895755150137,0.002287457110179192,13.30562759501754,-0.2588566953797963,-2036.2538230597238,,,-2036.2538230597238,329.1910827211768,,2025-08-04
2025,8,3,1,32,0,6149.294353241777,5830.082491216865,7779.356933886936,8109.656818907698,6817.286138613862,5816.776863621847,6433.517342702013,6586.244592781859,1045.5198932049411,6861.823030980518,907.1852558664527,6821.567347492814,875.3821708158487,319.2118620249121,-284.222989460236,0.05475254638434546,-0.04417847567981614,-0.8660254037844384,-0.5000000000000004,-1.0,-1.8369701987210297e-16,5,217,0,0,0,0,1,-0.5595892624101763,-0.828770087174504,0.7818314824680298,0.6234898018587336,5830.082491216865,6146.953548387097,6097.796646438837,7560.553280102204,5999.482842542318,5848.735009900989,5582.819578409453,5512.595432769082,5330.523055162659,,6760.702021262035,870.286801747937,6742.653183829904,832.3442369428928,6636.165336314278,813.7408567917371,6693.157481178993,811.6483369607871,6596.466840648811,797.9774069981128,6498.544882009399,795.6476162261202,6477.714567401256,795.7797429624147,6198.571137512737,806.4976073156367,5855.295066684141,975.5670346717802,0.0003808073115005861,2.3408048546798454,-0.18666080041715538,-1411.258926860427,,,-1411.258926860427,636.6989204726942,,2025-08-05
2025,8,3,2,32,0,6144.612743532418,6149.294353241777,5830.082491216865,7779.356933886936,8109.656818907698,6146.953548387097,6762.954825934207,6041.329862663687,182.96056494435695,6805.048246566592,945.3229244653694,6770.038840625999,897.0762235124814,-4.681609709358781,-618.3420824017894,-0.0007613247049867988,-0.09143075745983176,-0.8660254037844384,-0.5000000000000004,-1.0,-1.8369701987210297e-16,6,218,0,0,0,0,1,-0.5737722679043243,-0.8190148866680802,0.9749279121818236,-0.22252093395631434,6149.294353241777,6153.975962951134,6104.819061002875,5677.0677738741615,6006.505257106355,5853.572673267326,5594.523602682849,5815.0520600447135,5625.693267326734,,6759.364418487932,871.3812471981448,6745.495589724872,830.0633416158203,6651.750168636218,799.0839687781566,6698.089891408496,807.7311724518006,6601.663984760688,793.9888322815801,6505.093562257608,790.3635495000757,6481.376352773342,793.451066752629,6201.4540234916585,805.3650353412793,5856.151036142272,974.2456356180373,-0.001521491061239999,-9.363219418715744,0.08235677083333348,467.5449696582564,,,467.5449696582564,329.5606834877044,,2025-08-06
2025,8,3,3,32,0,6463.085404024274,6144.612743532418,6149.294353241777,5830.082491216865,7779.356933886936,6153.975962951134,8060.37671670393,6252.330833599491,182.53382175247225,6746.014790801662,955.4115640789953,6636.931231236027,801.6369734019647,318.472660491856,-1597.2913126796557,0.051829573934837114,-0.1981658387466565,-0.8660254037844384,-0.5000000000000004,-1.0,-1.8369701987210297e-16,7,219,0,0,0,0,1,-0.5877852522924734,-0.8090169943749472,0.43388373911755823,-0.900968867902419,6144.612743532418,6485.26145001597,6433.517342702013,5999.482842542318,6330.029128074098,6166.747722772277,5901.292238901309,6118.740689875439,6731.353960396041,,6756.196411917689,872.5833514187033,6747.607594105032,829.2457000062187,6667.203587352284,790.4712250167555,6702.84190126386,805.8748769369413,6606.955729068759,792.022593148724,6511.781576128119,787.5646327899822,6485.202405152774,792.5124423106964,6199.963642622925,804.6268283899807,5857.941403009181,973.3617231646285,-0.003419452887537977,-22.1760459916959,0.07727375403002257,463.6025614819555,,,463.6025614819555,344.344714148835,,2025-08-07
2025,8,3,4,32,0,6781.0652634940925,6463.085404024274,6144.612743532418,6149.294353241777,5830.082491216865,6485.26145001597,7746.83206643245,6462.921137016929,318.2262917785387,6524.582864899393,694.4886826789159,6556.450664324497,724.8830315585158,317.9798594698186,-965.7668029383576,0.04919939001143736,-0.12466603053435099,-0.8660254037844384,-0.5000000000000004,-1.0,-1.8369701987210297e-16,8,220,0,0,0,0,2,-0.6016240632249227,-0.7987793728863648,-0.433883739117558,-0.9009688679024191,6463.085404024274,6817.286138613862,6762.954825934207,6006.505257106355,6654.292200574896,6480.432000000001,6209.292877674864,7299.615138933248,6494.835869872702,,6751.022001186294,872.2680507757323,6748.901196787882,829.2856079008822,6693.022254231875,780.736656134406,6707.36951065383,805.9481282950297,6612.324180202582,792.1682590341718,6518.588390245015,787.3896217266574,6479.440739870115,788.3993203236462,6201.553805920822,805.4951976755191,5860.656473187077,973.2135441131868,-0.0053130929791270765,-36.22087511976952,0.12895352176231722,774.5600063877373,,,774.5600063877373,-518.5498754391556,,2025-08-08
2025,8,3,5,32,1,8066.5367294794,6781.0652634940925,6463.085404024274,6144.612743532418,6149.294353241777,6817.286138613862,5816.776863621847,7103.562465665923,848.9801954889318,6572.446164164804,800.1238698646247,6743.93065314596,802.9189442891993,1285.471465985307,2249.7598658575525,0.189567776748242,0.3867708730461301,-0.8660254037844384,-0.5000000000000004,-1.0,-1.8369701987210297e-16,9,221,0,0,0,0,2,-0.6152845999633277,-0.7883050558305253,-0.9749279121818236,-0.2225209339563146,6781.0652634940925,8109.656818907698,8060.37671670393,6330.029128074098,7931.016448419035,7721.165346534653,7407.415362503993,7022.414564037049,4895.678953323904,,6744.861988410824,861.1556311679891,6749.341197700415,830.0362689198455,6750.905840945385,816.4516324647878,6712.209520691701,813.9360742363427,6618.491526326596,802.238410105004,6526.435073185198,799.5442927924865,6491.04209726392,804.0066823582172,6219.16968245502,811.4275462653801,5867.125330243653,979.0957088498909,-0.005317128750474853,-43.12008942829834,0.27432853250291944,1736.507601405302,,,1736.507601405302,1044.1221654423507,,2025-08-09
2025,8,3,6,32,1,7737.961648035772,8066.5367294794,6781.0652634940925,6463.085404024274,6144.612743532418,8109.656818907698,6146.953548387097,7528.521213669755,667.8384491223527,6890.426023634623,824.8207574613076,6876.514661450016,826.3963866298196,-328.5750814436278,1591.008099648675,-0.04073310423825882,0.25882871687978515,-0.8660254037844384,-0.5000000000000004,-1.0,-1.8369701987210297e-16,10,222,0,0,0,0,2,-0.6287628145958345,-0.7775971469736268,-0.7818314824680299,0.6234898018587334,8066.5367294794,7779.356933886936,7746.83206643245,6654.292200574896,7622.646208878952,7418.429465346534,7125.902778664963,5277.898946023634,5193.577171145686,,6738.948376146372,852.9709327418968,6748.707596386367,829.2192547441448,6787.0281558607485,835.7735441976005,6716.327929233016,818.989434584142,6624.197458160333,809.1380945615945,6533.7214882967555,807.81927714715,6518.376127286278,804.117416677507,6233.305151771076,815.6128299327247,5872.595611874624,982.8790269569207,-0.0053211706575444495,-41.39528585116386,0.16285269940013336,1083.6694474608757,,,1083.6694474608757,2460.0627020121374,,2025-08-10
2025,8,3,0,33,0,5799.036026828489,7737.961648035772,8066.5367294794,6781.0652634940925,6463.085404024274,7779.356933886936,6153.975962951134,7201.17813478122,1225.3539342602194,6832.049635899075,897.0011779361416,6846.936333439796,860.2663632728628,-1938.9256212072823,-354.9399361226442,-0.2505731753916699,-0.057676522992532675,-0.8660254037844384,-0.5000000000000004,-1.0,-1.8369701987210297e-16,11,223,0,0,0,0,2,-0.6420547132365636,-0.7666588193001592,0.0,1.0,7737.961648035772,5830.082491216865,5816.776863621847,7931.016448419035,5723.637470456723,5568.405148514851,5355.51510699457,5582.819578409453,5219.4932248939185,,6734.5131669480315,858.5469121974468,6747.44039375827,830.7650857363188,6715.9621418077295,825.7267014921432,6719.020734817722,815.7220566615034,6628.315866701647,804.2386488685395,6539.00149924716,801.4499313260751,6520.778532268711,801.6099926424258,6236.524834004046,812.7271722672864,5872.381152443003,981.4490542667917,-0.0053252187143402185,-31.04646438837517,-0.26881553398058255,-2131.980421590546,,,-2131.980421590546,216.21644841903617,,2025-08-11
2025,8,3,1,33,0,6116.52308527627,5799.036026828489,7737.961648035772,8066.5367294794,6781.0652634940925,5830.082491216865,6485.26145001597,6551.17358671351,1039.97544920216,6827.368026189716,901.3692722671154,6816.208136378154,880.7024314418334,317.4870584477803,-368.73836473970005,0.05474824729126837,-0.05685790273556235,-0.8660254037844384,-0.5000000000000004,-1.0,-1.8369701987210297e-16,12,224,0,0,0,0,2,-0.655156357209085,-0.7554933140726804,0.7818314824680298,0.6234898018587336,5799.036026828489,6149.294353241777,6146.953548387097,7622.646208878952,6048.639744490578,5882.598653465346,5664.747748323219,5594.523602682849,5521.4834512022635,,6729.831557238673,862.3508626138629,6745.266789250354,832.4950549498178,6665.75803768764,814.407984769967,6721.445139845782,813.754330007214,6632.49308869827,800.8955189273418,6544.379777068029,797.0160010114337,6526.578526519748,796.7062837251527,6239.8306097489,811.010838653237,5873.09086736403,980.1057243287174,-0.005329272934906815,-32.77126796550692,-0.19758533747090767,-1506.1231236026824,,,-1506.1231236026824,521.9994825934209,,2025-08-12
2025,8,3,2,33,0,6111.841475566912,6116.52308527627,5799.036026828489,7737.961648035772,8066.5367294794,6149.294353241777,6817.286138613862,6009.13352922389,181.96483108544246,6768.827371446822,940.3241134018452,6757.421081124242,903.8636621150115,-4.681609709357872,-705.4446630469502,-0.0007654037504783995,-0.10347881087919042,-0.8660254037844384,-0.5000000000000004,-1.0,-1.8369701987210297e-16,13,225,0,0,0,0,2,-0.6680638642135333,-0.7441039398713608,0.9749279121818236,-0.22252093395631434,6116.52308527627,6144.612743532418,6153.975962951134,5723.637470456723,6055.662159054615,5887.436316831682,5676.451772596614,5901.292238901309,5826.201683168317,,6725.149947529316,866.1381068039765,6742.2571830086235,834.8698743949831,6678.698171191313,801.9106405414559,6723.451544006935,812.1195836712731,6636.500323675685,797.6547332117974,6549.562987817676,792.707710089981,6528.917962482699,795.1571934085197,6241.417497484449,810.4762547233961,5873.782898112444,978.7645226220585,-0.005333333333333301,-32.77126796550601,0.06782470188126921,388.2040051101885,,,388.2040051101885,210.54923666560262,,2025-08-13
2025,8,3,3,33,0,6428.589332481635,6111.841475566912,6116.52308527627,5799.036026828489,7737.961648035772,6144.612743532418,8109.656818907698,6218.984631108272,181.5380882782572,6710.081382944746,950.3633832794104,6617.332123922069,799.474517976323,316.74785691472334,-1681.0674864260627,0.05182527363986367,-0.20729206228636543,-0.8660254037844384,-0.5000000000000004,-1.0,-1.8369701987210297e-16,14,226,0,0,0,0,2,-0.6807734094770159,-0.7324940716135792,0.43388373911755823,-0.900968867902419,6111.841475566912,6463.085404024274,6485.26145001597,6048.639744490578,6381.773235388056,6202.393663366336,5987.532417757904,6209.292877674864,6970.054455445545,,6720.221937308939,867.9738568249705,6738.209174613314,836.3478986140628,6691.363157457681,794.5835678110525,6725.123547474564,811.4379844734971,6640.539532052745,795.9874801908053,6554.81366537391,790.3974754831161,6531.354589758331,794.5024797116265,6238.409357912427,808.7597844532908,5875.386384916979,977.8000112210115,-0.005337399923751485,-34.496071542638674,0.06281570800065173,379.94958799105734,,,379.94958799105734,219.29645480677118,,2025-08-14
2025,8,3,4,33,0,6744.844388374322,6428.589332481635,6111.841475566912,6116.52308527627,5799.036026828489,6463.085404024274,7779.356933886936,6428.42506547429,316.5014883746914,6489.7993260939,690.8031634804341,6531.122745129353,713.9854587606453,316.25505589268687,-1034.5125455126135,0.049195093905711085,-0.13298175598631667,-0.8660254037844384,-0.5000000000000004,-1.0,-1.8369701987210297e-16,15,227,0,0,0,0,3,-0.6932812268869771,-0.7206671495538615,-0.433883739117558,-0.9009688679024191,6428.589332481635,6781.0652634940925,6817.286138613862,6055.662159054615,6708.623513254553,6517.860237623763,6299.845065474289,7407.415362503993,6723.988345120227,,6715.047526577543,867.6585954798082,6733.034763881919,836.0450629263737,6714.335898435005,785.4811927043291,6726.417150157414,811.4395775517413,6644.5928204590045,795.9293371521683,6560.111276360816,790.1592282968662,6523.992690045779,789.3466261946255,6238.525224819396,808.8312303419722,5877.892027578239,977.5009661591029,-0.005341472720335805,-36.220875119770426,0.11380790592639323,689.1822293197074,,,689.1822293197074,-662.5709741296705,,2025-08-15
2025,8,3,5,33,1,8023.416640051102,6744.844388374322,6428.589332481635,6111.841475566912,6116.52308527627,6781.0652634940925,5830.082491216865,7065.616786969021,844.4168011221992,6537.375158096455,795.8061545857055,6713.900590865539,794.4190747189067,1278.57225167678,2193.3341488342376,0.18956289842365792,0.3762097967118885,-0.8660254037844384,-0.5000000000000004,-1.0,-1.8369701987210297e-16,16,228,0,0,0,0,3,-0.7055836101071774,-0.7086266782644601,-0.9749279121818236,-0.2225209339563146,6744.844388374322,8066.5367294794,8109.656818907698,6381.773235388056,7995.696582561483,7765.722772277228,7515.215586074736,7125.902778664963,5067.543309759548,,6708.887513802072,856.5463288783134,6726.874751106448,825.3714025318131,6769.057345257107,818.0233067167495,6727.407152210612,813.0608157476671,6649.194496669253,803.2403689663025,6566.161288908153,799.4512200993454,6533.965066283403,802.5947152654766,6254.946743321014,814.9076222890018,5884.057328188794,982.8439943779817,-0.005345551737304333,-43.12008942829743,0.25723938223938214,1641.6434046630466,,,1641.6434046630466,897.5138613861391,,2025-08-16
2025,8,3,6,33,1,7696.566362184605,8023.416640051102,6744.844388374322,6428.589332481635,6111.841475566912,8066.5367294794,6149.294353241777,7488.27579687001,664.2480488407473,6853.63021398914,820.367380018256,6842.839924944107,819.6155374285192,-326.850277866497,1547.2720089428285,-0.040737044145873424,0.25161781499809655,-0.8660254037844384,-0.5000000000000004,-1.0,-1.8369701987210297e-16,17,229,0,0,0,0,3,-0.7176769136759615,-0.6963762255968726,-0.7818314824680299,0.6234898018587334,8023.416640051102,7737.961648035772,7779.356933886936,6708.623513254553,7684.739137655702,7461.204594059405,7229.390993292877,5355.51510699457,5374.989547383309,,6702.973901537619,848.3612456979241,6720.961138841995,817.5096735118134,6801.988773554775,835.2118900874875,6727.829553086645,813.5794955559784,6653.397385385774,808.1670416400952,6571.72290044258,805.7211898292774,6559.976746896625,801.9084640500757,6267.844392292133,819.2629302804532,5889.250763816289,986.2148118034991,-0.005349636988918771,-41.39528585116659,0.14726461351991604,987.9428489300526,,,987.9428489300526,2341.0512551900356,,2025-08-17
2025,8,3,0,34,0,5767.989562440115,7696.566362184605,8023.416640051102,6744.844388374322,6428.589332481635,7737.961648035772,6144.612743532418,7162.657521558608,1218.8239467532371,6795.541293516449,892.1945931237713,6811.454659853082,855.2207374639115,-1928.57679974449,-376.62318109230273,-0.25057625816365725,-0.06129323308270673,-0.8660254037844384,-0.5000000000000004,-1.0,-1.8369701987210297e-16,18,230,0,0,0,0,3,-0.7295575540864876,-0.6839194216246105,0.0,1.0,7696.566362184605,5799.036026828489,5830.082491216865,7995.696582561483,5770.207167039285,5600.486495049505,5433.131267965507,5664.747748323219,5400.9056011315415,,6698.53869233928,853.9374640132525,6716.525929643656,822.8656085813178,6727.731872884063,824.3823509326385,6727.7503529223895,813.676272842764,6656.388511589177,804.5008937535273,6575.709308710134,800.8335435966076,6561.123878164591,800.6863611028288,6269.883747632734,817.5479294286752,5888.904303240928,984.8222131145587,-0.005353728489483789,-31.04646438837426,-0.2786132511556242,-2227.7070201213683,,,-2227.7070201213683,103.24181411689642,,2025-08-18
2025,8,3,1,34,0,6083.751817310764,5767.989562440115,7696.566362184605,8023.416640051102,6744.844388374322,5799.036026828489,6463.085404024274,6516.102580645161,1034.4310054542257,6790.859683807091,896.562688555861,6779.8435276269565,876.0254631075887,315.7622548706486,-379.33358671351016,0.054743901918065774,-0.05869233701868093,-0.8660254037844384,-0.5000000000000004,-1.0,-1.8369701987210297e-16,19,231,0,0,0,0,3,-0.7412220108485957,-0.6712599575675315,0.7818314824680298,0.6234898018587336,5767.989562440115,6116.52308527627,6149.294353241777,7684.739137655702,6097.796646438837,5916.462297029702,5746.675918236984,5676.451772596614,5712.443847241868,,6693.857082629923,857.7414594181257,6711.844319934297,826.5193980047367,6674.365628872565,812.0215362037277,6727.248751882101,814.0832261419508,6659.375824451339,802.0101459035005,6579.72211703244,797.466813506428,6565.64943421697,796.7714053288429,6271.946569688674,816.6014404245407,5889.459424363634,983.4693104423379,-0.005357826253348574,-32.77126796550601,-0.20833333333333337,-1600.9873203449379,,,-1600.9873203449379,407.3000447141494,,2025-08-19
2025,8,3,2,34,0,6079.070207601405,6083.751817310764,5767.989562440115,7696.566362184605,8023.416640051102,6116.52308527627,6781.0652634940925,5976.937195784095,180.9690981283821,6732.606496327052,935.3253038842437,6721.343939635899,899.072353445035,-4.681609709358781,-701.9950558926876,-0.0007695267410543494,-0.10352282843698357,-0.8660254037844384,-0.5000000000000004,-1.0,-1.8369701987210297e-16,20,232,0,0,0,0,3,-0.7526668275320083,-0.6584015846980489,0.9749279121818236,-0.22252093395631434,6083.751817310764,6111.841475566912,6144.612743532418,5770.207167039285,6104.819061002875,5921.299960396039,5758.37994251038,5987.532417757904,6026.710099009902,,6689.175472920564,861.5286588176206,6707.1627102249395,830.15710607711,6684.661063557969,802.0595153280993,6726.329149974906,814.8265778178787,6662.1931502942925,799.6438890920062,6583.539858283523,794.2485309630993,6566.6665207707865,796.0832687258251,6272.237459180849,816.5229164118767,5889.998091361469,982.1193574299043,-0.005361930294906281,-32.77126796550692,0.053527201298146476,308.86304056211975,,,308.86304056211975,91.53778984350083,,2025-08-20
2025,8,3,3,34,0,6394.093260938997,6079.070207601405,6083.751817310764,5767.989562440115,7696.566362184605,6111.841475566912,8066.5367294794,6185.638428617055,180.54235571227227,6674.147975087832,945.3152038054862,6581.973650590866,795.2188091828333,315.0230533375925,-1672.4434685404021,0.051820926980524096,-0.2073310423825887,-0.8660254037844384,-0.5000000000000004,-1.0,-1.8369701987210297e-16,21,233,0,0,0,0,3,-0.7638886127905429,-0.64534811322955,0.43388373911755823,-0.900968867902419,6079.070207601405,6428.589332481635,6463.085404024274,6097.796646438837,6433.517342702013,6238.039603960396,6073.7725966145,6299.845065474289,7208.754950495049,,6684.2474627001875,863.3643647605646,6702.234700004563,831.9203653041819,6694.53761737464,796.3879216792541,6724.921147054798,815.3851606145108,6664.979822740339,798.4098476380648,6587.3531995254825,792.5386719457434,6567.713722942617,795.7902717637463,6267.711560905537,813.555299101335,5891.426123003332,981.090247261859,-0.005366040628593249,-34.496071542637765,0.048590766744115665,296.2966145001601,,,296.2966145001601,94.24819546470826,,2025-08-21
2025,8,3,4,34,0,6708.623513254553,6394.093260938997,6079.070207601405,6083.751817310764,5767.989562440115,6428.589332481635,7737.961648035772,6393.928993931651,314.776684972741,6455.015787288407,687.1176479804034,6496.1954726924305,710.1561727787206,314.5302523155551,-1029.3381347812192,0.04919075144508689,-0.13302445548337782,-0.8660254037844384,-0.5000000000000004,-1.0,-1.8369701987210297e-16,22,234,0,0,0,0,4,-0.7748840413670406,-0.6321034111873488,-0.433883739117558,-0.9009688679024191,6394.093260938997,6744.844388374322,6781.0652634940925,6104.819061002875,6762.954825934207,6555.288475247525,6390.397253273714,7515.215586074736,6953.140820367751,,6679.073051968791,863.0491431339075,6697.060289273168,831.617568381358,6714.664432449697,788.5616698662017,6722.9807430305245,815.3559448009356,6667.717948419036,798.2897445471216,6591.1416073823975,792.3464134958248,6558.751588800171,789.5168408904798,6266.353131421575,812.6080027608925,5893.734590207431,980.6619243630938,-0.00537015726889134,-36.22087511976952,0.09890619954794966,603.8044522516775,,,603.8044522516775,-806.5920728201836,,2025-08-22
2025,8,3,5,34,1,7980.296550622805,6708.623513254553,6394.093260938997,6079.070207601405,6083.751817310764,6744.844388374322,5799.036026828489,7027.6711082721185,839.8534068310876,6502.304152028107,791.4884397342714,6677.967183008624,790.1422741618608,1271.6730373682522,2181.2605237943153,0.18955796742144582,0.37614191629488003,-0.8660254037844384,-0.5000000000000004,-1.0,-1.8369701987210297e-16,23,235,0,0,0,0,4,-0.7856498550787144,-0.6186714032625032,-0.9749279121818236,-0.2225209339563146,6708.623513254553,8023.416640051102,8066.5367294794,6433.517342702013,8060.37671670393,7810.280198019802,7623.015809645481,7229.390993292877,5239.407666195192,,6672.91303919332,851.9370312328101,6690.900276497697,820.9440851420319,6766.22373938039,819.5054399437696,6720.120737099057,810.617724476873,6670.753954715518,803.0233361913578,6595.394949536889,798.8842602445004,6567.094983881614,800.5738581421435,6281.5802918906165,818.9127389269036,5899.612229532545,985.5177360394989,-0.005374280230326267,-43.12008942829743,0.2404251244733817,1546.779207920792,,,1546.779207920792,750.9055573299274,,2025-08-23
2025,8,3,6,34,1,7655.17107633344,7980.296550622805,6708.623513254553,6394.093260938997,6079.070207601405,8023.416640051102,6116.52308527627,7448.030380070265,660.657649262173,6816.834404343662,815.9140030800145,6806.187848930054,815.1962648128549,-325.1254742893643,1538.6479910571707,-0.040741026630644495,0.25155598525590683,-0.8660254037844384,-0.5000000000000004,-1.0,-1.8369701987210297e-16,24,236,0,0,0,0,4,-0.7961828637826154,-0.6050560696488494,-0.7818314824680299,0.6234898018587334,7980.296550622805,7696.566362184605,7737.961648035772,6762.954825934207,7746.83206643245,7503.979722772277,7332.879207920792,5433.131267965507,5556.401923620933,,6666.999426928868,843.7515591392811,6684.986664233244,813.0820069527668,6795.964281060365,835.417869925269,6716.847130309806,806.49246265117,6673.453800314825,806.1238345113957,6599.231757494183,803.2309674035382,6591.7843150857025,799.4725923409409,6293.240120516798,823.4585461729871,5904.543574607827,988.5173607617919,-0.005378409527468153,-41.39528585116477,0.13192698655590762,892.2162503992331,,,892.2162503992331,2222.039808367934,,2025-08-24
2025,8,3,0,35,0,5736.943098051742,7655.17107633344,7980.296550622805,6708.623513254553,6394.093260938997,7696.566362184605,6111.841475566912,7124.136908335996,1212.2939593911042,6759.032951133824,887.3880107535016,6774.946317470457,850.6387708623397,-1918.2279782816986,-374.89837751517007,-0.25057937427578203,-0.06133967626841885,-0.8660254037844384,-0.5000000000000004,-1.0,-1.8369701987210297e-16,25,237,0,0,0,0,4,-0.8064799463209447,-0.5912614448635782,0.0,1.0,7655.17107633344,5767.989562440115,5799.036026828489,8060.37671670393,5816.776863621847,5632.5678415841585,5504.242455445545,5746.675918236984,5582.317977369165,,6662.56421773053,849.3280189039339,6680.551455034904,818.4381573707607,6718.516493771957,821.7435158687687,6713.995924396588,809.9261579832888,6675.317644180316,803.7907256855283,6602.002003239494,799.8029459366846,6591.6761726392,799.5888420740645,6294.099148965034,822.7931553325079,5904.074105485823,987.1678711613365,-0.005382545174932529,-31.04646438837335,-0.2882537256400458,-2323.4336186521878,,,-2323.4336186521878,-9.732820185242417,,2025-08-25
2025,8,3,1,35,0,6050.980549345257,5736.943098051742,7655.17107633344,7980.296550622805,6708.623513254553,5767.989562440115,6428.589332481635,6481.031574576813,1028.88656196526,6754.351341424465,891.756107286615,6743.4789188757595,871.3485060896263,314.037451293515,-377.6087831363784,0.05473950951337869,-0.058738980452280654,-0.8660254037844384,-0.5000000000000004,-1.0,-1.8369701987210297e-16,26,238,0,0,0,0,4,-0.8165380514459157,-0.5772916165517278,0.7818314824680298,0.6234898018587336,5736.943098051742,6083.751817310764,6116.52308527627,7746.83206643245,6146.953548387097,5950.325940594059,5814.8713663366325,5758.37994251038,5903.404243281471,,6657.882608021171,853.1320597696943,6675.8698453255465,822.0919799535586,6661.988109869051,806.7584637219705,6710.568317287951,812.6133806028784,6677.115047908017,802.251118123167,6604.81282684674,797.4146537037494,6594.927290492921,796.7524253353225,6294.919017332057,822.4751387379212,5904.48445868096,985.8148895042289,-0.0053866871873798905,-32.77126796550692,-0.21890903307888054,-1695.8515170871933,,,-1695.8515170871933,292.600606834877,,2025-08-26
2025,8,3,2,35,0,6046.298939635899,6050.980549345257,5736.943098051742,7655.17107633344,7980.296550622805,6083.751817310764,6744.844388374322,5944.7408623443,179.97336608814177,6696.385621207283,930.3264959374847,6685.266798147557,894.2810548988343,-4.681609709357872,-698.5454487384231,-0.000773694390715618,-0.10356731875719227,-0.8660254037844384,-0.5000000000000004,-1.0,-1.8369701987210297e-16,27,239,0,0,0,0,4,-0.8263541987239095,-0.5631507242749187,0.9749279121818236,-0.22252093395631434,6050.980549345257,6079.070207601405,6111.841475566912,5816.776863621847,6153.975962951134,5957.348355158096,5819.709029702969,6073.7725966145,6227.218514851486,,6653.200998311813,856.9192138810291,6671.188235616189,825.7296346671096,6669.638845736187,799.5225393213807,6706.722709312407,815.5942696972567,6678.703451202264,800.8870160947679,6607.510325774513,795.106716706668,6594.6220276376025,796.9595769811989,6293.913908580857,822.6688584843182,5904.879485090306,984.4655428768143,-0.005390835579514808,-32.77126796550601,0.03945863515059078,229.5220760140519,,,229.5220760140519,-27.473656978600957,,2025-08-27
2025,8,3,3,35,0,6359.597189396359,6046.298939635899,6050.980549345257,5736.943098051742,7655.17107633344,6079.070207601405,8023.416640051102,6152.292226125838,179.54662406962638,6638.214567230917,940.2670256785754,6546.615177259661,790.9631118648532,313.29824976045984,-1663.8194506547434,0.051816533202925896,-0.2073704414587333,-0.8660254037844384,-0.5000000000000004,-1.0,-1.8369701987210297e-16,28,240,0,0,0,0,4,-0.8359254794186365,-0.5488429582847199,0.43388373911755823,-0.900968867902419,6046.298939635899,6394.093260938997,6428.589332481635,6146.953548387097,6485.26145001597,6278.2850207601405,6131.101782178218,6390.397253273714,7447.455445544555,,6648.272988091437,858.7548752662158,6666.260225395812,827.4928464795724,6676.726967103163,795.6621857311139,6702.234700004563,817.2022144111133,6680.155454213624,800.2212933884686,6610.230509193776,793.8470735432945,6594.279804705632,797.0548658675604,6287.870251602257,818.1305391346716,5906.142589824489,983.38553813562,-0.005394990366088703,-34.496071542638674,0.0345933378762977,212.64364100926196,,,212.64364100926196,-30.80006387735557,,2025-08-28
2025,8,3,4,35,0,6672.402638134781,6359.597189396359,6046.298939635899,6050.980549345257,5736.943098051742,6394.093260938997,7696.566362184605,6359.432922389014,313.05188157271726,6420.232248482913,683.4321362386588,6461.268200255509,706.3268987862104,312.80544873842246,-1024.163724049824,0.04918636187524217,-0.1330676142912024,-0.8660254037844384,-0.5000000000000004,-1.0,-1.8369701987210297e-16,29,241,0,0,0,0,5,-0.8452490573530634,-0.5343725582809785,-0.433883739117558,-0.9009688679024191,6359.597189396359,6708.623513254553,6744.844388374322,6153.975962951134,6817.286138613862,6599.960887895241,6443.003762376238,7623.015809645481,7131.816390929415,4237.79702970297,6643.0985773600405,858.439693785552,6661.085814664416,827.1900887418911,6694.00785627595,789.5232588967849,6697.060289273168,816.9053807824853,6681.449056896473,800.1478470022097,6612.961448190901,793.6594193591303,6583.717436133292,789.5322861778794,6285.317952975621,816.1973216952725,5912.905383181244,980.2467253567174,-0.0053991515618976305,-36.220875119771335,0.08424255770655242,518.4266751836476,,,518.4266751836476,-950.6131715106994,,2025-08-29
2025,8,3,5,35,1,7937.176461194507,6672.402638134781,6359.597189396359,6046.298939635899,6050.980549345257,6708.623513254553,5767.989562440115,6989.725429575216,835.2900126168383,6467.233145959758,787.170725317357,6642.03377515171,785.8654855799897,1264.773823059726,2169.186898754392,0.18955298288373124,0.37607330513904924,-0.8660254037844384,-0.5000000000000004,-1.0,-1.8369701987210297e-16,30,242,0,0,0,0,5,-0.8543221697498269,-0.5197438121555157,-0.9749279121818236,-0.2225209339563146,6672.402638134781,7980.296550622805,8023.416640051102,6485.26145001597,8109.656818907698,7866.336314276588,7676.607920792079,7332.879207920792,5335.556665602045,3842.2693069306933,6636.93856458457,847.3277383072701,6654.925801888945,816.5167847738217,6742.405023315235,820.1910386934208,6690.900276497697,806.4422441308003,6682.714059520008,802.108761914,6616.063454624264,798.3620357724656,6590.431850058554,798.4936662730407,6299.771396284467,822.2970341877101,5924.280125276422,979.910729843173,-0.005403319181783051,-43.12008942829743,0.22387917933130708,1451.9150111785375,,,1451.9150111785375,604.2972532737149,,2025-08-30
2025,8,3,6,35,1,7613.775790482274,7937.176461194507,6672.402638134781,6359.597189396359,6046.298939635899,7980.296550622805,6083.751817310764,7407.784963270521,657.0672503981568,6780.03859469818,811.4606266548924,6769.535772916001,810.7770045616728,-323.4006707122335,1530.02397317151,-0.04074505238649606,0.2514934893987566,-0.8660254037844384,-0.5000000000000004,-1.0,-1.8369701987210297e-16,31,243,0,1,0,0,5,-0.8631421280499115,-0.5049610547215202,-0.7818314824680299,0.6234898018587334,7937.176461194507,7655.17107633344,7696.566362184605,6817.286138613862,7779.356933886936,7560.553280102204,7375.654336633663,5504.242455445545,5617.931651229639,4407.308910891089,6631.024952320117,839.1418730739647,6649.012189624492,808.6543537572918,6768.954678377515,835.4478494540369,6684.986664233244,798.7352885290413,6683.664461491081,803.1985975805833,6618.898233836748,801.5081988836694,6613.87110933674,797.2119926046815,6310.859419280314,826.497063806278,5933.18697771973,980.6561148785693,-0.00540749324063361,-41.39528585116659,0.11683383030631589,796.4896518684118,,,796.4896518684118,2109.533335036729,,2025-08-31
2025,9,3,0,36,0,5705.896633663367,7613.775790482274,7937.176461194507,6672.402638134781,6359.597189396359,7655.17107633344,6079.070207601405,7085.616295113382,1205.7639721761764,6722.524608751199,882.5814308652308,6738.4379750878325,846.0568166873107,-1907.8791568189072,-373.1735739380383,-0.2505825242718446,-0.06138662018928709,-1.0,-1.8369701987210297e-16,-1.0,-1.8369701987210297e-16,1,244,1,0,0,0,1,-0.8717063187093218,-0.4900286664290594,0.0,1.0,7613.775790482274,5736.943098051742,5767.989562440115,8109.656818907698,5830.082491216865,5677.0677738741615,5536.3238019801975,5814.8713663366325,5603.8868221015655,4068.2851485148512,6626.589743121777,844.7185769198272,6644.576980426154,814.0107217784825,6688.829338869371,817.5073181457608,6680.551455034904,803.9857425372388,6684.179262558745,802.5506779357656,6620.916958023452,798.9582057730655,6612.6602789737035,798.5208562622622,6311.426140455658,826.0444408814348,5937.73589851181,975.7673587993703,-0.005411673753382473,-31.04646438837517,-0.2964071401443221,-2403.7601852443313,,,-2403.7601852443313,-108.97473267326586,,2025-09-01
2025,9,3,1,36,0,6034.98504950495,5705.896633663367,7613.775790482274,7937.176461194507,6672.402638134781,5736.943098051742,6394.093260938997,6451.552491216863,1019.8759946075783,6720.638960396039,884.3255131997906,6708.512290801661,865.472003910564,329.0884158415838,-359.108211434047,0.05767514502454252,-0.056162491971740613,-1.0,-1.8369701987210297e-16,-1.0,-1.8369701987210297e-16,2,245,0,0,0,0,1,-0.8800122039735356,-0.4749510720670502,0.7818314824680298,0.6234898018587336,5705.896633663367,6050.980549345257,6083.751817310764,7779.356933886936,6149.294353241777,5999.482842542318,5848.735009900989,5819.709029702969,5884.044203129991,4237.79702970297,6624.30467171602,846.5548282943488,6641.093639868595,816.6951462409063,6630.683609389972,799.0956609467405,6676.468979901447,807.0675820602221,6684.81323054022,802.0138166736663,6623.13422039969,797.0455844373107,6615.0522347492815,796.4386086791858,6312.264700713297,825.6846952583369,5942.728087455705,971.6345663493116,-0.0026434558349451853,-15.995499840306366,-0.22423085856666225,-1744.3718843819852,,,-1744.3718843819852,215.27601980198142,,2025-09-02
2025,9,3,2,36,0,6047.079207920792,6034.98504950495,5705.896633663367,7613.775790482274,7937.176461194507,6050.980549345257,6708.623513254553,5929.320297029703,193.58503862892002,6668.552630150111,918.3911728057251,6653.383598690514,886.2835234595622,12.094158415841775,-661.5443053337603,0.002004008016032177,-0.0986110345925234,-1.0,-1.8369701987210297e-16,-1.0,-1.8369701987210297e-16,3,246,0,0,0,0,1,-0.888057322629493,-0.4597327394521046,0.9749279121818236,-0.22252093395631434,6034.98504950495,6046.298939635899,6079.070207601405,5830.082491216865,6144.612743532418,6006.505257106355,5853.572673267326,6131.101782178218,6162.723181092303,4520.316831683168,6624.41613861386,846.4660838463348,6638.808568462838,818.4315304213196,6637.916833280103,792.5542458565511,6672.985639343889,809.654450773024,6685.5377653761925,801.4079938911149,6625.437869621754,795.0717684972641,6614.118650590866,797.0612708509493,6311.622234195678,825.8466792762766,5946.969094056364,968.7364047027154,0.00012904890953668868,0.7802682848932818,0.03722017947959366,216.99671670392763,0.426939319069898,1809.2821782178225,216.99671670392763,-84.02257425742573,1809.2821782178225,2025-09-03
2025,9,3,3,36,0,6378.0772277227725,6047.079207920792,6034.98504950495,5705.896633663367,7613.775790482274,6046.298939635899,7980.296550622805,6153.380495049504,194.68701400572382,6619.498395081443,925.9735374644561,6519.865321782178,782.8649817515699,330.99801980198026,-1602.2193229000322,0.054736842105263195,-0.2007719027402548,-1.0,-1.8369701987210297e-16,-1.0,-1.8369701987210297e-16,4,247,0,0,0,0,1,-0.8958392907349089,-0.44437817810461344,0.43388373911755823,-0.900968867902419,6047.079207920792,6359.597189396359,6394.093260938997,6149.294353241777,6463.085404024274,6330.029128074098,6166.747722772277,6443.003762376238,7318.095177259662,4633.324752475248,6627.056144089062,845.530798016339,6637.66456609025,818.8110112450017,6645.542929096136,788.7822285590677,6669.949633047407,810.6294691261818,6686.395767155633,801.0460985787693,6627.953697061643,793.9364006262698,6613.397244650272,797.247244259124,6306.399912253806,822.4115970148457,5951.81562870983,966.5078948621774,0.0029058504455639067,18.480038326413705,0.037204736241059244,228.78287448099582,0.6599766227260497,2535.807920792079,228.78287448099582,-64.92653465346575,2535.807920792079,2025-09-04
2025,9,3,4,36,0,6710.348316831683,6378.0772277227725,6047.079207920792,6034.98504950495,5705.896633663367,6359.597189396359,7655.17107633344,6378.501584158416,331.6347580812899,6415.02703768764,679.4500668661367,6441.130091823698,701.5973433418767,332.2710891089109,-944.822759501757,0.052095808383233466,-0.12342281447148196,-1.0,-1.8369701987210297e-16,-1.0,-1.8369701987210297e-16,5,248,0,0,0,0,1,-0.9033558023246842,-0.4288919379124841,-0.433883739117558,-0.9009688679024191,6378.0772277227725,6672.402638134781,6708.623513254553,6144.612743532418,6781.0652634940925,6654.292200574896,6480.432000000001,7676.607920792079,7007.630533375917,4802.836633663366,6632.476955331478,845.9914861196052,6637.787766345759,818.8226388546566,6664.400781539444,783.135713964966,6667.424027809464,810.3805792035481,6687.396769231646,801.0402763227185,6630.6907960715425,793.8180013744607,6602.66102682849,789.2343793200663,6304.748344384116,821.2932586694108,5957.114272274185,965.4194727769661,0.005686958769548944,37.94567869690218,0.09207017543859641,565.7355732992655,0.5225500305298445,2303.0394059405944,565.7355732992655,-966.2596039603959,2303.0394059405944,2025-09-05
2025,9,3,5,36,1,8004.423267326733,6710.348316831683,6378.0772277227725,6047.079207920792,6034.98504950495,6672.402638134781,5736.943098051742,7030.9496039603955,859.2666926602557,6480.134950495049,821.2197668621274,6630.086772596615,793.9646120978379,1294.07495049505,2267.4801692749916,0.1928476569910833,0.39524187891022056,-1.0,-1.8369701987210297e-16,-1.0,-1.8369701987210297e-16,6,249,0,0,0,0,1,-0.9106046300942162,-0.41327860778290443,-0.9749279121818236,-0.2225209339563146,6710.348316831683,7937.176461194507,7980.296550622805,6463.085404024274,8066.5367294794,7931.016448419035,7721.165346534653,7375.654336633663,5242.417272436921,4689.828712871287,6642.083641921797,863.4774105256594,6639.511103253183,821.8851622445559,6715.778710316194,819.2024397686606,6665.205689875439,806.4844438559386,6688.70760528357,803.1695904005752,6634.062914176211,799.0902476334525,6609.647348280634,798.8778402879482,6320.0928221335025,827.1155857206991,5966.321479369895,969.0983397201206,0.008472383908938008,67.24680613222608,0.23848328885500059,1541.3378633024595,0.9675177562833299,3936.138118811882,1541.3378633024595,628.7689306930706,3936.138118811882,2025-09-06
2025,9,3,6,36,1,7699.523168316831,8004.423267326733,6710.348316831683,6378.0772277227725,6047.079207920792,7937.176461194507,6050.980549345257,7471.431584158415,676.5181612104677,6812.40603960396,848.1801367624557,6767.465324177579,826.6049758648153,-304.9000990099021,1648.5426189715745,-0.03809145129224667,0.2724422274254301,-1.0,-1.8369701987210297e-16,-1.0,-1.8369701987210297e-16,7,250,0,0,0,0,1,-0.9175836260593934,-0.3975428142825566,-0.7818314824680299,0.6234898018587334,8004.423267326733,7613.775790482274,7655.17107633344,6781.0652634940925,7737.961648035772,7622.646208878952,7418.429465346534,5536.3238019801975,5519.61784733312,4972.348514851485,6654.333267326733,880.0096380228966,6642.679109823424,826.1755144303448,6746.393973810284,838.6577633383239,6663.832887028335,804.6213234690723,6690.080408130676,804.8588555224313,6637.409267783,802.9935528275133,6633.682896795486,798.7639940172658,6332.203407250079,831.2781514842874,5973.896964518411,971.9617581840465,0.011262135922330163,85.74737783455748,0.13544448683708477,918.4579048227388,0.8168692635231039,3461.7261386138616,918.4579048227388,2163.199366336634,3461.7261386138616,2025-09-07
2025,9,3,0,37,0,5786.1,7699.523168316831,8004.423267326733,6710.348316831683,6378.0772277227725,7613.775790482274,6046.298939635899,7163.348811881188,1202.4357508678586,6770.925198019802,898.4035231188437,6745.782079207921,850.3148419756842,-1913.423168316831,-260.19893963589857,-0.24851190476190466,-0.04303441530655905,-1.0,-1.8369701987210297e-16,-1.0,-1.8369701987210297e-16,8,251,0,0,0,0,2,-0.9242907221930934,-0.3816892202666586,0.0,1.0,7699.523168316831,5705.896633663367,5736.943098051742,8066.5367294794,5799.036026828489,5723.637470456723,5568.405148514851,5848.735009900989,5505.573018205046,5932.915841584158,6665.790891089108,866.0138371201439,6646.190317105444,822.1246020417005,6670.379416160971,817.9684613213,6663.3708860701745,805.1398138992193,6691.195810443948,803.5373692488232,6640.000873157823,799.8469815368198,6632.986952241032,799.4825482817131,6333.761890482274,829.9816794569196,5973.489142736231,972.0098009630232,0.014056224899598346,80.20336633663374,-0.2827033218785796,-2280.436729479399,0.280020895757767,1265.7831683168324,-2280.436729479399,-62.635009900988734,1265.7831683168324,2025-09-08
2025,9,3,1,37,0,6119.644158415841,5786.1,7699.523168316831,8004.423267326733,6710.348316831683,5705.896633663367,6359.597189396359,6535.089108910891,1022.1266728893074,6783.019356435644,887.1280420458174,6725.785993292878,862.9495108288601,333.5441584158407,-239.95303098051772,0.057645764576457426,-0.037730853674286524,-1.0,-1.8369701987210297e-16,-1.0,-1.8369701987210297e-16,9,252,0,0,0,0,2,-0.9307239310379793,-0.3657225234972692,0.7818314824680298,0.6234898018587336,5786.1,6034.98504950495,6050.980549345257,7737.961648035772,6116.52308527627,6048.639744490578,5882.598653465346,5853.572673267326,5780.555988502076,6723.971287128713,6677.88504950495,856.2725578206009,6651.094860610486,818.4974330397537,6616.435499840306,798.2605837358403,6663.482352968016,805.061514264117,6692.463746406899,802.5604443037322,6642.822843454853,797.557454547936,6635.943302076015,797.056285713128,6335.645713648462,829.103396537855,5971.810456267585,971.23162118052,0.014028056112224352,84.65910891089061,-0.20914002462531323,-1618.3174896199307,0.3207889550903076,1486.3194059405932,-1618.3174896199307,266.0714851485154,1486.3194059405932,2025-09-09
2025,9,3,2,37,0,6131.738316831683,6119.644158415841,5786.1,7699.523168316831,8004.423267326733,6034.98504950495,6672.402638134781,6012.494158415841,196.15632386070843,6741.962871287128,914.8831477325217,6680.730633184286,879.9371606822159,12.094158415841775,-540.6643213030984,0.0019762845849802257,-0.08102993039014761,-1.0,-1.8369701987210297e-16,-1.0,-1.8369701987210297e-16,10,253,0,0,0,0,2,-0.9368813462954315,-0.34964745525122826,0.9749279121818236,-0.22252093395631434,6119.644158415841,6047.079207920792,6046.298939635899,5799.036026828489,6111.841475566912,6055.662159054615,5887.436316831682,6166.747722772277,6054.060555732993,4241.361386138614,6689.979207920792,846.4191753910787,6657.1976732673265,813.9469986350217,6627.525576173746,788.7676681181177,6664.192954441758,804.565193151884,6693.822249224347,801.5266463885534,6645.731200597709,795.2116730828271,6635.554308676675,797.2963504413892,6336.077256765677,828.9762200798975,5977.061503297288,966.9505463747585,0.014000000000000012,84.65910891089061,0.05737199915020175,332.7022900031934,0.276691002532538,1328.9016831683166,332.7022900031934,-35.00940594059375,1328.9016831683166,2025-09-10
2025,9,3,3,37,0,6467.192079207921,6131.738316831683,6119.644158415841,5786.1,7699.523168316831,6047.079207920792,7937.176461194507,6239.524851485148,197.25831313575276,6701.436831683168,921.9220377922818,6558.231934685403,786.4797804687117,335.45376237623805,-1469.9843819865864,0.054707775355548716,-0.18520243176820594,-1.0,-1.8369701987210297e-16,-1.0,-1.8369701987210297e-16,11,254,0,0,0,0,2,-0.9427611433904206,-0.33346877891818705,0.43388373911755823,-0.900968867902419,6131.738316831683,6378.0772277227725,6359.597189396359,6116.52308527627,6428.589332481635,6381.773235388056,6202.393663366336,6480.432000000001,7188.734908974768,3845.5009900990103,6702.709900990099,841.6025673741722,6664.883022539581,811.4249332120341,6639.214542638134,783.5146923390159,6665.571623967697,804.1795015344869,6695.347585721131,801.0031145364933,6648.883562691062,793.9568933175551,6635.4071984456505,797.3265147497943,6332.068685489195,826.5711476401783,5984.343978544813,960.7045367503177,0.013972055888223478,89.11485148514839,0.05733142653802514,350.66899393165113,0.3789825759432621,1777.3633663366336,350.66899393165113,-13.239920792079829,1777.3633663366336,2025-09-11
2025,9,3,4,37,0,6803.91891089109,6467.192079207921,6131.738316831683,6119.644158415841,5786.1,6378.0772277227725,7613.775790482274,6467.616435643565,336.0904979559633,6501.352772277228,681.5025104800249,6490.743861386139,719.5698509439219,336.7268316831687,-809.8568795911842,0.05206692913385824,-0.10636731391585752,-1.0,-1.8369701987210297e-16,-1.0,-1.8369701987210297e-16,12,255,0,0,0,0,2,-0.9483615800121716,-0.31719128858910595,-0.433883739117558,-0.9009688679024191,6467.192079207921,6710.348316831683,6672.402638134781,6111.841475566912,6744.844388374322,6708.623513254553,6517.860237623763,7721.165346534653,6883.44467582242,4411.015841584159,6716.077128712871,842.4867385023944,6674.277042022174,812.2795301494926,6662.2837904822745,777.6179895257636,6667.681428343295,804.4726193696877,6697.0492892503535,801.1330469486411,6652.289023087101,794.0016176052044,6625.215571382946,789.1120670432762,6331.62687568402,826.2959935225311,5990.99093151511,958.0630375365104,0.013944223107569709,93.57059405940618,0.11323550162268936,692.0774353241777,0.36835117059253664,1831.570396039605,692.0774353241777,-917.246435643563,1831.570396039605,2025-09-12
2025,9,3,5,37,1,8115.816831683169,6803.91891089109,6467.192079207921,6131.738316831683,6119.644158415841,6710.348316831683,5705.896633663367,7128.97594059406,871.0553645078984,6570.73504950495,832.373336641781,6691.570544554455,811.0873275547696,1311.8979207920793,2409.9201980198022,0.19281504350266632,0.42235609103078975,-1.0,-1.8369701987210297e-16,-1.0,-1.8369701987210297e-16,13,256,0,0,0,0,2,-0.9536809966304455,-0.300819807635668,-0.9749279121818236,-0.2225209339563146,6803.91891089109,8004.423267326733,7937.176461194507,6428.589332481635,8023.416640051102,7995.696582561483,7765.722772277228,7418.429465346534,5149.277879271798,4071.706930693069,6731.990495049505,871.4323691397775,6687.037068485651,834.7370393249884,6718.524707122326,819.9927748297267,6670.981435187298,810.4075457217982,6699.194293698956,804.8256460398967,6656.456809508601,800.8062279532635,6632.9643198977965,800.3328590799681,6348.107647641861,832.1455110619889,6002.224570128972,959.2046981046474,0.013916500994035852,111.39356435643549,0.26245688003066325,1687.2274992015336,0.36793055023618026,2182.9009900990104,1687.2274992015336,697.3873663366348,2182.9009900990104,2025-09-13
2025,9,3,6,37,1,7806.46099009901,8115.816831683169,6803.91891089109,6467.192079207921,6131.738316831683,8004.423267326733,6034.98504950495,7575.39891089109,685.7924627615412,6907.461881188119,859.6840747686272,6839.19353960396,841.3654914033197,-309.35584158415895,1771.4759405940595,-0.03811764705882359,0.2935344372956439,-1.0,-1.8369701987210297e-16,-1.0,-1.8369701987210297e-16,14,257,0,0,0,0,2,-0.9587178169872964,-0.2843591872810036,-0.7818314824680299,0.6234898018587334,8115.816831683169,7699.523168316831,7613.775790482274,6744.844388374322,7696.566362184605,7684.739137655702,7461.204594059405,5568.405148514851,5421.304043436601,4241.361386138614,6747.267326732674,891.9174049667351,6700.800297029703,852.590185153748,6753.9119271798145,843.7314767787378,6674.906243327097,815.8065447015913,6701.367898206872,807.6949688761822,6660.567004699548,805.8565193372457,6657.83160702651,801.6525265240458,6361.358519567764,836.2848986443157,6012.1276245844165,959.3779407381285,0.01388888888888884,106.93782178217862,0.15739675233346095,1061.6166017246878,0.16098963793055465,1082.489702970297,1061.6166017246878,2238.0558415841588,1082.489702970297,2025-09-14
2025,9,3,0,38,0,5866.303366336634,7806.46099009901,8115.816831683169,6803.91891089109,6467.192079207921,7699.523168316831,6047.079207920792,7262.860396039604,1219.30468386295,6865.238415841584,910.8173147928612,6824.128886138614,858.2859049366267,-1940.1576237623758,-180.77584158415812,-0.24853228962817997,-0.029894736842105196,-1.0,-1.8369701987210297e-16,-1.0,-1.8369701987210297e-16,15,258,0,0,0,0,3,-0.9634705485641486,-0.26781430516217486,0.0,1.0,7806.46099009901,5786.1,5705.896633663367,8023.416640051102,5767.989562440115,5770.207167039285,5600.486495049505,5882.598653465346,5407.259214308528,4524.118811881188,6758.72495049505,877.9175998955188,6712.257920792079,839.163698050304,6682.008151389333,823.4850980458012,6678.417450609116,811.9611408022182,6703.083901765754,805.7804970093332,6663.73149126249,802.1569974950332,6657.650548280634,801.8314057938999,6363.908764856808,834.0560808002384,6015.855915013459,956.1818458878646,0.013861386138613874,80.20336633663374,-0.268852207293666,-2157.113273714468,0.38311802090445934,1624.9419801980202,-2157.113273714468,-16.295287128711607,1624.9419801980202,2025-09-15
2025,9,3,1,38,0,6204.303267326732,5866.303366336634,7806.46099009901,8115.816831683169,6803.91891089109,5786.1,6378.0772277227725,6625.689207920791,1036.4494606388464,6877.332574257426,899.541679737018,6809.647722772276,867.9079814752265,337.99990099009756,-173.77396039604082,0.05761718749999978,-0.02724550898203615,-1.0,-1.8369701987210297e-16,-1.0,-1.8369701987210297e-16,16,259,0,0,0,0,3,-0.9679377830240642,-0.25119006388481957,0.7818314824680298,0.6234898018587336,5866.303366336634,6119.644158415841,6034.98504950495,7696.566362184605,6083.751817310764,6097.796646438837,5916.462297029702,5887.436316831682,5677.0677738741615,4637.221782178218,6770.819108910892,868.1753986115498,6724.352079207921,829.8199936444774,6632.266048227404,804.9491048969498,6682.722859538258,809.0053830050443,6704.98580571018,804.450443801699,6667.158169480313,799.5368549582112,6661.171292175024,799.1025083846508,6366.837850931544,832.554954884066,6020.208919138871,953.4513105399997,0.01383399209486158,84.65910891089061,-0.19388686131386867,-1492.2630948578735,0.6133927109369928,2358.8022772277213,-1492.2630948578735,316.8669504950494,2358.8022772277213,2025-09-16
2025,9,3,2,38,0,6216.397425742574,6204.303267326732,5866.303366336634,7806.46099009901,8115.816831683169,6119.644158415841,6710.348316831683,6095.668019801979,198.72764116093634,6835.533465346535,927.794505237977,6768.485148514851,884.5985304112983,12.094158415842685,-493.95089108910906,0.0019493177387917004,-0.0736103206222728,-1.0,-1.8369701987210297e-16,-1.0,-1.8369701987210297e-16,17,260,0,0,0,0,3,-0.9721181966290612,-0.23449138957041052,0.9749279121818236,-0.22252093395631434,6204.303267326732,6131.738316831683,6047.079207920792,5767.989562440115,6079.070207601405,6104.819061002875,5921.299960396039,6202.393663366336,5945.397930373682,4806.876237623763,6782.913267326732,858.322627746897,6736.4462376237625,820.3698748605896,6647.212977004152,792.4127131228877,6687.6274030433,805.6194194172554,6706.978276509103,803.0739191184484,6670.671234543962,796.8640057643095,6661.326889534759,799.0135321329399,6368.343403683593,832.033453346554,6024.124255772535,951.3466633933618,0.013806706114398493,84.65910891089152,0.07774075498027821,448.4078633024592,0.40928929956189775,1805.3815841584155,448.4078633024592,14.003762376238228,1805.3815841584155,2025-09-17
2025,9,3,3,38,0,6556.306930693069,6216.397425742574,6204.303267326732,5866.303366336634,7806.46099009901,6131.738316831683,8004.423267326733,6325.669207920792,199.82964379970448,6794.264801980197,934.9612379017452,6647.8087871287125,794.891834395844,339.9095049504949,-1448.116336633664,0.05467950030718827,-0.1809145129224653,-1.0,-1.8369701987210297e-16,-1.0,-1.8369701987210297e-16,18,261,0,0,0,0,3,-0.9760105506323682,-0.21772323039653224,0.43388373911755823,-0.900968867902419,6216.397425742574,6467.192079207921,6378.0772277227725,6083.751817310764,6394.093260938997,6433.517342702013,6238.039603960396,6517.860237623763,7059.374640689875,4693.773267326733,6795.64396039604,853.5067339284471,6749.176930693068,815.750732361294,6662.9648141168955,785.4924032039984,6693.42074839166,804.0120354615012,6709.170947723229,802.4811106379665,6674.460131290779,795.5377010887196,6661.7540750133085,798.9462418878932,6365.5485830725,830.542868213374,6029.297960392998,949.15364526958,0.013779527559055094,89.11485148514839,0.07767494920448481,472.55511338230554,0.6102109121043942,2484.6000000000004,472.55511338230554,38.44669306930609,2484.6000000000004,2025-09-18
2025,9,3,4,38,0,6897.489504950495,6556.306930693069,6216.397425742574,6204.303267326732,5866.303366336634,6467.192079207921,7699.523168316831,6556.731287128713,340.54623790127664,6591.210247524752,691.0182691469898,6580.972648514852,729.4466022227481,341.1825742574256,-802.0336633663364,0.052038834951456225,-0.10416666666666663,-1.0,-1.8369701987210297e-16,-1.0,-1.8369701987210297e-16,19,262,0,0,0,0,3,-0.9796136916454901,-0.20089055513063528,-0.433883739117558,-0.9009688679024191,6556.306930693069,6803.91891089109,6710.348316831683,6079.070207601405,6708.623513254553,6762.954825934207,6555.288475247525,7765.722772277228,6759.258818268923,4976.530693069307,6809.011188118812,854.3902045580209,6762.544158415842,816.5983734169829,6690.245457361865,778.6968128394122,6700.165962380801,804.9360114278761,6711.573352705664,802.8463486852545,6678.533953072958,795.7962259737315,6652.107038709676,790.6652873664867,6366.316531331842,830.9727350142433,6034.633957092667,948.6181799160743,0.013752455795677632,93.57059405940527,0.13462902539367283,818.4192973490899,0.6262442355165712,2656.128118811881,818.4192973490899,-868.2332673267329,2656.128118811881,2025-09-19
2025,9,3,5,38,1,8227.210396039605,6897.489504950495,6556.306930693069,6216.397425742574,6204.303267326732,6803.91891089109,5786.1,7227.002277227723,882.8440394243561,6661.335148514851,843.5269230622827,6784.398514851485,822.1207054329959,1329.7208910891104,2441.110396039605,0.19278331487633826,0.421892189218922,-1.0,-1.8369701987210297e-16,-1.0,-1.8369701987210297e-16,20,263,0,0,0,0,3,-0.9829265519799822,-0.18399835165767986,-0.9749279121818236,-0.2225209339563146,6897.489504950495,8115.816831683169,8004.423267326733,6394.093260938997,7980.296550622805,8060.37671670393,7810.280198019802,7461.204594059405,5056.138486106675,5937.905940594059,6824.924554455445,883.3337503049216,6778.457524752475,844.3598357228873,6751.349361865219,825.1904179072721,6708.984314002829,820.678277145701,6714.552525550943,808.233903856532,6683.497407811288,804.1959638724585,6660.618214287235,803.4915675626988,6383.933597498136,836.6359958713678,6040.993136135573,955.6154560446613,0.013725490196078605,111.3935643564364,0.28668914579319216,1833.1171351006078,0.818522178160618,3703.0915841584174,1833.1171351006078,766.0058019802,3703.0915841584174,2025-09-20
2025,9,3,6,38,1,7913.398811881188,8227.210396039605,6897.489504950495,6556.306930693069,6216.397425742574,8115.816831683169,6119.644158415841,7679.366237623763,695.06679276876,7002.517722772278,871.1880323147109,6933.87806930693,852.7666560942977,-313.81158415841765,1793.7546534653466,-0.0381431334622826,0.2931142084460163,-1.0,-1.8369701987210297e-16,-1.0,-1.8369701987210297e-16,21,264,0,0,0,0,3,-0.9859481499638303,-0.1670516255021195,-0.7818314824680299,0.6234898018587334,8227.210396039605,7806.46099009901,7699.523168316831,6708.623513254553,7655.17107633344,7746.83206643245,7503.979722772277,5600.486495049505,5322.990239540082,6729.626732673267,6840.201386138614,903.825190513931,6793.734356435643,864.0124812859453,6791.508538486106,851.9225355449391,6718.206733129534,833.0623991281518,6717.526931719671,812.3976670039962,6688.371444586394,810.4450363062772,6686.31724002981,806.1869231087734,6398.3247562333645,840.5544405529337,6044.2813919111495,960.0181597609196,0.013698630136986134,106.9378217821777,0.17958606504692098,1204.775298626635,0.7064956526974797,3276.17702970297,1204.775298626635,2312.912316831683,3276.17702970297,2025-09-21
2025,9,3,0,39,0,5946.506732673267,7913.398811881188,8227.210396039605,6897.489504950495,6556.306930693069,7806.46099009901,6131.738316831683,7362.37198019802,1236.1736233026622,6959.551633663366,923.231208710978,6918.442103960396,870.1063369078566,-1966.8920792079207,-185.2315841584159,-0.24855212355212353,-0.03020865773902215,-1.0,-1.8369701987210297e-16,-1.0,-1.8369701987210297e-16,22,265,0,0,0,0,4,-0.9886775902323404,-0.15005539834465262,0.0,1.0,7913.398811881188,5866.303366336634,5786.1,7980.296550622805,5736.943098051742,5816.776863621847,5632.5678415841585,5916.462297029702,5308.945410412008,4324.9009900990095,6851.65900990099,889.8214887181615,6805.191980198019,850.5816178373885,6723.715544554455,834.8099639986381,6725.691148651732,824.8206101389422,6719.84353652416,809.963739297977,6692.108812337455,806.2304426923295,6686.651067092515,805.8707170280874,6401.866763579262,837.2751772242882,6048.785852307188,955.7229813580055,0.013671874999999778,80.20336633663283,-0.2548514087225011,-2033.7898179495378,0.23708338611456958,1139.6304950495041,-2033.7898179495378,30.04443564356461,1139.6304950495041,2025-09-22
2025,9,3,1,39,0,6288.962376237624,5946.506732673267,7913.398811881188,8227.210396039605,6897.489504950495,5866.303366336634,6467.192079207921,6716.289306930693,1050.7722598567061,6971.645792079208,911.9554251285936,6903.589628712872,879.9745039344956,342.45564356435716,-178.22970297029678,0.05758938128880331,-0.027559055118110187,-1.0,-1.8369701987210297e-16,-1.0,-1.8369701987210297e-16,23,266,0,0,0,0,4,-0.9911140639934546,-0.13301470653419636,0.7818314824680298,0.6234898018587336,5946.506732673267,6204.303267326732,6119.644158415841,7655.17107633344,6050.980549345257,6146.953548387097,5950.325940594059,5921.299960396039,5573.579559246246,3921.243564356436,6863.753168316832,880.0783917853884,6817.286138613861,841.2366162402317,6678.175254551262,819.3669964868266,6734.190499612173,818.8148388199781,6722.379408450062,808.3582100141256,6696.140198476068,803.318004549539,6690.736205046311,802.8736978256628,6405.841112562547,835.0163576349975,6055.36284900686,949.1655620397199,0.013645224171540127,84.65910891089243,-0.17846873524741425,-1366.2087000958163,0.3398521867289528,1595.1891089108913,-1366.2087000958163,367.66241584158524,1595.1891089108913,2025-09-23
2025,9,3,2,39,0,6301.056534653465,6288.962376237624,5946.506732673267,7913.398811881188,8227.210396039605,6204.303267326732,6803.91891089109,6178.841881188119,201.29898930074285,6929.1040594059405,940.7059344334539,6861.68443069307,896.9618281791398,12.094158415840866,-502.86237623762463,0.0019230769230769162,-0.07390775563663587,-1.0,-1.8369701987210297e-16,-1.0,-1.8369701987210297e-16,24,267,0,0,0,0,4,-0.9932568492674143,-0.11593459959550066,0.9749279121818236,-0.22252093395631434,6288.962376237624,6216.397425742574,6131.738316831683,5736.943098051742,6046.298939635899,6153.975962951134,5957.348355158096,6238.039603960396,5836.735305014372,4497.89702970297,6875.847326732673,870.2262174805506,6829.380297029703,831.786631537055,6696.97903577132,803.3378441582283,6743.288985148515,812.2773498321445,6725.005847230461,806.7151006887588,6700.2319625176815,800.379549307877,6691.436393165122,802.5018565832363,6408.420674949429,833.9649707879076,6060.371625409499,945.6751192953872,0.013618677042801508,84.65910891089061,0.09832996893298374,564.1134366017232,0.2661544604615407,1324.5258415841581,564.1134366017232,63.0169306930693,1324.5258415841581,2025-09-24
2025,9,3,3,39,0,6645.421782178218,6301.056534653465,6288.962376237624,5946.506732673267,7913.398811881188,6216.397425742574,8115.816831683169,6411.813564356436,202.40100479576756,6887.092772277228,948.0005000287729,6739.151509900989,805.8702459910539,344.3652475247527,-1470.3950495049512,0.05465198504899482,-0.18117647058823538,-1.0,-1.8369701987210297e-16,-1.0,-1.8369701987210297e-16,25,268,0,0,0,0,4,-0.9951053111006974,-0.09882013873287211,0.43388373911755823,-0.900968867902419,6301.056534653465,6556.306930693069,6467.192079207921,6050.980549345257,6359.597189396359,6485.26145001597,6278.2850207601405,6555.288475247525,6930.014372404981,4151.904950495049,6888.578019801979,865.4110189772001,6842.11099009901,827.1679416335636,6716.7937435324175,794.1328927802531,6753.497006319296,809.0664992161447,6727.865853161929,806.1333877926679,6704.602638248849,799.048955806405,6692.437874353242,802.3862744577509,6406.839605003726,833.2400415224355,6067.298061053063,940.7769284867961,0.013592233009708687,89.11485148514839,0.0982388272421868,594.4412328329608,0.1191524164684521,707.5158415841588,594.4412328329608,90.13330693069292,707.5158415841588,2025-09-25
2025,9,3,4,39,0,6991.060099009902,6645.421782178218,6301.056534653465,6288.962376237624,5946.506732673267,6556.306930693069,7806.46099009901,6645.8461386138615,345.00197791450455,6681.067722772277,700.534192404961,6671.201435643565,739.3238462982538,345.6383168316843,-815.400891089108,0.05201149425287377,-0.10445205479452047,-1.0,-1.8369701987210297e-16,-1.0,-1.8369701987210297e-16,26,269,0,0,0,0,4,-0.99665890175417,-0.08167639533042288,-0.433883739117558,-0.9009688679024191,6645.421782178218,6897.489504950495,6803.91891089109,6046.298939635899,6672.402638134781,6817.286138613862,6599.960887895241,7810.280198019802,6635.072960715425,4324.9009900990095,6901.945247524753,866.2938082385997,6855.478217821782,828.0149613529017,6748.285782178218,785.3106301116213,6764.877629921978,810.1240327988079,6730.968959597573,806.8180275262812,6709.258581238309,799.5711459609831,6683.335428808687,794.1673552305593,6408.817311327583,834.2066921623826,6074.704058577816,937.5108162128361,0.013565891472868463,93.57059405940709,0.15625445728141507,944.761159374003,0.038848122893256454,261.4333663366351,944.761159374003,-819.2200990099,261.4333663366351,2025-09-26
2025,9,3,5,39,1,8338.60396039604,6991.060099009902,6645.421782178218,6301.056534653465,6288.962376237624,6897.489504950495,5866.303366336634,7325.028613861386,894.6327172883124,6751.935247524753,854.6805254721411,6877.226485148515,833.1545568747314,1347.543861386138,2472.3005940594057,0.1927524355822634,0.4214409722222221,-1.0,-1.8369701987210297e-16,-1.0,-1.8369701987210297e-16,27,270,0,0,0,0,4,-0.9979171608653922,-0.06450844944931625,-0.9749279121818236,-0.2225209339563146,6991.060099009902,8227.210396039605,8115.816831683169,6359.597189396359,7937.176461194507,8109.656818907698,7866.336314276588,7503.979722772277,4962.999092941552,4613.227722772277,6917.8586138613855,895.2353200843299,6871.391584158416,855.7757319629467,6814.252674544873,833.1939987363725,6779.214326322033,834.8142503360816,6735.0573014098645,814.4749250338443,6714.880815120683,809.4051492222131,6692.609031448952,808.5996775050418,6427.570671702331,839.4485633295964,6085.052325904549,941.8842653022454,0.013539651837524147,111.39356435643458,0.3111842954927031,1979.006770999681,0.9280450533978919,4013.7029702970303,1979.006770999681,834.6242376237633,4013.7029702970303,2025-09-27
2025,9,3,6,39,1,8020.336633663366,8338.60396039604,6991.060099009902,6645.421782178218,6301.056534653465,8227.210396039605,6204.303267326732,7783.333564356435,704.3411501080406,7097.573564356436,882.6920086367256,7028.562599009901,864.1683019108599,-318.2673267326736,1816.0333663366346,-0.038167938931297773,0.29270544783010166,-1.0,-1.8369701987210297e-16,-1.0,-1.8369701987210297e-16,28,271,0,0,0,0,4,-0.9988797155850335,-0.04732138832243232,-0.7818314824680299,0.6234898018587334,8338.60396039604,7913.398811881188,7806.46099009901,6672.402638134781,7613.775790482274,7779.356933886936,7560.553280102204,5632.5678415841585,5224.676435643563,4728.558415841584,6933.135445544554,915.7329939387549,6886.668415841584,875.435273496531,6859.1838077291595,861.1561560526823,6793.734356435643,853.200704707611,6739.360510334444,820.7054775288291,6720.3544264726015,816.7145615908953,6719.139795805387,812.5905305026099,6443.102117246886,842.9237313409516,6094.196154287386,944.6529673625398,0.013513513513513598,106.93782178217862,0.20201628538193095,1347.933995528585,1.0453553833194964,4099.09306930693,1347.933995528585,2387.7687920792077,4099.09306930693,2025-09-28
2025,9,3,0,40,0,6026.710099009901,8020.336633663366,8338.60396039604,6991.060099009902,6645.421782178218,7913.398811881188,6216.397425742574,7461.883564356435,1253.0425689267115,7053.864851485149,935.6452008035501,7012.75532178218,881.9272860786273,-1993.6265346534656,-189.68732673267368,-0.24857142857142855,-0.030514028261314885,-1.0,-1.8369701987210297e-16,-1.0,-1.8369701987210297e-16,29,272,0,0,0,0,5,-0.9995462806873573,-0.03012030484690836,0.0,1.0,8020.336633663366,5946.506732673267,5866.303366336634,7937.176461194507,5705.896633663367,5830.082491216865,5677.0677738741615,5950.325940594059,5231.932930693069,4901.554455445545,6944.59306930693,901.725498596133,6898.12603960396,862.0001573937977,6795.50159565634,849.2469162666594,6805.191980198019,840.1046779634847,6742.871717616463,817.1575472769518,6724.516835105171,812.2119292387455,6719.988508676674,811.8180406228518,6447.517545959757,838.6145026639033,6097.321586630622,942.5550480338815,0.013487475915221703,80.20336633663374,-0.24069848661234006,-1910.4663621846066,0.33989507968080135,1528.8130693069306,-1910.4663621846066,76.38415841584174,1528.8130693069306,2025-09-29
2025,9,3,1,40,0,6373.621485148515,6026.710099009901,8020.336633663366,8338.60396039604,6991.060099009902,5946.506732673267,6556.306930693069,6806.889405940594,1065.0950700802236,7065.95900990099,924.3692738814824,6997.531534653466,892.0415237123664,346.91138613861403,-182.68544554455457,0.05756231516687804,-0.027864077669902954,-1.0,-1.8369701987210297e-16,-1.0,-1.8369701987210297e-16,30,273,0,1,0,1,5,-0.9999166586547379,-0.012910296075008843,0.7818314824680298,0.6234898018587336,6026.710099009901,6288.962376237624,6204.303267326732,7613.775790482274,6034.98504950495,6149.294353241777,5999.482842542318,5957.348355158096,5514.936237623761,4786.223762376238,6956.687227722772,891.9815312417244,6910.220198019802,852.6539001383647,6754.163118811882,838.1534198000692,6817.286138613861,830.9942135932407,6746.877559257655,814.7410984942171,6728.970866564767,809.208366131111,6724.613765676568,808.6036237277671,6452.288019557116,835.71717853037,6101.731024749433,940.1143195837868,0.013461538461538414,84.65910891089061,-0.1628829557713053,-1240.154305333759,0.5351077544269314,2221.7165346534657,-1240.154305333759,416.27312999041897,2221.7165346534657,2025-09-30
2025,10,4,2,40,0,6385.7156435643565,6373.621485148515,6026.710099009901,8020.336633663366,8338.60396039604,6288.962376237624,6897.489504950495,6262.015742574257,203.8703671131727,7022.674653465347,953.617432407027,6954.883712871288,909.3255800940292,12.094158415841775,-511.7738613861384,0.00189753320683117,-0.07419712070874862,-0.8660254037844386,0.5000000000000001,-2.4492935982947064e-16,1.0,1,274,1,0,1,0,1,-0.9999907397361901,0.004303538296243821,0.9749279121818236,-0.22252093395631434,6373.621485148515,6301.056534653465,6216.397425742574,5705.896633663367,6047.079207920792,6144.612743532418,6006.505257106355,6278.2850207601405,5798.7033861386135,5074.550495049504,6968.781386138614,882.1299390306497,6922.314356435644,843.204053296352,6776.823752475248,817.7770391516145,6829.380297029703,821.7827548170907,6751.182968186796,812.1334993388941,6733.485275927362,806.1814245059015,6725.807439263282,808.0164251775077,6455.549198765038,834.2966056909848,6105.373150161975,938.6624948708004,0.01343570057581589,84.65910891089152,0.11914323962516726,679.8190099009898,0.4764998454723397,2060.814653465347,679.8190099009898,107.430622804216,2060.814653465347,2025-10-01
2025,10,4,3,40,0,6763.6940274672625,6385.7156435643565,6373.621485148515,6026.710099009901,8020.336633663366,6301.056534653465,8227.210396039605,6507.677052060045,221.7996527035733,6984.78030820824,959.6235338013561,6832.924015490258,816.5810882423834,377.978383902906,-1463.5163685723428,0.05919123321500219,-0.17788731515567502,-0.8660254037844386,0.5000000000000001,-2.4492935982947064e-16,1.0,2,275,0,0,0,0,1,-0.9997685019798909,0.021516097436222233,0.43388373911755823,-0.900968867902419,6385.7156435643565,6645.421782178218,6556.306930693069,6034.98504950495,6378.0772277227725,6463.085404024274,6330.029128074098,6599.960887895241,6912.766336633663,6054.861386138614,6985.677421179907,876.0156424799975,6937.127720490943,838.0855865023391,6801.114051740658,805.7159261616636,6843.152325592006,817.157577966582,6756.550979319706,811.1875446288576,6738.647953301091,804.9542487828778,6727.626696369638,807.9142136928524,6454.721019269668,833.9141073073341,6107.342129721221,939.2994671142494,0.017797552836484876,118.2722452890448,0.12074743714934111,728.708977962312,0.46615221140713214,2150.4663046949854,728.708977962312,163.73313957202117,2150.4663046949854,2025-10-02
2025,10,4,4,40,0,7145.86122005749,6763.6940274672625,6385.7156435643565,6373.621485148515,6026.710099009901,6645.421782178218,7913.398811881188,6765.090297029703,380.07471178969456,6785.989851485148,715.5961623654863,6768.962549504951,751.7411600726256,382.1671925902274,-767.5375918236978,0.056502732240437226,-0.09699215344376622,-0.8660254037844386,0.5000000000000001,-2.4492935982947064e-16,1.0,3,276,0,0,0,0,1,-0.9992500112396835,0.03872228089217399,-0.433883739117558,-0.9009688679024191,6763.6940274672625,6991.060099009902,6897.489504950495,6047.079207920792,6710.348316831683,6781.0652634940925,6654.292200574896,7866.336314276588,6645.421782178217,6862.176237623762,7007.791867043847,878.1255576898826,6954.868557284301,839.8089992367254,6837.740118811882,795.1621924583665,6858.70635785007,818.6795484749686,6763.0651928297675,812.8510200692687,6744.499965437788,806.119602492085,6719.62141754498,800.0354728372341,6457.501238368999,835.3863617306436,6108.130143561315,940.0531845701122,0.022142724973786443,154.8011210475879,0.18170458404074696,1098.7820121366976,0.511213480226336,2417.302804215906,1098.7820121366976,-720.4750942190985,2417.302804215906,2025-10-03
2025,10,4,5,40,1,8559.337751517087,7145.86122005749,6763.6940274672625,6385.7156435643565,6373.621485148515,6991.060099009902,5946.506732673267,7489.630999680613,945.8949952116536,6875.823371127436,909.188623589966,6986.698467741936,862.1519124458525,1413.476531459597,2612.83101884382,0.1978035240164131,0.4393892307373568,-0.8660254037844386,0.5000000000000001,-2.4492935982947064e-16,1.0,4,277,0,0,0,0,1,-0.9984354211555643,0.05591699010060302,-0.9749279121818236,-0.2225209339563146,7145.86122005749,8338.60396039604,8227.210396039605,6378.0772277227725,8004.423267326733,8066.5367294794,7931.016448419035,7560.553280102204,4990.940910891089,4488.861386138614,7039.325265775426,935.9398384844201,6978.591939818406,882.139770622356,6910.448802938358,849.5478779349654,6878.524732285441,853.4214338397072,6771.86521108044,829.711815750398,6751.97998095086,820.0566134925372,6730.719022782923,818.5445916638548,6477.3256652613645,842.697759373858,6119.437022354034,944.9892180652256,0.026471312484609655,220.73379112104703,0.3419934324898588,2181.2605237943144,0.7462496498448175,3657.7832960715423,2181.2605237943144,998.7844714148832,3657.7832960715423,2025-10-04
2025,10,4,6,40,1,8267.229945704248,8559.337751517087,7145.86122005749,6763.6940274672625,6385.7156435643565,8338.60396039604,6288.962376237624,7990.809639092942,746.180350637198,7249.243345576492,949.8930265362794,7151.554098530821,904.6929055112122,-292.1078058128387,1978.267569466624,-0.03412738395106141,0.3145618388402769,-0.8660254037844386,0.5000000000000001,-2.4492935982947064e-16,1.0,5,278,0,0,0,0,1,-0.9973249731081555,0.07309512989807776,-0.7818314824680299,0.6234898018587334,8559.337751517087,8020.336633663366,7913.398811881188,6710.348316831683,7699.523168316831,7737.961648035772,7622.646208878952,5677.0677738741615,5275.471900990098,4069.90099009901,7074.595738924123,982.5611806825958,7003.865592234339,915.4233527106912,6962.344857234111,883.7661408854485,6898.799974334991,879.9792343169763,6781.3164306816625,843.811315390093,6759.653596865447,831.2415085667267,6759.498602469924,826.5774718039845,6493.946543287554,848.345587326237,6131.096269452935,945.5247738804812,0.030783410138248923,246.89331204088194,0.2320120439899389,1556.8816288725648,0.7272969999212449,3481.0061833280106,1556.8816288725648,2590.1621718300867,3481.0061833280106,2025-10-05
2025,10,4,0,41,0,6238.121737464069,8267.229945704248,8559.337751517087,7145.86122005749,6763.6940274672625,8020.336633663366,6301.056534653465,7688.2298115618005,1264.2949863369493,7226.660054295752,976.1226401404019,7146.30953209837,910.2369467972911,-2029.108208240179,-62.934797189395795,-0.2454399141630902,-0.00998797532497575,-0.8660254037844386,0.5000000000000001,-2.4492935982947064e-16,1.0,6,279,0,0,0,0,1,-0.9959189961471792,0.0902516100310407,0.0,1.0,8267.229945704248,6026.710099009901,5946.506732673267,8004.423267326733,5786.1,5799.036026828489,5723.637470456723,5999.482842542318,5282.7283960396035,4668.415841584158,7104.797401560433,947.6108818589018,7024.695235433682,892.5452174570053,6903.468139572022,870.6876560876682,6914.94360781585,862.7885551216466,6789.157246943012,836.5264476771623,6765.778409567915,825.3907284173204,6762.150145746834,824.492185027263,6499.254284073246,843.7012038007418,6135.456563608158,942.3749323742583,0.035079111983319144,211.4116384541685,-0.22066568331943825,-1766.3015298626642,0.2292954309055928,1163.571242414565,-1766.3015298626642,238.63889492175076,1163.571242414565,2025-10-06
2025,10,4,1,41,0,6624.477738741616,6238.121737464069,8267.229945704248,8559.337751517087,7145.86122005749,6026.710099009901,6645.421782178218,7043.276473969978,1077.4341351834694,7266.453736825296,939.1498133081358,7144.564195145322,911.3041414562427,386.35600127754697,-20.944043436601532,0.061934668404629356,-0.003151649981460891,-0.8660254037844386,0.5000000000000001,-2.4492935982947064e-16,1.0,7,280,0,0,0,0,1,-0.994217906893952,0.10738134666416306,0.7818314824680298,0.6234898018587336,6238.121737464069,6373.621485148515,6288.962376237624,7699.523168316831,6119.644158415841,6116.52308527627,6048.639744490578,6006.505257106355,5568.405148514851,4309.306930693069,7140.63400921659,919.6826645747523,7048.660618469681,875.6145533303423,6867.633291919515,858.8368394122484,6932.973378541771,850.7442847315854,6798.227865754894,831.8411401379526,6772.633623785189,821.7460725992177,6769.016506653892,820.6929559969929,6505.121354018951,840.8591072983173,6141.887593630517,937.7664813795758,0.039358511354594006,250.85625359310143,-0.13962493599590364,-1075.0454295752152,0.09407586999547579,569.6163526030023,-1075.0454295752152,617.9724816352609,569.6163526030023,2025-10-07
2025,10,4,2,41,0,6664.271421271159,6624.477738741616,6238.121737464069,8267.229945704248,8559.337751517087,6373.621485148515,6991.060099009902,6508.956965825615,235.3925975546662,7249.883302459279,950.6019776147565,7117.33180533376,921.137933854124,39.79368252954282,-326.788677738743,0.0060070671378091856,-0.046743794662131966,-0.8660254037844386,0.5000000000000001,-2.4492935982947064e-16,1.0,8,281,0,0,0,0,2,-0.9922222094179324,0.12447926388678869,0.9749279121818236,-0.22252093395631434,6624.477738741616,6385.7156435643565,6301.056534653465,5786.1,6131.738316831683,6111.841475566912,6055.662159054615,6330.029128074098,5854.845742574257,4488.861386138614,7180.427691746133,887.0204842924142,7074.604538942374,856.9413842579884,6896.9056726285535,835.3474686072783,6951.992417986038,838.0261746929201,6808.092686213898,826.8137194136336,6779.878972144909,818.0229851371375,6772.730309911638,819.4394281369142,6509.618163345044,839.5253826773962,6147.93039928366,934.0867587524485,0.043621700879765246,278.5557777068025,0.15177259661450004,878.1714212711586,-0.02883994952906277,-197.90481635260312,878.1714212711586,334.2422931970614,-197.90481635260312,2025-10-08
2025,10,4,3,41,0,7056.910635579687,6664.271421271159,6624.477738741616,6238.121737464069,8267.229945704248,6385.7156435643565,8338.60396039604,6781.886598530821,239.00742668018785,7235.05820504631,953.2386642054576,7010.52402826573,837.1323481305839,392.6392143085277,-1281.6933248163532,0.05891705026528382,-0.1537059837478454,-0.8660254037844386,0.5000000000000001,-2.4492935982947064e-16,1.0,9,282,0,0,0,0,2,-0.989932495087353,0.141540295217043,0.43388373911755823,-0.900968867902419,6664.271421271159,6763.6940274672625,6645.421782178218,6119.644158415841,6467.192079207921,6428.589332481635,6381.773235388056,6654.292200574896,6979.602475247524,4788.118811881188,7222.315778619336,870.8366925734455,7103.996599899621,848.099762761619,6928.147888534015,822.7066400314073,6973.053794999316,832.7849007498719,6819.312709483506,825.8327891547846,6787.916322147193,817.3808096226884,6777.203848078356,819.8844577484467,6510.047653124668,839.7868976635494,6154.232598793935,932.5390614426143,0.043351548269580986,293.2166081124242,0.15315702235315443,937.2664771638456,0.5720936844632993,2568.049249441073,937.2664771638456,402.6184350047906,2568.049249441073,2025-10-09
2025,10,4,4,41,0,7453.738658575536,7056.910635579687,6664.271421271159,6624.477738741616,6238.121737464069,6763.6940274672625,8020.336633663366,7058.306905142127,394.73547075319397,7050.791689556052,725.7685148655074,6963.307530341744,789.6294406837061,396.8280229958491,-566.5979750878305,0.0562325418994416,-0.0706451612903225,-0.8660254037844386,0.5000000000000001,-2.4492935982947064e-16,1.0,10,283,0,0,0,0,2,-0.9873494423939864,0.15855938510313475,-0.433883739117558,-0.9009688679024191,7056.910635579687,7145.86122005749,6991.060099009902,6131.738316831683,6803.91891089109,6744.844388374322,6708.623513254553,7931.016448419035,6709.584475247523,4907.821782178218,7266.298269836201,874.1004236642749,7137.045068440023,852.3643918899771,6972.2145665921435,813.9359785719531,6996.2616431309025,836.9410587191935,6831.9715357371,830.0927193009909,6796.786740543869,820.546891900481,6771.90076152454,813.8590374922424,6514.181843032045,842.6016683178449,6161.30459011726,932.7140418008423,0.04308472121650975,307.8774385180459,0.21559960217397878,1322.000341743853,0.8314299725493337,3383.837668476526,1322.000341743853,-477.2777898434997,3383.837668476526,2025-10-10
2025,10,4,5,41,1,8925.858511657618,7453.738658575536,7056.910635579687,6664.271421271159,6624.477738741616,7145.86122005749,6026.710099009901,7812.169268604281,984.680617016608,7160.563117214947,958.9113248047471,7204.903231395721,911.174616645634,1472.119853082082,2899.148412647717,0.19750086775425202,0.4810499202747456,-0.8660254037844386,0.5000000000000001,-2.4492935982947064e-16,1.0,11,284,0,0,0,0,2,-0.9844738167520923,0.17553149042142777,-0.9749279121818236,-0.2225209339563146,7453.738658575536,8559.337751517087,8338.60396039604,6467.192079207921,8115.816831683169,8023.416640051102,7995.696582561483,7622.646208878952,5039.06293069307,5087.376237623763,7318.6583784277045,970.1638463121558,7178.991822101564,927.2084686804068,7054.170114340466,882.247074947085,7025.19170312999,889.4277137617346,6848.086569158644,861.7977414622833,6807.860096842634,842.8932497749032,6786.38089822208,840.3284330483699,6535.775151815182,854.3096957238986,6171.967040878464,942.293958068253,0.04282115869017633,366.5207601405309,0.38017526035052085,2458.666432449697,0.9119673170821814,4257.442670073459,2458.666432449697,1303.2123027786656,4257.442670073459,2025-10-11
2025,10,4,6,41,1,8619.089875439156,8925.858511657618,7453.738658575536,7056.910635579687,6664.271421271159,8559.337751517087,6373.621485148515,8332.89568189077,776.6688823270704,7557.391140210795,992.8868989531977,7392.025597253273,954.4797805901699,-306.7686362184613,2245.4683902906418,-0.03436853002070406,0.35230651765607934,-0.8660254037844386,0.5000000000000001,-2.4492935982947064e-16,1.0,12,285,0,0,0,0,2,-0.9813064702716093,0.19245158197082995,-0.7818314824680299,0.6234898018587334,8925.858511657618,8267.229945704248,8020.336633663366,6803.91891089109,7806.46099009901,7696.566362184605,7684.739137655702,5723.637470456723,5326.267366336633,4967.6732673267325,7368.924082675548,1034.4849688900288,7221.759910799837,981.2361064822094,7114.675813158736,925.667646145437,7054.214163320709,928.2749824401554,6864.560203323904,886.7671779327936,6818.983319911485,860.5838099648677,6818.552591610774,854.4908721650203,6554.068610199084,863.4713592769917,6182.109864789889,948.9234162599749,0.04256080114449201,351.8599297349083,0.26678315663675933,1815.1709645480669,1.000110461858641,4309.782944746087,1815.1709645480669,2895.452404982433,4309.782944746087,2025-10-12
2025,10,4,0,42,0,6502.016684765251,8619.089875439156,8925.858511657618,7453.738658575536,7056.910635579687,8267.229945704248,6385.7156435643565,8015.655023954008,1319.792603191267,7536.980964548067,1016.8687570682046,7401.717350686681,943.8642596701462,-2117.0731906739056,116.30104120089436,-0.24562607204116638,0.018212687143077666,-0.8660254037844386,0.5000000000000001,-2.4492935982947064e-16,1.0,13,286,0,0,0,0,2,-0.9778483415056568,0.20931464596304888,0.0,1.0,8619.089875439156,6238.121737464069,6026.710099009901,8115.816831683169,5866.303366336634,5767.989562440115,5770.207167039285,6048.639744490578,5333.523861386138,5266.9306930693065,7406.623360861432,990.2710696859798,7255.710381210933,944.2320947254269,7060.8824749281375,912.2766767625855,7076.918210407447,905.6429410516763,6877.667830508281,875.6185430444112,6827.695337979651,853.5138841837255,6823.590113169382,851.2311585905927,6560.560236995635,858.6227558676057,6185.540659211267,947.8374865913156,0.04230359047280485,263.8949473011817,-0.1988462998102467,-1613.800146917918,0.44847793804530545,2013.155298626637,-1613.800146917918,453.37694027467296,2013.155298626637,2025-10-13
2025,10,4,1,42,0,6903.033516448419,6502.016684765251,8619.089875439156,8925.858511657618,7453.738658575536,6238.121737464069,6763.6940274672625,7341.380025550941,1124.5490074689062,7576.774647077611,979.8853547754518,7413.328974768446,936.1269822228488,401.01683168316777,139.33948898115614,0.06167576170986799,0.020601092896174844,-0.8660254037844386,0.5000000000000001,-2.4492935982947064e-16,1.0,14,287,0,0,0,0,2,-0.9741004551724206,0.22611568550828803,0.7818314824680298,0.6234898018587336,6502.016684765251,6624.477738741616,6373.621485148515,7806.46099009901,6204.303267326732,6083.751817310764,6097.796646438837,6055.662159054615,5621.87405940594,6284.405940594059,7446.417043390975,958.6958977131368,7293.5255263037825,916.3785576021505,7030.7682258064515,901.6658193815392,7101.872862161793,890.2028309893685,6892.297860850025,868.931271229956,6837.28149119405,849.730917778962,6833.005350473757,847.3191624098505,6567.677789534759,856.1044390530154,6187.259069144196,948.577717106192,0.0420494699646643,278.5557777068025,-0.1157281737264062,-903.4274736505913,0.44170054830705197,2114.9147045672307,-903.4274736505913,847.3713573938039,2114.9147045672307,2025-10-14
2025,10,4,2,42,0,6942.827198977962,6903.033516448419,6502.016684765251,8619.089875439156,8925.858511657618,6624.477738741616,7145.86122005749,6782.625800063877,243.82778960529666,7557.760740977324,993.0093803451473,7396.409473011817,943.2086765175467,39.79368252954373,-203.03402107952752,0.005764665988470696,-0.028412813351263777,-0.8660254037844386,0.5000000000000001,-2.4492935982947064e-16,1.0,15,288,0,0,0,0,3,-0.970063921851507,0.2428497220959358,0.9749279121818236,-0.22252093395631434,6903.033516448419,6664.271421271159,6385.7156435643565,5866.303366336634,6216.397425742574,6079.070207601405,6104.819061002875,6381.773235388056,5910.9880990099,7122.326732673267,7486.210725920518,926.0447381887009,7333.319208833325,885.500580030608,7066.652353561162,874.7445211643926,7127.816782634485,873.8766653030133,6907.722092838892,861.8708686916167,6847.2577785508975,845.938681470335,6839.239283402533,846.0249534781282,6573.410228979027,855.1367359902516,6186.760459328376,948.131910857038,0.041798384264137844,278.5557777068034,0.18350974462365577,1076.5238326413282,0.41464533699847506,2035.0054167997441,1076.5238326413282,561.0539635899067,2035.0054167997441,2025-10-15
2025,10,4,3,42,0,7350.127243692111,6942.827198977962,6903.033516448419,6502.016684765251,8619.089875439156,6664.271421271159,8559.337751517087,7065.329319706164,247.44348328926307,7540.492171830087,996.0763024942011,7295.641930693069,869.375919047776,407.3000447141485,-1209.210507824976,0.05866486850977748,-0.14127383951061534,-0.8660254037844386,0.5000000000000001,-2.4492935982947064e-16,1.0,16,289,0,0,0,0,3,-0.965739937654855,0.25951179706979943,0.43388373911755823,-0.900968867902419,6942.827198977962,7056.910635579687,6763.6940274672625,6204.303267326732,6556.306930693069,6394.093260938997,6433.517342702013,6708.623513254553,7046.438613861386,4531.782178217822,7528.098812793722,909.8801209112991,7375.20729570653,870.2206484711439,7104.846486106675,860.6955818904162,7156.167508098736,867.5022586120214,6924.794128245198,860.9800227964084,6858.169801181731,846.4490780645604,6846.367102629619,847.6130083133323,6575.097388033641,856.373909887647,6194.589195621359,946.0619658253237,0.041550279329608975,293.2166081124242,0.18468213544614231,1145.8239763653792,0.44477760251623244,2262.751006068348,1145.8239763653792,641.5037304375583,2262.751006068348,2025-10-16
2025,10,4,4,42,0,7761.616097093581,7350.127243692111,6942.827198977962,6903.033516448419,6502.016684765251,7056.910635579687,8267.229945704248,7351.523513254552,409.3962348334964,7346.451769402745,756.9129183868433,7253.5074433088475,829.3373174537675,411.4888534014699,-505.61384861066745,0.055983908816627626,-0.06115879828326176,-0.8660254037844386,0.5000000000000001,-2.4492935982947064e-16,1.0,17,290,0,0,0,0,3,-0.9611297838723007,0.27609697309746883,-0.433883739117558,-0.9009688679024191,7350.127243692111,7453.738658575536,7145.86122005749,6216.397425742574,6897.489504950495,6708.623513254553,6762.954825934207,7995.696582561483,6773.747168316831,4108.815841584159,7572.081304010585,913.1219961733206,7419.189786923393,873.29268189355,7156.35377515171,851.884811304255,7187.029172103846,873.310217142678,6943.597567242324,867.6457632000509,6870.058625838389,852.0901860967437,6843.766208346641,844.399719670236,6580.585548749068,860.8080402007297,6204.735862997774,943.2135453546259,0.041305102395001736,307.877438518045,0.24857140969657743,1545.2186713510064,0.5624248374270315,2793.9428297668483,1545.2186713510064,-234.0804854679027,2793.9428297668483,2025-10-17
2025,10,4,5,42,1,9292.379271798149,7761.616097093581,7350.127243692111,6942.827198977962,6903.033516448419,7453.738658575536,6238.121737464069,8134.707537527946,1023.4664881492314,7458.666668795912,995.5961855965884,7508.028904503354,949.3739735505116,1530.763174704568,3054.2575343340795,0.1972222222222224,0.4896117233479482,-0.8660254037844386,0.5000000000000001,-2.4492935982947064e-16,1.0,18,291,0,0,0,0,3,-0.9562348265919058,0.2926003356333479,-0.9749279121818236,-0.2225209339563146,7761.616097093581,8925.858511657618,8559.337751517087,6556.306930693069,8227.210396039605,7980.296550622805,8060.37671670393,7684.739137655702,5087.18495049505,4713.053465346535,7624.44141260209,1009.1474935641405,7471.549895514896,964.1592885757236,7247.556186521878,928.4495145649805,7225.070917666651,940.8843561635227,6967.02761583474,912.6962346759843,6884.725322922845,882.8724929513171,6861.62887650378,878.6974695727663,6603.947739422974,876.9635067199904,6217.456212460141,953.859143257712,0.04106280193236733,366.5207601405309,0.41731913560914524,2736.0723411050794,0.7642873645605179,4025.448578728842,2736.0723411050794,1607.640134142447,4025.448578728842,2025-10-18
2025,10,4,6,42,1,8970.949805174067,9292.379271798149,7761.616097093581,7350.127243692111,6942.827198977962,8925.858511657618,6624.477738741616,8674.9817246886,807.1597132894846,7870.15552219738,1030.722218413698,7703.568243372724,991.558353885468,-321.4294666240821,2346.4720664324504,-0.03459065296652308,0.35421238608889727,-0.8660254037844386,0.5000000000000001,-2.4492935982947064e-16,1.0,19,292,0,0,0,0,3,-0.9510565162951536,0.30901699437494723,-0.7818314824680299,0.6234898018587334,9292.379271798149,8619.089875439156,8267.229945704248,6897.489504950495,7913.398811881188,7655.17107633344,7746.83206643245,5770.207167039285,5377.062831683167,4350.510891089109,7674.707116849934,1073.6499105138687,7521.815599762741,1025.2414766661689,7316.671529862664,977.3780459155568,7262.840595998539,989.5091464445752,6990.523664564037,947.0244312977372,6899.298153145959,907.0458093026202,6897.192683594166,898.5751859552795,6623.91377816459,889.6937207760708,6230.290764999266,959.7354978358503,0.04082332761578056,351.8599297349101,0.300610867002465,2073.4603002235717,0.42749368675029475,2686.5438645800077,2073.4603002235717,3200.7426381347814,2686.5438645800077,2025-10-19
2025,10,4,0,43,0,6765.9116320664325,8970.949805174067,9292.379271798149,7761.616097093581,7350.127243692111,8619.089875439156,6664.271421271159,8343.080236346215,1375.2908166085867,7847.301874800384,1057.6234979755163,7712.038260938997,982.2640268410416,-2205.038173107634,101.64021079527356,-0.24579762689518792,0.015251511286118458,-0.8660254037844386,0.5000000000000001,-2.4492935982947064e-16,1.0,20,293,0,0,0,0,3,-0.9455963874271428,0.3253420847119795,0.0,1.0,8970.949805174067,6502.016684765251,6238.121737464069,8227.210396039605,5946.506732673267,5736.943098051742,5816.776863621847,6097.796646438837,5384.319326732672,4531.782178217822,7712.406395035817,1029.3284636684566,7559.514877948625,983.2514620619916,7267.961571063557,966.7906939280248,7292.105056691153,960.8385532713546,7008.898102671442,932.1248419203479,6910.5973765798235,899.2766802236735,6904.616183434473,894.6480470954264,6631.589290972,884.8864291682418,6236.496680148844,955.937613115242,0.0405866302864939,263.8949473011817,-0.17761777001310297,-1461.2987639731728,-0.05004194752422686,-356.41510060683413,-1461.2987639731728,668.1149856275952,-356.41510060683413,2025-10-20
2025,10,4,1,43,0,7181.589294155222,6765.9116320664325,8970.949805174067,9292.379271798149,7761.616097093581,6502.016684765251,7056.910635579687,7639.483577131908,1171.6649337598562,7887.095557329926,1020.630677097198,7722.428149153625,975.3394423674189,415.6776620887895,124.67865857553534,0.06143705160420998,0.017667597765363086,-0.8660254037844386,0.5000000000000001,-2.4492935982947064e-16,1.0,21,294,0,0,0,0,3,-0.9398560579418953,0.341570769167856,0.7818314824680298,0.6234898018587336,6765.9116320664325,6903.033516448419,6624.477738741616,7913.398811881188,6288.962376237624,6050.980549345257,6146.953548387097,6104.819061002875,5675.34297029703,4833.90099009901,7752.2000775653605,997.7224141779103,7599.308560478167,953.3160128338694,7243.567920472693,959.1458585784708,7323.984589473925,940.9245168794201,7029.087544543049,923.2010467536767,6922.9144687913495,895.7699822376654,6916.5802971361645,891.0246750816635,6639.957326104545,882.9128509278887,6243.0180365490005,954.3491092390617,0.04035266191929465,278.5557777068034,-0.09247726989662464,-731.8095177259656,0.5847163459607119,2649.8071159374003,-731.8095177259656,1076.770233152347,2649.8071159374003,2025-10-21
2025,10,4,2,43,0,7221.382976684765,7181.589294155222,6765.9116320664325,8970.949805174067,9292.379271798149,6903.033516448419,7453.738658575536,7056.2946343021395,252.26494065339512,7865.6381794953695,1035.423647687884,7703.065175662728,983.4313966835152,39.79368252954282,-232.35568189077094,0.005541069100390983,-0.03117303846217434,-0.8660254037844386,0.5000000000000001,-2.4492935982947064e-16,1.0,22,295,0,0,0,0,4,-0.9338372288229252,0.35769823883312546,0.9749279121818236,-0.22252093395631434,7181.589294155222,6942.827198977962,6664.271421271159,5946.506732673267,6301.056534653465,6046.298939635899,6153.975962951134,6433.517342702013,5967.130455445545,4954.748514851485,7791.993760094903,965.0818335187593,7639.102243007711,922.4095635908642,7286.063795273076,927.4140917255448,7356.853390975042,919.7029877451301,7050.071188061779,913.763009326507,6935.62169514532,892.2948193929388,6925.3343597359735,890.0951868251237,6646.925395666986,882.5224240687593,6249.314243387427,953.3025811108529,0.04012137559002027,278.5557777068025,0.21439078459402916,1274.8762440114979,0.7575338625788961,3112.567135100606,1274.8762440114979,787.8656339827521,3112.567135100606,2025-10-22
2025,10,4,3,43,0,7643.343851804535,7221.382976684765,7181.589294155222,6765.9116320664325,8970.949805174067,6942.827198977962,8925.858511657618,7348.772040881508,255.88141420421027,7845.9261386138605,1038.9199620874026,7596.188954008304,905.0255247389994,421.9608751197702,-1282.5146598530828,0.058432141943188576,-0.1436853002070394,-0.8660254037844386,0.5000000000000001,-2.4492935982947064e-16,1.0,23,296,0,0,0,0,4,-0.9275416835791965,0.3737197147904692,0.43388373911755823,-0.900968867902419,7221.382976684765,7350.127243692111,7056.910635579687,6288.962376237624,6645.421782178218,6359.597189396359,6485.26145001597,6762.954825934207,7113.274752475247,5136.019801980198,7833.881846968107,948.9350317145968,7680.990329880914,907.1264264796047,7331.209844458639,910.0038433917133,7392.493464890268,910.4012677944202,7072.995235604782,912.2274984187987,6949.408390404709,894.197182392287,6935.116460023422,893.1231577515899,6649.870223996593,884.9682330024648,6256.279032414715,954.3049173962522,0.03989272544418365,293.2166081124242,0.21535849549431885,1354.381475566911,0.6217392626676994,2930.2903864580003,1354.381475566911,880.3890258703277,2930.2903864580003,2025-10-23
2025,10,4,4,43,0,8069.493535611627,7643.343851804535,7221.382976684765,7181.589294155222,6765.9116320664325,7350.127243692111,8619.089875439156,7644.7401213669755,424.05700349988666,7642.1118492494425,788.0720227651084,7550.389259022676,861.4101964428811,426.1496838070916,-549.5963398275298,0.05575435203094803,-0.06376500857632916,-0.8660254037844386,0.5000000000000001,-2.4492935982947064e-16,1.0,24,297,0,0,0,0,4,-0.9209712877166346,0.38963044953078774,-0.433883739117558,-0.9009688679024191,7643.343851804535,7761.616097093581,7453.738658575536,6301.056534653465,6991.060099009902,6672.402638134781,6817.286138613862,8060.37671670393,6837.909861386138,5015.172277227723,7877.864338184971,952.1568042236294,7724.972821097778,910.182888735535,7390.157744490577,898.1725541537604,7431.0089447689015,915.5865679894397,7097.943287345441,920.1425307052874,6964.315621321349,902.3685124730313,6935.217758011285,893.252726345605,6656.712355520068,891.1694508312354,6264.76325813245,956.8140386882438,0.03966666666666674,307.8774385180459,0.2806572185525422,1768.4370009581617,0.8548381414559583,3718.982644522518,1768.4370009581617,9.116818907697052,3718.982644522518,2025-10-24
2025,10,4,5,43,1,9658.900031938678,8069.493535611627,7643.343851804535,7221.382976684765,7181.589294155222,7761.616097093581,6502.016684765251,8457.245806451612,1062.2525812985266,7756.770220376878,1032.2821875472684,7813.46287128713,985.2799653491548,1589.4064963270512,3156.883347173427,0.19696483915784957,0.48552372290435053,-0.8660254037844386,0.5000000000000001,-2.4492935982947064e-16,1.0,25,298,0,0,0,0,4,-0.9141279881853337,0.4054257283599973,-0.9749279121818236,-0.2225209339563146,8069.493535611627,9292.379271798149,8925.858511657618,6645.421782178218,8338.60396039604,7937.176461194507,8109.656818907698,7746.83206643245,5135.30697029703,5317.2910891089105,7930.224446776475,1048.1459867454998,7777.332929689283,1001.1221958669106,7490.607019482593,977.0568469311954,7478.162375895424,994.6445504700847,7128.688351108729,975.7764074298963,6982.758992905051,941.0627599004699,6956.462957628021,934.5565770988596,6681.843428084743,911.5752495768197,6276.823282973643,972.0783316944826,0.03944315545243615,366.5207601405291,0.45346681497960706,3013.47824976046,1.1313689961456084,5127.117853720856,3013.47824976046,1912.0679655062277,5127.117853720856,2025-10-25
2025,10,4,6,43,1,9322.809734908977,9658.900031938678,8069.493535611627,7643.343851804535,7221.382976684765,9292.379271798149,6903.033516448419,9017.067767486427,837.6525924416329,8182.9199041839665,1068.5588682548928,8015.1108894921745,1028.672842104799,-336.0902970297011,2419.776218460558,-0.034795918367346745,0.3505380949831347,-0.8660254037844386,0.5000000000000001,-2.4492935982947064e-16,1.0,26,299,0,0,0,0,4,-0.9070138128026362,0.42110087079608916,-0.7818314824680299,0.6234898018587334,9658.900031938678,8970.949805174067,8619.089875439156,6991.060099009902,8020.336633663366,7613.775790482274,7779.356933886936,5816.776863621847,5427.858297029703,6344.49504950495,7980.49015102432,1112.8161036405752,7827.598633937126,1062.4269853345027,7568.332007345895,1027.396220691266,7524.67927236848,1049.8635547144258,7159.206814402061,1017.0758404244915,7001.133431012456,971.3835364623975,6995.418878420101,959.262213948509,6703.482047184074,927.7276616317305,6285.096379321987,985.2405779081196,0.03922214897824672,351.8599297349101,0.3335330554845759,2331.7496358990747,0.9286306761359675,4488.908744809966,2331.7496358990747,3506.0328712871296,4488.908744809966,2025-10-26
2025,10,4,0,44,0,7029.806579367614,9322.809734908977,9658.900031938678,8069.493535611627,7643.343851804535,8970.949805174067,6942.827198977962,8670.505448738424,1430.7895571695155,8157.622785052699,1098.3859029049243,8022.359171191313,1020.7059854683374,-2293.0031555413625,86.97938038965185,-0.24595623215984797,0.012527948326649385,-0.8660254037844386,0.5000000000000001,-2.4492935982947064e-16,1.0,27,300,0,0,0,0,4,-0.8996308696522434,0.4366512319560638,0.0,1.0,9322.809734908977,6765.9116320664325,6502.016684765251,8338.60396039604,6026.710099009901,5705.896633663367,5830.082491216865,6146.953548387097,5435.114792079207,7190.427722772277,8018.189429210202,1068.395035306433,7865.29791212301,1020.3005458225041,7524.7054279782815,1021.3300867434516,7560.504146666972,1013.3336181944547,7182.848063432496,997.8860805750887,7015.415860633298,962.739332087659,7005.228356542106,954.992819167969,6712.341446002342,923.150653586853,6284.650209479197,984.8657508846887,0.03900360537528669,263.8949473011817,-0.15695641467618815,-1308.7973810284257,0.4188018944445513,2075.058064516129,-1308.7973810284257,882.8530309805174,2075.058064516129,2025-10-27
2025,10,4,1,44,0,7460.145071862024,7029.806579367614,9322.809734908977,9658.900031938678,8069.493535611627,6765.9116320664325,7350.127243692111,7937.587128712872,1218.7817918184176,8197.416467582241,1061.3846538470978,8031.527323538805,1014.5947720151644,430.3384924944103,110.01782816991363,0.06121626358219401,0.01496815286624198,-0.8660254037844386,0.5000000000000001,-2.4492935982947064e-16,1.0,28,301,0,0,0,0,4,-0.8919813464595487,0.45207220393230374,0.7818314824680298,0.6234898018587336,7029.806579367614,7181.589294155222,6903.033516448419,8020.336633663366,6373.621485148515,6034.98504950495,6149.294353241777,6153.975962951134,5728.811881188119,4623.638613861386,8057.983111739746,1036.7607139076583,7905.091594652552,990.3067972911218,7506.032375918237,1017.0680731611809,7599.308560478167,986.6523116149972,7208.297349546015,986.1841010709162,7031.021226331158,959.1482421791085,7019.741346641116,951.8306813825856,6721.959963728308,921.8644670951912,6292.529394084753,982.8846121973506,0.03878748370273777,278.5557777068025,-0.06984639016897087,-560.1915618013418,0.45251485770864,2324.125269881826,-560.1915618013418,1306.1691089108908,2324.125269881826,2025-10-28
2025,10,4,2,44,0,7499.938754391568,7460.145071862024,7029.806579367614,9322.809734908977,9658.900031938678,7181.589294155222,7761.616097093581,7329.963468540402,260.7038605021168,8173.5156180134145,1077.8439692546312,8009.7208783136375,1023.694563354274,39.79368252954373,-261.67734270201254,0.005334170065892652,-0.03371428571428581,-0.8660254037844386,0.5000000000000001,-2.4492935982947064e-16,1.0,29,302,0,0,0,0,5,-0.8840675099433637,0.46735921715800205,0.9749279121818236,-0.22252093395631434,7460.145071862024,7221.382976684765,6942.827198977962,6026.710099009901,6385.7156435643565,6047.079207920792,6144.612743532418,6485.26145001597,6028.188502076014,4192.0990099009905,8097.776794269289,1004.1302725927546,7944.885277182097,959.3757875391155,7555.139997764292,977.9939439103597,7639.102243007712,957.9446113665921,7234.241270018706,974.1166976042445,7047.156059793768,955.4499336225176,7031.015538911956,951.4379868989881,6730.13635401895,922.2034630574088,6301.71783781945,978.6466003201728,0.03857374392220425,278.5557777068034,0.24444989574389808,1473.2286553816675,0.49544987486199976,2484.7664771638456,1473.2286553816675,1014.6773043755984,2484.7664771638456,2025-10-29
2025,10,4,3,44,0,7936.560459916959,7499.938754391568,7460.145071862024,7029.806579367614,9322.809734908977,7221.382976684765,9292.379271798149,7632.21476205685,264.3210399244815,8151.360105397635,1081.7689275606506,7896.735977323538,940.7158293591132,436.621705525391,-1355.8188118811895,0.05821670280570346,-0.14590652966523054,-0.8660254037844386,0.5000000000000001,-2.4492935982947064e-16,1.0,30,303,0,0,0,0,5,-0.8758917051442433,0.48250774176121763,0.43388373911755823,-0.900968867902419,7499.938754391568,7643.343851804535,7350.127243692111,6373.621485148515,6763.6940274672625,6378.0772277227725,6463.085404024274,6817.286138613862,7191.814915362504,4808.584158415842,8139.664881142492,988.0000633042107,7986.773364055299,944.0906223201465,7607.237963589907,954.2240412743882,7680.990329880915,943.7862170437608,7262.071327736461,971.4707353399011,7064.697429506776,958.1198623674381,7043.451920259768,955.917461791745,6734.273829266475,925.9494066118631,6310.406660879175,979.238569536089,0.03836234687298523,293.2166081124242,0.2452199237765098,1562.9389747684445,0.4925946928451861,2619.2693708080487,1562.9389747684445,1119.2743213030972,2619.2693708080487,2025-10-30
2025,10,4,4,44,0,8377.370974129672,7936.560459916959,7499.938754391568,7460.145071862024,7029.806579367614,7643.343851804535,8970.949805174067,7937.9567294794,438.71777629260356,7937.771929096135,819.2441506063338,7847.271074736505,893.518190323512,440.8105142127124,-593.578831044395,0.05554175721825527,-0.06616677653263026,-0.8660254037844386,0.5000000000000001,-2.4492935982947064e-16,1.0,31,304,0,1,0,0,5,-0.867456354729597,0.4975132889071803,-0.433883739117558,-0.9009688679024191,7936.560459916959,8069.493535611627,7761.616097093581,6385.7156435643565,7145.86122005749,6710.348316831683,6781.0652634940925,8109.656818907698,6918.926349409134,4438.693069306931,8183.647372359356,991.2032841206081,8030.755855272163,947.1325390821294,7673.626474608751,935.4056311933401,7724.972821097778,946.6156755549157,7291.839589473924,979.7626529179022,7083.701068919104,968.2041734047674,7046.4265219844565,959.681654015993,6742.3762994038125,933.9209320650439,6321.347432837017,980.2705168314732,0.03815325424815641,307.877438518045,0.3118922673252047,1991.6553305653151,0.32041571610704356,2032.8759246247218,1991.6553305653151,267.71415522197367,2032.8759246247218,2025-10-31
2025,11,4,5,44,1,10025.420792079209,8377.370974129672,7936.560459916959,7499.938754391568,7460.145071862024,8069.493535611627,6765.9116320664325,8779.78407537528,1101.038873001674,8054.873771957841,1068.9692131663542,8118.896838070905,1021.2182388097048,1648.049817949537,3259.509160012776,0.19672637430512663,0.48175461597290514,-0.5000000000000004,0.8660254037844384,-2.4492935982947064e-16,1.0,1,305,1,0,0,0,1,-0.858763958275803,0.5123714121284235,-0.9749279121818236,-0.2225209339563146,8377.370974129672,9658.900031938678,9292.379271798149,6763.6940274672625,8559.337751517087,8004.423267326733,8066.5367294794,7779.356933886936,5200.282785052698,4623.638613861386,8236.00748095086,1087.1577281990544,8083.115963863668,1038.1341634446815,7782.350700095816,1012.3863561300574,7777.3329296892825,1031.240266709457,7327.928830987362,1041.7482814823252,7107.021117283388,1014.6390621759803,7071.382787075482,1006.9933921064173,6769.18262166507,958.3396709061683,6336.352383332066,995.4364721725352,0.0379464285714286,366.5207601405309,0.4822404371584701,3261.7267646119462,0.3942732169226084,2834.993069306932,3261.7267646119462,2246.063858192273,2834.993069306932,2025-11-01
2025,11,4,6,44,1,9667.179089108911,10025.420792079209,8377.370974129672,7936.560459916959,7499.938754391568,9658.900031938678,7181.589294155222,9356.656951772597,866.7958519413753,8494.435856914724,1104.803387095311,8326.029320983711,1064.9600809983517,-358.2417029702974,2485.5897949536893,-0.035733333333333395,0.34610581211830094,-0.5000000000000004,0.8660254037844384,-2.4492935982947064e-16,1.0,2,306,0,0,0,0,1,-0.8498170915275277,0.5270777086423724,-0.7818314824680299,0.6234898018587334,10025.420792079209,9322.809734908977,8970.949805174067,7145.86122005749,8267.229945704248,7699.523168316831,7737.961648035772,5830.082491216865,5500.891408495688,4931.881188118812,8285.203102979422,1150.481285093286,8132.84662700187,1098.8377128039317,7866.394629064196,1061.203214739133,7827.331113382306,1088.2342080599553,7363.065543858648,1086.7218759846166,7129.987991581877,1050.3005088725017,7114.017193718727,1034.6953969938365,6792.328664335143,977.6544139178827,6349.505988612594,1008.0324259212202,0.03693836557775643,344.3693541999346,0.3528361090996863,2521.3178690514214,1.090816323777403,5043.540475247525,2521.3178690514214,3837.0965978920467,5043.540475247525,2025-11-02
2025,11,4,0,45,0,7282.465663366337,9667.179089108911,10025.420792079209,8377.370974129672,7936.560459916959,9322.809734908977,7221.382976684765,8991.688514851487,1491.0286202705831,8464.822622165442,1139.8951952400932,8331.119544873842,1059.3312792982306,-2384.713425742574,61.08268668157234,-0.24668141592920356,0.008458585686258013,-0.5000000000000004,0.8660254037844384,-2.4492935982947064e-16,1.0,3,307,0,0,0,0,1,-0.8406184056344783,0.5416278206559811,0.0,1.0,9667.179089108911,7029.806579367614,6765.9116320664325,8559.337751517087,6238.121737464069,5786.1,5799.036026828489,6149.294353241777,5512.595432769082,5055.178217821783,8321.297257836382,1107.6992333436542,8169.7433435232915,1057.2952976387064,7823.832226125839,1058.0540327105568,7864.629110735958,1048.935786159279,7389.786359275904,1065.429796922984,7147.647868207328,1040.0735916698482,7126.607986053444,1029.706696808237,6802.161276727349,973.6034951783062,6355.692898183552,1006.9006941016235,0.03594111461619365,252.65908399872296,-0.14917884130982362,-1276.8720881507497,0.7371883741692291,3090.3666534653466,-1276.8720881507497,1133.1713101245605,3090.3666534653466,2025-11-03
2025,11,4,1,45,0,7720.910732673267,7282.465663366337,9667.179089108911,10025.420792079209,8377.370974129672,7029.806579367614,7643.343851804535,8223.518495049508,1269.3208628356474,8501.651285212392,1105.5379866077726,8337.583451612903,1054.980756296797,438.44506930693024,77.56688086873237,0.0602055800293686,0.010148291424887157,-0.5000000000000004,0.8660254037844384,-2.4492935982947064e-16,1.0,4,308,0,0,0,0,1,-0.8311706263658079,0.5560174366570446,0.7818314824680298,0.6234898018587336,7282.465663366337,7460.145071862024,7181.589294155222,8267.229945704248,6624.477738741616,6119.644158415841,6116.52308527627,6144.612743532418,5815.0520600447135,5240.123762376238,8358.54949509513,1077.8955064711565,8208.266303417438,1027.9396694527368,7805.621585691472,1054.8559996716235,7903.787431947802,1021.0186403326294,7418.380405244788,1052.1262568518848,7166.74772115253,1035.6318933708803,7144.122408155009,1026.2159496283302,6812.749380464175,973.1717154574898,6362.583973101043,1007.7333618246219,0.034954502667085,260.7656608112429,-0.06608249880782069,-546.3192130309808,0.6056515760799066,2912.326574257426,-546.3192130309808,1576.2979891408495,2912.326574257426,2025-11-04
2025,11,4,2,45,0,7754.774376237623,7720.910732673267,7282.465663366337,9667.179089108911,10025.420792079209,7460.145071862024,8069.493535611627,7586.050257425743,263.4566205307942,8471.35360459917,1126.415640763855,8311.356854998403,1066.1045727558655,33.8636435643557,-314.71915937400354,0.004385964912280604,-0.0390011043425601,-0.5000000000000004,0.8660254037844384,-2.4492935982947064e-16,1.0,5,309,0,0,0,0,1,-0.8214765533024145,0.5702422926917867,0.9749279121818236,-0.22252093395631434,7720.910732673267,7499.938754391568,7221.382976684765,6238.121737464069,6664.271421271159,6131.738316831683,6111.841475566912,6463.085404024274,6118.740689875439,5116.8267326732675,8394.954583930283,1047.9509382498522,8246.365689099786,997.9969891750841,7856.1766736505915,1012.6402734370462,7942.733966053748,992.3833706079963,7447.363192019892,1038.3028481976987,7186.306446160515,1030.972685113499,7158.474507846268,1025.6165729841543,6821.838456499521,974.2930501228799,6369.911605444277,1008.2403890110027,0.03397836038285473,254.8356218460549,0.24312648944714343,1516.652638773554,0.7470850665167696,3316.0813069306923,1516.652638773554,1291.6889722133492,3316.0813069306923,2025-11-05
2025,11,4,3,45,0,8198.566336633663,7754.774376237623,7720.910732673267,7282.465663366337,9667.179089108911,7499.938754391568,9658.900031938678,7891.417148514852,266.53734149341307,8441.55283168317,1131.7519711600246,8189.662380389651,978.008324284694,443.79196039603994,-1460.3336953050148,0.05722822339692035,-0.1511904761904762,-0.5000000000000004,0.8660254037844384,-2.4492935982947064e-16,1.0,6,310,0,0,0,0,1,-0.8115390590073611,0.5842981736283683,0.43388373911755823,-0.900968867902419,7754.774376237623,7936.560459916959,7643.343851804535,6624.477738741616,7056.910635579687,6467.192079207921,6428.589332481635,6781.0652634940925,7299.615138933248,5425.069306930693,8432.383994889811,1033.4282315820913,8286.024438016151,983.1113829984885,7908.6462935803265,987.0772943009072,7983.507383948533,977.9889870817132,7478.280589473924,1034.355710045261,7207.3776009718495,1033.3844712527984,7174.224519770041,1030.6274961672548,6826.832629820078,979.0481730013391,6377.615763860118,1011.5913998724457,0.03301252199110016,262.0058767167038,0.23761701072469155,1574.088597892047,0.773184935356942,3574.927722772277,1574.088597892047,1417.5010731395705,3574.927722772277,2025-11-06
2025,11,4,4,45,0,8645.92289108911,8198.566336633663,7754.774376237623,7720.910732673267,7282.465663366337,7936.560459916959,9322.809734908977,8199.754534653466,445.5754456221512,8211.636514851487,850.9139733090336,8133.2551434046645,924.7836364169392,447.3565544554476,-676.886843819866,0.05456521739130471,-0.07260545512210592,-0.5000000000000004,0.8660254037844384,-2.4492935982947064e-16,1.0,7,311,0,0,0,0,1,-0.8013610881746769,0.5981809144059159,-0.433883739117558,-0.9009688679024191,8198.566336633663,8377.370974129672,8069.493535611627,6664.271421271159,7453.738658575536,6803.91891089109,6744.844388374322,8066.5367294794,7022.414564037049,6473.09405940594,8470.748554455446,1036.0271079712422,8327.1979634074,985.4132879183927,7974.701342574257,967.0348536363972,8026.08539225259,980.0201237654023,7511.173517691747,1041.7824008178618,7230.009487908929,1043.8966517167069,7180.662143787927,1038.0465953553155,6835.852120525923,988.2946687346621,6383.651399503683,1018.6203013279464,0.03205682520074138,268.55191695943904,0.2973545560423718,1981.6514698179517,0.7530679595278249,3714.0417029702985,1981.6514698179517,579.386161609711,3714.0417029702985,2025-11-07
2025,11,4,5,45,1,10337.322772277228,8645.92289108911,8198.566336633663,7754.774376237623,7720.910732673267,8377.370974129672,7029.806579367614,9060.604000000001,1128.0691864053954,8323.327128712872,1090.4459702385207,8408.881492813796,1050.374361027153,1691.3998811881174,3307.516192909614,0.19562976705833823,0.47049889005724976,-0.5000000000000004,0.8660254037844384,-2.4492935982947064e-16,1.0,8,312,0,0,0,0,2,-0.7909456567567774,0.6118864012687242,-0.9749279121818236,-0.2225209339563146,8645.92289108911,10025.420792079209,9658.900031938678,7056.910635579687,8925.858511657618,8115.816831683169,8023.416640051102,7737.961648035772,5277.898946023634,7336.1732673267325,8515.30598019802,1117.535160191453,8375.65673057444,1069.0688738829033,8084.048413797509,1042.2203191359001,8076.494830131861,1060.9733546599061,7550.843266630925,1105.5683924822629,7257.555989483049,1094.3939244466249,7209.543934057277,1088.6543323242026,6863.960030671777,1015.3153618938309,6391.987925906323,1038.5240323551343,0.03111111111111109,311.9019801980194,0.46485102420856617,3280.4121366975414,1.044897791305063,5282.144554455445,3280.4121366975414,2599.3611242414563,5282.144554455445,2025-11-08
2025,11,4,6,45,1,9966.60499009901,10337.322772277228,8645.92289108911,8198.566336633663,7754.774376237623,10025.420792079209,7460.145071862024,9649.950217821783,889.0506583571083,8770.683683168316,1127.9684648818907,8617.75315266688,1092.9119791311464,-370.71778217821884,2506.459918236985,-0.03586206896551736,0.33598005053424274,-0.5000000000000004,0.8660254037844384,-2.4492935982947064e-16,1.0,9,313,0,0,0,0,2,-0.780295851070776,0.6254105729852457,-0.7818314824680299,0.6234898018587334,10337.322772277228,9667.179089108911,9322.809734908977,7453.738658575536,8619.089875439156,7806.46099009901,7696.566362184605,5799.036026828489,5582.819578409453,5047.128712871287,8558.081108910892,1173.3114236522736,8421.642105945157,1125.3108878733121,8167.810624848292,1089.7123671491588,8124.620369941142,1115.649578967817,7589.417266630925,1151.384303305739,7284.580258862983,1132.72147694645,7255.8502558713935,1116.2680754173805,6888.314394070053,1036.7633520951908,6405.653137787512,1053.0431596328467,0.030973451327433565,299.42590099009794,0.3371283119287283,2512.8663315234735,0.9019789306616404,4726.481227722771,2512.8663315234735,4167.56896327052,4726.481227722771,2025-11-09
2025,11,4,0,46,0,7507.035089108911,9966.60499009901,10337.322772277228,8645.92289108911,8198.566336633663,9667.179089108911,7499.938754391568,9270.32095049505,1538.2589802204764,8735.037742574257,1170.3610564293629,8618.344513893326,1092.2538801877488,-2459.569900990098,7.09633471734287,-0.2467811158798282,0.0009461856889414477,-0.5000000000000004,0.8660254037844384,-2.4492935982947064e-16,1.0,10,314,0,0,0,0,2,-0.7694148268839381,0.6387494220515268,0.0,1.0,9966.60499009901,7282.465663366337,7029.806579367614,8925.858511657618,6502.016684765251,5866.303366336634,5767.989562440115,6116.52308527627,5594.523602682849,4576.063366336634,8590.162455445545,1135.0665665133893,8455.729856640963,1086.463987243395,8120.516510763335,1086.4622113418375,8160.513884381987,1077.0104844863215,7618.716047394716,1127.3646956523671,7305.283181799516,1120.494968432054,7271.3003892473125,1109.9265430918188,6898.939457883531,1033.2240763700265,6413.794725906324,1050.1848138029848,0.03083700440528636,224.5694257425739,-0.15895652173913044,-1418.8234225487067,0.4671270850687743,2390.2083564356435,-1418.8234225487067,1390.5120038326413,2390.2083564356435,2025-11-10
2025,11,4,1,46,0,7957.956237623762,7507.035089108911,9966.60499009901,10337.322772277228,8645.92289108911,7282.465663366337,7936.560459916959,8477.198772277228,1309.4199600621275,8768.901386138614,1138.84010570879,8620.127495368894,1091.0565753825156,450.92114851485076,21.39577770680262,0.06006647673314336,0.002695850150056911,-0.5000000000000004,0.8660254037844384,-2.4492935982947064e-16,1.0,11,315,0,0,0,0,2,-0.7583058084785625,0.6518989958787125,0.7818314824680298,0.6234898018587336,7507.035089108911,7720.910732673267,7460.145071862024,8619.089875439156,6903.033516448419,6204.303267326732,6083.751817310764,6111.841475566912,5901.292238901309,5249.013861386138,8624.026099009901,1108.0249382212132,8491.287797052517,1059.1774862104592,8098.478722836155,1082.6991253197664,8198.189695852534,1049.492300797308,7650.031279007163,1111.6075008783757,7327.595139184196,1114.5222702298654,7291.812775492387,1105.3072679040902,6910.365368987544,1033.5017327949586,6421.3195658403165,1051.519896566587,0.030701754385964897,237.04550495049443,-0.07670573661139701,-661.1336378153946,0.46688563544381423,2532.886930693069,-661.1336378153946,1846.11476205685,2532.886930693069,2025-11-11
2025,11,4,2,46,0,7991.819881188118,7957.956237623762,7507.035089108911,9966.60499009901,10337.322772277228,7720.910732673267,8377.370974129672,7818.937069306931,270.6451930617526,8734.443643564357,1162.4313753814868,8587.998237623762,1104.4497279202385,33.86364356435661,-385.5510929415532,0.004255319148936287,-0.046022922242811126,-0.5000000000000004,0.8660254037844384,-2.4492935982947064e-16,1.0,12,316,0,0,0,0,2,-0.7469720876965551,0.6648553979642867,0.9749279121818236,-0.22252093395631434,7957.956237623762,7754.774376237623,7499.938754391568,6502.016684765251,6942.827198977962,6216.397425742574,6079.070207601405,6428.589332481635,6209.292877674864,4845.243564356435,8657.889742574258,1080.3066310190604,8526.422163252271,1031.5616860556593,8148.1388293835835,1040.284870917055,8235.653720217184,1021.3657238323224,7681.735251425834,1095.1724103312713,7350.365968631657,1108.228239976163,7309.182003811348,1103.8714968263794,6920.2682967848405,1035.2850600890806,6430.060055609293,1051.4602293637934,0.03056768558951961,237.04550495049534,0.2291294022535495,1489.8031964228676,0.23462131213362247,1518.7258217821782,1489.8031964228676,1563.2305487064832,1518.7258217821782,2025-11-12
2025,11,4,3,46,0,8448.087920792079,7991.819881188118,7957.956237623762,7507.035089108911,9966.60499009901,7754.774376237623,10025.420792079209,8132.621346534655,273.72624315935076,8701.471148514851,1168.2357703925516,8456.553831683168,1007.4252027726096,456.26803960396046,-1577.3328712871298,0.05709188224799289,-0.15733333333333344,-0.5000000000000004,0.8660254037844384,-2.4492935982947064e-16,1.0,13,317,0,0,0,0,2,-0.7354170229639858,0.6776147890466887,0.43388373911755823,-0.900968867902419,7991.819881188118,8198.566336633663,7936.560459916959,6903.033516448419,7350.127243692111,6556.306930693069,6394.093260938997,6744.844388374322,7407.415362503993,5047.128712871287,8693.535683168317,1066.6551210642017,8562.959839029065,1018.0321537070248,8199.640642861707,1014.4421752440037,8274.866601542182,1007.0858468013225,7715.51705482046,1088.9857098533023,7374.81828601086,1109.5337515813767,7328.1069319493245,1108.6775654922205,6926.0498109975515,1040.9112271887807,6439.507164520186,1054.2749433091155,0.0304347826086957,249.52158415841586,0.22382252681551296,1545.0544043436603,0.1515660294471921,1111.9146534653464,1545.0544043436603,1703.2435324177568,1111.9146534653464,2025-11-13
2025,11,4,4,46,0,8907.920554455446,8448.087920792079,7991.819881188118,7957.956237623762,7507.035089108911,8198.566336633663,9667.179089108911,8449.276118811882,458.0514924668304,8463.237445544553,877.4910956796095,8393.282287128714,946.4786351764926,459.83263366336723,-759.2585346534652,0.05443037974683551,-0.07853982300884954,-0.5000000000000004,0.8660254037844384,-2.4492935982947064e-16,1.0,14,318,0,0,0,0,2,-0.7236440382959123,0.690173388242972,-0.433883739117558,-0.9009688679024191,8448.087920792079,8645.92289108911,8377.370974129672,6942.827198977962,7761.616097093581,6897.489504950495,6708.623513254553,8023.416640051102,7125.902778664963,5383.60396039604,8730.963920792079,1069.2993553429271,8600.856237623762,1020.4641405451166,8265.143754710956,993.7226344283605,8315.806046447962,1008.7468121047143,7751.4176092759035,1094.6516643022471,7401.0003936442035,1119.5277186684839,7337.934753220483,1118.7846123269605,6935.949909751944,1051.245722913642,6449.296932837016,1060.7856595674916,0.030303030303030054,261.9976633663355,0.2830393583419102,1965.0933554774838,0.7649481638418083,3860.7918415841596,1965.0933554774838,884.503914404344,3860.7918415841596,2025-11-14
2025,11,4,5,46,1,10649.224752475247,8907.920554455446,8448.087920792079,7991.819881188118,7957.956237623762,8645.92289108911,7282.465663366337,9335.077742574258,1161.0763478209335,8577.007405940594,1121.6700070605712,8673.845544554455,1077.2361019850757,1741.3041980198013,3366.7590891089103,0.19547819127651045,0.4623103279490943,-0.5000000000000004,0.8660254037844384,-2.4492935982947064e-16,1.0,15,319,0,0,0,0,3,-0.7116566222817751,0.7025274741691566,-0.9749279121818236,-0.2225209339563146,8907.920554455446,10337.322772277228,10025.420792079209,7350.127243692111,9292.379271798149,8227.210396039605,7980.296550622805,7696.566362184605,5355.51510699457,5518.194059405941,8775.521346534653,1150.7855995886953,8645.413663366337,1098.115382475499,8375.113671670393,1068.6898369509238,8364.264813615002,1086.9561657502288,7794.667865640827,1159.706697717439,7432.773348428161,1172.7734077956113,7370.742068668157,1171.470735147764,6965.359407782392,1080.427691976264,6463.549795873319,1082.4889825320383,0.030172413793103425,311.9019801980194,0.44884903341155447,3299.0975087831366,1.327158498462944,6073.161386138613,3299.0975087831366,2952.6583902906423,6073.161386138613,2025-11-15
2025,11,4,6,46,1,10266.030891089107,10649.224752475247,8907.920554455446,8448.087920792079,7991.819881188118,10337.322772277228,7720.910732673267,9941.058732673268,915.0083362021307,9036.84003960396,1160.1725123793094,8885.938891089108,1122.172413584612,-383.19386138614027,2545.12015841584,-0.03598326359832649,0.32963988919667564,-0.5000000000000004,0.8660254037844384,-2.4492935982947064e-16,1.0,16,320,0,0,0,0,3,-0.6994583270516471,0.7146733860429608,-0.7818314824680299,0.6234898018587334,10649.224752475247,9966.60499009901,9667.179089108911,7761.616097093581,8970.949805174067,7913.398811881188,7655.17107633344,5767.989562440115,5664.747748323219,5720.079207920792,8818.296475247524,1206.6465550104028,8688.188792079209,1151.3512383489754,8458.594164803577,1115.8877698965048,8410.51770954054,1139.9892194560457,7836.6791527695395,1205.7836412614731,7463.855012889537,1212.6577769195615,7420.720305653147,1197.9742517909046,6990.922091908868,1103.6663530447056,6476.177439437677,1100.1628012454405,0.030042918454935563,299.42590099009794,0.32266666666666644,2504.4147939955265,0.9558018252933504,5017.017029702969,2504.4147939955265,4498.041328648992,5017.017029702969,2025-11-16
2025,11,4,0,47,0,7731.604514851486,10266.030891089107,10649.224752475247,8907.920554455446,8448.087920792079,9966.60499009901,7754.774376237623,9548.953386138613,1585.489537596327,8999.114752475247,1205.0818748590948,8884.00806930693,1124.3135335736324,-2534.4263762376213,-23.1698613861372,-0.24687499999999984,-0.0029878188922085602,-0.5000000000000004,0.8660254037844384,-2.4492935982947064e-16,1.0,17,321,0,0,0,0,3,-0.6870527672236675,0.726607524768565,0.0,1.0,10266.030891089107,7507.035089108911,7282.465663366337,9292.379271798149,6765.9116320664325,5946.506732673267,5736.943098051742,6083.751817310764,5676.451772596614,5585.489108910891,8850.377821782178,1168.3509715801536,8720.270138613861,1114.8477905189452,8406.56833957202,1112.0511599322635,8445.006741068577,1102.3783130363838,7868.555898879865,1178.1855558242871,7487.6009821371545,1197.8737549949806,7439.029780070265,1189.876106966762,7002.339607143616,1100.6182352717055,6482.138871120844,1101.1371274369837,0.02991452991453003,224.56942574257482,-0.16796287703016244,-1560.7747569466628,0.595710187146893,2886.360950495051,-1560.7747569466628,1647.8526975407221,2886.360950495051,2025-11-17
2025,11,4,1,47,0,8195.001742574257,7731.604514851486,10266.030891089107,10649.224752475247,8907.920554455446,7507.035089108911,8198.566336633663,8730.879049504949,1349.5194071241363,9032.978396039603,1173.5574909144848,8883.71101980198,1124.5115477022061,463.3972277227713,-3.564594059405863,0.05993545412632528,-0.00043478260869567187,-0.5000000000000004,0.8660254037844384,-2.4492935982947064e-16,1.0,18,322,0,0,0,0,3,-0.6744436188329457,0.7383263540031063,0.7818314824680298,0.6234898018587336,7731.604514851486,7957.956237623762,7720.910732673267,8970.949805174067,7181.589294155222,6288.962376237624,6050.980549345257,6079.070207601405,5987.532417757904,5921.964356435643,8884.241465346535,1141.2959193822671,8754.133782178218,1089.0590845377415,8380.70340415203,1107.4861223792443,8481.20004279783,1075.6742007795708,7902.592316135876,1159.1002988864577,7513.125043961309,1189.7080773335977,7462.540130458852,1183.5905932267447,7014.603325614819,1101.5455546913365,6488.452863860119,1104.4280578410219,0.029787234042553123,237.04550495049534,-0.08649564198344695,-775.9480625998094,0.6236958097928438,3147.8730297029706,-775.9480625998094,2115.931534972852,3147.8730297029706,2025-11-18
2025,11,4,2,47,0,8228.865386138614,8195.001742574257,7731.604514851486,10266.030891089107,10649.224752475247,7957.956237623762,8645.92289108911,8051.823881188119,277.8345164331088,8996.441306930692,1198.5555501336557,8848.956227722772,1138.8819594422537,33.86364356435661,-417.0575049504969,0.004132231404958775,-0.048237476808905555,-0.5000000000000004,0.8660254037844384,-2.4492935982947064e-16,1.0,19,323,0,0,0,0,3,-0.661634618242279,0.749826401204568,0.9749279121818236,-0.22252093395631434,8195.001742574257,7991.819881188118,7754.774376237623,6765.9116320664325,7221.382976684765,6301.056534653465,6046.298939635899,6394.093260938997,6299.845065474289,7065.980198019802,8918.105108910891,1113.583745573246,8787.997425742575,1062.6447116526735,8429.468529287768,1065.3379101333178,8517.18155742118,1048.4787502720985,7937.017474198111,1139.125779556343,7539.107977848246,1181.0891267750012,7482.926487405514,1180.7785804404807,7025.320105174065,1103.9339181437003,6491.683100493783,1107.8173234885478,0.029661016949152685,237.04550495049534,0.2162241887905605,1462.9537540721813,0.5285049655720337,2845.261425742574,1462.9537540721813,1834.7721251996163,2845.261425742574,2025-11-19
2025,11,4,3,47,0,8697.609504950495,8228.865386138614,8195.001742574257,7731.604514851486,10266.030891089107,7991.819881188118,10337.322772277228,8373.825544554456,280.91587058432265,8961.389465346534,1204.7215252037508,8712.313455445545,1037.9695732942419,468.744118811881,-1639.7132673267333,0.05696339614468271,-0.1586206896551725,-0.5000000000000004,0.8660254037844384,-2.4492935982947064e-16,1.0,20,324,0,0,0,0,3,-0.6486295610349818,0.7611042586607742,0.43388373911755823,-0.900968867902419,8228.865386138614,8448.087920792079,8198.566336633663,7181.589294155222,7643.343851804535,6645.421782178218,6359.597189396359,6708.623513254553,7515.215586074736,8008.110891089109,8953.75104950495,1099.9409281943688,8823.643366336633,1049.642110653012,8480.002536314276,1039.7527464974244,8554.833902176393,1034.7763035860073,7973.663683533329,1129.7907344078237,7566.9414577953185,1180.5065365544813,7505.026331757692,1184.7302847792325,7031.888960278932,1110.3644134752697,6493.598374421175,1111.0376818630316,0.029535864978903037,249.52158415841586,0.21109814954596384,1516.0202107952728,0.5761695604244177,3179.415445544554,1516.0202107952728,1988.9859916959422,3179.415445544554,2025-11-20
2025,11,4,4,47,0,9169.918217821783,8697.609504950495,8228.865386138614,8195.001742574257,7731.604514851486,8448.087920792079,9966.60499009901,8698.797702970298,470.5275410277302,8714.838376237623,904.0731622311961,8645.922891089109,973.9540574450393,472.30871287128866,-796.6867722772258,0.05430327868852469,-0.07993562231759643,-0.5000000000000004,0.8660254037844384,-2.4492935982947064e-16,1.0,21,325,0,0,0,0,3,-0.6354323008901775,0.7721565844991641,-0.433883739117558,-0.9009688679024191,8697.609504950495,8907.920554455446,8645.92289108911,7221.382976684765,8069.493535611627,6991.060099009902,6672.402638134781,7980.296550622805,7229.390993292877,5453.168316831683,8991.179287128713,1102.5759212470605,8861.071603960396,1052.156787445366,8544.953711018845,1019.0730785013776,8594.134783683898,1036.5559023069036,8012.571864226399,1132.8502299835134,7596.673786124926,1189.1250175768546,7518.244350282125,1196.668593009158,7042.66966708187,1121.6557399031167,6503.922679701703,1118.5858543876082,0.02941176470588247,261.9976633663373,0.26982854218203567,1948.5352411370186,0.6031103564307081,3449.839009900991,1948.5352411370186,1189.6216671989787,3449.839009900991,2025-11-21
2025,11,4,5,47,1,10961.126732673269,9169.918217821783,8697.609504950495,8228.865386138614,8195.001742574257,8907.920554455446,7507.035089108911,9609.551485148515,1194.083588931152,8830.687683168317,1152.8944621224186,8933.76386138614,1107.9598728604578,1791.2085148514852,3454.0916435643576,0.19533527696792996,0.46011396011396033,-0.5000000000000004,0.8660254037844384,-2.4492935982947064e-16,1.0,22,326,0,0,0,0,4,-0.622046748440868,0.7829801036770625,-0.9749279121818236,-0.2225209339563146,9169.918217821783,10649.224752475247,10337.322772277228,7643.343851804535,9658.900031938678,8338.60396039604,7937.176461194507,7655.17107633344,5433.131267965507,4944.20594059406,9035.736712871289,1184.0412856267935,8905.62902970297,1129.8250273930691,8655.546473714468,1095.0493170752243,8640.642880138705,1112.5290093609742,8059.402628017065,1198.8562317064639,7632.673194118722,1244.0618503136643,7554.977190908124,1250.4500414185418,7073.380752996913,1152.59216567819,6520.63634856859,1139.9634767120072,0.029288702928870425,311.9019801980212,0.4340747904577693,3317.7828808687336,0.9624291658158057,5375.637623762377,3317.7828808687336,3305.9556563398282,5375.637623762377,2025-11-22
2025,11,4,6,47,1,10565.456792079209,10961.126732673269,9169.918217821783,8697.609504950495,8228.865386138614,10649.224752475247,7957.956237623762,10232.167247524754,940.9667509009391,9302.996396039603,1192.3770488223906,9151.055574257425,1153.9244861951881,-395.6699405940599,2607.500554455447,-0.03609756097560979,0.32765957446808525,-0.5000000000000004,0.8660254037844384,-2.4492935982947064e-16,1.0,23,327,0,0,0,0,4,-0.6084768701151264,0.7935716089521472,-0.7818314824680299,0.6234898018587334,10961.126732673269,10266.030891089107,9966.60499009901,8069.493535611627,9322.809734908977,8020.336633663366,7613.775790482274,5736.943098051742,5746.675918236984,5671.295049504951,9078.511841584159,1239.982148442261,8948.404158415842,1183.1607587018675,8738.745248930056,1142.7657842209317,8685.0231321805,1164.3289197094596,8104.85120227449,1244.713941400066,7667.812253661541,1284.5486004810602,7608.627343063984,1274.9150278508369,7100.151757851591,1177.3024347810313,6534.231242297962,1158.8332928315551,0.029166666666667007,299.4259009901016,0.309308539061665,2495.963256467582,0.7841135400616337,4643.492435643566,2495.963256467582,4828.513694027467,4643.492435643566,2025-11-23
2025,11,4,0,48,0,7956.17394059406,10565.456792079209,10961.126732673269,9169.918217821783,8697.609504950495,10266.030891089107,7991.819881188118,9827.58582178218,1632.7202752650062,9263.191762376238,1239.805408441994,9148.08507920792,1157.2211134099418,-2609.282851485149,-35.64594059405863,-0.24696356275303644,-0.004460303300624302,-0.5000000000000004,0.8660254037844384,-2.4492935982947064e-16,1.0,24,328,0,0,0,0,4,-0.594726686960764,0.8039279618328208,0.0,1.0,10565.456792079209,7731.604514851486,7507.035089108911,9658.900031938678,7029.806579367614,6026.710099009901,5705.896633663367,6050.980549345257,5758.37994251038,5235.041584158415,9110.593188118812,1201.6386657641917,8980.485504950495,1146.595931247158,8681.987712551901,1137.7622619962513,8718.107680795729,1128.15320012499,8139.305913731349,1212.4292604556554,7694.60126922024,1266.4777107877105,7629.796158522303,1264.5358682652488,7112.361724507612,1174.7029351994977,6541.789943288062,1159.2099661161585,0.029045643153526868,224.5694257425739,-0.17628571428571427,-1702.726091344618,0.12598305084745776,890.1937425742581,-1702.726091344618,1905.193391248803,890.1937425742581,2025-11-24
2025,11,4,1,48,0,8432.047247524752,7956.17394059406,10565.456792079209,10961.126732673269,9169.918217821783,7731.604514851486,8448.087920792079,8984.559326732675,1389.61917373667,9297.055405940593,1208.2778594234214,9146.748356435643,1158.1121185798756,475.8733069306918,-16.040673267327293,0.05981182795698903,-0.001898734177215311,-0.5000000000000004,0.8660254037844384,-2.4492935982947064e-16,1.0,25,329,0,0,0,0,4,-0.5808002734538014,0.8140460935082175,0.7818314824680298,0.6234898018587336,7956.17394059406,8195.001742574257,7957.956237623762,9322.809734908977,7460.145071862024,6373.621485148515,6034.98504950495,6046.298939635899,6073.7725966145,5453.168316831683,9144.456831683168,1174.5710261063691,9014.349148514852,1120.783824447978,8652.295629639093,1132.0709548548189,8752.818472783683,1102.6789854119547,8176.063516630925,1188.8998147936234,7723.13772395857,1255.5911469401854,7656.3044730544025,1255.9451288314576,7125.463250346003,1176.2048048650379,6550.0646069844315,1162.045966157556,0.02892561983471076,237.04550495049443,-0.0955465694048,-890.7624873842251,0.05293837238285137,423.93635643564267,-890.7624873842251,2385.7483078888527,423.93635643564267,2025-11-25
2025,11,4,2,48,0,8465.910891089108,8432.047247524752,7956.17394059406,10565.456792079209,10961.126732673269,8195.001742574257,8907.920554455446,8284.710693069306,285.0245338283622,9258.43897029703,1234.681770304173,9109.914217821783,1173.3278376724795,33.86364356435661,-442.0096633663379,0.004016064257028162,-0.04961984793917584,-0.5000000000000004,0.8660254037844384,-2.4492935982947064e-16,1.0,26,330,0,0,0,0,4,-0.5667017562911184,0.8239230057575536,0.9749279121818236,-0.22252093395631434,8432.047247524752,8228.865386138614,7991.819881188118,7029.806579367614,7499.938754391568,6385.7156435643565,6047.079207920792,6359.597189396359,6390.397253273714,5816.712871287129,9178.320475247525,1146.8647294592292,9048.212792079208,1094.363071716117,8700.165773363142,1090.7048779172142,8787.31747766574,1076.83708327405,8213.209860336725,1164.1848234642264,7751.933339234385,1244.3760023752277,7679.707958628766,1251.1260299949624,7136.993881667199,1179.128268736121,6557.423490372771,1165.7712477369405,0.028806584362139898,237.04550495049443,0.20428788409860954,1436.104311721494,0.5524756250340432,3012.742574257425,1436.104311721494,2106.3137016927494,3012.742574257425,2025-11-26
2025,11,4,3,48,0,8947.13108910891,8465.910891089108,8432.047247524752,7956.17394059406,10565.456792079209,8228.865386138614,10649.224752475247,8615.02974257426,288.1061694348727,9221.307782178219,1241.2090631389704,8968.073079207921,1068.5280820272012,481.2201980198024,-1702.0936633663368,0.05684210526315803,-0.15983263598326358,-0.5000000000000004,0.8660254037844384,-2.4492935982947064e-16,1.0,27,331,0,0,0,0,4,-0.5524353131676203,0.8335557718385695,0.43388373911755823,-0.900968867902419,8465.910891089108,8697.609504950495,8448.087920792079,7460.145071862024,7936.560459916959,6763.6940274672625,6378.0772277227725,6672.402638134781,7623.015809645481,5962.130693069307,9213.966415841584,1133.2301406303823,9083.858732673267,1081.3622360413826,8749.731973938038,1065.9157156061158,8823.409285851167,1064.1269830159247,8252.199807866042,1151.247219315406,7782.517313774694,1241.7709414581009,7704.982719195145,1253.5224915937001,7144.350077664219,1186.285976462923,6565.715158139546,1172.1236261498807,0.028688524590164022,249.52158415841586,0.19932400816915208,1486.9860172468861,0.8096194205118179,4002.9251485148507,1486.9860172468861,2274.7284509741294,4002.9251485148507,2025-11-27
2025,11,4,4,48,0,9431.91588118812,8947.13108910891,8465.910891089108,8432.047247524752,7956.17394059406,8697.609504950495,10266.030891089107,8948.319287128716,483.00359117186997,8966.439306930693,930.6597493078247,8898.563495049506,1001.4422126901394,484.7847920792101,-834.1150099009865,0.05418326693227127,-0.08124999999999971,-0.5000000000000004,0.8660254037844384,-2.4492935982947064e-16,1.0,28,332,0,0,0,0,4,-0.5380051715382992,0.8429415373547832,-0.433883739117558,-0.9009688679024191,8947.13108910891,9169.918217821783,8907.920554455446,7499.938754391568,8377.370974129672,7145.86122005749,6710.348316831683,7937.176461194507,7332.879207920792,6180.257425742575,9251.394653465346,1135.8564261306412,9121.28697029703,1083.8695999643144,8814.131211497925,1045.978950936173,8861.071603960396,1066.4149332611548,8293.022212529087,1151.834753720434,7814.916927636082,1248.9435653138446,7721.590934972852,1266.4686724312617,7156.011392515702,1198.4045664115145,6574.747542738007,1181.6350636495683,0.028571428571428692,261.9976633663373,0.25759905381431136,1931.9771267965525,0.6630973699757405,3760.62083168317,1931.9771267965525,1494.7394199936134,3760.62083168317,2025-11-28
2025,11,4,5,48,1,11273.028712871288,9431.91588118812,8947.13108910891,8465.910891089108,8432.047247524752,9169.918217821783,7731.604514851486,9884.025227722776,1227.0909033049807,9084.367960396039,1184.1193023379278,9193.682178217821,1138.6955424462128,1841.1128316831673,3541.424198019802,0.19520030234315944,0.4580451821115721,-0.5000000000000004,0.8660254037844384,-2.4492935982947064e-16,1.0,29,333,0,0,0,0,5,-0.5234156073655503,0.8520775211013093,-0.9749279121818236,-0.2225209339563146,9431.91588118812,10961.126732673269,10649.224752475247,7936.560459916959,10025.420792079209,8559.337751517087,8004.423267326733,7613.775790482274,5504.242455445545,6034.839603960397,9295.95207920792,1217.301788304055,9165.844396039605,1161.5525614231876,8925.346819929737,1123.9257884402257,8905.62902970297,1140.366083730083,8341.480979696125,1218.402785696522,7853.828897225898,1304.5971497756432,7762.2493007771745,1320.5515739208322,7188.060205056957,1230.686926328358,6589.298068040537,1206.9482892240649,0.028455284552845406,311.9019801980194,0.4203922177377628,3336.468252954329,1.1533790193728781,6037.987128712873,3336.468252954329,3659.252922389014,6037.987128712873,2025-11-29
2025,11,4,6,48,1,10864.882693069309,11273.028712871288,9431.91588118812,8947.13108910891,8465.910891089108,10961.126732673269,8195.001742574257,10523.27576237624,966.9258431080582,9569.152752475247,1224.5820356356824,9416.172257425742,1185.6885014204327,-408.1460198019795,2669.8809504950514,-0.03620553359683787,0.3257938234014792,-0.5000000000000004,0.8660254037844384,-2.4492935982947064e-16,1.0,30,334,0,1,0,0,5,-0.5086709438521042,0.8609610158889945,-0.7818314824680299,0.6234898018587334,11273.028712871288,10565.456792079209,10266.030891089107,8377.370974129672,9667.179089108911,8267.229945704248,7699.523168316831,5705.896633663367,5814.8713663366325,6398.384158415841,9338.727207920792,1273.3181676564411,9208.619524752476,1214.9821599294446,9008.263877227724,1172.7999341921857,8948.404158415842,1191.3146213711864,8387.867635899074,1264.1155062061569,7891.5117487110465,1345.170629909698,7819.571368103906,1342.0814323090328,7216.115823538805,1256.4989944668425,6601.705008414574,1227.757811219713,0.028340080971660075,299.42590099009976,0.2969322627136093,2487.511718939637,0.9923981916226376,5411.714376237625,2487.511718939637,5158.986059405942,5411.714376237625,2025-11-30
2025,12,4,0,49,0,8180.743366336634,10864.882693069309,11273.028712871288,9431.91588118812,8947.13108910891,10565.456792079209,8228.865386138614,10106.218257425744,1679.9511780200598,9527.268772277228,1274.5314352619062,9412.162089108911,1190.1422148534803,-2684.139326732675,-48.12201980198006,-0.2470472440944883,-0.005847953216374213,-2.4492935982947064e-16,1.0,-2.4492935982947064e-16,1.0,1,335,1,0,0,0,1,-0.4937755501599774,0.8695893893466109,0.0,1.0,10864.882693069309,7956.17394059406,7731.604514851486,10025.420792079209,7282.465663366337,6238.121737464069,5786.1,6034.98504950495,5819.709029702969,7634.435643564356,9370.808554455447,1234.9293830896827,9240.700871287128,1178.3596327992068,8946.77462970297,1165.9698503122092,8980.485504950495,1156.3729741714185,8422.557307843226,1230.2508601898537,7920.019407834101,1325.2406218279452,7843.413127179815,1329.018337752702,7229.232680964547,1254.1616653916622,6603.22252986672,1229.374389417048,0.028225806451612767,224.5694257425739,-0.18400000000000005,-1844.677425742575,0.40642035241570884,2364.0304950495047,-1844.677425742575,2145.7583168316833,2364.0304950495047,2025-12-01
2025,12,4,2,1,0,9089.714851485149,8180.743366336634,10864.882693069309,11273.028712871288,9431.91588118812,7956.17394059406,8697.609504950495,9378.446970297031,1365.165066449258,9631.236099009902,1193.504884684316,9444.837534653465,1174.0140163312722,908.9714851485151,392.105346534654,0.11111111111111116,0.04508196721311486,-2.4492935982947064e-16,1.0,-2.4492935982947064e-16,1.0,31,365,0,1,0,1,5,6.432490598706546e-16,1.0,0.9749279121818236,-0.22252093395631434,8180.743366336634,8432.047247524752,8195.001742574257,9667.179089108911,7720.910732673267,6624.477738741616,6119.644158415841,6047.079207920792,6131.101782178218,8652.360396039603,9464.761069306931,1175.1776348308993,9304.608950495049,1140.952342727877,8927.52582178218,1158.4088207976945,9029.371366336634,1129.7794863569377,8466.57939914222,1208.6576250523851,7955.377392275403,1316.2177707148733,7877.220189886085,1321.4878272763206,7245.669420238476,1259.0672656766405,6604.437403354068,1231.6190462082081,0.07799619530754609,657.6676039603972,-0.05973451327433632,-577.4642376237625,0.5245749077677062,3127.5841584158416,-577.4642376237625,3042.6356435643565,3127.5841584158416,2025-12-31
