year,month,quarter,day_of_week,week_of_year,is_weekend,y,lag_1,lag_2,lag_3,lag_4,lag_8,lag_12,rolling_mean_3,rolling_std_3,rolling_mean_6,rolling_std_6,rolling_mean_12,rolling_std_12,diff_1,diff_12,pct_change_1,pct_change_12,month_sin,month_cos,quarter_sin,quarter_cos,day_of_month,day_of_year,is_month_start,is_month_end,is_quarter_start,is_quarter_end,week_of_month,day_of_year_sin,day_of_year_cos,day_of_week_sin,day_of_week_cos,lag_1d,lag_7d,lag_14d,lag_30d,lag_4w,lag_8w,lag_12w,lag_3m,lag_6m,lag_12m,rolling_mean_7d,rolling_std_7d,rolling_mean_14d,rolling_std_14d,rolling_mean_30d,rolling_std_30d,rolling_mean_4w,rolling_std_4w,rolling_mean_8w,rolling_std_8w,rolling_mean_12w,rolling_std_12w,rolling_mean_3m,rolling_std_3m,rolling_mean_6m,rolling_std_6m,rolling_mean_12m,rolling_std_12m,pct_change_1w,diff_1w,pct_change_1m,diff_1m,pct_change_1y,diff_1y,momentum_30d,momentum_90d,yoy_change,index
2015,1,1,5,5,1,631.559405940594,,,,,,,631.559405940594,,631.559405940594,,631.559405940594,,,,,,0.49999999999999994,0.8660254037844387,1.0,6.123233995736766e-17,31,31,0,1,0,0,5,0.5086709438521044,0.8609610158889943,-0.9749279121818236,-0.2225209339563146,,,,,,,,,,,631.559405940594,,631.559405940594,,631.559405940594,,631.559405940594,,631.559405940594,,631.559405940594,,631.559405940594,,631.559405940594,,631.559405940594,,,,,,,,,,,2015-01-31
2015,2,1,5,9,1,572.6138613861386,631.559405940594,,,,,,602.0866336633663,41.680794275189186,602.0866336633663,41.680794275189186,602.0866336633663,41.680794275189186,-58.94554455445541,,-0.09333333333333327,,0.8660254037844386,0.5000000000000001,1.0,6.123233995736766e-17,28,59,0,1,0,0,4,0.8498170915275278,0.5270777086423722,-0.9749279121818236,-0.2225209339563146,631.559405940594,,,,,,,,,,602.0866336633663,41.680794275189186,602.0866336633663,41.680794275189186,602.0866336633663,41.680794275189186,602.0866336633663,41.680794275189186,602.0866336633663,41.680794275189186,602.0866336633663,41.680794275189186,602.0866336633663,41.680794275189186,602.0866336633663,41.680794275189186,602.0866336633663,41.680794275189186,,,,,,,,,,2015-02-28
2015,3,1,1,14,0,656.8217821782179,572.6138613861386,631.559405940594,,,,,620.3316831683169,43.21214875494628,620.3316831683169,43.21214875494628,620.3316831683169,43.21214875494628,84.20792079207922,,0.1470588235294117,,1.0,6.123233995736766e-17,1.0,6.123233995736766e-17,31,90,0,1,0,1,5,0.9997685019798909,0.021516097436222254,0.7818314824680298,0.6234898018587336,572.6138613861386,,,,,,,,,,620.3316831683169,43.21214875494628,620.3316831683169,43.21214875494628,620.3316831683169,43.21214875494628,620.3316831683169,43.21214875494628,620.3316831683169,43.21214875494628,620.3316831683169,43.21214875494628,620.3316831683169,43.21214875494628,620.3316831683169,43.21214875494628,620.3316831683169,43.21214875494628,,,,,,,,,,2015-03-31
2015,4,2,3,18,0,606.2970297029702,656.8217821782179,572.6138613861386,631.559405940594,,,,611.910891089109,42.38372400790611,616.8230198019802,35.97363953164634,616.8230198019802,35.97363953164634,-50.524752475247624,,-0.0769230769230771,,0.8660254037844387,-0.49999999999999983,1.2246467991473532e-16,-1.0,30,120,0,1,0,0,5,0.8800122039735357,-0.47495107206704995,0.43388373911755823,-0.900968867902419,656.8217821782179,,,,,,,,,,616.8230198019802,35.97363953164634,616.8230198019802,35.97363953164634,616.8230198019802,35.97363953164634,616.8230198019802,35.97363953164634,616.8230198019802,35.97363953164634,616.8230198019802,35.97363953164634,616.8230198019802,35.97363953164634,616.8230198019802,35.97363953164634,616.8230198019802,35.97363953164634,,,,,,,,,,2015-04-30
2015,5,2,6,22,1,631.559405940594,606.2970297029702,656.8217821782179,572.6138613861386,631.559405940594,,,631.559405940594,25.262376237623734,619.770297029703,31.843512230121338,619.770297029703,31.843512230121338,25.262376237623812,,0.04166666666666674,,0.49999999999999994,-0.8660254037844387,1.2246467991473532e-16,-1.0,31,151,0,1,0,0,5,0.5160623910158528,-0.8565509959010036,-0.7818314824680299,0.6234898018587334,606.2970297029702,,,,,,,,,,619.770297029703,31.843512230121338,619.770297029703,31.843512230121338,619.770297029703,31.843512230121338,619.770297029703,31.843512230121338,619.770297029703,31.843512230121338,619.770297029703,31.843512230121338,619.770297029703,31.843512230121338,619.770297029703,31.843512230121338,619.770297029703,31.843512230121338,,,,,,,,,,2015-05-31
2015,6,2,1,27,0,673.6633663366337,631.559405940594,606.2970297029702,656.8217821782179,572.6138613861386,,,637.1732673267327,34.03222601604391,628.7524752475248,35.990062102477424,628.7524752475248,35.990062102477424,42.10396039603961,,0.06666666666666665,,1.2246467991473532e-16,-1.0,1.2246467991473532e-16,-1.0,30,181,0,1,0,1,5,0.02581844022713308,-0.9996666485105112,0.7818314824680298,0.6234898018587336,631.559405940594,,,,,,,,,,628.7524752475248,35.990062102477424,628.7524752475248,35.990062102477424,628.7524752475248,35.990062102477424,628.7524752475248,35.990062102477424,628.7524752475248,35.990062102477424,628.7524752475248,35.990062102477424,628.7524752475248,35.990062102477424,628.7524752475248,35.990062102477424,628.7524752475248,35.990062102477424,,,,,,,,,,2015-06-30
2015,7,3,4,31,0,690.5049504950496,673.6633663366337,631.559405940594,606.2970297029702,656.8217821782179,,,665.2425742574258,30.36159762160514,638.5767326732674,44.05182399442237,637.5742574257426,40.30100115443291,16.841584158415912,,0.025000000000000133,,-0.4999999999999998,-0.8660254037844388,-1.0,-1.8369701987210297e-16,31,212,0,1,0,0,5,-0.4862727071086902,-0.8738071036110807,-0.433883739117558,-0.9009688679024191,673.6633663366337,,,,,,,,,,637.5742574257426,40.30100115443291,637.5742574257426,40.30100115443291,637.5742574257426,40.30100115443291,637.5742574257426,40.30100115443291,637.5742574257426,40.30100115443291,637.5742574257426,40.30100115443291,637.5742574257426,40.30100115443291,637.5742574257426,40.30100115443291,637.5742574257426,40.30100115443291,,,,,,,,,,2015-07-31
2015,8,3,0,36,0,715.7673267326733,690.5049504950496,673.6633663366337,631.559405940594,606.2970297029702,,,693.3118811881187,21.19186200395298,662.4356435643565,39.735670714173054,647.3483910891089,46.43722450944049,25.262376237623698,,0.03658536585365835,,-0.8660254037844384,-0.5000000000000004,-1.0,-1.8369701987210297e-16,31,243,0,1,0,0,5,-0.8631421280499115,-0.5049610547215202,0.0,1.0,690.5049504950496,631.559405940594,,,,,,,,,649.6039603960396,49.68233344404672,647.3483910891089,46.43722450944049,647.3483910891089,46.43722450944049,647.3483910891089,46.43722450944049,647.3483910891089,46.43722450944049,647.3483910891089,46.43722450944049,647.3483910891089,46.43722450944049,647.3483910891089,46.43722450944049,647.3483910891089,46.43722450944049,0.1333333333333333,84.20792079207922,,,,,,,,2015-08-31
2015,9,3,2,40,0,698.9257425742575,715.7673267326733,690.5049504950496,673.6633663366337,631.559405940594,631.559405940594,,701.7326732673267,12.862972371484807,669.4529702970298,42.18808427690694,653.0792079207921,46.71663725748447,-16.8415841584158,,-0.0235294117647058,,-1.0,-1.8369701987210297e-16,-1.0,-1.8369701987210297e-16,30,273,0,1,0,1,5,-0.9999166586547379,-0.012910296075008843,0.9749279121818236,-0.22252093395631434,715.7673267326733,572.6138613861386,,,,,,,,,667.6485148514852,38.807058575910865,653.0792079207921,46.71663725748447,653.0792079207921,46.71663725748447,653.0792079207921,46.71663725748447,653.0792079207921,46.71663725748447,653.0792079207921,46.71663725748447,653.0792079207921,46.71663725748447,653.0792079207921,46.71663725748447,653.0792079207921,46.71663725748447,0.22058823529411775,126.31188118811883,,,,,,,,2015-09-30
2015,10,4,5,44,1,741.029702970297,698.9257425742575,715.7673267326733,690.5049504950496,673.6633663366337,572.6138613861386,,718.5742574257425,21.191862003952828,691.9084158415841,37.438605462838275,661.8742574257426,52.091067900026744,42.1039603960395,,0.06024096385542155,,-0.8660254037844386,0.5000000000000001,-2.4492935982947064e-16,1.0,31,304,0,1,0,0,5,-0.867456354729597,0.4975132889071803,-0.9749279121818236,-0.2225209339563146,698.9257425742575,656.8217821782179,,,,,,,,,679.6782178217821,47.06469151844809,661.8742574257426,52.091067900026744,661.8742574257426,52.091067900026744,661.8742574257426,52.091067900026744,661.8742574257426,52.091067900026744,661.8742574257426,52.091067900026744,661.8742574257426,52.091067900026744,661.8742574257426,52.091067900026744,661.8742574257426,52.091067900026744,0.12820512820512797,84.20792079207911,,,,,,,,2015-10-31
2015,11,4,0,49,0,884.1831683168316,741.029702970297,698.9257425742575,715.7673267326733,690.5049504950496,656.8217821782179,,774.7128712871287,97.11331175017328,734.0123762376238,77.07056825041657,682.0841584158416,83.2764822611662,143.15346534653463,,0.19318181818181812,,-0.5000000000000004,0.8660254037844384,-2.4492935982947064e-16,1.0,30,334,0,1,0,0,5,-0.5086709438521042,0.8609610158889945,0.0,1.0,741.029702970297,606.2970297029702,,,,,,,,,719.3762376237622,80.30821637108002,682.0841584158416,83.2764822611662,682.0841584158416,83.2764822611662,682.0841584158416,83.2764822611662,682.0841584158416,83.2764822611662,682.0841584158416,83.2764822611662,682.0841584158416,83.2764822611662,682.0841584158416,83.2764822611662,682.0841584158416,83.2764822611662,0.45833333333333326,277.88613861386136,,,,,,,,2015-11-30
2015,12,4,3,53,0,1002.0742574257425,884.1831683168316,741.029702970297,698.9257425742575,715.7673267326733,606.2970297029702,,875.7623762376237,130.72584731850642,788.7475247524752,126.44280343668187,708.75,121.80856185522215,117.89108910891093,,0.1333333333333333,,-2.4492935982947064e-16,1.0,-2.4492935982947064e-16,1.0,31,365,0,1,0,1,5,6.432490598706546e-16,1.0,0.43388373911755823,-0.900968867902419,884.1831683168316,631.559405940594,,,,,,,,,772.3069306930693,123.34992520720316,708.75,121.80856185522215,708.75,121.80856185522215,708.75,121.80856185522215,708.75,121.80856185522215,708.75,121.80856185522215,708.75,121.80856185522215,708.75,121.80856185522215,708.75,121.80856185522215,0.5866666666666667,370.5148514851485,,,,,,,,2015-12-31
2016,1,1,6,4,1,588.9356435643564,1002.0742574257425,884.1831683168316,741.029702970297,698.9257425742575,631.559405940594,631.559405940594,825.0643564356436,212.81953388847873,771.8193069306931,147.30424964685557,705.1980198019802,124.84764409272107,-413.13861386138615,-42.623762376237664,-0.41228343189127503,-0.06748971193415643,0.49999999999999994,0.8660254037844387,1.0,6.123233995736766e-17,31,31,0,1,0,0,5,0.5086709438521044,0.8609610158889943,-0.7818314824680299,0.6234898018587334,1002.0742574257425,673.6633663366337,,,,,,,,,760.2029702970298,137.93728009808905,699.5335110434121,121.26479135510642,699.5335110434121,121.26479135510642,699.5335110434121,121.26479135510642,699.5335110434121,121.26479135510642,699.5335110434121,121.26479135510642,699.5335110434121,121.26479135510642,699.5335110434121,121.26479135510642,699.5335110434121,121.26479135510642,-0.12577160493827166,-84.72772277227727,,,,,,,,2016-01-31
2016,2,1,0,9,0,533.9683168316832,588.9356435643564,1002.0742574257425,884.1831683168316,741.029702970297,673.6633663366337,572.6138613861386,708.3260726072607,255.87369699746165,741.5194719471947,176.87029079351484,701.9775577557756,129.0077066751852,-54.9673267326732,-38.645544554455455,-0.09333333333333327,-0.06748971193415643,0.8660254037844386,0.5000000000000001,1.0,6.123233995736766e-17,29,60,0,1,0,0,5,0.8587639582758029,0.5123714121284237,0.0,1.0,588.9356435643564,690.5049504950496,,,,,,,,,737.8405940594058,161.75286335047727,687.7074257425742,124.62733398587218,687.7074257425742,124.62733398587218,687.7074257425742,124.62733398587218,687.7074257425742,124.62733398587218,687.7074257425742,124.62733398587218,687.7074257425742,124.62733398587218,687.7074257425742,124.62733398587218,687.7074257425742,124.62733398587218,-0.22669878550637368,-156.5366336633664,,,,,,,,2016-02-29
2016,3,1,3,13,0,612.4930693069307,533.9683168316832,588.9356435643564,1002.0742574257425,884.1831683168316,690.5049504950496,656.8217821782179,578.4656765676568,40.29577328341889,727.1140264026403,184.39305000746762,698.283498349835,131.03696525779634,78.52475247524751,-44.328712871287166,0.1470588235294117,-0.06748971193415643,1.0,6.123233995736766e-17,1.0,6.123233995736766e-17,31,91,0,1,0,1,5,0.9999907397361901,0.004303538296244289,0.43388373911755823,-0.900968867902419,533.9683168316832,715.7673267326733,631.559405940594,,,,,,,,723.0871287128713,168.66389282902466,686.3455445544554,125.38993766974608,682.6931353135313,121.65398639465889,682.6931353135313,121.65398639465889,682.6931353135313,121.65398639465889,682.6931353135313,121.65398639465889,682.6931353135313,121.65398639465889,682.6931353135313,121.65398639465889,682.6931353135313,121.65398639465889,-0.1442846768336964,-103.27425742574258,,,,,,,,2016-03-31
2016,4,2,5,17,1,565.3782178217822,612.4930693069307,533.9683168316832,588.9356435643564,1002.0742574257425,715.7673267326733,606.2970297029702,570.613201320132,39.52325868391556,697.8387788778878,195.3594479273718,694.873597359736,134.14385866221608,-47.114851485148506,-40.91881188118805,-0.07692307692307687,-0.06748971193415632,0.8660254037844387,-0.49999999999999983,1.2246467991473532e-16,-1.0,30,121,0,1,0,0,5,0.8717063187093218,-0.49002866642905923,-0.9749279121818236,-0.2225209339563146,612.4930693069307,698.9257425742575,572.6138613861386,,,,,,,,704.008910891089,179.08356135845779,685.8287128712872,125.90861547640422,675.360952970297,121.13306985279475,675.360952970297,121.13306985279475,675.360952970297,121.13306985279475,675.360952970297,121.13306985279475,675.360952970297,121.13306985279475,675.360952970297,121.13306985279475,675.360952970297,121.13306985279475,-0.19107541276215978,-133.54752475247528,,,,,,,,2016-04-30
2016,5,2,1,22,0,588.9356435643564,565.3782178217822,612.4930693069307,533.9683168316832,588.9356435643564,698.9257425742575,631.559405940594,588.9356435643564,23.55742574257397,648.6308580858085,175.17631921358822,691.3216171617161,136.51609543601322,23.557425742574196,-42.623762376237664,0.04166666666666652,-0.06748971193415643,0.49999999999999994,-0.8660254037844387,1.2246467991473532e-16,-1.0,31,152,0,1,0,0,5,0.5012418134457758,-0.865307254363206,0.7818314824680298,0.6234898018587336,565.3782178217822,741.029702970297,656.8217821782179,,,,,,,,682.2811881188118,183.02649714452386,680.979702970297,128.39434961165895,670.2771112405359,119.14494079976652,670.2771112405359,119.14494079976652,670.2771112405359,119.14494079976652,670.2771112405359,119.14494079976652,670.2771112405359,119.14494079976652,670.2771112405359,119.14494079976652,670.2771112405359,119.14494079976652,-0.20524691358024694,-152.09405940594058,,,,,,,,2016-05-31
2016,6,2,3,26,0,628.1980198019802,588.9356435643564,565.3782178217822,612.4930693069307,533.9683168316832,741.029702970297,673.6633663366337,594.1706270627062,31.73540088574279,586.3181518151815,33.56110317868922,687.5328382838284,137.67669771171998,39.26237623762381,-45.46534653465346,0.06666666666666665,-0.06748971193415643,1.2246467991473532e-16,-1.0,1.2246467991473532e-16,-1.0,30,182,0,1,0,1,5,0.008606996888688698,-0.9999629591162655,0.43388373911755823,-0.900968867902419,588.9356435643564,884.1831683168316,606.2970297029702,,,,,,,,645.7118811881189,160.09974597290542,682.5440594059406,127.54503295081844,667.9393839383938,116.01230948538759,667.9393839383938,116.01230948538759,667.9393839383938,116.01230948538759,667.9393839383938,116.01230948538759,667.9393839383938,116.01230948538759,667.9393839383938,116.01230948538759,667.9393839383938,116.01230948538759,-0.2895159709974524,-255.9851485148514,,,,,,,,2016-06-30
2016,7,3,6,30,1,643.9029702970297,628.1980198019802,588.9356435643564,565.3782178217822,612.4930693069307,884.1831683168316,690.5049504950496,620.3455445544554,28.312502144261938,595.4793729372938,41.078779082864976,683.6493399339934,138.24134272982647,15.704950495049502,-46.601980198019874,0.02499999999999991,-0.06748971193415643,-0.4999999999999998,-0.8660254037844388,-1.0,-1.8369701987210297e-16,31,213,0,1,0,0,5,-0.5012418134457756,-0.8653072543632061,-0.7818314824680299,0.6234898018587334,628.1980198019802,1002.0742574257425,631.559405940594,,,,,,,,594.5445544554456,37.5810981958627,683.4257425742575,127.20769702194214,666.6743095362167,112.87847263401562,666.6743095362167,112.87847263401562,666.6743095362167,112.87847263401562,666.6743095362167,112.87847263401562,666.6743095362167,112.87847263401562,666.6743095362167,112.87847263401562,666.6743095362167,112.87847263401562,-0.35742988553446065,-358.17128712871283,,,,,,,,2016-07-31
2016,8,3,2,35,0,667.460396039604,643.9029702970297,628.1980198019802,588.9356435643564,565.3782178217822,1002.0742574257425,715.7673267326733,646.5204620462046,19.761629341957146,617.7280528052805,37.05392174416343,679.6237623762377,137.92402743062846,23.55742574257431,-48.30693069306926,0.03658536585365857,-0.06748971193415632,-0.8660254037844384,-0.5000000000000004,-1.0,-1.8369701987210297e-16,31,244,0,1,0,0,5,-0.8717063187093218,-0.4900286664290594,0.9749279121818236,-0.22252093395631434,643.9029702970297,588.9356435643564,673.6633663366337,,,,,,,,605.7623762376237,46.32928707169174,682.9826732673267,127.25510910570308,666.7136138613862,109.86797808249565,666.7136138613862,109.86797808249565,666.7136138613862,109.86797808249565,666.7136138613862,109.86797808249565,666.7136138613862,109.86797808249565,666.7136138613862,109.86797808249565,666.7136138613862,109.86797808249565,0.13333333333333353,78.52475247524762,,,,,,,,2016-08-31
2016,9,3,4,39,0,651.7554455445545,667.460396039604,643.9029702970297,628.1980198019802,588.9356435643564,588.9356435643564,698.9257425742575,654.3729372937295,11.99485407151509,624.2717821782179,39.340822622004964,675.692904290429,137.99606966389538,-15.704950495049502,-47.170297029702965,-0.02352941176470591,-0.06748971193415632,-1.0,-1.8369701987210297e-16,-1.0,-1.8369701987210297e-16,30,274,0,1,0,1,5,-0.9999907397361901,0.004303538296243821,-0.433883739117558,-0.9009688679024191,667.460396039604,533.9683168316832,690.5049504950496,,,,,,,,622.589108910891,36.18798137161118,680.2148514851485,127.50008135390036,666.0013201320131,107.13579507818076,666.0013201320131,107.13579507818076,666.0013201320131,107.13579507818076,666.0013201320131,107.13579507818076,666.0013201320131,107.13579507818076,666.0013201320131,107.13579507818076,666.0013201320131,107.13579507818076,0.22058823529411775,117.78712871287132,,,,,,,,2016-09-30
2016,10,4,0,44,0,691.0178217821782,651.7554455445545,667.460396039604,643.9029702970297,628.1980198019802,533.9683168316832,741.029702970297,670.0778877887789,19.761629341956937,645.2117161716171,34.91188476493526,671.5252475247524,136.5914915322017,39.2623762376237,-50.011881188118764,0.06024096385542155,-0.06748971193415632,-0.8660254037844386,0.5000000000000001,-2.4492935982947064e-16,1.0,31,305,0,1,0,0,5,-0.858763958275803,0.5123714121284235,0.0,1.0,651.7554455445545,612.4930693069307,715.7673267326733,,,,,,,,633.8069306930694,43.888309045598454,678.4470297029703,127.14028976060226,667.1384338433844,104.68977993701077,667.1384338433844,104.68977993701077,667.1384338433844,104.68977993701077,667.1384338433844,104.68977993701077,667.1384338433844,104.68977993701077,667.1384338433844,104.68977993701077,667.1384338433844,104.68977993701077,0.1282051282051282,78.52475247524751,,,,,,,,2016-10-31
2016,11,4,2,48,0,824.509900990099,691.0178217821782,651.7554455445545,667.460396039604,643.9029702970297,612.4930693069307,884.1831683168316,722.4277227722773,90.55916231518201,684.4740924092408,71.86909780059449,666.5524752475247,129.02211315040492,133.49207920792082,-59.67326732673257,0.19318181818181834,-0.06748971193415632,-0.5000000000000004,0.8660254037844384,-2.4492935982947064e-16,1.0,30,335,0,1,0,0,5,-0.4937755501599774,0.8695893893466109,0.9749279121818236,-0.22252093395631434,691.0178217821782,565.3782178217822,698.9257425742575,,,,,,,,670.8257425742574,74.88823798225015,687.4173267326732,132.99188816496957,673.9806715454154,107.41761244080568,673.9806715454154,107.41761244080568,673.9806715454154,107.41761244080568,673.9806715454154,107.41761244080568,673.9806715454154,107.41761244080568,673.9806715454154,107.41761244080568,673.9806715454154,107.41761244080568,0.45833333333333326,259.13168316831684,,,,,,,,2016-11-30
2016,12,4,5,52,1,934.4445544554455,824.509900990099,691.0178217821782,651.7554455445545,667.460396039604,565.3782178217822,1002.0742574257425,816.6574257425742,121.90319754063167,735.5151815181517,117.90921505659325,660.9166666666666,113.58773710449933,109.93465346534651,-67.62970297029699,0.1333333333333333,-0.06748971193415632,-2.4492935982947064e-16,1.0,-2.4492935982947064e-16,1.0,31,366,0,1,0,1,5,0.017213356155833904,0.9998518392091162,-0.9749279121818236,-0.2225209339563146,824.509900990099,588.9356435643564,741.029702970297,,,,,,,,720.1841584158417,115.02507428786942,701.2326732673267,148.1696068913094,684.8333333333334,117.74376454384702,684.8333333333334,117.74376454384702,684.8333333333334,117.74376454384702,684.8333333333334,117.74376454384702,684.8333333333334,117.74376454384702,684.8333333333334,117.74376454384702,684.8333333333334,117.74376454384702,0.5866666666666669,345.50891089108916,,,,,,,,2016-12-31
2017,1,1,1,5,0,577.8712871287129,934.4445544554455,824.509900990099,691.0178217821782,651.7554455445545,588.9356435643564,588.9356435643564,778.9419141914192,182.6019025330208,724.509900990099,130.57183308259712,659.9946369636963,114.26801824745147,-356.57326732673266,-11.064356435643504,-0.3815884694566264,-0.018787038204513884,0.49999999999999994,0.8660254037844387,1.0,6.123233995736766e-17,31,31,0,1,0,0,5,0.5086709438521044,0.8609610158889943,0.7818314824680298,0.6234898018587336,934.4445544554455,628.1980198019802,884.1831683168316,,,,,,,,712.9946251768034,123.02728979723089,679.3532531824611,141.54375319963466,680.5548514851486,117.23301373069586,680.5548514851486,117.23301373069586,680.5548514851486,117.23301373069586,680.5548514851486,117.23301373069586,680.5548514851486,117.23301373069586,680.5548514851486,117.23301373069586,680.5548514851486,117.23301373069586,-0.08011284831673182,-50.326732673267315,,,,,,,,2017-01-31
2017,2,1,1,9,0,523.9366336633664,577.8712871287129,934.4445544554455,824.509900990099,691.0178217821782,628.1980198019802,533.9683168316832,678.7508250825082,223.07330441266916,700.5892739273928,154.13424611638646,659.1586633663367,115.30581496413987,-53.934653465346514,-10.031683168316818,-0.09333333333333327,-0.018787038204513884,0.8660254037844386,0.5000000000000001,1.0,6.123233995736766e-17,28,59,0,1,0,0,4,0.8498170915275278,0.5270777086423722,0.7818314824680298,0.6234898018587336,577.8712871287129,643.9029702970297,1002.0742574257425,,,,,,,,695.85657708628,141.26072982473963,645.2005657708627,112.36138028932096,674.5310738766184,118.90025080566063,674.5310738766184,118.90025080566063,674.5310738766184,118.90025080566063,674.5310738766184,118.90025080566063,674.5310738766184,118.90025080566063,674.5310738766184,118.90025080566063,674.5310738766184,118.90025080566063,-0.1863112024134993,-119.96633663366333,,,,,,,,2017-02-28
2017,3,1,4,13,0,600.9861386138614,523.9366336633664,577.8712871287129,934.4445544554455,824.509900990099,643.9029702970297,612.4930693069307,567.5980198019802,39.53873505126244,692.1277227722773,158.6778395437695,658.1997524752475,115.77606576961193,77.04950495049502,-11.506930693069307,0.1470588235294117,-0.018787038204513884,1.0,6.123233995736766e-17,1.0,6.123233995736766e-17,31,90,0,1,0,1,5,0.9997685019798909,0.021516097436222254,-0.433883739117558,-0.9009688679024191,523.9366336633664,667.460396039604,588.9356435643564,,,,,,,,686.3602545968881,145.65390414487362,646.061315417256,111.9425810182452,671.8071873854052,117.44725010507888,671.8071873854052,117.44725010507888,671.8071873854052,117.44725010507888,671.8071873854052,117.44725010507888,671.8071873854052,117.44725010507888,671.8071873854052,117.44725010507888,671.8071873854052,117.44725010507888,-0.09959281152884814,-66.47425742574262,,,,,,,,2017-03-31
2017,4,2,6,17,1,554.7564356435643,600.9861386138614,523.9366336633664,577.8712871287129,934.4445544554455,667.460396039604,565.3782178217822,559.8930693069307,38.78073371305355,669.4174917491749,168.32610902640545,657.3146039603961,116.58798944183354,-46.229702970297126,-10.621782178217927,-0.0769230769230771,-0.018787038204514106,0.8660254037844387,-0.49999999999999983,1.2246467991473532e-16,-1.0,30,120,0,1,0,0,5,0.8800122039735357,-0.47495107206704995,-0.7818314824680299,0.6234898018587334,600.9861386138614,651.7554455445545,533.9683168316832,,,,,,,,672.5032531824611,153.87674488153337,647.5461810466761,110.46952658845373,667.6268033946252,117.3554006841656,667.6268033946252,117.3554006841656,667.6268033946252,117.3554006841656,667.6268033946252,117.3554006841656,667.6268033946252,117.3554006841656,667.6268033946252,117.3554006841656,667.6268033946252,117.3554006841656,-0.14882731024969909,-96.99900990099025,,,,,,,,2017-04-30
2017,5,2,2,22,0,577.8712871287129,554.7564356435643,600.9861386138614,523.9366336633664,577.8712871287129,651.7554455445545,588.9356435643564,577.8712871287129,23.114851485147508,628.3110561056105,152.22155745372785,656.3925742574257,117.21995982769785,23.11485148514862,-11.064356435643504,0.04166666666666696,-0.018787038204513884,0.49999999999999994,-0.8660254037844387,1.2246467991473532e-16,-1.0,31,151,0,1,0,0,5,0.5160623910158528,-0.8565509959010036,0.9749279121818236,-0.22252093395631434,554.7564356435643,691.0178217821782,612.4930693069307,,631.559405940594,,,,,,656.3394625176804,157.50759692799966,645.0731966053748,111.69531462936456,664.5317855923523,116.43975905138883,665.7093705799151,118.40046359758024,664.5317855923523,116.43975905138883,664.5317855923523,116.43975905138883,664.5317855923523,116.43975905138883,664.5317855923523,116.43975905138883,664.5317855923523,116.43975905138883,-0.1637389530152107,-113.14653465346532,,,,,,,,2017-05-31
2017,6,2,4,26,0,616.3960396039604,577.8712871287129,554.7564356435643,600.9861386138614,523.9366336633664,691.0178217821782,628.1980198019802,583.0079207920792,31.139186696866236,575.3029702970297,32.93058945108568,655.4090759075907,117.5271308937849,38.52475247524751,-11.801980198019805,0.06666666666666665,-0.018787038204513884,1.2246467991473532e-16,-1.0,1.2246467991473532e-16,-1.0,30,181,0,1,0,1,5,0.02581844022713308,-0.9996666485105112,-0.433883739117558,-0.9009688679024191,577.8712871287129,824.509900990099,565.3782178217822,,572.6138613861386,,,,,,626.6089108910891,139.03159071359065,648.7173267326733,109.70980502460064,662.9272607260725,114.75159148516046,667.2730198019801,117.41043156290685,662.9272607260725,114.75159148516046,662.9272607260725,114.75159148516046,662.9272607260725,114.75159148516046,662.9272607260725,114.75159148516046,662.9272607260725,114.75159148516046,-0.25240917196534396,-208.11386138613864,,,,,,,,2017-06-30
2017,7,3,0,31,0,631.8059405940594,616.3960396039604,577.8712871287129,554.7564356435643,600.9861386138614,824.509900990099,643.9029702970297,608.6910891089109,27.780594084811568,584.2920792079208,40.30703049084049,654.4009900990098,117.68656915094097,15.409900990099004,-12.097029702970303,0.02499999999999991,-0.018787038204513995,-0.4999999999999998,-0.8660254037844388,-1.0,-1.8369701987210297e-16,31,212,0,1,0,0,5,-0.4862727071086902,-0.8738071036110807,0.0,1.0,616.3960396039604,934.4445544554455,588.9356435643564,631.559405940594,656.8217821782179,,,,,,583.3748231966053,36.87506066829007,651.7794908062234,108.50452191791967,662.9354785478548,114.74927645025825,666.3795968882604,117.58794824991588,661.923347173427,112.9612320156256,661.923347173427,112.9612320156256,661.923347173427,112.9612320156256,661.923347173427,112.9612320156256,661.923347173427,112.9612320156256,-0.3238700599392449,-302.63861386138615,0.00039035861258085447,0.2465346534653463,,,0.2465346534653463,,,2017-07-31
2017,8,3,3,35,0,654.920792079208,631.8059405940594,616.3960396039604,577.8712871287129,554.7564356435643,934.4445544554455,667.460396039604,634.3742574257426,19.3903668565254,606.1227722772277,36.357788300728835,653.3560231023102,117.61571972162656,23.11485148514862,-12.539603960395993,0.03658536585365879,-0.018787038204513884,-0.8660254037844384,-0.5000000000000004,-1.0,-1.8369701987210297e-16,31,243,0,1,0,0,5,-0.8631421280499115,-0.5049610547215202,0.43388373911755823,-0.900968867902419,631.8059405940594,577.8712871287129,628.1980198019802,572.6138613861386,606.2970297029702,,,,,,594.3818953323904,45.45889698548845,653.6882602545969,108.2926167608773,665.6790429042904,113.4923547844435,668.1161598302688,117.02547073055342,661.7045173267327,111.13123621812501,661.7045173267327,111.13123621812501,661.7045173267327,111.13123621812501,661.7045173267327,111.13123621812501,661.7045173267327,111.13123621812501,0.13333333333333353,77.04950495049513,0.14373897707231054,82.30693069306938,,,82.30693069306938,,,2017-08-31
2017,9,3,5,39,1,639.5108910891089,654.920792079208,631.8059405940594,616.3960396039604,577.8712871287129,577.8712871287129,651.7554455445545,642.0792079207921,11.769506289814426,612.5435643564357,38.60172508440841,652.3356435643565,117.68396218884685,-15.409900990099118,-12.24455445544561,-0.02352941176470602,-0.018787038204513995,-1.0,-1.8369701987210297e-16,-1.0,-1.8369701987210297e-16,30,273,0,1,0,1,5,-0.9999166586547379,-0.012910296075008843,-0.9749279121818236,-0.2225209339563146,654.920792079208,523.9366336633664,643.9029702970297,656.8217821782179,631.559405940594,,,,,,610.8925035360679,35.508116383039045,653.3745403111741,108.32950056265213,665.1020132013201,113.58291145216062,668.4001414427156,116.94309294463214,661.0319831983197,109.44923661207724,661.0319831983197,109.44923661207724,661.0319831983197,109.44923661207724,661.0319831983197,109.44923661207724,661.0319831983197,109.44923661207724,0.22058823529411753,115.57425742574253,-0.02635553746664865,-17.310891089108964,,,-17.310891089108964,,,2017-09-30
2017,10,4,1,44,0,678.0356435643564,639.5108910891089,654.920792079208,631.8059405940594,616.3960396039604,523.9366336633664,691.0178217821782,657.4891089108911,19.39036685652514,633.090099009901,34.25599385206483,651.2537953795379,117.35524889044065,38.52475247524751,-12.982178217821797,0.06024096385542177,-0.018787038204513995,-0.8660254037844386,0.5000000000000001,-2.4492935982947064e-16,1.0,31,304,0,1,0,0,5,-0.867456354729597,0.4975132889071803,0.7818314824680298,0.6234898018587336,639.5108910891089,600.9861386138614,667.460396039604,606.2970297029702,673.6633663366337,,,,,,621.899575671853,43.063777706827736,654.1299151343707,108.47205219790669,667.4933003300331,113.05612895443593,668.5562942008486,116.953299841502,661.5320908561445,107.81760038532114,661.5320908561445,107.81760038532114,661.5320908561445,107.81760038532114,661.5320908561445,107.81760038532114,661.5320908561445,107.81760038532114,0.1282051282051282,77.04950495049502,0.11832255535959235,71.73861386138617,,,71.73861386138617,,,2017-10-31
2017,11,4,3,48,0,809.0198019801979,678.0356435643564,639.5108910891089,654.920792079208,631.8059405940594,600.9861386138614,824.509900990099,708.8554455445543,88.85782387299761,671.6148514851485,70.5188903144907,649.9629537953796,115.34424299262024,130.98415841584153,-15.490099009901087,0.19318181818181812,-0.018787038204513995,-0.5000000000000004,0.8660254037844384,-2.4492935982947064e-16,1.0,30,334,0,1,0,0,5,-0.5086709438521042,0.8609610158889945,0.43388373911755823,-0.900968867902419,678.0356435643564,554.7564356435643,651.7554455445545,631.559405940594,690.5049504950496,,,,,,658.2229137199434,73.48130979420908,665.3630834512023,116.08321993610068,673.4086468646864,115.72227852973464,672.7889674681754,119.88491798757045,665.7460254596888,109.10654194101765,665.7460254596888,109.10654194101765,665.7460254596888,109.10654194101765,665.7460254596888,109.10654194101765,665.7460254596888,109.10654194101765,0.4583333333333335,254.26336633663368,0.2809876543209875,177.4603960396039,,,177.4603960396039,,,2017-11-30
2017,12,4,6,52,1,916.8891089108911,809.0198019801979,678.0356435643564,639.5108910891089,654.920792079208,554.7564356435643,934.4445544554455,801.3148514851486,119.61299751118318,721.6970297029703,115.69405012866069,648.5,111.45375994795279,107.86930693069314,-17.55544554455446,0.13333333333333353,-0.018787038204513884,-2.4492935982947064e-16,1.0,-2.4492935982947064e-16,1.0,31,365,0,1,0,1,5,6.432490598706546e-16,1.0,-0.7818314824680299,0.6234898018587334,809.0198019801979,577.8712871287129,691.0178217821782,673.6633663366337,715.7673267326733,,,,,,706.6540311173975,112.86409382274628,681.4967468175389,134.20481647140113,681.5161716171617,123.96724240328292,679.9718882602546,128.28609866669584,672.7222222222222,115.39558045594939,672.7222222222222,115.39558045594939,672.7222222222222,115.39558045594939,672.7222222222222,115.39558045594939,672.7222222222222,115.39558045594939,0.5866666666666667,339.0178217821782,0.36104938271604947,243.22574257425742,,,243.22574257425742,,,2017-12-31
2018,1,1,2,5,0,581.2871287128712,916.8891089108911,809.0198019801979,678.0356435643564,639.5108910891089,577.8712871287129,577.8712871287129,769.0653465346535,171.33137821388826,713.2772277227723,125.00779189987642,648.7846534653465,111.2611707672767,-335.6019801980199,3.415841584158329,-0.366022430560505,0.005911076843998719,0.49999999999999994,0.8660254037844387,1.0,6.123233995736766e-17,31,31,0,1,0,0,5,0.5086709438521044,0.8609610158889943,0.9749279121818236,-0.22252093395631434,916.8891089108911,616.3960396039604,824.509900990099,690.5049504950496,698.9257425742575,,,,,,701.6384724186704,118.19763564303487,664.1236916548797,129.94253421840088,677.8755775577558,125.29081806159785,675.7705091937767,129.5623563248607,670.2510034787263,114.77021969218929,670.2510034787263,114.77021969218929,670.2510034787263,114.77021969218929,670.2510034787263,114.77021969218929,670.2510034787263,114.77021969218929,-0.0569583654587511,-35.10891089108918,-0.15817094678883314,-109.21782178217836,,,-109.21782178217836,,,2018-01-31
2018,2,1,2,9,0,527.0336633663367,581.2871287128712,916.8891089108911,809.0198019801979,678.0356435643564,616.3960396039604,523.9366336633664,675.0699669966997,211.17109809965402,691.9627062706271,146.07537705799606,649.0427392739274,110.9483932317407,-54.25346534653454,3.0970297029703033,-0.09333333333333316,0.005911076843998941,0.8660254037844386,0.5000000000000001,1.0,6.123233995736766e-17,28,59,0,1,0,0,4,0.8498170915275278,0.5270777086423722,0.9749279121818236,-0.22252093395631434,581.2871287128712,631.8059405940594,934.4445544554455,715.7673267326733,741.029702970297,,,,,,686.6710042432815,134.08092553113804,635.0229137199434,108.61723255732494,671.5844554455446,128.03098163904437,668.1277934936351,131.86149984356334,666.4821261073475,115.56801644562152,666.4821261073475,115.56801644562152,666.4821261073475,115.56801644562152,666.4821261073475,115.56801644562152,666.4821261073475,115.56801644562152,-0.16582983871473245,-104.77227722772273,-0.26368018812463256,-188.7336633663366,,,-188.7336633663366,,,2018-02-28
2018,3,1,5,13,1,604.5386138613861,527.0336633663367,581.2871287128712,916.8891089108911,809.0198019801979,631.8059405940594,600.9861386138614,570.9531353135313,39.77245155246444,686.1339933993399,149.2501353892227,649.3387788778878,110.81316553145716,77.50495049504946,3.5524752475247396,0.1470588235294117,0.005911076843998941,1.0,6.123233995736766e-17,1.0,6.123233995736766e-17,31,90,0,1,0,1,5,0.9997685019798909,0.021516097436222254,-0.9749279121818236,-0.2225209339563146,527.0336633663367,654.920792079208,577.8712871287129,698.9257425742575,884.1831683168316,,,,,,679.4735502121641,137.3809774031019,636.9277227722771,107.76838756541278,668.4382178217822,128.49482346752743,658.1404879773692,125.31915581483281,664.8938309215537,114.46780423684363,664.8938309215537,114.46780423684363,664.8938309215537,114.46780423684363,664.8938309215537,114.46780423684363,664.8938309215537,114.46780423684363,-0.07692865889609524,-50.38217821782189,-0.13504600412230938,-94.38712871287134,,,-94.38712871287134,,,2018-03-31
2018,4,2,0,18,0,558.0356435643564,604.5386138613861,527.0336633663367,581.2871287128712,916.8891089108911,654.920792079208,554.7564356435643,563.2026402640264,39.0099696100975,666.1339933993399,158.31716175380515,649.6120462046205,110.56247965090587,-46.50297029702972,3.279207920792146,-0.07692307692307698,0.0059110768439991634,0.8660254037844387,-0.49999999999999983,1.2246467991473532e-16,-1.0,30,120,0,1,0,0,5,0.8800122039735357,-0.47495107206704995,0.0,1.0,604.5386138613861,639.5108910891089,523.9366336633664,741.029702970297,1002.0742574257425,,,,,,667.8342291371994,144.59312581320668,639.3633663366336,105.37707040380563,662.3384158415842,129.2711194299168,642.2819660537482,106.93036813514478,662.2223762376237,114.24698585023633,662.2223762376237,114.24698585023633,662.2223762376237,114.24698585023633,662.2223762376237,114.24698585023633,662.2223762376237,114.24698585023633,-0.1274024393642419,-81.47524752475249,-0.2469456469456469,-182.99405940594056,,,-182.99405940594056,,,2018-04-30
2018,5,2,3,22,0,581.2871287128712,558.0356435643564,604.5386138613861,527.0336633663367,581.2871287128712,639.5108910891089,577.8712871287129,581.2871287128713,23.25148514851302,628.1785478547854,143.84753011665302,649.896699669967,110.36520634134722,23.251485148514803,3.415841584158329,0.04166666666666652,0.005911076843998719,0.49999999999999994,-0.8660254037844387,1.2246467991473532e-16,-1.0,31,151,0,1,0,0,5,0.5160623910158528,-0.8565509959010036,0.43388373911755823,-0.900968867902419,558.0356435643564,678.0356435643564,600.9861386138614,884.1831683168316,588.9356435643564,,,,,,654.0130127298444,148.0383856579629,637.9562942008487,106.05824611993016,652.2418811881188,123.02448085861349,642.0088048090523,107.08135515306171,660.2483458101908,113.51578336395859,660.2483458101908,113.51578336395859,660.2483458101908,113.51578336395859,660.2483458101908,113.51578336395859,660.2483458101908,113.51578336395859,-0.1426894231443191,-96.7485148514852,-0.3425715965398506,-302.8960396039604,,,-302.8960396039604,,,2018-05-31
2018,6,2,5,26,1,620.039603960396,581.2871287128712,558.0356435643564,604.5386138613861,527.0336633663367,678.0356435643564,616.3960396039604,586.4541254125412,31.323252822290435,578.7036303630363,33.12524469584887,650.2003300330033,110.269633222402,38.752475247524785,3.643564356435604,0.06666666666666665,0.005911076843998941,1.2246467991473532e-16,-1.0,1.2246467991473532e-16,-1.0,30,181,0,1,0,1,5,0.02581844022713308,-0.9996666485105112,-0.9749279121818236,-0.2225209339563146,581.2871287128712,809.0198019801979,554.7564356435643,1002.0742574257425,533.9683168316832,,,,,,627.0158415841585,131.3502561918076,642.619377652051,103.52366540066829,639.5073927392739,103.84088344066332,645.0827793493635,105.08172596823209,659.290994813767,112.29442702235025,659.290994813767,112.29442702235025,659.290994813767,112.29442702235025,659.290994813767,112.29442702235025,659.290994813767,112.29442702235025,-0.23359156049981034,-188.98019801980195,-0.3812438555669182,-382.03465346534654,,,-382.03465346534654,,,2018-06-30
2018,7,3,1,31,0,635.540594059406,620.039603960396,581.2871287128712,558.0356435643564,604.5386138613861,809.0198019801979,631.8059405940594,612.2891089108911,27.944807311218444,587.7458745874587,40.545288445425,650.5115511551155,110.21825624805273,15.500990099009982,3.7346534653465824,0.025000000000000133,0.005911076843998941,-0.4999999999999998,-0.8660254037844388,-1.0,-1.8369701987210297e-16,31,212,0,1,0,0,5,-0.4862727071086902,-0.8738071036110807,0.7818314824680298,0.6234898018587336,620.039603960396,916.8891089108911,577.8712871287129,588.9356435643564,612.4930693069307,,,,,,586.8231966053747,37.09303198552743,646.7386138613862,101.88348599005735,641.060891089109,103.40592527907924,645.9059052333805,104.90711229318491,658.7386599125028,111.00863708483108,658.7386599125028,111.00863708483108,658.7386599125028,111.00863708483108,658.7386599125028,111.00863708483108,658.7386599125028,111.00863708483108,-0.30685119074615197,-281.3485148514851,0.07913419913419939,46.60495049504959,,,46.60495049504959,,,2018-07-31
2018,8,3,4,35,0,658.7920792079208,635.540594059406,620.039603960396,581.2871287128712,558.0356435643564,916.8891089108911,654.920792079208,638.1240924092409,19.50498480504712,609.7056105610561,36.572701981252045,650.8341584158416,110.23799911923874,23.251485148514803,3.8712871287127655,0.03658536585365835,0.005911076843998719,-0.8660254037844384,-0.5000000000000004,-1.0,-1.8369701987210297e-16,31,243,0,1,0,0,5,-0.8631421280499115,-0.5049610547215202,-0.433883739117558,-0.9009688679024191,635.540594059406,581.2871287128712,616.3960396039604,533.9683168316832,565.3782178217822,,,,,,597.8953323903819,45.72760801881309,649.7669024045261,101.54173378491544,645.2216831683168,101.44082459673199,649.2421145685997,103.73010858048335,658.7398739873987,109.71024608198518,658.7398739873987,109.71024608198518,658.7398739873987,109.71024608198518,658.7398739873987,109.71024608198518,658.7398739873987,109.71024608198518,0.13333333333333353,77.50495049504957,0.23376623376623362,124.8237623762376,,,124.8237623762376,,,2018-08-31
2018,9,3,6,39,1,643.2910891089109,658.7920792079208,635.540594059406,620.039603960396,581.2871287128712,581.2871287128712,639.5108910891089,645.8745874587459,11.839076745908645,616.1643564356435,38.82990284769304,651.1491749174917,110.2080972255367,-15.500990099009869,3.7801980198020146,-0.0235294117647058,0.005911076843998941,-1.0,-1.8369701987210297e-16,-1.0,-1.8369701987210297e-16,30,273,0,1,0,1,5,-0.9999166586547379,-0.012910296075008843,-0.7818314824680299,0.6234898018587334,658.7920792079208,527.0336633663367,631.8059405940594,612.4930693069307,588.9356435643564,,,,,,614.5035360678925,35.71800758756493,650.587270155587,101.43179825487559,646.2482838283829,101.25385198492373,651.1833804809054,103.06619275273064,658.3965676567657,108.48082145009775,658.3965676567657,108.48082145009775,658.3965676567657,108.48082145009775,658.3965676567657,108.48082145009775,658.3965676567657,108.48082145009775,0.22058823529411753,116.25742574257424,0.050283050283050246,30.798019801980217,,,30.798019801980217,,,2018-09-30
2018,10,4,2,44,0,682.0435643564356,643.2910891089109,658.7920792079208,635.540594059406,620.039603960396,527.0336633663367,678.0356435643564,661.3755775577557,19.504984805047087,636.8323432343234,34.45848366409173,651.4831683168317,110.30301822221098,38.75247524752467,4.007920792079176,0.06024096385542155,0.005911076843998941,-0.8660254037844386,0.5000000000000001,-2.4492935982947064e-16,1.0,31,304,0,1,0,0,5,-0.867456354729597,0.4975132889071803,0.9749279121818236,-0.22252093395631434,643.2910891089109,604.5386138613861,654.920792079208,565.3782178217822,628.1980198019802,,,,,,625.5756718528995,43.31833100604578,652.5246110325318,101.77936130556373,650.1371287128713,100.2764411442038,653.1064356435644,103.12375854812998,658.9106328024106,107.32535412841989,658.9106328024106,107.32535412841989,658.9106328024106,107.32535412841989,658.9106328024106,107.32535412841989,658.9106328024106,107.32535412841989,0.1282051282051282,77.50495049504946,0.20634920634920628,116.6653465346534,,,116.6653465346534,,,2018-10-31
2018,11,4,4,48,0,813.8019801980198,682.0435643564356,643.2910891089109,658.7920792079208,635.540594059406,604.5386138613861,809.0198019801979,713.0455445544554,89.3830692981015,675.5848184818482,70.93573289409316,651.8816831683167,110.93077861839465,131.75841584158422,4.7821782178218655,0.19318181818181834,0.0059110768439991634,-0.5000000000000004,0.8660254037844384,-2.4492935982947064e-16,1.0,30,334,0,1,0,0,5,-0.5086709438521042,0.8609610158889945,-0.433883739117558,-0.9009688679024191,682.0435643564356,558.0356435643564,639.5108910891089,588.9356435643564,643.9029702970297,,,,,,662.1137199434228,73.9156634630005,664.9739745403111,110.36259079635282,657.6326732673267,103.88332994777315,659.1742574257426,107.46906461581153,662.2061933852959,108.53007992422548,662.2061933852959,108.53007992422548,662.2061933852959,108.53007992422548,662.2061933852959,108.53007992422548,662.2061933852959,108.53007992422548,0.4583333333333335,255.7663366336634,0.38181818181818206,224.86633663366342,,,224.86633663366342,,,2018-11-30
2018,12,4,0,1,0,922.3089108910891,813.8019801980198,682.0435643564356,643.2910891089109,658.7920792079208,558.0356435643564,916.8891089108911,806.0514851485149,120.32003913101298,725.9630363036304,116.37792654936473,652.3333333333334,112.11257168755776,108.50693069306931,5.419801980198031,0.1333333333333333,0.005911076843998941,-2.4492935982947064e-16,1.0,-2.4492935982947064e-16,1.0,31,365,0,1,0,1,5,6.432490598706546e-16,1.0,0.0,1.0,813.8019801980198,581.2871287128712,678.0356435643564,628.1980198019802,667.460396039604,,,,,,710.8311173974541,113.53124215426097,682.4220650636491,130.12635250251037,667.4363696369637,114.35944227000678,668.2759900990098,118.42966636606229,667.625,113.74362518983244,667.625,113.74362518983244,667.625,113.74362518983244,667.625,113.74362518983244,667.625,113.74362518983244,0.5866666666666669,341.0217821782179,0.46818181818181825,294.1108910891089,,,294.1108910891089,,,2018-12-31
2019,1,1,3,5,0,564.6534653465346,922.3089108910891,813.8019801980198,682.0435643564356,643.2910891089109,581.2871287128712,581.2871287128712,766.9214521452145,183.37854935842617,714.1485148514852,130.17386147590432,650.9471947194719,113.1686816339796,-357.6554455445545,-16.633663366336577,-0.3877827063375171,-0.028615227388860354,0.49999999999999994,0.8660254037844387,1.0,6.123233995736766e-17,31,31,0,1,0,0,5,0.5086709438521044,0.8609610158889943,0.43388373911755823,-0.900968867902419,922.3089108910891,620.039603960396,809.0198019801979,643.9029702970297,651.7554455445545,,,,,,702.918811881188,122.48988575074658,664.9673267326733,128.21387919200217,664.7947194719472,115.82768624347,665.1652050919378,120.01304903591073,665.523540109113,113.50977593280894,665.523540109113,113.50977593280894,665.523540109113,113.50977593280894,665.523540109113,113.50977593280894,665.523540109113,113.50977593280894,-0.08932677567705671,-55.38613861386136,-0.12307678113976961,-79.24950495049507,,,-79.24950495049507,,,2019-01-31
2019,2,1,3,9,0,511.9524752475248,564.6534653465346,922.3089108910891,813.8019801980198,682.0435643564356,620.039603960396,527.0336633663367,666.3049504950494,223.26636422264025,689.6752475247525,154.240999504173,649.6904290429043,114.74266496643484,-52.70099009900986,-15.081188118811895,-0.09333333333333327,-0.028615227388860576,0.8660254037844386,0.5000000000000001,1.0,6.123233995736766e-17,28,59,0,1,0,0,4,0.8498170915275278,0.5270777086423722,0.43388373911755823,-0.900968867902419,564.6534653465346,635.540594059406,916.8891089108911,667.460396039604,691.0178217821782,,,,,,685.2633663366336,141.28514126651274,636.0432814710042,111.61091053159181,659.6111221122112,119.13670638725903,658.7700141442716,123.31008610689632,662.4521188118812,114.4255317658214,662.4521188118812,114.4255317658214,662.4521188118812,114.4255317658214,662.4521188118812,114.4255317658214,662.4521188118812,114.4255317658214,-0.19446140807856727,-123.5881188118812,-0.23298449123691845,-155.50792079207923,,,-155.50792079207923,,,2019-02-28
2019,3,1,6,13,1,587.239603960396,511.9524752475248,564.6534653465346,922.3089108910891,813.8019801980198,635.540594059406,604.5386138613861,554.6151815181519,38.63435380747819,680.3333333333334,159.22900012006005,648.2488448844884,115.46788296486491,75.28712871287127,-17.299009900990086,0.1470588235294117,-0.028615227388860465,1.0,6.123233995736766e-17,1.0,6.123233995736766e-17,31,90,0,1,0,1,5,0.9997685019798909,0.021516097436222254,-0.7818314824680299,0.6234898018587334,511.9524752475248,658.7920792079208,581.2871287128712,651.7554455445545,824.509900990099,,,,,,675.041584158416,146.0282404126228,636.4684582743988,111.39740756729151,657.4605940594059,119.8634670570848,650.2960749646393,119.59522217120825,660.9773636187148,113.76404669473355,660.9773636187148,113.76404669473355,660.9773636187148,113.76404669473355,660.9773636187148,113.76404669473355,660.9773636187148,113.76404669473355,-0.1086116204274249,-71.55247524752474,-0.09898780597107892,-64.51584158415847,,,-64.51584158415847,,,2019-03-31
2019,4,2,1,18,0,542.0673267326732,587.239603960396,511.9524752475248,564.6534653465346,922.3089108910891,658.7920792079208,558.0356435643564,547.0864686468648,37.893690459271994,657.0039603960396,168.88953682062592,646.9181518151814,116.68761566146142,-45.172277227722816,-15.968316831683182,-0.07692307692307698,-0.028615227388860576,0.8660254037844387,-0.49999999999999983,1.2246467991473532e-16,-1.0,30,120,0,1,0,0,5,0.8800122039735357,-0.47495107206704995,0.7818314824680298,0.6234898018587336,587.239603960396,643.2910891089109,527.0336633663367,691.0178217821782,934.4445544554455,,,,,,660.5810466760961,154.46455428357268,637.5422913719942,110.32867924097732,652.4955775577558,121.49929022915317,636.2826025459689,107.43749252048174,658.6906321401372,113.84376958727336,658.6906321401372,113.84376958727336,658.6906321401372,113.84376958727336,658.6906321401372,113.84376958727336,658.6906321401372,113.84376958727336,-0.15735296833732482,-101.22376237623769,-0.21555232058321205,-148.95049504950498,,,-148.95049504950498,,,2019-04-30
2019,5,2,4,22,0,564.6534653465346,542.0673267326732,587.239603960396,511.9524752475248,564.6534653465346,643.2910891089109,581.2871287128712,564.6534653465346,22.586138613859543,615.4792079207921,152.45690719066206,645.5320132013202,117.6330917493315,22.586138613861408,-16.633663366336577,0.04166666666666674,-0.028615227388860354,0.49999999999999994,-0.8660254037844387,1.2246467991473532e-16,-1.0,31,151,0,1,0,0,5,0.5160623910158528,-0.8565509959010036,-0.433883739117558,-0.9009688679024191,542.0673267326732,682.0435643564356,604.5386138613861,824.509900990099,577.8712871287129,,,,,,643.8110325318246,158.0762573116237,634.6933521923621,111.75224481917272,643.833696369637,118.02640147365354,635.8105374823197,107.7322833128615,656.91634597422,113.4813384743444,656.91634597422,113.4813384743444,656.91634597422,113.4813384743444,656.91634597422,113.4813384743444,656.91634597422,113.4813384743444,-0.17211525061550603,-117.39009900990095,-0.31516472431867726,-259.8564356435644,,,-259.8564356435644,,,2019-05-31
2019,6,2,6,26,1,602.2970297029703,564.6534653465346,542.0673267326732,587.239603960396,511.9524752475248,682.0435643564356,620.039603960396,569.6726072607261,30.426930820221827,562.143894389439,32.17735828656519,644.0534653465346,118.09324306883414,37.64356435643572,-17.742574257425645,0.06666666666666687,-0.028615227388860354,1.2246467991473532e-16,-1.0,1.2246467991473532e-16,-1.0,30,181,0,1,0,1,5,0.02581844022713308,-0.9996666485105112,-0.7818314824680299,0.6234898018587334,564.6534653465346,813.8019801980198,558.0356435643564,934.4445544554455,523.9366336633664,,,,,,613.5960396039603,139.26263456320632,637.8548797736916,110.02954802908151,632.7621122112212,104.64553246257225,638.6091230551627,105.71742524379987,655.9048771543821,112.6511363353203,655.9048771543821,112.6511363353203,655.9048771543821,112.6511363353203,655.9048771543821,112.6511363353203,655.9048771543821,112.6511363353203,-0.25989731610579847,-211.50495049504946,-0.35544915229993135,-332.1475247524752,,,-332.1475247524752,,,2019-06-30
2019,7,3,2,31,0,617.3544554455445,602.2970297029703,564.6534653465346,542.0673267326732,587.239603960396,813.8019801980198,635.540594059406,594.7683168316831,27.14516029566993,570.927392739274,39.38507579701194,642.5379537953795,118.3288797042394,15.057425742574196,-18.18613861386143,0.02499999999999991,-0.028615227388860576,-0.4999999999999998,-0.8660254037844388,-1.0,-1.8369701987210297e-16,31,212,0,1,0,0,5,-0.4862727071086902,-0.8738071036110807,0.9749279121818236,-0.22252093395631434,602.2970297029703,922.3089108910891,581.2871287128712,577.8712871287129,600.9861386138614,,,,,,570.0311173974541,36.031606440719244,640.431117397454,109.02080170130176,634.0782178217821,104.17862075604249,639.1937057991514,105.54679518726633,655.2039603960396,111.72418715981675,655.2039603960396,111.72418715981675,655.2039603960396,111.72418715981675,655.2039603960396,111.72418715981675,655.2039603960396,111.72418715981675,-0.33064242559568535,-304.95445544554457,0.0683251948942003,39.483168316831666,,,39.483168316831666,,,2019-07-31
2019,8,3,5,35,1,639.940594059406,617.3544554455445,602.2970297029703,564.6534653465346,542.0673267326732,922.3089108910891,658.7920792079208,619.8640264026402,18.946845229634338,592.2587458745875,35.52616579783316,640.96699669967,118.21855580506066,22.586138613861408,-18.851485148514826,0.03658536585365857,-0.028615227388860465,-0.8660254037844384,-0.5000000000000004,-1.0,-1.8369701987210297e-16,31,243,0,1,0,0,5,-0.8631421280499115,-0.5049610547215202,-0.9749279121818236,-0.2225209339563146,617.3544554455445,564.6534653465346,620.039603960396,523.9366336633664,554.7564356435643,,,,,,580.7864214992927,44.419102117406084,641.8526166902404,108.86409848143032,637.9450165016501,102.08127265678131,642.2359971711456,104.24244382008219,654.9314002828854,110.72264168380752,654.9314002828854,110.72264168380752,654.9314002828854,110.72264168380752,654.9314002828854,110.72264168380752,654.9314002828854,110.72264168380752,0.1333333333333333,75.28712871287132,0.22140837830891802,116.00396039603959,,,116.00396039603959,,,2019-08-31
2019,9,3,0,40,0,624.8831683168318,639.940594059406,617.3544554455445,602.2970297029703,564.6534653465346,564.6534653465346,643.2910891089109,627.3927392739274,11.50029887275019,598.5326732673267,37.718776348218654,639.43300330033,118.30505514593423,-15.057425742574196,-18.407920792079153,-0.0235294117647058,-0.028615227388860465,-1.0,-1.8369701987210297e-16,-1.0,-1.8369701987210297e-16,30,273,0,1,0,1,5,-0.9999166586547379,-0.012910296075008843,0.0,1.0,639.940594059406,511.9524752475248,635.540594059406,600.9861386138614,577.8712871287129,631.559405940594,,,,,596.9193776520509,34.695928678569764,641.0913719943425,108.94885985771785,638.7415841584158,101.87595875782239,643.9149929278641,103.5436074797959,654.8121817538897,110.75185499556832,654.4042383185688,109.80174845232787,654.4042383185688,109.80174845232787,654.4042383185688,109.80174845232787,654.4042383185688,109.80174845232787,0.22058823529411775,112.93069306930698,0.03976302973989965,23.89702970297037,,,23.89702970297037,,,2019-09-30
2019,10,4,3,44,0,662.5267326732672,624.8831683168318,639.940594059406,617.3544554455445,602.2970297029703,511.9524752475248,682.0435643564356,642.4501650165017,18.946845229634267,618.6092409240924,33.47244631856809,637.806600660066,117.79908357421091,37.64356435643549,-19.516831683168334,0.060240963855421326,-0.028615227388860576,-0.8660254037844386,0.5000000000000001,-2.4492935982947064e-16,1.0,31,304,0,1,0,0,5,-0.867456354729597,0.4975132889071803,0.43388373911755823,-0.900968867902419,624.8831683168318,587.239603960396,658.7920792079208,554.7564356435643,616.3960396039604,572.6138613861386,,,,,607.6746817538897,42.07876711420194,641.3581329561528,109.00009394056667,642.3339273927393,100.70573356847173,645.5625176803395,103.45649043487514,656.4177687411599,110.1888563629197,654.5442813246842,108.83953900965575,654.5442813246842,108.83953900965575,654.5442813246842,108.83953900965575,654.5442813246842,108.83953900965575,0.12820512820512797,75.28712871287121,0.19426596990205325,107.77029702970299,,,107.77029702970299,,,2019-10-31
2019,11,4,5,48,1,790.5148514851485,662.5267326732672,624.8831683168318,639.940594059406,617.3544554455445,587.239603960396,813.8019801980198,692.6415841584158,86.82535244542206,656.252805280528,68.90589076733308,635.8660066006601,114.78957443469028,127.98811881188124,-23.287128712871322,0.19318181818181834,-0.028615227388860576,-0.5000000000000004,0.8660254037844384,-2.4492935982947064e-16,1.0,30,334,0,1,0,0,5,-0.5086709438521042,0.8609610158889945,-0.9749279121818236,-0.2225209339563146,662.5267326732672,542.0673267326732,643.2910891089109,577.8712871287129,631.8059405940594,656.8217821782179,,,,,643.1671852899575,71.80054994540838,651.8741159830269,116.07327062752853,649.4220462046204,103.45790579276044,651.2306930693069,106.96312481123186,658.8051449787836,111.63657044812386,656.8488672596072,109.33964951414137,656.8488672596072,109.33964951414137,656.8488672596072,109.33964951414137,656.8488672596072,109.33964951414137,0.4583333333333335,248.44752475247526,0.3679773837059881,212.6435643564356,,,212.6435643564356,,,2019-11-30
2019,12,4,1,1,0,895.9168316831683,790.5148514851485,662.5267326732672,624.8831683168318,639.940594059406,542.0673267326732,922.3089108910891,782.9861386138613,116.87705385184263,705.1894389438944,113.04774571811046,633.6666666666666,108.90444495556837,105.40198019801983,-26.3920792079208,0.1333333333333333,-0.028615227388860465,-2.4492935982947064e-16,1.0,-2.4492935982947064e-16,1.0,31,365,0,1,0,1,5,6.432490598706546e-16,1.0,0.7818314824680298,0.6234898018587336,790.5148514851485,564.6534653465346,682.0435643564356,616.3960396039604,654.920792079208,606.2970297029702,,,,,690.4905233380481,110.28251984427713,667.1507779349364,133.1651478630006,658.7394059405941,112.56678879398963,659.837694483734,116.53856589743981,663.9769271570013,115.79109807593396,660.8333333333334,112.71684584224423,660.8333333333334,112.71684584224423,660.8333333333334,112.71684584224423,660.8333333333334,112.71684584224423,0.5866666666666667,331.2633663366337,0.45347597018761254,279.5207920792079,,,279.5207920792079,,,2019-12-31
2020,1,1,4,5,0,542.7475247524752,895.9168316831683,790.5148514851485,662.5267326732672,624.8831683168318,564.6534653465346,564.6534653465346,743.0597359735974,181.30397356549435,692.7549504950495,127.78392402946707,631.8411716171616,110.34056316107508,-353.1693069306931,-21.905940594059416,-0.39419876314544755,-0.038795370857443445,0.49999999999999994,0.8660254037844387,1.0,6.123233995736766e-17,31,31,0,1,0,0,5,0.5086709438521044,0.8609610158889943,-0.433883739117558,-0.9009688679024191,895.9168316831683,602.2970297029703,813.8019801980198,631.8059405940594,639.5108910891089,631.559405940594,,,,,681.9834512022629,120.0810243658091,647.7897454031117,129.86683594456022,655.7707920792078,114.4599766129048,656.3818599717115,118.5804835215037,662.3910007072136,116.84656877241673,658.8975004057784,112.7915346005259,658.8975004057784,112.7915346005259,658.8975004057784,112.7915346005259,658.8975004057784,112.7915346005259,-0.09887066017885338,-59.549504950495134,-0.14095849709460861,-89.05841584158418,,,-89.05841584158418,,,2020-01-31
2020,2,1,5,9,1,492.0910891089109,542.7475247524752,895.9168316831683,790.5148514851485,662.5267326732672,602.2970297029703,511.9524752475248,643.5851485148515,219.9885846264402,668.1133663366336,151.9717336898606,630.1860561056106,112.43153545857797,-50.65643564356429,-19.861386138613852,-0.09333333333333327,-0.038795370857443445,0.8660254037844386,0.5000000000000001,1.0,6.123233995736766e-17,29,60,0,1,0,0,5,0.8587639582758029,0.5123714121284237,-0.9749279121818236,-0.2225209339563146,542.7475247524752,617.3544554455445,922.3089108910891,654.920792079208,678.0356435643564,673.6633663366337,,,,,664.0886845827441,139.13863461715303,617.059900990099,109.16145721671596,650.3431353135313,118.2979931135394,649.7409830268741,122.46597034389569,659.1486386138614,119.02695687481973,656.2070744171191,113.85145737983169,656.2070744171191,113.85145737983169,656.2070744171191,113.85145737983169,656.2070744171191,113.85145737983169,-0.20290347827202626,-125.26336633663362,-0.24862503212541764,-162.8297029702971,,,-162.8297029702971,,,2020-02-29
2020,3,1,1,14,0,564.4574257425743,492.0910891089109,542.7475247524752,895.9168316831683,790.5148514851485,617.3544554455445,587.239603960396,533.0986798679868,37.135519723679316,658.042409240924,157.31763927937368,628.2875412541254,113.41073967709023,72.36633663366337,-22.782178217821752,0.1470588235294117,-0.038795370857443445,1.0,6.123233995736766e-17,1.0,6.123233995736766e-17,31,91,0,1,0,1,5,0.9999907397361901,0.004303538296244289,0.7818314824680298,0.6234898018587336,492.0910891089109,639.940594059406,564.6534653465346,639.5108910891089,809.0198019801979,690.5049504950496,,,,,653.3053748231966,144.1565450793655,617.0458981612447,109.168709169303,647.8413531353136,119.32414419346634,641.0066124469589,119.36733215912984,656.8977899575673,119.61357471282548,654.7507307873645,113.51962983680845,654.7507307873645,113.51962983680845,654.7507307873645,113.51962983680845,654.7507307873645,113.51962983680845,-0.11795339913977165,-75.48316831683167,-0.1173607305087736,-75.05346534653461,,,-75.05346534653461,,,2020-03-31
2020,4,2,3,18,0,521.0376237623761,564.4574257425743,492.0910891089109,542.7475247524752,895.9168316831683,639.940594059406,542.0673267326732,525.8620462046205,36.423590684747296,634.4608910891089,166.82797861239368,626.5350660066007,115.01530332608138,-43.419801980198145,-21.02970297029708,-0.0769230769230771,-0.038795370857443556,0.8660254037844387,-0.49999999999999983,1.2246467991473532e-16,-1.0,30,121,0,1,0,0,5,0.8717063187093218,-0.49002866642905923,0.43388373911755823,-0.900968867902419,564.4574257425743,624.8831683168318,511.9524752475248,678.0356435643564,916.8891089108911,715.7673267326733,,,,,638.4702970297029,152.66140985382134,617.6948373408769,108.52102146819175,642.6080858085808,121.37930975175634,626.8690594059406,108.4223830018257,653.4204738330975,120.69666145261208,652.661463490099,113.84866220308916,652.661463490099,113.84866220308916,652.661463490099,113.84866220308916,652.661463490099,113.84866220308916,-0.16618393616549332,-103.84554455445561,-0.23154832831008632,-156.99801980198026,,,-156.99801980198026,,,2020-04-30
2020,5,2,6,22,1,542.7475247524752,521.0376237623761,564.4574257425743,492.0910891089109,542.7475247524752,624.8831683168318,564.6534653465346,542.7475247524752,21.7099009900971,593.1663366336634,150.3229416176737,624.7095709570957,116.2539345860628,21.709900990099072,-21.905940594059416,0.04166666666666674,-0.038795370857443445,0.49999999999999994,-0.8660254037844387,1.2246467991473532e-16,-1.0,31,152,0,1,0,0,5,0.5012418134457758,-0.865307254363206,-0.7818314824680299,0.6234898018587334,521.0376237623761,662.5267326732672,587.239603960396,809.0198019801979,581.2871287128712,698.9257425742575,,,,,621.3589816124469,156.18770415792542,614.5168316831683,110.12117090208983,633.7323432343235,118.49211765236194,625.4926449787836,109.26383773476628,650.6315770862801,121.4282303533277,650.9704798172125,113.7754667944772,650.9704798172125,113.7754667944772,650.9704798172125,113.7754667944772,650.9704798172125,113.7754667944772,-0.18079150925350285,-119.77920792079203,-0.32912949296912286,-266.2722772277227,,,-266.2722772277227,,,2020-05-31
2020,6,2,1,27,0,578.9306930693069,542.7475247524752,521.0376237623761,564.4574257425743,492.0910891089109,662.5267326732672,602.2970297029703,547.5719471947194,29.24650675499742,540.3353135313531,30.92902573862516,622.7623762376237,116.85758046055153,36.18316831683171,-23.366336633663423,0.06666666666666665,-0.038795370857443556,1.2246467991473532e-16,-1.0,1.2246467991473532e-16,-1.0,30,182,0,1,0,1,5,0.008606996888688698,-0.9999629591162655,0.7818314824680298,0.6234898018587336,542.7475247524752,790.5148514851485,542.0673267326732,916.8891089108911,527.0336633663367,741.029702970297,,,,,591.1326732673267,137.33088807926126,617.1499292786422,108.6869595545021,622.4670627062707,106.05615737178839,627.3461103253183,107.96424019530038,647.7369519094766,121.16591267581846,649.8789678967896,113.24459142282583,649.8789678967896,113.24459142282583,649.8789678967896,113.24459142282583,649.8789678967896,113.24459142282583,-0.2676536158913855,-211.58415841584156,-0.36859246397093914,-337.95841584158416,,,-337.95841584158416,,,2020-06-30
2020,7,3,4,31,0,593.4039603960397,578.9306930693069,542.7475247524752,521.0376237623761,564.4574257425743,790.5148514851485,617.3544554455445,571.6940594059406,26.092053735014524,548.7780528052805,37.85711717521846,620.7665016501651,117.16247615677075,14.473267326732753,-23.950495049504866,0.025000000000000133,-0.038795370857443334,-0.4999999999999998,-0.8660254037844388,-1.0,-1.8369701987210297e-16,31,213,0,1,0,0,5,-0.5012418134457756,-0.8653072543632061,-0.433883739117558,-0.9009688679024191,578.9306930693069,895.9168316831683,564.6534653465346,581.2871287128712,604.5386138613861,884.1831683168316,,,,,547.9165487977369,34.63374690626258,619.2035360678925,107.8874297249742,622.8709570957095,105.91690464690679,626.9484441301273,108.07181136516672,642.5444660537484,117.00817418921872,649.036057337077,112.59499421808148,649.036057337077,112.59499421808148,649.036057337077,112.59499421808148,649.036057337077,112.59499421808148,-0.3376573143723559,-302.51287128712863,0.02084483052290942,12.11683168316847,,,12.11683168316847,,,2020-07-31
2020,8,3,0,36,0,615.1138613861386,593.4039603960397,578.9306930693069,542.7475247524752,521.0376237623761,895.9168316831683,639.940594059406,595.8161716171617,18.211795342371925,569.2818481848185,34.147915020563374,618.6976072607262,117.01221639615443,21.70990099009896,-24.826732673267315,0.03658536585365835,-0.038795370857443445,-0.8660254037844384,-0.5000000000000004,-1.0,-1.8369701987210297e-16,31,244,0,1,0,0,5,-0.8717063187093218,-0.4900286664290594,0.0,1.0,593.4039603960397,542.7475247524752,602.2970297029703,527.0336633663367,558.0356435643564,1002.0742574257425,,,,,558.2545968882603,42.695846577607064,620.1190240452617,107.78726527849543,625.8069636963696,104.37830921967426,628.9869519094766,107.25906194868958,635.6344589816125,106.32857082949583,648.5372015142691,111.82726236965681,648.5372015142691,111.82726236965681,648.5372015142691,111.82726236965681,648.5372015142691,111.82726236965681,0.13333333333333353,72.36633663366342,0.16712442514052128,88.08019801980197,,,88.08019801980197,,,2020-08-31
2020,9,3,2,40,0,600.640594059406,615.1138613861386,593.4039603960397,578.9306930693069,542.7475247524752,542.7475247524752,624.8831683168318,603.0528052805281,11.054140513010175,575.3123762376237,36.25546243150071,616.677392739274,117.1049513761701,-14.473267326732639,-24.24257425742576,-0.0235294117647058,-0.038795370857443445,-1.0,-1.8369701987210297e-16,-1.0,-1.8369701987210297e-16,30,274,0,1,0,1,5,-0.9999907397361901,0.004303538296243821,0.9749279121818236,-0.22252093395631434,615.1138613861386,492.0910891089109,617.3544554455445,604.5386138613861,581.2871287128712,588.9356435643564,,,,,573.7616690240453,33.34988725824175,618.9251768033946,107.91272892362615,625.6770297029702,104.40811974665142,629.6781471004242,107.00234297214097,635.8434759547383,106.24657584154005,647.8430477830392,111.15161811198644,647.8430477830392,111.15161811198644,647.8430477830392,111.15161811198644,647.8430477830392,111.15161811198644,0.22058823529411775,108.54950495049508,-0.006447925264992049,-3.8980198019801264,,,-3.8980198019801264,,,2020-09-30
2020,10,4,5,44,1,636.8237623762376,600.640594059406,615.1138613861386,593.4039603960397,578.9306930693069,492.0910891089109,662.5267326732672,617.5260726072607,18.211795342372028,594.6100660066007,32.1738703501336,614.5354785478547,116.42318055864222,36.1831683168316,-25.70297029702965,0.06024096385542155,-0.038795370857443334,-0.8660254037844386,0.5000000000000001,-2.4492935982947064e-16,1.0,31,305,0,1,0,0,5,-0.858763958275803,0.5123714121284235,-0.9749279121818236,-0.2225209339563146,600.640594059406,564.4574257425743,639.940594059406,558.0356435643564,620.039603960396,533.9683168316832,,,,,584.0997171145685,40.44630573878287,618.7025459688826,107.86924404071443,628.303300330033,103.63606452060333,630.2775813295615,106.99335997846428,637.6801803394625,105.3385810491935,647.6856294200849,110.35109189054712,647.6856294200849,110.35109189054712,647.6856294200849,110.35109189054712,647.6856294200849,110.35109189054712,0.1282051282051282,72.36633663366331,0.14118832680406523,78.78811881188119,,,78.78811881188119,,,2020-10-31
2020,11,4,0,49,0,759.8465346534653,636.8237623762376,600.640594059406,615.1138613861386,593.4039603960397,564.4574257425743,790.5148514851485,665.770297029703,83.45693069747364,630.7932343234323,66.232661180752,611.9797854785478,112.47872979030424,123.02277227722766,-30.668316831683228,0.19318181818181812,-0.038795370857443556,-0.5000000000000004,0.8660254037844384,-2.4492935982947064e-16,1.0,30,335,0,1,0,0,5,-0.4937755501599774,0.8695893893466109,0.0,1.0,636.8237623762376,521.0376237623761,624.8831683168318,581.2871287128712,635.540594059406,612.4930693069307,,,,,618.2152758132955,69.01502098250799,628.3427864214992,114.30304043143171,634.2552805280527,105.94450438378469,634.7170792079207,109.76290838606305,640.3114922206505,106.53163514786425,649.2653604797099,110.36568856152589,649.2653604797099,110.36568856152589,649.2653604797099,110.36568856152589,649.2653604797099,110.36568856152589,0.4583333333333335,238.8089108910891,0.3071793561573837,178.55940594059405,,,178.55940594059405,,,2020-11-30
2020,12,4,3,53,0,861.159405940594,759.8465346534653,636.8237623762376,600.640594059406,615.1138613861386,521.0376237623761,895.9168316831683,752.6099009900989,112.34276520293493,677.8313531353135,108.66201649837843,609.0833333333333,104.6794566254931,101.3128712871287,-34.757425742574355,0.1333333333333333,-0.038795370857443556,-2.4492935982947064e-16,1.0,-2.4492935982947064e-16,1.0,31,366,0,1,0,1,5,0.017213356155833904,0.9998518392091162,0.43388373911755823,-0.900968867902419,759.8465346534653,542.7475247524752,662.5267326732672,620.039603960396,658.7920792079208,565.3782178217822,,,,,663.7026874115983,106.00406858782503,642.5308345120227,130.1077162900012,642.2926072607261,113.69170962760306,641.9444837340877,117.77680157774374,645.5932991513437,110.02404340979395,652.2083333333334,112.3949558347845,652.2083333333334,112.3949558347845,652.2083333333334,112.3949558347845,652.2083333333334,112.3949558347845,0.5866666666666667,318.41188118811874,0.3888780659172202,241.11980198019796,,,241.11980198019796,,,2020-12-31
2021,1,1,6,4,1,615.4455445544554,861.159405940594,759.8465346534653,636.8237623762376,600.640594059406,542.7475247524752,542.7475247524752,745.4838283828382,123.48498256016319,681.5049504950495,105.56533683897995,615.141501650165,102.57382991811691,-245.71386138613855,72.6980198019802,-0.2853291268621281,0.13394445204542338,0.49999999999999994,0.8660254037844387,1.0,6.123233995736766e-17,31,31,0,1,0,0,5,0.5086709438521044,0.8609610158889943,-0.7818314824680299,0.6234898018587334,861.159405940594,578.9306930693069,790.5148514851485,635.540594059406,643.2910891089109,588.9356435643564,,,,,668.9190947666194,101.9584554407206,630.0258840169732,123.01011294661443,641.6227722772277,113.7920146022466,640.95,117.88252363442034,646.0666902404525,109.83269960783173,651.7047334870473,111.69461353012375,651.7047334870473,111.69461353012375,651.7047334870473,111.69461353012375,651.7047334870473,111.69461353012375,0.06307292379258445,36.51485148514848,-0.0316188292184405,-20.095049504950566,,,-20.095049504950566,,,2021-01-31
2021,2,1,6,8,1,558.0039603960396,615.4455445544554,861.159405940594,759.8465346534653,636.8237623762376,578.9306930693069,492.0910891089109,678.2029702970297,161.026944655872,671.9866336633663,114.90981630840338,620.6342409240924,96.99885135308489,-57.44158415841582,65.91287128712867,-0.09333333333333327,0.13394445204542338,0.8660254037844386,0.5000000000000001,1.0,6.123233995736766e-17,28,59,0,1,0,0,4,0.8498170915275278,0.5270777086423722,-0.7818314824680299,0.6234898018587334,615.4455445544554,593.4039603960397,895.9168316831683,658.7920792079208,682.0435643564356,628.1980198019802,,,,,663.8619519094766,107.07767310963156,605.8892503536068,97.28721347703619,638.2631683168316,114.75142061576031,636.5200141442716,118.6094874696108,644.8132248939179,110.43920366644713,650.4385068236553,111.46045617714935,650.4385068236553,111.46045617714935,650.4385068236553,111.46045617714935,650.4385068236553,111.46045617714935,-0.05965582025501481,-35.40000000000009,-0.15298926928972922,-100.78811881188119,,,-100.78811881188119,,,2021-02-28
2021,3,1,2,13,0,640.0633663366336,558.0039603960396,615.4455445544554,861.159405940594,759.8465346534653,593.4039603960397,564.4574257425743,604.5042904290428,42.10961656448916,678.557095709571,111.07757759403607,626.9347359735974,95.46148690246676,82.05940594059405,75.60594059405935,0.1470588235294117,0.13394445204542338,1.0,6.123233995736766e-17,1.0,6.123233995736766e-17,31,90,0,1,0,1,5,0.9997685019798909,0.021516097436222254,0.9749279121818236,-0.22252093395631434,558.0039603960396,615.1138613861386,542.7475247524752,643.2910891089109,813.8019801980198,643.9029702970297,,,,,667.4261669024045,105.58948765338366,612.8403818953324,95.89536054191527,638.1555775577557,114.74805699188819,630.315063649222,113.42272689164487,644.7446605374823,110.44097092105999,650.3001716171617,110.71126548258218,650.3001716171617,110.71126548258218,650.3001716171617,110.71126548258218,650.3001716171617,110.71126548258218,0.04056079128874135,24.949504950494998,-0.0050175151295012155,-3.227722772277275,,,-3.227722772277275,,,2021-03-31
2021,4,2,4,17,0,590.8277227722772,640.0633663366336,558.0039603960396,615.4455445544554,861.159405940594,615.1138613861386,521.0376237623761,596.2983498349835,41.3023285805421,670.8910891089108,116.01147102114257,632.7505775577557,90.41594799269156,-49.23564356435645,69.79009900990104,-0.07692307692307698,0.1339444520454236,0.8660254037844387,-0.49999999999999983,1.2246467991473532e-16,-1.0,30,120,0,1,0,0,5,0.8800122039735357,-0.47495107206704995,-0.433883739117558,-0.9009688679024191,640.0633663366336,600.640594059406,492.0910891089109,682.0435643564356,922.3089108910891,667.460396039604,,,,,666.0243281471004,106.6834040962183,619.8929985855729,89.76669593056019,635.1150495049504,114.75353004068484,618.4764497878359,98.0781755112203,643.3762199434229,110.6289956621514,649.5176393955185,110.18210814319724,649.5176393955185,110.18210814319724,649.5176393955185,110.18210814319724,649.5176393955185,110.18210814319724,-0.016337342803970145,-9.812871287128814,-0.1337390254099503,-91.2158415841584,,,-91.2158415841584,,,2021-04-30
2021,5,2,0,22,0,615.4455445544554,590.8277227722772,640.0633663366336,558.0039603960396,615.4455445544554,600.640594059406,542.7475247524752,615.4455445544554,24.61782178217541,646.8242574257425,108.60862750054545,638.8087458745875,86.17317552374223,24.617821782178225,72.6980198019802,0.04166666666666674,0.13394445204542338,0.49999999999999994,-0.8660254037844387,1.2246467991473532e-16,-1.0,31,151,0,1,0,0,5,0.5160623910158528,-0.8565509959010036,0.0,1.0,590.8277227722772,636.8237623762376,564.4574257425743,813.8019801980198,564.6534653465346,651.7554455445545,,,,,662.9702970297029,107.95704610573361,623.5350070721358,88.36800414145131,628.5031683168316,109.70637426648842,620.2904526166902,97.51391269596533,642.727828854314,110.6853834200719,649.0751446573229,109.52367579541112,649.0751446573229,109.52367579541112,649.0751446573229,109.52367579541112,649.0751446573229,109.52367579541112,-0.033570069279468706,-21.378217821782187,-0.24374041900868681,-198.3564356435644,,,-198.3564356435644,,,2021-05-31
2021,6,2,2,26,0,656.4752475247525,615.4455445544554,590.8277227722772,640.0633663366336,558.0039603960396,636.8237623762376,578.9306930693069,620.9161716171617,33.1639140765379,612.7102310231022,35.07179714348481,645.2707920792079,84.15872749929044,41.02970297029708,77.54455445544556,0.06666666666666665,0.13394445204542338,1.2246467991473532e-16,-1.0,1.2246467991473532e-16,-1.0,30,181,0,1,0,1,5,0.02581844022713308,-0.9996666485105112,0.9749279121818236,-0.22252093395631434,615.4455445544554,759.8465346534653,521.0376237623761,922.3089108910891,511.9524752475248,691.0178217821782,,,,,648.2029702970297,99.21273902023403,633.2091230551625,83.56704383641818,619.6420462046204,94.8927173505998,625.4519801980198,95.36834425828822,642.1109971711456,110.50748529197345,649.1700177710079,108.81338499072507,649.1700177710079,108.81338499072507,649.1700177710079,108.81338499072507,649.1700177710079,108.81338499072507,-0.1360423222511058,-103.37128712871277,-0.2882262767140581,-265.8336633663366,,,-265.8336633663366,,,2021-06-30
2021,7,3,5,30,1,672.8871287128713,656.4752475247525,615.4455445544554,590.8277227722772,640.0633663366336,759.8465346534653,593.4039603960397,648.269306930693,29.586939575290497,622.2838283828382,42.927867991273,651.8943894389439,82.82272134104754,16.411881188118855,79.48316831683167,0.025000000000000133,0.13394445204542338,-0.4999999999999998,-0.8660254037844388,-1.0,-1.8369701987210297e-16,31,212,0,1,0,0,5,-0.4862727071086902,-0.8738071036110807,-0.9749279121818236,-0.2225209339563146,656.4752475247525,861.159405940594,542.7475247524752,564.6534653465346,587.239603960396,824.509900990099,,,,,621.3069306930693,39.27274515790115,642.5048090523338,79.8875012239742,623.2498349834983,94.78742404755845,628.5108203677511,95.47080121111077,639.4034476661952,107.78109302924773,649.4702343652086,108.14653775845058,649.4702343652086,108.14653775845058,649.4702343652086,108.14653775845058,649.4702343652086,108.14653775845058,-0.21862651203592653,-188.2722772277226,0.1916815711029285,108.23366336633671,,,108.23366336633671,,,2021-07-31
2021,8,3,1,35,0,697.5049504950496,672.8871287128713,656.4752475247525,615.4455445544554,590.8277227722772,861.159405940594,615.1138613861386,675.6224422442245,20.65116429026896,645.5339933993399,38.72183878648682,658.7603135313531,82.91148617981476,24.617821782178225,82.39108910891093,0.03658536585365857,0.1339444520454236,-0.8660254037844384,-0.5000000000000004,-1.0,-1.8369701987210297e-16,31,243,0,1,0,0,5,-0.8631421280499115,-0.5049610547215202,0.7818314824680298,0.6234898018587336,672.8871287128713,615.4455445544554,578.9306930693069,511.9524752475248,542.0673267326732,934.4445544554455,,,,,633.029702970297,48.41471835205958,650.9743988684583,78.90853472708574,629.4349174917493,93.31704938947934,634.0621640735502,94.77478559643106,635.1723833097595,100.3852618686868,650.0706683168316,107.59399984165577,650.0706683168316,107.59399984165577,650.0706683168316,107.59399984165577,650.0706683168316,107.59399984165577,0.13333333333333353,82.05940594059416,0.3624408206207259,185.5524752475248,,,185.5524752475248,,,2021-08-31
2021,9,3,3,39,0,681.0930693069307,697.5049504950496,672.8871287128713,656.4752475247525,615.4455445544554,615.4455445544554,600.640594059406,683.828382838284,12.534781306857816,652.3722772277227,41.11168048054183,665.4646864686468,81.01567005397935,-16.411881188118855,80.45247524752472,-0.02352941176470591,0.13394445204542338,-1.0,-1.8369701987210297e-16,-1.0,-1.8369701987210297e-16,30,273,0,1,0,1,5,-0.9999166586547379,-0.012910296075008843,0.43388373911755823,-0.900968867902419,697.5049504950496,558.0039603960396,593.4039603960397,587.239603960396,564.6534653465346,577.8712871287129,,,,,650.6138613861386,37.81691963282288,657.2379066478077,77.45409389454817,632.5633663366337,93.42682622497831,638.2207213578502,94.16910270512751,637.0156294200849,100.2615737735201,650.4536609216477,106.97497039992575,650.4536609216477,106.97497039992575,650.4536609216477,106.97497039992575,650.4536609216477,106.97497039992575,0.22058823529411775,123.08910891089113,0.15982141652841286,93.85346534653468,,,93.85346534653468,,,2021-09-30
2021,10,4,6,43,1,722.1227722772277,681.0930693069307,697.5049504950496,672.8871287128713,656.4752475247525,558.0039603960396,636.8237623762376,700.2402640264027,20.651164290268966,674.2547854785479,36.48338178436297,672.5729372937294,82.01021894992755,41.02970297029697,85.29900990099009,0.06024096385542155,0.13394445204542338,-0.8660254037844386,0.5000000000000001,-2.4492935982947064e-16,1.0,31,304,0,1,0,0,5,-0.867456354729597,0.4975132889071803,-0.7818314824680299,0.6234898018587334,681.0930693069307,640.0633663366336,615.1138613861386,542.0673267326732,602.2970297029703,523.9366336633664,,,,,662.3366336633663,45.86386399822522,664.8814002828855,78.25326990591284,638.5652145214522,93.1959878622722,642.5002121640736,95.1932511571547,640.554667609618,99.69371757589553,651.3276744747645,106.60677514852566,651.3276744747645,106.60677514852566,651.3276744747645,106.60677514852566,651.3276744747645,106.60677514852566,0.1282051282051282,82.05940594059405,0.33216435794026533,180.05544554455446,,,180.05544554455446,,,2021-10-31
2021,11,4,1,48,0,861.6237623762376,722.1227722772277,681.0930693069307,697.5049504950496,672.8871287128713,640.0633663366336,759.8465346534653,754.9465346534653,94.63552354913949,715.284488448845,75.104158690118,681.0543729372937,95.93688872270636,139.50099009900987,101.7772277227723,0.19318181818181812,0.1339444520454236,-0.5000000000000004,0.8660254037844384,-2.4492935982947064e-16,1.0,30,334,0,1,0,0,5,-0.5086709438521042,0.8609610158889945,0.7818314824680298,0.6234898018587336,722.1227722772277,590.8277227722772,600.640594059406,564.6534653465346,617.3544554455445,600.9861386138614,,,,,701.0217821782179,78.25920015091314,683.5230551626591,91.70268973792687,648.4642244224422,100.555651026839,651.2241159830268,103.62311089561919,645.2089108910892,103.81179282199135,653.8613622808065,108.4399904334034,653.8613622808065,108.4399904334034,653.8613622808065,108.4399904334034,653.8613622808065,108.4399904334034,0.45833333333333326,270.79603960396037,0.5259337190952129,296.9702970297029,,,296.9702970297029,,,2021-11-30
2021,12,4,4,52,0,976.5069306930693,861.6237623762376,722.1227722772277,681.0930693069307,697.5049504950496,590.8277227722772,861.159405940594,853.4178217821782,127.39045532930963,768.623102310231,123.21669075640439,690.6666666666666,118.70068908360737,114.88316831683176,115.34752475247535,0.13333333333333353,0.1339444520454236,-2.4492935982947064e-16,1.0,-2.4492935982947064e-16,1.0,31,365,0,1,0,1,5,6.432490598706546e-16,1.0,-0.433883739117558,-0.9009688679024191,861.6237623762376,615.4455445544554,636.8237623762376,602.2970297029703,639.940594059406,554.7564356435643,,,,,752.6019801980199,120.20272546940667,707.7861386138613,119.20859199850008,660.9378877887789,116.56647778980354,663.244342291372,120.42443675970611,652.7401697312589,112.0981123507037,657.702380952381,113.3880138705742,657.702380952381,113.3880138705742,657.702380952381,113.3880138705742,657.702380952381,113.3880138705742,0.5866666666666667,361.0613861386139,0.6213045765386638,374.20990099009896,,,374.20990099009896,,,2021-12-31
2022,1,1,0,5,0,617.5247524752475,976.5069306930693,861.6237623762376,722.1227722772277,681.0930693069307,615.4455445544554,615.4455445544554,818.5518151815181,183.32606346578604,759.3960396039605,133.46630059299986,690.8399339933994,118.58236555205073,-358.9821782178218,2.0792079207921006,-0.36761866908925733,0.0033783783783785104,0.49999999999999994,0.8660254037844387,1.0,6.123233995736766e-17,31,31,0,1,0,0,5,0.5086709438521044,0.8609610158889943,0.0,1.0,976.5069306930693,656.4752475247525,759.8465346534653,617.3544554455445,624.8831683168318,577.8712871287129,631.559405940594,,,,747.0376237623763,126.14868577639707,697.6202970297029,120.48905522644844,660.9435643564357,116.56428629753141,662.9815417256012,120.51924413545528,653.4482673267328,111.74125722151001,657.5353017444602,113.43732954879388,657.229702970297,112.79527973592752,657.229702970297,112.79527973592752,657.229702970297,112.79527973592752,-0.059332770270270285,-38.95049504950498,0.00027584968116900477,0.17029702970296512,,,0.17029702970296512,,,2022-01-31
2022,2,1,0,9,0,559.8891089108911,617.5247524752475,976.5069306930693,861.6237623762376,722.1227722772277,656.4752475247525,558.0039603960396,717.9735973597359,225.7433945558598,736.4600660066006,156.12970386459736,690.9970297029704,118.39148394535268,-57.63564356435643,1.885148514851494,-0.09333333333333327,0.0033783783783782884,0.8660254037844386,0.5000000000000001,1.0,6.123233995736766e-17,28,59,0,1,0,0,4,0.8498170915275278,0.5270777086423722,0.0,1.0,617.5247524752475,672.8871287128713,861.159405940594,639.940594059406,662.5267326732672,616.3960396039604,572.6138613861386,,,,730.8950495049505,143.28476152293575,676.1009900990099,115.8482673513658,658.275181518152,117.96946164689393,659.3159123055163,122.08430495595309,652.4392149929279,112.33548789175865,657.3838165959453,113.56053013355456,656.0978355975132,112.62003403368914,656.0978355975132,112.62003403368914,656.0978355975132,112.62003403368914,-0.16793012524719853,-112.99801980198026,-0.12509205681220414,-80.05148514851487,,,-80.05148514851487,,,2022-02-28
2022,3,1,3,13,0,642.2257425742574,559.8891089108911,617.5247524752475,976.5069306930693,861.6237623762376,672.8871287128713,640.0633663366336,606.5465346534653,42.2518787826122,729.9821782178218,159.65290310684645,691.1772277227723,118.30852920416088,82.33663366336634,2.162376237623789,0.1470588235294117,0.0033783783783785104,1.0,6.123233995736766e-17,1.0,6.123233995736766e-17,31,90,0,1,0,1,5,0.9997685019798909,0.021516097436222254,0.43388373911755823,-0.900968867902419,559.8891089108911,697.5049504950496,615.4455445544554,624.8831683168318,790.5148514851485,631.8059405940594,656.8217821782179,,,,722.9980198019803,146.90923674210023,678.0138613861385,114.98758992466401,658.8532673267327,117.84261201736709,654.0198727015559,119.36826928297776,652.6252828854314,112.30931681656554,657.2100542197077,113.57256676184886,655.9383862524184,111.97322918517482,655.9383862524184,111.97322918517482,655.9383862524184,111.97322918517482,-0.0792527821939587,-55.279207920792146,0.027753306756748142,17.342574257425667,,,17.342574257425667,,,2022-03-31
2022,4,2,5,17,1,592.8237623762376,642.2257425742574,559.8891089108911,617.5247524752475,976.5069306930693,697.5049504950496,590.8277227722772,598.3128712871286,41.441863474395035,708.4323432343234,169.3573357134307,691.3435643564356,118.15592082818665,-49.40198019801983,1.996039603960412,-0.07692307692307698,0.0033783783783785104,0.8660254037844387,-0.49999999999999983,1.2246467991473532e-16,-1.0,30,120,0,1,0,0,5,0.8800122039735357,-0.47495107206704995,-0.9749279121818236,-0.2225209339563146,642.2257425742574,681.0930693069307,558.0039603960396,662.5267326732672,895.9168316831683,654.920792079208,606.2970297029702,,,,710.3881188118811,154.68795915237928,680.5009900990099,112.54273416770556,656.5298349834983,118.45325078812276,643.1951202263083,109.99445742193696,651.5164073550212,112.59243798482828,657.0496581801037,113.65482062647388,655.2211746174618,111.53096255124568,655.2211746174618,111.53096255124568,655.2211746174618,111.53096255124568,-0.12959947899706947,-88.26930693069312,-0.10520778537611775,-69.70297029702965,,,-69.70297029702965,,,2022-04-30
2022,5,2,1,22,0,617.5247524752475,592.8237623762376,642.2257425742574,559.8891089108911,617.5247524752475,681.0930693069307,615.4455445544554,617.5247524752475,24.70099009900676,667.7491749174918,153.80207661334777,691.5168316831682,118.03596725082423,24.700990099009914,2.0792079207921006,0.04166666666666674,0.0033783783783785104,0.49999999999999994,-0.8660254037844387,1.2246467991473532e-16,-1.0,31,151,0,1,0,0,5,0.5160623910158528,-0.8565509959010036,0.7818314824680298,0.6234898018587336,592.8237623762376,722.1227722772277,640.0633663366336,790.5148514851485,542.7475247524752,639.5108910891089,631.559405940594,,,,695.4455445544554,158.37357064744015,678.8910891089108,113.32417466793187,650.763498349835,115.88875443275543,645.8657355021217,108.3609580254313,651.1237977369166,112.67336607415072,656.882578972183,113.70304990021758,654.797619312493,110.96741903004008,654.797619312493,110.96741903004008,654.797619312493,110.96741903004008,-0.14484797297297292,-104.59801980198017,-0.21883219358232509,-172.99009900990097,,,-172.99009900990097,,,2022-05-31
2022,6,2,3,26,0,658.6930693069307,617.5247524752475,592.8237623762376,642.2257425742574,559.8891089108911,722.1227722772277,656.4752475247525,623.0138613861386,33.27595432679626,614.780198019802,35.19028294464556,691.7016501650164,117.97783384831997,41.16831683168323,2.217821782178248,0.06666666666666687,0.0033783783783785104,1.2246467991473532e-16,-1.0,1.2246467991473532e-16,-1.0,30,181,0,1,0,1,5,0.02581844022713308,-0.9996666485105112,0.43388373911755823,-0.900968867902419,617.5247524752475,861.6237623762376,590.8277227722772,895.9168316831683,492.0910891089109,678.0356435643564,673.6633663366337,,,,666.4554455445544,140.44316214035223,683.7386138613862,110.68827187557028,642.8560396039604,106.27920010144345,651.8158062234795,104.09454927698029,650.7783946251768,112.61900160010946,656.7043611504008,113.68816207544536,654.840902090209,110.34300950806119,654.840902090209,110.34300950806119,654.840902090209,110.34300950806119,-0.23552123552123538,-202.9306930693068,-0.2647832410186589,-237.22376237623757,,,-237.22376237623757,,,2022-06-30
2022,7,3,6,30,1,675.1603960396039,658.6930693069307,617.5247524752475,592.8237623762376,642.2257425742574,861.6237623762376,672.8871287128713,650.4594059405941,29.68689545223397,624.3861386138614,43.072894572324834,691.8910891089108,117.94669763004521,16.4673267326732,2.2732673267325936,0.02499999999999991,0.0033783783783782884,-0.4999999999999998,-0.8660254037844388,-1.0,-1.8369701987210297e-16,31,212,0,1,0,0,5,-0.4862727071086902,-0.8738071036110807,-0.7818314824680299,0.6234898018587334,658.6930693069307,976.5069306930693,615.4455445544554,542.7475247524752,564.4574257425743,809.0198019801979,690.5049504950496,631.559405940594,,,623.4059405940594,39.40542335100239,688.0039603960396,108.99172652834685,647.2698019801979,104.7163987094159,655.7694837340877,102.7472680536537,648.3880480905234,110.60177068296991,656.521687883074,113.64551696189852,655.3253575357536,110.33535848471809,655.0641932325101,109.74895302870374,655.0641932325101,109.74895302870374,-0.308596411537588,-301.34653465346537,0.2439677110411822,132.41287128712872,,,132.41287128712872,43.60099009900989,,2022-07-31
2022,8,3,2,35,0,699.8613861386139,675.1603960396039,658.6930693069307,617.5247524752475,592.8237623762376,976.5069306930693,697.5049504950496,677.9049504950495,20.7209317371958,647.7148514851485,38.85265580941436,692.0874587458746,117.95885483076233,24.700990099009914,2.356435643564282,0.03658536585365857,0.0033783783783782884,-0.8660254037844384,-0.5000000000000004,-1.0,-1.8369701987210297e-16,31,243,0,1,0,0,5,-0.8631421280499115,-0.5049610547215202,0.9749279121818236,-0.22252093395631434,675.1603960396039,617.5247524752475,656.4752475247525,492.0910891089109,521.0376237623761,916.8891089108911,715.7673267326733,572.6138613861386,,,635.1683168316831,48.578281589735596,691.1029702970297,108.64254677539826,654.1954785478548,100.90054723198725,662.1560466760963,99.5710024070826,644.5125530410185,104.66543558183125,656.3323314474304,113.55883059197244,656.7392189218922,110.07855644540827,655.551119242359,109.24415229425216,655.551119242359,109.24415229425216,0.1333333333333333,82.33663366336634,0.42221918183061957,207.77029702970293,,,207.77029702970293,127.24752475247521,,2022-08-31
2022,9,3,4,39,0,683.3940594059407,699.8613861386139,675.1603960396039,658.6930693069307,617.5247524752475,617.5247524752475,681.0930693069307,686.1386138613861,12.577128541003253,654.5762376237623,41.2505712929763,692.279207920792,117.94122694369618,-16.4673267326732,2.300990099009937,-0.0235294117647058,0.0033783783783785104,-1.0,-1.8369701987210297e-16,-1.0,-1.8369701987210297e-16,30,273,0,1,0,1,5,-0.9999166586547379,-0.012910296075008843,-0.433883739117558,-0.9009688679024191,699.8613861386139,559.8891089108911,672.8871287128713,564.4574257425743,542.7475247524752,581.2871287128712,698.9257425742575,656.8217821782179,,,652.8118811881188,37.944679496447385,691.8534653465347,108.54327872435057,658.1600330033003,99.58098432962565,667.1791371994342,96.83406193087049,646.3358910891089,104.43310857006814,656.1474304573314,113.50127280612362,657.0344664466447,110.1144099978122,655.8505056957308,108.68716631933246,655.8505056957308,108.68716631933246,0.22058823529411775,123.50495049504957,0.21070966248145062,118.93663366336636,,,118.93663366336636,26.572277227722793,,2022-09-30
2022,10,4,0,44,0,724.5623762376238,683.3940594059407,699.8613861386139,675.1603960396039,658.6930693069307,559.8891089108911,722.1227722772277,702.6059405940595,20.72093173719618,676.5326732673267,36.606636452553616,692.482508250825,117.99943443378129,41.168316831683114,2.4396039603960844,0.06024096385542155,0.0033783783783785104,-0.8660254037844386,0.5000000000000001,-2.4492935982947064e-16,1.0,31,304,0,1,0,0,5,-0.867456354729597,0.4975132889071803,0.0,1.0,683.3940594059407,642.2257425742574,697.5049504950496,521.0376237623761,578.9306930693069,527.0336633663367,741.029702970297,606.2970297029702,,,664.5742574257426,46.018809484705734,693.7861386138613,108.89197329848679,664.9441914191419,96.81136522592107,672.3802687411599,95.82432972993773,649.863189533239,103.66332724264932,655.951390853371,113.36703944213453,658.3485258525852,110.2077525443594,656.5814830419212,108.33331210611865,656.5814830419212,108.33331210611865,0.1282051282051282,82.33663366336634,0.39061431112327294,203.52475247524762,,,203.52475247524762,118.26534653465353,,2022-10-31
2022,11,4,2,48,0,864.5346534653465,724.5623762376238,683.3940594059407,699.8613861386139,675.1603960396039,642.2257425742574,861.6237623762376,757.4970297029704,94.9552381557247,717.7009900990098,75.35788895596315,692.7250825082509,118.38112661007311,139.97227722772277,2.9108910891089863,0.19318181818181812,0.0033783783783785104,-0.5000000000000004,0.8660254037844384,-2.4492935982947064e-16,1.0,30,334,0,1,0,0,5,-0.5086709438521042,0.8609610158889945,0.9749279121818236,-0.22252093395631434,724.5623762376238,592.8237623762376,681.0930693069307,542.7475247524752,593.4039603960397,604.5386138613861,884.1831683168316,631.559405940594,,,703.390099009901,78.52358934061203,706.8891089108911,117.91043397491563,675.6704290429043,100.55938966752076,682.0635077793494,101.10185284570002,654.5059759547383,107.35303798136115,655.717479962282,112.90980218483229,660.9371397139714,112.28793323053104,658.7704637832204,109.84743875073188,658.7704637832204,109.84743875073188,0.4583333333333335,271.71089108910894,0.5928854836502944,321.7871287128713,,,321.7871287128713,232.9752475247525,,2022-11-30
2022,12,4,5,52,1,979.8059405940594,864.5346534653465,724.5623762376238,683.3940594059407,699.8613861386139,592.8237623762376,976.5069306930693,856.3009900990099,127.82082848920619,771.219801980198,123.63296336031134,693.0,119.10170492510605,115.27128712871286,3.299009900990086,0.1333333333333333,0.0033783783783782884,-2.4492935982947064e-16,1.0,-2.4492935982947064e-16,1.0,31,365,0,1,0,1,5,6.432490598706546e-16,1.0,-0.9749279121818236,-0.2225209339563146,864.5346534653465,617.5247524752475,722.1227722772277,578.9306930693069,615.1138613861386,558.0356435643564,1002.0742574257425,673.6633663366337,,,755.1445544554455,120.6088157581544,725.2950495049506,138.7432457539076,689.0329372937293,113.11219159365389,695.088224893918,114.73013028958292,662.0375884016973,114.98569425284508,655.452380952381,112.11010908239652,664.3387238723873,117.20708654215106,662.1145833333334,114.0746485774203,662.1145833333334,114.0746485774203,0.5866666666666667,362.2811881188119,0.6924408263784376,400.87524752475247,,,400.87524752475247,306.14257425742574,,2022-12-31
2023,1,1,1,5,0,584.8514851485148,979.8059405940594,864.5346534653465,724.5623762376238,683.3940594059407,617.5247524752475,617.5247524752475,809.730693069307,203.1006179837708,756.1683168316831,141.82524807961343,690.2772277227723,121.33649817605767,-394.95445544554457,-32.673267326732685,-0.40309457116179803,-0.05291005291005291,0.49999999999999994,0.8660254037844387,1.0,6.123233995736766e-17,31,31,0,1,0,0,5,0.5086709438521044,0.8609610158889943,0.7818314824680298,0.6234898018587336,979.8059405940594,658.6930693069307,861.6237623762376,593.4039603960397,600.640594059406,581.2871287128712,588.9356435643564,690.5049504950496,,,744.595756718529,133.03935455487533,705.5256011315417,137.53690098421242,688.7478547854785,113.37200048329696,694.5243281471004,115.24915937532901,662.1012376237624,114.94116079593407,655.4037600188591,112.1401858213941,663.164796479648,117.47087237748835,661.3180565479229,113.74979220584378,661.3180565479229,113.74979220584378,-0.11210317460317465,-73.84158415841591,-0.014412568533949344,-8.552475247524853,,,-8.552475247524853,-105.65346534653474,,2023-01-31
2023,2,1,1,9,0,530.2653465346535,584.8514851485148,979.8059405940594,864.5346534653465,724.5623762376238,658.6930693069307,559.8891089108911,698.3075907590759,245.30777067198017,727.9023102310231,169.49329410585813,687.8085808580859,124.49082247001255,-54.586138613861294,-29.62376237623755,-0.09333333333333316,-0.052910052910052796,0.8660254037844386,0.5000000000000001,1.0,6.123233995736766e-17,28,59,0,1,0,0,4,0.8498170915275278,0.5270777086423722,0.7818314824680298,0.6234898018587336,584.8514851485148,675.1603960396039,976.5069306930693,615.1138613861386,636.8237623762376,620.039603960396,533.9683168316832,715.7673267326733,,,723.8964639321075,155.088066124937,673.6512022630834,120.56749860099387,685.9195709570957,116.2930111857882,690.7186704384724,118.92576096734145,660.498125884017,116.15808017667871,655.3596770391325,112.18921507892118,661.1036633663366,118.16290481512968,659.9807839967671,113.93364959120979,659.9807839967671,113.93364959120979,-0.2146083365595559,-144.8950495049504,-0.13793952661102737,-84.8485148514851,,,-84.8485148514851,-185.50198019801974,,2023-02-28
2023,3,1,4,13,0,608.2455445544555,530.2653465346535,584.8514851485148,979.8059405940594,864.5346534653465,675.1603960396039,642.2257425742574,574.4541254125412,40.01632964067369,715.3775577557757,176.08828715592975,684.976897689769,125.99923308457672,77.98019801980195,-33.980198019801946,0.1470588235294117,-0.05291005291005291,1.0,6.123233995736766e-17,1.0,6.123233995736766e-17,31,90,0,1,0,1,5,0.9997685019798909,0.021516097436222254,-0.433883739117558,-0.9009688679024191,530.2653465346535,699.8613861386139,617.5247524752475,600.640594059406,759.8465346534653,635.540594059406,612.4930693069307,698.9257425742575,,,710.808486562942,161.19978993642405,672.9884016973126,120.92475529975098,686.1730693069308,116.10885078734171,685.3043493635078,119.11283589619723,660.0107142857142,116.32185969857049,655.3091112682696,112.20972398341205,660.096105610561,118.22337076360132,659.4582058205821,113.47005901418156,659.4582058205821,113.47005901418156,-0.13090569561157794,-91.61584158415837,0.01266139946294964,7.604950495049479,,,7.604950495049479,-90.68019801980199,,2023-03-31
2023,4,2,6,17,1,561.4574257425742,608.2455445544555,530.2653465346535,584.8514851485148,979.8059405940594,699.8613861386139,592.8237623762376,566.6561056105611,39.24917228527222,688.193399339934,186.6593687460114,682.3630363036303,128.387462734973,-46.788118811881304,-31.366336633663423,-0.0769230769230771,-0.05291005291005302,0.8660254037844387,-0.49999999999999983,1.2246467991473532e-16,-1.0,30,120,0,1,0,0,5,0.8800122039735357,-0.47495107206704995,-0.7818314824680299,0.6234898018587334,608.2455445544555,683.3940594059407,559.8891089108911,636.8237623762376,861.159405940594,658.7920792079208,565.3782178217822,741.029702970297,,,693.3889674681753,170.94947825144888,673.100424328147,120.81259697997963,683.6608580858085,118.01314847874224,674.6007072135784,116.15404587113379,658.2725954738332,117.0652276471497,655.2624351720887,112.24839222594223,658.1008580858086,118.3573512511559,658.4781980198019,113.3200808673174,658.4781980198019,113.3200808673174,-0.1784279977051063,-121.93663366336648,-0.11834724312491463,-75.36633663366342,,,-75.36633663366342,-179.5722772277228,,2023-04-30
2023,5,2,2,22,0,584.8514851485148,561.4574257425742,608.2455445544555,530.2653465346535,584.8514851485148,683.3940594059407,617.5247524752475,584.8514851485148,23.39405940593537,641.5795379537955,167.7824785760204,679.6402640264026,130.22089071167008,23.394059405940652,-32.673267326732685,0.04166666666666674,-0.05291005291005291,0.49999999999999994,-0.8660254037844387,1.2246467991473532e-16,-1.0,31,151,0,1,0,0,5,0.5160623910158528,-0.8565509959010036,0.9749279121818236,-0.22252093395631434,561.4574257425742,724.5623762376238,642.2257425742574,759.8465346534653,615.4455445544554,643.2910891089109,588.9356435643564,884.1831683168316,,,673.4302687411598,174.81537916542547,669.0022630834512,122.89563646015698,677.8276897689769,118.44164174669477,673.5080622347949,116.87279333578873,657.2290311173974,117.46101420897737,655.2138142385667,112.27834867719719,654.7749504950496,116.11742802400417,657.7492206646408,112.98981603186957,657.7492206646408,112.98981603186957,-0.1928210678210679,-139.71089108910894,-0.23030314875984592,-174.99504950495043,,,-174.99504950495043,-299.3316831683168,,2023-05-31
2023,6,2,4,26,0,623.8415841584158,584.8514851485148,561.4574257425742,608.2455445544555,530.2653465346535,724.5623762376238,658.6930693069307,590.0501650165015,31.515321822731234,582.2521452145214,33.32836321212427,676.7359735973597,131.1161085134393,38.99009900990097,-34.85148514851494,0.06666666666666665,-0.05291005291005302,1.2246467991473532e-16,-1.0,1.2246467991473532e-16,-1.0,30,181,0,1,0,1,5,0.02581844022713308,-0.9996666485105112,-0.433883739117558,-0.9009688679024191,584.8514851485148,864.5346534653465,592.8237623762376,861.159405940594,558.0039603960396,682.0435643564356,628.1980198019802,1002.0742574257425,,,639.0455445544555,153.31040828581285,671.2178217821782,121.69033465772488,669.9170957095708,113.60107287365253,675.859405940594,115.11194226710847,656.1897100424329,117.4949447465743,655.1619519094767,112.29198316048735,650.5723652365236,110.09497384114744,657.4167928557561,112.4791865747255,657.4167928557561,112.4791865747255,-0.2784076593600404,-240.69306930693074,-0.2755794341269139,-237.31782178217816,,,-237.31782178217816,-378.23267326732673,,2023-06-30
2023,7,3,0,31,0,639.4376237623762,623.8415841584158,584.8514851485148,561.4574257425742,608.2455445544555,864.5346534653465,675.1603960396039,616.0435643564356,28.116160243119054,591.3498349834983,40.79390544151373,673.7590759075907,131.55991184326905,15.596039603960435,-35.722772277227705,0.025000000000000133,-0.05291005291005291,-0.4999999999999998,-0.8660254037844388,-1.0,-1.8369701987210297e-16,31,212,0,1,0,0,5,-0.4862727071086902,-0.8738071036110807,0.0,1.0,623.8415841584158,979.8059405940594,617.5247524752475,615.4455445544554,640.0633663366336,813.8019801980198,643.9029702970297,588.9356435643564,,,590.4214992927864,37.32048031655852,672.7830268741161,121.08602323436753,670.7168316831683,113.28839761322823,675.8370579915135,115.11920964636666,653.0760608203676,115.53626014871972,655.1087930221593,112.29843412481205,651.133498349835,109.90583044047905,657.2422378160146,111.94047879321873,657.2422378160146,111.94047879321873,-0.34738339780356586,-340.36831683168316,0.03898326898326898,23.992079207920824,,,23.992079207920824,50.50198019801985,,2023-07-31
2023,8,3,3,35,0,662.8316831683169,639.4376237623762,623.8415841584158,584.8514851485148,561.4574257425742,979.8059405940594,699.8613861386139,642.0369636963696,19.62458614263222,613.4442244224423,36.796959734841984,670.6732673267326,131.326077581999,23.394059405940652,-37.02970297029697,0.03658536585365857,-0.052910052910052796,-0.8660254037844384,-0.5000000000000004,-1.0,-1.8369701987210297e-16,31,243,0,1,0,0,5,-0.8631421280499115,-0.5049610547215202,0.43388373911755823,-0.900968867902419,639.4376237623762,584.8514851485148,658.6930693069307,558.0039603960396,590.8277227722772,922.3089108910891,667.460396039604,533.9683168316832,,,601.5615275813295,46.00800214054379,673.0786421499294,121.05402614443464,674.2110891089109,111.29105350913255,678.4086280056578,113.94817942961365,648.4425388967468,109.59272194566189,655.0536892975013,112.29343581472155,652.5653135313531,109.19941600205058,657.2959824828637,111.39710138665362,657.2959824828637,111.39710138665362,0.13333333333333353,77.98019801980206,0.18786196911196917,104.8277227722773,,,104.8277227722773,128.8633663366337,,2023-08-31
2023,9,3,5,39,1,647.2356435643565,662.8316831683169,639.4376237623762,623.8415841584158,584.8514851485148,584.8514851485148,683.3940594059407,649.8349834983497,11.911672004437182,619.9425742574257,39.068001383294856,667.6600660066007,131.42245423683462,-15.596039603960435,-36.1584158415842,-0.02352941176470591,-0.05291005291005302,-1.0,-1.8369701987210297e-16,-1.0,-1.8369701987210297e-16,30,273,0,1,0,1,5,-0.9999166586547379,-0.012910296075008843,-0.9749279121818236,-0.2225209339563146,662.8316831683169,530.2653465346535,675.1603960396039,640.0633663366336,615.4455445544554,564.6534653465346,651.7554455445545,612.4930693069307,,,618.2715700141442,35.937024496636006,671.0840169731258,121.24699255822982,674.4501650165017,111.22285056047158,679.5439886845827,113.45489835280641,649.9172206506364,108.9987592930872,654.9998821310702,112.29611809621262,652.9513421342133,109.11754395595437,657.2001697312588,110.86459208097772,657.2001697312588,110.86459208097772,0.22058823529411753,116.97029702970292,0.011205573705573846,7.172277227722816,,,7.172277227722816,34.74257425742576,,2023-09-30
2023,10,4,1,44,0,686.2257425742574,647.2356435643565,662.8316831683169,639.4376237623762,623.8415841584158,530.2653465346535,724.5623762376238,665.4310231023103,19.624586142632406,640.7372937293729,34.669777380989736,664.4653465346535,130.37526707048244,38.99009900990097,-38.33663366336634,0.06024096385542177,-0.05291005291005291,-0.8660254037844386,0.5000000000000001,-2.4492935982947064e-16,1.0,31,304,0,1,0,0,5,-0.867456354729597,0.4975132889071803,0.7818314824680298,0.6234898018587336,647.2356435643565,608.2455445544555,699.8613861386139,590.8277227722772,656.4752475247525,511.9524752475248,691.0178217821782,565.3782178217822,,,629.4115983026875,43.58395184001284,670.1100424328148,121.05265407627104,677.630099009901,110.10774411221844,680.6065063649222,113.3701321819925,653.029243281471,107.46515878917495,654.9428335690711,112.27881574370831,654.294092409241,108.77079721504553,657.473995890155,110.37141386095828,657.473995890155,110.37141386095828,0.1282051282051282,77.98019801980195,0.16146503646503652,95.39801980198024,,,95.39801980198024,120.84752475247524,,2023-10-31
2023,11,4,3,48,0,818.7920792079208,686.2257425742574,647.2356435643565,662.8316831683169,639.4376237623762,608.2455445544555,864.5346534653465,717.4178217821782,89.93115148081797,679.7273927392739,71.3706990641131,660.6534653465346,124.5316536921313,132.56633663366335,-45.74257425742576,0.19318181818181812,-0.05291005291005291,-0.5000000000000004,0.8660254037844384,-2.4492935982947064e-16,1.0,30,334,0,1,0,0,5,-0.5086709438521042,0.8609610158889945,0.43388373911755823,-0.900968867902419,686.2257425742574,561.4574257425742,683.3940594059407,615.4455445544554,672.8871287128713,587.239603960396,824.509900990099,588.9356435643564,,,666.1736916548798,74.36890207391329,679.7813295615276,127.43598561700543,684.4083168316831,112.38315047752849,685.8173974540312,116.31703395210475,657.1641089108911,109.32631906429286,654.8747642621405,112.17646330421535,656.8480528052805,109.91148122118439,658.9816415286389,110.95105406726857,658.9816415286389,110.95105406726857,0.4583333333333335,257.3346534653466,0.33040540540540553,203.34653465346537,,,203.34653465346537,229.8564356435644,,2023-11-30
2023,12,4,6,52,1,927.9643564356435,818.7920792079208,686.2257425742574,647.2356435643565,662.8316831683169,561.4574257425742,979.8059405940594,810.9940594059404,121.05782169083501,730.4145214521453,117.09153672749042,656.3333333333334,112.8000274158412,109.1722772277227,-51.84158415841591,0.1333333333333333,-0.05291005291005302,-2.4492935982947064e-16,1.0,-2.4492935982947064e-16,1.0,31,365,0,1,0,1,5,6.432490598706546e-16,1.0,-0.7818314824680299,0.6234898018587334,818.7920792079208,584.8514851485148,724.5623762376238,656.4752475247525,697.5049504950496,542.0673267326732,934.4445544554455,628.1980198019802,,,715.1898161244696,114.22739693497181,694.3100424328147,143.51451261687043,693.4579537953796,120.68077197611896,694.048090523338,125.00404803414727,664.0551272984441,114.00157123896604,654.797619047619,111.98394614731635,660.1787898789879,113.51643362339387,661.4722222222222,113.42403427654737,661.4722222222222,113.42403427654737,0.5866666666666667,343.11287128712866,0.41355574324324307,271.489108910891,,,271.489108910891,299.7663366336633,,2023-12-31
2024,1,1,2,5,0,576.9059405940594,927.9643564356435,818.7920792079208,686.2257425742574,647.2356435643565,584.8514851485148,584.8514851485148,774.5541254125413,179.66148794413925,719.9925742574256,128.9872291739441,655.671204620462,113.28006450603755,-351.05841584158406,-7.9455445544554095,-0.37831023724878465,-0.013585576434738345,0.49999999999999994,0.8660254037844387,1.0,6.123233995736766e-17,31,31,0,1,0,0,5,0.5086709438521044,0.8609610158889943,0.9749279121818236,-0.22252093395631434,927.9643564356435,623.8415841584158,864.5346534653465,672.8871287128713,681.0930693069307,564.6534653465346,577.8712871287129,643.9029702970297,,,708.4847241867044,121.62141547055388,673.76513437058,137.74318321174056,690.2585808580858,122.50344771203979,690.3271216407354,126.93963253574357,664.2739214992928,113.81894019141433,654.7861268269684,111.99198498096248,659.4343784378437,113.84356871684545,660.6963847760924,113.18790024647141,660.6963847760924,113.18790024647141,-0.07523647790756727,-46.93564356435638,-0.14264084424145407,-95.98118811881193,,,-95.98118811881193,-66.99702970297028,,2024-01-31
2024,2,1,3,9,0,523.0613861386139,576.9059405940594,927.9643564356435,818.7920792079208,686.2257425742574,623.8415841584158,530.2653465346535,675.9772277227722,219.88165860035707,696.6975247524751,151.95202917040314,655.0708745874587,114.02173362253865,-53.84455445544552,-7.2039603960396335,-0.09333333333333327,-0.013585576434738456,0.8660254037844386,0.5000000000000001,1.0,6.123233995736766e-17,29,60,0,1,0,0,5,0.8587639582758029,0.5123714121284237,0.43388373911755823,-0.900968867902419,576.9059405940594,639.4376237623762,979.8059405940594,697.5049504950496,722.1227722772277,602.2970297029703,523.9366336633664,667.460396039604,,,691.8595473833096,139.30191964222107,641.1405233380481,111.21736513687304,684.443795379538,126.23101243123959,683.2177864214992,130.61404369429948,662.8589992927864,115.08882307322884,654.7757072135785,112.00434578630562,657.8299449944994,114.74316076008377,659.4451575157516,113.42917049964228,659.4451575157516,113.42917049964228,-0.18199779509222203,-116.37623762376234,-0.25009652509652514,-174.44356435643567,,,-174.44356435643567,-144.3990099009901,,2024-02-29
2024,3,1,6,13,1,599.9821782178218,523.0613861386139,576.9059405940594,927.9643564356435,818.7920792079208,639.4376237623762,608.2455445544555,566.6498349834984,39.47268473570184,688.8219471947194,156.19367981993153,654.3822607260726,114.35470169114805,76.9207920792079,-8.26336633663368,0.1470588235294117,-0.013585576434738456,1.0,6.123233995736766e-17,1.0,6.123233995736766e-17,31,91,0,1,0,1,5,0.9999907397361901,0.004303538296244289,-0.7818314824680299,0.6234898018587334,523.0613861386139,662.8316831683169,584.8514851485148,681.0930693069307,861.6237623762376,617.3544554455445,600.9861386138614,651.7554455445545,,,682.8810466760962,143.44841618463886,642.2212871287129,110.70061178740926,681.740099009901,127.17040219919427,673.8734441301274,126.67768559841333,662.548780056577,115.2370274855761,654.7637553041018,112.01020820286828,657.2546864686468,114.90362612148743,658.909454999554,113.05337653054056,658.909454999554,113.05337653054056,-0.09481970543423057,-62.84950495049509,-0.11908929152905057,-81.11089108910892,,,-81.11089108910892,-51.77326732673271,,2024-03-31
2024,4,2,1,18,0,553.829702970297,599.9821782178218,523.0613861386139,576.9059405940594,927.9643564356435,662.8316831683169,561.4574257425742,558.9577557755775,38.715949655189576,666.7559405940593,165.69673618811507,653.7466171617161,114.93789595382422,-46.15247524752476,-7.627722772277139,-0.07692307692307698,-0.013585576434738345,0.8660254037844387,-0.49999999999999983,1.2246467991473532e-16,-1.0,30,121,0,1,0,0,5,0.8717063187093218,-0.49002866642905923,0.7818314824680298,0.6234898018587336,599.9821782178218,647.2356435643565,530.2653465346535,722.1227722772277,976.5069306930693,639.940594059406,554.7564356435643,691.0178217821782,,,669.5373408769449,151.43863542338528,643.9044554455446,109.03401289680974,676.1303300330032,129.02595950310476,658.777828854314,113.80917631398978,661.011085572843,116.11536450760126,654.7527227722773,112.02022237119168,655.7303740374037,115.35975549317594,657.9712429278642,112.9801234667291,657.9712429278642,112.9801234667291,-0.1443151988349538,-93.40594059405942,-0.23305326430326423,-168.29306930693065,,,-168.29306930693065,-137.18811881188117,,2024-04-30
2024,5,2,4,22,0,576.9059405940594,553.829702970297,599.9821782178218,523.0613861386139,576.9059405940594,647.2356435643565,584.8514851485148,576.9059405940594,23.076237623755926,626.4415841584158,149.98906157679306,653.0844884488449,115.39285017093218,23.07623762376238,-7.9455445544554095,0.04166666666666674,-0.013585576434738345,0.49999999999999994,-0.8660254037844387,1.2246467991473532e-16,-1.0,31,152,0,1,0,0,5,0.5012418134457758,-0.865307254363206,-0.433883739117558,-0.9009688679024191,553.829702970297,686.2257425742574,608.2455445544555,861.6237623762376,617.5247524752475,624.8831683168318,577.8712871287129,824.509900990099,,,653.9202263083451,155.02514607228403,641.6659123055163,110.13854757317505,666.6397359735973,125.32974071104732,657.3271570014143,114.61053822785559,660.1543493635078,116.56290757969218,654.7412305516266,112.0282539406635,652.9792189218922,114.2364136130188,657.2538508718128,112.73284826694818,657.2538508718128,112.73284826694818,-0.15930588900687936,-109.31980198019801,-0.33044332597904025,-284.71782178217813,,,-284.71782178217813,-247.6039603960396,,2024-05-31
2024,6,2,6,26,1,615.3663366336634,576.9059405940594,553.829702970297,599.9821782178218,523.0613861386139,686.2257425742574,623.8415841584158,582.0339933993399,31.08716800924223,574.3419141914192,32.875578186261535,652.3782178217822,115.6138298910776,38.46039603960401,-8.475247524752376,0.06666666666666665,-0.013585576434738234,1.2246467991473532e-16,-1.0,1.2246467991473532e-16,-1.0,30,182,0,1,0,1,5,0.008606996888688698,-0.9999629591162655,-0.7818314824680299,0.6234898018587334,576.9059405940594,818.7920792079208,561.4574257425742,976.5069306930693,559.8891089108911,662.5267326732672,616.3960396039604,934.4445544554455,,,624.8594059405941,136.98462873365241,645.5165487977371,108.04101014256642,654.6017161716171,111.07354487909218,659.3084865629419,113.33613662001858,659.3121994342291,116.71571912879004,654.7289721829326,112.03255655809474,649.433905390539,110.28599393861272,656.8864165363906,112.30146776070251,656.8864165363906,112.30146776070251,-0.24844615347408638,-203.42574257425736,-0.36982901268615553,-361.1405940594059,,,-361.1405940594059,-319.0782178217821,,2024-06-30
2024,7,3,2,31,0,630.7504950495049,615.3663366336634,576.9059405940594,553.829702970297,599.9821782178218,818.7920792079208,639.4376237623762,607.6742574257427,27.73418599908389,583.31600660066,40.239696721066785,651.6542904290429,115.72936487975176,15.384158415841512,-8.6871287128713,0.02499999999999991,-0.013585576434738456,-0.4999999999999998,-0.8660254037844388,-1.0,-1.8369701987210297e-16,31,213,0,1,0,0,5,-0.5012418134457756,-0.8653072543632061,0.9749279121818236,-0.22252093395631434,615.3663366336634,927.9643564356435,584.8514851485148,617.5247524752475,642.2257425742574,790.5148514851485,631.8059405940594,577.8712871287129,,,582.4002828854315,36.813460078637256,648.7950495049505,106.74717967935356,655.0425742574257,110.94748487844687,658.8986562942008,113.42091259258058,656.4592644978784,115.39549288381244,654.7164073550213,112.03521758208286,650.0214521452145,110.04104613840856,656.6591476538958,111.83439229608761,656.6591476538958,111.83439229608761,-0.3202858593920046,-297.21386138613855,0.021417348084014742,13.225742574257424,,,13.225742574257424,52.879207920792055,,2024-07-31
2024,8,3,5,35,1,653.8267326732673,630.7504950495049,615.3663366336634,576.9059405940594,553.829702970297,927.9643564356435,662.8316831683169,633.3145214521452,19.357974827590215,605.1102310231023,36.29705182579852,650.9038778877888,115.67948384898742,23.07623762376238,-9.00495049504957,0.03658536585365857,-0.013585576434738567,-0.8660254037844384,-0.5000000000000004,-1.0,-1.8369701987210297e-16,31,244,0,1,0,0,5,-0.8717063187093218,-0.4900286664290594,-0.9749279121818236,-0.2225209339563146,630.7504950495049,576.9059405940594,623.8415841584158,559.8891089108911,592.8237623762376,895.9168316831683,654.920792079208,523.9366336633664,,,593.3889674681753,45.382956910854155,650.9368458274399,106.50854249789535,658.1738283828382,109.48533854862579,661.0773338048091,112.6882160791106,652.1362270155587,110.70082753684136,654.7033828382838,112.0352571295764,651.4646754675467,109.21751678784642,656.6347302833732,111.34740471161152,656.6347302833732,111.34740471161152,0.1333333333333333,76.9207920792079,0.1677789802789802,93.93762376237623,,,93.93762376237623,129.89009900990095,,2024-08-31
2024,9,3,0,40,0,638.4425742574258,653.8267326732673,630.7504950495049,615.3663366336634,576.9059405940594,576.9059405940594,647.2356435643565,641.0066006600659,11.749845073953695,611.520297029703,38.53724006434987,650.1711221122113,115.73266914906893,-15.384158415841512,-8.793069306930647,-0.0235294117647058,-0.013585576434738345,-1.0,-1.8369701987210297e-16,-1.0,-1.8369701987210297e-16,30,274,0,1,0,1,5,-0.9999907397361901,0.004303538296243821,0.0,1.0,653.8267326732673,523.0613861386139,639.4376237623762,642.2257425742574,617.5247524752475,542.7475247524752,639.5108910891089,600.9861386138614,,,609.8719943422914,35.44879930350029,650.8657708628006,106.51713806353236,658.0477227722771,109.50651771277366,661.8243988684582,112.4578928918025,653.8450671852898,109.71575898675653,654.6906647807638,112.03706315702952,651.8808580858085,109.09429872865289,656.4792417703309,110.87917653413116,656.4792417703309,110.87917653413116,0.22058823529411775,115.3811881188119,-0.005890714224047411,-3.7831683168316204,,,-3.7831683168316204,37.45643564356442,,2024-09-30
2024,10,4,3,44,0,676.9029702970297,638.4425742574258,653.8267326732673,630.7504950495049,615.3663366336634,523.0613861386139,686.2257425742574,656.3907590759076,19.357974827590645,632.0325082508251,34.19876847040527,649.3942244224422,115.49969342836759,38.46039603960389,-9.322772277227727,0.06024096385542155,-0.013585576434738456,-0.8660254037844386,0.5000000000000001,-2.4492935982947064e-16,1.0,31,305,0,1,0,0,5,-0.858763958275803,0.5123714121284235,0.43388373911755823,-0.900968867902419,638.4425742574258,599.9821782178218,662.8316831683169,592.8237623762376,658.6930693069307,492.0910891089109,678.0356435643564,554.7564356435643,,,620.8606789250354,42.991838730962705,651.8708628005658,106.70495586357612,660.8503630363036,108.85364372304923,662.4747524752476,112.49176305741098,657.1452793493635,107.519345101345,654.6771805752004,112.03428775067445,653.2380418041804,108.63124680944203,656.6523242154724,110.42032519179224,656.6523242154724,110.42032519179224,0.1282051282051282,76.9207920792079,0.1418283362727808,84.0792079207921,,,84.0792079207921,122.14653465346544,,2024-10-31
2024,11,4,5,48,1,807.6683168316831,676.9029702970297,638.4425742574258,653.8267326732673,630.7504950495049,599.9821782178218,818.7920792079208,707.6712871287128,88.70938494851114,670.492904290429,70.40108697677705,648.4672442244224,114.0521071572561,130.76534653465342,-11.123762376237664,0.19318181818181812,-0.013585576434738456,-0.5000000000000004,0.8660254037844384,-2.4492935982947064e-16,1.0,30,335,0,1,0,0,5,-0.4937755501599774,0.8695893893466109,-0.9749279121818236,-0.2225209339563146,676.9029702970297,553.829702970297,647.2356435643565,617.5247524752475,675.1603960396039,564.4574257425743,809.0198019801979,577.8712871287129,,,657.1233380480905,73.35855767042072,663.3303394625176,114.49897743114411,667.1884818481848,111.7413280328369,667.2071782178218,115.78426204193535,661.4883309759547,108.61377742480985,654.6610914662896,112.01195056112563,655.7913421342134,109.53673510443855,657.9213661702304,110.81952137904622,657.9213661702304,110.81952137904622,0.45833333333333326,253.83861386138608,0.3079124579124579,190.1435643564356,,,190.1435643564356,229.79702970297024,,2024-11-30
2024,12,4,1,1,0,915.3574257425743,807.6683168316831,676.9029702970297,638.4425742574258,653.8267326732673,553.829702970297,927.9643564356435,799.9762376237624,119.41318140123136,720.4914191419142,115.5007807054183,647.4166666666666,111.2675740215427,107.68910891089115,-12.606930693069216,0.13333333333333353,-0.013585576434738345,-2.4492935982947064e-16,1.0,-2.4492935982947064e-16,1.0,31,366,0,1,0,1,5,0.017213356155833904,0.9998518392091162,0.7818314824680298,0.6234898018587336,807.6683168316831,576.9059405940594,686.2257425742574,658.6930693069307,699.8613861386139,521.0376237623761,916.8891089108911,616.3960396039604,,,705.473550212164,112.6755519029707,679.6968882602547,132.91800933935917,675.7439603960396,120.54722548755082,674.9034653465347,124.8429536040661,668.5297560113155,112.06969733583111,654.6428571428571,111.96886477349047,659.1131353135314,112.81275368315254,660.0666666666667,112.82749056611175,660.0666666666667,112.82749056611175,0.5866666666666667,338.45148514851485,0.38965698653198655,256.6643564356435,,,256.6643564356435,298.9613861386139,,2024-12-31
2025,1,1,2,1,0,546.5792079207921,915.3574257425743,807.6683168316831,676.9029702970297,638.4425742574258,576.9059405940594,576.9059405940594,756.5349834983499,189.63203004314863,706.4628712871287,132.44876333373765,644.8894389438943,113.33979135587299,-368.77821782178216,-30.326732673267315,-0.4028789273464567,-0.05256789805637785,0.49999999999999994,0.8660254037844387,1.0,6.123233995736766e-17,1,1,1,0,1,0,1,0.017213356155834685,0.9998518392091162,0.9749279121818236,-0.22252093395631434,915.3574257425743,615.3663366336634,818.7920792079208,675.1603960396039,683.3940594059407,542.7475247524752,581.2871287128712,631.8059405940594,,,695.6468175388967,124.24896332762528,660.2531117397455,130.9003032629948,671.4579207920793,122.83286405682605,670.0172206506365,127.15434143821788,668.5981789250353,111.99264932503085,654.2296676096181,112.30635611453916,658.1661716171617,113.40071851116019,659.1287537844694,112.82907554531137,659.1287537844694,112.82907554531137,-0.11178240442785436,-68.78712871287132,-0.19044539471368738,-128.58118811881184,,,-128.58118811881184,-85.22673267326729,,2025-01-01
2025,1,1,3,1,0,573.614308527627,546.5792079207921,915.3574257425743,807.6683168316831,676.9029702970297,615.3663366336634,523.0613861386139,678.5169807303312,205.5547894392227,693.094133929522,142.4915529082688,649.1021824763121,109.26618649352334,27.03510060683493,50.55292238901313,0.04946236559139794,0.09664816354005601,0.49999999999999994,0.8660254037844387,1.0,6.123233995736766e-17,2,2,0,0,0,0,1,0.03442161162274574,0.9994074007397048,0.43388373911755823,-0.900968867902419,546.5792079207921,630.7504950495049,927.9643564356435,699.8613861386139,724.5623762376238,578.9306930693069,527.0336633663367,654.920792079208,,,687.4845051786285,130.92037434347253,634.9423940320299,107.28168521720244,667.249684871713,123.98342497815494,664.6262182324224,127.95350759055167,668.503243486791,112.0722669091731,654.7841990996335,111.7845251354073,657.2627662443664,113.7501883286205,658.4278157085936,112.62828552094972,658.4278157085936,112.62828552094972,-0.09058444974727053,-57.1361865218779,-0.1803886885480812,-126.24707761098682,,,-126.24707761098682,-81.30648355158098,,2025-01-02
2025,1,1,4,1,0,600.476186521878,573.614308527627,546.5792079207921,915.3574257425743,807.6683168316831,630.7504950495049,599.9821782178218,573.5565676567658,26.94853569467593,686.766402640264,146.19867534204812,649.1433498349835,109.24608873647735,26.861877994251017,0.4940083040562513,0.04682916307161333,0.0008233716300101168,0.49999999999999994,0.8660254037844387,1.0,6.123233995736766e-17,3,3,0,0,0,0,1,0.051619667223253764,0.998666816288476,-0.433883739117558,-0.9009688679024191,573.614308527627,653.8267326732673,576.9059405940594,683.3940594059407,864.5346534653465,593.4039603960397,604.5386138613861,639.5108910891089,,,679.8629985855729,134.70452654830993,636.6259830268742,106.48282154896852,664.4857557755774,124.53412225119882,655.1955586987269,122.27902237036936,668.6295332390382,111.99005642285869,654.7358368694013,111.80740162824166,656.8290473047305,113.89296336005879,657.956664251791,112.2873911566274,657.956664251791,112.2873911566274,-0.08159737662187294,-53.35054615138927,-0.12133244610897154,-82.9178728840626,,,-82.9178728840626,-39.03470456723085,,2025-01-03
2025,1,1,5,1,1,712.6873203449378,600.476186521878,573.614308527627,546.5792079207921,915.3574257425743,653.8267326732673,553.829702970297,628.9259384648143,73.77239960307047,692.730460981582,146.44551893760286,662.3814846162036,106.22957699165943,112.21113382305975,158.85761737464077,0.1868702478827966,0.2868347734378569,0.49999999999999994,0.8660254037844387,1.0,6.123233995736766e-17,4,4,0,0,0,0,1,0.06880242680231986,0.9976303053065857,-0.9749279121818236,-0.2225209339563146,600.476186521878,638.4425742574258,523.0613861386139,724.5623762376238,979.8059405940594,615.1138613861386,558.0356435643564,678.0356435643564,,,690.4693908837888,133.81963762217345,650.1706926130402,102.92703459799247,664.0899205791546,124.35532661624153,645.6556079755441,105.24986242070163,670.371916434731,111.90130811513372,656.5769282596463,111.4686734893508,657.2140659356259,114.02395360222057,658.3980405106066,111.93796154407454,658.3980405106066,111.93796154407454,0.11629040587380346,74.244746087512,-0.01638928031889897,-11.875055892685964,,,-11.875055892685964,34.6516767805814,,2025-01-04
2025,1,1,6,1,1,682.1011561801341,712.6873203449378,600.476186521878,573.614308527627,546.5792079207921,638.4425742574258,576.9059405940594,665.08822101565,58.0078840386986,671.8026008729905,135.28183139306907,671.1477525817098,102.82048817689582,-30.586164164803677,105.19521558607471,-0.042916666666666825,0.1823437898347029,0.49999999999999994,0.8660254037844387,1.0,6.123233995736766e-17,5,5,0,0,0,0,1,0.08596479873744647,0.9962981749346078,-0.7818314824680299,0.6234898018587334,712.6873203449378,676.9029702970297,599.9821782178218,864.5346534653465,584.8514851485148,600.640594059406,581.2871287128712,809.0198019801979,,,691.2119888670895,133.7462098541761,656.0363338960624,102.18409289269108,658.0088040029809,118.53998085598738,649.1288105123878,104.7725533743351,671.8265693297441,111.50713573461405,657.7770952533041,111.1906507561786,655.8038587600696,112.9047287423441,658.587665435963,111.50584148056987,658.587665435963,111.50584148056987,0.007679366336394544,5.198185883104429,-0.21101929986722612,-182.4334972852124,,,-182.4334972852124,-126.91864580006381,,2025-01-05
2025,1,1,0,2,0,510.01686362184614,682.1011561801341,712.6873203449378,600.476186521878,573.614308527627,676.9029702970297,615.3663366336634,634.9351133823061,109.2579754617083,604.2458405195359,78.71219266318542,662.368629830725,112.09545515675129,-172.08429255828798,-105.34947301181728,-0.25228558989986927,-0.17119797873268028,0.49999999999999994,0.8660254037844387,1.0,6.123233995736766e-17,6,6,0,0,0,0,1,0.10310169744743485,0.9946708199115211,0.0,1.0,682.1011561801341,807.6683168316831,553.829702970297,979.8059405940594,530.2653465346535,636.8237623762376,620.039603960396,916.8891089108911,,,648.6903526942557,137.80497220836085,652.9068453711731,106.14903653315098,642.3491681039071,104.7972716451259,648.4056504083588,105.68922685900854,669.5621604234157,113.5006058679303,656.4673007254643,112.28319448076354,651.2830560346357,110.45231177441066,657.4085320882318,111.8448436439241,657.4085320882318,111.8448436439241,-0.3685317933201373,-297.651453209837,-0.4794715540175013,-469.78907697221325,,,-469.78907697221325,-406.87224528904494,,2025-01-06
2025,1,1,1,2,0,536.7055190035132,510.01686362184614,682.1011561801341,712.6873203449378,600.476186521878,807.6683168316831,630.7504950495049,576.2745129351646,92.6149550390946,602.6002256999894,80.2471838703832,654.5315484935591,117.65657829767882,26.688655381667104,-94.04497604599169,0.05232896652110597,-0.14910012244795856,0.49999999999999994,0.8660254037844387,1.0,6.123233995736766e-17,7,7,0,0,0,0,1,0.1202080448993527,0.9927487224577402,0.7818314824680298,0.6234898018587336,510.01686362184614,915.3574257425743,576.9059405940594,584.8514851485148,608.2455445544555,759.8465346534653,635.540594059406,581.2871287128712,,,594.5972231601041,76.25403888874727,650.0353866861341,108.87191144178978,640.7443025657406,106.06909027346076,645.8506494958252,107.54448564863269,665.5774994296665,114.1881853400858,655.2906926890846,113.02054805598029,650.7877048156429,110.86893625223566,656.458114662368,111.91383910683567,656.458114662368,111.91383910683567,-0.41366563059439165,-378.651906739061,-0.08232169596487493,-48.14596614500158,,,-48.14596614500158,-44.58160970935796,,2025-01-07
2025,1,1,2,2,0,535.0599041839668,536.7055190035132,510.01686362184614,682.1011561801341,712.6873203449378,915.3574257425743,653.8267326732673,527.2607622697753,14.95630443886992,596.1744916427127,84.46516901392081,644.6343127861173,122.61220772560257,-1.6456148195464948,-118.76682848930056,-0.0030661410424880353,-0.18164878025666653,0.49999999999999994,0.8660254037844387,1.0,6.123233995736766e-17,8,8,0,0,0,0,2,0.13727877211326478,0.9905324521322229,0.9749279121818236,-0.22252093395631434,536.7055190035132,546.5792079207921,615.3663366336634,530.2653465346535,561.4574257425742,861.159405940594,658.7920792079208,527.0336633663367,,,592.9516083405576,77.57585202828137,644.2992129397271,112.88080071420329,640.9041211540509,105.90036493504752,644.907880868732,108.42381330936934,659.7542940411552,112.33273691524654,653.817690605466,113.77812907986736,650.876885269172,110.77145804082926,655.5096911430054,111.98760895062783,655.5096911430054,111.98760895062783,-0.02107526881720445,-11.51930373682535,0.009041808371311078,4.794557649313219,,,4.794557649313219,8.026240817630082,,2025-01-08
2025,1,1,3,2,0,561.4887256467582,535.0599041839668,536.7055190035132,510.01686362184614,682.1011561801341,546.5792079207921,638.4425742574258,544.4180496114127,14.80651874212613,589.6765814968594,85.56060384202794,638.2214920685617,124.95550048531257,26.42882146279146,-76.95384861066759,0.049394135602627065,-0.12053370453900702,0.49999999999999994,0.8660254037844387,1.0,6.123233995736766e-17,9,9,0,0,0,0,2,0.15430882066428117,0.9880226656636976,0.43388373911755823,-0.900968867902419,535.0599041839668,573.614308527627,630.7504950495049,608.2455445544555,584.8514851485148,615.4455445544554,643.2910891089109,604.5386138613861,,,591.2193822147192,78.21237591687373,639.3519436966739,115.01783461579414,639.3455605237943,106.73833306007047,644.0734966008122,108.99150836287156,658.7907794178036,112.94940754197722,652.8438529452023,114.21853745337376,650.3985531778984,111.06635996476768,654.780846449236,111.85603659803361,654.780846449236,111.85603659803361,-0.021138912855910408,-12.12558288086882,-0.07687161759967676,-46.756818907697266,,,-46.756818907697266,-43.04988821462791,,2025-01-09
2025,1,1,4,2,0,587.7443244969659,561.4887256467582,535.0599041839668,536.7055190035132,510.01686362184614,573.614308527627,676.9029702970297,561.430984775897,26.34225761841427,568.8527488555308,61.43839900092021,630.7916049185565,125.09701585288053,26.25559885020766,-89.15864580006382,0.04676068752754525,-0.13171554818401876,0.49999999999999994,0.8660254037844387,1.0,6.123233995736766e-17,10,10,0,0,0,0,2,0.1712931441814776,0.9852201067560606,-0.433883739117558,-0.9009688679024191,561.4887256467582,600.476186521878,653.8267326732673,561.4574257425742,623.8415841584158,558.0039603960396,682.0435643564356,558.0356435643564,,,589.4005447825888,78.10920228789017,634.631771684081,115.73186388775062,640.2217904822741,106.18334391764093,642.7843087557604,109.45219307672187,659.3218573481772,112.53606274046142,651.7212429468753,114.39137167947955,650.7286496327051,110.83266923343682,654.265180895757,111.57665912204938,654.265180895757,111.57665912204938,-0.021202942449156215,-12.731862024912175,0.04681904192401598,26.2868987543917,,,26.2868987543917,29.708680932609468,,2025-01-10
2025,1,1,5,2,1,697.530341743852,587.7443244969659,561.4887256467582,535.0599041839668,536.7055190035132,600.476186521878,807.6683168316831,615.5877972958586,72.16837645883368,571.424279782817,67.18099267068726,621.6134403279038,114.53452057668974,109.7860172468861,-110.13797508783114,0.1867921350679973,-0.13636535294572383,0.49999999999999994,0.8660254037844387,1.0,6.123233995736766e-17,11,11,0,0,0,0,2,0.1882267098432442,0.9821256058680006,-0.9749279121818236,-0.2225209339563146,587.7443244969659,712.6873203449378,638.4425742574258,584.8514851485148,639.4376237623762,640.0633663366336,813.8019801980198,581.2871287128712,,,587.235262125291,74.23598600827444,638.8523265045399,116.95250873210912,643.9777523687852,106.15008163210722,644.8590486836703,109.93592913807153,660.3480533375918,112.61923978739277,650.3370567748019,113.1027040184535,652.020240888605,110.69156994771741,654.5954492991776,111.21095152476657,654.5954492991776,111.21095152476657,-0.02126736111111094,-15.156978601085825,0.19266234156304485,112.67885659533715,,,112.67885659533715,116.24321303098077,,2025-01-11
2025,1,1,6,2,1,667.5504567230917,697.530341743852,587.7443244969659,561.4887256467582,535.0599041839668,712.6873203449378,915.3574257425743,650.9417076546365,56.74619198631127,597.6798786330246,69.13705401415774,600.9628595762803,70.71520546562407,-29.97988502076032,-247.8069690194826,-0.042980044345898305,-0.2707215368012684,0.49999999999999994,0.8660254037844387,1.0,6.123233995736766e-17,12,12,0,0,0,0,2,0.2051044998686192,0.9787400799669153,-0.7818314824680299,0.6234898018587334,697.530341743852,682.1011561801341,676.9029702970297,623.8415841584158,662.8316831683169,590.8277227722772,922.3089108910891,620.039603960396,,,585.1565907742848,71.28187733461634,638.1842898206871,116.74496999423316,645.434714787608,106.16413447570167,645.0275763106265,109.96811306885532,661.7181021581421,112.22411090211999,647.3042180347067,109.06554721259054,652.5481392526349,110.65062188936221,654.6935932948134,110.79140729340209,654.6935932948134,110.79140729340209,-0.021332172398781046,-14.55069945704247,0.07006405740592081,43.70887256467586,,,43.70887256467586,47.51085276269566,,2025-01-12
2025,1,1,0,3,0,499.10383902906426,667.5504567230917,697.530341743852,587.7443244969659,561.4887256467582,682.1011561801341,546.5792079207921,621.394879165336,106.96271429649018,591.4129319706165,77.02386191011014,597.006578835303,75.21901097723978,-168.4466176940274,-47.47536889172784,-0.25233540925266895,-0.08685908319185054,0.49999999999999994,0.8660254037844387,1.0,6.123233995736766e-17,13,13,0,0,0,0,2,0.22192151300416552,0.9750645322571948,0.0,1.0,667.5504567230917,510.01686362184614,807.6683168316831,639.4376237623762,647.2356435643565,615.4455445544554,564.6534653465346,635.540594059406,,,583.5975872610303,73.29019973228004,616.143969977643,111.28609037554874,640.7569219631641,109.47747174151559,639.7371547200803,113.36858943879312,659.6405717023315,114.15653959499805,646.523865340451,109.89537310380759,651.0321753078533,111.81475021574116,653.5237455183792,111.19245403535133,653.5237455183792,111.19245403535133,-0.021397379912663772,-10.91302459278188,-0.21946438482553532,-140.33378473331197,,,-140.33378473331197,-136.43675503034171,,2025-01-13
2025,1,1,1,3,0,525.186215266688,499.10383902906426,667.5504567230917,697.530341743852,587.7443244969659,510.01686362184614,573.614308527627,563.9468370062813,90.66617396454369,589.76731715107,78.55882190256192,592.9709043968913,77.84157689659975,26.08237623762375,-48.42809326093902,0.05225841638157558,-0.08442622950819678,0.49999999999999994,0.8660254037844387,1.0,6.123233995736766e-17,14,14,0,0,0,0,2,0.2386727660059501,0.9711000518829505,0.7818314824680298,0.6234898018587336,499.10383902906426,536.7055190035132,915.3574257425743,662.8316831683169,686.2257425742574,656.4752475247525,511.9524752475248,658.7920792079208,,,581.9519724414838,74.6355436288442,588.274597800794,72.78552011418087,636.1687396997764,111.38809730538637,633.9857430305243,114.99602653930427,657.2961246977233,115.56222320666578,646.6814098644887,109.7094576350287,649.5476657085064,112.59475734295376,652.5660027553068,111.32706571151772,652.5660027553068,111.32706571151772,-0.02146298729741558,-11.519303736825236,-0.20766277683602474,-137.64546790162888,,,-137.64546790162888,-133.60586394123277,,2025-01-14
2025,1,1,2,3,0,523.5406004471415,525.186215266688,499.10383902906426,667.5504567230917,697.530341743852,536.7055190035132,600.476186521878,515.9435515809646,14.606811806689079,583.4426296178005,82.70880452182334,586.55960555733,80.29683727740739,-1.6456148195464948,-76.93558607473653,-0.003133393017009878,-0.12812429168984774,0.49999999999999994,0.8660254037844387,1.0,6.123233995736766e-17,15,15,0,0,0,0,3,0.255353295116187,0.9668478136052775,0.9749279121818236,-0.22252093395631434,525.186215266688,535.0599041839668,546.5792079207921,647.2356435643565,818.7920792079208,672.8871287128713,587.239603960396,643.2910891089109,,,580.3063576219373,75.95706266535531,586.6289829812475,74.05018433470576,632.0455715958692,113.23831207893213,623.4410473604964,110.8856160519009,654.6292224072638,116.91128548439407,645.9230883940929,110.34358876033377,648.2171047233755,113.37438553709981,651.6102590345056,111.46542227700064,651.6102590345056,111.46542227700064,-0.021528998242530628,-11.519303736825236,-0.19111284174032916,-123.69504311721494,,,-123.69504311721494,-119.7504886617694,,2025-01-15
2025,1,1,3,3,0,549.3631427658895,523.5406004471415,525.186215266688,499.10383902906426,667.5504567230917,535.0599041839668,712.6873203449378,532.6966528265731,14.457037290056762,577.0457659959544,83.7867762683624,572.9492574257426,70.17891442966828,25.822542318747992,-163.3241775790483,0.049322903126698625,-0.22916666666666674,0.49999999999999994,0.8660254037844387,1.0,6.123233995736766e-17,16,16,0,0,0,0,3,0.2719581575341055,0.9623090774541486,0.43388373911755823,-0.900968867902419,523.5406004471415,561.4887256467582,573.614308527627,686.2257425742574,927.9643564356435,697.5049504950496,542.0673267326732,682.0435643564356,,,578.574131496099,76.59332785727192,584.8967568554091,74.65919490641306,627.4834849355904,113.73609174860769,609.9195754437195,94.20536675272481,651.9838329835287,117.59749562433632,646.0099433468692,110.26369812856753,646.742877816814,113.79145821659864,650.8584420031187,111.397387108,650.8584420031187,111.397387108,-0.021595416483032093,-12.125582880868706,-0.19944253227072406,-136.86259980836792,,,-136.86259980836792,-132.68042159054608,,2025-01-16
2025,1,1,4,3,0,575.0124624720537,549.3631427658895,523.5406004471415,525.186215266688,499.10383902906426,561.4887256467582,682.1011561801341,549.3054018950282,25.73597959246092,556.6261194506548,60.14474029719096,564.0251996167359,61.282011639057984,25.649319706164192,-107.08869370808043,0.046689189189189184,-0.1569982585981714,0.49999999999999994,0.8660254037844387,1.0,6.123233995736766e-17,17,17,0,0,0,0,3,0.288482432880609,0.9574851883550393,-0.433883739117558,-0.9009688679024191,549.3631427658895,587.7443244969659,600.476186521878,818.7920792079208,576.9059405940594,681.0930693069307,564.6534653465346,813.8019801980198,,,576.7552940639687,76.4903731337495,583.0779194232788,74.5605619950449,619.3574977110615,108.16882372028952,609.8519512250765,94.23061914506208,650.089536432906,117.97385687691666,646.1332647412207,110.17737001510551,644.089660953192,112.63040328028879,650.3048217145707,111.1760869169361,650.3048217145707,111.1760869169361,-0.021662245800176838,-12.731862024912175,-0.29773079506544986,-243.77961673586708,,,-243.77961673586708,-238.7895177259661,,2025-01-17
2025,1,1,5,3,1,682.3733631427659,575.0124624720537,549.3631427658895,523.5406004471415,525.186215266688,587.7443244969659,510.01686362184614,602.249656126903,70.56435516476972,559.0966038539337,65.66352086934651,578.3882412434792,67.36883439936132,107.36090067071223,172.35649952091978,0.1867105631226733,0.33794274623968934,0.49999999999999994,0.8660254037844387,1.0,6.123233995736766e-17,18,18,0,0,0,0,3,0.30492122465628907,0.9523775757303974,-0.9749279121818236,-0.2225209339563146,575.0124624720537,697.530341743852,712.6873203449378,927.9643564356435,523.0613861386139,722.1227722772277,602.2970297029703,922.3089108910891,,,574.5900114066707,72.61818909404965,580.9126367659808,70.85519161023186,611.1711312679655,92.10875253329135,615.5416646895104,93.6036506644765,649.3797255555048,117.65171587750713,647.0865544250277,110.1399318585124,641.4237104226552,108.74354552204147,650.5372024495578,110.80322442316591,650.5372024495578,110.80322442316591,-0.02172949002217317,-15.156978601086053,-0.2646556320721246,-245.59099329287756,,,-245.59099329287756,-239.9355477483232,,2025-01-18
2025,1,1,6,3,1,652.9997572660492,682.3733631427659,575.0124624720537,549.3631427658895,523.5406004471415,697.530341743852,536.7055190035132,636.7951942936229,55.4845171561565,584.745923560098,67.57193891826482,588.0794277653572,69.1681470088681,-29.373605876716738,116.29423826253594,-0.04304623753399828,0.21668165156649843,0.49999999999999994,0.8660254037844387,1.0,6.123233995736766e-17,19,19,0,0,0,0,3,0.3212696616923644,0.9469877530760753,-0.7818314824680299,0.6234898018587334,682.3733631427659,667.5504567230917,682.1011561801341,576.9059405940594,599.9821782178218,861.6237623762376,617.3544554455445,564.6534653465346,,,572.5113400556646,69.66180930514882,578.8339654149747,68.02878381309843,613.7075918236986,92.18032705824376,617.4351496555186,93.81324935441658,645.6542968928228,114.05694776222778,647.5109032562242,110.0926566589746,642.4053358884275,108.44108507720384,650.5549186712591,110.40123111846421,650.5549186712591,110.40123111846421,-0.02179715302491103,-14.55069945704247,0.13189986671593878,76.09381667198977,,,76.09381667198977,88.34629191951456,,2025-01-19
2025,1,1,0,4,0,488.1908144362823,652.9997572660492,682.3733631427659,575.0124624720537,549.3631427658895,667.5504567230917,535.0599041839668,607.8546449483657,104.6674564044063,578.5800234216971,75.33558912583617,584.1736702863835,73.61457616361623,-164.80894282976686,-46.86908974768443,-0.252387448840382,-0.08759596707057626,0.49999999999999994,0.8660254037844387,1.0,6.123233995736766e-17,20,20,0,0,0,0,3,0.3375228995941133,0.9413173175128471,0.0,1.0,652.9997572660492,499.10383902906426,510.01686362184614,523.0613861386139,553.829702970297,976.5069306930693,639.940594059406,511.9524752475248,,,570.9523365424101,71.67156856578451,577.2749619017202,69.95012563079942,612.5452394336208,93.57209337681032,615.0909036364467,96.24997681669947,636.9343662453803,106.73395162765047,645.7043582607108,111.4550026165118,642.1413174349692,108.7906262109807,649.3951750695808,110.85596963427574,649.3951750695808,110.85596963427574,-0.021865238732708736,-10.913024592781937,-0.06666630844183685,-34.870571702331574,,,-34.870571702331574,-23.76166081124245,,2025-01-20
2025,1,1,1,4,0,513.6669115298627,488.1908144362823,652.9997572660492,682.3733631427659,575.0124624720537,499.10383902906426,561.4887256467582,551.6191610773981,88.71739876402299,576.9344086021506,76.8705153748665,580.1885191099756,76.20318725110631,25.476097093580336,-47.82181411689555,0.05218471208434705,-0.08516967827236666,0.49999999999999994,0.8660254037844387,1.0,6.123233995736766e-17,21,21,0,0,0,0,3,0.3536761221763716,0.9353679493131483,0.7818314824680298,0.6234898018587336,488.1908144362823,525.186215266688,536.7055190035132,599.9821782178218,576.9059405940594,617.5247524752475,624.8831683168318,587.239603960396,,,569.3067217228636,73.01713060346825,575.6293470821737,71.23711904407573,609.6680638773555,95.28308315951723,612.8323668841539,97.90688586720532,635.0797619427841,107.97247298519366,644.3803552037231,112.36221421474939,641.3238430746301,109.4820267591605,648.4325632714267,111.0491815879629,648.4325632714267,111.0491815879629,-0.021933751119069034,-11.51930373682535,-0.14386305097319507,-86.31526668795914,,,-86.31526668795914,-73.57269243053338,,2025-01-21
2025,1,1,2,4,0,512.0212967103163,513.6669115298627,488.1908144362823,652.9997572660492,682.3733631427659,525.186215266688,587.7443244969659,504.6263408921538,14.257345806434273,570.7107675928884,80.95247472583272,573.8782667944214,78.61761994426278,-1.6456148195463811,-75.7230277866496,-0.0032036613272309333,-0.12883668056081843,0.49999999999999994,0.8660254037844387,1.0,6.123233995736766e-17,22,22,0,0,0,0,4,0.3697245428906731,0.9291414114031743,0.9749279121818236,-0.22252093395631434,513.6669115298627,523.5406004471415,535.0599041839668,553.829702970297,615.3663366336634,559.8891089108911,662.5267326732672,542.0673267326732,,,567.6611069033171,74.3383412678002,573.9837322626272,72.50127022083826,608.2744503353563,96.42681984610715,609.1414726011773,99.73863795972565,634.2249795820596,108.76512273034646,642.5886238232118,113.2657148992763,640.9899982966037,109.83333768998361,647.4719205491654,111.24523716138998,647.4719205491654,111.24523716138998,-0.02200269420745382,-11.519303736825236,-0.07548964245823964,-41.80840625998076,,,-41.80840625998076,-30.046030022356945,,2025-01-22
2025,1,1,3,4,0,537.2375598850208,512.0212967103163,513.6669115298627,488.1908144362823,652.9997572660492,523.5406004471415,697.530341743852,520.9752560417332,14.1075833065623,564.4149504950495,82.01297824006501,560.5205349728521,68.68875096021813,25.216263174704522,-160.29278185883118,0.049248465516408046,-0.2298004434589802,0.49999999999999994,0.8660254037844387,1.0,6.123233995736766e-17,23,23,0,0,0,0,4,0.38566340624360707,0.9226395488404876,0.43388373911755823,-0.900968867902419,512.0212967103163,549.3631427658895,561.4887256467582,576.9059405940594,630.7504950495049,642.2257425742574,790.5148514851485,564.6534653465346,,,565.9288807774788,74.97433601443254,572.2515061367889,73.10992349691121,606.9521709783882,97.1411379357113,605.8017249167314,100.55059580641793,632.3501906054661,109.52688108600697,639.5734179708294,112.64990734797837,640.6853771248093,110.08516492790298,646.7010508941713,111.23546056254392,646.7010508941713,111.23546056254392,-0.02207207207207207,-12.125582880868706,-0.06876056895547089,-39.668380709038615,,,-39.668380709038615,-27.41590546151383,,2025-01-23
2025,1,1,4,4,0,562.2806004471416,537.2375598850208,512.0212967103163,513.6669115298627,488.1908144362823,549.3631427658895,667.5504567230917,537.1798190141595,25.12970162045771,544.3994900457787,58.851167180960836,551.7480469498563,59.94224850976581,25.043040562120837,-105.26985627595002,0.04661446338093067,-0.15769572953736632,0.49999999999999994,0.8660254037844387,1.0,6.123233995736766e-17,24,24,0,0,0,0,4,0.401487989205973,0.9158642882672872,-0.433883739117558,-0.9009688679024191,537.2375598850208,575.0124624720537,587.7443244969659,615.3663366336634,653.8267326732673,592.8237623762376,895.9168316831683,602.2970297029703,,,564.1100433453485,74.8716097402361,570.4326687046585,73.01152124229428,605.1826464388375,97.46554372966771,602.5322201943698,100.4194497453237,631.8047769995893,109.80299074448745,635.6015580751623,109.33573873308268,640.2407501330778,110.32251118571392,646.114797766067,111.06886455111047,646.114797766067,111.06886455111047,-0.02214188883868029,-12.731862024912061,-0.08626688368578161,-53.085736186521785,,,-53.085736186521785,-40.01642925582871,,2025-01-24
2025,1,1,5,4,1,667.21638454168,562.2806004471416,537.2375598850208,512.0212967103163,513.6669115298627,575.0124624720537,499.10383902906426,588.9115149579476,68.96033584998412,546.7689279250507,64.1460606910944,565.7574257425742,65.87189823588668,104.93578409453835,168.11254551261572,0.18662529706891973,0.336828796668154,0.49999999999999994,0.8660254037844387,1.0,6.123233995736766e-17,25,25,0,0,0,0,4,0.4171936026123168,0.9088176373395029,-0.9749279121818236,-0.2225209339563146,562.2806004471416,682.3733631427659,697.530341743852,630.7504950495049,638.4425742574258,617.5247524752475,542.7475247524752,617.3544554455445,,,561.9447606880505,71.0005085815722,568.2673860473604,69.30784166807005,606.3981760885766,98.02121139758046,603.5598562759502,100.94639162847777,632.6921275722042,109.88624627760214,637.0833302155099,108.90475576243524,640.7947715674793,110.33148745324209,646.2603259507264,110.69640847459337,646.2603259507264,110.69640847459337,-0.022212148685403443,-15.156978601085939,0.05781349325665297,36.46588949217505,,,36.46588949217505,49.86192909613544,,2025-01-25
2025,1,1,6,4,1,638.4490578090068,667.21638454168,562.2806004471416,537.2375598850208,512.0212967103163,682.3733631427659,525.186215266688,622.6486809326094,54.22286075043143,571.8119684871714,66.00683762003415,575.1959959544341,67.62139770977652,-28.767326732673155,113.26284254231882,-0.04311543810848384,0.21566225321585075,0.49999999999999994,0.8660254037844387,1.0,6.123233995736766e-17,26,26,0,0,0,0,4,0.4327755925504312,0.901501684131884,-0.7818314824680299,0.6234898018587334,667.21638454168,652.9997572660492,667.5504567230917,653.8267326732673,676.9029702970297,658.6930693069307,492.0910891089109,639.940594059406,,,559.8660893370444,68.04175466469741,566.1887146963544,66.47980989118298,605.8855869264347,97.80460592099999,602.1865022585208,100.17021267710685,632.3306273668842,109.83243987707709,638.8256869857493,107.7214452774043,640.7781989424749,110.33172921854562,646.2068241141392,110.31593051788373,646.2068241141392,110.31593051788373,-0.02228285584356504,-14.550699457042356,-0.023519495450096684,-15.377674864260484,,,-15.377674864260484,-1.4915362503991219,,2025-01-26
2025,1,1,0,5,0,477.2777898435005,638.4490578090068,667.21638454168,562.2806004471416,537.2375598850208,652.9997572660492,523.5406004471415,594.3144107313958,102.37220200561464,565.7471148727777,73.64737829694745,571.340761737464,72.010434182717,-161.17126796550633,-46.262810603641014,-0.2524418604651164,-0.088365277810602,0.49999999999999994,0.8660254037844387,1.0,6.123233995736766e-17,27,27,0,0,0,0,4,0.4482293417404106,0.893918596519257,0.0,1.0,638.4490578090068,488.1908144362823,499.10383902906426,638.4425742574258,807.6683168316831,675.1603960396039,564.4574257425743,624.8831683168318,,,558.3070858237899,70.05301683315805,564.6297111830999,68.40214331365034,600.5134274459705,100.34779044411245,590.3868405803714,94.35960462345278,628.7970093990967,111.59845376259179,637.7878341774269,108.86053398237372,639.1381391816601,111.65973101370818,645.0576470102574,110.81687799578877,645.0576470102574,110.81687799578877,-0.02235401459854003,-10.913024592781824,-0.2524342688163872,-161.1647844139253,,,-161.1647844139253,-147.60537847333126,,2025-01-27
2025,1,1,1,5,0,502.1476077930374,477.2777898435005,638.4490578090068,667.21638454168,562.2806004471416,488.1908144362823,549.3631427658895,539.2914851485149,86.76862983331482,564.1015000532312,75.18226802221734,567.4061338230598,74.5650601812924,24.869817949536923,-47.21553497285208,0.05210763726862666,-0.08594594594594585,0.49999999999999994,0.8660254037844387,1.0,6.123233995736766e-17,28,28,0,0,0,0,4,0.4635502709028509,0.886070621534138,0.7818314824680298,0.6234898018587336,477.2777898435005,513.6669115298627,525.186215266688,676.9029702970297,915.3574257425743,699.8613861386139,521.0376237623761,662.5267326732672,,,556.6614710042434,71.39880540470612,562.9840963635535,69.68909137059741,594.6882486958373,100.83157403661147,575.6293470821737,71.09805028508639,625.2664062143541,112.43371339362393,637.5629530349348,109.12381205493493,637.3561489052131,112.55841367472199,644.0920386371679,111.06230492902438,644.0920386371679,111.06230492902438,-0.022425629290617755,-11.519303736825236,-0.25816899935792637,-174.75536250399227,,,-174.75536250399227,-160.37912488022982,,2025-01-28
2025,1,1,2,5,0,500.50199297349087,502.1476077930374,477.2777898435005,638.4490578090068,667.21638454168,513.6669115298627,575.0124624720537,493.30913020334293,13.90790844565822,557.9789055679762,79.1961819343106,561.1969280315128,76.93863386243639,-1.6456148195465516,-74.51046949856283,-0.0032771535580525812,-0.12958061670217125,0.49999999999999994,0.8660254037844387,1.0,6.123233995736766e-17,29,29,0,0,0,0,5,0.47873384011578846,0.8779600847008882,0.9749279121818236,-0.22252093395631434,502.1476077930374,512.0212967103163,523.5406004471415,807.6683168316831,546.5792079207921,683.3940594059407,542.7475247524752,790.5148514851485,,,555.0158561846969,72.71969237429063,561.338481544007,70.95270045754276,584.4493712338976,93.80991167979299,573.9837322626272,72.31811610785627,622.0004764566319,113.36695983437944,637.060030037566,109.66207803248166,634.1337838106392,112.27540537435722,643.1283470555326,111.30978667995778,643.1283470555326,111.30978667995778,-0.02249770431588638,-11.519303736825407,-0.3803124592817292,-307.16632385819224,,,-307.16632385819224,-290.0128585116576,,2025-01-29
2025,1,1,3,5,0,525.1119770041521,500.50199297349087,502.1476077930374,477.2777898435005,638.4490578090068,512.0212967103163,682.3733631427659,509.2538592568935,13.758158884728942,551.7841349941447,80.23921171655881,548.0918125199618,67.19885944670673,24.609984030661224,-157.26138613861383,0.04917060146844343,-0.23046237533998182,0.49999999999999994,0.8660254037844387,1.0,6.123233995736766e-17,30,30,0,0,0,0,5,0.4937755501599772,0.869589389346611,0.43388373911755823,-0.900968867902419,500.50199297349087,537.2375598850208,549.3631427658895,915.3574257425743,573.614308527627,724.5623762376238,578.9306930693069,895.9168316831683,,,553.2836300588585,73.35540411055511,559.6062554181686,71.56097804199102,571.4411896092836,70.50387333249162,572.2515061367889,72.90578972889463,618.4388621846056,113.21915912921314,636.4193310367903,110.16186819290718,630.0137298697612,109.3258651421966,642.34157125519,111.3533455003909,642.34157125519,111.3533455003909,-0.022570244127130268,-12.125582880868706,-0.4263312207489217,-390.24544873842217,,,-390.24544873842217,-370.8048546790162,,2025-01-30
2025,1,1,4,5,0,549.5487384222293,525.1119770041521,500.50199297349087,502.1476077930374,477.2777898435005,537.2375598850208,652.9997572660492,525.0542361332908,24.523423706406113,532.1728606409029,57.55768542280739,539.4708942829767,58.60278988671567,24.436761418077253,-103.45101884381984,0.046536286522148806,-0.1584242837653479,0.49999999999999994,0.8660254037844387,1.0,6.123233995736766e-17,31,31,0,1,0,0,5,0.5086709438521044,0.8609610158889943,-0.433883739117558,-0.9009688679024191,525.1119770041521,562.2806004471416,575.0124624720537,546.5792079207921,600.476186521878,864.5346534653465,593.4039603960397,542.7475247524752,,,551.4647926267282,73.25291646694028,557.7874179860382,71.4628168921623,571.5401739593314,70.46984090548551,570.4326687046585,72.81076870953119,612.8141137016928,108.4965675019729,635.8972450609117,110.47167054748672,630.0892989105362,109.26720143607939,641.7270491834486,111.23815448986242,641.7270491834486,111.23815448986242,-0.022643253234750693,-12.731862024912289,0.005432937181663933,2.969530501437248,,,2.969530501437248,6.801213669754134,,2025-01-31
2025,2,1,5,5,1,652.0594059405942,549.5487384222293,525.1119770041521,500.50199297349087,502.1476077930374,562.2806004471416,488.1908144362823,575.573373788992,67.3563186558805,534.4412519961674,62.62861298079604,553.1266102416695,64.37527774741994,102.51066751836481,163.86859150431184,0.18653608015310152,0.3356650446066507,0.8660254037844386,0.5000000000000001,1.0,6.123233995736766e-17,1,32,1,0,0,0,1,0.5234156073655503,0.8520775211013093,-0.9749279121818236,-0.2225209339563146,549.5487384222293,667.21638454168,682.3733631427659,573.614308527627,712.6873203449378,979.8059405940594,615.1138613861386,492.0910891089109,,,549.2995099694301,69.3829526126482,555.6221353287403,67.7609237702789,574.1550105397637,71.98847594903113,568.2673860473604,69.23745476119932,606.9614970114524,96.51865584174038,636.3370729722742,110.4614737499817,631.8667246531105,108.29394270936548,641.7950252147456,110.8723718083012,641.7950252147456,110.8723718083012,-0.022716736207695765,-15.156978601085825,0.136755823986195,78.44509741296713,,,78.44509741296713,159.96831683168324,,2025-02-01
2025,2,1,6,5,1,629.2647241867045,652.0594059405942,549.5487384222293,525.1119770041521,500.50199297349087,667.21638454168,513.6669115298627,610.290956183176,53.82482831327554,559.7724077200347,65.55233114183048,562.7597612964063,66.54616553217504,-22.794681753889677,115.59781265684182,-0.03495798319327725,0.225044304124155,0.8660254037844386,0.5000000000000001,1.0,6.123233995736766e-17,2,33,0,0,0,0,1,0.5380051715382996,0.8429415373547828,-0.7818314824680299,0.6234898018587334,652.0594059405942,638.4490578090068,652.9997572660492,600.476186521878,682.1011561801341,584.8514851485148,600.640594059406,564.4574257425743,,,547.9874623091013,67.47679601273647,553.9267758230728,65.39268748709857,575.1146284619246,72.54119629822081,566.3803706190238,66.69336235059255,607.7545905657056,96.51614639921841,636.6778364261705,110.3941575437871,632.5868057469341,108.05588102622437,641.7131278224055,110.51170126289674,641.7131278224055,110.51170126289674,-0.014385382059800667,-9.184333622302347,0.04794284654580139,28.788537664826436,,,28.788537664826436,64.8072984441302,,2025-02-02
2025,2,1,0,6,0,474.4143140028289,629.2647241867045,652.0594059405942,549.5487384222293,525.1119770041521,638.4490578090068,512.0212967103163,585.2461480433759,96.6574930186913,555.1501920883333,71.16563485696467,559.6258460707824,69.95127056526478,-154.85041018387557,-37.60698270748736,-0.24608150470219436,-0.07344808301746109,0.8660254037844386,0.5000000000000001,1.0,6.123233995736766e-17,3,34,0,0,0,0,1,0.5524353131676196,0.8335557718385699,0.0,1.0,629.2647241867045,477.2777898435005,488.1908144362823,712.6873203449378,510.01686362184614,530.2653465346535,636.8237623762376,521.0376237623761,,,547.5783943318625,67.98368311109768,552.9427400778262,66.55137107447877,567.1721949171877,69.95722089686706,565.1088509897731,68.1316169091694,606.757250699066,97.61375669802513,634.7443906122015,111.80477990462775,632.0687689718281,108.70647517597993,640.626771888512,110.97188705645819,640.626771888512,110.97188705645819,-0.005999600026664775,-2.8634758406715832,-0.3343303571428571,-238.27300634210889,,,-238.27300634210889,-46.623309759547226,,2025-02-03
2025,2,1,1,6,0,503.37342291372,474.4143140028289,629.2647241867045,652.0594059405942,549.5487384222293,477.2777898435005,537.2375598850208,535.6841537010845,82.32648344571923,555.6287637450381,70.73297943343862,556.8038346565072,71.60022699448638,28.959108910891075,-33.86413697130081,0.061041811041810945,-0.06303382246496014,0.8660254037844386,0.5000000000000001,1.0,6.123233995736766e-17,4,35,0,0,0,0,1,0.5667017562911176,0.8239230057575542,0.7818314824680298,0.6234898018587336,474.4143140028289,502.1476077930374,513.6669115298627,682.1011561801341,536.7055190035132,608.2455445544555,759.8465346534653,542.7475247524752,,,547.7535107776743,67.84860043785753,552.2074908909589,67.07347470180643,561.2146038083071,67.3956921600746,563.9184189865663,68.93276359899247,604.8845342411958,98.58582854081561,631.6911392819665,111.84920674089352,631.6312789513975,109.14832094901583,639.7412664112553,111.15904073431382,639.7412664112553,111.15904073431382,0.002441144997324729,1.2258151206825687,-0.26202526069199983,-178.72773326641413,,,-178.72773326641413,-39.37410183875522,,2025-02-04
2025,2,1,2,6,0,505.97618104667606,503.37342291372,474.4143140028289,629.2647241867045,652.0594059405942,502.1476077930374,562.2806004471416,494.58797265440836,17.519302640714056,552.4394644187922,72.78577719875065,552.1117997064684,73.03908708640418,2.602758132956069,-56.30441940046558,0.005170630816959454,-0.10013580293485258,0.8660254037844386,0.5000000000000001,1.0,6.123233995736766e-17,5,36,0,0,0,0,1,0.5808002734538009,0.8140460935082178,0.9749279121818236,-0.22252093395631434,503.37342291372,500.50199297349087,512.0212967103163,510.01686362184614,535.0599041839668,561.4574257425742,861.159405940594,578.9306930693069,,,548.5355376452721,67.24204273959137,551.7756969149846,67.37087745293923,561.0799143891348,67.50548658216067,562.8797145888059,69.59961656434363,603.8937977287688,99.30632944064597,627.4627675570388,109.76409850694695,630.8206732622571,109.81298686565292,638.8837979153286,111.31627648455623,638.8837979153286,111.31627648455623,0.010937395155337759,5.474188073185189,-0.007922645040549181,-4.040682575170081,,,-4.040682575170081,-72.95451202263087,,2025-02-05
2025,2,1,3,6,0,535.346251768034,505.97618104667606,503.37342291372,474.4143140028289,629.2647241867045,500.50199297349087,667.21638454168,514.8986185761433,17.755924781230377,550.0723833097596,73.128722122306,541.1226219753313,63.43548224748444,29.370070721357934,-131.870132773646,0.05804635044401141,-0.1976422279621166,0.8660254037844386,0.5000000000000001,1.0,6.123233995736766e-17,6,37,0,0,0,0,1,0.5947266869607634,0.8039279618328213,0.43388373911755823,-0.900968867902419,505.97618104667606,525.1119770041521,537.2375598850208,536.7055190035132,561.4887256467582,584.8514851485148,615.4455445544554,593.4039603960397,,,549.9975768972553,66.75737790459455,551.6406034780568,67.40416011490642,561.0346054812854,67.5228644536368,561.9460548074229,69.79404289755581,603.0097757041176,99.69849833425204,626.5092045476767,110.21674794324198,630.1755876108348,110.20508451283624,638.2243230991038,111.2661777827548,638.2243230991038,111.2661777827548,0.01948969974417669,10.2342747638819,-0.002532612740787421,-1.3592672354792512,,,-1.3592672354792512,-58.057708628005685,,2025-02-06
2025,2,1,4,6,0,564.9902970297031,535.346251768034,505.97618104667606,503.37342291372,474.4143140028289,525.1119770041521,638.4490578090068,535.4375766148045,29.507163985797852,535.5608651579445,55.31136665539509,535.0010585770559,56.336822147787124,29.644045261669135,-73.4587607793037,0.05537359263050168,-0.11505813953488364,0.8660254037844386,0.5000000000000001,1.0,6.123233995736766e-17,7,38,0,0,0,0,1,0.6084768701151261,0.7935716089521474,-0.433883739117558,-0.9009688679024191,535.346251768034,549.5487384222293,562.2806004471416,535.0599041839668,587.7443244969659,623.8415841584158,558.0039603960396,615.1138613861386,,,552.2035138411801,66.99477855844476,551.8341532339542,67.44094324304777,562.0322852428101,67.34673044252527,561.1334109693063,69.61477419265256,601.9588598625334,99.78505536866581,626.592375221887,110.1670551417302,629.6186591179855,110.4085187104288,637.7608166049936,111.0641806704431,637.7608166049936,111.0641806704431,0.028098615332658117,15.44155860747378,0.05593839607806905,29.930392845736378,,,29.930392845736378,-50.12356435643551,,2025-02-07
2025,2,1,5,6,1,676.0321782178219,564.9902970297031,535.346251768034,505.97618104667606,503.37342291372,549.5487384222293,477.2777898435005,592.1229090051864,74.1637812528289,543.3554408297974,71.94995558427634,551.5639242749161,66.1802439205118,111.04188118811874,198.75438837432137,0.19653767820773904,0.416433348887852,0.8660254037844386,0.5000000000000001,1.0,6.123233995736766e-17,8,39,0,0,0,0,2,0.6220467484408675,0.7829801036770629,-0.9749279121818236,-0.2225209339563146,564.9902970297031,652.0594059405942,667.21638454168,561.4887256467582,697.530341743852,639.4376237623762,640.0633663366336,600.640594059406,,,555.6281955950698,73.26895880145454,552.46385278225,68.63178762212159,565.8504003285121,70.48849771531484,560.3656194148052,68.1580274615837,602.6123340492378,100.15410265032187,627.0205753633296,110.28987915599296,630.4563433864124,110.47217258524341,638.0015169924957,110.75374911457568,638.0015169924957,110.75374911457568,0.03676470588235281,23.972772277227705,0.2039995592772148,114.54345257106365,,,114.54345257106365,75.39158415841587,,2025-02-08
2025,2,1,6,6,1,652.2785855728431,676.0321782178219,564.9902970297031,535.346251768034,505.97618104667606,652.0594059405942,502.1476077930374,631.1003536067893,58.471899031540595,572.9994860914663,74.46171703443838,564.0748390898998,70.06572650070554,-23.753592644978767,150.13097777980568,-0.03513677811550153,0.298977781532483,0.8660254037844386,0.5000000000000001,1.0,6.123233995736766e-17,9,40,0,0,0,0,2,0.6354323008901774,0.7721565844991642,-0.7818314824680299,0.6234898018587334,676.0321782178219,629.2647241867045,638.4490578090068,587.7443244969659,667.5504567230917,662.8316831683169,590.8277227722772,636.8237623762376,,,558.9158900788038,77.51702924497282,553.4516761939525,70.04946263779517,568.0015423643747,72.14494173538891,559.8201954451536,67.32453887997549,602.42388587789,100.04860755863108,627.7521332538126,110.25071414733164,630.6280636441526,110.49419090027483,638.0907486711228,110.41068691165006,638.0907486711228,110.41068691165006,0.03657262277951934,23.013861386138615,0.10979988812501129,64.53426107587723,,,64.53426107587723,15.454823196605503,,2025-02-09
2025,2,1,0,7,0,491.6747100424328,652.2785855728431,676.0321782178219,564.9902970297031,535.346251768034,629.2647241867045,500.50199297349087,606.6618246110326,100.28751506790219,571.0497006129185,76.76699429299501,563.3392321789784,70.83594673174507,-160.60387553041028,-8.82728293105805,-0.24621975806451624,-0.017636858703828584,0.8660254037844386,0.5000000000000001,1.0,6.123233995736766e-17,10,41,0,0,0,0,2,0.6486295610349814,0.7611042586607747,0.0,1.0,652.2785855728431,474.4143140028289,477.2777898435005,697.530341743852,499.10383902906426,647.2356435643565,615.4455445544554,759.8465346534653,,,561.3816609416044,74.60075813904399,554.4800276367334,68.94210575518389,561.1396879743274,69.12692225065221,559.5548694099167,67.58681264062827,599.6460120649987,100.93742172715423,626.2786709381933,111.23980927099493,627.6483767040299,110.58625932913465,637.1813322821248,110.66834317360872,637.1813322821248,110.66834317360872,0.0363825363825363,17.260396039603904,-0.29512068419385507,-205.85563170141916,,,-205.85563170141916,-268.17182461103243,,2025-02-10
2025,2,1,1,7,0,521.592729844413,491.6747100424328,652.2785855728431,676.0321782178219,564.9902970297031,474.4143140028289,525.1119770041521,555.182008486563,85.40831890759475,573.6524587458747,74.3460018741698,563.0459615823335,71.01565779361823,29.918019801980222,-3.519247159739052,0.060849214309595556,-0.006701898478524426,0.8660254037844386,0.5000000000000001,1.0,6.123233995736766e-17,11,42,0,0,0,0,2,0.6616346182422783,0.7498264012045686,0.7818314824680298,0.6234898018587336,491.6747100424328,503.37342291372,502.1476077930374,667.5504567230917,525.186215266688,686.2257425742574,656.4752475247525,861.159405940594,,,563.9844190745606,72.52863985923935,555.8689649261174,67.9960776197572,556.2744304117048,66.46440537473352,559.4265306448355,67.65786588310444,596.7061368376798,100.76725977902323,624.672926680094,111.77091594393792,623.8754136362945,108.29883613826222,636.467822390534,110.69726498018358,636.467822390534,110.69726498018358,0.03619441571871773,18.21930693069305,-0.21864673360447373,-145.9577268786786,,,-145.9577268786786,-339.5666760961809,,2025-02-11
2025,2,1,2,7,0,524.1954879773692,521.592729844413,491.6747100424328,652.2785855728431,676.0321782178219,503.37342291372,549.5487384222293,512.487642621405,18.071447351465387,571.7939981140972,75.62346617607358,560.9331907119284,71.82622895683062,2.6027581329561826,-25.353250444860123,0.004990019960079861,-0.04613467136263483,0.8660254037844386,0.5000000000000001,1.0,6.123233995736766e-17,12,43,0,0,0,0,2,0.6744436188329455,0.7383263540031065,0.9749279121818236,-0.22252093395631434,521.592729844413,505.97618104667606,500.50199297349087,499.10383902906426,523.5406004471415,818.7920792079208,672.8871287128713,615.4455445544554,,,566.5871772075168,70.39555443877366,557.5613574263945,66.79628864477348,557.1108187099817,65.87542944695196,559.4499194852007,67.6451129034187,591.4454834228485,96.56444793001145,622.9027880999095,112.17483807315897,622.8615241187714,108.80460175450324,635.7790350628459,110.70490040238042,635.7790350628459,110.70490040238042,0.03600823045267498,18.219306930693165,0.05027340402173075,25.091648948304965,,,25.091648948304965,-91.25005657708618,,2025-02-12
2025,2,1,3,7,0,554.5244695898161,524.1954879773692,521.592729844413,491.6747100424328,652.2785855728431,505.97618104667606,652.0594059405942,533.4375624705328,18.308108213770634,570.0496935407828,75.93185610632337,552.8052793493636,65.84652135138126,30.32898161244691,-97.53493635077803,0.0578581508388647,-0.14957983193277324,0.8660254037844386,0.5000000000000001,1.0,6.123233995736766e-17,13,44,0,0,0,0,2,0.6870527672236669,0.7266075247685656,0.43388373911755823,-0.900968867902419,524.1954879773692,535.346251768034,525.1119770041521,525.186215266688,549.3631427658895,927.9643564356435,697.5049504950496,558.0039603960396,,,569.3269226106285,69.34235666494632,559.6622497539419,66.15665686328516,558.0887605207525,65.60235796093167,559.6342525860553,67.62363729880471,584.7769140148873,85.11873982161188,621.2006395177043,112.11396226660405,622.8228631098134,108.82852176095828,635.2835803953274,110.54702777686822,635.2835803953274,110.54702777686822,0.035823950870010224,19.17821782178214,0.05586257496920455,29.338254323128126,,,29.338254323128126,-3.4794908062234526,,2025-02-13
2025,2,1,4,7,0,585.1274257425744,554.5244695898161,524.1954879773692,521.592729844413,491.6747100424328,535.346251768034,629.2647241867045,554.6157944365865,30.466071540747805,554.8989014615748,57.35155761620205,549.127171145686,62.325932730497314,30.602956152758225,-44.137298444130124,0.055187747035573276,-0.070141065830721,0.8660254037844386,0.5000000000000001,1.0,6.123233995736766e-17,14,45,0,0,0,0,2,0.6994583270516471,0.7146733860429609,-0.433883739117558,-0.9009688679024191,554.5244695898161,564.9902970297031,549.5487384222293,523.5406004471415,575.0124624720537,576.9059405940594,681.0930693069307,640.0633663366336,,,572.2036552838957,69.54985622890855,562.203584562538,66.42110237856406,560.141654697267,65.4473978167408,559.9955012742881,67.73575542534148,584.9237262496823,85.11200710148,620.0581913800333,111.98517555989557,622.2124637698793,108.88478471193447,634.9796037004622,110.27862676980254,634.9796037004622,110.27862676980254,0.035641547861507084,20.13712871287123,0.11763524212416998,61.586825295432845,,,61.586825295432845,-54.935940594059275,,2025-02-14
2025,2,1,5,7,1,700.0049504950496,585.1274257425744,554.5244695898161,524.1954879773692,521.592729844413,564.9902970297031,474.4143140028289,613.2189486091467,76.7006702958093,562.8532956152759,74.34962552078244,567.9263908533711,71.14064567494174,114.87752475247521,225.59063649222065,0.1963290724352671,0.47551397551397545,0.8660254037844386,0.5000000000000001,1.0,6.123233995736766e-17,15,46,0,0,0,0,3,0.7116566222817746,0.702527474169157,-0.9749279121818236,-0.2225209339563146,585.1274257425744,676.0321782178219,652.0594059405942,549.3631427658895,682.3733631427659,523.0613861386139,722.1227722772277,590.8277227722772,,,575.6283370377854,75.82194578525265,565.6282663164276,72.37927164017697,565.163048288239,70.19839568178539,560.6252008225839,68.98598392135591,588.0834327560472,86.05290188171983,619.7948839778646,111.76809489807654,623.4255440779101,109.1390723294684,635.3713226570561,110.05971959366691,635.3713226570561,110.05971959366691,0.03546099290780136,23.972772277227705,0.27421171171171177,150.64180772916006,,,150.64180772916006,109.17722772277239,,2025-02-15
2025,2,1,6,7,1,675.2924469589816,700.0049504950496,585.1274257425744,554.5244695898161,524.1954879773692,676.0321782178219,503.37342291372,653.4749410655352,60.466636220906345,593.456251768034,76.9366755642839,582.2529761904763,74.2038212090816,-24.71250353606797,171.9190240452616,-0.03530332681017623,0.34153377238338845,0.8660254037844386,0.5000000000000001,1.0,6.123233995736766e-17,16,47,0,0,0,0,3,0.7236440382959124,0.6901733882429719,-0.7818314824680299,0.6234898018587334,700.0049504950496,652.2785855728431,629.2647241867045,575.0124624720537,652.9997572660492,599.9821782178218,861.6237623762376,615.4455445544554,,,578.9160315215196,80.0789365113576,568.9159608001617,76.42451035377367,568.5057144378032,73.01461802500647,561.4213683116174,70.2093565935946,589.4282589835678,86.82722222003969,617.5766540324211,108.7181794714054,624.0905096601826,109.27214257840828,635.6103713055707,109.7711903627228,635.6103713055707,109.7711903627228,0.035282258064516014,23.0138613861385,0.17439619318129407,100.2799844869279,,,100.2799844869279,59.84690240452619,,2025-02-16
2025,2,1,0,8,0,508.9351060820368,675.2924469589816,700.0049504950496,585.1274257425744,554.5244695898161,652.2785855728431,505.97618104667606,628.0775011786893,103.91756198920264,591.346647807638,79.43426961457868,582.4995532767563,73.93173073182744,-166.35734087694482,2.9589250353607213,-0.24634858812074,0.005847953216374435,0.8660254037844386,0.5000000000000001,1.0,6.123233995736766e-17,17,48,0,0,0,0,3,0.7354170229639855,0.6776147890466889,0.0,1.0,675.2924469589816,491.6747100424328,474.4143140028289,682.3733631427659,488.1908144362823,553.829702970297,976.5069306930693,656.4752475247525,,,581.3818023843202,77.1573478970673,571.3817316629622,73.64739093954175,562.7244392024456,70.51119269739378,562.1622358703942,69.51399439920154,588.6265697534205,87.36746403695044,612.0103227870516,101.87398985998998,622.4511747552635,109.88583604886716,634.8563518697163,109.8775494276364,634.8563518697163,109.8775494276364,0.03510531594784361,17.26039603960396,-0.25416914907395416,-173.43825706072914,,,-173.43825706072914,-147.5401414427157,,2025-02-17
2025,2,1,1,8,0,539.8120367751061,508.9351060820368,675.2924469589816,700.0049504950496,585.1274257425744,491.6747100424328,535.346251768034,574.6798632720415,88.49019838025481,593.9494059405941,77.01286608657016,582.8717020273456,73.68362170587116,30.876930693069312,4.4657850070721,0.06066968130921624,0.008341862845445247,0.8660254037844386,0.5000000000000001,1.0,6.123233995736766e-17,18,49,0,0,0,0,3,0.7469720876965552,0.6648553979642865,0.7818314824680298,0.6234898018587336,508.9351060820368,521.592729844413,503.37342291372,652.9997572660492,513.6669115298627,576.9059405940594,617.5247524752475,672.8871287128713,,,583.9845605172762,75.08376408539382,573.9844897959184,71.67655510717829,558.9515151860809,68.5141105620538,563.0959903434386,69.01223671876622,587.9641786137962,87.59825364411267,611.0851714096689,102.17572871978315,620.9725626226217,110.094673509988,634.2939594727068,109.79373625838683,634.2939594727068,109.79373625838683,0.034930139720558806,18.21930693069305,-0.17333501158535258,-113.1877204909431,,,-113.1877204909431,-133.07509193776525,,2025-02-18
2025,2,1,2,8,0,542.4147949080623,539.8120367751061,508.9351060820368,675.2924469589816,700.0049504950496,521.592729844413,564.9902970297031,530.3873125884016,18.62368010002299,591.9311268269684,78.39892542486588,580.9904101838755,74.46572290511688,2.6027581329561826,-22.575502121640852,0.004821600771456103,-0.039957327126370124,0.8660254037844386,0.5000000000000001,1.0,6.123233995736766e-17,19,50,0,0,0,0,3,0.7583058084785625,0.6518989958787126,0.9749279121818236,-0.22252093395631434,539.8120367751061,524.1954879773692,505.97618104667606,488.1908144362823,512.0212967103163,615.3663366336634,559.8891089108911,697.5049504950496,,,586.5873186502324,72.95126403259286,576.5872479288745,69.6499742416538,560.7589812018069,67.28726256011493,564.1814724219296,68.41558572007152,586.6614725115534,87.72568877997523,610.8771438620163,102.29893299485703,619.2493386716552,110.09706475606879,633.7534937987971,109.69499842884169,633.7534937987971,109.69499842884169,0.0347567030784508,18.21930693069305,0.11107128374464148,54.22398047177995,,,54.22398047177995,-155.0901555869873,,2025-02-19
2025,2,1,3,8,0,573.7026874115984,542.4147949080623,539.8120367751061,508.9351060820368,675.2924469589816,524.1954879773692,676.0321782178219,551.9765063649223,18.86037631196476,590.0270037718058,78.73523872610944,572.4629526166902,68.18700596492208,31.287892503536114,-102.32949080622348,0.05768259420143451,-0.15136778115501515,0.8660254037844386,0.5000000000000001,1.0,6.123233995736766e-17,20,51,0,0,0,0,3,0.7694148268839378,0.6387494220515272,0.43388373911755823,-0.900968867902419,542.4147949080623,554.5244695898161,535.346251768034,513.6669115298627,537.2375598850208,630.7504950495049,642.2257425742574,681.0930693069307,,,589.3270640533441,71.8989633002288,579.3269933319863,68.65014981832756,562.760173731198,66.72884625171069,565.4837984050216,68.23051440830194,585.6427616608764,87.53542440717418,610.0613932053179,102.31914743081845,618.0561122061515,110.00117853401234,633.4023194924392,109.46825416849717,633.4023194924392,109.46825416849717,0.034584980237154284,19.178217821782255,0.11687686034307765,60.03577588173573,,,60.03577588173573,-107.39038189533233,,2025-02-20
2025,2,1,4,8,0,605.2645544554456,573.7026874115984,542.4147949080623,539.8120367751061,508.9351060820368,554.5244695898161,652.2785855728431,573.7940122583688,31.42497929929715,574.2369377652052,59.39236679019651,568.5451166902405,64.4313321338035,31.5618670438472,-47.01403111739751,0.05501432664756445,-0.07207661290322587,0.8660254037844386,0.5000000000000001,1.0,6.123233995736766e-17,21,52,0,0,0,0,3,0.7802958510707755,0.6254105729852463,-0.433883739117558,-0.9009688679024191,573.7026874115984,585.1274257425744,564.9902970297031,512.0212967103163,562.2806004471416,653.8267326732673,592.8237623762376,722.1227722772277,,,592.2037967266115,72.10548181211969,582.2037260052537,68.84671818052139,565.8682823227024,66.45501649660649,567.0189396196039,68.63811305972868,584.7755799069868,87.08706485231271,610.2094978729276,102.30289832522267,616.7576875636873,109.44728855138305,633.2387278352473,109.16878676758613,633.2387278352473,109.16878676758613,0.034414945919370554,20.13712871287123,0.1821081629694068,93.24325774512931,,,93.24325774512931,-116.85821782178209,,2025-02-21
2025,2,1,5,8,1,723.9777227722773,605.2645544554456,573.7026874115984,542.4147949080623,539.8120367751061,585.1274257425744,491.6747100424328,634.3149882131071,79.23756898904776,582.3511504007544,76.74934558764332,587.9037010843941,73.49615964253377,118.71316831683168,232.30301272984445,0.19613434727503165,0.4724729744789926,0.8660254037844386,0.5000000000000001,1.0,6.123233995736766e-17,22,53,0,0,0,0,4,0.7909456567567772,0.6118864012687243,-0.9749279121818236,-0.2225209339563146,605.2645544554456,700.0049504950496,676.0321782178219,537.2375598850208,667.21638454168,638.4425742574258,617.5247524752475,861.6237623762376,,,595.6284784805011,78.37557310797553,585.6284077591433,74.80755172597095,572.0929544189443,72.17992077277667,569.0461302706966,72.4399140091043,586.3029932733234,88.7790997434384,611.4767951383683,103.05122588405766,615.2282871236432,106.9196550121017,633.7632306961551,109.06936871690147,633.7632306961551,109.06936871690147,0.03424657534246567,23.972772277227705,0.34759327498848447,186.74016288725647,,,186.74016288725647,-137.64603960396028,,2025-02-22
2025,2,1,6,8,1,698.3063083451202,723.9777227722773,605.2645544554456,573.7026874115984,542.4147949080623,700.0049504950496,521.592729844413,675.849528524281,62.4614625420821,613.9130174446017,79.41169261940156,602.6298326261198,76.6383619138228,-25.67141442715706,176.71357850070717,-0.035458845789971716,0.3387960920264732,0.8660254037844386,0.5000000000000001,1.0,6.123233995736766e-17,23,54,0,0,0,0,4,0.8013610881746766,0.5981809144059164,-0.7818314824680299,0.6234898018587334,723.9777227722773,675.2924469589816,652.2785855728431,562.2806004471416,638.4490578090068,676.9029702970297,658.6930693069307,976.5069306930693,,,598.9161729642352,82.64089896137016,588.9161022428773,78.86353614150299,576.6271446822102,75.72751740984354,571.183889218415,75.38716801519361,586.6851957384679,89.22120382518719,611.9483813173944,103.36007856072113,612.1371690975549,100.16565336985093,634.1341679240227,108.86369864012788,634.1341679240227,108.86369864012788,0.03407984420642651,23.013861386138615,0.2419178392244139,136.02570789797858,,,136.02570789797858,-278.2006223479491,,2025-02-23
2025,2,1,0,9,0,526.1955021216407,698.3063083451202,723.9777227722773,605.2645544554456,573.7026874115984,675.2924469589816,524.1954879773692,649.4931777463461,107.54763126407566,611.6435950023574,82.1018758766404,602.7965004714757,76.45423515608168,-172.11080622347947,2.0000141442715176,-0.24646892655367225,0.003815397480792182,0.8660254037844386,0.5000000000000001,1.0,6.123233995736766e-17,24,55,0,0,0,0,4,0.8115390590073611,0.5842981736283683,0.0,1.0,698.3063083451202,508.9351060820368,491.6747100424328,667.21638454168,477.2777898435005,807.6683168316831,675.1603960396039,617.5247524752475,,,601.3819438270358,79.7143363055059,591.381873105678,76.07982158681745,571.9264486015422,74.27328237836703,572.9309503712058,73.67778070395723,581.6588954757887,84.34064834770336,610.174989723133,103.54022611112836,611.1223996491815,100.5722580067203,633.517375548009,108.85664738617078,633.517375548009,108.85664738617078,0.0339147286821706,17.26039603960396,-0.21135704351281537,-141.02088242003924,,,-141.02088242003924,-91.32925035360677,,2025-02-24
2025,2,1,1,9,0,558.0313437057991,526.1955021216407,698.3063083451202,723.9777227722773,605.2645544554456,508.9351060820368,554.5244695898161,594.17771805752,91.57211742012218,614.2463531353136,79.68009881960961,603.088739981141,76.25939957203451,31.835841584158402,3.5068741159830097,0.06050192648130781,0.006324110671936722,0.8660254037844386,0.5000000000000001,1.0,6.123233995736766e-17,25,56,0,0,0,0,4,0.8214765533024142,0.5702422926917871,0.7818314824680298,0.6234898018587336,526.1955021216407,539.8120367751061,521.592729844413,638.4490578090068,502.1476077930374,915.3574257425743,699.8613861386139,559.8891089108911,,,603.984701959992,77.63939410608631,593.9846312386342,74.10631794948655,569.2458581314353,73.23352897755484,574.9267980823757,72.43576879918012,575.2780725822747,71.11546189885642,608.486536837028,103.21598864507857,611.1017578135694,100.58308153827184,633.0884776398148,108.69421563133541,633.0884776398148,108.69421563133541,0.03375120540019272,18.21930693069305,-0.12595791805094148,-80.41771410320769,,,-80.41771410320769,-1.8577652050919369,,2025-02-25
2025,2,1,2,9,0,560.6341018387553,558.0313437057991,526.1955021216407,698.3063083451202,723.9777227722773,539.8120367751061,585.1274257425744,548.2869825553984,19.175993280415142,612.0682555398397,81.17463981253046,601.0476296558228,77.10692114216367,2.6027581329561826,-24.493323903819032,0.004664179104477695,-0.04185981177131637,0.8660254037844386,0.5000000000000001,1.0,6.123233995736766e-17,26,57,0,0,0,0,4,0.8311706263658079,0.5560174366570446,0.9749279121818236,-0.22252093395631434,558.0313437057991,542.4147949080623,524.1954879773692,477.2777898435005,500.50199297349087,546.5792079207921,683.3940594059407,642.2257425742574,,,606.5874600929482,75.50745408032964,596.5873893715901,72.078800401913,572.0244018646104,71.17626755583144,577.0743733989924,71.02516183222862,575.5290528308097,71.03709456145671,607.025108770752,103.0114720272228,610.1951840276193,100.66706852454413,632.6791308838765,108.52172141072047,632.6791308838765,108.52172141072047,0.03358925143953928,18.21930693069305,0.17464946781325685,83.35631199525483,,,83.35631199525483,-81.5916407355021,,2025-02-26
2025,2,1,3,9,0,592.8809052333805,560.6341018387553,558.0313437057991,526.1955021216407,698.3063083451202,542.4147949080623,700.0049504950496,570.5154502593117,19.412721849911655,610.0043140028289,81.53884433666946,592.1206258840169,70.52923149773672,32.2468033946252,-107.12404526166904,0.05751844793041094,-0.1530332681017612,0.8660254037844386,0.5000000000000001,1.0,6.123233995736766e-17,27,58,0,0,0,0,4,0.8406184056344782,0.5416278206559814,0.43388373911755823,-0.900968867902419,560.6341018387553,573.7026874115984,554.5244695898161,502.1476077930374,525.1119770041521,573.614308527627,724.5623762376238,592.8237623762376,,,609.3272054960598,74.45599558112126,599.327134774702,71.07902266101671,575.048845112622,70.02304559225536,579.4946922643219,70.34023687894006,575.8730992005554,71.07429865848245,605.4574722111777,102.20000354884306,610.1958189482543,100.66695790975788,632.4555453465141,108.2558349731725,632.4555453465141,108.2558349731725,0.03342884431709647,19.17821782178214,0.18069049027062034,90.73329744034311,,,90.73329744034311,0.0571428571429351,,2025-02-27
2025,2,1,4,9,0,625.4016831683168,592.8809052333805,560.6341018387553,558.0313437057991,526.1955021216407,573.7026874115984,675.2924469589816,592.9722300801509,32.383887243359446,593.5749740688354,61.43373256686973,587.963062234795,66.53826676113914,32.52077793493629,-49.89076379066478,0.05485212569316067,-0.07388023369036023,0.8660254037844386,0.5000000000000001,1.0,6.123233995736766e-17,28,59,0,1,0,0,4,0.8498170915275278,0.5270777086423722,-0.433883739117558,-0.9009688679024191,592.8809052333805,605.2645544554456,585.1274257425744,500.50199297349087,549.5487384222293,600.476186521878,864.5346534653465,617.5247524752475,,,612.2039381693272,74.66159904384095,602.2038674479693,71.27484672130669,579.2121681191162,69.14546333365638,582.2037260052537,70.60438146846084,576.318197354956,71.30883542990243,602.610651136213,98.14654626501866,610.2833404003995,100.67682507600743,632.4161382952393,107.9526047329396,632.4161382952393,107.9526047329396,0.033269961977186124,20.13712871287123,0.24954883686435436,124.89969019482595,,,124.89969019482595,7.876930693069312,,2025-02-28
2025,3,1,5,9,1,747.950495049505,625.4016831683168,592.8809052333805,560.6341018387553,558.0313437057991,605.2645544554456,508.9351060820368,655.4110278170674,81.7744764344014,601.849005186233,79.14911122515603,607.8810113154173,75.8530965613268,122.54881188118816,239.0153889674682,0.1959521619135236,0.46963824289405687,1.0,6.123233995736766e-17,1.0,6.123233995736766e-17,1,60,1,0,0,0,1,0.8587639582758029,0.5123714121284237,-0.9749279121818236,-0.2225209339563146,625.4016831683168,723.9777227722773,700.0049504950496,525.1119770041521,652.0594059405942,712.6873203449378,979.8059405940594,658.6930693069307,,,615.6286199232169,80.92978015461745,605.628549201859,77.23798311179736,586.6401187206279,74.86592998005833,585.6284077591433,76.22048995314552,576.947896903252,72.6775135002643,599.8504672606826,90.36240404039697,611.275089575317,101.59450569033798,633.057995832763,107.99452131790608,633.057995832763,107.99452131790608,0.0331125827814569,23.972772277227705,0.42436380772855786,222.83851804535288,,,222.83851804535288,89.25742574257424,,2025-03-01
2025,3,1,6,9,1,716.2507569466624,747.950495049505,625.4016831683168,592.8809052333805,560.6341018387553,723.9777227722773,539.8120367751061,696.5343117214948,63.60901258949144,633.5248809904032,80.82951276706294,622.5842379963804,78.51288997390029,-31.699738102842616,176.43872017155627,-0.04238213399503732,0.3268521413965122,1.0,6.123233995736766e-17,1.0,6.123233995736766e-17,2,61,0,0,0,0,1,0.8674563547295968,0.49751328890718066,-0.7818314824680299,0.6234898018587334,747.950495049505,698.3063083451202,675.2924469589816,549.5487384222293,629.2647241867045,682.1011561801341,584.8514851485148,675.1603960396039,631.559405940594,,618.19211258058,84.20311725167252,608.5541427724075,80.77440821132974,592.1968526714422,78.13320742312044,588.7350517862845,79.75565433377109,577.5577112026542,73.71177372797337,601.4147443058986,91.23277064070008,611.7316491409509,101.97643908077754,633.5285033383523,108.17229995344819,633.5176243472044,107.87150214091992,0.025697102241662106,17.94444860154215,0.3033434650455926,166.70201852443302,,,166.70201852443302,41.090360907058425,,2025-03-02
2025,3,1,0,10,0,535.8517789843501,716.2507569466624,747.950495049505,625.4016831683168,592.8809052333805,698.3063083451202,542.4147949080623,666.6843436601724,114.40755365659525,629.8282868701617,85.35317510908202,622.0373200027376,79.14245109712711,-180.3989779623123,-6.563015923712214,-0.25186567164179097,-0.012099625573127382,1.0,6.123233995736766e-17,1.0,6.123233995736766e-17,3,62,0,0,0,0,1,0.8758917051442429,0.48250774176121847,0.0,1.0,716.2507569466624,526.1955021216407,508.9351060820368,652.0594059405942,474.4143140028289,510.01686362184614,530.2653465346535,699.8613861386139,572.6138613861386,,619.5715807038241,82.50679103774502,610.4767622654299,78.50942912200532,588.3232651062341,77.9434469145348,590.9292469641961,77.30139244999025,578.0190489769847,73.36138534737437,601.4812494541094,91.18230279775669,609.9093201725702,101.84921119370968,633.3242695472311,108.32255165415127,632.9809988232327,107.81642836282755,0.018351120113674124,9.65627686270932,-0.17821631878557886,-116.2076269562441,,,-116.2076269562441,-164.0096071542638,,2025-03-03
2025,3,1,1,10,0,564.2107952730756,535.8517789843501,716.2507569466624,747.950495049505,625.4016831683168,526.1955021216407,573.7026874115984,605.4377770680294,97.00874101544842,630.4244024425484,84.78385500163037,621.2463289911941,79.71481297013429,28.35901628872557,-9.491892138522758,0.05292324743696297,-0.016544967187355875,1.0,6.123233995736766e-17,1.0,6.123233995736766e-17,4,63,0,0,0,0,1,0.8840675099433636,0.46735921715800227,0.7818314824680298,0.6234898018587336,535.8517789843501,558.0313437057991,539.8120367751061,629.2647241867045,503.37342291372,536.7055190035132,608.2455445544555,683.3940594059407,656.8217821782179,,620.4543594991494,81.76835584850116,612.2195307295707,77.07788811927723,586.1548008091132,77.6695892199392,593.1020102627446,75.58520101646155,578.5102146246554,73.17158635940801,600.9570262483786,91.26948523036235,608.585061682205,101.65765532545014,632.8097640644248,108.43020695320942,632.60520536121,107.63993397335307,0.011073663938372613,6.179451567276487,-0.10338086088920373,-65.05392891362885,,,-65.05392891362885,-119.18326413286502,,2025-03-04
2025,3,1,2,10,0,562.800268284893,564.2107952730756,535.8517789843501,716.2507569466624,747.950495049505,558.0313437057991,605.2645544554456,554.287614180773,15.981470869036775,625.4109629511338,88.26574899626779,617.7076384769813,81.41321224224377,-1.4105269881825961,-42.464286170552555,-0.0024999999999998357,-0.07015822396663807,1.0,6.123233995736766e-17,1.0,6.123233995736766e-17,5,64,0,0,0,0,1,0.8919813464595485,0.45207220393230435,0.9749279121818236,-0.22252093395631434,564.2107952730756,560.6341018387553,542.4147949080623,474.4143140028289,505.97618104667606,535.0599041839668,561.4574257425742,724.5623762376238,606.2970297029702,,620.7638118485976,81.50791862440164,613.675635970773,75.84036364065012,589.100999285182,74.91224356265747,595.1314419498237,73.90340928083953,579.0055782693148,72.9656941979171,600.9730124691205,91.26260070193186,606.7877049271748,101.01204658803314,632.56811538988,108.53803864490847,632.2258307031865,107.46871262144536,0.0038637793153024624,2.1661664461377086,0.1863054121118637,88.38595428206412,,,88.38595428206412,-161.76210795273073,,2025-03-05
2025,3,1,3,10,0,590.9365697860109,562.800268284893,564.2107952730756,535.8517789843501,716.2507569466624,560.6341018387553,723.9777227722773,572.6492111146598,15.853012709785208,619.6667773874161,89.3808949615155,606.6208757281258,74.38082964614749,28.136301501117828,-133.0411529862664,0.049993404564041555,-0.18376415295876958,1.0,6.123233995736766e-17,1.0,6.123233995736766e-17,6,65,0,0,0,0,1,0.8996308696522433,0.43665123195606403,0.43388373911755823,-0.900968867902419,562.800268284893,592.8809052333805,573.7026874115984,503.37342291372,535.346251768034,561.4887256467582,584.8514851485148,864.5346534653465,631.559405940594,,620.4860496418305,81.62200746503682,614.9066275689453,75.27943001957256,592.0197708475918,73.14182207985395,597.1168104504658,72.97874782250699,579.5314326289442,72.94326715688848,601.0454539529003,91.25206421412258,603.7477262196267,97.213515910238,632.342432966799,108.58237210762078,632.0026455090397,107.21926222001633,-0.003279470514578775,-1.9443354473696672,0.17395266195311132,87.56314687229087,,,87.56314687229087,-273.5980836793357,,2025-03-06
2025,3,1,4,10,0,618.9243947620569,590.9365697860109,562.800268284893,564.2107952730756,535.8517789843501,592.8809052333805,698.3063083451202,590.8870776109869,28.06209597147465,598.1624273395081,64.36449084621974,600.0057162628705,68.80646112419247,27.987824976046,-79.38191358306335,0.04736180904522613,-0.11367778385274285,1.0,6.123233995736766e-17,1.0,6.123233995736766e-17,7,66,0,0,0,0,1,0.9070138128026359,0.4211008707960896,-0.433883739117558,-0.9009688679024191,590.9365697860109,625.4016831683168,605.2645544554456,505.97618104667606,564.9902970297031,587.7443244969659,623.8415841584158,979.8059405940594,673.6633663366337,,619.5607227266506,81.59370310613464,615.8823304479889,75.23335416540783,595.7847113047711,71.44739422878925,599.0430282266213,72.81096914770278,580.0882195979638,73.12586975515507,600.986915983896,91.2388405895838,599.7379312659377,88.58786743212474,632.0383275691624,108.54264466171922,631.9323323329805,106.9333876062154,-0.010357005074635661,-6.477288406259959,0.22322832170030815,112.9482137153808,,,112.9482137153808,-360.88154583200253,,2025-03-07
2025,3,1,5,10,1,734.958799105717,618.9243947620569,590.9365697860109,562.800268284893,564.2107952730756,625.4016831683168,526.1955021216407,648.2732545512616,76.3650267645397,601.2804343660173,71.30778406534911,617.4026576782103,74.59598089751952,116.03440434366019,208.7632969840763,0.18747750989564582,0.39674093781177255,1.0,6.123233995736766e-17,1.0,6.123233995736766e-17,8,67,0,0,0,0,2,0.9141279881853337,0.40542572835999735,-0.9749279121818236,-0.2225209339563146,618.9243947620569,747.950495049505,723.9777227722773,535.346251768034,676.0321782178219,697.530341743852,639.4376237623762,584.8514851485148,690.5049504950496,,617.7047661632522,78.26649420510905,616.6666930432345,76.49370357568984,602.4384628826938,74.83905055302466,601.1475504011889,75.90456003944567,580.7565849079971,74.37910678899301,602.1240728332215,92.31278982035778,601.4057903099066,89.71038493987999,632.2852933947772,108.7268326572477,632.4832760055621,106.91133718033417,-0.017369727047146455,-12.991695943787931,0.3728662462442631,199.61254733768305,,,199.61254733768305,150.10731395720222,,2025-03-08
2025,3,1,6,10,1,703.778728840626,734.958799105717,618.9243947620569,590.9365697860109,562.800268284893,747.950495049505,558.0313437057991,685.8873075694668,60.0505867096496,629.2682593420632,73.41536853461152,629.5482731061124,75.90415312859926,-31.180070265091103,145.7473851348268,-0.042424242424242475,0.2611813597547068,1.0,6.123233995736766e-17,1.0,6.123233995736766e-17,9,68,0,0,0,0,2,0.9209712877166346,0.38963044953078796,-0.7818314824680299,0.6234898018587334,734.958799105717,716.2507569466624,698.3063083451202,564.9902970297031,652.2785855728431,667.5504567230917,662.8316831683169,530.2653465346535,715.7673267326733,,615.9230478623898,75.75075115329089,617.0575802214851,76.95556551200978,607.0647439430579,76.7106141169647,602.9868412321812,77.78998617549126,581.4035183386674,75.29960381434113,602.6115376626537,92.7443267213953,603.333716779973,90.02824566379057,632.2186900731548,108.67906943732055,632.8625071376634,106.75180699367226,-0.01741293532338306,-12.472028106036419,0.24564746074502297,138.78843181092282,,,138.78843181092282,173.5133823059724,,2025-03-09
2025,3,1,0,11,0,526.4977579048227,703.778728840626,734.958799105717,618.9243947620569,590.9365697860109,716.2507569466624,560.6341018387553,655.0784286170552,112.4401656706323,622.982753114021,81.2912522829878,626.7035777782847,79.28600889275079,-177.28097093580323,-34.13634393393261,-0.2518987341772152,-0.060888811119361064,1.0,6.123233995736766e-17,1.0,6.123233995736766e-17,10,69,0,0,0,0,2,0.9275416835791966,0.37371971479046906,0.0,1.0,703.778728840626,535.8517789843501,526.1955021216407,676.0321782178219,491.6747100424328,499.10383902906426,647.2356435643565,608.2455445544555,698.9257425742575,,614.5867591367431,77.46185352919893,617.0791699202837,76.92815103335755,602.0802632659579,76.93261988037365,604.2305215129809,76.20671040936553,581.8926954614487,74.84282600450801,601.1741818809927,92.97970985299986,602.4254080394215,90.38978967114976,631.2607568249913,108.84759459749151,632.2997306866961,106.74826053026827,-0.017456359102244412,-9.354021079527342,-0.2211942347288951,-149.53442031299915,,,-149.53442031299915,-81.74778664963276,,2025-03-10
2025,3,1,1,11,0,554.3371063557968,526.4977579048227,703.778728840626,734.958799105717,618.9243947620569,535.8517789843501,592.8809052333805,594.8711977004151,95.33831907913637,621.5722261258384,82.60713565912108,623.4915945384861,81.52975711058669,27.839348450974057,-38.543798877583754,0.052876480541454995,-0.06501103094627658,1.0,6.123233995736766e-17,1.0,6.123233995736766e-17,11,70,0,0,0,0,2,0.9338372288229252,0.35769823883312546,0.7818314824680298,0.6234898018587336,526.4977579048227,564.2107952730756,558.0313437057991,652.2785855728431,521.592729844413,525.186215266688,686.2257425742574,561.4574257425742,741.029702970297,,613.1762321485604,78.61338767815437,616.815295823855,77.15228269441963,598.8155472920564,76.8069677168138,605.3999635312446,75.13532207332747,582.4132470880401,74.54201796056992,599.604079068868,92.63912753127059,602.3462933795684,90.42915774043894,630.2235757326885,108.68514277442243,631.8894010849546,106.61561556493267,-0.01750000000000007,-9.873688917278855,-0.15015283558792947,-97.94147921704632,,,-97.94147921704632,-7.120319386777396,,2025-03-11
2025,3,1,2,11,0,552.9265793676142,554.3371063557968,526.4977579048227,703.778728840626,734.958799105717,564.2107952730756,625.4016831683168,544.5871478760779,15.681738384016667,615.2372277227722,86.77854857037418,617.4520025550942,84.02173263843174,-1.4105269881825961,-72.47510380070264,-0.00254452926208637,-0.11588568715315906,1.0,6.123233995736766e-17,1.0,6.123233995736766e-17,12,71,0,0,0,0,2,0.9398560579418954,0.3415707691678556,0.9749279121818236,-0.22252093395631434,554.3371063557968,562.800268284893,560.6341018387553,491.6747100424328,524.1954879773692,523.5406004471415,818.7920792079208,584.8514851485148,884.1831683168316,,611.7657051603777,79.74829585823458,616.2647585044878,77.61015480669526,600.8572762695624,74.64434686768413,606.4260739380389,74.1753070488649,582.9379967116199,74.22278981788419,596.4390135945787,89.55045610727355,601.9915722042251,90.56107344399823,628.3832613496372,107.15467130431026,631.475983170204,106.48806690549603,-0.01754385964912286,-9.873688917278855,0.12457803518081123,61.25186932518136,,,61.25186932518136,-31.924905780900644,,2025-03-12
2025,3,1,3,11,0,580.5432130309805,552.9265793676142,554.3371063557968,526.4977579048227,703.778728840626,562.800268284893,747.950495049505,562.6022995847972,15.55328512109963,608.8403641009262,87.86027854427012,603.5013957202171,73.64110520829492,27.616633663366315,-167.40728201852448,0.04994629430719644,-0.22382133995037223,1.0,6.123233995736766e-17,1.0,6.123233995736766e-17,13,72,0,0,0,0,2,0.9455963874271426,0.3253420847119801,0.43388373911755823,-0.900968867902419,552.9265793676142,590.9365697860109,592.8809052333805,521.592729844413,554.5244695898161,549.3631427658895,927.9643564356435,623.8415841584158,1002.0742574257425,,610.2809399096592,80.29560344246075,615.3834947757449,77.96533802576158,602.8222923757814,73.24863921441363,607.3553147752234,73.66222335073802,583.4947836806393,74.08316488598508,592.303047601666,81.73622644250754,601.510479191698,90.55870233599273,626.0414222141109,103.48553114573326,631.2107083257289,106.27252408282625,-0.017587939698492483,-10.393356755030368,0.1130201396866708,58.95048318656745,,,58.95048318656745,-43.2983711274353,,2025-03-13
2025,3,1,4,11,0,608.011370169275,580.5432130309805,552.9265793676142,554.3371063557968,526.4977579048227,590.9365697860109,716.2507569466624,580.4937208559566,27.542428751324213,587.6824592781859,63.255084686269946,594.4814468221015,64.65625457641708,27.468157138294487,-108.23938677738738,0.04731457800511518,-0.15111940298507454,1.0,6.123233995736766e-17,1.0,6.123233995736766e-17,14,73,0,0,0,0,2,0.9510565162951535,0.30901699437494745,-0.433883739117558,-0.9009688679024191,580.5432130309805,618.9243947620569,625.4016831683168,524.1954879773692,585.1274257425744,575.0124624720537,576.9059405940594,639.4376237623762,588.9356435643564,,608.7219363964047,80.2057061399771,614.1413295615275,77.93197409170827,605.6161551155116,71.72892297520984,608.1725985047484,73.53330656408382,584.0840498895183,74.14568100859479,592.6733503347043,81.736090983745,601.1612985962191,90.47136318117832,626.1473984730271,103.45708352152256,631.0905045010841,106.00856518201442,-0.017632241813602012,-10.91302459278188,0.15989432208833576,83.81588219190576,,,83.81588219190576,-31.42625359310125,,2025-03-14
2025,3,1,5,11,1,721.9671031619291,608.011370169275,580.5432130309805,552.9265793676142,554.3371063557968,618.9243947620569,535.8517789843501,636.8405621207281,74.99013872751884,590.713854998403,70.00702009074463,609.9910571702331,71.29536659570539,113.95573299265413,186.11532417757905,0.18742368742368742,0.3473261291216403,1.0,6.123233995736766e-17,1.0,6.123233995736766e-17,15,74,0,0,0,0,3,0.9562348265919056,0.29260033563334836,-0.9749279121818236,-0.2225209339563146,608.011370169275,734.958799105717,747.950495049505,554.5244695898161,700.0049504950496,682.3733631427659,523.0613861386139,662.8316831683169,533.9683168316832,,606.8659798330063,76.87906309065264,612.2853729981292,74.74437681603261,611.197576234582,74.0919112981362,608.9569610999941,74.65767699646338,584.791080961289,75.28007873003835,595.0412755373628,82.57202087121436,601.8183588183704,91.13657876517718,627.1918361748617,103.47026062101556,631.5589405766555,105.93469093663545,-0.017676767676767735,-12.991695943787931,0.301957159250287,167.44263357211298,,,167.44263357211298,59.13541999361223,,2025-03-15
2025,3,1,6,11,1,691.3067007345895,721.9671031619291,608.011370169275,580.5432130309805,552.9265793676142,734.958799105717,564.2107952730756,673.7617246885978,58.96903347362626,618.1820121366975,72.07375369419503,620.5823826253593,73.28872522014473,-30.66040242733959,127.0959054615139,-0.04246786632390753,0.22526315789473683,1.0,6.123233995736766e-17,1.0,6.123233995736766e-17,16,75,0,0,0,0,3,0.9611297838723007,0.27609697309746883,-0.7818314824680299,0.6234898018587334,721.9671031619291,703.778728840626,716.2507569466624,585.1274257425744,675.2924469589816,652.9997572660492,599.9821782178218,647.2356435643565,612.4930693069307,,605.0842615321438,74.36203650118239,610.5036546972669,72.33389999442134,614.7368854009825,75.32933349854981,609.5288987348373,75.2437224183624,585.4751335232273,76.08092745320192,596.128472233991,83.23640582974431,602.308037231373,91.50101712228816,627.6296896827932,103.57441737771047,631.8653393466961,105.74790402165702,-0.017721518987341756,-12.472028106036419,0.18146350746978746,106.17927499201517,,,106.17927499201517,44.071057170233075,,2025-03-16
2025,3,1,0,12,0,517.1437368252954,691.3067007345895,721.9671031619291,608.011370169275,580.5432130309805,703.778728840626,562.800268284893,643.472513573938,110.4727792053656,611.9831172149474,79.84376387931954,616.7776716703928,77.61834394840324,-174.16296390929415,-45.65653145959766,-0.25193298969072164,-0.08112386228729729,1.0,6.123233995736766e-17,1.0,6.123233995736766e-17,17,76,0,0,0,0,3,0.9657399376548549,0.2595117970697999,0.0,1.0,691.3067007345895,526.4977579048227,535.8517789843501,700.0049504950496,508.9351060820368,488.1908144362823,553.829702970297,686.2257425742574,565.3782178217822,,603.7479728064972,76.0739470253121,609.1673659716201,73.97332290506789,608.6415116119907,75.58961759348293,609.8220641185251,74.85224461500648,585.9921499944596,75.50398973376173,595.6917345417886,83.55664831218856,600.4293482786068,91.49445493482906,627.3617203439238,103.79852915117692,631.2800250481175,105.79423724443359,-0.017766497461929043,-9.354021079527342,-0.26122845779938153,-182.8612136697542,,,-182.8612136697542,-169.08200574896205,,2025-03-17
2025,3,1,1,12,0,544.463417438518,517.1437368252954,691.3067007345895,721.9671031619291,608.011370169275,526.4977579048227,590.9365697860109,584.3046183328009,93.66789986938444,610.5725902267646,81.15963384486399,612.9049089747683,80.14321829074191,27.31968061322266,-46.47315234749283,0.05282802182026991,-0.07864321608040203,1.0,6.123233995736766e-17,1.0,6.123233995736766e-17,18,77,0,0,0,0,3,0.970063921851507,0.2428497220959356,0.7818314824680298,0.6234898018587336,517.1437368252954,554.3371063557968,564.2107952730756,675.2924469589816,539.8120367751061,513.6669115298627,576.9059405940594,818.7920792079208,588.9356435643564,,602.3374458183144,77.22561122358657,607.7568389834375,75.07654351416515,604.2805439613086,75.3854137939214,609.9881848565041,74.69611428781533,586.5420875999714,75.07858246426683,595.3055140280322,83.71934778439322,597.3812520367245,88.66384333651726,627.1146524210025,103.94333116166437,630.8393316084749,105.70513685080893,-0.01781170483460548,-9.873688917278741,-0.19373684706473604,-130.82902952046356,,,-130.82902952046356,-274.32866176940274,,2025-03-18
2025,3,1,2,12,0,543.0528904503353,544.463417438518,517.1437368252954,691.3067007345895,721.9671031619291,554.3371063557968,618.9243947620569,534.8866815713828,15.382017513729357,604.3242031299905,85.27288331518716,606.5822836154583,82.58089862979905,-1.4105269881827098,-75.87150431172154,-0.002590673575129543,-0.12258606213266166,1.0,6.123233995736766e-17,1.0,6.123233995736766e-17,19,78,0,0,0,0,3,0.9741004551724205,0.22611568550828828,0.9749279121818236,-0.22252093395631434,544.463417438518,552.9265793676142,562.800268284893,508.9351060820368,542.4147949080623,512.0212967103163,615.3663366336634,927.9643564356435,628.1980198019802,,600.926918830132,78.36035120967168,606.3463119952548,76.16378582010762,605.4178034402519,74.14457685424081,610.0109739830139,74.67482899045064,587.0962232024716,74.6317518644238,594.4446396687069,83.88221592548985,593.104457970221,81.5353964726536,626.6416239246045,104.13194280507278,630.3959657440398,105.62092031571956,-0.017857142857142905,-9.873688917278855,0.0670375927315161,34.117784368298544,,,34.117784368298544,-384.91146598530815,,2025-03-19
2025,3,1,3,12,0,570.1498562759501,543.0528904503353,544.463417438518,517.1437368252954,691.3067007345895,552.9265793676142,734.958799105717,552.5553880549345,15.25356943737732,598.0139508144363,86.33967595588548,592.848205046311,72.36206066859664,27.096965825614802,-164.80894282976692,0.04989747095010255,-0.22424242424242435,1.0,6.123233995736766e-17,1.0,6.123233995736766e-17,20,79,0,0,0,0,3,0.9778483415056568,0.20931464596304847,0.43388373911755823,-0.900968867902419,543.0528904503353,580.5432130309805,590.9365697860109,539.8120367751061,573.7026874115984,537.2375598850208,630.7504950495049,576.9059405940594,643.9029702970297,,599.4421535794132,78.90750732411126,604.8615467445361,76.68810427140966,606.42906409028,73.42229344437649,609.8840871567407,74.74179714981474,587.6839427808811,74.36107988514335,593.7232034928312,83.82678441633963,593.0293903666865,81.5535856615317,626.2318844022651,104.20871720900557,630.093221475356,105.44038910909667,-0.017902813299232823,-10.393356755030368,0.05620070956936307,30.337819500844034,,,30.337819500844034,-6.756084318109288,,2025-03-20
2025,3,1,4,12,0,597.0983455764931,570.1498562759501,543.0528904503353,544.463417438518,517.1437368252954,580.5432130309805,703.778728840626,570.1003641009262,27.022761554927683,577.2024912168637,62.14571823290666,583.9581731076333,63.505931460311,26.948489300542974,-106.68038326413284,0.04726562500000009,-0.1515822784810127,1.0,6.123233995736766e-17,1.0,6.123233995736766e-17,21,80,0,0,0,0,3,0.9813064702716093,0.19245158197082998,-0.433883739117558,-0.9009688679024191,570.1498562759501,608.011370169275,618.9243947620569,542.4147949080623,605.2645544554456,562.2806004471416,653.8267326732673,523.0613861386139,667.460396039604,,597.8831500661587,78.8177399573834,603.3025432312817,76.60203154983485,608.251849112561,72.4506303621368,609.5924368396352,74.77641535987007,588.3056882296196,74.29034129026957,593.0478655512029,83.5648380207759,593.8520232493296,81.21258013275977,625.8409841219145,104.18516566382748,629.9282470958617,105.2010040246476,-0.017948717948717996,-10.91302459278188,0.10081500575163971,54.683550668430826,,,54.683550668430826,74.0369594378792,,2025-03-21
2025,3,1,5,12,1,708.9754072181411,597.0983455764931,570.1498562759501,543.0528904503353,544.463417438518,608.011370169275,526.4977579048227,625.4078696901947,73.61525158048758,580.1472756307888,68.70626129220943,599.1646438837432,70.01026230284515,111.87706164164797,182.47764931331835,0.18736789755066496,0.3465877044557246,1.0,6.123233995736766e-17,1.0,6.123233995736766e-17,22,81,0,0,0,0,4,0.9844738167520922,0.1755314904214282,-0.9749279121818236,-0.2225209339563146,597.0983455764931,721.9671031619291,734.958799105717,573.7026874115984,723.9777227722773,667.21638454168,638.4425742574258,599.9821782178218,651.7554455445545,,596.0271935027604,75.49168491941188,601.4465866678833,73.41530259363873,612.7609397727791,74.40924928185906,609.056639855559,73.97591572734346,589.0513850631278,75.2995421951186,593.8875421340687,84.37688752413709,595.0630591271109,82.11268102791593,626.1588727978789,104.35183847754776,630.3215165492063,105.08568801223451,-0.01799485861182537,-12.991695943788045,0.23578888991588842,135.27271980654268,,,135.27271980654268,108.99322900031927,,2025-03-22
2025,3,1,6,12,1,678.8346726285531,708.9754072181411,597.0983455764931,570.1498562759501,543.0528904503353,721.9671031619291,554.3371063557968,661.636141807729,57.88748852030109,607.0957649313317,70.73214499003531,609.5394410731395,71.96083117891995,-30.140734589587964,124.49756627275633,-0.04251308900523554,0.2245881880273204,1.0,6.123233995736766e-17,1.0,6.123233995736766e-17,23,82,0,0,0,0,4,0.9873494423939864,0.15855938510313478,-0.7818314824680299,0.6234898018587334,708.9754072181411,691.3067007345895,703.778728840626,605.2645544554456,698.3063083451202,638.4490578090068,676.9029702970297,553.829702970297,691.0178217821782,,594.2454752018981,72.9733277893752,599.664868367021,71.00384158591203,615.213277045216,75.35993598992044,608.3612242942529,73.1932258962193,589.772556756334,75.97163845263943,593.9105385903963,84.40004557681006,596.4520032344249,82.46386276781342,626.0911886359142,104.31347901035211,630.561680688213,104.87951486242626,-0.01804123711340211,-12.472028106036419,0.12155034956457733,73.57011817310752,,,73.57011817310752,125.00496965825607,,2025-03-23
2025,3,1,0,13,0,507.7897157457681,678.8346726285531,708.9754072181411,597.0983455764931,570.1498562759501,691.3067007345895,552.9265793676142,631.8665985308207,108.50539434351334,600.9834813158735,78.39630356192453,605.778035771319,76.24135475230975,-171.04495688278502,-45.13686362184609,-0.25196850393700787,-0.08163265306122458,1.0,6.123233995736766e-17,1.0,6.123233995736766e-17,24,83,0,0,0,0,4,0.989932495087353,0.141540295217043,0.0,1.0,678.8346726285531,517.1437368252954,526.4977579048227,723.9777227722773,526.1955021216407,477.2777898435005,807.6683168316831,576.9059405940594,824.509900990099,,592.9091864762512,74.6860763702174,598.3285796413742,72.6438678810854,608.0070101443324,74.93599268899779,607.703874780829,74.03628438723347,590.3174125760173,75.25622061172258,590.3405552441353,81.54334831422747,595.6840451805549,82.96821953276188,624.3316320512236,103.61674673938289,629.9568926835705,104.97385210861887,-0.018087855297157618,-9.354021079527286,-0.2986114078188422,-216.18800702650918,,,-216.18800702650918,-69.11622484829132,,2025-03-24
2025,3,1,1,13,0,534.5897285212392,507.7897157457681,678.8346726285531,708.9754072181411,597.0983455764931,517.1437368252954,580.5432130309805,573.7380389651868,91.99748353471276,599.5729543276908,79.7121591661967,601.9485787288405,78.73730075652382,26.80001277547109,-45.953484509741315,0.05277777777777781,-0.07915601023017904,1.0,6.123233995736766e-17,1.0,6.123233995736766e-17,25,84,0,0,0,0,4,0.9922222094179323,0.12447926388678915,0.7818314824680298,0.6234898018587336,507.7897157457681,544.463417438518,554.3371063557968,698.3063083451202,558.0313437057991,502.1476077930374,915.3574257425743,615.3663366336634,934.4445544554455,,591.4986594880686,75.83787483318827,596.9180526531916,73.74709759103287,602.5497908168697,74.08973676190641,606.8666742385232,74.74790240221564,590.8967361604494,74.68787129852633,585.8076064676909,73.43873386338832,594.7865273126391,83.18952166008393,622.1102163515891,101.18891970961911,629.4894065847355,104.92763769093713,-0.0181347150259068,-9.873688917278855,-0.23444808942348583,-163.71657982388103,,,-163.71657982388103,-80.77660811242424,,2025-03-25
2025,3,1,2,13,0,533.1792015330565,534.5897285212392,507.7897157457681,678.8346726285531,708.9754072181411,544.463417438518,608.011370169275,525.186215266688,15.082308950608553,593.4111785372085,83.76723514659538,595.7125646758224,81.14017230541043,-1.4105269881827098,-74.83216863621851,-0.0026385224274406704,-0.1230769230769232,1.0,6.123233995736766e-17,1.0,6.123233995736766e-17,26,85,0,0,0,0,4,0.994217906893952,0.10738134666416309,0.9749279121818236,-0.22252093395631434,534.5897285212392,543.0528904503353,552.9265793676142,526.1955021216407,560.6341018387553,500.50199297349087,546.5792079207921,630.7504950495049,577.8712871287129,,590.0881324998858,76.97243996945083,595.5075256650089,74.83406487341217,602.7825807972501,73.85214941662022,605.8861420847483,75.55257995835845,591.4802577418703,74.09408428134411,585.6480825821227,73.53945728403328,593.702401829123,83.35119054018948,621.8619269871688,101.35277440526285,629.0196007064345,104.88606484739175,-0.018181818181818188,-9.873688917278855,0.013272062157994924,6.983699411415728,,,6.983699411415728,-97.57129351644846,,2025-03-26
2025,3,1,3,13,0,559.7564995209198,533.1792015330565,534.5897285212392,507.7897157457681,678.8346726285531,543.0528904503353,721.9671031619291,542.5084765250717,14.953866374438775,587.1875375279462,84.81908794011622,582.1950143724049,71.08314166452438,26.57729798786329,-162.21060364100936,0.049846839320523584,-0.2246786632390747,1.0,6.123233995736766e-17,1.0,6.123233995736766e-17,27,86,0,0,0,0,4,0.995918996147179,0.09025161003104117,0.43388373911755823,-0.900968867902419,533.1792015330565,570.1498562759501,580.5432130309805,558.0313437057991,592.8809052333805,525.1119770041521,573.614308527627,653.8267326732673,523.9366336633664,,588.6033672491673,77.51943895409379,594.0227604142902,75.35818381317566,602.8400859910876,73.81676533088928,604.7031275950176,76.02163781192846,592.0989099296697,73.67330195346224,585.4831086653761,73.5823097619253,592.6571770163191,83.17840109794773,622.060926241933,101.19447194856613,628.6833720599029,104.74116192246642,-0.01822916666666674,-10.393356755030368,0.003091503433595877,1.7251558151206154,,,1.7251558151206154,-94.07023315234756,,2025-03-27
2025,3,1,4,13,0,586.1853209837112,559.7564995209198,533.1792015330565,534.5897285212392,507.7897157457681,570.1498562759501,691.3067007345895,559.7070073458958,26.503094383681308,566.7225231555414,61.0363936511899,573.434899393165,62.355746538817414,26.42882146279146,-105.1213797508783,0.04721485411140591,-0.1520618556701031,1.0,6.123233995736766e-17,1.0,6.123233995736766e-17,28,87,0,0,0,0,4,0.9973249731081555,0.07309512989807777,-0.433883739117558,-0.9009688679024191,559.7564995209198,597.0983455764931,608.011370169275,560.6341018387553,625.4016831683168,549.5487384222293,600.476186521878,638.4425742574258,600.9861386138614,,587.0443637359127,77.42980621378373,592.4637569010357,75.2722462111086,603.6917932959194,73.45953716461467,603.3025432312817,75.98741790503537,592.7531346182676,73.45091533831814,585.3129793137313,73.56374525674458,592.0765408688335,83.03747429976902,621.978699477321,101.21770280756404,628.478067465332,104.5283701555209,-0.018276762402088864,-10.91302459278188,0.045575570699594614,25.551219144955894,,,25.551219144955894,-52.25725327371458,,2025-03-28
2025,3,1,5,13,1,695.9837112743531,586.1853209837112,559.7564995209198,533.1792015330565,534.5897285212392,597.0983455764931,517.1437368252954,613.9751772596613,72.24036537426086,569.5806962631747,67.40550796939937,588.3382305972532,68.72529991273512,109.79839029064192,178.83997444905776,0.18731003039513672,0.3458225667527992,1.0,6.123233995736766e-17,1.0,6.123233995736766e-17,29,88,0,0,0,0,5,0.9984354211555643,0.055916990100603484,-0.9749279121818236,-0.2225209339563146,586.1853209837112,708.9754072181411,721.9671031619291,592.8809052333805,747.950495049505,652.0594059405942,712.6873203449378,676.9029702970297,554.7564356435643,,585.1884071725144,74.10436266498768,590.6078003376375,72.08642455127494,607.1285534972852,75.32444481540693,601.4465866678835,72.89533039147092,593.5374972135133,74.32507206717449,585.1141268247958,73.23713832968375,592.2885491019149,83.28048599596937,622.7632954530476,101.24107752665314,628.8026138297985,104.38057960932846,-0.01832460732984298,-12.991695943787931,0.1739013773776159,103.10280604097261,,,103.10280604097261,19.080740977323444,,2025-03-29
2025,3,1,6,13,1,666.3626445225167,695.9837112743531,586.1853209837112,559.7564995209198,533.1792015330565,708.9754072181411,544.463417438518,649.5105589268604,56.805952322763524,596.009517725966,69.39054277805099,598.4964995209198,70.63308530543276,-29.62106675183645,121.89922708399865,-0.04255999999999993,0.22388873738751003,1.0,6.123233995736766e-17,1.0,6.123233995736766e-17,30,89,0,0,0,0,5,0.9992500112396835,0.03872228089217446,-0.7818314824680299,0.6234898018587334,695.9837112743531,678.8346726285531,691.3067007345895,625.4016831683168,716.2507569466624,629.2647241867045,682.1011561801341,807.6683168316831,577.8712871287129,,583.4066888716521,71.58462536358672,588.826082036775,69.67394858829438,608.4939188757585,76.03498088081663,599.664868367021,70.55754118786645,594.1999600766529,74.81302632288157,584.9267635907765,73.00579269774133,590.7184860762574,80.45855729945453,623.2549141052353,101.23672107485035,628.9823268953138,104.1617691472091,-0.018372703412073532,-12.472028106036419,0.0654954446983409,40.96096135419987,,,40.96096135419987,-141.30567230916643,,2025-03-30
2025,3,1,0,14,0,498.4356946662407,666.3626445225167,695.9837112743531,586.1853209837112,559.7564995209198,678.8346726285531,543.0528904503353,620.2606834877034,106.53801117390394,589.9838454167997,76.94887291576842,594.7783998722452,74.86450781781141,-167.926949856276,-44.61719578409463,-0.25200534759358295,-0.08215994531784021,1.0,6.123233995736766e-17,1.0,6.123233995736766e-17,31,90,0,1,0,1,5,0.9997685019798909,0.021516097436222254,0.0,1.0,666.3626445225167,507.7897157457681,517.1437368252954,747.950495049505,535.8517789843501,474.4143140028289,510.01686362184614,915.3574257425743,616.3960396039604,,582.0704001460052,73.29824360025933,587.4897933111282,71.31459696446723,600.1767588629831,73.87026203175014,598.3285796413742,72.1472607315635,594.6289133027851,74.1799138940271,584.7888925317811,73.15973725461595,586.0860223976315,73.23525798410571,622.5995788555814,101.66227034882586,628.3606762656517,104.30204327569915,-0.018421052631579116,-9.3540210795274,-0.3335980148883376,-249.5148003832643,,,-249.5148003832643,-416.9217310763336,,2025-03-31
2025,4,2,1,14,0,524.7160396039603,498.4356946662407,666.3626445225167,695.9837112743531,586.1853209837112,507.7897157457681,570.1498562759501,563.1714595975726,90.3270702346279,588.573318428617,78.26471312870528,590.9922484829127,77.33151168679122,26.280344937719633,-45.4338166719898,0.052725647899910744,-0.07968750000000002,0.8660254037844387,-0.49999999999999983,1.2246467991473532e-16,-1.0,1,91,1,0,1,0,1,0.9999907397361901,0.004303538296244289,0.7818314824680298,0.6234898018587336,498.4356946662407,534.5897285212392,544.463417438518,716.2507569466624,564.2107952730756,503.37342291372,536.7055190035132,546.5792079207921,631.8059405940594,,580.6598731578226,74.45018074732371,586.0792663229456,72.41783330465624,593.792268284893,71.73849740508703,596.9180526531916,73.21713259852172,595.010031457968,73.75615730436827,584.6461606341675,73.2662942481041,585.8430983052223,73.40384242579668,622.0046349611919,101.92111635612055,627.8694694568285,104.29776037722462,-0.01846965699208447,-9.873688917278855,-0.26741293532338317,-191.53471734270204,,,-191.53471734270204,-21.863168316831775,,2025-04-01
2025,4,2,2,14,0,525.444811881188,524.7160396039603,498.4356946662407,666.3626445225167,695.9837112743531,534.5897285212392,597.0983455764931,516.1988487171296,15.387657672115186,582.854703821995,81.95780691847239,585.0211206749707,79.55165235308274,0.7287722772276766,-71.6535336953051,0.001388888888888884,-0.12000290107339728,0.8660254037844387,-0.49999999999999983,1.2246467991473532e-16,-1.0,2,92,0,0,0,0,1,0.9999166586547379,-0.01291029607500882,0.9749279121818236,-0.22252093395631434,524.7160396039603,533.1792015330565,543.0528904503353,535.8517789843501,562.800268284893,505.97618104667606,535.0599041839668,573.614308527627,654.920792079208,,579.5549603504129,75.32454167082027,584.8215464251494,73.3692324746619,593.4453693814543,72.0528093255085,595.5839292102021,74.19563075055828,595.3576855800129,73.37375250577311,584.5316952496105,73.35215781984843,585.3078816758174,73.6691413117571,621.2853239600919,102.1441579405469,627.3863342795847,104.2878380458477,-0.014506172839506282,-7.734389651868469,-0.01942135402235179,-10.40696710316206,,,-10.40696710316206,-48.16949664643903,,2025-04-02
2025,4,2,3,14,0,553.8669306930692,525.444811881188,524.7160396039603,498.4356946662407,666.3626445225167,533.1792015330565,708.9754072181411,534.6759273927391,16.623890429513278,577.4683054402213,82.75328250838284,572.0954142978813,69.55321774793237,28.422118811881205,-155.10847652507186,0.05409153952843271,-0.21877835951134383,0.8660254037844387,-0.49999999999999983,1.2246467991473532e-16,-1.0,3,93,0,0,0,0,1,0.9995462806873573,-0.030120304846908114,0.43388373911755823,-0.900968867902419,525.444811881188,559.7564995209198,570.1498562759501,564.2107952730756,590.9365697860109,535.346251768034,561.4887256467582,600.476186521878,639.5108910891089,,578.7135933750056,75.61487948288054,583.6584803120865,73.74778598256484,593.100573895454,72.22208053495815,594.2600135283112,74.61119138224849,595.6884119893884,73.13970453840605,584.4409595953999,73.38571144577064,584.7900010554972,73.72511881640735,620.809524180114,102.25819305317701,627.0411727603993,104.16346560785728,-0.0105216622458002,-5.889568827850553,-0.018333333333333424,-10.343864580006425,,,-10.343864580006425,-46.60925582880884,,2025-04-03
2025,4,2,4,14,0,582.3657623762376,553.8669306930692,525.444811881188,524.7160396039603,498.4356946662407,559.7564995209198,678.8346726285531,553.892501650165,28.460483863066344,558.5319806238688,60.11173946687917,564.0563384435217,61.163596558415726,28.49883168316842,-96.46891025231548,0.051454293628809156,-0.1421095800524933,0.8660254037844387,-0.49999999999999983,1.2246467991473532e-16,-1.0,4,94,0,0,0,0,1,0.9988797155850336,-0.04732138832243185,-0.433883739117558,-0.9009688679024191,553.8669306930692,586.1853209837112,597.0983455764931,562.800268284893,618.9243947620569,564.9902970297031,587.7443244969659,712.6873203449378,678.0356435643564,,578.1679421453665,75.56574121624969,582.6061529406396,73.64629857849921,593.7527570318322,72.02710360549388,592.9543480859605,74.48336003873595,595.9986881562909,73.04390067697697,584.3769290939628,73.3851409171884,583.341983744734,72.45373840897001,620.2780248401798,102.20770712739373,626.8324091604734,103.96352759683795,-0.00651595744680844,-3.8195586074735957,0.034764542936287945,19.56549409134459,,,19.56549409134459,-130.32155796870018,,2025-04-04
2025,4,2,5,14,1,694.2514851485147,582.3657623762376,553.8669306930692,525.444811881188,524.7160396039603,586.1853209837112,507.7897157457681,610.1613927392738,74.20514525874825,563.1801207282018,70.327529036196,579.5948192270839,68.7805150517056,111.88572277227706,186.4617694027466,0.19212276888625412,0.3672027290448341,0.8660254037844387,-0.49999999999999983,1.2246467991473532e-16,-1.0,5,95,0,0,0,0,1,0.9979171608653922,-0.06450844944931623,-0.9749279121818236,-0.2225209339563146,582.3657623762376,695.9837112743531,708.9754072181411,590.9365697860109,734.958799105717,676.0321782178219,697.530341743852,682.1011561801341,809.0198019801979,,577.9204812702468,75.11712223353095,581.5544442213805,71.7844590669808,597.1965875439157,74.321174024887,591.5005154446319,71.96359140094407,596.3240329229104,73.44632591406757,584.3378950868754,73.32507621857054,583.4769873999381,72.65087653549519,619.6404230800039,101.37831668590172,627.1459862580921,103.82220155666394,-0.002488888888888985,-1.7322261258384515,0.17483249581239502,103.31491536250383,,,103.31491536250383,12.150328968380563,,2025-04-05
2025,4,2,6,14,1,667.4019801980197,694.2514851485147,582.3657623762376,553.8669306930692,525.444811881188,695.9837112743531,534.5897285212392,648.006409240924,58.41014355085998,591.3411683168316,72.99574560096538,590.6625068668156,71.51164340708537,-26.849504950494975,132.81225167678053,-0.03867403314917117,0.24843771698375217,0.8660254037844387,-0.49999999999999983,1.2246467991473532e-16,-1.0,6,96,0,0,0,0,1,0.9966589017541702,-0.08167639533042241,-0.7818314824680299,0.6234898018587334,694.2514851485147,666.3626445225167,678.8346726285531,618.9243947620569,703.778728840626,652.2785855728431,667.5504567230917,510.01686362184614,916.8891089108911,,578.0689577953186,75.3218211062303,580.7378233334854,70.64871480396326,598.8125070584477,75.33004026410838,590.2013458502532,70.16748607075772,596.5940935412171,73.68323256387744,584.336127509196,73.32304788646572,585.2257109174512,72.75687768087751,618.2543834760435,98.9684894242715,627.3323566004066,103.61668275582885,0.0015597147950088264,1.0393356755030254,0.07832553676382381,48.47758543596285,,,48.47758543596285,157.38511657617357,,2025-04-06
2025,4,2,0,15,0,501.24190099009894,667.4019801980197,694.2514851485147,582.3657623762376,553.8669306930692,666.3626445225167,533.1792015330565,620.9651221122111,104.54884617207327,587.428811881188,77.7547752600887,588.0010651549024,74.38217141593044,-166.16007920792077,-31.93730054295753,-0.24896551724137927,-0.059899749373433564,0.8660254037844387,-0.49999999999999983,1.2246467991473532e-16,-1.0,7,97,0,0,0,0,1,0.9951053111006976,-0.09882013873287143,0.0,1.0,667.4019801980197,498.4356946662407,507.7897157457681,734.958799105717,526.4977579048227,491.6747100424328,499.10383902906426,536.7055190035132,581.2871287128712,,578.4698444130127,74.83323180998258,580.270122279509,71.1883982518363,591.0219437879272,72.80755409550774,589.2993509604415,71.17186028383331,596.7649362367112,73.44625257650972,584.3615806277797,73.29346929468771,584.8316707173021,73.11774607861166,617.8096877664725,99.31475069405303,626.7512945929858,103.73031227452024,0.005630026809651634,2.806206323858248,-0.31800000000000017,-233.7168981156181,,,-233.7168981156181,-35.463618013414305,,2025-04-07
2025,4,2,1,15,0,529.8174455445544,501.24190099009894,667.4019801980197,694.2514851485147,582.3657623762376,498.4356946662407,559.7564995209198,566.1537755775577,88.83996646102288,588.1575841584157,77.07514774519213,585.5061439902054,75.90224825615577,28.575544554455462,-29.939053976365358,0.05700948882767065,-0.05348585322723254,0.8660254037844387,-0.49999999999999983,1.2246467991473532e-16,-1.0,8,98,0,0,0,0,2,0.9932568492674143,-0.11593459959550041,0.7818314824680298,0.6234898018587336,501.24190099009894,524.7160396039603,534.5897285212392,703.778728840626,554.3371063557968,521.592729844413,525.186215266688,535.0599041839668,527.0336633663367,,579.1986166902404,74.24502465905375,579.9292449240314,71.43495806903229,585.2232343447247,70.40533021586387,588.4236487886116,71.76633286884875,596.911806159928,73.30127853244534,584.4167143215639,73.2501484593575,584.7734211768643,73.15991851858978,617.8251532230182,99.30075169207534,626.3066439092775,103.69905610083065,0.009722222222222188,5.101405940594077,-0.24718178621659637,-173.96128329607154,,,-173.96128329607154,-5.242458639412348,,2025-04-08
2025,4,2,2,15,0,530.5462178217822,529.8174455445544,501.24190099009894,667.4019801980197,694.2514851485147,524.7160396039603,586.1853209837112,520.5351881188118,16.712449653799194,584.2707986798679,79.69375133305218,580.8695520600446,77.5387413901523,0.7287722772277903,-55.63910316192903,0.0013755158184320937,-0.09491725768321502,0.8660254037844387,-0.49999999999999983,1.2246467991473532e-16,-1.0,9,99,0,0,0,0,2,0.9911140639934547,-0.1330147065341959,0.9749279121818236,-0.22252093395631434,529.8174455445544,525.444811881188,533.1792015330565,526.4977579048227,552.9265793676142,524.1954879773692,523.5406004471415,561.4887256467582,604.5386138613861,,579.9273889674681,73.6521200653478,579.7411746589404,71.57084369242725,585.3581830086234,70.29267715326966,587.6243501619747,72.2989787563084,597.0252120500069,73.19156273683248,584.5001145284048,73.18396012098225,584.4296155343644,73.34304740526973,617.4140843561315,99.50899279340229,625.8693816896998,103.6631019092618,0.009708737864077888,5.101405940594191,0.007689415303628655,4.048459916959473,,,4.048459916959473,-30.94250782497602,,2025-04-09
2025,4,2,3,15,0,559.2368316831682,530.5462178217822,529.8174455445544,501.24190099009894,667.4019801980197,525.444811881188,695.9837112743531,539.8668316831682,16.77886921867967,580.4159768976897,80.36091393471249,569.4739787607792,68.61832277799604,28.690613861386055,-136.7468795911849,0.05407750144592227,-0.19648,0.8660254037844387,-0.49999999999999983,1.2246467991473532e-16,-1.0,10,100,0,0,0,0,2,0.9886775902323405,-0.1500553983446526,0.43388373911755823,-0.900968867902419,530.5462178217822,553.8669306930692,559.7564995209198,554.3371063557968,580.5432130309805,554.5244695898161,549.3631427658895,587.7443244969659,558.0356435643564,,580.6945176803393,73.36284369573706,579.7040555276725,71.58213959655733,585.5215071862024,70.22377309778781,586.8634079709813,72.48814428385292,597.1093613731024,73.14450443673857,584.6176584440867,73.13475791424564,584.1128656142113,73.39011436936009,617.4207576234581,99.50502871129092,625.5665064623973,103.52367543865314,0.00969529085872578,5.36990099009904,0.008838891120932058,4.8997253273714705,,,4.8997253273714705,-28.507492813797626,,2025-04-10
2025,4,2,4,15,0,588.0041584158416,559.2368316831682,530.5462178217822,529.8174455445544,501.24190099009894,553.8669306930692,666.3626445225167,559.262402640264,28.728978832052963,562.7080891089108,59.17266981047954,562.9441049185563,61.9658992773318,28.767326732673382,-78.35848610667506,0.05144032921810715,-0.11759135472370752,0.8660254037844387,-0.49999999999999983,1.2246467991473532e-16,-1.0,11,101,0,0,0,0,2,0.9859481499638304,-0.16705162550211924,-0.433883739117558,-0.9009688679024191,559.2368316831682,582.3657623762376,586.1853209837112,552.9265793676142,608.011370169275,585.1274257425744,575.0124624720537,697.530341743852,581.2871287128712,,581.5000028288542,73.41518593511843,579.8339724871104,71.59645663132034,586.6907598211434,69.95384947148533,586.148864694073,72.37047373530052,597.1607315994107,73.13694617537881,584.7723214910365,73.1279373144319,582.8959080216778,72.38955326144247,617.4580744551414,99.49266076533898,625.3965410866211,103.31902704967037,0.009681881051175623,5.638396039604004,0.06343984962406024,35.07757904822745,,,35.07757904822745,-109.52618332801035,,2025-04-11
2025,4,2,5,15,1,700.9638613861385,588.0041584158416,559.2368316831682,530.5462178217822,529.8174455445544,582.3657623762376,498.4356946662407,616.0682838283828,74.91551300287774,568.3017359735974,71.37666101410703,579.8214521452145,69.87487478922742,112.95970297029692,202.52816671989785,0.19210697977821245,0.4063275742230168,0.8660254037844387,-0.49999999999999983,1.2246467991473532e-16,-1.0,12,102,0,0,0,0,2,0.9829265519799822,-0.18399835165768005,-0.9749279121818236,-0.2225209339563146,588.0041584158416,694.2514851485147,695.9837112743531,580.5432130309805,721.9671031619291,700.0049504950496,682.3733631427659,667.5504567230917,620.039603960396,,582.4589137199433,75.1565225831651,580.1896974950951,72.22752534578854,590.7047814329819,72.97847319474208,585.3987489163662,71.00658351219008,597.1778550081801,73.16157079254073,584.9936369463148,73.45428044182484,583.2671680734894,72.91238889483553,617.9076536630622,99.68703818111089,625.7369344213035,103.2096972362011,0.009668508287292932,6.712376237623857,0.20742753623188404,120.42064835515805,,,120.42064835515805,33.41340466304689,,2025-04-12
2025,4,2,6,15,1,673.8458613861386,700.9638613861385,588.0041584158416,559.2368316831682,530.5462178217822,694.2514851485147,524.7160396039603,654.2712937293729,58.96902914238934,597.0690627062705,73.6889748939849,592.2489372937292,72.39924270779025,-27.117999999999938,149.12982178217828,-0.0386867305061559,0.2842105263157897,0.8660254037844387,-0.49999999999999983,1.2246467991473532e-16,-1.0,13,103,0,0,0,0,2,0.9796136916454901,-0.20089055513063506,-0.7818314824680299,0.6234898018587334,700.9638613861385,667.4019801980197,666.3626445225167,608.011370169275,691.3067007345895,675.2924469589816,652.9997572660492,499.10383902906426,635.540594059406,,583.3794681753889,76.39953647140118,580.7242129853538,72.93848871510181,592.8992644735441,74.49098937244034,584.7751475110643,70.11307037179878,597.1520231229508,73.13373871378072,585.2418048525063,73.72153820548162,585.2087460996792,72.9725993590938,618.1204607037663,99.76574545427228,625.9526695198007,103.02736198408269,0.009655172413793212,6.443881188118894,0.1082783882783882,65.83449121686363,,,65.83449121686363,174.74202235707435,,2025-04-13
2025,4,2,0,16,0,506.07481188118805,673.8458613861386,700.9638613861385,588.0041584158416,559.2368316831682,667.4019801980197,525.444811881188,626.961511551155,105.56534516034213,593.1119570957096,78.50292563733518,590.6347706270626,74.2171727869851,-167.77104950495055,-19.369999999999948,-0.2489754098360657,-0.036864004671873785,0.8660254037844387,-0.49999999999999983,1.2246467991473532e-16,-1.0,14,104,0,0,0,0,2,0.9760105506323683,-0.21772323039653177,0.0,1.0,673.8458613861386,501.24190099009894,498.4356946662407,721.9671031619291,517.1437368252954,508.9351060820368,488.1908144362823,525.186215266688,658.7920792079208,,584.0698840169731,75.55067643826459,581.2698642149928,72.30132742313367,585.702854764186,71.97812087016166,584.3798287630606,70.53843464048235,597.1009464407928,73.19744077308249,585.4547095839932,73.46325379812214,584.9963971731735,73.17674769943459,617.2720314408399,100.0668488012202,625.4175005124854,103.10767653763287,0.009641873278236845,4.832910891089114,-0.2990334190231364,-215.89229128074106,,,-215.89229128074106,-19.111403385499955,,2025-04-14
2025,4,2,1,16,0,534.9188514851485,506.07481188118805,673.8458613861386,700.9638613861385,588.0041584158416,501.24190099009894,553.8669306930692,571.6131749174916,89.7030450548686,593.8407293729373,77.8232944864472,589.0557640264026,75.26471257664971,28.844039603960425,-18.948079207920728,0.05699560406245263,-0.03421052631578936,0.8660254037844387,-0.49999999999999983,1.2246467991473532e-16,-1.0,15,105,0,0,0,0,3,0.9721181966290613,-0.23449138957040985,0.7818314824680298,0.6234898018587336,506.07481188118805,529.8174455445544,524.7160396039603,691.3067007345895,544.463417438518,539.8120367751061,513.6669115298627,523.5406004471415,643.2910891089109,,584.7986562942008,74.9624432823893,581.9986364922205,71.7366503739741,580.4899264558713,69.69298453163235,584.0389514075831,70.76118558748463,597.0135681320436,73.26995659504962,585.7077088691752,73.24932911762474,585.1228221847069,73.07914342095634,616.6699634540413,100.23530400994888,625.0152842945862,103.0540261341804,0.009628610729023324,5.101405940594077,-0.22622064719358537,-156.38784924944105,,,-156.38784924944105,11.378251038006965,,2025-04-15
2025,4,2,2,16,0,535.6476237623763,534.9188514851485,506.07481188118805,673.8458613861386,700.9638613861385,529.8174455445544,582.3657623762376,525.547095709571,16.86742883125468,589.9091947194719,80.47184829555106,585.1625858085807,76.83414122549749,0.7287722772277903,-46.718138613861356,0.0013623978201635634,-0.08022130013831252,0.8660254037844387,-0.49999999999999983,1.2246467991473532e-16,-1.0,16,106,0,0,0,0,3,0.9679377830240642,-0.25119006388481935,0.9749279121818236,-0.22252093395631434,534.9188514851485,530.5462178217822,525.444811881188,517.1437368252954,543.0528904503353,542.4147949080623,512.0212967103163,549.3631427658895,682.0435643564356,,585.5274285714285,74.3695575854228,582.7274087694483,71.16749304709569,581.1067226871073,69.1931155478387,583.7744775972989,70.93367541545838,596.8927257901562,73.36715824588661,585.9889746674141,73.00793895182328,584.9704275291124,73.16879803274351,615.8566526729632,100.29580943532689,624.6198521683374,102.99645896085707,0.009615384615384581,5.101405940594077,0.03578093597473453,18.503886937080892,,,18.503886937080892,-13.715519003513236,,2025-04-16
2025,4,2,3,16,0,564.6067326732673,535.6476237623763,534.9188514851485,506.07481188118805,673.8458613861386,530.5462178217822,694.2514851485147,545.0577359735973,16.933848683343882,586.0096237623762,81.14670337222066,574.3588564356436,68.79471845148821,28.95910891089102,-129.6447524752474,0.05406373075545989,-0.18674033149171254,0.8660254037844387,-0.49999999999999983,1.2246467991473532e-16,-1.0,17,107,0,0,0,0,3,0.9634705485641488,-0.2678143051621742,0.43388373911755823,-0.900968867902419,535.6476237623763,559.2368316831682,553.8669306930692,544.463417438518,570.1498562759501,573.7026874115984,537.2375598850208,575.0124624720537,813.8019801980198,,586.2945572842998,74.0803023747391,583.4945374823196,70.8898114426268,581.7781665282656,68.92247586043642,583.5765088972031,70.98082815982643,596.7302980269718,73.42947451747597,586.3147981529885,72.84864584824146,584.8548083091258,73.19292756036528,614.472234631159,99.2627812035665,624.3554771925883,102.84550196886549,0.009602194787380114,5.36990099009904,0.03699663666939368,20.143315234749252,,,20.143315234749252,-10.40572979878641,,2025-04-17
2025,4,2,4,16,0,593.6425544554456,564.6067326732673,535.6476237623763,534.9188514851485,506.07481188118805,559.2368316831682,667.4019801980197,564.632303630363,28.997473802530692,568.1227392739274,59.746260810166085,568.2122376237623,62.75588578774541,29.035821782178346,-73.75942574257408,0.051426630434782794,-0.11051724137931007,0.8660254037844387,-0.49999999999999983,1.2246467991473532e-16,-1.0,18,108,0,0,0,0,3,0.9587178169872964,-0.2843591872810034,-0.433883739117558,-0.9009688679024191,564.6067326732673,588.0041584158416,582.3657623762376,543.0528904503353,597.0983455764931,605.2645544554456,562.2806004471416,682.3733631427659,922.3089108910891,,587.1000424328147,74.13262426413388,584.3000226308344,70.94004759683153,583.4644886617693,68.56025009678491,583.453087785737,70.95944688949375,596.5227623126863,73.42133869692863,586.6881547483254,72.80433721359996,583.8689104348223,72.45851892147026,612.6463104287387,96.55447382934209,624.2207713911096,102.63887616975704,0.009589041095890538,5.638396039604004,0.09315789473684233,50.58966400511031,,,50.58966400511031,-88.73080868732029,,2025-04-18
2025,4,2,5,16,1,707.6762376237623,593.6425544554456,564.6067326732673,535.6476237623763,534.9188514851485,588.0041584158416,501.24190099009894,621.9751749174917,75.62588081060127,573.7611353135313,72.04877472533346,585.4150990099009,70.54027427310623,114.03368316831666,206.43433663366335,0.19209149059895303,0.4118457300275482,0.8660254037844387,-0.49999999999999983,1.2246467991473532e-16,-1.0,19,109,0,0,0,0,3,0.9536809966304457,-0.30081980763566735,-0.9749279121818236,-0.2225209339563146,593.6425544554456,700.9638613861385,694.2514851485147,570.1498562759501,708.9754072181411,723.9777227722773,667.21638454168,652.9997572660492,564.6534653465346,,588.0589533239038,75.87389635785412,585.2589335219236,72.61164759520601,588.0487013733631,72.14342942474957,583.4066888716521,70.87470472267957,596.2316643636055,72.93754445124846,587.1698196659693,73.474277790117,584.4764268832414,73.26932411768797,613.4408813858344,96.74561819907491,624.5852057414704,102.56192248992676,0.009575923392612928,6.712376237623744,0.2412109375,137.52638134781216,,,137.52638134781216,54.6764803577131,,2025-04-19
2025,4,2,6,16,1,680.2897425742574,707.6762376237623,593.6425544554456,564.6067326732673,535.6476237623763,700.9638613861385,529.8174455445544,660.5361782178218,59.52791532399279,602.7969570957094,74.38220459603626,597.9544570957096,73.0868139742277,-27.3864950495049,150.472297029703,-0.038699186991869805,0.2840078187214943,0.8660254037844387,-0.49999999999999983,1.2246467991473532e-16,-1.0,20,110,0,0,0,0,3,0.9483615800121715,-0.3171912885891061,-0.7818314824680299,0.6234898018587334,707.6762376237623,673.8458613861386,667.4019801980197,597.0983455764931,678.8346726285531,698.3063083451202,638.4490578090068,488.1908144362823,511.9524752475248,,588.9795077793494,77.11709909661309,586.179487977369,73.80503340621814,590.8217479399552,74.07623702682073,583.4586556554273,70.94776173557106,595.9099399748401,72.51763768925915,587.6679230560318,73.96628074354005,586.6108594181078,73.23091869737517,614.3760884265384,96.57255830522179,624.8273993798739,102.40363742943615,0.0095628415300546,6.44388118811878,0.13932612209374606,83.19139699776429,,,83.19139699776429,192.09892813797507,,2025-04-20
2025,4,2,0,17,0,510.9077227722772,680.2897425742574,707.6762376237623,593.6425544554456,564.6067326732673,673.8458613861386,530.5462178217822,632.957900990099,106.58184427952659,598.795102310231,79.25107811980456,596.3179158415842,74.93004626922047,-169.38201980198016,-19.638495049504968,-0.24898511502029763,-0.037015615962984416,0.8660254037844387,-0.49999999999999983,1.2246467991473532e-16,-1.0,21,111,0,0,0,0,3,0.9427611433904207,-0.3334687789181868,0.0,1.0,680.2897425742574,506.07481188118805,501.24190099009894,708.9754072181411,507.7897157457681,526.1955021216407,477.2777898435005,513.6669115298627,587.239603960396,,589.6699236209334,76.26812367392287,586.8699038189533,72.99006778933837,584.2194917917598,71.9793189886059,583.5700130492312,70.82693941201725,595.6369439150301,72.81302683927385,588.0682794004218,73.4507924702042,586.5802017652456,73.26237013427337,613.9520224199379,96.85955126915526,624.3342406066809,102.45531683088481,0.009549795361528002,4.8329108910891705,-0.279371727748691,-198.06768444586385,,,-198.06768444586385,-2.7591887575854344,,2025-04-21
2025,4,2,1,17,0,540.0202574257426,510.9077227722772,680.2897425742574,707.6762376237623,593.6425544554456,506.07481188118805,559.2368316831682,577.0725742574258,90.56612388192272,599.5238745874587,78.5714434203781,594.7165346534653,75.99238996182449,29.11253465346533,-19.21657425742569,0.0569819819819819,-0.03436213991769543,0.8660254037844387,-0.49999999999999983,1.2246467991473532e-16,-1.0,22,112,0,0,0,0,4,0.9368813462954315,-0.3496474552512284,0.7818314824680298,0.6234898018587336,510.9077227722772,534.9188514851485,529.8174455445544,678.8346726285531,534.5897285212392,558.0313437057991,502.1476077930374,512.0212967103163,542.0673267326732,,590.3986958981612,75.67986502641277,587.5986760961811,72.42535722126757,579.5923446183327,70.12522632446537,583.7639605101062,70.69516041372869,595.3153173743148,73.02163690153775,588.5191442770017,73.03207292312982,586.8913013287504,73.001189134841,613.9406498126772,96.86815844054838,623.9708182653836,102.3830629333218,0.0095367847411445,5.101405940594077,-0.20448928258967625,-138.81441520281055,,,-138.81441520281055,27.99896071542628,,2025-04-22
2025,4,2,2,17,0,540.7490297029702,540.0202574257426,510.9077227722772,680.2897425742574,707.6762376237623,534.9188514851485,588.0041584158416,530.55900330033,17.022408673621864,595.5475907590759,81.24994670649961,590.7786072607261,77.5796511412804,0.7287722772276766,-47.2551287128714,0.0013495276653170407,-0.08036529680365312,0.8660254037844387,-0.49999999999999983,1.2246467991473532e-16,-1.0,23,113,0,0,0,0,4,0.9307239310379795,-0.36572252349726897,0.9749279121818236,-0.22252093395631434,540.0202574257426,535.6476237623763,530.5462178217822,507.7897157457681,533.1792015330565,560.6341018387553,500.50199297349087,537.2375598850208,564.6534653465346,,591.127468175389,75.08699788972334,588.3274483734087,71.85620878785788,580.6909884169061,69.2137739678698,584.0343115161746,70.50877906485107,594.9602268004613,73.24136959464089,588.9982756666384,72.5782856409837,586.930317660061,72.97528671496812,613.8078473924351,96.95245605419835,623.6136432071759,102.30754630772987,0.009523809523809268,5.101405940593963,0.06490740740740741,32.95931395720214,,,32.95931395720214,3.5114698179494326,,2025-04-23
2025,4,2,3,17,0,569.9766336633663,540.7490297029702,540.0202574257426,510.9077227722772,680.2897425742574,535.6476237623763,700.9638613861385,550.2486402640263,17.08882880512651,591.6032706270627,81.93249406028694,579.863004950495,69.45682267459561,29.227603960396095,-130.98722772277222,0.05405021988934622,-0.18686730506155946,0.8660254037844387,-0.49999999999999983,1.2246467991473532e-16,-1.0,24,114,0,0,0,0,4,0.9242907221930934,-0.3816892202666588,0.43388373911755823,-0.900968867902419,540.7490297029702,564.6067326732673,559.2368316831682,534.5897285212392,559.7564995209198,592.8809052333805,525.1119770041521,562.2806004471416,602.2970297029703,,591.8945968882601,74.79776344282693,589.09457708628,71.57854279276778,581.8705519216438,68.70064468686904,584.3993163069762,70.40482141903382,594.5512219509968,73.31710584169764,589.5323787221054,72.26689386214035,587.0158291402413,72.95058283291532,613.6282896366595,97.00380878745212,623.3844252176724,102.14796407432166,0.009510869565217517,5.36990099009904,0.06619451002175625,35.38690514212715,,,35.38690514212715,7.696033216224691,,2025-04-24
2025,4,2,4,17,0,599.2809504950495,569.9766336633663,540.7490297029702,540.0202574257426,510.9077227722772,564.6067326732673,673.8458613861386,570.0022046204621,29.265968774457917,573.5373894389439,60.31985516695775,573.6492623762376,63.3516194243548,29.304316831683195,-74.56491089108908,0.0514131897711978,-0.11065573770491799,0.8660254037844387,-0.49999999999999983,1.2246467991473532e-16,-1.0,25,115,0,0,0,0,4,0.9175836260593937,-0.39754281428255595,-0.433883739117558,-0.9009688679024191,569.9766336633663,593.6425544554456,588.0041584158416,533.1792015330565,586.1853209837112,625.4016831683168,549.5487384222293,667.21638454168,617.3544554455445,,592.700082036775,74.85006537068075,589.9000622347949,71.62876041956916,584.0739435537103,68.14290389008926,584.8670173609527,70.4606005267458,594.0847802961172,73.20026404226502,590.1244288658293,72.13898290429327,586.2609909841676,72.4612344661041,613.5278812758235,97.0092840585991,623.2818572401293,101.94159201640333,0.009497964721845165,5.63839603960389,0.12397660818713474,66.10174896199305,,,66.10174896199305,-67.93543404663046,,2025-04-25
2025,4,2,5,17,1,714.3886138613861,599.2809504950495,569.9766336633663,540.7490297029702,540.0202574257426,593.6425544554456,506.07481188118805,627.8820660066007,76.33624868014353,579.2205346534653,72.72088877483868,591.0087458745875,71.2056836402122,115.10766336633662,208.3138019801981,0.19207629288274441,0.41162649689252717,0.8660254037844387,-0.49999999999999983,1.2246467991473532e-16,-1.0,26,116,0,0,0,0,4,0.9106046300942163,-0.4132786077829042,-0.9749279121818236,-0.2225209339563146,599.2809504950495,707.6762376237623,700.9638613861385,559.7564995209198,695.9837112743531,747.950495049505,652.0594059405942,638.4490578090068,639.940594059406,,593.6589929278642,76.59127405625048,590.8589731258841,73.30032532878286,589.228347365059,71.98029999176772,585.5243353104895,71.61202685532942,593.4854609891864,72.04589017143657,590.8664432458387,73.09789804960586,587.104763829194,73.5103090088482,613.9414813858344,97.28084890561043,623.667902819033,101.8971927562229,0.009485094850948617,6.712376237623857,0.27624889478337766,154.6321143404664,,,154.6321143404664,75.93955605237932,,2025-04-26
2025,4,2,6,17,1,686.7336237623763,714.3886138613861,599.2809504950495,569.9766336633663,540.7490297029702,707.6762376237623,534.9188514851485,666.8010627062707,60.08680207920512,608.5248514851486,75.0754346957889,603.6599768976897,73.77439531595617,-27.654990099009865,151.8147722772278,-0.03871140939597306,0.28380897748458356,0.8660254037844387,-0.49999999999999983,1.2246467991473532e-16,-1.0,27,117,0,0,0,0,4,0.9033558023246845,-0.4288919379124835,-0.7818314824680299,0.6234898018587334,714.3886138613861,680.2897425742574,673.8458613861386,586.1853209837112,666.3626445225167,716.2507569466624,629.2647241867045,477.2777898435005,624.8831683168318,,594.5795473833097,77.8346621012607,591.7795275813296,74.49390844349603,592.5799574576812,74.14216637989388,586.2518702833416,72.56090462800174,592.9583693251814,71.23481142313271,591.5505968122158,73.72783676025897,589.432050872737,73.30953414469245,614.2850950271986,97.42883381091644,623.9340029074015,101.76356795162701,0.009472259810554995,6.443881188118894,0.17152988855116535,100.54830277866506,,,100.54830277866506,209.45583391887578,,2025-04-27
2025,4,2,0,18,0,515.7406336633663,686.7336237623763,714.3886138613861,599.2809504950495,569.9766336633663,680.2897425742574,535.6476237623763,638.9542904290429,107.59834352591645,604.4782475247524,79.99923264843292,602.0010610561056,75.64293042800941,-170.99299009900994,-19.90699009900993,-0.24899463806970512,-0.03716433941997854,0.8660254037844387,-0.49999999999999983,1.2246467991473532e-16,-1.0,28,118,0,0,0,0,4,0.895839290734909,-0.4443781781046132,0.0,1.0,686.7336237623763,510.9077227722772,506.07481188118805,695.9837112743531,498.4356946662407,535.8517789843501,474.4143140028289,502.1476077930374,662.5267326732672,,595.269963224894,76.98557344406126,592.4699434229138,73.67882108594364,586.5718548706483,72.76409466652025,586.8699038189533,71.85550071181946,592.5992417301638,71.57781567065705,592.0425768081745,73.0717426675709,589.5830844935185,73.14149837716288,613.4696166993658,97.6368729893653,623.4794089189812,101.79053177274524,0.009459459459459474,4.832910891089114,-0.2589759999999999,-180.2430776109868,,,-180.2430776109868,13.593025870328916,,2025-04-28
2025,4,2,1,18,0,545.1216633663366,515.7406336633663,686.7336237623763,714.3886138613861,599.2809504950495,510.9077227722772,564.6067326732673,582.5319735973598,91.42920293558105,605.2070198019802,79.31959448494058,600.377305280528,76.72007752723003,29.381029702970295,-19.485069306930654,0.056968615201546946,-0.03451086956521732,0.8660254037844387,-0.49999999999999983,1.2246467991473532e-16,-1.0,29,119,0,0,0,0,5,0.8880573226294932,-0.45973273945210397,0.7818314824680298,0.6234898018587336,515.7406336633663,540.0202574257426,534.9188514851485,666.3626445225167,524.7160396039603,564.2107952730756,503.37342291372,500.50199297349087,790.5148514851485,,595.9987355021216,76.39728980320822,593.1987157001414,73.11407773032421,582.530488832109,71.53618804138101,587.5986760961811,71.30313281255363,592.2583643746863,71.76068976970157,592.5395796707057,72.60185276921007,590.0788586089946,72.68066738892483,612.1063212098168,96.86111520266059,623.1515522430286,101.7028394033023,0.009446693657219951,5.101405940594077,-0.18194444444444435,-121.24098115618006,,,-121.24098115618006,44.61967039284576,,2025-04-29
2025,4,2,2,18,0,545.8504356435643,545.1216633663366,515.7406336633663,686.7336237623763,714.3886138613861,540.0202574257426,593.6425544554456,535.570910891089,17.177389162904674,601.1859867986799,82.02804652467906,596.3946287128713,78.32517031037732,0.7287722772276766,-47.79211881188132,0.0013368983957218195,-0.0805065581184986,0.8660254037844387,-0.49999999999999983,1.2246467991473532e-16,-1.0,30,120,0,1,0,0,5,0.8800122039735357,-0.47495107206704995,0.9749279121818236,-0.22252093395631434,545.1216633663366,540.7490297029702,535.6476237623763,498.4356946662407,525.444811881188,562.800268284893,505.97618104667606,525.1119770041521,895.9168316831683,,596.7275077793494,75.80444089919678,593.9274879773692,72.5449381287026,584.1109801980198,70.12400668486877,588.3274483734087,70.74645231545563,591.9556887918054,71.92276146428792,593.0142731778116,72.15805403511897,590.3092859272103,72.50504412224399,610.1615078984856,94.61926534393378,622.8294642571976,101.6124362308508,0.009433962264151052,5.101405940594077,0.09512709760699045,47.41474097732362,,,47.41474097732362,20.738458639412215,,2025-04-30
2025,5,2,3,18,0,575.3465346534654,545.8504356435643,545.1216633663366,515.7406336633663,686.7336237623763,540.7490297029702,707.6762376237623,555.4395445544554,17.24380956631027,597.1969174917491,82.71828596327207,585.3671534653465,70.11893701118608,29.49609900990106,-132.32970297029692,0.05403696156278559,-0.1869918699186991,0.49999999999999994,-0.8660254037844387,1.2246467991473532e-16,-1.0,1,121,1,0,0,0,1,0.8717063187093218,-0.49002866642905923,0.43388373911755823,-0.900968867902419,545.8504356435643,569.9766336633663,564.6067326732673,524.7160396039603,553.8669306930692,590.9365697860109,535.346251768034,549.5487384222293,542.7475247524752,,597.4946364922207,75.51522683190537,594.6946166902405,72.26728749772093,585.7986633663367,69.24905611105248,589.09457708628,70.47487945735897,591.6772953072957,71.9569421945104,593.4904670216857,71.90444090881758,590.5959281075573,72.39299842132097,610.3426135090467,94.52065765052944,622.6324396530327,101.44664265280188,0.009421265141319024,5.36990099009904,0.09649122807017574,50.63049504950504,,,50.63049504950504,25.79779623123602,,2025-05-01
2025,5,2,4,18,0,605.4130309805174,575.3465346534654,545.8504356435643,545.1216633663366,515.7406336633663,569.9766336633663,680.2897425742574,575.5366670925157,29.781752862722584,579.0343203449378,60.93587674871217,579.1274274992015,63.96564967656009,30.06649632705205,-74.87671159373997,0.05225806451612902,-0.11006591295997203,0.49999999999999994,-0.8660254037844387,1.2246467991473532e-16,-1.0,2,122,0,0,0,0,1,0.8631421280499114,-0.5049610547215204,-0.433883739117558,-0.9009688679024191,575.3465346534654,599.2809504950495,593.6425544554456,525.444811881188,582.3657623762376,618.9243947620569,564.9902970297031,652.0594059405942,492.0910891089109,,598.3706479901447,75.57494644544231,595.5353650134599,72.32255340921161,588.4642706696475,68.37939131831344,589.9176938221472,70.5279502067515,591.4360209540538,71.88653815174872,593.9716900449096,71.846646520792,590.0776350524453,72.11445526338883,610.9721798527779,94.10511267469644,622.5612850717414,101.2420048812274,0.010232396808879551,6.132080485467895,0.15219147147543177,79.96821909932942,,,79.96821909932942,-46.64637496007674,,2025-05-02
2025,5,2,5,18,1,722.2764292558288,605.4130309805174,575.3465346534654,545.8504356435643,545.1216633663366,599.2809504950495,510.9077227722772,634.3453316299372,77.62027439797089,584.9581212605132,73.85732012547581,596.7414863728308,72.0620285050157,116.8633982753114,211.3687064835516,0.19303086041283457,0.4137120991959702,0.49999999999999994,-0.8660254037844387,1.2246467991473532e-16,-1.0,3,123,0,0,0,0,1,0.854322169749827,-0.5197438121555155,-0.9749279121818236,-0.2225209339563146,605.4130309805174,714.3886138613861,707.6762376237623,553.8669306930692,694.2514851485147,734.958799105717,676.0321782178219,629.2647241867045,564.4574257425743,,599.4974787607792,77.62411692943576,596.5782358443217,74.14625279845315,594.0779206217396,72.24475149372873,590.9185846831226,72.24147327681155,591.2095500638773,71.44478384394858,594.5222168429812,72.65563227754144,591.1110984421023,73.3384331082068,611.8489520945182,94.40403692797256,622.9716354593303,101.23490782229582,0.011041350941762174,7.8878153944426685,0.3040612992583329,168.4094985627596,,,168.4094985627596,93.01170506912433,,2025-05-03
2025,5,2,6,18,1,694.8701373363142,722.2764292558288,605.4130309805174,575.3465346534654,545.8504356435643,714.3886138613861,540.0202574257426,674.1865325242202,61.11564525659729,614.8130385393378,76.44110524425759,609.6456430320451,74.79427706136428,-27.406291919514615,154.84987991057164,-0.037944325481798824,0.28674827986775075,0.49999999999999994,-0.8660254037844387,1.2246467991473532e-16,-1.0,4,124,0,0,0,0,1,0.8452490573530633,-0.5343725582809787,-0.7818314824680299,0.6234898018587334,722.2764292558288,686.7336237623763,680.2897425742574,582.3657623762376,667.4019801980197,703.778728840626,652.2785855728431,474.4143140028289,521.0376237623761,,600.6598378427705,79.19318429535225,597.61969261304,75.50250385138919,597.8280664537422,74.50059197171883,591.8995902952047,73.49419013211313,591.0504680727289,71.19907082701796,595.0292591258797,73.21005478854217,593.5606075902522,73.07811610026832,612.81468828104,94.35899045316941,623.2663014506294,101.13119044584934,0.011848136296808587,8.136513573937918,0.19318507753790826,112.50437496007658,,,112.50437496007658,220.45582333348528,,2025-05-04
2025,5,2,0,19,0,522.2661769402747,694.8701373363142,722.2764292558288,605.4130309805174,575.3465346534654,686.7336237623763,540.7490297029702,646.4709145108059,108.4337993220628,611.0037908016608,81.0397241643732,608.1054053018205,76.51261480752574,-172.6039603960395,-18.48285276269553,-0.2483974358974358,-0.034180094179453335,0.49999999999999994,-0.8660254037844387,1.2246467991473532e-16,-1.0,5,125,0,0,0,0,1,0.835925479418637,-0.548842958284719,0.0,1.0,694.8701373363142,515.7406336633663,510.9077227722772,694.2514851485147,501.24190099009894,526.4977579048227,491.6747100424328,503.37342291372,542.7475247524752,,601.5920583109001,78.05721642834561,598.431010767897,74.55412924244023,592.0952228468008,73.43445741033716,592.6504572934252,72.63605388206565,590.9749041269333,71.27103572423788,595.3934432556158,72.76445482397283,593.770527079436,72.84289584638533,612.7009030154168,94.45625366284662,622.8540560444646,101.12980995866874,0.01265276158397044,6.525543276908365,-0.2477276777757973,-171.98530820823999,,,-171.98530820823999,18.892754026554712,,2025-05-05
2025,5,2,1,19,0,552.4564037048866,522.2661769402747,694.8701373363142,722.2764292558288,605.4130309805174,515.7406336633663,569.9766336633663,589.8642393271585,92.18211003527834,612.1047854785479,80.01593363202073,606.6453861386138,77.46753616376571,30.190226764611907,-17.520229958479717,0.05780620705993833,-0.030738505622367907,0.49999999999999994,-0.8660254037844387,1.2246467991473532e-16,-1.0,6,126,0,0,0,0,1,0.8263541987239096,-0.5631507242749186,0.7818314824680298,0.6234898018587336,522.2661769402747,545.1216633663366,540.0202574257426,667.4019801980197,529.8174455445544,554.3371063557968,521.592729844413,505.97618104667606,578.9306930693069,,602.6398783592646,77.21754526405654,599.3193069306932,73.87564282675454,588.263703630363,72.36061002544943,593.4589915134371,72.03424364228698,590.9413201510243,71.2890547271624,595.7608679444311,72.46461309332368,594.2869739978606,72.37672901256619,612.5538236300589,94.52971478736579,622.567886726011,101.02296907143906,0.01345523546662064,7.334740338549977,-0.1722284019280681,-114.9455764931331,,,-114.9455764931331,46.48022265821055,,2025-05-06
2025,5,2,2,19,0,553.6318428617055,552.4564037048866,522.2661769402747,694.8701373363142,722.2764292558288,545.1216633663366,599.2809504950495,542.7848078356222,17.7793721674044,608.4856701799213,82.46463025601226,602.8412938358352,78.96832402447286,1.1754391568189249,-45.64910763334399,0.0021276595744681437,-0.07617313314503737,0.49999999999999994,-0.8660254037844387,1.2246467991473532e-16,-1.0,7,127,0,0,0,0,1,0.8165380514459161,-0.5772916165517272,0.9749279121818236,-0.22252093395631434,552.4564037048866,545.8504356435643,540.7490297029702,501.24190099009894,530.5462178217822,552.9265793676142,524.1954879773692,535.346251768034,593.4039603960397,,603.7515079618561,76.31447271694977,600.2395078706028,73.16680103687533,590.0100350260833,70.80345794683028,594.2834781220057,71.4169608005341,590.9539141419901,71.28227887781084,596.1113007406732,72.1849956202678,594.4901472322347,72.23494020067325,612.3328674215348,94.62116419336952,622.2887934310138,100.91280159144047,0.01425556656186755,7.781407218141226,0.10452027607452852,52.389941871606595,,,52.389941871606595,18.285591093671542,,2025-05-07
2025,5,2,3,19,0,584.0076652826573,553.6318428617055,552.4564037048866,522.2661769402747,694.8701373363142,545.8504356435643,714.3886138613861,563.3653039497499,17.886467659970535,604.9181092302778,83.08482759400574,591.9762147876078,70.76931784998938,30.37582242095175,-130.38094857872886,0.054866465526874464,-0.18250703615501196,0.49999999999999994,-0.8660254037844387,1.2246467991473532e-16,-1.0,8,128,0,0,0,0,2,0.8064799463209448,-0.5912614448635781,0.43388373911755823,-0.900968867902419,553.6318428617055,575.3465346534654,569.9766336633663,529.8174455445544,559.2368316831682,580.5432130309805,554.5244695898161,564.9902970297031,615.1138613861386,,604.988812337455,75.84595444788276,601.2417244148379,72.81563604701175,591.81637568402,69.90036127293001,595.1681507505589,71.11954793372347,591.0157793607702,71.2745822164684,596.4622911655879,72.051905097652,594.7014513239342,72.17546728725306,612.1600552209599,94.64445939630043,622.134434043319,100.73765067078025,0.015053763440860068,8.661130629191916,0.10228092750401108,54.19021973810288,,,54.19021973810288,19.017368252954157,,2025-05-08
2025,5,2,4,19,0,614.507218141169,584.0076652826573,553.6318428617055,552.4564037048866,522.2661769402747,575.3465346534654,686.7336237623763,584.0489087618439,30.43770859677017,586.9565740445013,61.479619606393456,585.9573476525072,64.7970385517928,30.49955285851172,-72.22640562120728,0.052224576271186596,-0.10517383032085093,0.49999999999999994,-0.8660254037844387,1.2246467991473532e-16,-1.0,9,129,0,0,0,0,2,0.7961828637826158,-0.6050560696488488,-0.433883739117558,-0.9009688679024191,584.0076652826573,605.4130309805174,599.2809504950495,530.5462178217822,588.0041584158416,608.011370169275,585.1274257425744,676.0321782178219,600.640594059406,,606.2879819318338,75.9322702948755,602.3293149609891,72.89776182740988,594.6150756946662,69.03812417811746,596.114688597892,71.1969941225389,591.1317766459825,71.30802300207938,596.8120505989045,72.06752670920827,594.0178406564158,71.68619592699011,612.2370920214141,94.64067399682978,622.1038026541536,100.53550736233318,0.015021459227467782,9.094187160651586,0.15825388533368168,83.96100031938681,,,83.96100031938681,-61.52496007665286,,2025-05-09
2025,5,2,5,19,1,733.1028425423187,614.507218141169,584.0076652826573,553.6318428617055,552.4564037048866,605.4130309805174,515.7406336633663,643.8725753220483,78.76602136894121,593.3286915788353,75.32395302558949,604.0708650590865,73.2178777502656,118.59562440114973,217.3622088789524,0.19299305345816964,0.42145643505923336,0.49999999999999994,-0.8660254037844387,1.2246467991473532e-16,-1.0,10,130,0,0,0,0,2,0.7856498550787145,-0.6186714032625031,-0.9749279121818236,-0.2225209339563146,614.507218141169,722.2764292558288,714.3886138613861,559.2368316831682,700.9638613861385,721.9671031619291,700.0049504950496,652.2785855728431,636.8237623762376,,607.8346124013323,78.7466428185624,603.6660455810559,75.24447385602103,600.4106093899713,73.1416222377854,597.2625093534699,73.18136747869,591.3306291349181,71.69399169238092,597.2060731232768,72.72599357657931,594.9158879560766,72.91990299064074,612.7719758001145,95.05158732890978,622.5477988137062,100.57872273687481,0.01498929336188426,10.826413286489924,0.3108987123324043,173.8660108591505,,,173.8660108591505,80.82425696947564,,2025-05-10
2025,5,2,6,19,1,705.2634940913447,733.1028425423187,614.507218141169,584.0076652826573,553.6318428617055,722.2764292558288,545.1216633663366,684.2911849249441,62.01700448749941,623.8282444373469,77.80317753967394,617.4160176195038,76.03662782005388,-27.839348450974057,160.14183072500805,-0.03797468354430367,0.29377264102121803,0.49999999999999994,-0.8660254037844387,1.2246467991473532e-16,-1.0,11,131,0,0,0,0,2,0.7748840413670407,-0.6321034111873487,-0.7818314824680299,0.6234898018587334,733.1028425423187,694.8701373363142,686.7336237623763,588.0041584158416,673.8458613861386,691.3067007345895,675.2924469589816,491.6747100424328,759.8465346534653,,609.319377652051,80.73410599294024,604.9896077474107,76.96142618215097,604.3192539124881,75.54927429487746,598.3845676643701,74.6256805225585,591.5798575877172,72.07112255618279,597.5628713034239,73.18577225228375,597.2890966677312,72.99774916049783,612.4687366858806,94.6660453307078,622.877343416406,100.51305218949884,0.014957264957265126,10.393356755030482,0.19941922858405414,117.25933567550305,,,117.25933567550305,213.58878404891186,,2025-05-11
2025,5,2,0,20,0,530.0611945065474,705.2634940913447,733.1028425423187,614.507218141169,584.0076652826573,694.8701373363142,545.8504356435643,656.1425103800703,110.07329826003463,620.0957095709572,82.31816480019776,616.1002475247525,77.50994895609054,-175.2022995847973,-15.789241137016916,-0.2484210526315791,-0.02892594766989831,0.49999999999999994,-0.8660254037844387,1.2246467991473532e-16,-1.0,12,132,0,0,0,0,2,0.7638886127905428,-0.6453481132295501,0.0,1.0,705.2634940913447,522.2661769402747,515.7406336633663,700.9638613861385,506.07481188118805,517.1437368252954,508.9351060820368,521.592729844413,861.159405940594,,610.4329515900899,79.37557846070465,606.012504950495,75.76991174398411,598.6224983498349,74.44590284522457,599.2412241867044,73.65817785154694,591.8105264748825,71.8488816937714,597.8143723560967,72.91332822797844,597.3831907195328,72.90447860728435,610.6293021779136,93.00904279216363,622.5090253651765,100.48287929228003,0.01492537313432818,7.795017566272691,-0.24381095273818454,-170.90266687959115,,,-170.90266687959115,8.468464662134352,,2025-05-12
2025,5,2,1,20,0,560.684477802619,530.0611945065474,705.2634940913447,733.1028425423187,614.507218141169,522.2661769402747,575.3465346534654,598.6697221335036,93.57414458656625,621.271148727776,81.22236172308747,614.8784094538486,78.32208664504682,30.623283296071577,-14.662056850846398,0.057773109243697496,-0.02548387096774196,0.49999999999999994,-0.8660254037844387,1.2246467991473532e-16,-1.0,13,133,0,0,0,0,2,0.7526668275320084,-0.6584015846980488,0.7818314824680298,0.6234898018587336,530.0611945065474,552.4564037048866,545.1216633663366,673.8458613861386,534.9188514851485,544.463417438518,539.8120367751061,524.1954879773692,615.4455445544554,,611.6083907469089,78.42921827444859,607.1241345530867,74.91722057611285,594.8504522303843,73.36199104241389,600.1614251266141,72.98269174498824,592.1001882670986,71.68704492900639,598.0628537969004,72.74866012800005,597.7886239398133,72.59369528273514,610.3250740292923,93.0827323122197,622.2646595645339,100.35860766983551,0.014893617021276562,8.22807409773236,-0.16793363299841357,-113.16138358351964,,,-113.16138358351964,36.488989825249746,,2025-05-13
2025,5,2,2,20,0,561.8599169594379,560.684477802619,530.0611945065474,705.2634940913447,733.1028425423187,552.4564037048866,605.4130309805174,550.8685297562015,18.02926272608144,617.5798573405729,83.719452564521,611.2489832854253,79.79583958496745,1.1754391568189249,-43.55311402107952,0.002096436058700135,-0.07193950541590022,0.49999999999999994,-0.8660254037844387,1.2246467991473532e-16,-1.0,14,134,0,0,0,0,2,0.741222010848596,-0.6712599575675313,0.9749279121818236,-0.22252093395631434,560.684477802619,553.6318428617055,545.8504356435643,506.07481188118805,535.6476237623763,543.0528904503353,542.4147949080623,554.5244695898161,558.0039603960396,,612.7838299037277,77.47129857121746,608.2676689327918,74.02688962027126,596.7099557329926,71.72288594047392,601.0975784550805,72.28934022722956,592.4360280261897,71.49689160748923,598.2943433451311,72.60023826837346,597.8701289105868,72.54867842713867,610.3464960102001,93.07106687898175,622.0268456172697,100.23175913540832,0.014861995753715496,8.22807409773236,0.1102309456400028,55.78510507824984,,,55.78510507824984,7.335447369621761,,2025-05-14
2025,5,2,3,20,0,592.6687959118493,561.8599169594379,560.684477802619,530.0611945065474,705.2634940913447,553.6318428617055,722.2764292558288,571.7377302246354,18.136359816795775,613.9401203023527,84.352080524581,600.448347173427,71.76946735258348,30.80887895241142,-129.6076333439795,0.054833737062321086,-0.17944325481798706,0.49999999999999994,-0.8660254037844387,1.2246467991473532e-16,-1.0,15,135,0,0,0,0,3,0.7295575540864875,-0.6839194216246106,0.43388373911755823,-0.900968867902419,561.8599169594379,584.0076652826573,575.3465346534654,534.9188514851485,564.6067326732673,570.1498562759501,573.7026874115984,585.1274257425744,640.0633663366336,,614.0211342793266,77.00286044604087,609.5049733083907,73.57771186183903,598.6349538805493,70.77599937387842,602.0997949993156,71.95846370532512,592.8381519482592,71.43256557438042,598.5201303510864,72.55231319631969,597.9539219124678,72.53814970414311,610.0831928411735,93.05356582754881,621.9117160105818,100.05115062996592,0.014830508474576343,8.66113062919203,0.10796019670341384,57.749944426700836,,,57.749944426700836,7.5413701692749555,,2025-05-15
2025,5,2,4,20,0,623.6014053018206,592.6687959118493,561.8599169594379,560.684477802619,530.0611945065474,584.0076652826573,694.8701373363142,592.7100393910359,30.87076483424332,595.6898807622698,62.40436850206263,594.5092861705525,65.95917551499083,30.932609389971276,-71.26873203449361,0.05219206680584554,-0.10256410256410231,0.49999999999999994,-0.8660254037844387,1.2246467991473532e-16,-1.0,16,136,0,0,0,0,3,0.717676913675962,-0.6963762255968722,-0.433883739117558,-0.9009688679024191,592.6687959118493,614.507218141169,605.4130309805174,535.6476237623763,593.6425544554456,597.0983455764931,605.2645544554456,700.0049504950496,590.8277227722772,,615.3203038737054,77.08909728914723,610.8041429027696,73.66043270239398,601.5667465985309,69.89304099804677,603.1697539581147,72.0507262295503,593.311420871926,71.54900593708724,598.7384261944957,72.6004204159633,597.104993632543,71.77345925082092,610.2652688552265,93.04774217301636,621.9183163593757,99.85483503688144,0.014799154334038223,9.094187160651586,0.16420082464225083,87.95378153944432,,,87.95378153944432,-76.40354519322898,,2025-05-16
2025,5,2,5,20,1,743.9292558288088,623.6014053018206,592.6687959118493,561.8599169594379,560.684477802619,614.507218141169,522.2661769402747,653.3998190141596,79.91176871025222,602.1341743851805,76.40796830310939,612.9812094112638,74.38808451974191,120.32785052698819,221.66307888853407,0.19295634920634908,0.4244254915896708,0.49999999999999994,-0.8660254037844387,1.2246467991473532e-16,-1.0,17,137,0,0,0,0,3,0.705583610107178,-0.7086266782644596,-0.9749279121818236,-0.2225209339563146,623.6014053018206,733.1028425423187,722.2764292558288,564.6067326732673,707.6762376237623,708.9754072181411,723.9777227722773,675.2924469589816,615.4455445544554,,616.866934343204,79.90323853703309,612.3507733722681,76.35892353384294,607.5441640370489,74.1608768609213,604.464504608295,74.28922125978107,593.9355967399734,72.71926978618744,598.9759444451687,73.04635460495675,597.8676248422076,72.96828330857423,610.9790672511953,93.57900646115984,622.3930670966108,99.94980586033283,0.01476793248945163,10.826413286490038,0.3176060659186539,179.3225231555415,,,179.3225231555415,68.63680886982718,,2025-05-17
2025,5,2,6,20,1,715.6568508463749,743.9292558288088,623.6014053018206,592.6687959118493,561.8599169594379,733.1028425423187,552.4564037048866,694.3958373256681,62.918367151862505,633.0667837751517,78.9212440364911,626.5812466730545,77.18275913212908,-28.27240498243384,163.20044714148833,-0.03800415800415813,0.29540873460246364,0.49999999999999994,-0.8660254037844387,1.2246467991473532e-16,-1.0,18,138,0,0,0,0,3,0.6932812268869777,-0.7206671495538609,-0.7818314824680299,0.6234898018587334,743.9292558288088,705.2634940913447,694.8701373363142,593.6425544554456,680.2897425742574,678.8346726285531,698.3063083451202,508.9351060820368,656.4752475247525,,618.3516995939226,81.8914213096471,613.8355386229867,78.26520224230394,611.6113072500798,76.67533045910021,605.7276156180134,75.90920142363089,594.5931356367203,73.66127260558125,599.1824985225646,73.35449759536498,600.164533117367,73.38978978862554,611.3078539363153,93.8433417165846,622.7545546305247,99.92400078387973,0.014736842105262937,10.393356755030254,0.2055349561367854,122.0142963909293,,,122.0142963909293,206.72174476433815,,2025-05-18
2025,5,2,0,21,0,537.8562120728203,715.6568508463749,743.9292558288088,623.6014053018206,592.6687959118493,705.2634940913447,553.6318428617055,665.8141062493346,111.71279797963282,629.2620728201854,83.52462342880126,625.2666107739807,78.65848992930636,-177.80063877355462,-15.775630788885223,-0.2484439834024894,-0.028494803888702402,0.49999999999999994,-0.8660254037844387,1.2246467991473532e-16,-1.0,19,139,0,0,0,0,3,0.6807734094770161,-0.7324940716135789,0.0,1.0,715.6568508463749,530.0611945065474,522.2661769402747,707.6762376237623,510.9077227722772,507.7897157457681,526.1955021216407,539.8120367751061,672.8871287128713,,619.4652735319615,80.53245639590752,614.9491125610257,76.9621754618134,605.950639731715,75.59970152368926,606.6900616644614,74.82556606901576,595.1300373568463,73.12469692744544,599.3213164981738,73.22563128513276,600.1428017317861,73.40814878214574,610.5576821772039,93.88803413331902,622.4267618021165,99.86958597241883,0.014705882352941568,7.795017566272918,-0.23996852871754493,-169.82002555094198,,,-169.82002555094198,-1.9558247022857813,,2025-05-19
2025,5,2,1,21,0,568.9125519003513,537.8562120728203,715.6568508463749,743.9292558288088,623.6014053018206,530.0611945065474,584.0076652826573,607.4752049398488,94.96618052840755,630.4375119770042,82.42880286880792,624.0086846587884,79.49455627370614,31.05633982753102,-15.095113382305954,0.05774097078444873,-0.025847457627118597,0.49999999999999994,-0.8660254037844387,1.2246467991473532e-16,-1.0,20,140,0,0,0,0,3,0.6680638642135335,-0.7441039398713607,0.7818314824680298,0.6234898018587336,537.8562120728203,560.684477802619,552.4564037048866,680.2897425742574,540.0202574257426,534.5897285212392,558.0313437057991,542.4147949080623,697.5049504950496,,620.6407126887805,79.5859947020215,616.1245517178447,76.0546245647575,602.2380667092516,74.55064305766089,607.7219293242689,74.06749387883791,595.7429449171875,72.75092781314024,599.4508546909661,73.16130445546881,600.4372212539226,73.22693030542678,609.8432799627889,93.71181878371496,622.2209379178789,99.73183697486853,0.01467505241090139,8.22807409773236,-0.16372022640301476,-111.37719067390606,,,-111.37719067390606,26.497756992289055,,2025-05-20
2025,5,2,2,21,0,570.0879910571703,568.9125519003513,537.8562120728203,715.6568508463749,743.9292558288088,560.684477802619,614.507218141169,558.9522516767806,18.27915696993068,626.6740445012243,84.97428357958617,620.3070824017885,80.9971774311547,1.1754391568189249,-44.41922708399875,0.0020661157024792765,-0.07228430484244441,0.49999999999999994,-0.8660254037844387,1.2246467991473532e-16,-1.0,21,141,0,0,0,0,3,0.6551563572090853,-0.7554933140726803,0.9749279121818236,-0.22252093395631434,568.9125519003513,561.8599169594379,553.6318428617055,510.9077227722772,540.7490297029702,533.1792015330565,560.6341018387553,573.7026874115984,681.0930693069307,,621.8161518455993,78.62814109631258,617.2999908746635,75.1361123798502,604.210742318748,72.81336680951955,608.7697493726331,73.28837778867448,596.4020304444039,72.33985334319497,599.5634009911854,73.1081242858554,600.3970579610957,73.24274792107866,609.2265850836236,93.60551020006065,622.0211948264587,99.5921531374776,0.014644351464435212,8.22807409773236,0.11583357551099493,59.18026828489303,,,59.18026828489303,-3.6146963544281334,,2025-05-21
2025,5,2,3,21,0,601.3299265410412,570.0879910571703,568.9125519003513,537.8562120728203,715.6568508463749,561.8599169594379,733.1028425423187,580.1101564995209,18.386255593885846,622.9621313744278,85.61934099078815,609.3260060683489,72.8361865356066,31.241935483870975,-131.7729160012775,0.05480195333695059,-0.17974683544303793,0.49999999999999994,-0.8660254037844387,1.2246467991473532e-16,-1.0,22,142,0,0,0,0,4,0.6420547132365637,-0.766658819300159,0.43388373911755823,-0.900968867902419,570.0879910571703,592.6687959118493,584.0076652826573,540.0202574257426,569.9766336633663,559.7564995209198,592.8809052333805,605.2645544554456,722.1227722772277,,623.0534562211982,78.15978084245663,618.5372952502623,74.68698325889748,606.2543979559247,71.80298478471748,609.8895098325501,72.91226782156508,597.1444130697631,72.17006642491324,599.6639845781813,73.10463168847835,600.3533398731578,73.24098415635095,608.5555137184225,93.22383207476565,621.9422205200258,99.4093997461641,0.014613778705636626,8.661130629191916,0.11353216527016907,61.309669115298675,,,61.309669115298675,-3.934627914404359,,2025-05-22
2025,5,2,4,21,0,632.6955924624722,601.3299265410412,570.0879910571703,568.9125519003513,537.8562120728203,592.6687959118493,705.2634940913447,601.3711700202279,31.3038210798506,604.4231874800383,63.32913733844642,603.2786809326094,66.91888239030905,31.365665921430946,-72.5679016288725,0.0521604938271607,-0.10289473684210515,0.49999999999999994,-0.8660254037844387,1.2246467991473532e-16,-1.0,23,143,0,0,0,0,4,0.6287628145958344,-0.777597146973627,-0.433883739117558,-0.9009688679024191,601.3299265410412,623.6014053018206,614.507218141169,540.7490297029702,599.2809504950495,586.1853209837112,625.4016831683168,723.9777227722773,861.6237623762376,,624.352625815577,78.24594100196798,619.8364648446412,74.76963450062796,609.3192833812413,70.86674428295473,611.082889902815,73.0055977244426,597.974953631884,72.3091434954548,599.7508168316831,73.13989402324326,599.3390939808266,72.13345679096433,607.2836905522349,91.29362910191912,621.9831078658145,99.22172143414979,0.014583333333333393,9.094187160651586,0.17003555754877198,91.94656275950194,,,91.94656275950194,-91.2821303098051,,2025-05-23
2025,5,2,5,21,1,754.7556691152987,632.6955924624722,601.3299265410412,570.0879910571703,568.9125519003513,623.6014053018206,530.0611945065474,662.9270627062707,81.05751640619977,610.9396571915257,77.4919855002762,622.0032204833387,75.46021352507832,122.06007665282652,224.6944746087513,0.19292070010755835,0.42390289449113006,0.49999999999999994,-0.8660254037844387,1.2246467991473532e-16,-1.0,24,144,0,0,0,0,4,0.6152845999633276,-0.7883050558305255,-0.9749279121818236,-0.2225209339563146,632.6955924624722,743.9292558288088,733.1028425423187,569.9766336633663,714.3886138613861,695.9837112743531,747.950495049505,698.3063083451202,976.5069306930693,,625.8992562850756,81.05985699422394,621.3830953141397,77.46806171011745,615.4785845629724,75.22530672628571,612.5245704475977,75.47790099968913,599.0244528790437,74.16032605901992,599.831830808657,73.30959834632667,599.9663091004953,73.24058890355113,606.0517390990251,87.70918422462273,622.4860342341838,99.36946994135457,0.01455301455301461,10.826413286489924,0.32418703599183796,184.77903545193237,,,184.77903545193237,56.44936077017849,,2025-05-24
2025,5,2,6,21,1,726.0502076014054,754.7556691152987,632.6955924624722,601.3299265410412,570.0879910571703,743.9292558288088,560.684477802619,704.5004897263921,63.81973310420876,642.3053231129564,80.03931278684625,635.7836979665709,78.29063028007604,-28.705461513893283,165.36572979878645,-0.038032786885245806,0.2949354518371403,0.49999999999999994,-0.8660254037844387,1.2246467991473532e-16,-1.0,25,145,0,0,0,0,4,0.6016240632249226,-0.7987793728863649,-0.7818314824680299,0.6234898018587334,754.7556691152987,715.6568508463749,705.2634940913447,599.2809504950495,686.7336237623763,666.3626445225167,716.2507569466624,526.1955021216407,617.5247524752475,,627.3840215357942,83.04873877100852,622.8678605648583,79.37512074477993,619.7042264665176,77.80049538378194,613.9287341561346,77.2544006510528,600.0903022197381,75.5614091287977,599.9484909354991,73.5046295957741,602.1869169391593,74.00452327314935,606.6546582941704,88.16033669205031,622.8768424355695,99.38492171962253,0.014522821576763656,10.393356755030482,0.21153560279470796,126.7692571063559,,,126.7692571063559,199.85470547976468,,2025-05-25
2025,5,2,0,22,0,545.651229639093,726.0502076014054,754.7556691152987,632.6955924624722,601.3299265410412,715.6568508463749,561.8599169594379,675.4857021185991,113.35229844694194,638.4284360694134,84.73109388772366,634.4329740232089,79.80709336924787,-180.39897796231242,-16.208687320344893,-0.24846625766871167,-0.028848271305879636,0.49999999999999994,-0.8660254037844387,1.2246467991473532e-16,-1.0,26,146,0,0,0,0,4,0.5877852522924732,-0.8090169943749473,0.0,1.0,726.0502076014054,537.8562120728203,530.0611945065474,714.3886138613861,515.7406336633663,498.4356946662407,535.8517789843501,558.0313437057991,559.8891089108911,,628.4975954738331,81.68934890212006,623.9814345028973,78.07161282688301,614.0796469924412,76.8124073292826,614.9969697266962,76.04372726483689,600.9334367728246,74.66459603535273,600.0651510623413,73.40938996216077,602.049360116196,74.0989657615301,606.5755589648827,88.20890403199876,622.5865205829512,99.31017008106957,0.014492753623188248,7.795017566272691,-0.23619831132279712,-168.73738422229314,,,-168.73738422229314,-12.380114066706142,,2025-05-26
2025,5,2,1,22,0,577.1406259980838,545.651229639093,726.0502076014054,754.7556691152987,632.6955924624722,537.8562120728203,592.6687959118493,616.2806877461941,96.35821780053669,639.6038752262324,83.63525650424091,633.1389598637284,80.66708609503505,31.489396358990803,-15.52816991376551,0.057709750566893536,-0.02620041753653435,0.49999999999999994,-0.8660254037844387,1.2246467991473532e-16,-1.0,27,147,0,0,0,0,4,0.5737722679043246,-0.8190148866680801,0.7818314824680298,0.6234898018587336,545.651229639093,568.9125519003513,560.684477802619,686.7336237623763,545.1216633663366,524.7160396039603,564.2107952730756,560.6341018387553,642.2257425742574,,629.6730346306522,80.74278878008596,625.1568736597163,77.163916883769,610.4265470669649,75.83779615219599,616.1405041064015,75.1899909261601,601.8695901012914,74.01744675462456,600.2190776185913,73.34683304315513,602.2327659401885,74.0156863666578,606.2139749839039,88.19534787690752,622.4163112399367,99.16233202468152,0.014462809917355601,8.228074097732474,-0.15958589178125615,-109.59299776429248,,,-109.59299776429248,16.506524159328478,,2025-05-27
2025,5,2,2,22,0,578.3160651549026,577.1406259980838,545.651229639093,726.0502076014054,754.7556691152987,568.9125519003513,623.6014053018206,567.0359735973599,18.529054749848456,635.768231661876,86.22912292110695,629.3651815181519,82.19857030990525,1.1754391568188112,-45.285340146917974,0.0020366598778003286,-0.0726190476190477,0.49999999999999994,-0.8660254037844387,1.2246467991473532e-16,-1.0,28,148,0,0,0,0,4,0.5595892624101765,-0.8287700871745037,0.9749279121818236,-0.22252093395631434,577.1406259980838,570.0879910571703,561.8599169594379,515.7406336633663,545.8504356435643,525.444811881188,562.800268284893,592.8809052333805,592.8237623762376,,630.8484737874711,79.78499956707934,626.3323128165351,76.24541565431787,612.5123947833492,73.98156957394552,617.2999908746634,74.31110500917788,602.813719624036,73.3591585438433,600.4037894860915,73.27096236592881,602.0709343837609,74.05227708173977,606.1333766660076,88.21428001614296,622.2517580829029,99.0131131839436,0.014432989690721598,8.22807409773236,0.12133120294799271,62.57543149153628,,,62.57543149153628,-14.564840078477914,,2025-05-28
2025,5,2,3,22,0,609.9910571702333,578.3160651549026,577.1406259980838,545.651229639093,726.0502076014054,570.0879910571703,743.9292558288088,588.4825827744065,18.63615484560452,631.9841424465028,86.88660866290076,618.2036649632706,73.90296507820167,31.674992015330645,-133.93819865857552,0.05477107402652992,-0.18004158004158,0.49999999999999994,-0.8660254037844387,1.2246467991473532e-16,-1.0,29,149,0,0,0,0,5,0.545240438540651,-0.8382797052177743,0.43388373911755823,-0.900968867902419,578.3160651549026,601.3299265410412,592.6687959118493,545.1216633663366,575.3465346534654,553.8669306930692,590.9365697860109,625.4016831683168,617.5247524752475,,632.0857781630699,79.31671500708755,627.5696171921342,75.7963342243042,614.6747079101459,72.8838199211835,618.5372952502623,73.87382913810193,603.8159361682712,73.06107225202436,600.6306286216179,73.27079506704212,601.8997052060045,74.01553152415354,606.091522803202,88.21063223774159,622.2061792691012,98.83104181540234,0.01440329218107017,8.66113062919203,0.11899984565519395,64.86939380389663,,,64.86939380389663,-15.41062599808356,,2025-05-29
2025,5,2,4,22,0,641.7897796231236,609.9910571702333,578.3160651549026,577.1406259980838,545.651229639093,601.3299265410412,715.6568508463749,610.0323006494199,31.736877333258352,613.156494197807,64.2539252545604,612.0480756946663,67.8786462177536,31.798722452890388,-73.86707122325129,0.05212981744421885,-0.10321576763485463,0.49999999999999994,-0.8660254037844387,1.2246467991473532e-16,-1.0,30,150,0,0,0,0,5,0.5307300481619334,-0.8475409228928311,-0.433883739117558,-0.9009688679024191,609.9910571702333,632.6955924624722,623.6014053018206,545.8504356435643,605.4130309805174,582.3657623762376,618.9243947620569,747.950495049505,658.6930693069307,,633.3849477574487,79.40280070260488,628.8687867865128,75.87891781547526,617.8726860427978,71.85740662510133,619.8364648446412,73.95429599679369,604.8770793333942,73.17531386585273,600.9028355842496,73.38196577016622,600.7201417012669,72.49205800924517,605.997615638292,88.16330565396541,622.2787111222642,98.65436925983767,0.014373716632443356,9.094187160651472,0.17576123002713318,95.93934397955934,,,95.93934397955934,-106.16071542638133,,2025-05-30
2025,5,2,5,22,1,765.5820824017885,641.7897796231236,609.9910571702333,578.3160651549026,577.1406259980838,632.6955924624722,537.8562120728203,672.4543063983818,82.20326444195524,619.7451399978709,78.57600453764105,631.0252315554136,76.53239717389313,123.79230277866486,227.7258703289682,0.19288606130711372,0.42339544513457517,0.49999999999999994,-0.8660254037844387,1.2246467991473532e-16,-1.0,31,151,0,1,0,0,5,0.5160623910158528,-0.8565509959010036,-0.9749279121818236,-0.2225209339563146,641.7897796231236,754.7556691152987,743.9292558288088,575.3465346534654,722.2764292558288,694.2514851485147,734.958799105717,716.2507569466624,675.1603960396039,,634.9315782269472,82.21649723047285,630.4154172560113,78.57728039983584,624.213870967742,76.23565849364913,621.3830953141397,76.58214763637534,606.1508399986312,75.34791017823811,601.2673984806315,74.12825580230694,601.2682675396572,73.5541427794261,606.499958340304,88.81478575478015,622.8075058502329,98.85552924032751,0.014344262295081789,10.82641328648981,0.3306451612903225,190.23554774832314,,,190.23554774832314,49.33132545512615,,2025-05-31
2025,6,2,6,22,1,736.4435643564357,765.5820824017885,641.7897796231236,609.9910571702333,578.3160651549026,754.7556691152987,568.9125519003513,714.6051421271159,64.72110220716417,651.5438624507614,81.15738369760123,644.9861492600874,79.39855690682101,-29.13851804535284,167.53101245608434,-0.038060606060605906,0.2944758590691605,1.2246467991473532e-16,-1.0,1.2246467991473532e-16,-1.0,1,152,1,0,0,0,1,0.5012418134457758,-0.865307254363206,-0.7818314824680299,0.6234898018587334,765.5820824017885,726.0502076014054,715.6568508463749,605.4130309805174,694.8701373363142,667.4019801980197,703.778728840626,535.8517789843501,699.8613861386139,,636.4163434776658,84.2060582885969,631.90018250673,80.48509633779794,628.581555413606,78.83070590789728,622.8678605648583,78.44014549901053,607.3837254300315,76.91687221623982,601.6562655701053,74.75551962354439,603.4970651549027,74.58159141814099,606.7031926637364,89.0711031642096,623.2252854770941,98.91324439684341,0.014314928425357643,10.393356755030254,0.21643163703249546,131.03053337591825,,,131.03053337591825,200.5917853720856,,2025-06-01
2025,6,2,0,23,0,552.7929504950496,736.4435643564357,765.5820824017885,641.7897796231236,609.9910571702333,726.0502076014054,570.0879910571703,684.939532417758,115.36595097280934,647.4859165335889,86.08101313326866,643.5448958799107,81.0220870494935,-183.6506138613861,-17.295040562120676,-0.2493749999999999,-0.030337493217579947,1.2246467991473532e-16,-1.0,1.2246467991473532e-16,-1.0,2,153,0,0,0,0,1,0.48627270710869,-0.8738071036110808,0.0,1.0,736.4435643564357,545.651229639093,537.8562120728203,722.2764292558288,522.2661769402747,501.24190099009894,526.4977579048227,564.2107952730756,683.3940594059407,,637.436589314231,82.95705833727297,632.9670923940321,79.23179681757,622.9321061215799,77.95264268734377,623.9581024775289,77.1923130419429,608.3042798854771,75.9255494185976,601.9693035771319,74.49159176036571,603.3702002129245,74.65884009618303,605.9776309475648,88.97477704180861,622.967291576061,98.82323141367121,0.01308843537414961,7.141720855956578,-0.23465182012847952,-169.48347876077924,,,-169.48347876077924,-11.417844778026051,,2025-06-02
2025,6,2,1,23,0,583.9895181518152,552.7929504950496,736.4435643564357,765.5820824017885,641.7897796231236,545.651229639093,601.3299265410412,624.4086776677668,98.27089261270336,648.4314920330743,85.19584931181313,642.0998618474752,81.99226481709799,31.196567656765637,-17.340408389226013,0.05643445277083914,-0.02883676268861457,1.2246467991473532e-16,-1.0,1.2246467991473532e-16,-1.0,3,154,0,0,0,0,1,0.4711595076738638,-0.8820480249558537,0.7818314824680298,0.6234898018587336,552.7929504950496,577.1406259980838,568.9125519003513,694.8701373363142,552.4564037048866,529.8174455445544,554.3371063557968,562.800268284893,724.5623762376238,,638.4150024790498,82.16398881222518,634.0440185548508,78.39220476927454,619.2360854820965,77.0475554719708,625.0842851363477,76.33578816130901,609.2716383248925,75.2494661606027,602.3223084794654,74.3332410515164,603.605636322557,74.56281393481402,605.1966706248659,88.54398942878436,622.8250369285272,98.67017193097696,0.011866938221316792,6.848892153731413,-0.15957027540360857,-110.88061918449898,,,-110.88061918449898,21.189249866922182,,2025-06-03
2025,6,2,2,23,0,584.4753663366337,583.9895181518152,552.7929504950496,736.4435643564357,765.5820824017885,577.1406259980838,632.6955924624722,573.7526116611662,18.153224486659134,644.178876894141,88.08617856206628,638.0815096703219,83.65971265559611,0.48584818481845105,-48.22022612583851,0.0008319467554076532,-0.07621394348293753,1.2246467991473532e-16,-1.0,1.2246467991473532e-16,-1.0,4,155,0,0,0,0,1,0.4559066935084588,-0.8900275764346767,0.9749279121818236,-0.22252093395631434,583.9895181518152,578.3160651549026,570.0879910571703,522.2661769402747,553.6318428617055,530.5462178217822,552.9265793676142,590.9365697860109,864.5346534653465,,639.2949026478685,81.44293386041097,635.0716882176697,77.57938036517898,621.309725128642,75.16180094403578,626.1858395461667,75.48430691047892,610.2346588340862,74.5656205274161,602.6978892767156,74.16015527825628,603.5338451731194,74.57825803545957,603.640785696373,86.39600447689686,622.6855835809203,98.51709847391712,0.010650406504064902,6.159301181731053,0.11911395403932712,62.209189396358965,,,62.209189396358965,-6.461203449377194,,2025-06-04
2025,6,2,3,23,0,615.7486468646865,584.4753663366337,583.9895181518152,552.7929504950496,736.4435643564357,578.3160651549026,754.7556691152987,594.7378437843785,18.19751072739992,639.8386881010682,88.86554003610324,626.4975911494375,75.23543289815908,31.27328052805285,-139.00702225061218,0.053506584416152636,-0.18417486338797817,1.2246467991473532e-16,-1.0,1.2246467991473532e-16,-1.0,5,156,0,0,0,0,1,0.440518784350495,-0.8977433935342337,0.43388373911755823,-0.900968867902419,584.4753663366337,609.9910571702333,601.3299265410412,552.4564037048866,584.0076652826573,559.2368316831682,580.5432130309805,618.9243947620569,979.8059405940594,,640.1174154613618,81.12611988449326,636.1015968122159,77.19172276974219,623.4194665673019,74.04244094357706,627.3194460312391,75.06459705744274,611.2437983908991,74.24460120401578,603.1170015842598,74.1329166054505,603.4985590853709,74.57164530090805,601.6182451756542,81.67295157677107,622.6604497522384,98.33869983185413,0.009438810006761278,5.757589694453259,0.11456513624486764,63.29224315979991,,,63.29224315979991,-3.175747897370343,,2025-06-05
2025,6,2,4,23,0,647.0730693069307,615.7486468646865,584.4753663366337,583.9895181518152,552.7929504950496,609.9910571702333,726.0502076014054,615.765694169417,31.29885496702518,620.0871859185919,65.39973250697648,619.9161629582313,68.92480651976143,31.324422442244213,-78.97713829447468,0.05087209302325579,-0.10877641445126118,1.2246467991473532e-16,-1.0,1.2246467991473532e-16,-1.0,6,157,0,0,0,0,1,0.42500033996955416,-0.9051931898913974,-0.433883739117558,-0.9009688679024191,615.7486468646865,641.7897796231236,632.6955924624722,553.6318428617055,614.507218141169,588.0041584158416,608.011370169275,734.958799105717,584.8514851485148,,640.8721711304771,81.16883709360428,637.128559443963,77.23854858897222,626.534174115476,72.96299184078151,628.4825121443021,75.11100598910512,612.298600371097,74.32798252229614,603.582021812089,74.28634200412017,602.5220509764955,73.39702082584549,601.963920643201,81.73324305965227,622.7485819527968,98.17134703895043,0.008232118758434437,5.283289683807084,0.16877863448430008,93.4412264452252,,,93.4412264452252,-87.88572979878631,,2025-06-06
2025,6,2,5,23,1,770.9643564356436,647.0730693069307,615.7486468646865,584.4753663366337,583.9895181518152,641.7897796231236,545.651229639093,677.928690869087,82.07941983770169,625.8406512651267,77.9899027554446,638.6922568579439,77.06354786088512,123.89128712871286,225.3131267965506,0.1914641375222288,0.4129251700680272,1.2246467991473532e-16,-1.0,1.2246467991473532e-16,-1.0,7,158,0,0,0,0,1,0.4093559588156213,-0.9123747579707273,-0.9749279121818236,-0.2225209339563146,647.0730693069307,765.5820824017885,754.7556691152987,584.0076652826573,733.1028425423187,700.9638613861385,721.9671031619291,703.778728840626,530.2653465346535,,641.641067421028,82.56064133754904,638.2863228239875,79.23306994501506,632.7660638205757,77.07381757344908,629.8347090690637,77.37100929843837,613.5486092112668,76.40579304785642,604.1653224462999,75.41095992875418,603.2685579497734,74.76732884708183,603.3011373648733,82.51887936328086,623.2817322207206,98.39635070079323,0.007030303030303164,5.382274033855083,0.32012711864406795,186.9566911529863,,,186.9566911529863,67.18562759501765,,2025-06-07
2025,6,2,6,23,1,740.7394851485149,770.9643564356436,647.0730693069307,615.7486468646865,584.4753663366337,765.5820824017885,577.1406259980838,719.592303630363,64.59617032938601,657.1650737073708,80.48674853781257,652.3254951204799,79.6134672321547,-30.224871287128735,163.59885915043105,-0.039203980099502544,0.28346446564476335,1.2246467991473532e-16,-1.0,1.2246467991473532e-16,-1.0,8,159,0,0,0,0,2,0.39359027665646673,-0.9192859697186104,-0.7818314824680299,0.6234898018587334,770.9643564356436,736.4435643564357,726.0502076014054,614.507218141169,705.2634940913447,673.8458613861386,691.3067007345895,526.4977579048227,608.2455445544555,,642.254770391325,83.39454772341506,639.3355569344952,80.57064284782942,636.9738060541539,79.45168749571876,631.1017087496768,78.9267810799048,614.7431382070235,77.87441411407583,604.7538079750371,76.2869709265871,605.6490215858145,75.70033794210681,604.037214812618,83.15173390066391,623.7027277509278,98.47062633611696,0.005833333333333357,4.295920792079187,0.2054203161179904,126.23226700734585,,,126.23226700734585,214.24172724369214,,2025-06-08
2025,6,2,0,24,0,556.0148910891089,740.7394851485149,770.9643564356436,647.0730693069307,615.7486468646865,736.4435643564357,578.3160651549026,689.2395775577558,116.36149932250939,652.5026358635863,86.18219190053821,650.4670639483303,81.73028666400094,-184.72459405940594,-22.301174065793703,-0.24937862468931238,-0.03856225930680368,1.2246467991473532e-16,-1.0,1.2246467991473532e-16,-1.0,9,160,0,0,0,0,2,0.3777079652039649,-0.9259247771938498,0.0,1.0,740.7394851485149,552.7929504950496,545.651229639093,733.1028425423187,530.0611945065474,506.07481188118805,517.1437368252954,554.3371063557968,561.4574257425742,,642.7150476190476,82.82543904399216,640.0758184666394,79.68644258403597,631.0708743390468,78.63770371090119,632.0286264847683,77.84114416205767,615.6349253357364,76.88704897348644,605.216559811511,75.86586373061104,605.6676636384068,75.68776537418972,604.0069785089877,83.16829148573198,623.4609854771356,98.377197105913,0.005828476269775118,3.2219405940593333,-0.24155949367088603,-177.08795145320983,,,-177.08795145320983,1.6777847333121372,,2025-06-09
2025,6,2,1,24,0,587.3904554455446,556.0148910891089,740.7394851485149,770.9643564356436,647.0730693069307,552.7929504950496,609.9910571702333,628.0482772277228,98.84628352475458,652.988484048405,85.72901650276036,648.5836804712729,82.99836972967971,31.37556435643569,-22.60060172468866,0.05642935982339958,-0.03705070993914816,1.2246467991473532e-16,-1.0,1.2246467991473532e-16,-1.0,10,161,0,0,0,0,2,0.36171373072976765,-0.9322892131745133,0.7818314824680298,0.6234898018587336,556.0148910891089,583.9895181518152,577.1406259980838,705.2634940913447,560.684477802619,534.9188514851485,544.463417438518,552.9265793676142,584.8514851485148,,643.2008958038662,82.43258909125603,640.8079491414579,79.10872922909303,627.1417730508534,77.74251576436356,632.982411400587,77.09462381320307,616.5719182636005,76.20218399059671,605.7275959782613,75.59579565553292,606.0505955948282,75.5048925926376,604.0210838995267,83.16523980273921,623.3326206015784,98.22493855129571,0.005823627287853572,3.4009372937293847,-0.16713333333333336,-117.87303864580008,,,-117.87303864580008,34.46387607793042,,2025-06-10
2025,6,2,2,24,0,587.876303630363,587.3904554455446,556.0148910891089,740.7394851485149,770.9643564356436,583.9895181518152,641.7897796231236,577.0938833883389,18.256559078246998,648.343093509351,88.84889869707172,644.0908908052096,84.838364907521,0.48584818481845105,-53.913475992760596,0.0008271298593878207,-0.08400488400488404,1.2246467991473532e-16,-1.0,1.2246467991473532e-16,-1.0,11,162,0,0,0,0,2,0.3456123126707335,-0.9383773917408641,0.9749279121818236,-0.22252093395631434,587.3904554455446,584.4753663366337,578.3160651549026,530.0611945065474,561.8599169594379,535.6476237623763,543.0528904503353,580.5432130309805,623.8415841584158,,643.6867439886846,82.03785794220656,641.4908233182766,78.56720720087576,629.0689433549808,75.94888997410858,633.9115680674059,76.35896367567123,617.5045732612433,75.51020304217542,606.2612080399283,75.30570229432031,606.1320743792659,75.48101067206018,603.8212767854819,83.16055812426586,623.206888981113,98.07273586960227,0.005818786367414841,3.4009372937293847,0.10907251789604744,57.81510912381566,,,57.81510912381566,7.333090599382558,,2025-06-11
2025,6,2,3,24,0,619.3285808580858,587.876303630363,587.3904554455446,556.0148910891089,740.7394851485149,584.4753663366337,765.5820824017885,598.1984466446645,18.300845363593478,643.7190121012101,89.64660641442437,631.903099009901,75.8249088925566,31.45227722772279,-146.25350154370267,0.053501522401044,-0.19103569023569011,1.2246467991473532e-16,-1.0,1.2246467991473532e-16,-1.0,12,163,0,0,0,0,2,0.3294084822245304,-0.9441875088341993,0.43388373911755823,-0.900968867902419,587.876303630363,615.7486468646865,609.9910571702333,560.684477802619,592.6687959118493,564.6067326732673,570.1498562759501,608.011370169275,639.4376237623762,,644.1981631305988,81.84559936030962,642.1577892959804,78.31847239040025,631.0237467901628,74.87520297577947,634.8637032440572,75.9909788870265,618.4817491216864,75.16650179757157,606.8466690468586,75.21268514180302,606.2578211646971,75.49360248529204,603.7095598804581,83.12594416877616,623.1931847121272,97.89896506076315,0.005813953488372103,3.5799339933993224,0.10459376953915189,58.64410305546687,,,58.64410305546687,11.31721068881086,,2025-06-12
2025,6,2,4,24,0,650.8320000000001,619.3285808580858,587.876303630363,587.3904554455446,556.0148910891089,615.7486468646865,736.4435643564357,619.3456281628163,31.47785164689622,623.6969526952695,65.78220119917428,624.7688019801981,68.79640646187065,31.503419141914264,-85.61156435643557,0.050867052023121584,-0.11624999999999985,1.2246467991473532e-16,-1.0,1.2246467991473532e-16,-1.0,13,164,0,0,0,0,2,0.3131070409358269,-0.9497178427914316,-0.433883739117558,-0.9009688679024191,619.3285808580858,647.0730693069307,641.7897796231236,561.8599169594379,623.6014053018206,593.6425544554456,597.0983455764931,721.9671031619291,662.8316831683169,,644.7351532296087,81.87992937365863,642.8036621800428,78.35248113671067,633.9894828915151,73.7954882320861,635.8362244832779,76.01574991877605,619.5029892206963,75.2113765054959,607.4863554090432,75.35714094292055,605.4674311295646,74.63606626165713,603.6428949739675,83.08306549714568,623.2905044842674,97.73960663964331,0.005809128630705596,3.7589306930693738,0.15835278573001554,88.97208304056221,,,88.97208304056221,-71.13510316192901,,2025-06-13
2025,6,2,5,24,1,775.4392739273928,650.8320000000001,619.3285808580858,587.876303630363,587.3904554455446,647.0730693069307,552.7929504950496,681.8666182618263,82.55299976764825,629.4802508250826,78.43798620481961,643.3226622662266,77.13772812570862,124.60727392739273,222.64632343234325,0.19145843155744147,0.4027662133407346,1.2246467991473532e-16,-1.0,1.2246467991473532e-16,-1.0,14,165,0,0,0,0,2,0.29671281927349075,-0.9549667548552551,-0.9749279121818236,-0.2225209339563146,650.8320000000001,770.9643564356436,765.5820824017885,592.6687959118493,743.9292558288088,707.6762376237623,708.9754072181411,691.3067007345895,647.2356435643565,,645.3744271570014,83.03897853085093,643.5077472890146,79.57539803100073,640.0818321586999,77.70736241752482,636.961582272513,77.88550293209357,620.713043440404,77.17523387224807,608.2775919174867,76.77125763649997,606.4022374983736,76.23306014938287,604.3551373648733,84.00328536045873,623.8243598156469,97.98274697995866,0.005804311774461057,4.474917491749238,0.3083855254001391,182.77047801554352,,,182.77047801554352,84.1325731928033,,2025-06-14
2025,6,2,6,24,1,745.035405940594,775.4392739273928,650.8320000000001,619.3285808580858,587.876303630363,770.9643564356436,583.9895181518152,723.768893289329,64.96877403155604,660.9836699669968,80.94891066121221,656.7431529152916,79.83862445781706,-30.403867986798787,161.04588778877883,-0.03920857378400677,0.27576845608196865,1.2246467991473532e-16,-1.0,1.2246467991473532e-16,-1.0,15,166,0,0,0,0,3,0.28023067519921585,-0.9599326896597447,-0.7818314824680299,0.6234898018587334,775.4392739273928,740.7394851485149,736.4435643564357,623.6014053018206,715.6568508463749,680.2897425742574,678.8346726285531,517.1437368252954,686.2257425742574,,645.9881301272984,83.87293139000154,644.1214502593117,80.37637338072028,644.1296321799922,79.94970373079248,638.0108163830208,79.17216902347462,621.8692160005172,78.55660719351167,609.0656958854871,77.83669829500093,608.9343671552101,77.01573574166146,604.6818577169084,84.43673797805376,624.2481746622376,98.07294920228259,0.0057995028997515075,4.295920792079187,0.19473015873015864,121.43400063877345,,,121.43400063877345,227.89166911529867,,2025-06-15
2025,6,2,0,25,0,559.2368316831684,745.035405940594,775.4392739273928,650.8320000000001,619.3285808580858,740.7394851485149,584.4753663366337,693.2371705170517,117.03916824224214,656.291399339934,86.68100615649779,654.6399416941695,82.21260312718894,-185.79857425742568,-25.238534653465308,-0.24938220757825358,-0.04318151988449925,1.2246467991473532e-16,-1.0,1.2246467991473532e-16,-1.0,16,167,0,0,0,0,3,0.26366549272800704,-0.9646141756912435,0.0,1.0,745.035405940594,556.0148910891089,552.7929504950496,743.9292558288088,537.8562120728203,510.9077227722772,507.7897157457681,544.463417438518,818.7920792079208,,646.4484073550212,83.3037942038519,644.5817274870344,79.82973988035073,637.9732180418043,79.10631831366086,638.7744099405334,78.26837571254761,622.7322358024974,77.57475959759968,609.6781615514086,77.23024291228153,609.0985162023729,76.89242542038116,603.2398841195487,82.96325896697174,624.0216543034255,97.97652436489572,0.005794701986755024,3.221940594059447,-0.24826611226611228,-184.69242414564042,,,-184.69242414564042,14.773414244650326,,2025-06-16
2025,6,2,1,25,0,590.7913927392739,559.2368316831684,745.035405940594,775.4392739273928,650.8320000000001,556.0148910891089,615.7486468646865,631.6878767876788,99.42167447123222,656.7772475247525,86.22783007184938,652.5601705170517,83.59003434227907,31.554561056105513,-24.957254125412646,0.056424325560127775,-0.04053156146179415,1.2246467991473532e-16,-1.0,1.2246467991473532e-16,-1.0,17,168,0,0,0,0,3,0.24702218048093552,-0.9690098257244062,0.7818314824680298,0.6234898018587336,559.2368316831684,587.3904554455446,583.9895181518152,715.6568508463749,568.9125519003513,540.0202574257426,534.5897285212392,543.0528904503353,927.9643564356435,,646.9342555398397,82.9109381862358,645.0675756718529,79.45241217399807,633.8110361049008,78.1572560216131,639.5557971133519,77.65186746834922,623.6388632188103,76.88412752019121,610.3472289825756,76.81421801766312,609.6289440055833,76.59578838167994,601.3667009879022,79.31680744644851,623.9062714507722,97.82528376951106,0.005789909015715189,3.400937293729271,-0.1744767173812818,-124.86545810710106,,,-124.86545810710106,47.73850228893855,,2025-06-17
2025,6,2,2,25,0,591.2772409240924,590.7913927392739,559.2368316831684,745.035405940594,775.4392739273928,587.3904554455446,647.0730693069307,580.4351551155115,18.35989377341116,652.1020242024202,89.3676623230036,647.9105181518152,85.45402284757476,0.48584818481856473,-55.795828382838295,0.000822368421052877,-0.08622801817822567,1.2246467991473532e-16,-1.0,1.2246467991473532e-16,-1.0,18,169,0,0,0,0,3,0.23030567023061221,-0.9731183372332619,0.9749279121818236,-0.22252093395631434,590.7913927392739,587.876303630363,584.4753663366337,537.8562120728203,570.0879910571703,540.7490297029702,533.1792015330565,570.1498562759501,576.9059405940594,,647.4201037246582,82.51621181977463,645.5534238566714,79.07328392807075,635.59173706661,76.48637742040799,640.3125560371707,77.05071582123094,624.541152704902,76.18700170373646,611.0388723086594,76.3713010111372,609.8636927238961,76.50575685299013,601.4465415452912,79.29927877255442,623.7933682309567,97.67416057012285,0.005785123966942196,3.4009372937293847,0.09932213787286237,53.421028851272126,,,53.421028851272126,21.12738464814231,,2025-06-18
2025,6,2,3,25,0,622.9085148514852,591.2772409240924,590.7913927392739,559.2368316831684,745.035405940594,587.876303630363,770.9643564356436,601.6590495049504,18.40418010261367,647.4481100110012,90.17049391939008,635.5725313531353,76.26653755856152,31.631273927392726,-148.05584158415843,0.05349651861782645,-0.19203980099502493,1.2246467991473532e-16,-1.0,1.2246467991473532e-16,-1.0,19,170,0,0,0,0,3,0.21352091543979612,-0.9769384927771817,0.43388373911755823,-0.900968867902419,591.2772409240924,619.3285808580858,615.7486468646865,568.9125519003513,601.3299265410412,569.9766336633663,559.7564995209198,597.0983455764931,523.0613861386139,,647.9315228665724,82.32395840404821,646.0648429985856,78.88862669513169,637.3916024983143,75.49203587138103,641.0832199054008,76.7537117548728,625.4863648689754,75.82523020777846,611.7906820149757,76.17096375144234,610.1504723825071,76.505743008471,602.0012478159183,79.09686561109146,623.7903170124067,97.50504154248196,0.005780346820809301,3.5799339933993224,0.09491083079599827,53.99596295113383,,,53.99596295113383,25.810169274992063,,2025-06-19
2025,6,2,4,25,0,654.5909306930694,622.9085148514852,591.2772409240924,590.7913927392739,559.2368316831684,619.3285808580858,740.7394851485149,622.9255621562156,31.65684832699064,627.3067194719472,66.16467038817191,628.393485148515,69.19378529164102,31.682415841584202,-86.14855445544549,0.05086206896551726,-0.11630074565037274,1.2246467991473532e-16,-1.0,1.2246467991473532e-16,-1.0,20,171,0,0,0,0,3,0.19667288979357647,-0.980469160361632,-0.433883739117558,-0.9009688679024191,622.9085148514852,650.8320000000001,647.0730693069307,570.0879910571703,632.6955924624722,599.2809504950495,586.1853209837112,708.9754072181411,599.9821782178218,,648.4685129655824,82.35828353430495,646.6018330975955,78.92159747200192,640.2083671528443,74.46369001849173,641.8651962707792,76.77662538763232,626.4740430867971,75.8379046543677,612.6050345115157,76.2595303273176,609.5462004211173,75.92901615998328,602.3046297741141,79.19374670424868,623.8961610456737,97.35352908280237,0.005775577557755707,3.75893069306926,0.14822788931090614,84.50293963589911,,,84.50293963589911,-54.384476525071705,,2025-06-20
2025,6,2,5,25,1,779.914191419142,654.5909306930694,622.9085148514852,591.2772409240924,590.7913927392739,650.8320000000001,556.0148910891089,685.8045456545655,83.02657970698223,633.1198503850385,78.88606970597742,647.0517601760176,77.58155121580333,125.32326072607259,223.89930033003304,0.1914527911246533,0.4026857983811627,1.2246467991473532e-16,-1.0,1.2246467991473532e-16,-1.0,21,172,0,0,0,0,3,0.1797665857255624,-0.9837092937736097,-0.9749279121818236,-0.2225209339563146,654.5909306930694,775.4392739273928,770.9643564356436,601.3299265410412,754.7556691152987,714.3886138613861,695.9837112743531,678.8346726285531,553.829702970297,,649.1077868929751,83.51731631535806,647.2411070249883,80.03483250916514,646.1611759821143,78.28848045898202,642.7637149244878,78.27922868156261,627.6441426860428,77.7015928166919,613.6042068941917,77.89739268919287,610.6693061854572,77.6924949770611,603.560654709941,80.20701684489522,624.4304693688705,97.61404565015542,0.00577081615828523,4.474917491749125,0.2969821673525377,178.58426487810073,,,178.58426487810073,101.07951879058885,,2025-06-21
2025,6,2,6,25,1,749.3313267326732,779.914191419142,654.5909306930694,622.9085148514852,591.2772409240924,775.4392739273928,587.3904554455446,727.9454829482949,65.34137782087791,664.8022662266227,81.41107284555744,660.5468327832783,80.29723340435373,-30.582864686468724,161.94087128712863,-0.0392131147540985,0.2756954420791431,1.2246467991473532e-16,-1.0,1.2246467991473532e-16,-1.0,22,173,0,0,0,0,4,0.16280701293851715,-0.986657932891657,-0.7818314824680299,0.6234898018587334,779.914191419142,745.035405940594,740.7394851485149,632.6955924624722,726.0502076014054,686.7336237623763,666.3626445225167,507.7897157457681,576.9059405940594,,649.721489863272,84.35131511484339,647.8548099952852,80.83585495479495,650.0490337911211,80.46262656122276,643.5951834648903,79.31346036488407,628.7619588105124,79.00642036159266,614.5919293014555,79.09128191925781,613.3531018630896,78.26846004203985,604.5185735218222,80.91343326378791,624.856752158508,97.71956374363234,0.005766062602965416,4.295920792079187,0.18434731592842457,116.63573427020106,,,116.63573427020106,241.54161098690514,,2025-06-22
2025,6,2,0,26,0,562.4587722772277,749.3313267326732,779.914191419142,654.5909306930694,622.9085148514852,745.035405940594,587.876303630363,697.2347634763477,117.71683718094968,660.0801628162817,87.17982072134018,658.4287051705171,82.68809238654976,-186.87255445544554,-25.41753135313536,-0.24938574938574942,-0.04323618964767295,1.2246467991473532e-16,-1.0,1.2246467991473532e-16,-1.0,23,174,0,0,0,0,4,0.1457991969198751,-0.9893142039703663,0.0,1.0,749.3313267326732,559.2368316831684,556.0148910891089,754.7556691152987,545.651229639093,515.7406336633663,498.4356946662407,534.5897285212392,615.3663366336634,,650.1817670909949,83.78214974789145,648.315087223008,80.28919238651578,643.6391372298519,79.4873152175151,644.1954528448235,78.60517487031153,629.5962112857599,78.03194137287285,615.3541087968244,78.26257632622514,613.6627579048228,78.00804103686303,604.2246426087308,80.96988477071017,624.6445141317009,97.6205179895559,0.0057613168724277575,3.2219405940593333,-0.2547803278688525,-192.296896838071,,,-192.296896838071,27.869043755988514,,2025-06-23
2025,6,2,1,26,0,594.1923300330033,562.4587722772277,749.3313267326732,779.914191419142,654.5909306930694,559.2368316831684,619.3285808580858,635.3274763476347,99.99706545154245,660.5660110011002,86.72664395933639,656.3340176017601,84.07538090915999,31.733557755775564,-25.136250825082584,0.05641934897254042,-0.040586292320396455,1.2246467991473532e-16,-1.0,1.2246467991473532e-16,-1.0,24,175,0,0,0,0,4,0.12874817745258132,-0.99167731989929,0.7818314824680298,0.6234898018587336,562.4587722772277,590.7913927392739,587.3904554455446,726.0502076014054,577.1406259980838,545.1216633663366,524.7160396039603,533.1792015330565,630.7504950495049,,650.6676152758134,83.38928773678612,648.8009354078266,79.91185759381938,639.2438746442386,78.41151775012172,644.8044422746423,78.13105398707923,630.4724731905219,77.3385238473507,616.1812074924082,77.65793533191837,614.3406815548221,77.56460011383383,604.0215416919725,80.94882452526866,624.5412863889935,97.47048206660399,0.005756578947368363,3.4009372937293847,-0.18160986139513768,-131.85787756840216,,,-131.85787756840216,61.01312849994679,,2025-06-24
2025,6,2,2,26,0,594.6781782178217,594.1923300330033,562.4587722772277,749.3313267326732,779.914191419142,590.7913927392739,650.8320000000001,583.7764268426841,18.463228570415353,655.8609548954895,89.88642615781852,651.6545324532453,85.95123658881428,0.48584818481845105,-56.1538217821784,0.0008176614881438837,-0.0862800565770866,1.2246467991473532e-16,-1.0,1.2246467991473532e-16,-1.0,25,176,0,0,0,0,4,0.11165900712169512,-0.993746580436178,0.9749279121818236,-0.22252093395631434,594.1923300330033,591.2772409240924,587.876303630363,545.651229639093,578.3160651549026,545.8504356435643,525.444811881188,559.7564995209198,653.8267326732673,,651.1534634606318,82.99456609994964,649.2867835926448,79.5327325955219,640.8781062635296,76.88975853729887,645.3888034554609,77.67521168899816,631.3443971650622,76.63922187560703,617.005414234511,77.04832488687669,614.72870020701,77.37559139774018,603.6929386116645,80.86552695048003,624.4403975100369,97.32061786914028,0.005751848808545512,3.400937293729271,0.0898503401360542,49.02694857872871,,,49.02694857872871,34.92167869690195,,2025-06-25
2025,6,2,3,26,0,626.4884488448845,594.6781782178217,594.1923300330033,562.4587722772277,749.3313267326732,591.2772409240924,775.4392739273928,605.1196523652366,18.507514942740112,651.1772079207921,90.69438160438051,639.2419636963697,76.70816773344211,31.810270627062778,-148.95082508250835,0.05349157206742361,-0.192085737840066,1.2246467991473532e-16,-1.0,1.2246467991473532e-16,-1.0,26,177,0,0,0,0,4,0.09453674981719912,-0.9955213724144752,0.43388373911755823,-0.900968867902419,594.6781782178217,622.9085148514852,619.3285808580858,577.1406259980838,609.9910571702333,575.3465346534654,553.8669306930692,586.1853209837112,638.4425742574258,,651.664882602546,82.80231779163768,649.7982027345591,79.34807964623306,642.5230336917563,76.00191384444018,645.9779960152698,77.45903161290167,632.2576456327661,76.263595805704,617.8699561172708,76.73813695304325,615.1765127388007,77.32515105854375,603.6265268038171,80.8417341877839,624.4472933057771,97.15615853483021,0.005747126436781658,3.5799339933993224,0.08550398399256776,49.34782284680068,,,49.34782284680068,40.303127861173266,,2025-06-26
2025,6,2,4,26,0,658.3498613861386,626.4884488448845,594.6781782178217,594.1923300330033,562.4587722772277,622.9085148514852,745.035405940594,626.5054961496149,31.8358450073055,630.9164862486249,66.5471400654037,632.0181683168316,69.59116562483544,31.86141254125414,-86.68554455445542,0.050857142857142934,-0.11635090609555188,1.2246467991473532e-16,-1.0,1.2246467991473532e-16,-1.0,27,178,0,0,0,0,4,0.07738647923346301,-0.9970011699250151,-0.433883739117558,-0.9009688679024191,626.4884488448845,654.5909306930694,650.8320000000001,578.3160651549026,641.7897796231236,605.4130309805174,582.3657623762376,695.9837112743531,676.9029702970297,,652.2018727015558,82.83663809505643,650.335192833569,79.38104587652438,645.1908268994642,75.06936479263373,646.569427506806,77.48908414388774,633.2029461757236,76.25288211059026,618.7745287245315,76.76241706028779,614.758358851154,76.9842627819968,603.5234539765344,80.75957094072301,624.5610603127581,97.01233898640804,0.005742411812961423,3.75893069306926,0.1383910997004707,80.03379623123601,,,80.03379623123601,-37.63384988821451,,2025-06-27
2025,6,2,5,26,1,784.3891089108911,658.3498613861386,626.4884488448845,594.6781782178217,594.1923300330033,654.5909306930694,559.2368316831684,689.7424730473048,83.50015965554365,636.7594499449946,79.33415325804073,650.7808580858085,78.02537577328744,126.03924752475245,225.15227722772272,0.19144721510137486,0.4026063100137174,1.2246467991473532e-16,-1.0,1.2246467991473532e-16,-1.0,28,179,0,0,0,0,4,0.06021327736579302,-0.9981855344718586,-0.9749279121818236,-0.2225209339563146,658.3498613861386,779.914191419142,775.4392739273928,609.9910571702333,765.5820824017885,722.2764292558288,694.2514851485147,666.3626445225167,807.6683168316831,,652.8411466289486,83.99565468097016,650.9744667609618,80.4942691180499,651.0040952908195,78.90417401331035,647.2411070249882,78.63198167131044,634.312101169564,78.0037166346671,619.8475956740834,78.44187429548987,616.0697640110247,78.85573061215759,603.3941250436411,80.44886765216823,625.0956022813137,97.2895002380245,0.0057377049180327155,4.474917491749125,0.2859026369168354,174.39805174065782,,,174.39805174065782,118.0264643883744,,2025-06-28
2025,6,2,6,26,1,753.6272475247524,784.3891089108911,658.3498613861386,626.4884488448845,594.6781782178217,779.914191419142,590.7913927392739,732.1220726072607,65.71398169586827,668.6208624862486,81.8732350898162,664.3505126512651,80.75584385155501,-30.761861386138662,162.83585478547855,-0.03921760391198048,0.27562326869806086,1.2246467991473532e-16,-1.0,1.2246467991473532e-16,-1.0,29,180,0,0,0,0,5,0.04302223300453059,-0.99907411510223,-0.7818314824680299,0.6234898018587334,784.3891089108911,749.3313267326732,745.035405940594,641.7897796231236,736.4435643564357,694.8701373363142,667.4019801980197,498.4356946662407,915.3574257425743,,653.4548495992457,84.82969889695508,651.5881697312589,81.295338106249,654.7320108875405,81.06614556480213,647.8548099952852,79.41710736524873,635.3613352800719,79.21880721673489,620.8740869517827,79.62689052399098,618.9052257094527,79.16579370058588,602.4956240535421,77.80491325442331,625.5240410987919,97.40974519348308,0.005733005733005614,4.295920792079187,0.1742587237324078,111.83746790162877,,,111.83746790162877,255.19155285851173,,2025-06-29
2025,6,2,0,27,0,565.6807128712871,753.6272475247524,784.3891089108911,658.3498613861386,626.4884488448845,749.3313267326732,591.2772409240924,701.2323564356435,118.39450613830566,663.8689262926292,87.6786355897935,662.2174686468646,83.16358321511737,-187.94653465346528,-25.596528052805297,-0.24938925081433216,-0.04329023050642222,1.2246467991473532e-16,-1.0,1.2246467991473532e-16,-1.0,30,181,0,1,0,1,5,0.02581844022713308,-0.9996666485105112,0.0,1.0,753.6272475247524,562.4587722772277,559.2368316831684,765.5820824017885,552.7929504950496,522.2661769402747,501.24190099009894,524.7160396039603,546.5792079207921,,653.9151268269683,84.26050566956773,652.0484469589816,80.74864681153754,648.0686319031903,79.84689130568407,648.315087223008,78.88129163826716,636.1365948502684,78.29899392030144,621.641215664654,78.76621473203873,619.3603887457563,78.73475866721803,602.6017435254893,77.74122218855143,625.3252260548467,97.30841356769625,0.005728314238952592,3.221940594059447,-0.2611103030303029,-199.90136953050137,,,-199.90136953050137,40.964673267326816,,2025-06-30
2025,7,3,1,27,0,597.5932673267326,565.6807128712871,753.6272475247524,784.3891089108911,658.3498613861386,562.4587722772277,622.9085148514852,638.9670759075907,100.57245646510418,664.3547744774477,87.22545815975887,660.1078646864686,84.56072896085139,31.912554455445502,-25.31524752475252,0.056414429075128725,-0.04064039408867004,-0.4999999999999998,-0.8660254037844388,-1.0,-1.8369701987210297e-16,1,182,1,0,1,0,1,0.008606996888688698,-0.9999629591162655,0.7818314824680298,0.6234898018587336,565.6807128712871,594.1923300330033,590.7913927392739,736.4435643564357,583.9895181518152,552.4564037048866,529.8174455445544,525.444811881188,573.614308527627,,654.4009750117868,83.86763773511186,652.5342951438,80.37130502252569,643.440288668867,78.56147217404394,648.8009354078266,78.51144889959978,636.9426102720872,77.65156644085452,622.4480706858704,78.15906627526799,620.1620382507068,78.13279332927594,602.7349599632621,77.71181162977045,625.233398376939,97.15974311428292,0.005723630417007408,3.4009372937293847,-0.18854166666666672,-138.85029702970303,,,-138.85029702970303,72.14845544554464,,2025-07-01
2025,7,3,2,27,0,598.2985308208239,597.5932673267326,565.6807128712871,753.6272475247524,784.3891089108911,594.1923300330033,654.5909306930694,587.1908370062812,18.631651278826997,659.656454806771,90.37535750263338,655.4168313637815,86.43524816295546,0.7052634940912412,-56.29239987224548,0.001180173092053316,-0.08599630277896464,-0.4999999999999998,-0.8660254037844388,-1.0,-1.8369701987210297e-16,2,183,0,0,0,0,1,-0.008606996888688009,-0.9999629591162655,0.9749279121818236,-0.22252093395631434,597.5932673267326,594.6781782178217,591.2772409240924,552.7929504950496,584.4753663366337,553.6318428617055,530.5462178217822,553.8669306930692,600.476186521878,,654.9181682407872,83.44807099933642,653.0358158507095,79.98061151643566,644.9571413463927,77.1780421508008,649.2946198536904,78.134540940594,637.7402296999286,77.00698566677391,623.2546458406209,77.54643324030323,620.6557226965707,77.84905507692332,602.722861876034,77.7123347432928,625.1445044246086,97.01109059686448,0.006087919038582967,3.620352603002175,0.08231939333709315,45.505580325774304,,,45.505580325774304,44.43160012775468,,2025-07-02
2025,7,3,3,27,0,630.530309805174,598.2985308208239,597.5932673267326,565.6807128712871,753.6272475247524,594.6781782178217,779.914191419142,608.8073693175769,18.81592295688475,655.0198628766102,91.16596233964754,642.9681745626175,77.13134664949098,32.23177898435017,-149.3838816139679,0.05387240202667787,-0.1915388683236383,-0.4999999999999998,-0.8660254037844388,-1.0,-1.8369701987210297e-16,3,184,0,0,0,0,1,-0.02581844022713239,-0.9996666485105112,0.43388373911755823,-0.900968867902419,598.2985308208239,626.4884488448845,622.9085148514852,583.9895181518152,615.7486468646865,584.0076652826573,559.2368316831682,582.3657623762376,712.6873203449378,,655.4955769494,83.23227359773573,653.580229775973,79.78546762152891,646.5085010681713,76.37383926482373,649.8225363872792,77.94920918029142,638.5709912092592,76.66696770331949,624.1033777230257,77.22681648431254,621.19088433467,77.74836383899658,602.2664340397021,77.30306104289963,625.1622208896763,96.8513665862762,0.006451612903225712,4.0418609602895685,0.0796945667803235,46.54079165335884,,,46.54079165335884,48.16454742893643,,2025-07-03
2025,7,3,4,27,0,662.83632705206,630.530309805174,598.2985308208239,597.5932673267326,565.6807128712871,626.4884488448845,749.3313267326732,630.555055892686,32.26890523200917,634.7610659001383,66.96020550998108,635.7602579225664,69.99991272196988,32.30601724688597,-86.4949996806132,0.051236263736263776,-0.11542957913925656,-0.4999999999999998,-0.8660254037844388,-1.0,-1.8369701987210297e-16,4,185,0,0,0,0,1,-0.04302223300453034,-0.99907411510223,-0.433883739117558,-0.9009688679024191,630.530309805174,658.3498613861386,654.5909306930694,584.4753663366337,647.0730693069307,614.507218141169,588.0041584158416,694.2514851485147,682.1011561801341,,656.1365006159602,83.27517877484003,654.169186658758,79.82392575784539,649.1205330920188,75.51426975341533,650.3855098781768,77.98553132697981,639.4340110112395,76.66317699657974,624.994236873457,77.23698947668598,620.8418270224872,77.48674731959868,602.1594072112126,77.20518581768088,625.2857425492251,96.71600125504266,0.006814713466294808,4.486465665921401,0.13407059600574112,78.36096071542636,,,78.36096071542636,-31.41515809645466,,2025-07-04
2025,7,3,5,27,1,790.0188438198659,662.83632705206,630.530309805174,598.2985308208239,597.5932673267326,658.3498613861386,562.4587722772277,694.4618268923665,84.31653041160057,640.826331949324,80.2164937737443,654.7235972177863,78.62868448972448,127.18251676780585,227.56007154263818,0.19187620167628006,0.40458089154039745,-0.4999999999999998,-0.8660254037844388,-1.0,-1.8369701987210297e-16,5,186,0,0,0,0,1,-0.060213277365792774,-0.9981855344718586,-0.9749279121818236,-0.2225209339563146,662.83632705206,784.3891089108911,779.914191419142,615.7486468646865,770.9643564356436,733.1028425423187,700.9638613861385,667.4019801980197,510.01686362184614,,656.9407484600995,84.73463969459911,654.890947544524,81.08409622582101,654.9295396571916,79.45852477273485,651.0660272847562,79.1511227785155,640.4503681769099,78.28763327190025,626.0544152357633,78.88593137263175,622.2042366182856,79.36966601823968,603.7149737678683,78.15326748893047,625.8240860174297,97.01545796874224,0.007177222178405218,5.629734908974797,0.28302164826921006,174.27019695517936,,,174.27019695517936,122.61686362184616,,2025-07-05
2025,7,3,6,27,1,759.3089492175023,790.0188438198659,662.83632705206,630.530309805174,598.2985308208239,784.3891089108911,594.1923300330033,737.3880400298094,66.3644696924426,673.0977046736931,82.84448914655837,668.4833154831612,81.4690536090129,-30.709894602363534,165.1166191844991,-0.038872357086922604,0.27788413084249663,-0.4999999999999998,-0.8660254037844388,-1.0,-1.8369701987210297e-16,6,187,0,0,0,0,1,-0.07738647923346322,-0.9970011699250151,-0.7818314824680299,0.6234898018587334,790.0188438198659,753.6272475247524,749.3313267326732,647.0730693069307,740.7394851485149,705.2634940913447,673.8458613861386,501.24190099009894,536.7055190035132,,657.7524201304923,85.83522269797557,655.6036348648689,82.01651874751592,658.6707356542106,81.68684910869017,651.7292224300771,80.00351666496678,641.415465589877,79.42599822242919,627.0718329480413,80.05224053591267,625.0716482652566,79.61178536059835,604.9516594912794,78.84515529518531,626.258890132088,97.15596062879881,0.007539140485447016,5.681701692749925,0.17345163202478142,112.23587991057161,,,112.23587991057161,258.0670482274034,,2025-07-06
2025,7,3,0,28,0,570.1498562759502,759.3089492175023,790.0188438198659,662.83632705206,630.530309805174,753.6272475247524,594.6781782178217,706.4925497711062,119.07044956141361,668.5238028318961,88.41703780614272,666.4392886546719,83.76450106221716,-189.1590929415521,-24.528321941871468,-0.24912006257332797,-0.04124637970638145,-0.4999999999999998,-0.8660254037844388,-1.0,-1.8369701987210297e-16,7,188,0,0,0,0,1,-0.09453674981719933,-0.9955213724144752,0.0,1.0,759.3089492175023,565.6807128712871,562.4587722772277,770.9643564356436,556.0148910891089,530.0611945065474,506.07481188118805,529.8174455445544,535.0599041839668,,658.3908691883013,85.04926937716237,656.1529980076348,81.36781596201939,651.9769189822207,80.38514435803923,652.2340426153214,79.41965809193593,642.1313345500448,78.58026826157766,627.8346310955981,79.18598945277657,625.5197861622721,79.18192694685425,605.1466036695682,78.71465479343347,626.0767179442435,97.0502722744026,0.007900469828604484,4.4691434046631,-0.26047183437650456,-200.81450015969335,,,-200.81450015969335,40.33241073139584,,2025-07-07
2025,7,3,1,28,0,602.530111785372,570.1498562759502,759.3089492175023,790.0188438198659,662.83632705206,565.6807128712871,626.4884488448845,643.9963057596082,101.16755676919867,669.2290663259874,87.75928090111353,664.4427605663792,85.07851337224287,32.38025550942177,-23.958337059512473,0.05679253472222201,-0.03824226464779468,-0.4999999999999998,-0.8660254037844388,-1.0,-1.8369701987210297e-16,8,189,0,0,0,0,2,-0.11165900712169444,-0.9937465804361781,0.7818314824680298,0.6234898018587336,570.1498562759502,597.5932673267326,594.1923300330033,740.7394851485149,587.3904554455446,560.684477802619,534.9188514851485,530.5462178217822,561.4887256467582,,659.0961326823926,84.47964585120803,656.7485538470897,80.90863940933636,647.369939870116,79.07238880396062,652.7747446274582,79.01233386352203,642.8785780140225,77.9884161908112,628.6395270515532,78.57139285909975,626.3196072063121,78.57303012491175,605.3746113703382,78.64689914403101,626.000515335315,96.90185388757101,0.008261211644374544,4.936844458639371,-0.18658297030761428,-138.20937336314284,,,-138.20937336314284,71.98389396358982,,2025-07-08
2025,7,3,2,28,0,603.2353752794634,602.530111785372,570.1498562759502,759.3089492175023,790.0188438198659,597.5932673267326,658.3498613861386,591.9717811135952,18.90163093131254,664.6799105717023,90.82055000343165,659.8498867241564,86.9053688715037,0.7052634940913549,-55.11448610667526,0.001170503316425986,-0.0837161049759062,-0.4999999999999998,-0.8660254037844388,-1.0,-1.8369701987210297e-16,9,190,0,0,0,0,2,-0.12874817745258066,-0.99167731989929,0.9749279121818236,-0.22252093395631434,602.530111785372,598.2985308208239,594.6781782178217,556.0148910891089,587.876303630363,561.8599169594379,535.6476237623763,559.2368316831682,587.7443244969659,,659.801396176484,83.90615534453913,657.3597822086357,80.43458950362809,648.9439560097945,77.64832891453267,653.3232829006403,78.5973180208817,643.6174254840232,77.40068219438507,629.4441431410422,77.95125044790747,626.8084799129375,78.28731640010507,605.4606727635744,78.63597395183403,625.927079399651,96.75356745923861,0.008251473477406845,4.936844458639484,0.08492665384889264,47.220484190354455,,,47.220484190354455,43.99854359629512,,2025-07-09
2025,7,3,3,28,0,635.7269881826892,603.2353752794634,602.530111785372,570.1498562759502,759.3089492175023,598.2985308208239,784.3891089108911,613.8308250825081,18.96591200103383,660.1616874268071,91.60158119484298,647.4613766634728,77.64029455150802,32.491612903225814,-148.6621207282019,0.053862247200229696,-0.1895259878539317,-0.4999999999999998,-0.8660254037844388,-1.0,-1.8369701987210297e-16,10,191,0,0,0,0,2,-0.14579919691987442,-0.9893142039703664,0.43388373911755823,-0.900968867902419,603.2353752794634,630.530309805174,626.4884488448845,587.3904554455446,619.3285808580858,592.6687959118493,564.6067326732673,588.0041584158416,697.530341743852,,660.5437788018434,83.62653100478893,658.0196778756216,80.19938784231074,650.5551737676993,76.82416121388484,653.9089403050904,78.3954653767512,644.3863217745738,77.09863777711814,630.2908128494878,77.62408310229861,627.3387335770136,78.18308296643522,605.1173207993456,78.36618459986035,625.9585903603681,96.59898566186298,0.008241758241758212,5.196678377515127,0.08229029309044633,48.33653273714458,,,48.33653273714458,47.72282976684755,,2025-07-10
2025,7,3,4,28,0,668.292839348451,635.7269881826892,603.2353752794634,602.530111785372,570.1498562759502,630.530309805174,753.6272475247524,635.7517342702012,32.52873909404051,639.8740200149047,67.36163041073567,640.3501759821144,70.62326188933727,32.56585116576184,-85.3344081763014,0.05122615803814723,-0.11323158558369217,-0.4999999999999998,-0.8660254037844388,-1.0,-1.8369701987210297e-16,11,192,0,0,0,0,2,-0.16280701293851646,-0.9866579328916572,-0.433883739117558,-0.9009688679024191,635.7269881826892,662.83632705206,658.3498613861386,587.876303630363,650.8320000000001,623.6014053018206,593.6425544554456,700.9638613861385,667.5504567230917,,661.3232805584705,83.67687745959141,658.7298905872154,80.24654832251676,653.2357249583023,75.95984057343094,654.5325417103923,78.43951743111394,645.1843830968352,77.11088113461051,631.1795067172616,77.62677737557532,626.9757222210393,77.91277365038572,605.1214451472644,78.36950822598048,626.0942770558428,96.4733322701147,0.008232065856526916,5.456512296390997,0.13679159241746075,80.41653571808797,,,80.41653571808797,-32.67102203768752,,2025-07-11
2025,7,3,5,28,1,796.5146917917598,668.292839348451,635.7269881826892,603.2353752794634,602.530111785372,662.83632705206,565.6807128712871,700.1781731076334,85.00398396351777,646.0749771106142,80.9059117563367,659.5863408921538,79.33562945442989,128.22185244330876,230.83397892047265,0.19186477079167585,0.40806407867223093,-0.4999999999999998,-0.8660254037844388,-1.0,-1.8369701987210297e-16,12,193,0,0,0,0,2,-0.17976658572556214,-0.9837092937736098,-0.9749279121818236,-0.2225209339563146,668.292839348451,790.0188438198659,784.3891089108911,619.3285808580858,775.4392739273928,743.9292558288088,707.6762376237623,673.8458613861386,499.10383902906426,,662.2512588401697,85.36105727102792,659.5960036501347,81.7583309786293,659.1419286560915,80.0128641964199,655.2852352055481,79.73314122902887,646.1234087390307,78.64023637954095,632.2371073621186,79.26933597357097,628.3387092255462,79.79222194281158,606.7737276626127,79.25204905471409,626.6387512243281,96.79908518102236,0.008222396241190255,6.495847971893909,0.28609387070136627,177.18611093367394,,,177.18611093367394,122.66883040562118,,2025-07-12
2025,7,3,6,28,1,765.5449632705206,796.5146917917598,668.292839348451,635.7269881826892,603.2353752794634,790.0188438198659,597.5932673267326,743.4508314702438,66.90533503394134,678.6408282763759,83.51536197850955,673.582315554136,82.16889696650011,-30.969728521239176,167.95169594378797,-0.03888155339805821,0.2810468342374426,-0.4999999999999998,-0.8660254037844388,-1.0,-1.8369701987210297e-16,13,194,0,0,0,0,2,-0.19667288979357622,-0.9804691603616321,-0.7818314824680299,0.6234898018587334,796.5146917917598,759.3089492175023,753.6272475247524,650.8320000000001,745.035405940594,715.6568508463749,680.2897425742574,506.07481188118805,525.186215266688,,663.1421179906009,86.5668328460227,660.4472690605465,82.86721676095536,662.9656940984421,82.31009701892363,656.0177193959028,80.67680937984034,647.0142678894618,79.71744848521679,633.2520504656457,80.42930686492672,631.2217109076499,80.01222697441847,608.1090540404117,79.89202380491722,627.0811276958128,96.96172146092584,0.00821274931560434,6.236014053018266,0.17625587443536972,114.7129632705205,,,114.7129632705205,259.47015138933256,,2025-07-13
2025,7,3,0,29,0,574.8268668157139,765.5449632705206,796.5146917917598,668.292839348451,635.7269881826892,759.3089492175023,598.2985308208239,712.2955072926648,120.05416009912051,674.0236207814329,89.1410839412233,671.6263435537102,84.37367340897192,-190.71809645480675,-23.47166400511003,-0.24912723041117146,-0.03923068969082799,-0.4999999999999998,-0.8660254037844388,-1.0,-1.8369701987210297e-16,14,195,0,0,0,0,2,-0.2135209154397959,-0.9769384927771817,0.0,1.0,765.5449632705206,570.1498562759502,565.6807128712871,775.4392739273928,559.2368316831684,537.8562120728203,510.9077227722772,534.9188514851485,523.5406004471415,,663.8102623534243,85.74360736812756,661.1005657708628,82.09509539107401,656.2786138613861,80.99600788778895,656.5745063649222,80.03538995553299,647.6744581527277,78.94636495431003,634.012992656639,79.55548349728419,631.6651333002118,79.5819531671304,608.3939777424592,79.67990840027218,626.9152411533363,96.85196117948259,0.008203124999999867,4.677010539763614,-0.2587080818019839,-200.61240711167898,,,-200.61240711167898,39.90801533056538,,2025-07-14
2025,7,3,1,29,0,607.4669562440115,574.8268668157139,765.5449632705206,796.5146917917598,668.292839348451,570.1498562759502,630.530309805174,649.2795954434154,102.00279739522104,674.7288842755244,88.48332469409617,669.7043974236134,85.64795856864177,32.64008942829764,-23.063353561162558,0.056782470188126766,-0.036577708006279464,-0.4999999999999998,-0.8660254037844388,-1.0,-1.8369701987210297e-16,15,196,0,0,0,0,3,-0.23030567023061196,-0.973118337233262,0.7818314824680298,0.6234898018587336,574.8268668157139,602.530111785372,597.5932673267326,745.035405940594,590.7913927392739,568.9125519003513,540.0202574257426,535.6476237623763,549.3631427658895,,664.5155258475157,85.17396583906068,661.8058292649541,81.54813797683956,651.6929988715001,79.68130905159634,657.1700622043771,79.58855320528794,648.3629296588645,78.41332579199158,634.8159295473326,78.93333496125646,632.463125883341,78.96603204884812,608.7167767062267,79.55702711059547,626.853695947927,96.70429460615298,0.008193523214982568,4.936844458639484,-0.18464686188021473,-137.56844969658255,,,-137.56844969658255,71.81933248163523,,2025-07-15
2025,7,3,2,29,0,608.1722197381027,607.4669562440115,574.8268668157139,765.5449632705206,796.5146917917598,602.530111785372,662.83632705206,596.8220142659427,19.051620211065874,670.1364228680933,91.5735673974126,665.1490551474502,87.48055662301095,0.7052634940912412,-54.66410731395729,0.0011609907120742058,-0.08246999309327818,-0.4999999999999998,-0.8660254037844388,-1.0,-1.8369701987210297e-16,16,197,0,0,0,0,3,-0.24702218048093527,-0.9690098257244063,0.9749279121818236,-0.22252093395631434,607.4669562440115,603.2353752794634,598.2985308208239,559.2368316831684,591.2772409240924,570.0879910571703,540.7490297029702,564.6067326732673,575.0124624720537,,665.220789341607,84.6004888225082,662.5110927590455,80.9974871691078,653.3241784733311,78.21065989420488,657.7734543048774,79.13323294216123,649.043005171024,77.88548218043839,635.6185865715604,78.30557316651948,632.9471868507281,78.67840351789486,608.900997579927,79.51692795229971,626.7947638463188,96.55686138960364,0.008183943881527656,4.936844458639371,0.08750387185273656,48.93538805493438,,,48.93538805493438,43.56548706483545,,2025-07-16
2025,7,3,3,29,0,640.9236665602044,608.1722197381027,607.4669562440115,574.8268668157139,765.5449632705206,603.2353752794634,790.0188438198659,618.8542808474396,19.115901455405687,665.5748940700521,92.36204013608662,652.7244570424784,78.23233656583926,32.751446822101684,-149.09517725966145,0.05385225723760523,-0.18872357086922475,-0.4999999999999998,-0.8660254037844388,-1.0,-1.8369701987210297e-16,17,198,0,0,0,0,3,-0.2636654927280072,-0.9646141756912435,0.43388373911755823,-0.900968867902419,608.1722197381027,635.7269881826892,630.530309805174,590.7913927392739,622.9085148514852,601.3299265410412,569.9766336633663,593.6425544554456,682.3733631427659,,665.9631719669662,84.32087938243185,663.2534753844049,80.72900475060462,654.9952542673622,77.35942999965783,658.4168525801888,78.91219016639069,649.7500362427947,77.6237487299592,636.4631941060464,77.97092962875767,633.472532540781,78.57079010972106,608.6707214878016,79.36283644353122,626.8391943579977,96.40769898480086,0.008174386920980936,5.196678377515241,0.08485613439370931,50.13227382093055,,,50.13227382093055,47.28111210475879,,2025-07-17
2025,7,3,4,29,0,673.7493516448419,640.9236665602044,608.1722197381027,607.4669562440115,574.8268668157139,635.7269881826892,759.3089492175023,640.9484126477164,32.78857295697303,645.1140040455658,67.9167656711889,645.5944905780901,71.21991453461162,32.825685084637485,-85.55959757266044,0.05121621621621619,-0.1126808760265936,-0.4999999999999998,-0.8660254037844388,-1.0,-1.8369701987210297e-16,18,199,0,0,0,0,3,-0.2802306751992161,-0.9599326896597445,-0.433883739117558,-0.9009688679024191,640.9236665602044,668.292839348451,662.83632705206,591.2772409240924,654.5909306930694,632.6955924624722,599.2809504950495,707.6762376237623,652.9997572660492,,666.7426737235936,84.3712116007858,664.0329771410321,80.77733944816069,657.7443246247204,76.47739584808289,659.101081899895,78.96083195250931,650.483139085337,77.65360925155304,637.3497226911632,77.96642673451194,633.0955671410152,78.2916679633067,608.7859970121282,79.44261406815119,626.9862481425959,96.29182170390405,0.008164852255054367,5.456512296390883,0.13948128730924236,82.47211072074947,,,82.47211072074947,-33.92688597892038,,2025-07-18
2025,7,3,5,29,1,803.0105397636538,673.7493516448419,640.9236665602044,608.1722197381027,607.4669562440115,668.292839348451,570.1498562759502,705.8945193229001,85.6914375536156,651.3582667944214,81.55634916356439,664.9995475353986,79.97970387968508,129.2611881188119,232.86068348770357,0.1918535250583071,0.40842013888888884,-0.4999999999999998,-0.8660254037844388,-1.0,-1.8369701987210297e-16,19,200,0,0,0,0,3,-0.2967128192734901,-0.9549667548552553,-0.9749279121818236,-0.2225209339563146,673.7493516448419,796.5146917917598,790.0188438198659,622.9085148514852,779.914191419142,754.7556691152987,714.3886138613861,680.2897425742574,488.1908144362823,,667.6706520052927,86.05534528981494,664.9609554227312,82.39444981598882,663.7477254551261,80.60599899976324,659.9259514836276,80.3775866323631,651.3448332040577,79.08623982592512,638.404745618571,79.60386897343282,634.4591315542307,80.16903204859308,610.5349954861691,80.23434371700318,627.5363240539117,96.6430310922092,0.00815533980582539,6.4958479718940225,0.2891307802320038,180.10202491216864,,,180.10202491216864,122.72079718939642,,2025-07-19
2025,7,3,6,29,1,771.7809773235388,803.0105397636538,673.7493516448419,640.9236665602044,608.1722197381027,796.5146917917598,602.530111785372,749.5136229106782,67.44620072978326,684.1839518790588,84.18623505689052,679.1037863302458,82.83443074228992,-31.229562440115046,169.25086553816675,-0.03889060092449936,0.2809002607963531,-0.4999999999999998,-0.8660254037844388,-1.0,-1.8369701987210297e-16,20,201,0,0,0,0,3,-0.3131070409358267,-0.9497178427914317,-0.7818314824680299,0.6234898018587334,803.0105397636538,765.5449632705206,759.3089492175023,654.5909306930694,749.3313267326732,726.0502076014054,686.7336237623763,510.9077227722772,513.6669115298627,,668.5615111557238,87.26125365795005,665.8518145731624,83.55231065794449,667.6540603428085,82.9524247154611,660.7277247190157,81.40780967177238,652.1614540919529,80.10123824760217,639.4172141133469,80.75844058724289,637.357723271467,80.36753585477051,611.9689625183563,80.79798064648539,627.9856843444713,96.8271974560155,0.00814584949573316,6.2360140530181525,0.17902791061646806,117.1900466304694,,,117.1900466304694,260.87325455126154,,2025-07-20
2025,7,3,0,30,0,579.5038773554775,771.7809773235388,803.0105397636538,673.7493516448419,640.9236665602044,765.5449632705206,603.2353752794634,718.0984648142233,121.0378707148915,679.5234387309698,89.8651313374033,677.1261615032471,85.0637013459094,-192.2770999680613,-23.7314979239859,-0.24913428241631397,-0.039340361816466274,-0.4999999999999998,-0.8660254037844388,-1.0,-1.8369701987210297e-16,21,202,0,0,0,0,3,-0.3294084822245302,-0.9441875088341994,0.0,1.0,771.7809773235388,574.8268668157139,570.1498562759502,779.914191419142,562.4587722772277,545.651229639093,515.7406336633663,540.0202574257426,512.0212967103163,,669.2296555185472,86.43794692346856,666.5199589359858,82.76180074584556,660.9737165406863,81.65979598964455,661.3364784718103,80.70646399713084,652.765965658317,79.40754389523745,640.1763003477766,79.87679857009468,637.7964301595752,79.93683576773932,612.3438657441627,80.48759557849806,627.8351197264931,96.71400429934103,0.008136381247578317,4.677010539763614,-0.2569645690111053,-200.4103140636645,,,-200.4103140636645,39.483619929734914,,2025-07-21
2025,7,3,1,30,0,612.4038007026509,579.5038773554775,771.7809773235388,803.0105397636538,673.7493516448419,574.8268668157139,635.7269881826892,654.5628851272223,102.83803816035277,680.2287022250612,89.20736979549574,675.1825625465773,86.3523056840413,32.8999233471734,-23.323187480038314,0.056772568110000865,-0.03668742701440253,-0.4999999999999998,-0.8660254037844388,-1.0,-1.8369701987210297e-16,22,203,0,0,0,0,4,-0.3456123126707333,-0.9383773917408642,0.7818314824680298,0.6234898018587336,579.5038773554775,607.4669562440115,602.530111785372,749.3313267326732,594.1923300330033,577.1406259980838,545.1216633663366,540.7490297029702,537.2375598850208,,669.9349190126386,85.86828769281291,667.2252224300771,82.21482091086209,656.409465673019,80.3673342496009,661.9868881385835,80.21721097822183,653.3956652066128,78.93534738426165,640.977278173209,79.24699690701917,638.5925942817938,79.3138011110784,612.7614559709274,80.29049743910024,627.7873447449952,96.56752774950236,0.008126934984520107,4.936844458639371,-0.18273295289424318,-136.92752603002236,,,-136.92752603002236,71.65477099968064,,2025-07-22
2025,7,3,2,30,0,613.1090641967422,612.4038007026509,579.5038773554775,771.7809773235388,803.0105397636538,607.4669562440115,668.292839348451,601.6722474182902,19.201609895527422,675.5929351644842,92.3265856534822,670.5839146172682,88.20214789425398,0.7052634940913549,-55.1837751517088,0.0011516314779271841,-0.08257424276086811,-0.4999999999999998,-0.8660254037844388,-1.0,-1.8369701987210297e-16,23,204,0,0,0,0,4,-0.3617137307297674,-0.9322892131745134,0.9749279121818236,-0.22252093395631434,612.4038007026509,608.1722197381027,603.2353752794634,562.4587722772277,594.6781782178217,578.3160651549026,545.8504356435643,569.9766336633663,562.2806004471416,,670.6401825067298,85.29482395929428,667.9304859241684,81.66417753283999,658.0978087370028,78.8431487252907,662.645134066402,79.71850300782066,654.0169687609315,78.46920015697035,641.7779761321754,78.61150843066575,639.0718435099424,79.02431884440472,613.0438363250918,80.20129714263712,627.7420414099696,96.42137487009923,0.008117510630073488,4.936844458639484,0.09005156362740441,50.65029191951453,,,50.65029191951453,43.132430533375896,,2025-07-23
2025,7,3,3,30,0,646.1203449377196,613.1090641967422,612.4038007026509,579.5038773554775,771.7809773235388,608.1722197381027,796.5146917917598,623.8777366123709,19.265891310416805,670.9881007132971,93.12249982114179,658.0510523794314,78.8732249741096,33.01128074097733,-150.39434685404024,0.053842428156280375,-0.18881553398058248,-0.4999999999999998,-0.8660254037844388,-1.0,-1.8369701987210297e-16,24,205,0,0,0,0,4,-0.37770796520396466,-0.9259247771938499,0.43388373911755823,-0.900968867902419,613.1090641967422,640.9236665602044,635.7269881826892,594.1923300330033,626.4884488448845,609.9910571702333,575.3465346534654,599.2809504950495,667.21638454168,,671.3825651320892,85.01522918096842,668.6728685495278,81.39570662136488,659.8287425671599,77.95681527782685,663.3462732125746,79.47468047015302,654.6621346139221,78.24885847831439,642.6205214927022,78.26945564339472,639.5922812259721,78.91347939166312,612.9266361050697,80.13707953108056,627.7985900362088,96.27785884392829,0.008108108108108025,5.196678377515127,0.08739260384231495,51.92801490471629,,,51.92801490471629,46.83939444267003,,2025-07-24
2025,7,3,4,30,0,679.2058639412329,646.1203449377196,613.1090641967422,612.4038007026509,579.5038773554775,640.9236665602044,765.5449632705206,646.1450910252315,33.04840682078432,650.353988076227,68.47190293608347,650.8561274353242,71.79657096782626,33.085519003513355,-86.3390993292877,0.05120643431635408,-0.11278122575640026,-0.4999999999999998,-0.8660254037844388,-1.0,-1.8369701987210297e-16,25,206,0,0,0,0,4,-0.39359027665646645,-0.9192859697186105,-0.433883739117558,-0.9009688679024191,646.1203449377196,673.7493516448419,668.292839348451,594.6781782178217,658.3498613861386,641.7897796231236,605.4130309805174,714.3886138613861,638.4490578090068,,672.1620668887165,85.06554739444128,669.452370306155,81.44402824638561,662.6463320912736,77.04306876015826,664.0911304466853,79.52383716943042,655.3302789767456,78.29667468896483,643.4990075993776,78.2609322553494,639.2013617824149,78.62541004926716,613.1530628058044,80.2670693980933,627.9562810604574,96.17177994692297,0.008098727342846335,5.456512296390997,0.14214021771696816,84.5276857234112,,,84.5276857234112,-35.18274992015324,,2025-07-25
2025,7,3,5,30,1,809.5063877355477,679.2058639412329,646.1203449377196,613.1090641967422,612.4038007026509,673.7493516448419,574.8268668157139,711.6108655381668,86.37889118098222,656.6415564782284,82.20678677534661,670.4127541786437,80.62378425194935,130.3005237943148,234.67952091983386,0.19184246001384464,0.40826122519264696,-0.4999999999999998,-0.8660254037844388,-1.0,-1.8369701987210297e-16,26,207,0,0,0,0,4,-0.4093559588156211,-0.9123747579707274,-0.9749279121818236,-0.2225209339563146,679.2058639412329,803.0105397636538,796.5146917917598,626.4884488448845,784.3891089108911,765.5820824017885,722.2764292558288,686.7336237623763,477.2777898435005,,673.0900451704157,86.74963566727585,670.3803485878542,83.06111041604244,668.7469300542957,81.21435312105665,664.9881761189944,81.05794918259816,656.1146415719913,79.6299018157961,644.5374594860407,79.88079868895768,640.5655036043389,80.50200715314789,614.998777238538,80.9421123660921,628.5114801634394,96.54758678679264,0.008089368258859642,6.495847971893909,0.29213298222514816,183.01793889066323,,,183.01793889066323,122.77276397317144,,2025-07-26
2025,7,3,6,30,1,778.016991376557,809.5063877355477,679.2058639412329,646.1203449377196,613.1090641967422,803.0105397636538,607.4669562440115,755.5764143511125,67.98706677151127,689.7270754817417,84.85710837585684,684.6252571063559,83.4999705878166,-31.48939635899069,170.55003513254553,-0.03889950324799385,0.2807560697409157,-0.4999999999999998,-0.8660254037844388,-1.0,-1.8369701987210297e-16,27,208,0,0,0,0,4,-0.42500033996955394,-0.9051931898913975,-0.7818314824680299,0.6234898018587334,809.5063877355477,771.7809773235388,765.5449632705206,658.3498613861386,753.6272475247524,736.4435643564357,694.8701373363142,515.7406336633663,502.1476077930374,,673.9809043208469,87.95567469957369,671.2712077382854,84.21910846068205,672.7358343873096,83.59010623777259,665.8592383994159,82.1691893925438,656.8570241973506,80.58053601413616,645.5273029865198,81.01905848473524,643.4796853567077,80.67958217509037,616.5313849251131,81.40380505206215,628.9672896488452,96.7526569269413,0.00808003078106978,6.236014053018266,0.18176829222453605,119.6671299904184,,,119.6671299904184,262.2763577131907,,2025-07-27
2025,7,3,0,31,0,584.1808878952411,778.016991376557,809.5063877355477,679.2058639412329,646.1203449377196,771.7809773235388,608.1722197381027,723.9014223357818,122.02158140683859,685.0232566805067,90.58917996444437,682.625979452784,85.75373568305027,-193.83610348131594,-23.991331842861655,-0.24914122137404593,-0.039448253412812995,-0.4999999999999998,-0.8660254037844388,-1.0,-1.8369701987210297e-16,28,209,0,0,0,0,4,-0.4405187843504952,-0.8977433935342336,0.0,1.0,778.016991376557,579.5038773554775,574.8268668157139,784.3891089108911,565.6807128712871,552.7929504950496,522.2661769402747,545.1216633663366,500.50199297349087,,674.6490486836702,87.1322880057868,671.9393521011087,83.42851387993021,666.0622270201214,82.35149303381463,666.5199589359858,81.40464451784544,657.417523079497,79.9502287888433,646.2643828788409,80.16126305844357,643.9136767403622,80.24845189020378,616.9962676746784,80.97528971185437,628.8311607681352,96.63660526639407,0.008070714834742532,4.677010539763614,-0.2552409496017036,-200.20822101565,,,-200.20822101565,39.05922452890445,,2025-07-28
2025,7,3,1,31,0,617.3406451612904,584.1808878952411,778.016991376557,809.5063877355477,679.2058639412329,579.5038773554775,640.9236665602044,659.8461748110295,103.67327906123198,685.7285201745981,89.93141617370993,680.6607276695412,87.056658884621,33.15975726604927,-23.58302139891407,0.05676282458592796,-0.03679536679536677,-0.4999999999999998,-0.8660254037844388,-1.0,-1.8369701987210297e-16,29,210,0,0,0,0,5,-0.455906693508459,-0.8900275764346766,0.7818314824680298,0.6234898018587336,584.1808878952411,612.4038007026509,607.4669562440115,753.6272475247524,597.5932673267326,583.9895181518152,552.4564037048866,545.8504356435643,525.1119770041521,,675.3543121777615,86.56261136756534,672.6446155952001,82.88151203624214,661.5193402746726,81.10408571396457,667.2252224300771,80.86915014221141,658.0130789189518,79.51635296236294,647.0368143247504,79.55677361404803,644.7080124016702,79.61821740247532,617.5086491644403,80.68189484286525,628.796341023872,96.49170259686105,0.008061420345489623,4.936844458639484,-0.18084086371755792,-136.28660236346207,,,-136.28660236346207,71.49020951772604,,2025-07-29
2025,7,3,2,31,0,618.0459086553816,617.3406451612904,584.1808878952411,778.016991376557,809.5063877355477,612.4038007026509,673.7493516448419,606.5224805706376,19.351599975289822,681.0494474608751,93.07960475071768,676.0187740870862,88.92374468793058,0.7052634940912412,-55.703442989460314,0.0011424219345008702,-0.08267680384919118,-0.4999999999999998,-0.8660254037844388,-1.0,-1.8369701987210297e-16,30,211,0,0,0,0,5,-0.47115950767386394,-0.8820480249558535,0.9749279121818236,-0.22252093395631434,617.3406451612904,613.1090641967422,608.1722197381027,565.6807128712871,598.2985308208239,584.4753663366337,553.6318428617055,575.3465346534654,549.5487384222293,,676.0595756718529,85.98916071471409,673.3498790892914,82.33087602238781,663.2648468008091,79.51833486874841,667.9304859241685,80.33008614691184,658.6125528889295,79.07720349870858,647.8036484413418,78.95376471700816,645.1824498905804,79.32694281844394,617.8891889990689,80.52094259317559,628.7638623762331,96.34720412480598,0.00805214723926384,4.936844458639371,0.09257023368942296,52.36519578409445,,,52.36519578409445,42.699374001916226,,2025-07-30
2025,7,3,3,31,0,651.3170233152348,618.0459086553816,617.3406451612904,584.1808878952411,778.016991376557,613.1090641967422,803.0105397636538,628.9011923773023,19.415881556785028,676.4013073565421,93.8829602319339,663.3776477163846,79.5141194397507,33.2711146598532,-151.69351644841902,0.05383275610097926,-0.18890600924499223,-0.4999999999999998,-0.8660254037844388,-1.0,-1.8369701987210297e-16,31,212,0,1,0,0,5,-0.4862727071086902,-0.8738071036110807,0.43388373911755823,-0.900968867902419,618.0459086553816,646.1203449377196,640.9236665602044,597.5932673267326,630.530309805174,615.7486468646865,584.0076652826573,605.4130309805174,652.0594059405942,,676.8019582972122,85.70958036586579,674.0922617146507,82.0624164575515,665.0556386670925,78.58787918713631,668.6728685495278,80.06726715039325,659.2477024684036,78.86922954514353,648.604950322682,78.63943407828233,645.6924942498551,79.21586185676806,617.8850646511502,80.51920158307661,628.8317935838807,96.2095169006204,0.008042895442359255,5.196678377515241,0.08990020290695289,53.72375598850215,,,53.72375598850215,45.90399233471737,,2025-07-31
2025,8,3,4,31,0,684.6623762376238,651.3170233152348,618.0459086553816,617.3406451612904,584.1808878952411,646.1203449377196,771.7809773235388,651.3417694027468,33.308240685455075,655.5939721068881,69.02704215705866,656.1177642925583,72.37323337673894,33.345352922389,-87.11860108591497,0.051196808510638236,-0.11287995382839544,-0.8660254037844384,-0.5000000000000004,-1.0,-1.8369701987210297e-16,1,213,1,0,0,0,1,-0.5012418134457756,-0.8653072543632061,-0.433883739117558,-0.9009688679024191,651.3170233152348,679.2058639412329,673.7493516448419,598.2985308208239,662.83632705206,647.0730693069307,614.507218141169,722.2764292558288,629.2647241867045,,677.5814600538395,85.75988480042143,674.8717634712781,82.11072521763461,667.9344335143192,77.63417235848347,669.452370306155,80.11457118979126,659.9189400921658,78.92366828900005,649.4401307762113,78.64547716800395,645.2745603274305,78.90589110294012,618.1928293847664,80.66867368654806,628.9994529912492,96.11322141040594,0.008033664881407665,5.456512296390883,0.14434908489297937,86.3638454167999,,,86.3638454167999,-37.61405301820503,,2025-08-01
2025,8,3,5,31,1,814.4556052379431,684.6623762376238,651.3170233152348,618.0459086553816,617.3406451612904,679.2058639412329,579.5038773554775,716.8116682636005,86.19009201332986,661.6670744171191,82.2824284385224,675.6970749494304,81.02621648549774,129.79322900031934,234.95172788246566,0.18957260323484215,0.4054359894098556,-0.8660254037844384,-0.5000000000000004,-1.0,-1.8369701987210297e-16,2,214,0,0,0,0,1,-0.5160623910158526,-0.8565509959010037,-0.9749279121818236,-0.2225209339563146,684.6623762376238,809.5063877355477,803.0105397636538,630.530309805174,790.0188438198659,770.9643564356436,733.1028425423187,694.8701373363142,474.4143140028289,,678.2884911256102,87.03963931392535,675.689268148013,83.52934631384615,674.0652766954115,81.73266872392163,670.3251117853721,81.59603262568393,660.6955695350641,80.23926919925971,650.4086160463972,80.17421453062357,646.6032877485598,80.73608253978135,620.0819476694061,81.26222425093407,629.5547109321076,96.50381513762598,0.006113870844478342,4.949217502395413,0.29169937205651486,183.92529543276908,,,183.92529543276908,119.58546790162893,,2025-08-02
2025,8,3,6,31,1,781.2834749281379,814.4556052379431,684.6623762376238,651.3170233152348,618.0459086553816,809.5063877355477,612.4038007026509,760.1338188012351,67.43182882954133,694.5175055892687,84.47610235922984,689.7703811348878,83.65702669461166,-33.1721303098052,168.87967422548707,-0.040729206228636516,0.2757652288109911,-0.8660254037844384,-0.5000000000000004,-1.0,-1.8369701987210297e-16,3,215,0,0,0,0,1,-0.5307300481619331,-0.8475409228928312,-0.7818314824680299,0.6234898018587334,814.4556052379431,778.016991376557,771.7809773235388,662.83632705206,759.3089492175023,740.7394851485149,705.2634940913447,522.2661769402747,503.37342291372,,678.755131632979,87.66989365799732,676.3680179769128,84.40426627827733,678.0135149579473,84.00095240144438,671.1099162750377,82.58329754624931,661.4195693525572,81.15235708769418,651.3136158182639,81.22306493682113,649.4812577262028,80.870518566197,621.6258924028194,81.67147919630581,630.0076326156778,96.71517146099208,0.004198473282442716,3.2664835515809045,0.17869742957943657,118.4471478760779,,,118.4471478760779,259.01729798786323,,2025-08-03
2025,8,3,0,32,0,585.5171766208879,781.2834749281379,814.4556052379431,684.6623762376238,651.3170233152348,778.016991376557,613.1090641967422,727.0854189289897,123.71852318863286,689.2135941658681,91.0352397925191,687.4710571702332,86.29326831304894,-195.76629830725005,-27.591887575854344,-0.25057012542759405,-0.04500322893122377,-0.8660254037844384,-0.5000000000000004,-1.0,-1.8369701987210297e-16,4,216,0,0,0,0,1,-0.5452404385406507,-0.8382797052177745,0.0,1.0,781.2834749281379,584.1808878952411,579.5038773554775,790.0188438198659,570.1498562759502,556.0148910891089,530.0611945065474,552.4564037048866,505.97618104667606,,678.946030022357,87.4307679490212,676.7975393530136,83.88713706928793,671.1967927179815,82.88858079821698,671.6587491444998,81.93601324237969,661.9463958799106,80.54916768203928,651.9738060815298,80.44730905136967,649.8485996474916,80.49907987314793,622.0677868226761,81.25637394586879,629.8752205442647,96.6012091037817,0.002287457110179192,1.3362887256467957,-0.2588566953797964,-204.501667198978,,,-204.501667198978,33.06077291600127,,2025-08-04
2025,8,3,1,32,0,617.575732992654,585.5171766208879,781.2834749281379,814.4556052379431,684.6623762376238,584.1808878952411,646.1203449377196,661.4587948472266,105.00192010877493,689.1352315554136,91.10892521456736,685.0923395081444,87.91493051642587,32.058556371766144,-28.544611945065526,0.05475254638434546,-0.044178475679816254,-0.8660254037844384,-0.5000000000000004,-1.0,-1.8369701987210297e-16,5,217,0,0,0,0,1,-0.5595892624101763,-0.828770087174504,0.7818314824680298,0.6234898018587336,585.5171766208879,617.3406451612904,612.4038007026509,759.3089492175023,602.530111785372,587.3904554455446,560.684477802619,553.6318428617055,535.346251768034,,678.9796139982661,87.40320085994499,677.166963088014,83.59261611232293,666.4723521771532,81.72427228732455,672.1960927590454,81.51411980572689,662.4854186932517,80.14114363847952,652.6510829290303,79.9071619552019,650.5590873156133,79.92043148847394,622.5246172739239,80.99683026755775,629.8387235485627,96.4596770646566,0.000380807311500142,0.23508783136367128,-0.1866608004171556,-141.73321622484832,,,-141.73321622484832,63.94389013094849,,2025-08-05
2025,8,3,2,32,0,617.1055573299265,617.575732992654,585.5171766208879,781.2834749281379,814.4556052379431,617.3406451612904,679.2058639412329,606.7328223144895,18.37479205148642,683.4333205578622,94.93910430287028,679.9173139572022,90.09367164119266,-0.47017566272756994,-62.10030661130645,-0.0007613247049866878,-0.09143075745983187,-0.8660254037844384,-0.5000000000000004,-1.0,-1.8369701987210297e-16,6,218,0,0,0,0,1,-0.5737722679043243,-0.8190148866680802,0.9749279121818236,-0.22252093395631434,617.575732992654,618.0459086553816,613.1090641967422,570.1498562759502,603.2353752794634,587.876303630363,561.8599169594379,584.0076652826573,564.9902970297031,,678.8452780946297,87.5131163904605,677.4524268832413,83.3635450152866,668.0375422122858,80.25227601614169,672.6914564037049,81.12071763566901,663.0073696521725,79.74056971687826,653.308769123917,79.37648132844042,650.926841671694,79.68656174106091,622.8141464978142,80.8830856771948,629.8010514591584,96.3189456088926,-0.001521491061239999,-0.9403513254551399,0.08235677083333304,46.95570105397621,,,46.95570105397621,33.09789204726917,,2025-08-06
2025,8,3,3,32,0,649.0898754391568,617.1055573299265,617.575732992654,585.5171766208879,781.2834749281379,618.0459086553816,809.5063877355477,627.9237219205792,18.331934086915986,677.5045704247843,95.9523098263623,666.5492712658362,80.50867514282218,31.984318109230344,-160.41651229639092,0.051829573934837114,-0.1981658387466565,-0.8660254037844384,-0.5000000000000004,-1.0,-1.8369701987210297e-16,7,219,0,0,0,0,1,-0.5877852522924734,-0.8090169943749472,0.43388373911755823,-0.900968867902419,617.1055573299265,651.3170233152348,646.1203449377196,602.530111785372,635.7269881826892,619.3285808580858,592.6687959118493,614.507218141169,676.0321782178219,,678.5271141123329,87.63384412806728,677.6645362047724,83.2814289890618,669.5895343340785,79.38729521737396,673.1687023771502,80.93428924285094,663.5388213411203,79.54309964893912,653.9804486420993,79.09538516690927,651.3110934194495,79.59229536764758,622.6644670379327,80.80894730084464,629.8579506449402,96.18206200861653,-0.003419452887538088,-2.227147876077993,0.07727375403002257,46.559763653784785,,,46.559763653784785,34.582657297987794,,2025-08-07
2025,8,3,4,32,0,681.0247013733632,649.0898754391568,617.1055573299265,617.575732992654,585.5171766208879,651.3170233152348,778.016991376557,649.0733780474822,31.95957521516707,655.2660864473544,69.747735694981,658.4665804322368,72.80025053812675,31.9348259342064,-96.99229000319383,0.04919939001143736,-0.1246660305343511,-0.8660254037844384,-0.5000000000000004,-1.0,-1.8369701987210297e-16,8,220,0,0,0,0,2,-0.6016240632249227,-0.7987793728863648,-0.433883739117558,-0.9009688679024191,649.0898754391568,684.6623762376238,679.2058639412329,603.2353752794634,668.292839348451,650.8320000000001,623.6014053018206,733.1028425423187,652.2785855728431,,678.0074462745814,87.60217837676149,677.7944531642105,83.2854369525586,672.1825118705418,78.40964913840318,673.6234117351826,80.94164590177235,664.0779767227874,79.55772892358588,654.6640593096175,79.07780874602162,650.732447406461,79.17921312111278,622.8241676812689,80.89615792489649,630.008441088259,96.08017540563843,-0.0053130929791270765,-3.637674864260589,0.12895352176231722,77.78932609389983,,,77.78932609389983,-52.07814116895554,,2025-08-08
2025,8,3,5,32,1,810.1250399233471,681.0247013733632,649.0898754391568,617.1055573299265,617.575732992654,684.6623762376238,584.1808878952411,713.4132055786225,85.26337111329039,660.0730139465559,80.35671363757002,677.2952597679122,80.63742391705222,129.10033854998392,225.94415202810603,0.189567776748242,0.38677087304613034,-0.8660254037844384,-0.5000000000000004,-1.0,-1.8369701987210297e-16,9,221,0,0,0,0,2,-0.6152845999633277,-0.7883050558305253,-0.9749279121818236,-0.2225209339563146,681.0247013733632,814.4556052379431,809.5063877355477,635.7269881826892,796.5146917917598,775.4392739273928,743.9292558288088,705.2634940913447,491.6747100424328,,677.3887940867819,86.48615427865404,677.8386426061961,83.36082609517963,677.9957802618972,81.99651641438965,674.1094955970251,81.74387804198716,664.6973654012867,80.5690776364081,655.4521043583621,80.2985065141821,651.8975756934833,80.74666582298264,624.5933361806074,81.4919457207466,630.5366422578634,96.43332788702158,-0.005317128750474742,-4.330565314596015,0.27432853250291944,174.39805174065793,,,174.39805174065793,104.86154583200243,,2025-08-09
2025,8,3,6,32,1,777.1261322261258,810.1250399233471,681.0247013733632,649.0898754391568,617.1055573299265,814.4556052379431,617.3406451612904,756.0919578409454,67.07124363301533,692.0078398807623,82.8370304973609,690.6107170233153,82.99527147311501,-32.998907697221284,159.78548706483548,-0.04073310423825882,0.25882871687978515,-0.8660254037844384,-0.5000000000000004,-1.0,-1.8369701987210297e-16,10,222,0,0,0,0,2,-0.6287628145958345,-0.7775971469736268,-0.7818314824680299,0.6234898018587334,810.1250399233471,781.2834749281379,778.016991376557,668.292839348451,765.5449632705206,745.035405940594,715.6568508463749,530.0611945065474,521.592729844413,,676.7948879864945,85.66416221916626,677.7750098097366,83.27877308235587,681.6235566911529,83.93702261164474,674.523108774011,82.25138874835346,665.2704140849568,81.26201530387405,656.1838815176449,81.12956602032526,654.6427416681454,80.75778690850471,626.012966193839,81.9122751894896,630.9652664975366,96.6175326078466,-0.0053211706575445605,-4.157342702012102,0.16285269940013314,108.83329287767481,,,108.83329287767481,247.06493771957844,,2025-08-10
2025,8,3,0,33,0,582.3991695943788,777.1261322261258,810.1250399233471,681.0247013733632,649.0898754391568,781.2834749281379,618.0459086553816,723.2167805812838,123.0627142978185,686.1450793143831,90.08613478832098,687.6401554348982,86.39684480010074,-194.72696263174703,-35.64673906100279,-0.2505731753916698,-0.057676522992532564,-0.8660254037844384,-0.5000000000000004,-1.0,-1.8369701987210297e-16,11,223,0,0,0,0,2,-0.6420547132365636,-0.7666588193001592,0.0,1.0,777.1261322261258,585.5171766208879,584.1808878952411,796.5146917917598,574.8268668157139,559.2368316831684,537.8562120728203,560.684477802619,524.1954879773692,,676.3494584112789,86.22415974109293,677.647744216818,83.43402141708086,674.4863726179069,82.928014765921,674.7935481589633,81.92324486718216,665.6840272619428,80.76996229887341,656.7141548214729,80.48989044323072,654.8840160213871,80.50596545592254,626.3363199806001,81.62246760417547,630.8236743782855,96.51180764740856,-0.0053252187143399965,-3.1180070265090762,-0.26881553398058244,-214.11552219738098,,,-214.11552219738098,21.714691791759833,,2025-08-11
2025,8,3,1,33,0,614.2845033535611,582.3991695943788,777.1261322261258,810.1250399233471,681.0247013733632,585.5171766208879,651.3170233152348,657.9366017246886,104.44508970314492,685.6749036516554,90.52482399447517,684.5541121047589,88.4492461089251,31.885333759182345,-37.03251996167364,0.05474824729126837,-0.05685790273556235,-0.8660254037844384,-0.5000000000000004,-1.0,-1.8369701987210297e-16,12,224,0,0,0,0,2,-0.655156357209085,-0.7554933140726804,0.7818314824680298,0.6234898018587336,582.3991695943788,617.575732992654,617.3406451612904,765.5449632705206,607.4669562440115,590.7913927392739,568.9125519003513,561.8599169594379,554.5244695898161,,675.8792827485514,86.6061917811509,677.4294483734087,83.60776281629003,669.4443572873416,81.79127217812315,675.0370319843043,81.7256254069572,666.1035470943407,80.43421061659518,657.2542971006778,80.04458930674187,655.4665114257663,80.013484293857,626.6683201681765,81.45009563287803,630.7755953927485,96.37514275302308,-0.005329272934906593,-3.291229639092876,-0.19758533747090767,-151.26045991695946,,,-151.26045991695946,52.42458639412325,,2025-08-12
2025,8,3,2,33,0,613.8143276908336,614.2845033535611,582.3991695943788,777.1261322261258,810.1250399233471,617.575732992654,684.6623762376238,603.4993335462578,18.274790159813417,679.7956456936016,94.43707199976205,678.650108059193,90.77533641918306,-0.47017566272756994,-70.84804854679021,-0.0007654037504783995,-0.10347881087919042,-0.8660254037844384,-0.5000000000000004,-1.0,-1.8369701987210297e-16,13,225,0,0,0,0,2,-0.6680638642135333,-0.7441039398713608,0.9749279121818236,-0.22252093395631434,614.2845033535611,617.1055573299265,618.0459086553816,574.8268668157139,608.1722197381027,591.2772409240924,570.0879910571703,592.6687959118493,585.1274257425744,,675.4091070858237,86.98654600919309,677.1271925902267,83.84626674459848,670.7439393165122,80.5361596271497,675.238535839759,81.56144727387705,666.5059950723182,80.10873739986842,657.774848727269,79.61190617743952,655.701461778866,79.85790862406293,626.8276918456669,81.39640718614697,630.7264322979604,96.23929301639913,-0.00533333333333319,-3.291229639092876,0.06782470188126899,38.98746087511972,,,38.98746087511972,21.145531778984264,,2025-08-13
2025,8,3,3,33,0,645.62542318748,613.8143276908336,614.2845033535611,582.3991695943788,777.1261322261258,617.1055573299265,814.4556052379431,624.5747514106249,18.231932233878283,673.8957659959543,95.44531930379281,664.5809262216544,80.2914990055552,31.81109549664643,-168.83018205046312,0.05182527363986367,-0.20729206228636543,-0.8660254037844384,-0.5000000000000004,-1.0,-1.8369701987210297e-16,14,226,0,0,0,0,2,-0.6807734094770159,-0.7324940716135792,0.43388373911755823,-0.900968867902419,613.8143276908336,649.0898754391568,651.3170233152348,607.4669562440115,640.9236665602044,622.9085148514852,601.3299265410412,623.6014053018206,700.0049504950496,,674.9141853355842,87.17091101104229,676.7206497239586,83.99470522193334,672.0158882146279,79.80029920931435,675.4064557193047,81.49299403355495,666.9116541497467,79.94129460930162,658.3021760682981,79.37988852650899,655.9461730887067,79.79215550378076,626.5255833606248,81.22402149043515,630.7694929652711,96.10305249870079,-0.005337399923751485,-3.4644522516767893,0.06281570800065173,38.15846694346851,,,38.15846694346851,22.02401788565942,,2025-08-14
2025,8,3,4,33,0,677.3870265091025,645.62542318748,613.8143276908336,614.2845033535611,582.3991695943788,649.0898754391568,781.2834749281379,645.6089257958054,31.7863526199866,651.772763760247,69.37759774260581,655.9228888534014,71.7058035785438,31.761603321622488,-103.89644841903544,0.049195093905711085,-0.132981755986317,-0.8660254037844384,-0.5000000000000004,-1.0,-1.8369701987210297e-16,15,227,0,0,0,0,3,-0.6932812268869771,-0.7206671495538615,-0.433883739117558,-0.9009688679024191,645.62542318748,681.0247013733632,684.6623762376238,608.1722197381027,673.7493516448419,654.5909306930694,632.6955924624722,743.9292558288088,675.2924469589816,,674.3945174978327,87.13924920642886,676.2009818862069,83.96429133034555,674.323048440328,78.88614456723826,675.5363726787426,81.49315402694735,667.3187272893189,79.93545528406496,658.8342169498056,79.35596128018939,655.2068149851544,79.27435137341155,626.537219913681,81.23119682544713,630.9038374423426,95.99670022292098,-0.005341472720335916,-3.6376748642607026,0.11380790592639323,69.21480677099976,,,69.21480677099976,-66.54222931970628,,2025-08-15
2025,8,3,5,33,1,805.7944746087512,677.3870265091025,645.62542318748,613.8143276908336,614.2845033535611,681.0247013733632,585.5171766208879,709.6023081017779,84.80506785781459,656.5508208240179,79.92308401682718,674.27933035239,79.78377911186442,128.40744809964872,220.27729798786334,0.18956289842365792,0.3762097967118889,-0.8660254037844384,-0.5000000000000004,-1.0,-1.8369701987210297e-16,16,228,0,0,0,0,3,-0.7055836101071774,-0.7086266782644601,-0.9749279121818236,-0.2225209339563146,677.3870265091025,810.1250399233471,814.4556052379431,640.9236665602044,803.0105397636538,779.914191419142,754.7556691152987,715.6568508463749,508.9351060820368,,673.7758653100334,86.02324047479121,675.5823296984075,82.89233196993368,679.818742041946,82.1543601965253,675.6357989232102,81.65597553291033,667.780875203419,80.66970470719856,659.4418217771085,80.28915919180872,656.2083441380697,80.60486148541645,628.1864386277183,81.84145094487452,631.406396744545,96.31563797347503,-0.005345551737304222,-4.330565314595901,0.25723938223938214,164.8708080485468,,,164.8708080485468,90.13762376237628,,2025-08-16
2025,8,3,6,33,1,772.9687895241137,805.7944746087512,677.3870265091025,645.62542318748,613.8143276908336,810.1250399233471,617.575732992654,752.0500968806558,66.71065850596226,688.3124241456403,82.389776279121,687.2287517300116,82.31426847094158,-32.825685084637485,155.3930565314597,-0.04073704414587331,0.251617814998097,-0.8660254037844384,-0.5000000000000004,-1.0,-1.8369701987210297e-16,17,229,0,0,0,0,3,-0.7176769136759615,-0.6963762255968726,-0.7818314824680299,0.6234898018587334,805.7944746087512,777.1261322261258,781.2834749281379,673.7493516448419,771.7809773235388,749.3313267326732,726.0502076014054,537.8562120728203,539.8120367751061,,673.1819592097457,85.20120977429796,674.9884235981201,82.10277583825224,683.1260566379219,83.88061549745964,675.6782207875166,81.70806672328203,668.2029727532662,81.16449212717764,660.0003763238075,80.91885439411485,658.8207061097507,80.53594104137477,629.4817539207684,82.27885601458168,631.8120196464921,96.47520861241195,-0.005349636988918549,-4.157342702012102,0.14726461351991627,99.21943787927182,,,99.21943787927182,235.11257745129342,,2025-08-17
2025,8,3,0,34,0,579.2811625678697,772.9687895241137,805.7944746087512,677.3870265091025,645.62542318748,777.1261322261258,617.1055573299265,719.3481422335782,122.40690542132003,682.4785340146917,89.6034078332962,684.0767188331737,85.89011087611367,-193.687626956244,-37.82439476205673,-0.25057625816365725,-0.06129323308270662,-0.8660254037844384,-0.5000000000000004,-1.0,-1.8369701987210297e-16,18,230,0,0,0,0,3,-0.7295575540864876,-0.6839194216246105,0.0,1.0,772.9687895241137,582.3991695943788,585.5171766208879,803.0105397636538,579.5038773554775,562.4587722772277,545.651229639093,568.9125519003513,542.4147949080623,,672.7365296345304,85.76123128499381,674.5429940229045,82.6406742273034,675.6684107313957,82.79300117989104,675.670266687959,81.71778609926086,668.5033725798847,80.79629964227681,660.4007326681976,80.42798641295232,658.9359128949454,80.41320482481349,629.6865670744339,82.10661789305453,631.6619314834104,96.37780439491955,-0.005353728489483678,-3.1180070265090762,-0.27861325115562396,-223.72937719578408,,,-223.72937719578408,10.368610667518396,,2025-08-18
2025,8,3,1,34,0,610.9932737144683,579.2811625678697,772.9687895241137,805.7944746087512,677.3870265091025,582.3991695943788,649.0898754391568,654.4144086021506,103.88825932310924,682.0083583519641,90.04209715003583,680.902002022783,87.97953658108602,31.712111146598545,-38.096601724688526,0.054743901918065774,-0.05869233701868082,-0.8660254037844384,-0.5000000000000004,-1.0,-1.8369701987210297e-16,19,231,0,0,0,0,3,-0.7412220108485957,-0.6712599575675315,0.7818314824680298,0.6234898018587336,579.2811625678697,614.2845033535611,617.575732992654,771.7809773235388,612.4038007026509,594.1923300330033,577.1406259980838,570.0879910571703,573.7026874115984,,672.2663539718027,86.1432678432579,674.0728183601769,83.00762554752751,670.3088206110934,81.55160033321182,675.6198907240954,81.75865655814638,668.8033894313394,80.54615298465761,660.8037403791071,80.08986455964812,659.3904160355821,80.02002447876639,629.8937369983388,82.01156167897207,631.6030464185416,96.24634624832869,-0.005357826253348574,-3.291229639092876,-0.20833333333333326,-160.7877036090705,,,-160.7877036090705,40.90528265729802,,2025-08-19
2025,8,3,2,34,0,610.5230980517407,610.9932737144683,579.2811625678697,772.9687895241137,805.7944746087512,614.2845033535611,681.0247013733632,600.2658447780262,18.17478835871337,676.157970829341,93.93503985191137,675.0268684126477,90.29414365235849,-0.47017566272756994,-70.5016033216225,-0.0007695267410542384,-0.10352282843698335,-0.8660254037844384,-0.5000000000000004,-1.0,-1.8369701987210297e-16,20,232,0,0,0,0,3,-0.7526668275320083,-0.6584015846980489,0.9749279121818236,-0.22252093395631434,610.9932737144683,613.8143276908336,617.1055573299265,579.5038773554775,613.1090641967422,594.6781782178217,578.3160651549026,601.3299265410412,605.2645544554456,,671.7961783090751,86.52361757296293,673.6026426974495,83.37296181217143,671.3427946343022,80.55111117284001,675.5275347903454,81.83331162094889,669.0863344283737,80.30850900457443,661.1871574374027,79.76665134419586,659.4925623857009,79.95091468460214,629.9229511294294,82.00367548555008,631.5431602015905,96.1157127001547,-0.005361930294906059,-3.291229639092876,0.05352720129814692,31.019220696263233,,,31.019220696263233,9.193171510699472,,2025-08-20
2025,8,3,3,34,0,642.1609709358033,610.5230980517407,610.9932737144683,579.2811625678697,772.9687895241137,613.8143276908336,810.1250399233471,621.2257809006708,18.131930472053988,670.2869615671244,94.93832891435989,661.0298626636858,79.8640967173304,31.63787288406263,-167.96406898754378,0.051820926980524096,-0.2073310423825886,-0.8660254037844384,-0.5000000000000004,-1.0,-1.8369701987210297e-16,21,233,0,0,0,0,3,-0.7638886127905429,-0.64534811322955,0.43388373911755823,-0.900968867902419,610.5230980517407,645.62542318748,649.0898754391568,612.4038007026509,646.1203449377196,626.4884488448845,609.9910571702333,632.6955924624722,723.9777227722773,,671.3012565588357,86.70797814803852,673.1077209472099,83.55004653881831,672.3347003087405,79.98151108481115,675.3861285759913,81.88941028207175,669.366200894283,80.18457379970665,661.5701326012785,79.5949296188566,659.5977332576268,79.92148889958911,629.4684136192268,81.70563666507412,631.57323898554,95.98075133304353,-0.005366040628593138,-3.4644522516766756,0.048590766744115665,29.757170233152465,,,29.757170233152465,9.465378473331157,,2025-08-21
2025,8,3,4,34,0,673.749351644842,642.1609709358033,610.5230980517407,610.9932737144683,579.2811625678697,645.62542318748,777.1261322261258,642.1444735441287,31.61313002499645,648.2794410731395,69.00746016166725,652.4151309485787,71.32122707898503,31.588380709038688,-103.37678058128381,0.04919075144508667,-0.1330244554833777,-0.8660254037844384,-0.5000000000000004,-1.0,-1.8369701987210297e-16,22,234,0,0,0,0,4,-0.7748840413670406,-0.6321034111873488,-0.433883739117558,-0.9009688679024191,642.1609709358033,677.3870265091025,681.0247013733632,613.1090641967422,679.2058639412329,658.3498613861386,641.7897796231236,754.7556691152987,698.3063083451202,,670.7815887210842,86.67632033236812,672.5880531094584,83.51963654039915,674.3560432236771,79.19551794114541,675.1912531368343,81.88647612793189,669.6411917917598,80.17251180524632,661.9506036967753,79.57562103704022,658.6976630635107,79.29144609347527,629.3319860820029,81.61049936993041,631.6923805467245,95.87091516261616,-0.005370157268891229,-3.6376748642604753,0.09890619954794988,60.6402874480998,,,60.6402874480998,-81.00631747045668,,2025-08-22
2025,8,3,5,34,1,801.4639092941553,673.749351644842,642.1609709358033,610.5230980517407,610.9932737144683,677.3870265091025,582.3991695943788,705.7914106249336,84.34676460993339,653.0286277014799,79.48945443901674,670.6705259235601,79.35425857061907,127.71455764931329,219.0647396997765,0.18955796742144604,0.37614191629488003,-0.8660254037844384,-0.5000000000000004,-1.0,-1.8369701987210297e-16,23,235,0,0,0,0,4,-0.7856498550787144,-0.6186714032625032,-0.9749279121818236,-0.2225209339563146,673.749351644842,805.7944746087512,810.1250399233471,646.1203449377196,809.5063877355477,784.3891089108911,765.5820824017885,726.0502076014054,526.1955021216407,,670.1629365332847,85.56032713734425,671.969400921659,82.447694971748,679.5341620355586,82.30321134293159,674.9040217639276,81.4106150418268,669.946098941461,80.64790803145492,662.3777683026367,80.23221921986723,659.535593082319,80.40190611403176,630.8612550107392,82.24368617729098,632.1706102051679,96.15850571355418,-0.005374280230326156,-4.330565314595901,0.24042512447338193,155.34356435643576,,,155.34356435643576,75.4137016927499,,2025-08-23
2025,8,3,6,34,1,768.8114468221016,801.4639092941553,673.749351644842,642.1609709358033,610.5230980517407,805.7944746087512,614.2845033535611,748.0082359203662,66.35007344951477,684.6170084105185,81.94252211157935,683.5477712126052,81.8704394121692,-32.652462472053685,154.52694346854048,-0.040741026630644606,0.25155598525590683,-0.8660254037844384,-0.5000000000000004,-1.0,-1.8369701987210297e-16,24,236,0,0,0,0,4,-0.7961828637826154,-0.6050560696488494,-0.7818314824680299,0.6234898018587334,801.4639092941553,772.9687895241137,777.1261322261258,679.2058639412329,778.016991376557,753.6272475247524,736.4435643564357,545.651229639093,558.0313437057991,,669.5690304329972,84.73825737817144,671.3754948213716,81.65810377287796,682.521014798254,83.90130212294741,674.5752523155542,80.99631358714817,670.217245357485,80.95929213711746,662.7631002367517,80.66876050503632,662.0151510510191,80.29130561333544,632.0322555836075,82.70022315223079,632.5544327799346,96.29567849912124,-0.005378409527468264,-4.157342702012102,0.13192698655590762,89.60558288086872,,,89.60558288086872,223.16021718300863,,2025-08-24
2025,8,3,0,35,0,576.1631555413607,768.8114468221016,801.4639092941553,673.749351644842,642.1609709358033,772.9687895241137,613.8143276908336,715.4795038858725,121.75109655936892,678.8119887150007,89.12068112353245,680.4101735334824,85.42994240474717,-192.64829128074098,-37.65117214947293,-0.25057937427578214,-0.06133967626841885,-0.8660254037844384,-0.5000000000000004,-1.0,-1.8369701987210297e-16,25,237,0,0,0,0,4,-0.8064799463209447,-0.5912614448635782,0.0,1.0,768.8114468221016,579.2811625678697,582.3991695943788,809.5063877355477,584.1808878952411,565.6807128712871,552.7929504950496,577.1406259980838,560.6341018387553,,669.1236008577816,85.29830313770546,670.930065246156,82.19602378945152,674.7429070584478,82.52798207278698,674.2889047314869,81.34116078258106,670.4044318337365,80.72497722055681,663.0413169634936,80.32448313783067,662.0042902681666,80.30298061375336,632.1185281041776,82.63339772277011,632.3964740201627,96.2066413546254,-0.00538254517493264,-3.1180070265090762,-0.2882537256400457,-233.34323219418707,,,-233.34323219418707,-0.9774704567231538,,2025-08-25
2025,8,3,1,35,0,607.7020440753753,576.1631555413607,768.8114468221016,801.4639092941553,673.749351644842,579.2811625678697,645.62542318748,650.8922154796124,103.3314289690819,678.3418130522731,89.55937055084827,677.2498919408071,87.50982818974501,31.53888853401463,-37.923379112104726,0.05473950951337869,-0.05873898045228054,-0.8660254037844384,-0.5000000000000004,-1.0,-1.8369701987210297e-16,26,238,0,0,0,0,4,-0.8165380514459157,-0.5772916165517278,0.7818314824680298,0.6234898018587336,576.1631555413607,610.9932737144683,614.2845033535611,778.016991376557,617.3406451612904,597.5932673267326,583.9895181518152,578.3160651549026,592.8809052333805,,668.6534251950542,85.68034426162198,670.4598895834285,82.5629784398834,669.0657421484084,81.02302816557746,673.9446689784185,81.61103946843915,670.5849457042477,80.57035390701434,663.3236089387741,80.08462613284308,662.3308011450607,80.01811831153204,632.2008677644109,82.60145920751556,632.3274951655683,96.08066847042491,-0.0053866871873798905,-3.2912296390929896,-0.21890903307888043,-170.31494730118175,,,-170.31494730118175,29.385978920472667,,2025-08-26
2025,8,3,2,35,0,607.2318684126477,607.7020440753753,576.1631555413607,768.8114468221016,801.4639092941553,610.9932737144683,677.3870265091025,597.0323560097946,18.074786649690488,672.5202959650804,93.43300786182101,671.4036287661024,89.8129519022682,-0.47017566272756994,-70.15515809645478,-0.000773694390715729,-0.10356731875719216,-0.8660254037844384,-0.5000000000000004,-1.0,-1.8369701987210297e-16,27,239,0,0,0,0,4,-0.8263541987239095,-0.5631507242749187,0.9749279121818236,-0.22252093395631434,607.7020440753753,610.5230980517407,613.8143276908336,584.1808878952411,618.0459086553816,598.2985308208239,584.4753663366337,609.9910571702333,625.4016831683168,,668.1832495323266,86.06068944302169,669.9897139207009,82.92830934568255,669.8341081656552,80.29632180564892,673.5584532554637,81.9104111787005,670.744469589816,80.43335667421458,663.5945196777742,79.85283923164813,662.3001434921987,80.03892262210715,632.0999243491016,82.62091454783655,632.2575909127747,95.95552535568844,-0.005390835579514919,-3.2912296390929896,0.039458635150591004,23.05098051740663,,,23.05098051740663,-2.759188757585548,,2025-08-27
2025,8,3,3,35,0,638.6965186841265,607.2318684126477,607.7020440753753,576.1631555413607,768.8114468221016,610.5230980517407,805.7944746087512,617.8768103907165,18.031928802961247,666.6781571382945,94.43133866020801,657.478799105717,79.43669558159503,31.46465027147883,-167.09795592462467,0.05181653320292612,-0.20737044145873318,-0.8660254037844384,-0.5000000000000004,-1.0,-1.8369701987210297e-16,28,240,0,0,0,0,4,-0.8359254794186365,-0.5488429582847199,0.43388373911755823,-0.900968867902419,607.2318684126477,642.1609709358033,645.62542318748,617.3406451612904,651.3170233152348,630.530309805174,615.7486468646865,641.7897796231236,747.950495049505,,667.688327782087,86.24504554314646,669.4947921704613,83.10538931046403,670.5459706164164,79.90862517556927,673.1077209472098,82.07189761571715,670.8902947483688,80.36649791535618,663.8677086280056,79.7263328383545,662.2657739262098,80.04849251752283,631.4929578137384,82.16512958489439,632.2754768232506,95.8223903038956,-0.005394990366088592,-3.4644522516767893,0.0345933378762977,21.35587352283619,,,21.35587352283619,-3.093260938997105,,2025-08-28
2025,8,3,4,35,0,670.1116767805814,638.6965186841265,607.2318684126477,607.7020440753753,576.1631555413607,642.1609709358033,772.9687895241137,638.6800212924519,31.439907430199902,644.7861183860323,68.63732295817469,648.9073730437561,70.9366517835273,31.41515809645489,-102.8571127435323,0.04918636187524217,-0.13306761429120229,-0.8660254037844384,-0.5000000000000004,-1.0,-1.8369701987210297e-16,29,241,0,0,0,0,5,-0.8452490573530634,-0.5343725582809785,-0.433883739117558,-0.9009688679024191,638.6965186841265,673.749351644842,677.3870265091025,618.0459086553816,684.6623762376238,662.83632705206,647.0730693069307,765.5820824017885,716.2507569466624,631.559405940594,667.1686599443356,86.2133917593519,668.9751243327099,83.07498324742215,672.2814962205898,79.29209065604346,672.5880531094584,82.04208651297165,671.0202117078068,80.35912166968897,664.1419777645967,79.70748666452101,661.2049916415298,79.2929972689662,631.2366295905935,81.97097589691202,632.3825664644729,95.84312827557946,-0.005399151561897408,-3.637674864260589,0.08424255770655287,52.06576812519984,,,52.06576812519984,-95.47040562120708,,2025-08-29
2025,8,3,5,35,1,797.1333439795593,670.1116767805814,638.6965186841265,607.2318684126477,607.7020440753753,673.749351644842,579.2811625678697,701.980513148089,83.88846136977126,649.5064345789418,79.05582490484527,667.0617214947303,78.92473923204459,127.02166719897787,217.85218141168957,0.189552982883731,0.376073305139049,-0.8660254037844384,-0.5000000000000004,-1.0,-1.8369701987210297e-16,30,242,0,0,0,0,5,-0.8543221697498269,-0.5197438121555157,-0.9749279121818236,-0.2225209339563146,670.1116767805814,801.4639092941553,805.7944746087512,651.3170233152348,814.4556052379431,790.0188438198659,770.9643564356436,736.4435643564357,535.8517789843501,572.6138613861386,666.550007756536,85.09741427392484,668.3564721449104,82.00305968304455,677.142040242734,82.37206625961502,671.969400921659,80.99127012398871,671.1472563535156,80.55605702428728,664.4535133305957,80.17977203770661,661.8793225262311,80.19299173385589,632.6881938405669,82.58357210668294,633.006231693899,96.18300911324951,-0.005403319181783162,-4.330565314596015,0.22387917933130708,145.8163206643245,,,145.8163206643245,60.68977962312363,,2025-08-30
2025,8,3,6,35,1,764.6541041200895,797.1333439795593,670.1116767805814,638.6965186841265,607.2318684126477,801.4639092941553,610.9932737144683,743.9663749600768,65.9894884648302,680.9215926753967,81.4952679955705,679.8667906951986,81.426611595166,-32.47923985946977,153.66083040562125,-0.04074505238649584,0.2514934893987566,-0.8660254037844384,-0.5000000000000004,-1.0,-1.8369701987210297e-16,31,243,0,1,0,0,5,-0.8631421280499115,-0.5049610547215202,-0.7818314824680299,0.6234898018587334,797.1333439795593,768.8114468221016,772.9687895241137,684.6623762376238,781.2834749281379,759.3089492175023,740.7394851485149,552.7929504950496,564.2107952730756,656.8217821782179,665.9561016562486,84.27530503158998,667.762566044623,81.21343304961177,679.8084311721494,83.90431297726496,671.3754948213715,80.21725793958436,671.2427055482045,80.66550959265831,664.7382111754954,80.49574227394874,664.2333353442872,80.06427280941914,633.8017677786057,83.00538251634573,633.3057659215154,96.42498431285644,-0.0054074932406333875,-4.157342702012102,0.11683383030631611,79.99172788246574,,,79.99172788246574,211.86115362503995,,2025-08-31
2025,9,3,0,36,0,573.0451485148516,764.6541041200895,797.1333439795593,670.1116767805814,638.6965186841265,768.8114468221016,610.5230980517407,711.6108655381668,121.09528771220143,675.1454434153094,88.63795466303668,676.7436282337912,84.9697751813826,-191.60895560523795,-37.47794953688913,-0.2505825242718447,-0.0613866201892872,-1.0,-1.8369701987210297e-16,-1.0,-1.8369701987210297e-16,1,244,1,0,0,0,1,-0.8717063187093218,-0.4900286664290594,0.0,1.0,764.6541041200895,576.1631555413607,579.2811625678697,814.4556052379431,585.5171766208879,570.1498562759502,556.0148910891089,583.9895181518152,562.800268284893,606.2970297029702,665.510672081033,84.83537530428327,667.3171364694074,81.75137492014873,671.7614159480464,82.1025392880373,670.9300652461559,80.7445628296076,671.2944071953278,80.60043880134751,664.9409523353257,80.23964559456677,664.1117312372098,80.1957224337637,633.8586837798833,82.95992544135109,633.2133995848817,96.46684533179508,-0.005411673753382251,-3.1180070265090762,-0.2964071401443219,-241.41045672309156,,,-241.41045672309156,-10.944369636963643,,2025-09-01
2025,9,3,1,36,0,606.0956105610562,573.0451485148516,764.6541041200895,797.1333439795593,670.1116767805814,576.1631555413607,642.1609709358033,647.9316210653324,102.42649461061096,674.9560671067107,88.81311344781618,673.7381815358956,86.91964906801303,33.05046204620464,-36.065360374747115,0.05767514502454274,-0.0561624919717405,-1.0,-1.8369701987210297e-16,-1.0,-1.8369701987210297e-16,2,245,0,0,0,0,1,-0.8800122039735356,-0.4749510720670502,0.7818314824680298,0.6234898018587336,573.0451485148516,607.7020440753753,610.9932737144683,781.2834749281379,617.575732992654,602.530111785372,587.3904554455446,584.4753663366337,590.9365697860109,631.559405940594,665.2811815789875,85.01979065723853,666.9673033870209,82.02097258612658,665.9218204691438,80.25345026462752,670.5200608735988,81.05407302590656,671.3580768163222,80.54652164135962,665.1636327533676,80.04756038031067,664.3519561730367,79.98660159753106,633.9429006730782,82.92379606550516,633.1426668199385,96.47739635672393,-0.0026434558349449633,-1.6064335143190647,-0.22423085856666225,-175.18786436708172,,,-175.18786436708172,21.62024422442255,,2025-09-02
2025,9,3,2,36,0,607.3102310231023,606.0956105610562,573.0451485148516,764.6541041200895,797.1333439795593,607.7020440753753,673.749351644842,595.4836633663367,19.441811573811147,669.7250191632066,92.2343392816261,668.2015881507506,89.00975708721813,1.2146204620461276,-66.43912062173968,0.002004008016031955,-0.0986110345925233,-1.0,-1.8369701987210297e-16,-1.0,-1.8369701987210297e-16,3,246,0,0,0,0,1,-0.888057322629493,-0.4597327394521046,0.9749279121818236,-0.22252093395631434,606.0956105610562,607.2318684126477,610.5230980517407,585.5171766208879,617.1055573299265,603.2353752794634,587.876303630363,615.7486468646865,618.9243947620569,673.6633663366337,665.2923762376239,85.01087802200217,666.7378128849753,82.19535824265485,666.6482556158842,79.59649371204308,670.1702277912124,81.31387313461695,671.4308420974586,80.4856786523099,665.3949890318524,79.84932937103653,664.258195997019,80.04913577219307,633.878377541195,82.94006417577368,632.9583525551787,96.46314914910631,0.00012904890953668868,0.07836261045463289,0.037220179479593885,21.793054402214466,-0.038395714938924685,-24.2491749174917,21.793054402214466,-8.438415841584174,-24.2491749174917,2025-09-03
2025,9,3,3,36,0,640.5524752475249,607.3102310231023,606.0956105610562,573.0451485148516,764.6541041200895,607.2318684126477,801.4639092941553,617.9861056105611,19.55248333742709,664.7984855743639,92.99583875505174,654.7923019801981,78.62339760734143,33.24224422442251,-160.91143404663046,0.054736842105263195,-0.2007719027402547,-1.0,-1.8369701987210297e-16,-1.0,-1.8369701987210297e-16,4,247,0,0,0,0,1,-0.8958392907349089,-0.44437817810461344,0.43388373911755823,-0.900968867902419,607.3102310231023,638.6965186841265,642.1609709358033,617.575732992654,649.0898754391568,635.7269881826892,619.3285808580858,647.0730693069307,734.958799105717,690.5049504950496,665.5575128895379,84.9169469465264,666.6229203358125,82.2334696314386,667.4141470243799,79.21766872603048,669.8653206415112,81.41179456096975,671.5170115093307,80.44933338243831,665.6476544412506,79.73530398781904,664.1857449519146,80.06781314511962,633.3538979642051,82.59507769055611,632.8195956794912,96.41605642363379,0.0029058504455636847,1.8559565633983084,0.03720473624105969,22.976742254870828,0.11864647093405267,67.93861386138622,22.976742254870828,-6.52059405940588,67.93861386138622,2025-09-04
2025,9,3,4,36,0,673.9225742574258,640.5524752475249,607.3102310231023,606.0956105610562,573.0451485148516,638.6965186841265,768.8114468221016,640.595093509351,33.30619206737057,644.2633572873418,68.23740237049527,646.8848959331418,70.46166091425405,33.37009900990097,-94.88887256467581,0.052095808383233466,-0.12342281447148185,-1.0,-1.8369701987210297e-16,-1.0,-1.8369701987210297e-16,5,248,0,0,0,0,1,-0.9033558023246842,-0.4288919379124841,-0.433883739117558,-0.9009688679024191,640.5524752475249,670.1116767805814,673.749351644842,617.1055573299265,681.0247013733632,668.292839348451,650.8320000000001,770.9643564356436,703.778728840626,715.7673267326733,666.1019268148013,84.96321401014575,666.6352933795685,82.23463739624917,669.3080475886297,78.65058733603858,669.6116732445134,81.3867984609987,671.617542489848,80.44874865127376,665.9225422300294,79.72341311050506,663.1075029277122,79.26307838144695,633.1880304387428,82.4827625884092,632.7033602559488,96.34097330116424,0.005686958769548722,3.8108974768443886,0.09207017543859686,56.81701692749937,0.026035665294924515,17.100792079207963,56.81701692749937,-97.04178217821777,17.100792079207963,2025-09-05
2025,9,3,5,36,1,803.8869636963698,673.9225742574258,640.5524752475249,607.3102310231023,606.0956105610562,670.1116767805814,576.1631555413607,706.1206710671067,86.29644753890585,650.8021672167217,82.47538178109463,665.8618799460592,79.73813727554918,129.96438943894395,227.72380815500912,0.1928476569910833,0.3952418789102208,-1.0,-1.8369701987210297e-16,-1.0,-1.8369701987210297e-16,6,249,0,0,0,0,1,-0.9106046300942162,-0.41327860778290443,-0.9749279121818236,-0.2225209339563146,673.9225742574258,797.1333439795593,801.4639092941553,649.0898754391568,810.1250399233471,796.5146917917598,775.4392739273928,740.7394851485149,526.4977579048227,698.9257425742575,667.0667296314886,86.7193313728526,666.8083686940124,82.5422076667026,674.467950530537,82.2727809318159,669.3888848078357,80.99550825680318,671.7491902024303,80.66259639165892,666.2612052034697,80.25290660372158,663.8091415782438,80.23157446143799,634.7290815820292,83.06750088354818,632.9949192035102,96.70009586299825,0.00847238390893823,6.753619716810476,0.2384832888550008,154.79708825721298,0.3258962592810333,197.58993399339954,154.79708825721298,63.14747854785492,197.58993399339954,2025-09-06
2025,9,3,6,36,1,773.2657425742574,803.8869636963698,673.9225742574258,640.5524752475249,607.3102310231023,797.1333439795593,607.7020440753753,750.3584268426844,67.94295008371552,684.1722662266228,85.1830209420292,679.6588548209661,83.01622016125648,-30.621221122112388,165.5636984988821,-0.03809145129224678,0.2724422274254301,-1.0,-1.8369701987210297e-16,-1.0,-1.8369701987210297e-16,7,250,0,0,0,0,1,-0.9175836260593934,-0.3975428142825566,-0.7818314824680299,0.6234898018587334,803.8869636963698,764.6541041200895,768.8114468221016,681.0247013733632,777.1261322261258,765.5449632705206,745.035405940594,556.0148910891089,554.3371063557968,741.029702970297,668.2969636963697,88.37966862914688,667.1265326763092,82.97308920265289,677.5426519039003,84.22668572543016,669.2510137488405,80.80839443975749,671.8870612614256,80.8322498650366,666.5972806395848,80.64491687804605,666.223039928079,80.22014084157425,635.9453517832428,83.48554878545468,633.0844637579656,96.81527177369463,0.011262135922329941,8.61163845416786,0.135444486837085,92.24104120089419,0.2243753086419753,141.70633663366334,92.24104120089419,217.25085148514847,141.70633663366334,2025-09-07
2025,9,3,0,37,0,581.1000000000001,773.2657425742574,803.8869636963698,673.9225742574258,640.5524752475249,764.6541041200895,607.2318684126477,719.4175687568758,120.7610333090171,680.0063311331133,90.2269727941742,677.481199119912,85.39741011598,-192.16574257425725,-26.131868412647577,-0.24851190476190455,-0.043034415306558826,-1.0,-1.8369701987210297e-16,-1.0,-1.8369701987210297e-16,8,251,0,0,0,0,2,-0.9242907221930934,-0.3816892202666586,0.0,1.0,773.2657425742574,573.0451485148516,576.1631555413607,810.1250399233471,582.3991695943788,574.8268668157139,559.2368316831684,587.3904554455446,552.9265793676142,884.1831683168316,669.4476567656766,86.97406556238522,667.4791644233549,82.56625468734183,669.9084839064551,82.14885205472046,669.2046148347554,80.86046661081544,671.9990814968594,80.69953254705149,666.8575564528803,80.32890564819832,666.1531459786839,80.29230549186897,636.1018707867562,83.35534365676638,632.2425660681967,95.93948778600908,0.014056224899598568,8.05485148514856,-0.2827033218785794,-229.02503992334698,-0.1374029982363314,-92.56336633663352,-229.02503992334698,-6.290455445544467,-92.56336633663352,2025-09-08
2025,9,3,1,37,0,614.5979537953796,581.1000000000001,773.2657425742574,803.8869636963698,673.9225742574258,573.0451485148516,638.6965186841265,656.3212321232123,102.65253099945863,681.2209515951596,89.0945723773934,675.4729853791831,86.66631422592977,33.49795379537943,-24.098564888746978,0.057645764576457426,-0.037730853674286524,-1.0,-1.8369701987210297e-16,-1.0,-1.8369701987210297e-16,9,252,0,0,0,0,2,-0.9307239310379793,-0.3657225234972692,0.7818314824680298,0.6234898018587336,581.1000000000001,606.0956105610562,607.7020440753753,777.1261322261258,614.2845033535611,607.4669562440115,590.7913927392739,587.876303630363,580.5432130309805,1002.0742574257425,670.6622772277229,85.99574555392279,667.9717294033552,82.20197686514184,664.4908779587637,80.16958317500684,669.2158094933918,80.85260295170862,672.1264207388482,80.60141964101939,667.1409678940245,80.098967670417,666.4500532027396,80.04863511309834,636.2910637910028,83.2671374031122,631.1662430025567,93.93136134737875,0.014028056112224352,8.502343234323348,-0.20914002462531311,-162.52817843074627,-0.10992969224224869,-75.90699669967,-162.52817843074627,26.721650165016513,-75.90699669967,2025-09-09
2025,9,3,2,37,0,615.8125742574258,614.5979537953796,581.1000000000001,773.2657425742574,803.8869636963698,606.0956105610562,670.1116767805814,603.8368426842685,19.700046628198663,677.0976347634764,91.88202712489918,670.9480601689202,88.37238970505817,1.2146204620462413,-54.299102523155625,0.0019762845849802257,-0.08102993039014761,-1.0,-1.8369701987210297e-16,-1.0,-1.8369701987210297e-16,10,253,0,0,0,0,2,-0.9368813462954315,-0.34964745525122826,0.9749279121818236,-0.22252093395631434,614.5979537953796,607.3102310231023,607.2318684126477,582.3991695943788,613.8143276908336,608.1722197381027,591.2772409240924,619.3285808580858,608.011370169275,588.9356435643564,671.8768976897691,85.00616698981302,668.5846369636964,81.74497518307795,665.6046581141985,79.2162064159708,669.2871754421986,80.8027572528236,672.262855640979,80.49759496316896,667.4330551956117,79.86338003636733,666.4109864627324,80.07274489578316,636.3344038137146,83.25436502798577,631.2409011433708,93.90838059247102,0.014000000000000012,8.502343234323462,0.05737199915020197,33.413404663047004,-0.1396469896600615,-99.95475247524746,33.413404663047004,-3.5160066006600346,-99.95475247524746,2025-09-10
2025,9,3,3,37,0,649.5023102310231,615.8125742574258,614.5979537953796,581.1000000000001,773.2657425742574,607.3102310231023,797.1333439795593,626.6376127612762,19.81071978761962,673.0275907590759,92.58894525865529,658.6454740232089,78.98643307761176,33.689735973597294,-147.6310337485362,0.054707775355548494,-0.18520243176820594,-1.0,-1.8369701987210297e-16,-1.0,-1.8369701987210297e-16,11,254,0,0,0,0,2,-0.9427611433904206,-0.33346877891818705,0.43388373911755823,-0.900968867902419,615.8125742574258,640.5524752475249,638.6965186841265,614.2845033535611,645.62542318748,640.9236665602044,622.9085148514852,650.8320000000001,721.9671031619291,533.9683168316832,673.1554455445545,84.52243340093202,669.3564792170462,81.49168329090566,666.7785850101139,78.68864826363404,669.4256356937537,80.76402211190494,672.4160457065292,80.44501648038572,667.7496479977491,79.73736207580674,666.3962121319659,80.07577430758286,635.9318216307652,83.0128227810974,631.5618289028135,93.77234748351337,0.013972055888223478,8.94983498349825,0.05733142653802514,35.21780687746195,-0.07071342394858693,-49.42343234323437,35.21780687746195,-1.3296897689770049,-49.42343234323437,2025-09-11
2025,9,3,4,37,0,683.3199009900991,649.5023102310231,615.8125742574258,614.5979537953796,581.1000000000001,640.5524752475249,764.6541041200895,649.5449284928494,33.753683545425254,652.9330803080309,68.44352998391918,651.8676237623763,72.26664599359046,33.81759075907598,-81.33420312999044,0.052066929133858464,-0.10636731391585763,-1.0,-1.8369701987210297e-16,-1.0,-1.8369701987210297e-16,12,255,0,0,0,0,2,-0.9483615800121716,-0.31719128858910595,-0.433883739117558,-0.9009688679024191,649.5023102310231,673.9225742574258,670.1116767805814,613.8143276908336,677.3870265091025,673.7493516448419,654.5909306930694,775.4392739273928,691.3067007345895,612.4930693069307,674.4979207920793,84.61123100944377,670.2999238034403,81.57751075333408,669.0954374534228,78.0964403853083,669.6375240680751,80.79346003624691,672.5869483734089,80.45806563693316,668.0916595489042,79.74185375129679,665.3726635437737,79.25079451769716,635.8874505210736,82.98518895904718,631.7585701019334,93.80652209078522,0.013944223107569709,9.397326732673264,0.11323550162268958,69.5055732992655,-0.07787785260007463,-57.70980198019788,69.5055732992655,-92.11937293729375,-57.70980198019788,2025-09-12
2025,9,3,5,37,1,815.0742574257425,683.3199009900991,649.5023102310231,615.8125742574258,614.5979537953796,673.9225742574258,573.0451485148516,715.9654895489549,87.48038788052874,659.9011661166118,83.59553860502746,672.0367161716172,81.45777743939406,131.75435643564344,242.02910891089095,0.1928150435026661,0.4223560910307895,-1.0,-1.8369701987210297e-16,-1.0,-1.8369701987210297e-16,13,256,0,0,0,0,2,-0.9536809966304455,-0.300819807635668,-0.9749279121818236,-0.2225209339563146,683.3199009900991,803.8869636963698,797.1333439795593,645.62542318748,805.7944746087512,803.0105397636538,779.914191419142,745.035405940594,517.1437368252954,565.3782178217822,676.096105610561,87.51825058452596,671.5814176210248,83.83292607313163,674.7437319280315,82.35215455204114,669.9689448829677,81.3895067176405,672.8023719030889,80.82891462535862,668.5102317632685,80.42524309355791,666.1508730047199,80.37770249587273,637.542620079965,83.5726580042035,632.4521702119443,94.23647621733238,0.01391650099403563,11.187293729372755,0.26245688003066303,169.44883423826252,-0.07816130567453317,-69.10891089108907,169.44883423826252,70.03885148514848,-69.10891089108907,2025-09-13
2025,9,3,6,37,1,784.0055445544555,815.0742574257425,683.3199009900991,649.5023102310231,615.8125742574258,803.8869636963698,606.0956105610562,760.799900990099,68.8743713573415,693.7187568756876,86.33836536666536,686.8625440044005,84.49862378017508,-31.06871287128706,177.90993399339925,-0.03811764705882348,0.29353443729564366,-1.0,-1.8369701987210297e-16,-1.0,-1.8369701987210297e-16,14,257,0,0,0,0,2,-0.9587178169872964,-0.2843591872810036,-0.7818314824680299,0.6234898018587334,815.0742574257425,773.2657425742574,764.6541041200895,677.3870265091025,772.9687895241137,771.7809773235388,749.3313267326732,559.2368316831684,544.463417438518,588.9356435643564,677.6303630363037,89.57556973197332,672.9636633663367,85.62592360879334,678.2976825295433,84.73624049984198,670.3631147054799,81.93173002991608,673.0206677464982,81.11708169819964,668.9230200706706,80.93244558283949,668.6483031477342,80.51023714818663,638.8734096750535,83.98837811344634,632.994031048028,94.54587786956039,0.013888888888889062,10.73980198019808,0.15739675233346118,106.61851804535297,-0.2176173185323511,-218.06871287128706,106.61851804535297,224.7687128712871,-218.06871287128706,2025-09-14
2025,9,3,0,38,0,589.1548514851485,784.0055445544555,815.0742574257425,683.3199009900991,649.5023102310231,773.2657425742574,607.3102310231023,729.4115511551154,122.45518601350675,689.4782398239823,91.47369413355176,685.3495957095711,86.19794669270765,-194.850693069307,-18.155379537953877,-0.24853228962818008,-0.029894736842105418,-1.0,-1.8369701987210297e-16,-1.0,-1.8369701987210297e-16,15,258,0,0,0,0,3,-0.9634705485641486,-0.26781430516217486,0.0,1.0,784.0055445544555,581.1000000000001,573.0451485148516,805.7944746087512,579.2811625678697,579.5038773554775,562.4587722772277,590.7913927392739,543.0528904503353,628.1980198019802,678.7810561056106,88.16956452520475,674.1143564356436,84.27749692141992,671.0763617587567,82.70288976589167,670.7157464525255,81.54553480240087,673.1930065702425,80.92481063447349,669.2408305374316,80.56090134017005,668.6301193560216,80.52820205437772,639.1295316808025,83.76453717582113,632.8855778027034,94.57378370425145,0.013861386138613652,8.054851485148333,-0.2688522072936661,-216.63962312360275,0.00037221031395784365,0.21920792079208695,-216.63962312360275,-1.6365412541254045,0.21920792079208695,2025-09-15
2025,9,3,1,38,0,623.1002970297029,589.1548514851485,784.0055445544555,815.0742574257425,683.3199009900991,581.1000000000001,640.5524752475249,665.4202310231022,104.09097346696835,690.6928602860286,90.34127825222409,683.8952475247524,87.16429512715922,33.945445544554445,-17.45217821782194,0.0576171875,-0.02724550898203615,-1.0,-1.8369701987210297e-16,-1.0,-1.8369701987210297e-16,16,259,0,0,0,0,3,-0.9679377830240642,-0.25119006388481957,0.7818314824680298,0.6234898018587336,589.1548514851485,614.5979537953796,606.0956105610562,772.9687895241137,610.9932737144683,612.4038007026509,594.1923300330033,591.2772409240924,570.1498562759501,643.9029702970297,679.9956765676569,87.1911519215314,675.3289768976898,83.3391054953772,666.0807453422763,80.84131364055719,671.1481401423553,81.24868703690464,673.3840154332254,80.79123293637697,669.5849730016781,80.29775952994427,668.9837088683063,80.25413795515465,639.4237007961011,83.61377858715386,632.8277925991831,94.57338853799402,0.01383399209486158,8.502343234323348,-0.19388686131386867,-149.86849249441082,0.16692372447655135,89.13198019801973,-149.86849249441082,31.823056105610476,89.13198019801973,2025-09-16
2025,9,3,2,38,0,624.3149174917493,623.1002970297029,589.1548514851485,784.0055445544555,815.0742574257425,614.5979537953796,673.9225742574258,612.1900220022003,19.95828490323136,686.4949614961496,93.1787191707368,679.7612761276127,88.84053265965107,1.214620462046355,-49.60765676567655,0.0019493177387917004,-0.0736103206222728,-1.0,-1.8369701987210297e-16,-1.0,-1.8369701987210297e-16,17,260,0,0,0,0,3,-0.9721181966290612,-0.23449138957041052,0.9749279121818236,-0.22252093395631434,623.1002970297029,615.8125742574258,607.3102310231023,579.2811625678697,610.5230980517407,613.1090641967422,594.6781782178217,622.9085148514852,597.0983455764931,667.460396039604,681.2102970297029,86.20163477709045,676.5435973597359,82.390026836986,667.5818705064055,79.58227953124224,671.6407051223556,80.90863355686383,673.5841199563504,80.6529880921059,669.9377913263677,80.02932437213913,668.9993355643091,80.24520203979384,639.574903973408,83.5614040095544,632.7079440476613,94.55671464500286,0.013806706114398493,8.502343234323462,0.07774075498027844,45.03375492387954,0.01930119502935046,11.821848184818577,45.03375492387954,1.4064026402641048,11.821848184818577,2025-09-17
2025,9,3,3,38,0,658.4521452145215,624.3149174917493,623.1002970297029,589.1548514851485,784.0055445544555,615.8125742574258,803.8869636963698,635.2891199119912,20.068959404775313,682.3503355335533,93.89847658089482,667.6417079207921,79.83125852775206,34.137227722772195,-145.4348184818483,0.054679500307188045,-0.1809145129224653,-1.0,-1.8369701987210297e-16,-1.0,-1.8369701987210297e-16,18,261,0,0,0,0,3,-0.9760105506323682,-0.21772323039653224,0.43388373911755823,-0.900968867902419,624.3149174917493,649.5023102310231,640.5524752475249,610.9932737144683,642.1609709358033,646.1203449377196,626.4884488448845,654.5909306930694,708.9754072181411,651.7554455445545,682.4888448844886,85.71797291540446,677.8221452145215,81.92612477750885,669.1638328897405,78.88727044155033,672.222532775167,80.747203436975,673.8043306755792,80.59345213385974,670.3183115212443,79.89612314039663,669.0422379478808,80.23844405749199,639.2942191844991,83.41170403532463,632.7265459911889,94.56113086839953,0.013779527559055094,8.949834983498363,0.07767494920448481,47.45887150005319,0.16462241462241467,93.07392739273928,47.45887150005319,3.861214521452098,93.07392739273928,2025-09-18
2025,9,3,4,38,0,692.7172277227723,658.4521452145215,624.3149174917493,623.1002970297029,589.1548514851485,649.5023102310231,773.2657425742574,658.4947634763477,34.20117503057456,661.957497249725,69.39920087819591,660.9293316831682,73.25857149922055,34.265082508250885,-80.54851485148504,0.05203883495145645,-0.10416666666666652,-1.0,-1.8369701987210297e-16,-1.0,-1.8369701987210297e-16,19,262,0,0,0,0,3,-0.9796136916454901,-0.20089055513063528,-0.433883739117558,-0.9009688679024191,658.4521452145215,683.3199009900991,673.9225742574258,610.5230980517407,673.749351644842,679.2058639412329,658.3498613861386,779.914191419142,678.8346726285531,691.0178217821782,683.8313201320133,85.80670017259763,679.1646204620463,82.01125365835446,671.9036372121083,78.20478697931142,672.8999569208073,80.83999865898299,674.0456050288209,80.63013311574377,670.7274468347756,79.92208688293137,668.073382795699,79.40678496546295,639.371344490578,83.45487570501324,632.7312665632462,94.56409129571557,0.013752455795677854,9.397326732673264,0.13462902539367283,82.19412967103165,0.1762188879082085,103.78158415841597,82.19412967103165,-87.19696369636961,103.78158415841597,2025-09-19
2025,9,3,5,38,1,826.2615511551155,692.7172277227723,658.4521452145215,624.3149174917493,623.1002970297029,683.3199009900991,581.1000000000001,725.8103080308032,88.66432853035387,669.0001650165017,84.71569710020634,681.3594609460946,82.56586334959914,133.54432343234316,245.16155115511538,0.19278331487633804,0.4218921892189216,-1.0,-1.8369701987210297e-16,-1.0,-1.8369701987210297e-16,20,263,0,0,0,0,3,-0.9829265519799822,-0.18399835165767986,-0.9749279121818236,-0.2225209339563146,692.7172277227723,815.0742574257425,803.8869636963698,642.1609709358033,801.4639092941553,809.5063877355477,784.3891089108911,749.3313267326732,507.7897157457681,824.509900990099,685.4295049504951,88.71351036141634,680.7628052805281,84.79934680329855,678.0403232194187,82.87415562225456,673.7855869872701,82.42099978385605,674.3448043755989,81.17120712242001,671.2259282900641,80.76567543013077,668.9281630670594,80.6949326680638,641.1406324650744,84.02363892792246,632.736132258149,94.57403109077441,0.013725490196078383,11.187293729372982,0.28668914579319194,184.10058021931218,0.3152883726306057,198.06353135313532,184.10058021931218,76.93022442244228,198.06353135313532,2025-09-20
2025,9,3,6,38,1,794.7453465346535,826.2615511551155,692.7172277227723,658.4521452145215,624.3149174917493,815.0742574257425,614.5979537953796,771.2413751375138,69.80579548882811,703.2652475247525,87.49371175370155,696.3717436743674,85.64364664565056,-31.516204620461963,180.14739273927398,-0.038143133462282264,0.2931142084460163,-1.0,-1.8369701987210297e-16,-1.0,-1.8369701987210297e-16,21,264,0,0,0,0,3,-0.9859481499638303,-0.1670516255021195,-0.7818314824680299,0.6234898018587334,826.2615511551155,784.0055445544555,773.2657425742574,673.749351644842,768.8114468221016,778.016991376557,753.6272475247524,562.4587722772277,534.5897285212392,934.4445544554455,686.9637623762376,90.7714727031414,682.2970627062707,86.77306871213062,682.0735230490792,85.55887133046014,674.7117976912899,83.66474138597184,674.643525003422,81.58937527799827,671.7154294687533,81.39327190984804,671.509125003253,80.96562814650765,642.5859414540379,84.41716966614995,632.3480789028134,93.61435745382379,0.013698630136986356,10.73980198019808,0.1795860650469212,120.99599488981153,0.23426258799216426,150.84237623762385,120.99599488981153,232.28657425742585,150.84237623762385,2025-09-21
2025,9,3,0,39,0,597.209702970297,794.7453465346535,826.2615511551155,692.7172277227723,658.4521452145215,784.0055445544555,615.8125742574258,739.4055335533553,124.14933936523174,698.9501485148515,92.72042574133913,694.8215044004401,87.38507671439444,-197.53564356435652,-18.602871287128778,-0.24855212355212364,-0.03020865773902226,-1.0,-1.8369701987210297e-16,-1.0,-1.8369701987210297e-16,22,265,0,0,0,0,4,-0.9886775902323404,-0.15005539834465262,0.0,1.0,794.7453465346535,589.1548514851485,581.1000000000001,801.4639092941553,576.1631555413607,584.1808878952411,565.6807128712871,594.1923300330033,533.1792015330565,577.8712871287129,688.1144554455446,89.36507614699445,683.4477557755775,85.42420250692217,675.2650495049505,83.84024992302578,675.4634600994661,82.83701570172343,674.8761824154765,81.3449350868561,672.0907745889797,80.969998833153,671.542651369223,80.93387146178277,642.9416664620226,84.08783212959236,632.4017967245957,93.58855532041262,0.013671875,8.05485148514856,-0.254851408722501,-204.25420632385828,-0.10525072871160823,-70.25069306930698,-204.25420632385828,3.0173729372937714,-70.25069306930698,2025-09-22
2025,9,3,1,39,0,631.6026402640264,597.209702970297,794.7453465346535,826.2615511551155,692.7172277227723,589.1548514851485,649.5023102310231,674.5192299229924,105.52941708624508,700.1647689768978,91.58799494344017,693.3298652365237,88.37614010064421,34.39293729372935,-17.899669966996726,0.05758938128880331,-0.0275590551181103,-1.0,-1.8369701987210297e-16,-1.0,-1.8369701987210297e-16,23,266,0,0,0,0,4,-0.9911140639934546,-0.13301470653419636,0.7818314824680298,0.6234898018587336,597.209702970297,623.1002970297029,614.5979537953796,768.8114468221016,607.7020440753753,617.3406451612904,597.5932673267326,594.6781782178217,559.7564995209198,523.9366336633664,689.3290759075908,88.38657359300569,684.6623762376239,84.48568080351092,670.6914226196815,82.2893074192471,676.3170528204895,82.23385403610239,675.130860899454,81.18369123230018,672.4956480763284,80.67750167534798,671.9529231697363,80.63287979925899,643.3408116883732,83.86097810644432,632.7008689651531,93.41284196456064,0.013645224171539905,8.502343234323462,-0.17846873524741436,-137.20880655807525,-0.030920808438646863,-20.152805280528128,-137.20880655807525,36.92446204620467,-20.152805280528128,2025-09-23
2025,9,3,2,39,0,632.8172607260725,631.6026402640264,597.209702970297,794.7453465346535,826.2615511551155,623.1002970297029,683.3199009900991,620.543201320132,20.216526275490647,695.8922882288228,94.47541841642776,689.121311881188,90.08218287877847,1.2146204620461276,-50.50264026402658,0.0019230769230766942,-0.0739077556366361,-1.0,-1.8369701987210297e-16,-1.0,-1.8369701987210297e-16,24,267,0,0,0,0,4,-0.9932568492674143,-0.11593459959550066,0.9749279121818236,-0.22252093395631434,631.6026402640264,624.3149174917493,615.8125742574258,576.1631555413607,607.2318684126477,618.0459086553816,598.2985308208239,626.4884488448845,586.1853209837112,600.9861386138614,690.5436963696369,87.3971163612708,685.8769966996699,83.53661561089136,672.579892792505,80.67949417403044,677.2308168316832,81.57729178331896,675.3946350435734,81.01867320133448,672.9065853371052,80.38239161141375,672.0232433017495,80.59553565623104,643.5998780202751,83.75538696615226,632.7892887487981,93.39780245432274,0.013618677042801286,8.502343234323234,0.09832996893298374,56.65410518471185,-0.08422439946049842,-58.2005610561057,56.65410518471185,6.328811881188017,-58.2005610561057,2025-09-24
2025,9,3,3,39,0,667.4019801980198,632.8172607260725,631.6026402640264,597.209702970297,794.7453465346535,624.3149174917493,815.0742574257425,643.9406270627063,20.32720206819347,691.6730803080309,95.20801413157949,676.815288778878,80.93382415537289,34.584719471947324,-147.6722772277227,0.054651985048995044,-0.18117647058823527,-1.0,-1.8369701987210297e-16,-1.0,-1.8369701987210297e-16,25,268,0,0,0,0,4,-0.9951053111006974,-0.09882013873287211,0.43388373911755823,-0.900968867902419,632.8172607260725,658.4521452145215,649.5023102310231,607.7020440753753,638.6965186841265,651.3170233152348,630.530309805174,658.3498613861386,695.9837112743531,554.7564356435643,691.8222442244224,86.91352433031784,687.1555445544556,83.07275900576546,674.56989066326,79.75503776198414,678.2560118857509,81.2548249588677,675.6818664164804,80.96025157641988,673.3455337941629,80.2487596514225,672.1238223996593,80.58392770387631,643.4410906254067,83.6825820723264,633.1021930392271,93.32431152492637,0.013592233009708687,8.949834983498363,0.0982388272421868,59.699936122644544,-0.190547039645514,-157.1079207920792,59.699936122644544,9.0521188118812,-157.1079207920792,2025-09-25
2025,9,3,4,39,0,702.1145544554455,667.4019801980198,632.8172607260725,631.6026402640264,597.209702970297,658.4521452145215,784.0055445544555,667.444598459846,34.64866652254371,670.9819141914192,70.35488830240355,669.9910396039604,74.25054649658955,34.71257425742567,-81.89099009900997,0.05201149425287355,-0.10445205479452058,-1.0,-1.8369701987210297e-16,-1.0,-1.8369701987210297e-16,26,269,0,0,0,0,4,-0.99665890175417,-0.08167639533042288,-0.433883739117558,-0.9009688679024191,667.4019801980198,692.7172277227723,683.3199009900991,607.2318684126477,670.1116767805814,684.6623762376238,662.83632705206,784.3891089108911,666.3626445225167,577.8712871287129,693.1647194719473,87.00218315747244,688.4980198019801,83.15782548558906,677.7326468646866,78.86901490777466,679.3989718027103,81.36103341791362,675.9935124560844,81.02901017879499,673.8131317394412,80.3012033870692,671.2096606834878,79.75849883764154,643.6397123472562,83.77966312638237,633.4473132262458,93.34922168402615,0.013565891472868019,9.39732673267315,0.15625445728141485,94.88268604279779,-0.2486289838088811,-232.33000000000004,94.88268604279779,-82.27455445544558,-232.33000000000004,2025-09-26
2025,9,3,5,39,1,837.4488448844885,702.1145544554455,667.4019801980198,632.8172607260725,631.6026402640264,692.7172277227723,589.1548514851485,735.6551265126512,89.84826947619754,678.0991639163916,85.83585720120175,690.6822057205721,83.67399681994927,135.334290429043,248.29399339934002,0.19275243558226363,0.4214409722222223,-1.0,-1.8369701987210297e-16,-1.0,-1.8369701987210297e-16,27,270,0,0,0,0,4,-0.9979171608653922,-0.06450844944931625,-0.9749279121818236,-0.2225209339563146,702.1145544554455,826.2615511551155,815.0742574257425,638.6965186841265,797.1333439795593,814.4556052379431,790.0188438198659,753.6272475247524,498.4356946662407,616.3960396039604,694.7629042904291,89.9087890809017,690.0962046204621,85.94584916328168,684.3577244046986,83.67795797959208,680.8388111207433,83.8406804013584,676.4041060212012,81.79799501169538,674.377774609258,81.28883569468586,672.1410117652625,81.20794189491704,645.5231187373575,84.30610603875304,634.0613487964696,93.96176333022953,0.013539651837524147,11.187293729372982,0.3111842954927031,198.75232620036195,0.44919615066106977,259.5775577557756,198.75232620036195,83.82159735973607,259.5775577557756,2025-09-27
2025,9,3,6,39,1,805.4851485148514,837.4488448844885,702.1145544554455,667.4019801980198,632.8172607260725,826.2615511551155,623.1002970297029,781.6828492849285,70.7372223652835,712.8117381738174,88.64906002641101,705.8809433443345,86.78871783073284,-31.96369636963709,182.3848514851485,-0.038167938931297885,0.29270544783010166,-1.0,-1.8369701987210297e-16,-1.0,-1.8369701987210297e-16,28,271,0,0,0,0,4,-0.9988797155850335,-0.04732138832243232,-0.7818314824680299,0.6234898018587334,837.4488448844885,794.7453465346535,784.0055445544555,670.1116767805814,764.6541041200895,781.2834749281379,759.3089492175023,565.6807128712871,524.7160396039603,631.8059405940594,696.2971617161717,91.96737746976572,691.6304620462046,87.92026363678987,688.8701734625076,86.48620699300483,682.2970627062707,85.6872382961918,676.836278763821,82.42373152762764,674.92749126756,82.0229224763594,674.8055054946354,81.60874462506116,647.082947120196,84.65511834953209,634.543791040694,94.39502574139729,0.013513513513513375,10.739801980197853,0.2020162853819305,135.37347173426997,0.5373713093564332,281.54851485148504,135.37347173426997,239.80443564356426,281.54851485148504,2025-09-28
2025,9,3,0,40,0,605.2645544554456,805.4851485148514,837.4488448844885,702.1145544554455,667.4019801980198,794.7453465346535,624.3149174917493,749.3995159515952,125.8434933380521,708.4220572057205,93.9671672088206,704.2934130913092,88.57225867860782,-200.2205940594058,-19.05036303630368,-0.24857142857142844,-0.030514028261314885,-1.0,-1.8369701987210297e-16,-1.0,-1.8369701987210297e-16,29,272,0,0,0,0,5,-0.9995462806873573,-0.03012030484690836,0.0,1.0,805.4851485148514,597.209702970297,589.1548514851485,797.1333439795593,573.0451485148516,585.5171766208879,570.1498562759502,597.5932673267326,525.444811881188,654.920792079208,697.4478547854785,90.56059992641222,692.7811551155116,86.57097033606946,682.474547145037,85.29015797213442,683.4477557755775,84.37199985561668,677.1889105108667,82.06741168017152,675.3455233887444,81.5707215707694,674.8907420182878,81.531163202492,647.5263901344972,84.2223410411149,634.4058570472946,94.40144674329692,0.013487475915221703,8.05485148514856,-0.24069848661233995,-191.8687895241137,0.007118992546903291,4.278415841584206,-191.8687895241137,7.671287128712947,4.278415841584206,2025-09-29
2025,9,3,1,40,0,640.1049834983497,605.2645544554456,805.4851485148514,837.4488448844885,702.1145544554455,597.209702970297,658.4521452145215,683.6182288228823,106.96786181082405,709.6366776677668,92.83472201526826,702.7644829482948,89.58803502000632,34.840429042904134,-18.34716171617174,0.0575623151668776,-0.027864077669903065,-1.0,-1.8369701987210297e-16,-1.0,-1.8369701987210297e-16,30,273,0,1,0,1,5,-0.9999166586547379,-0.012910296075008843,0.7818314824680298,0.6234898018587336,605.2645544554456,631.6026402640264,623.1002970297029,764.6541041200895,606.0956105610562,617.575732992654,602.530111785372,598.2985308208239,553.8669306930692,639.5108910891089,698.6624752475246,89.58200995568117,693.9957755775578,85.6323225264685,678.3229097909791,84.1760343315586,684.6623762376238,83.4570328060412,677.5912185556114,81.82472690326703,675.7928432900893,81.26907270160945,675.3552581591492,81.20833821541369,648.00549042786,83.93136178842376,634.4075073039869,94.40154142703115,0.013461538461538414,8.502343234323348,-0.16288295577130552,-124.5491206217398,0.15384868452363953,85.34854785478547,-124.5491206217398,41.80645267752584,85.34854785478547,2025-09-30
2025,10,4,2,40,0,641.319603960396,640.1049834983497,605.2645544554456,805.4851485148514,837.4488448844885,631.6026402640264,692.7172277227723,628.8963806380638,20.474770627784675,705.2896149614961,95.77212456952643,698.4813476347634,91.32387870804905,1.2146204620462413,-51.397623762376384,0.00189753320683117,-0.07419712070874884,-0.8660254037844386,0.5000000000000001,-2.4492935982947064e-16,1.0,1,274,1,0,1,0,1,-0.9999907397361901,0.004303538296243821,0.9749279121818236,-0.22252093395631434,640.1049834983497,632.8172607260725,624.3149174917493,573.0451485148516,607.3102310231023,617.1055573299265,603.2353752794634,630.530309805174,582.3657623762376,678.0356435643564,699.877095709571,88.5926111838218,695.210396039604,84.68327117929272,680.5987249724973,82.12962746081381,685.8769966996699,82.5319228537727,678.0236122454411,81.56284482913105,676.2462269648624,80.96507591994143,675.4751392053184,81.14936566437659,648.3330117699942,83.78869317278168,634.3055183050872,94.37410496125635,0.01343570057581589,8.502343234323462,0.11914323962516704,68.27445544554439,0.10979662468945417,63.44831683168309,68.27445544554439,10.78929415522191,63.44831683168309,2025-10-01
2025,10,4,3,40,0,679.2801022037687,641.319603960396,640.1049834983497,605.2645544554456,805.4851485148514,632.8172607260725,826.2615511551155,653.5682298875048,22.27541490572373,701.48387291955,96.3753193847291,686.2328935554846,82.00951770236452,37.96049824337274,-146.9814489513468,0.059191233215002415,-0.1778873151556749,-0.8660254037844386,0.5000000000000001,-2.4492935982947064e-16,1.0,2,275,0,0,0,0,1,-0.9997685019798909,0.021516097436222233,0.43388373911755823,-0.900968867902419,641.319603960396,667.4019801980198,658.4521452145215,606.0956105610562,640.5524752475249,649.0898754391568,635.7269881826892,662.83632705206,694.2514851485147,809.0198019801979,701.5739702818208,87.9785502921013,696.6981072531216,84.16922181028752,683.0382080272543,80.91832576218086,687.2601262338214,82.06741476234143,678.5627234376664,81.46784227438741,676.7647164174944,80.84183024277561,675.6578478181151,81.13910053004895,648.2498374203012,83.75027872941922,633.9451302501525,93.9518369375911,0.017797552836484876,11.878122005748878,0.12074743714934089,73.18449164271249,0.10201892705250315,62.88406259980832,73.18449164271249,16.443775151708678,62.88406259980832,2025-10-02
2025,10,4,4,40,0,717.6612839348452,679.2801022037687,641.319603960396,640.1049834983497,605.2645544554456,667.4019801980198,794.7453465346535,679.4203300330033,38.17103316931397,681.5192794279427,71.867567091927,679.8092216721672,75.4976215617091,38.38118173107648,-77.08406259980836,0.05650273224043745,-0.09699215344376633,-0.8660254037844386,0.5000000000000001,-2.4492935982947064e-16,1.0,3,276,0,0,0,0,1,-0.9992500112396835,0.03872228089217399,-0.433883739117558,-0.9009688679024191,679.2801022037687,702.1145544554455,692.7172277227723,607.3102310231023,673.9225742574258,681.0247013733632,668.292839348451,790.0188438198659,667.4019801980197,916.8891089108911,703.7949316360208,88.19044979754784,698.4798255539839,84.34230474005919,686.7165764576457,79.85841068034934,688.8222230080152,82.22026678052698,679.2169481262644,81.63490568124573,677.3524359959038,80.95886711397043,674.8538749305037,80.34783589390376,648.5290557743947,83.89813774419343,633.3917196252191,92.86098058694846,0.022142724973786665,15.546729479399687,0.18170458404074719,110.35105291174284,0.13588878771867785,85.8553433407858,110.35105291174284,-72.35755988502069,85.8553433407858,2025-10-03
2025,10,4,5,40,1,859.6172149473011,717.6612839348452,679.2801022037687,641.319603960396,640.1049834983497,702.1145544554455,597.209702970297,752.1862003619717,94.9965575633812,690.5412905000177,91.31012411955236,701.6765143369175,86.58621114780037,141.95593101245595,262.4075119770041,0.1978035240164131,0.4393892307373568,-0.8660254037844386,0.5000000000000001,-2.4492935982947064e-16,1.0,4,277,0,0,0,0,1,-0.9984354211555643,0.05591699010060302,-0.9749279121818236,-0.2225209339563146,717.6612839348452,837.4488448844885,826.2615511551155,640.5524752475249,803.8869636963698,810.1250399233471,796.5146917917598,759.3089492175023,501.24190099009894,581.2871287128712,706.961841644994,93.99675777178015,700.8623729677114,88.59359857393524,694.0187344476383,85.32038365531547,690.8125891241198,85.70940619834718,680.1007369659776,83.32824115251383,678.1036565096603,82.35856589075667,675.9684112163905,82.20671302187411,650.5200297408235,84.63242390766659,634.1648587536481,93.58181968684893,0.026471312484609655,22.16837006281264,0.3419934324898588,219.06473969977628,0.3125514189559224,204.69642286809312,219.06473969977628,100.30826572979879,204.69642286809312,2025-10-04
2025,10,4,6,40,1,830.2807282018524,859.6172149473011,717.6612839348452,679.2801022037687,641.319603960396,837.4488448844885,631.6026402640264,802.519742361333,74.93914757008318,728.0439861244189,95.39808121536923,718.2330216650697,90.85861761680037,-29.336486745448724,198.67808793782604,-0.03412738395106152,0.3145618388402769,-0.8660254037844386,0.5000000000000001,-2.4492935982947064e-16,1.0,5,278,0,0,0,0,1,-0.9973249731081555,0.07309512989807776,-0.7818314824680299,0.6234898018587334,859.6172149473011,805.4851485148514,794.7453465346535,673.9225742574258,773.2657425742574,777.1261322261258,765.5449632705206,570.1498562759502,529.8174455445544,527.0336633663367,710.5040673145655,98.67895509836625,703.4006145153686,91.93628009543185,699.2306729124525,88.75693549516022,692.8488386108195,88.37661517457313,681.0499261798301,84.74425871885848,678.8743203778903,83.48186872472282,678.8587542377893,83.01345791902925,652.1892702000308,85.1996371986791,635.0072117115245,93.97877811931595,0.030783410138248923,24.79557968700101,0.2320120439899387,156.3581539444266,0.2983058455624672,190.76983711274352,156.3581539444266,260.13087192590217,190.76983711274352,2025-10-05
2025,10,4,0,41,0,626.4966975407218,830.2807282018524,859.6172149473011,717.6612839348452,679.2801022037687,805.4851485148514,632.8172607260725,772.1315468966251,126.97357746329861,725.7759384648142,98.03233027178977,717.7063080662905,91.41540757745443,-203.7840306611306,-6.320563185350693,-0.24543991416309008,-0.00998797532497564,-0.8660254037844386,0.5000000000000001,-2.4492935982947064e-16,1.0,6,279,0,0,0,0,1,-0.9959189961471792,0.0902516100310407,0.0,1.0,830.2807282018524,605.2645544554456,597.209702970297,803.8869636963698,581.1000000000001,582.3991695943788,574.8268668157139,602.530111785372,530.5462178217822,604.5386138613861,713.537230612462,95.16888464565224,705.4925426989703,89.63862115488175,693.3176640405976,87.44345879825029,694.470149237274,86.65014938925901,681.8373820360147,84.01263696534853,679.4894374103309,82.89427287521795,679.125049635071,82.8040318555404,652.7223284206915,84.73320017431637,635.0682063884115,93.96607294725628,0.03507911198331892,21.23214308527622,-0.22066568331943837,-177.39026615564796,-0.07601214849517379,-51.538946023634594,-177.39026615564796,23.966585755349797,-51.538946023634594,2025-10-06
2025,10,4,1,41,0,665.2985627595017,626.4966975407218,830.2807282018524,859.6172149473011,717.6612839348452,605.2645544554456,667.4019801980198,707.3586628340253,108.20707833516633,729.7724315979984,94.31913664011579,717.5310232797473,91.522586301693,38.80186521877988,-2.103417438518136,0.061934668404629134,-0.003151649981461002,-0.8660254037844386,0.5000000000000001,-2.4492935982947064e-16,1.0,7,280,0,0,0,0,1,-0.994217906893952,0.10738134666416306,0.7818314824680298,0.6234898018587336,626.4966975407218,640.1049834983497,631.6026402640264,773.2657425742574,614.5979537953796,614.2845033535611,607.4669562440115,603.2353752794634,559.2368316831682,558.0356435643564,717.1363133640552,92.36404424126597,707.89939430579,87.93826877175599,689.7187580467723,86.25327723033985,696.2808852717069,85.44053919868774,682.7483473825494,83.54208992830551,680.1779089164677,82.52823884609653,679.8146406070715,82.42247398590628,653.3115602600045,84.4477674514877,635.3661589417314,93.89116125412653,0.039358511354594006,25.193579261151967,-0.13962493599590375,-107.9671798147557,-0.1776486049771796,-143.72123922069625,-107.9671798147557,62.06318748003832,-143.72123922069625,2025-10-07
2025,10,4,2,41,0,669.295055892686,665.2985627595017,626.4966975407218,830.2807282018524,859.6172149473011,640.1049834983497,702.1145544554455,653.6967720643032,23.640559001570754,728.108257212818,95.46928141441573,714.796065066184,92.51019743223146,3.9964931331843445,-32.81949856275946,0.0060070671378091856,-0.046743794662131744,-0.8660254037844386,0.5000000000000001,-2.4492935982947064e-16,1.0,8,281,0,0,0,0,2,-0.9922222094179324,0.12447926388678869,0.9749279121818236,-0.22252093395631434,665.2985627595017,641.319603960396,632.8172607260725,581.1000000000001,615.8125742574258,613.8143276908336,608.1722197381027,635.7269881826892,588.0041584158416,581.2871287128712,721.1328064972396,89.08377031546675,710.5049511034052,86.06291602155378,692.6585932431954,83.89423169452687,698.1909739015375,84.163255061969,683.7390746718681,83.03718434718841,680.9055617278318,82.15432790017184,680.1876191371825,82.29658175461202,653.7631763570981,84.31382103210035,635.6106254061198,93.86453258790827,0.04362170087976547,27.97545193229007,0.15177259661449982,88.1950558926859,-0.27003707494388807,-247.59405301820505,88.1950558926859,33.56806770999685,-247.59405301820505,2025-10-08
2025,10,4,3,41,0,708.7279463430214,669.295055892686,665.2985627595017,626.4966975407218,830.2807282018524,641.319603960396,837.4488448844885,681.1071883317363,24.003597525764537,726.6193676141808,95.73408474962531,704.0693235210616,84.07348775491009,39.43289045033532,-128.72089854146714,0.05891705026528382,-0.1537059837478455,-0.8660254037844386,0.5000000000000001,-2.4492935982947064e-16,1.0,9,282,0,0,0,0,2,-0.989932495087353,0.141540295217043,0.43388373911755823,-0.900968867902419,669.295055892686,679.2801022037687,667.4019801980198,614.5979537953796,649.5023102310231,645.62542318748,640.9236665602044,668.292839348451,700.9638613861385,620.039603960396,725.3396413742757,87.45842658343777,713.4568058280482,85.17494895365998,695.7962596614501,82.62470896152226,700.3061751912519,83.63687212902535,684.8659054425028,82.93866918612704,681.71275553477,82.08983399383658,680.6368981037889,82.34127623055636,653.8063101624141,84.34008507151441,635.8569819127382,93.93990639051842,0.043351548269580986,29.447844139252652,0.1531570223531542,94.12999254764179,0.21923901517024635,127.44081763015015,94.12999254764179,40.43510699457033,127.44081763015015,2025-10-09
2025,10,4,4,41,0,748.5815202810603,708.7279463430214,669.295055892686,665.2985627595017,626.4966975407218,679.2801022037687,805.4851485148514,708.8681741722559,39.643418201320344,708.1134185031406,72.88917992920348,699.3273545015792,79.30275452918282,39.85357393803895,-56.903628233791096,0.05623254189944138,-0.07064516129032261,-0.8660254037844386,0.5000000000000001,-2.4492935982947064e-16,1.0,10,283,0,0,0,0,2,-0.9873494423939864,0.15855938510313475,-0.433883739117558,-0.9009688679024191,708.7279463430214,717.6612839348452,702.1145544554455,615.8125742574258,683.3199009900991,677.3870265091025,673.7493516448419,796.5146917917598,673.8458613861386,635.540594059406,729.7568179951635,87.78620421204442,716.7758748155921,85.6032471141634,700.2218911955712,81.74386843438165,702.6369473087861,84.05427649396421,686.1372356884306,83.36649542624744,682.6036146852013,82.4078047187852,680.1043073092255,81.7361412154546,654.2215082673858,84.62277345007874,636.170984485576,94.12758313940749,0.043084721216509525,30.92023634621512,0.21559960217397833,132.7689460236345,0.42036756342967707,221.54785691472364,132.7689460236345,-47.93317151069948,221.54785691472364,2025-10-10
2025,10,4,5,41,1,896.4270201213669,748.5815202810603,708.7279463430214,669.295055892686,665.2985627595017,717.6612839348452,605.2645544554456,784.5788289151495,98.89181081356014,719.1378004897264,96.3037919918517,723.5908933070726,91.50957808070747,147.84549984030662,291.16246566592133,0.19750086775425202,0.48104992027474536,-0.8660254037844386,0.5000000000000001,-2.4492935982947064e-16,1.0,11,284,0,0,0,0,2,-0.9844738167520923,0.17553149042142777,-0.9749279121818236,-0.2225209339563146,748.5815202810603,859.6172149473011,837.4488448844885,649.5023102310231,815.0742574257425,805.7944746087512,803.0105397636538,765.5449632705206,506.07481188118805,658.7920792079208,735.0153615914586,97.43388657161015,720.9886016182263,93.11986331901967,708.4527148585826,88.60437518393469,705.5424031193442,89.32552919357543,687.7556740011559,86.55064163490732,683.7157156418407,84.65205707543768,681.558552385346,84.39447165524403,656.3901316464979,85.79861464287835,636.8310815436689,95.1147278632735,0.04282115869017633,36.80980517406579,0.3801752603505206,246.92470989034382,0.4828283910527964,291.8884062599808,246.92470989034382,130.8820568508463,291.8884062599808,2025-10-11
2025,10,4,6,41,1,865.6181411689555,896.4270201213669,748.5815202810603,708.7279463430214,669.295055892686,859.6172149473011,640.1049834983497,836.8755605237942,78.00112122504727,758.9913744277652,99.71597051238678,742.3836564462898,95.85873049220575,-30.80887895241142,225.51315767060578,-0.03436853002070395,0.35230651765607934,-0.8660254037844386,0.5000000000000001,-2.4492935982947064e-16,1.0,12,285,0,0,0,0,2,-0.9813064702716093,0.19245158197082995,-0.7818314824680299,0.6234898018587334,896.4270201213669,830.2807282018524,805.4851485148514,683.3199009900991,784.0055445544555,772.9687895241137,771.7809773235388,574.8268668157139,534.9188514851485,643.2910891089109,740.063563443902,103.89367888940659,725.2838153792337,98.545877443668,714.5293228645445,92.96511798536609,708.4571387127191,93.22697366031991,689.4101267090995,89.05833067122083,684.8328247352385,86.42872607984279,684.7895665448265,85.81681025476453,658.2273499225191,86.71872364388118,637.4486566882802,95.87552567727757,0.04256080114449201,35.33741296710309,0.26678315663675933,182.29824017885642,0.5511879055609583,307.5824976045991,182.29824017885642,290.79127435324165,307.5824976045991,2025-10-12
2025,10,4,0,42,0,652.9997572660492,865.6181411689555,896.4270201213669,748.5815202810603,708.7279463430214,830.2807282018524,641.319603960396,805.0149728521238,132.54722208645487,756.9415735121898,102.12447671702026,743.3570025550943,94.79261009908677,-212.61838390290632,11.68015330565322,-0.24562607204116627,0.018212687143077666,-0.8660254037844386,0.5000000000000001,-2.4492935982947064e-16,1.0,13,286,0,0,0,0,2,-0.9778483415056568,0.20931464596304888,0.0,1.0,865.6181411689555,626.4966975407218,605.2645544554456,815.0742574257425,589.1548514851485,579.2811625678697,579.5038773554775,607.4669562440115,535.6476237623763,682.0435643564356,743.8497148332344,99.45326188529795,728.6934727228482,94.82955189936935,709.126839525888,91.62025835480746,710.7373139191798,90.95403001073812,690.7265301858527,87.93866946010472,685.7077756865549,85.71869101798389,685.2954865561825,85.48943610670283,658.8793062197618,86.23177674680124,637.3679794463624,95.85011197914791,0.04230359047280485,26.503059725327375,-0.1988462998102466,-162.07450015969334,0.12336868478744645,71.71262855317798,-162.07450015969334,45.53280102203769,71.71262855317798,2025-10-13
2025,10,4,1,42,0,693.2740146917916,652.9997572660492,865.6181411689555,896.4270201213669,748.5815202810603,626.4966975407218,679.2801022037687,737.2973043755989,112.93884105704568,760.9380666453741,98.41022098823619,744.5231619290961,94.0155526813746,40.27425742574246,13.993912488022943,0.06167576170986799,0.020601092896174844,-0.8660254037844386,0.5000000000000001,-2.4492935982947064e-16,1.0,14,287,0,0,0,0,2,-0.9741004551724206,0.22611568550828803,0.7818314824680298,0.6234898018587336,652.9997572660492,665.2985627595017,640.1049834983497,784.0055445544555,623.1002970297029,610.9932737144683,612.4038007026509,608.1722197381027,564.6067326732673,813.8019801980198,747.8462079664188,96.28215657543134,732.491260665237,92.03221164905635,706.1024551971326,90.55460632250139,713.2435181213974,89.40337448158948,692.1958291318763,87.26706446686579,686.6705163292827,85.338766409386,686.241062055668,85.09655299361641,659.5941244531981,85.97886132865112,637.0331795421785,95.44174905859163,0.0420494699646643,27.975451932289957,-0.11572817372640631,-90.73152986266382,0.11811247259630431,73.23441073139566,-90.73152986266382,85.10179495368891,73.23441073139566,2025-10-14
2025,10,4,2,42,0,697.2705078249759,693.2740146917916,652.9997572660492,865.6181411689555,896.4270201213669,665.2985627595017,717.6612839348452,681.1814265942722,24.487708221358034,759.0284935590333,99.72827136042984,742.8239305866069,94.72676965907094,3.996493133184231,-20.390776109869307,0.005764665988470696,-0.02841281335126411,-0.8660254037844386,0.5000000000000001,-2.4492935982947064e-16,1.0,15,288,0,0,0,0,3,-0.970063921851507,0.2428497220959358,0.9749279121818236,-0.22252093395631434,693.2740146917916,669.295055892686,641.319603960396,589.1548514851485,624.3149174917493,610.5230980517407,613.1090641967422,640.9236665602044,593.6425544554456,922.3089108910891,751.8427010996029,93.00298946811384,736.4877537984213,88.93112581113034,709.7063104084601,87.8508911440594,715.8490749190125,87.76373208336943,693.744890020684,86.55798582753552,687.6724382772378,84.95791082117577,686.8671380697209,84.96657514839704,660.1698353052509,85.88167457941208,636.4080728669949,94.29820504117409,0.0417983842641374,27.975451932289843,0.18350974462365577,108.11565633982741,0.09712977320816085,61.729913765569904,108.11565633982741,56.346841264771456,61.729913765569904,2025-10-15
2025,10,4,3,42,0,738.175790482274,697.2705078249759,693.2740146917916,652.9997572660492,865.6181411689555,669.295055892686,859.6172149473011,709.5734376663472,24.85083357345209,757.2942052592356,100.03628339976807,732.703811881188,87.31172059913699,40.90528265729813,-121.44142446502713,0.0586648685097777,-0.14127383951061534,-0.8660254037844386,0.5000000000000001,-2.4492935982947064e-16,1.0,16,289,0,0,0,0,3,-0.965739937654855,0.25951179706979943,0.43388373911755823,-0.900968867902419,697.2705078249759,708.7279463430214,679.2801022037687,623.1002970297029,658.4521452145215,642.1609709358033,646.1203449377196,673.7493516448419,707.6762376237623,564.6534653465346,756.049535976639,91.37957143180299,740.6945886754573,87.39655706375218,713.5421601902126,86.43995137251949,718.6963479642894,87.12354824137995,695.4594403697282,86.46851786989474,688.7683364384826,85.0091701255266,687.5829873901369,85.12606403810464,660.339277265576,86.0059243766462,636.8900793257053,94.37385923128662,0.041550279329608975,29.447844139252652,0.18468213544614231,115.0754934525711,0.12049888542952414,79.38371127435323,115.0754934525711,64.4264388374321,79.38371127435323,2025-10-16
2025,10,4,4,42,0,779.5017566272755,738.175790482274,697.2705078249759,693.2740146917916,652.9997572660492,708.7279463430214,830.2807282018524,738.3160183115084,41.11580374720776,737.8066613435536,76.01702301630031,728.47223091664,83.29063016062427,41.32596614500153,-50.77897157457687,0.055983908816627403,-0.06115879828326187,-0.8660254037844386,0.5000000000000001,-2.4492935982947064e-16,1.0,17,290,0,0,0,0,3,-0.9611297838723007,0.27609697309746883,-0.433883739117558,-0.9009688679024191,738.175790482274,748.5815202810603,717.6612839348452,624.3149174917493,692.7172277227723,673.749351644842,679.2058639412329,803.0105397636538,680.2897425742574,511.9524752475248,760.4667125975269,91.70515407205473,745.1117652963452,87.70508243001963,718.7150548280634,85.55508267207921,721.7957954251646,87.70684350108245,697.3478761729859,87.1379604561889,689.9623351609355,85.57570853265779,687.3217786886216,84.80335236175902,660.8904551214262,86.45124559904686,637.6332717739823,94.4406864588022,0.041305102395001736,30.920236346215233,0.24857140969657698,155.18683913552627,0.2117403300379057,136.21066751836463,155.18683913552627,-23.50878313637827,136.21066751836463,2025-10-17
2025,10,4,5,42,1,933.2368252954328,779.5017566272755,738.175790482274,697.2705078249759,693.2740146917916,748.5815202810603,626.4966975407218,816.9714574683275,102.78708910380142,749.0764420312998,99.9880650956939,754.0339082295326,95.34595254665605,153.73506866815728,306.740127754711,0.1972222222222224,0.489611723347948,-0.8660254037844386,0.5000000000000001,-2.4492935982947064e-16,1.0,18,291,0,0,0,0,3,-0.9562348265919058,0.2926003356333479,-0.9749279121818236,-0.2225209339563146,779.5017566272755,896.4270201213669,859.6172149473011,658.4521452145215,826.2615511551155,801.4639092941553,809.5063877355477,771.7809773235388,510.9077227722772,587.239603960396,765.7252561938221,101.34902758509556,750.3703088926404,96.83084678649661,727.8745441640938,93.24450198125244,725.616340930176,94.49333737174018,699.700963958723,91.66239469940365,691.435316560458,88.6671861277897,689.1157325549759,88.24788710335704,663.2367279132213,88.07374462159096,638.5943751665795,95.67886646072706,0.04106280193236733,36.8098051740659,0.417319135609145,274.78468008091136,0.3682950387135737,251.19326093899724,274.78468008091136,161.45584797189406,251.19326093899724,2025-10-18
2025,10,4,6,42,1,900.9555541360588,933.2368252954328,779.5017566272755,738.175790482274,697.2705078249759,896.4270201213669,665.2985627595017,871.2313786862557,81.06332579673715,790.4024081763014,103.5157845734123,773.6719908442457,99.58254427729393,-32.281271159374,235.65699137655713,-0.03459065296652308,0.35421238608889727,-0.8660254037844386,0.5000000000000001,-2.4492935982947064e-16,1.0,19,292,0,0,0,0,3,-0.9510565162951536,0.30901699437494723,-0.7818314824680299,0.6234898018587334,933.2368252954328,865.6181411689555,830.2807282018524,692.7172277227723,794.7453465346535,768.8114468221016,778.016991376557,579.5038773554775,540.0202574257426,542.0673267326732,770.7734580462654,107.82702735860225,755.4185107450837,102.96535180703857,734.8158217112034,98.15841110273665,729.4095626302261,99.37674167382959,702.060680160758,95.10998721541628,692.8988708790234,91.09492054851218,692.6874178525379,90.24421295148937,665.2419240060565,89.35224436891441,639.5912869093669,96.53616620146661,0.04082332761578056,35.33741296710332,0.30061086700246475,208.23832641328647,0.10709432522741258,87.15357393803902,208.23832641328647,321.45167678058135,87.15357393803902,2025-10-19
2025,10,4,0,43,0,679.5028169913764,900.9555541360588,933.2368252954328,779.5017566272755,738.175790482274,865.6181411689555,669.295055892686,837.8983988076228,138.12092662263697,788.1072085595656,106.21748927145967,774.5226376024698,98.64911183652795,-221.45273714468237,10.207761098690412,-0.24579762689518803,0.015251511286118236,-0.8660254037844386,0.5000000000000001,-2.4492935982947064e-16,1.0,20,293,0,0,0,0,3,-0.9455963874271428,0.3253420847119795,0.0,1.0,900.9555541360588,652.9997572660492,626.4966975407218,826.2615511551155,597.209702970297,576.1631555413607,584.1808878952411,612.4038007026509,540.7490297029702,564.6534653465346,774.559609435598,103.37580930812456,759.2046621344163,98.74828029315397,729.9238639057454,97.09511972513255,732.3486024166932,96.49734420524825,703.9060312580797,93.61361636333962,694.0336557492154,90.31466426055032,693.4329624779682,89.84980905396588,666.0127783798811,88.86944643018032,639.9103128861581,96.4775823742086,0.040586630286493675,26.50305972532726,-0.17761777001310297,-146.75873416373906,-0.26325896999642506,-242.80609389971266,-146.75873416373906,67.09901628872558,-242.80609389971266,2025-10-20
2025,10,4,1,43,0,721.2494666240817,679.5028169913764,900.9555541360588,933.2368252954328,779.5017566272755,652.9997572660492,708.7279463430214,767.2359459171724,117.67070963305903,792.10370169275,102.50228763090908,775.5660976258915,97.9536734518436,41.74664963270527,12.521520281060361,0.06143705160420998,0.017667597765363086,-0.8660254037844386,0.5000000000000001,-2.4492935982947064e-16,1.0,21,294,0,0,0,0,3,-0.9398560579418953,0.341570769167856,0.7818314824680298,0.6234898018587336,679.5028169913764,693.2740146917916,665.2985627595017,794.7453465346535,631.6026402640264,607.7020440753753,617.3406451612904,613.1090641967422,569.9766336633663,602.2970297029703,778.5561025687821,100.20160295860475,763.2011552676005,95.74185289880164,727.4740012420596,96.32734629888239,735.5502747866951,94.49737072615993,705.9336638035924,92.7173965656603,695.2706655285344,89.96248538364371,694.6345225049387,89.48591256458657,666.8531830074405,88.67123929316763,640.24073632205,96.55207255497405,0.040352661919294874,27.97545193229007,-0.09247726989662486,-73.49587991057183,0.27733116130163515,156.5960012775471,-73.49587991057183,108.1404024273395,156.5960012775471,2025-10-21
2025,10,4,2,43,0,725.245959757266,721.2494666240817,679.5028169913764,900.9555541360588,933.2368252954328,693.2740146917916,748.5815202810603,708.6660811242414,25.33505418393239,789.9487299052485,103.98795072180748,773.621467582242,98.76635118867557,3.996493133184231,-23.335560523794356,0.005541069100390983,-0.03117303846217423,-0.8660254037844386,0.5000000000000001,-2.4492935982947064e-16,1.0,22,295,0,0,0,0,4,-0.9338372288229252,0.35769823883312546,0.9749279121818236,-0.22252093395631434,721.2494666240817,697.2705078249759,669.295055892686,597.209702970297,632.8172607260725,607.2318684126477,618.0459086553816,646.1203449377196,599.2809504950495,617.3544554455445,782.5525957019664,96.92349829034238,767.1976484007847,92.63790764118242,731.7418764682919,93.14051411170377,738.851299752095,92.36608530421148,708.0410582918892,91.76953124205234,696.5468566130806,89.61347359175095,695.5136960029336,89.39256374139387,667.5529886144528,88.63202859030383,640.5404349451381,96.64823570343904,0.04012137559002027,27.97545193229007,0.21439078459402894,128.03625678696892,0.4166275090409819,213.29348450974118,128.03625678696892,79.1256148195464,213.29348450974118,2025-10-22
2025,10,4,3,43,0,767.6236346215267,725.245959757266,721.2494666240817,679.5028169913764,900.9555541360588,697.2705078249759,896.4270201213669,738.0396870009581,25.698257858320183,787.9690429042904,104.33908677157501,762.8878521239221,90.892022679497,42.37767486426071,-128.80338549984026,0.0584321419431888,-0.1436853002070393,-0.8660254037844386,0.5000000000000001,-2.4492935982947064e-16,1.0,23,296,0,0,0,0,4,-0.9275416835791965,0.3737197147904692,0.43388373911755823,-0.900968867902419,725.245959757266,738.175790482274,708.7279463430214,631.6026402640264,667.4019801980198,638.6965186841265,651.3170233152348,679.2058639412329,714.3886138613861,639.940594059406,786.7594305790026,95.30186946809616,771.4044832778208,91.10301695914217,736.2759096135419,91.39199692278743,742.4306445529345,91.43191039134142,710.3433282193427,91.61531935693644,697.9314591286318,89.80452855777664,696.4961156771591,89.69666389613879,667.848738729787,88.87766201720213,640.8951100578107,96.8800329215914,0.03989272544418365,29.447844139252652,0.21535849549431907,136.02099435750029,0.30717279530298147,180.38403066113062,136.02099435750029,88.41777068029376,180.38403066113062,2025-10-23
2025,10,4,4,43,0,810.4219929734909,767.6236346215267,725.245959757266,721.2494666240817,679.5028169913764,738.175790482274,865.6181411689555,767.7638624507612,42.588189753678094,767.4999041839668,79.1463425154817,758.2881731076333,86.51172035619213,42.798358351964225,-55.196148195464616,0.05575435203094781,-0.06376500857632927,-0.8660254037844386,0.5000000000000001,-2.4492935982947064e-16,1.0,24,297,0,0,0,0,4,-0.9209712877166346,0.38963044953078774,-0.433883739117558,-0.9009688679024191,767.6236346215267,779.5017566272755,748.5815202810603,632.8172607260725,702.1145544554455,670.1116767805814,684.6623762376238,809.5063877355477,686.7336237623763,624.8831683168318,791.1766071998906,95.62543318199648,775.8216598987088,91.40997850784005,742.1960673551225,90.20377650209412,746.2987673571504,91.95267186164537,712.8488695799304,92.41022875388406,699.4285974231063,90.6251780297734,696.5062890686919,89.70967651430684,668.5358963365153,89.50045244258341,641.410495681857,97.28727665369843,0.03966666666666674,30.920236346215347,0.2806572185525422,177.60473224741838,0.4950578147890472,268.35466624081766,177.60473224741838,0.9156052379431685,268.35466624081766,2025-10-24
2025,10,4,5,43,1,970.0466304694984,810.4219929734909,767.6236346215267,725.245959757266,721.2494666240817,779.5017566272755,652.9997572660492,849.3640860215052,106.68238969125309,779.0150835728733,103.6724528065082,784.7087458745874,98.95200357138644,159.6246374960075,317.0468732034492,0.19696483915784957,0.4855237229043501,-0.8660254037844386,0.5000000000000001,-2.4492935982947064e-16,1.0,25,298,0,0,0,0,4,-0.9141279881853337,0.4054257283599973,-0.9749279121818236,-0.2225209339563146,810.4219929734909,933.2368252954328,896.4270201213669,667.4019801980198,837.4488448844885,797.1333439795593,814.4556052379431,778.016991376557,515.7406336633663,662.5267326732672,796.4351507961856,105.26565958034057,781.0802034950038,100.54304419527074,752.2842223641718,98.12615297899,751.0344025566152,99.89249205478107,715.9366068386792,97.99755800237097,701.2808715330059,94.51125451999734,698.6399517252801,93.85783635819413,671.0598185409939,91.54981378287464,642.2647176201798,98.8113396206915,0.03944315545243593,36.80980517406556,0.4534668149796066,302.64465027147855,0.7179503713382314,405.39316512296375,302.64465027147855,192.02963909294135,405.39316512296375,2025-10-25
2025,10,4,6,43,1,936.2929671031618,970.0466304694984,810.4219929734909,767.6236346215267,725.245959757266,933.2368252954328,693.2740146917916,905.5871968487171,84.12573606882228,821.8134419248375,107.31573224502534,804.9603252422015,103.30996501047412,-33.75366336633658,243.01895241137015,-0.034795918367346856,0.35053809498313426,-0.8660254037844386,0.5000000000000001,-2.4492935982947064e-16,1.0,26,299,0,0,0,0,4,-0.9070138128026362,0.42110087079608916,-0.7818314824680299,0.6234898018587334,970.0466304694984,900.9555541360588,865.6181411689555,702.1145544554455,805.4851485148514,764.6541041200895,781.2834749281379,584.1808878952411,545.1216633663366,790.5148514851485,801.4833526486289,111.7605015166583,786.1284053474471,106.6999051481782,760.090169452429,103.18175348571769,755.7061103633404,105.43815551832068,719.0015865348056,102.1452741692466,703.1262226303276,97.55638047014271,702.5523081609236,96.33903190844927,673.2329924506429,93.17200604452042,642.6696568302299,99.71514999512094,0.039222148978246274,35.33741296710298,0.3335330554845757,234.1784126477163,0.5545369160543683,333.99593740019145,234.1784126477163,352.1120792079207,333.99593740019145,2025-10-26
2025,10,4,0,44,0,706.0058767167038,936.2929671031618,970.0466304694984,810.4219929734909,767.6236346215267,900.9555541360588,697.2705078249759,870.7818247631213,143.69468410003182,819.2728436069414,110.31127152625663,805.6882726498457,102.50985087635135,-230.28709038645798,8.735368891727944,-0.24595623215984774,0.012527948326649385,-0.8660254037844386,0.5000000000000001,-2.4492935982947064e-16,1.0,27,300,0,0,0,0,4,-0.8996308696522434,0.4366512319560638,0.0,1.0,936.2929671031618,679.5028169913764,652.9997572660492,837.4488448844885,605.2645544554456,573.0451485148516,585.5171766208879,617.3406451612904,545.8504356435643,895.9168316831683,805.2695040379613,107.29927844602867,789.9145567367796,102.46913243418732,755.7087371801697,102.57252958065635,759.3040147298141,101.76944151203749,721.3758852526959,100.21804003079623,704.5606119171825,96.68824007122797,703.5374774004283,95.91025513186887,674.1227449010493,92.71233556269704,642.1421263997674,98.87041771386174,0.03900360537528691,26.503059725327375,-0.15695641467618826,-131.44296816778467,0.14359890090560623,88.65142127115928,-131.44296816778467,88.66523155541347,88.65142127115928,2025-10-27
2025,10,4,1,44,0,749.2249185563717,706.0058767167038,936.2929671031618,970.0466304694984,810.4219929734909,679.5028169913764,738.175790482274,797.1745874587458,122.40267178681161,823.2693367401256,106.5952234407583,806.609033322687,101.89609962116413,43.21904183966785,11.049128074097666,0.06121626358219423,0.01496815286624198,-0.8660254037844386,0.5000000000000001,-2.4492935982947064e-16,1.0,28,301,0,0,0,0,4,-0.8919813464595487,0.45207220393230374,0.7818314824680298,0.6234898018587336,706.0058767167038,721.2494666240817,693.2740146917916,805.4851485148514,640.1049834983497,606.0956105610562,617.575732992654,618.0459086553816,575.3465346534654,542.7475247524752,809.2659971711456,104.12223273910546,793.9110498699639,99.4568500208888,753.8333961815536,102.14449410034014,763.2011552676005,99.08982877576908,723.931765752612,99.04280623084905,706.1278641262744,96.32758568470528,704.9950219548837,95.59268055364065,675.0887359227321,92.58316341387406,642.7156747158895,98.89110908727895,0.03878748370273777,27.975451932289957,-0.06984639016897087,-56.26022995847973,0.17077260844437192,109.28432449696572,-56.26022995847973,131.17900990099008,109.28432449696572,2025-10-28
2025,10,4,2,44,0,753.2214116895559,749.2249185563717,706.0058767167038,936.2929671031618,970.0466304694984,721.2494666240817,779.5017566272755,736.1507356542105,26.182577787756205,820.8689662514638,108.24823811097093,804.4190045778772,102.80999477457601,3.996493133184231,-26.280344937719633,0.005334170065892652,-0.03371428571428581,-0.8660254037844386,0.5000000000000001,-2.4492935982947064e-16,1.0,29,302,0,0,0,0,5,-0.8840675099433637,0.46735921715800205,0.9749279121818236,-0.22252093395631434,749.2249185563717,725.245959757266,697.2705078249759,605.2645544554456,641.319603960396,607.3102310231023,617.1055573299265,651.3170233152348,605.4130309805174,492.0910891089109,813.2624903043298,100.84514636865029,797.9075430031481,96.35043814295872,758.7652914226907,98.22026594879574,767.1976484007847,96.2067046309482,726.5373225502273,97.83087277748966,707.7482909638891,95.95616329272536,706.1272929368206,95.55324211247675,675.9098935933379,92.61720889418804,643.4410367230578,98.74078231352975,0.03857374392220425,27.975451932289957,0.24444989574389764,147.95685723411032,0.20537958114380417,128.33824337272415,147.95685723411032,101.90438837432112,128.33824337272415,2025-10-29
2025,10,4,3,44,0,797.0714787607792,753.2214116895559,749.2249185563717,706.0058767167038,936.2929671031618,725.245959757266,933.2368252954328,766.5059363355689,26.54585235306505,818.6438805493452,108.64242301472777,793.0718923666559,94.47641216719141,43.85006707122329,-136.16534653465362,0.05821670280570346,-0.14590652966523054,-0.8660254037844386,0.5000000000000001,-2.4492935982947064e-16,1.0,30,303,0,0,0,0,5,-0.8758917051442433,0.48250774176121763,0.43388373911755823,-0.900968867902419,753.2214116895559,767.6236346215267,738.175790482274,640.1049834983497,679.2801022037687,640.5524752475249,649.0898754391568,684.6623762376238,722.2764292558288,564.4574257425743,817.4693251813659,99.22518393841698,802.1143778801843,94.81534377736824,763.9975079314383,95.83304650534298,771.4044832778209,94.78477225145299,729.3323047558212,97.56513788320687,709.5099767177178,96.22430514884144,707.3762829648556,96.00311730650746,676.3254216461431,92.99341528527933,644.0871868703307,98.98328562795652,0.03836234687298501,29.44784413925254,0.24521992377651003,156.96649526242948,0.20307821473803722,134.54474608751195,156.96649526242948,112.40910252315541,134.54474608751195,2025-10-30
2025,10,4,4,44,0,841.3422293197061,797.0714787607792,753.2214116895559,749.2249185563717,706.0058767167038,767.6236346215267,900.9555541360588,797.2117065900138,44.06057617455669,797.1931470243799,82.27696996549778,788.1041152986267,89.73633715231304,44.27075055892692,-59.6133248163527,0.05554175721825527,-0.06616677653263026,-0.8660254037844386,0.5000000000000001,-2.4492935982947064e-16,1.0,31,304,0,1,0,0,5,-0.867456354729597,0.4975132889071803,-0.433883739117558,-0.9009688679024191,797.0714787607792,810.4219929734909,779.5017566272755,641.319603960396,717.6612839348452,673.9225742574258,681.0247013733632,814.4556052379431,694.8701373363142,521.0376237623761,821.8865018022537,99.54688449948719,806.531554501072,95.1208445171391,770.6649287767486,93.94310715101173,775.8216598987088,95.06893573650028,732.321941453362,98.39789799875561,711.4185187170791,97.23707595193711,707.6750232324308,96.38115641774137,677.1391554904953,93.79399831026046,644.9769218857678,99.31316187794252,0.03815325424815641,30.920236346215233,0.3118922673252047,200.02262535931015,0.06429655020277947,50.82737783455764,200.02262535931015,26.88662408176299,50.82737783455764,2025-10-31
2025,11,4,5,44,1,1006.8564356435644,841.3422293197061,797.0714787607792,753.2214116895559,749.2249185563717,810.4219929734909,679.5028169913764,881.7567145746833,110.57771021953641,808.9537251144469,107.35694332469028,815.3835835196422,102.56129665445215,165.51420632385828,327.35361865218795,0.19672637430512663,0.48175461597290536,-0.5000000000000004,0.8660254037844384,-2.4492935982947064e-16,1.0,1,305,1,0,0,0,1,-0.858763958275803,0.5123714121284235,-0.9749279121818236,-0.2225209339563146,841.3422293197061,970.0466304694984,933.2368252954328,679.2801022037687,859.6172149473011,803.8869636963698,810.1250399233471,781.2834749281379,522.2661769402747,542.7475247524752,827.145045398549,109.1836221040888,811.7900980973673,104.26016874538948,781.5841398914085,101.67430765925147,781.0802034950038,103.56781234075943,735.9463963095619,104.62313585478749,713.7605591423197,101.90054769714581,710.1813894626022,101.13269043968111,679.8313235944024,96.24638059549187,646.2661133049096,100.98073380713518,0.037946428571428825,36.809805174066014,0.4822404371584701,327.5763334397957,0.12382801621437634,110.93960396039608,327.5763334397957,225.57296071542646,110.93960396039608,2025-11-01
2025,11,4,6,44,1,970.8780990099008,1006.8564356435644,841.3422293197061,797.0714787607792,753.2214116895559,970.0466304694984,721.2494666240817,939.6922546577238,87.05260357807774,853.0990954966463,110.95578165622983,836.1859695517937,106.95430481121117,-35.978336633663616,249.62863238581906,-0.03573333333333362,0.3461058121183007,-0.5000000000000004,0.8660254037844384,-2.4492935982947064e-16,1.0,2,306,0,0,0,0,1,-0.8498170915275277,0.5270777086423724,-0.7818314824680299,0.6234898018587334,1006.8564356435644,936.2929671031618,900.9555541360588,717.6612839348452,830.2807282018524,773.2657425742574,777.1261322261258,585.5171766208879,552.4564037048866,578.9306930693069,832.0857785280831,115.54322855942799,816.7845655883559,110.35664694878389,790.0247003939104,106.57700144915032,786.1015381667199,109.29173334433254,739.4751883887697,109.13984931727195,716.06713017546,105.48203897371356,714.4631774891468,103.9148122557713,682.1558885683193,98.18616683563762,647.3548560991891,102.35628065463571,0.03693836557775665,34.58513190673898,0.35283610909968566,253.2168150750556,0.7888208692479588,428.13057425742556,253.2168150750556,385.3609223890129,428.13057425742556,2025-11-02
2025,11,4,0,45,0,731.380514851485,970.8780990099008,1006.8564356435644,841.3422293197061,797.0714787607792,936.2929671031618,725.245959757266,903.0383498349834,149.74451378981118,850.1250282124987,114.4800639384116,836.6971824763122,106.38900233321385,-239.49758415841575,6.134555094219081,-0.24668141592920345,0.008458585686257791,-0.5000000000000004,0.8660254037844384,-2.4492935982947064e-16,1.0,3,307,0,0,0,0,1,-0.8406184056344783,0.5416278206559811,0.0,1.0,970.8780990099008,706.0058767167038,679.5028169913764,859.6172149473011,626.4966975407218,581.1000000000001,582.3991695943788,617.575732992654,553.6318428617055,593.4039603960397,835.7107268330519,111.24661248440144,820.4901154355066,106.18452799948942,785.7501437240497,106.26072802200493,789.8473887849614,105.3449794053265,742.1587690111177,107.00147854201495,717.8407176189969,104.4549461847085,715.7276750653559,103.41379539158783,683.1433811904847,97.77933168250028,647.7381243060097,102.4120095206637,0.035941114616193426,25.374638134781208,-0.14917884130982373,-128.2367000958161,0.4862705930641511,239.2894257425741,-128.2367000958161,113.804781858831,239.2894257425741,2025-11-03
2025,11,4,1,45,0,775.4137029702969,731.380514851485,970.8780990099008,1006.8564356435644,841.3422293197061,706.0058767167038,767.6236346215267,825.8907722772275,127.47832795730875,853.8237434259554,111.02955773626503,837.3463548387095,105.95207782168919,44.033188118811836,7.790068348770205,0.0602055800293686,0.010148291424886935,-0.5000000000000004,0.8660254037844384,-2.4492935982947064e-16,1.0,4,308,0,0,0,0,1,-0.8311706263658079,0.5560174366570446,0.7818314824680298,0.6234898018587336,731.380514851485,749.2249185563717,721.2494666240817,830.2807282018524,665.2985627595017,614.5979537953796,614.2845033535611,617.1055573299265,584.0076652826573,615.1138613861386,839.4519817493268,108.25341401123151,824.3589894602362,103.23633223051425,783.921242882998,105.93954847119795,793.7800723639184,102.54125091119991,745.0304788178127,105.66539946710863,719.758922376339,104.00886490689956,717.4866544613601,103.06321845958809,684.2067480665271,97.73596789760781,648.1834016437435,102.61804403410257,0.034954502667085,26.18878441392519,-0.06608249880782091,-54.867025231555544,0.37373284078989344,210.95627722772258,-54.867025231555544,158.3081456403704,210.95627722772258,2025-11-04
2025,11,4,2,45,0,778.8146402640264,775.4137029702969,731.380514851485,970.8780990099008,1006.8564356435644,749.2249185563717,810.4219929734909,761.8696193619361,26.459038418001228,850.7809370098299,113.12630767665641,834.7124087795875,107.0692465094693,3.4009372937294984,-31.60735270946452,0.004385964912280826,-0.03900110434255999,-0.5000000000000004,0.8660254037844384,-2.4492935982947064e-16,1.0,5,309,0,0,0,0,1,-0.8214765533024145,0.5702422926917867,0.9749279121818236,-0.22252093395631434,775.4137029702969,753.2214116895559,725.245959757266,626.4966975407218,669.295055892686,615.8125742574258,613.8143276908336,649.0898754391568,614.507218141169,600.640594059406,843.1081572599657,105.24607079327814,828.1853237821477,100.22917861938684,788.9985076404414,101.69980866115118,797.6914860914663,99.6654009886296,747.9412299965019,104.27710981277372,721.7232118117341,103.54093902964814,718.928040737192,103.00302285841792,685.1195670783208,97.84858392119162,648.6783295498675,102.81757951230426,0.033978360382854955,25.59322857447046,0.24312648944714343,152.31794272330455,0.4947378168974832,257.7770165016502,152.31794272330455,129.72476482486957,257.7770165016502,2025-11-05
2025,11,4,3,45,0,823.3848184818481,778.8146402640264,775.4137029702969,731.380514851485,970.8780990099008,753.2214116895559,970.0466304694984,792.5377205720571,26.768436276900616,847.7880352035203,113.66223716166597,822.49059111395,98.22171017470187,44.57017821782176,-146.66181198765025,0.05722822339692013,-0.1511904761904761,-0.5000000000000004,0.8660254037844384,-2.4492935982947064e-16,1.0,6,310,0,0,0,0,1,-0.8115390590073611,0.5842981736283683,0.43388373911755823,-0.900968867902419,778.8146402640264,797.0714787607792,767.6236346215267,665.2985627595017,708.7279463430214,649.5023102310231,645.62542318748,681.0247013733632,733.1028425423187,636.8237623762376,846.8672057915468,103.78755040050301,832.1682654864563,98.73421210494364,794.268049497853,99.13250993212654,801.7863743821387,98.21976813279872,751.0462747866952,103.88069737946262,723.839395089048,103.78315553567928,720.5098198161752,103.50627158583356,685.6211336113181,98.32614253661005,649.1965547057164,103.22700419267937,0.03301252199110016,26.313339721068928,0.23761701072469155,158.08625572234644,0.5170678463386085,280.6372937293729,158.08625572234644,142.36011710848493,280.6372937293729,2025-11-06
2025,11,4,4,45,0,868.3129900990099,823.3848184818481,778.8146402640264,775.4137029702969,731.380514851485,797.0714787607792,936.2929671031618,823.5041496149615,44.749294248457865,824.6974609460945,85.45758108050488,816.8255930302707,92.87633658628269,44.92817161716175,-67.97997700415192,0.05456521739130449,-0.07260545512210581,-0.5000000000000004,0.8660254037844384,-2.4492935982947064e-16,1.0,7,311,0,0,0,0,1,-0.8013610881746769,0.5981809144059159,-0.433883739117558,-0.9009688679024191,823.3848184818481,841.3422293197061,810.4219929734909,669.295055892686,748.5815202810603,683.3199009900991,677.3870265091025,810.1250399233471,705.2634940913447,759.8465346534653,850.7201716171616,104.04855644425189,836.3033367097077,98.96539320256662,800.9019806380638,97.11964076807031,806.0624983042082,98.42375588394228,754.3497228064972,104.6265624713135,726.1123232270231,104.83889741148113,721.1563525959048,104.25137425225518,686.526964144694,99.2547712624589,649.4978504152873,103.70803888680418,0.03205682520074116,26.97076077930376,0.2973545560423714,199.01793420632384,0.4998565467232179,289.38229702970295,199.01793420632384,58.18795017566276,289.38229702970295,2025-11-07
2025,11,4,5,45,1,1038.1808580858085,868.3129900990099,823.3848184818481,778.8146402640264,775.4137029702969,841.3422293197061,706.0058767167038,909.9595555555555,113.29237383041473,835.9145874587457,109.51386137564667,844.5068414776961,105.48945597084155,169.86786798679861,332.17498136910467,0.19562976705833846,0.47049889005724976,-0.5000000000000004,0.8660254037844384,-2.4492935982947064e-16,1.0,8,312,0,0,0,0,2,-0.7909456567567774,0.6118864012687242,-0.9749279121818236,-0.2225209339563146,868.3129900990099,1006.8564356435644,970.0466304694984,708.7279463430214,896.4270201213669,815.0742574257425,805.7944746087512,777.1261322261258,530.0611945065474,861.159405940594,855.1950891089108,112.23443797847433,841.1700672537298,107.36695228450051,811.8837443628233,104.67054275762466,811.125135374367,106.55391652285205,758.3337692468556,111.03261140862591,728.8788277922263,109.91035576570167,724.0569606610123,109.33392656773889,689.3498511645788,101.96846870888966,649.9895766712463,105.1244136460339,0.03111111111111109,31.3244224422441,0.46485102420856617,329.45291174278714,0.7495347644679069,444.7768976897688,329.45291174278714,261.05472585968266,444.7768976897688,2025-11-08
2025,11,4,6,45,1,1000.9495445544552,1038.1808580858085,868.3129900990099,823.3848184818481,778.8146402640264,1006.8564356435644,749.2249185563717,969.1477975797579,89.28766139045297,880.8427590759075,113.28225833340177,865.483893644203,109.76152349131844,-37.231313531353294,251.72462599808352,-0.03586206896551736,0.3359800505342425,-0.5000000000000004,0.8660254037844384,-2.4492935982947064e-16,1.0,9,313,0,0,0,0,2,-0.780295851070776,0.6254105729852457,-0.7818314824680299,0.6234898018587334,1038.1808580858085,970.8780990099008,936.2929671031618,748.5815202810603,865.6181411689555,784.0055445544555,772.9687895241137,582.3991695943788,560.684477802619,615.4455445544554,859.4910099009901,117.83606717552985,845.7883942145365,113.01535696638066,820.2960118386031,109.44018536672307,815.9583997809917,112.0450684119184,762.2077692468555,115.63391898705038,731.5928843997303,113.75960495905271,728.7075203827909,112.10718422167601,691.795768202089,104.12249769318139,651.0604211156907,106.72285843150046,0.030973451327433565,30.07144554455442,0.3371283119287283,252.3680242733949,0.6272589635662715,385.83568316831656,252.3680242733949,418.5503749600764,385.83568316831656,2025-11-09
2025,11,4,0,46,0,753.934099009901,1000.9495445544552,1038.1808580858085,868.3129900990099,823.3848184818481,970.8780990099008,753.2214116895559,931.021500550055,154.48787497729197,877.2628250825082,117.539760787254,865.5432842542317,109.69543038957312,-247.01544554455415,0.7126873203451396,-0.2467811158798281,0.0009461856889416698,-0.5000000000000004,0.8660254037844384,-2.4492935982947064e-16,1.0,10,314,0,0,0,0,2,-0.7694148268839381,0.6387494220515268,0.0,1.0,1000.9495445544552,731.380514851485,706.0058767167038,896.4270201213669,652.9997572660492,589.1548514851485,579.2811625678697,614.2845033535611,561.8599169594379,558.0039603960396,862.7129504950493,113.99512310553347,849.2118386640507,109.11394946287308,815.5462478015543,109.1137711084775,819.5631977004151,108.16453095090026,765.1502558097974,113.22162158338051,733.6720860240401,112.53169253138715,730.2591825567503,111.47030196343923,692.8628469912583,103.76704702280014,651.6046715007292,106.74656615328809,0.030837004405286583,22.553584158416015,-0.15895652173913033,-142.49292111146588,0.25521669109053535,153.29350495049505,-142.49292111146588,139.6495956563399,153.29350495049505,2025-11-10
2025,11,4,1,46,0,799.2202640264026,753.934099009901,1000.9495445544552,1038.1808580858085,868.3129900990099,731.380514851485,797.0714787607792,851.3679691969196,131.50549399286066,880.6637623762375,114.37410093627948,865.7223496930337,109.57518465888735,45.28616501650151,2.14878526562336,0.06006647673314314,0.002695850150056911,-0.5000000000000004,0.8660254037844384,-2.4492935982947064e-16,1.0,11,315,0,0,0,0,2,-0.7583058084785625,0.6518989958787125,0.7818314824680298,0.6234898018587336,753.934099009901,775.4137029702969,749.2249185563717,865.6181411689555,693.2740146917916,623.1002970297029,610.9932737144683,613.8143276908336,592.6687959118493,640.0633663366336,866.1138877887788,111.27932313654162,852.7829347690529,106.37355684085838,813.3329852301358,108.73584309350618,823.3469923195083,105.40087036057419,768.295255220453,111.63912112829576,735.9128835277536,111.93185241018426,732.3192485160345,111.00638657801744,694.0103551474502,103.79493215242596,652.0467739943119,107.02784563572664,0.03070175438596512,23.806561056105693,-0.07670573661139701,-66.39787714255294,0.25501011621205905,162.39650165016496,-66.39787714255294,185.40593633556898,162.39650165016496,2025-11-11
2025,11,4,2,46,0,802.621201320132,799.2202640264026,753.934099009901,1000.9495445544552,1038.1808580858085,775.4137029702969,841.3422293197061,785.2585214521451,27.180989213483265,877.2031595159515,116.7433802101951,862.4955973597358,110.92026354443557,3.4009372937293847,-38.721027999574176,0.004255319148936287,-0.046022922242811126,-0.5000000000000004,0.8660254037844384,-2.4492935982947064e-16,1.0,12,316,0,0,0,0,2,-0.7469720876965551,0.6648553979642867,0.9749279121818236,-0.22252093395631434,799.2202640264026,778.8146402640264,753.2214116895559,652.9997572660492,697.2705078249759,624.3149174917493,610.5230980517407,645.62542318748,623.6014053018206,590.8277227722772,869.5148250825081,108.49556407341254,856.3114911712368,103.60009259551963,818.3203666986053,104.47616503170042,827.1095170871926,102.57610862566587,771.4792960031026,109.98853936909316,738.1997657095203,111.29974080125483,734.0636460508415,110.86219159810734,695.0049095697742,103.9740323219036,652.6350892125004,107.27221551837175,0.03056768558951961,23.80656105610558,0.2291294022535495,149.62144405408276,0.056293823444459656,42.77466666666669,149.62144405408276,156.99577813265194,42.77466666666669,2025-11-12
2025,11,4,3,46,0,848.4443564356435,802.621201320132,799.2202640264026,753.934099009901,1000.9495445544552,778.8146402640264,1006.8564356435644,816.7619405940594,27.490420127521055,873.8917205720571,117.32631758440728,849.294590759076,101.17605733242969,45.823155115511554,-158.4120792079209,0.05709188224799289,-0.15733333333333344,-0.5000000000000004,0.8660254037844384,-2.4492935982947064e-16,1.0,13,317,0,0,0,0,2,-0.7354170229639858,0.6776147890466887,0.43388373911755823,-0.900968867902419,802.621201320132,823.3848184818481,797.0714787607792,693.2740146917916,738.175790482274,658.4521452145215,642.1609709358033,677.3870265091025,743.9292558288088,615.4455445544554,873.0947590759076,107.1245382641855,859.9809824337271,102.24131703896312,823.4927114234002,101.88077427529987,831.0476801569556,101.14197569628097,774.8720140606227,109.36720692621324,740.655520298804,111.43085377783483,735.9642830500253,111.34486671635975,695.5855490175899,104.53907020608044,653.2823081343926,107.74904089867455,0.0304347826086957,25.05953795379537,0.22382252681551296,155.17034174385185,-0.01476503585426503,-12.715049504950457,155.17034174385185,171.057329926541,-12.715049504950457,2025-11-13
2025,11,4,4,46,0,894.625504950495,848.4443564356435,802.621201320132,799.2202640264026,753.934099009901,823.3848184818481,970.8780990099008,848.5636875687569,46.00226789589623,849.9658283828384,88.12673056107809,842.9402079207921,95.05517272447211,46.18114851485154,-76.25259405940574,0.05443037974683551,-0.07853982300884932,-0.5000000000000004,0.8660254037844384,-2.4492935982947064e-16,1.0,14,318,0,0,0,0,2,-0.7236440382959123,0.690173388242972,-0.433883739117558,-0.9009688679024191,848.4443564356435,868.3129900990099,841.3422293197061,697.2705078249759,779.5017566272755,692.7172277227723,673.749351644842,805.7944746087512,715.6568508463749,656.4752475247525,876.8536897689768,107.39009961628228,863.7869306930692,102.48556230807617,830.0712113275844,99.79990371171311,835.1592425970708,101.30878700922077,778.4775190111177,109.93624066746935,743.2849983143476,112.43455130714091,736.951294498267,112.3599208833578,696.5798193181683,105.57696714282832,653.9438366272418,108.49716679923287,0.030303030303030276,26.31251485148516,0.2830393583419104,197.35499712551916,0.45362252252252255,279.17996039603963,197.35499712551916,88.83103034174383,279.17996039603963,2025-11-14
2025,11,4,5,46,1,1069.5052805280527,894.625504950495,848.4443564356435,802.621201320132,799.2202640264026,868.3129900990099,731.380514851485,937.5250473047304,116.60729432929469,861.3917843784378,112.64970206234337,871.1172717271726,108.18718979339042,174.87977557755767,338.1247656765677,0.19547819127651045,0.46231032794909455,-0.5000000000000004,0.8660254037844384,-2.4492935982947064e-16,1.0,15,319,0,0,0,0,3,-0.7116566222817751,0.7025274741691566,-0.9749279121818236,-0.2225209339563146,894.625504950495,1038.1808580858085,1006.8564356435644,738.175790482274,933.2368252954328,826.2615511551155,801.4639092941553,772.9687895241137,537.8562120728203,672.8871287128713,881.328607260726,115.5737909681801,868.2618481848184,110.28410306709272,841.1155276624435,107.32888547591715,840.0259731410928,109.16337911848406,782.8211570356343,116.469739901421,746.475967019513,117.78203405921465,740.2461443983108,117.65120620009428,699.5334252540307,108.50772226670964,655.0455537156173,110.68176346767447,0.030172413793103425,31.324422442244213,0.44884903341155424,331.3294900457787,0.9166625264970851,511.5013201320131,331.3294900457787,296.536491003939,511.5013201320131,2025-11-15
2025,11,4,6,46,1,1031.0209900990096,1069.5052805280527,894.625504950495,848.4443564356435,802.621201320132,1038.1808580858085,775.4137029702969,998.3839251925192,91.89459984567183,907.5729328932892,116.51652182707656,892.4178789878987,112.70015892121252,-38.484290429043085,255.60728712871276,-0.03598326359832649,0.32963988919667586,-0.5000000000000004,0.8660254037844384,-2.4492935982947064e-16,1.0,16,320,0,0,0,0,3,-0.6994583270516471,0.7146733860429608,-0.7818314824680299,0.6234898018587334,1069.5052805280527,1000.9495445544552,970.8780990099008,779.5017566272755,900.9555541360588,794.7453465346535,768.8114468221016,579.2811625678697,568.9125519003513,697.5049504950496,885.6245280528052,121.18392580780515,872.5577689768976,115.63059826214246,849.4995021115014,112.0689900082752,844.6711672826268,114.48950682254207,787.0403649564265,121.097263085161,749.597509201381,121.78763487806111,745.2654758153236,120.31296343231101,702.1006943551345,110.84158893802044,655.9719871589617,112.42030034025133,0.030042918454935563,30.07144554455442,0.32266666666666644,251.51923347173408,0.6108108108108103,390.957623762376,251.51923347173408,451.7398275311399,390.957623762376,2025-11-16
2025,11,4,0,47,0,776.4876831683168,1031.0209900990096,1069.5052805280527,894.625504950495,848.4443564356435,1000.9495445544552,778.8146402640264,959.0046512651264,159.23125599232935,903.7841694169416,121.02678444559366,892.2239658965896,112.9151923332897,-254.5333069306928,-2.326957095709531,-0.24687499999999984,-0.0029878188922086713,-0.5000000000000004,0.8660254037844384,-2.4492935982947064e-16,1.0,17,321,0,0,0,0,3,-0.6870527672236675,0.726607524768565,0.0,1.0,1031.0209900990096,753.934099009901,731.380514851485,933.2368252954328,679.5028169913764,597.209702970297,576.1631555413607,610.9932737144683,570.0879910571703,681.0930693069307,888.8464686468645,117.33788727903482,875.7797095709569,111.96454452404063,844.2745307072641,111.68367795866993,848.1349125032318,110.71223063988614,790.2417574599625,118.32557793496512,751.9823250064637,120.30287050475714,747.1043025870329,119.49966398064073,703.2473593113075,110.53546542859435,656.2369721974655,112.59197387292049,0.029914529914529808,22.553584158415788,-0.16796287703016244,-156.749142127116,0.3142370495495497,185.65996039603965,-156.749142127116,165.49440945384856,185.65996039603965,2025-11-17
2025,11,4,1,47,0,823.0268250825081,776.4876831683168,1031.0209900990096,1069.5052805280527,894.625504950495,753.934099009901,823.3848184818481,876.8451661166115,135.53269516251476,907.1851067106709,117.86077979475601,892.1941331133112,112.93507895988002,46.539141914191305,-0.3579933993399891,0.05993545412632528,-0.00043478260869567187,-0.5000000000000004,0.8660254037844384,-2.4492935982947064e-16,1.0,18,322,0,0,0,0,3,-0.6744436188329457,0.7383263540031063,0.7818314824680298,0.6234898018587336,776.4876831683168,799.2202640264026,775.4137029702969,900.9555541360588,721.2494666240817,631.6026402640264,607.7020440753753,610.5230980517407,601.3299265410412,722.1227722772277,892.247405940594,114.62073914260579,879.1806468646864,109.3745759708394,841.6769064054791,111.22520967743392,851.7698181624613,108.03032752164866,793.6600464745783,116.40883905963071,754.5457152565486,119.48278870716813,749.465455109597,118.86840768809066,704.479008747649,110.62859643475524,656.5172612330357,112.88167209768248,0.029787234042553123,23.80656105610558,-0.08649564198344706,-77.92872905355068,0.337286186186186,207.58128052805273,-77.92872905355068,212.50372703076744,207.58128052805273,2025-11-18
2025,11,4,2,47,0,826.4277623762375,823.0268250825081,776.4876831683168,1031.0209900990096,1069.5052805280527,799.2202640264026,868.3129900990099,808.6474235423542,27.903015416125065,903.5156743674366,120.37134342349715,888.7036974697468,114.3783043210285,3.4009372937293847,-41.885227722772356,0.004132231404958775,-0.048237476808905444,-0.5000000000000004,0.8660254037844384,-2.4492935982947064e-16,1.0,19,323,0,0,0,0,3,-0.661634618242279,0.749826401204568,0.9749279121818236,-0.22252093395631434,823.0268250825081,802.621201320132,778.8146402640264,679.5028169913764,725.245959757266,632.8172607260725,607.2318684126477,642.1609709358033,632.6955924624722,861.6237623762376,895.6483432343233,111.83759605824459,882.5815841584157,106.7217714767046,846.5744045849746,106.99225032033563,855.3834539702817,105.29907913501654,797.1173768611883,114.40279125839511,757.1551901846867,118.61718455763724,751.5128639033795,118.58599628315504,705.5552985805032,110.86846059233437,656.419494566369,112.71865870289712,0.029661016949152463,23.80656105610558,0.2162241887905605,146.92494538486108,0.25888640202702695,169.95251485148503,146.92494538486108,184.2667914404342,169.95251485148503,2025-11-19
2025,11,4,3,47,0,873.5038943894389,826.4277623762375,823.0268250825081,776.4876831683168,1031.0209900990096,802.621201320132,1038.1808580858085,840.9861606160615,28.21247686637083,899.995405940594,120.99059440658277,874.980617161716,104.24363890034624,47.076132013201345,-164.67696369636963,0.05696339614468271,-0.1586206896551724,-0.5000000000000004,0.8660254037844384,-2.4492935982947064e-16,1.0,20,324,0,0,0,0,3,-0.6486295610349818,0.7611042586607742,0.43388373911755823,-0.900968867902419,826.4277623762375,848.4443564356435,823.3848184818481,721.2494666240817,767.6236346215267,667.4019801980198,638.6965186841265,673.749351644842,754.7556691152987,976.5069306930693,899.2282772277227,110.46744324739346,886.1615181518151,105.4159158155678,851.6495521771532,104.42272359442066,859.1648918191357,103.92293773246777,800.797768186035,113.46526948452251,759.9505160859404,118.55867482273041,753.732358822764,118.9828673001179,706.2150109431373,111.51427743566147,656.1333750210813,112.0325419024496,0.029535864978903037,25.05953795379537,0.21109814954596406,152.25442776535715,0.29814326521643575,200.61676567656752,152.25442776535715,199.75454274459685,200.61676567656752,2025-11-20
2025,11,4,4,47,0,920.93801980198,873.5038943894389,826.4277623762375,823.0268250825081,776.4876831683168,848.4443564356435,1000.9495445544552,873.6232255225522,47.25524171569541,875.2341958195819,90.79637658743934,868.3129900990098,97.81453877073017,47.43412541254111,-80.01152475247522,0.05430327868852447,-0.07993562231759654,-0.5000000000000004,0.8660254037844384,-2.4492935982947064e-16,1.0,21,325,0,0,0,0,3,-0.6354323008901775,0.7721565844991641,-0.433883739117558,-0.9009688679024191,873.5038943894389,894.625504950495,868.3129900990099,725.245959757266,810.4219929734909,702.1145544554455,670.1116767805814,801.4639092941553,726.0502076014054,617.5247524752475,902.987207920792,110.73207650000215,889.9204488448844,105.66846566504101,858.1726208453103,102.34585747172983,863.111892777296,104.1016634400623,804.7053300672233,113.7725356705603,762.9365439790522,119.4242318165779,755.0598489395175,120.1818356747415,707.2977210109184,112.64826920684101,656.9761896525445,112.879362513242,0.029411764705882026,26.312514851484934,0.2698285421820352,195.69206004471403,0.3203318759936402,223.4330693069304,195.69206004471403,119.47411050782466,223.4330693069304,2025-11-21
2025,11,4,5,47,1,1100.8297029702971,920.93801980198,873.5038943894389,826.4277623762375,823.0268250825081,894.625504950495,753.934099009901,965.0905390539052,119.92222283193817,886.8689812981297,115.78558475300571,897.2209570957097,111.27278860013183,179.89168316831717,346.8956039603961,0.1953352769679304,0.4601139601139601,-0.5000000000000004,0.8660254037844384,-2.4492935982947064e-16,1.0,22,326,0,0,0,0,4,-0.622046748440868,0.7829801036770625,-0.9749279121818236,-0.2225209339563146,920.93801980198,1069.5052805280527,1038.1808580858085,767.6236346215267,970.0466304694984,837.4488448844885,797.1333439795593,768.8114468221016,545.651229639093,559.8891089108911,907.4621254125411,118.91367087981988,894.3953663366336,113.46871354074501,869.2794897902693,109.97617707133264,867.7827167951817,111.73166854006406,809.4085596758985,120.40154097658791,766.5519768241801,124.94155669920357,758.7489406744976,125.58312491459094,710.3820458627583,115.75522501781819,658.4788024138205,115.16072864625765,0.029288702928870425,31.32442244224444,0.4340747904577693,333.2060683487705,0.6162691305763597,419.73663366336643,333.2060683487705,332.0182561481955,419.73663366336643,2025-11-22
2025,11,4,6,47,1,1061.0924356435644,1100.8297029702971,920.93801980198,873.5038943894389,826.4277623762375,1069.5052805280527,799.2202640264026,1027.6200528052805,94.50161230336725,934.3031067106709,119.75083442573148,919.0436380638063,115.8890304225706,-39.73726732673276,261.8721716171618,-0.03609756097560979,0.32765957446808525,-0.5000000000000004,0.8660254037844384,-2.4492935982947064e-16,1.0,23,327,0,0,0,0,4,-0.6084768701151264,0.7935716089521472,-0.7818314824680299,0.6234898018587334,1100.8297029702971,1031.0209900990096,1000.9495445544552,810.4219929734909,936.2929671031618,805.4851485148514,764.6541041200895,576.1631555413607,577.1406259980838,642.2257425742574,911.7580462046205,124.53183084630302,898.6912871287128,118.82523925988968,877.6351712126051,114.76835817058266,872.2398406716247,116.93395123540373,813.9729755174825,125.00704642982102,770.0810045804119,129.0076548520654,764.1370437867441,128.04015186120554,713.0706670274553,118.23688578684413,659.6423210056797,117.0957974495281,0.029166666666667007,30.071445544554763,0.3093085390616652,250.6704426700735,0.4694072481572482,338.9696633663367,250.6704426700735,484.92928010220373,338.9696633663367,2025-11-23
2025,11,4,0,48,0,799.0412673267326,1061.0924356435644,1100.8297029702971,920.93801980198,873.5038943894389,1031.0209900990096,802.621201320132,986.9878019801981,163.9746551142364,930.3055137513751,124.51408078769373,918.7453102310229,116.22011182014298,-262.05116831683176,-3.5799339933993224,-0.24696356275303655,-0.004460303300624413,-0.5000000000000004,0.8660254037844384,-2.4492935982947064e-16,1.0,24,328,0,0,0,0,4,-0.594726686960764,0.8039279618328208,0.0,1.0,1061.0924356435644,776.4876831683168,753.934099009901,970.0466304694984,706.0058767167038,605.2645544554456,573.0451485148516,607.7020440753753,578.3160651549026,592.8237623762376,914.9799867986798,120.68098177970788,901.9132277227721,115.15302114510911,871.9349924411795,114.2658527239498,875.5625331934114,113.30081135698212,817.4332739616127,121.76468489151426,772.7714345662677,127.19278922568395,766.2630351562037,126.99776931766408,714.2969181506322,117.97581715567128,660.21514740832,117.27228363558784,0.029045643153526868,22.553584158415788,-0.17628571428571416,-171.00536314276576,-0.07263320463320466,-62.58249504950493,-171.00536314276576,191.33922325135734,-62.58249504950493,2025-11-24
2025,11,4,1,48,0,846.8333861386138,799.0412673267326,1061.0924356435644,1100.8297029702971,920.93801980198,776.4876831683168,848.4443564356435,902.3223630363036,139.55992842473663,933.7064510451045,121.34775826739657,918.6110627062707,116.30959577379886,47.79211881188121,-1.6109702970296667,0.05981182795698925,-0.0018987341772152,-0.5000000000000004,0.8660254037844384,-2.4492935982947064e-16,1.0,25,329,0,0,0,0,4,-0.5808002734538014,0.8140460935082175,0.7818314824680298,0.6234898018587336,799.0412673267326,823.0268250825081,799.2202640264026,936.2929671031618,749.2249185563717,640.1049834983497,606.0956105610562,607.2318684126477,609.9910571702333,617.5247524752475,918.3809240924093,117.96256948037656,905.3141650165016,112.5607024397629,868.953006409028,113.69427280312465,879.0485498927773,110.74242726929877,821.124852580189,119.40161462411372,775.6373604660005,126.09944789874575,768.9252742420477,126.13499842103663,715.6127088671233,118.12665043934173,660.8521158351626,117.66186515378206,0.02892561983471076,23.806561056105693,-0.09554656940479955,-89.45958096454797,-0.13279326595503071,-129.67354455445548,-89.45958096454797,239.60151772596612,-129.67354455445548,2025-11-25
2025,11,4,2,48,0,850.2343234323431,846.8333861386138,799.0412673267326,1061.0924356435644,1100.8297029702971,823.0268250825081,894.625504950495,832.0363256325631,28.625111319822423,929.8281892189219,123.99951205886295,914.911797579758,117.83771564118997,3.400937293729271,-44.39118151815194,0.00401606425702794,-0.04961984793917584,-0.5000000000000004,0.8660254037844384,-2.4492935982947064e-16,1.0,26,330,0,0,0,0,4,-0.5667017562911184,0.8239230057575536,0.9749279121818236,-0.22252093395631434,846.8333861386138,826.4277623762375,802.621201320132,706.0058767167038,753.2214116895559,641.319603960396,607.3102310231023,638.6965186841265,641.7897796231236,658.6930693069307,921.7818613861385,115.1800166413912,908.7151023102309,109.90725721543484,873.7606212995491,109.53986356228182,882.5132967407338,108.14711620790395,824.8554725707593,116.91947960026134,778.5293139470629,124.97310709808603,771.2756942948058,125.65101467829327,716.7707341105078,118.42025491480643,661.3841748743998,118.08438460271167,0.028806584362139898,23.80656105610558,0.20428788409860954,144.22844671563928,0.376842499064721,232.7095709570956,144.22844671563928,211.53780474821656,232.7095709570956,2025-11-26
2025,11,4,3,48,0,898.5634323432342,850.2343234323431,846.8333861386138,799.0412673267326,1061.0924356435644,826.4277623762375,1069.5052805280527,865.2103806380637,28.9346010367192,926.0990913091309,124.65505030851298,900.6666435643564,107.31264037365722,48.32910891089114,-170.94184818481847,0.05684210526315803,-0.15983263598326358,-0.5000000000000004,0.8660254037844384,-2.4492935982947064e-16,1.0,27,331,0,0,0,0,4,-0.5524353131676203,0.8335557718385695,0.43388373911755823,-0.900968867902419,850.2343234323431,873.5038943894389,848.4443564356435,749.2249185563717,797.0714787607792,679.2801022037687,640.5524752475249,670.1116767805814,765.5820824017885,675.1603960396039,925.361795379538,113.81069022663115,912.2950363036304,108.60157884648368,878.7385717591113,107.05027952139451,886.1380093686787,106.87063649618162,828.7712463232498,115.62015159506284,781.600872960107,124.71147994007936,773.8140471343909,125.8916921354797,717.5095193879603,119.13910594746136,662.0047388641322,118.74217215024125,0.028688524590164022,25.05953795379537,0.19932400816915208,149.33851378686256,0.6048953588169272,338.67432343234316,149.33851378686256,228.4517555626528,338.67432343234316,2025-11-27
2025,11,4,4,48,0,947.2505346534653,898.5634323432342,850.2343234323431,846.8333861386138,799.0412673267326,873.5038943894389,1031.0209900990096,898.6827634763475,48.508215694499334,900.5025632563256,93.46647661167532,893.6857722772276,100.57518359417425,48.68710231023101,-83.77045544554437,0.054183266932270824,-0.08124999999999982,-0.5000000000000004,0.8660254037844384,-2.4492935982947064e-16,1.0,28,332,0,0,0,0,4,-0.5380051715382992,0.8429415373547832,-0.433883739117558,-0.9009688679024191,898.5634323432342,920.93801980198,894.625504950495,753.2214116895559,841.3422293197061,717.6612839348452,673.9225742574258,797.1333439795593,736.4435643564357,699.8613861386139,929.1207260726072,114.07444897677381,916.0539669966996,108.85339426198213,885.2062091912416,105.0480234335802,889.9204488448843,107.10041612105901,832.8710543717965,115.67915787610916,784.8547772505361,125.4318290046604,775.4820159196564,127.19188150045905,718.6806692229437,120.35618007668941,662.6919309433401,119.67406492547003,0.028571428571428692,26.312514851485275,0.25759905381431114,194.02912296390934,0.4749494949494948,305.0247920792078,194.02912296390934,150.11719067390595,305.0247920792078,2025-11-28
2025,11,4,5,48,1,1132.1541254125414,947.2505346534653,898.5634323432342,850.2343234323431,846.8333861386138,920.93801980198,776.4876831683168,992.6560308030803,123.23715869247128,912.3461782178216,118.92150612478196,923.3246424642465,114.35958239842147,184.9035907590761,355.6664422442245,0.19520030234315966,0.4580451821115723,-0.5000000000000004,0.8660254037844384,-2.4492935982947064e-16,1.0,29,333,0,0,0,0,5,-0.5234156073655503,0.8520775211013093,-0.9749279121818236,-0.2225209339563146,947.2505346534653,1100.8297029702971,1069.5052805280527,797.0714787607792,1006.8564356435644,859.6172149473011,803.8869636963698,764.6541041200895,552.7929504950496,683.3940594059407,933.5956435643565,122.25403452817649,920.5288844884487,116.65512062408298,896.3756307463004,112.8762509570596,894.3953663366336,114.52735543035094,837.7377849158187,122.36460807249433,788.762719651919,131.0211375079271,779.5653494895727,132.6234457761524,721.8993424169299,123.5983085134046,663.9384866822473,122.2008295125268,0.028455284552845406,31.324422442244213,0.4203922177377628,335.08264665176216,0.9097650891632376,539.3303630363038,335.08264665176216,367.50002129245183,539.3303630363038,2025-11-29
2025,11,4,6,48,1,1091.1638811881187,1132.1541254125414,947.2505346534653,898.5634323432342,850.2343234323431,1100.8297029702971,823.0268250825081,1056.8561804180417,97.10869280345442,961.0332805280527,122.98519225522033,945.669397139714,119.07910132480019,-40.99024422442267,268.13705610561055,-0.03620553359683809,0.325793823401479,-0.5000000000000004,0.8660254037844384,-2.4492935982947064e-16,1.0,30,334,0,1,0,0,5,-0.5086709438521042,0.8609610158889945,-0.7818314824680299,0.6234898018587334,1132.1541254125414,1061.0924356435644,1031.0209900990096,841.3422293197061,970.8780990099008,830.2807282018524,773.2657425742574,573.0451485148516,583.9895181518152,724.5623762376238,937.8915643564354,127.87977864626492,924.824805280528,122.02107345794101,904.7030191419141,117.78469811429221,898.6912871287128,119.64413447379042,842.3964126477164,126.95555221244156,792.5472213020842,135.09594598097445,785.3222242970534,134.7856968104213,724.7169777671315,126.19062333604394,664.9568241959987,124.21828324115225,0.028340080971659853,30.071445544554308,0.29693226271360906,249.82165186841257,0.7669961840628505,473.6391287128712,249.82165186841257,518.1187326732671,473.6391287128712,2025-11-30
2025,12,4,0,49,0,821.5948514851485,1091.1638811881187,1132.1541254125414,947.2505346534653,898.5634323432342,1061.0924356435644,826.4277623762375,1014.9709526952696,168.7180708158247,956.8268580858085,128.00162752643877,945.2666545654565,119.52638928663008,-269.56902970297017,-4.832910891089,-0.24704724409448808,-0.005847953216374102,-2.4492935982947064e-16,1.0,-2.4492935982947064e-16,1.0,1,335,1,0,0,0,1,-0.4937755501599774,0.8695893893466109,0.0,1.0,1091.1638811881187,799.0412673267326,776.4876831683168,1006.8564356435644,731.380514851485,626.4966975407218,581.1000000000001,606.0956105610562,584.4753663366337,864.5346534653465,941.113504950495,124.02437989550991,928.0467458745874,118.34306054503223,898.5276330033001,117.0987504565167,901.9132277227721,116.1349329066234,845.8803082538668,123.55451424212073,795.410255248336,133.0943684596204,787.7166603073209,133.47376576071878,726.0343082401788,125.95588457840282,664.8375469682759,124.04660750158016,0.02822580645161299,22.5535841584159,-0.18400000000000005,-185.26158415841587,0.24731060606060606,162.9017821782178,-185.26158415841587,215.4992409240923,162.9017821782178,2025-12-01
2025,12,4,2,1,0,912.8831683168316,821.5948514851485,1091.1638811881187,1132.1541254125414,947.2505346534653,799.0412673267326,873.5038943894389,941.8806336633662,137.10399407435935,967.2683322332232,119.86410336670525,948.5482607260725,117.906628798347,91.28831683168312,39.379273927392774,0.11111111111111116,0.04508196721311486,-2.4492935982947064e-16,1.0,-2.4492935982947064e-16,1.0,31,365,0,1,0,1,5,6.432490598706546e-16,1.0,0.9749279121818236,-0.22252093395631434,821.5948514851485,846.8333861386138,823.0268250825081,970.8780990099008,775.4137029702969,665.2985627595017,614.5979537953796,607.3102310231023,615.7486468646865,979.8059405940594,950.5491881188118,118.02349140184764,934.4650561056105,114.58623362181103,896.5944686468646,116.33939367891442,906.8228514851484,113.46413983892762,850.3014619245334,121.38589825926829,798.9612697069246,132.18820043939843,791.1119151661402,132.717474020544,727.6850555815797,126.44855569117325,664.651650378617,123.62270121161723,0.07799619530754587,66.04978217821781,-0.0597345132743361,-57.994930693069136,0.35209821795187657,237.7227722772277,-57.994930693069136,305.5729372937293,237.7227722772277,2025-12-31
