year,month,quarter,day_of_week,week_of_year,is_weekend,y,lag_1,lag_2,lag_3,lag_4,lag_8,lag_12,rolling_mean_3,rolling_std_3,rolling_mean_6,rolling_std_6,rolling_mean_12,rolling_std_12,diff_1,diff_12,pct_change_1,pct_change_12,month_sin,month_cos,quarter_sin,quarter_cos,day_of_month,day_of_year,is_month_start,is_month_end,is_quarter_start,is_quarter_end,week_of_month,day_of_year_sin,day_of_year_cos,day_of_week_sin,day_of_week_cos,lag_1d,lag_7d,lag_14d,lag_30d,lag_4w,lag_8w,lag_12w,lag_3m,lag_6m,lag_12m,rolling_mean_7d,rolling_std_7d,rolling_mean_14d,rolling_std_14d,rolling_mean_30d,rolling_std_30d,rolling_mean_4w,rolling_std_4w,rolling_mean_8w,rolling_std_8w,rolling_mean_12w,rolling_std_12w,rolling_mean_3m,rolling_std_3m,rolling_mean_6m,rolling_std_6m,rolling_mean_12m,rolling_std_12m,pct_change_1w,diff_1w,pct_change_1m,diff_1m,pct_change_1y,diff_1y,momentum_30d,momentum_90d,yoy_change,index
2015,1,1,5,5,1,4227.178217821782,,,,,,,4227.178217821782,,4227.178217821782,,4227.178217821782,,,,,,0.49999999999999994,0.8660254037844387,1.0,6.123233995736766e-17,31,31,0,1,0,0,5,0.5086709438521044,0.8609610158889943,-0.9749279121818236,-0.2225209339563146,,,,,,,,,,,4227.178217821782,,4227.178217821782,,4227.178217821782,,4227.178217821782,,4227.178217821782,,4227.178217821782,,4227.178217821782,,4227.178217821782,,4227.178217821782,,,,,,,,,,,2015-01-31
2015,2,1,5,9,1,3832.641584158416,4227.178217821782,,,,,,4029.9099009900992,278.97952908987867,4029.9099009900992,278.97952908987867,4029.9099009900992,278.97952908987867,-394.5366336633656,,-0.09333333333333316,,0.8660254037844386,0.5000000000000001,1.0,6.123233995736766e-17,28,59,0,1,0,0,4,0.8498170915275278,0.5270777086423722,-0.9749279121818236,-0.2225209339563146,4227.178217821782,,,,,,,,,,4029.9099009900992,278.97952908987867,4029.9099009900992,278.97952908987867,4029.9099009900992,278.97952908987867,4029.9099009900992,278.97952908987867,4029.9099009900992,278.97952908987867,4029.9099009900992,278.97952908987867,4029.9099009900992,278.97952908987867,4029.9099009900992,278.97952908987867,4029.9099009900992,278.97952908987867,,,,,,,,,,2015-02-28
2015,3,1,1,14,0,4396.265346534654,3832.641584158416,4227.178217821782,,,,,4152.028382838284,289.22925103163675,4152.028382838284,289.22925103163675,4152.028382838284,289.22925103163675,563.6237623762377,,0.1470588235294117,,1.0,6.123233995736766e-17,1.0,6.123233995736766e-17,31,90,0,1,0,1,5,0.9997685019798909,0.021516097436222254,0.7818314824680298,0.6234898018587336,3832.641584158416,,,,,,,,,,4152.028382838284,289.22925103163675,4152.028382838284,289.22925103163675,4152.028382838284,289.22925103163675,4152.028382838284,289.22925103163675,4152.028382838284,289.22925103163675,4152.028382838284,289.22925103163675,4152.028382838284,289.22925103163675,4152.028382838284,289.22925103163675,4152.028382838284,289.22925103163675,,,,,,,,,,2015-03-31
2015,4,2,3,18,0,4058.0910891089106,4396.265346534654,3832.641584158416,4227.178217821782,,,,4095.6660066006602,283.6844059816653,4128.544059405941,240.78017683462656,4128.544059405941,240.78017683462656,-338.17425742574324,,-0.0769230769230771,,0.8660254037844387,-0.49999999999999983,1.2246467991473532e-16,-1.0,30,120,0,1,0,0,5,0.8800122039735357,-0.47495107206704995,0.43388373911755823,-0.900968867902419,4396.265346534654,,,,,,,,,,4128.544059405941,240.78017683462656,4128.544059405941,240.78017683462656,4128.544059405941,240.78017683462656,4128.544059405941,240.78017683462656,4128.544059405941,240.78017683462656,4128.544059405941,240.78017683462656,4128.544059405941,240.78017683462656,4128.544059405941,240.78017683462656,4128.544059405941,240.78017683462656,,,,,,,,,,2015-04-30
2015,5,2,6,22,1,4227.178217821782,4058.0910891089106,4396.265346534654,3832.641584158416,4227.178217821782,,,4227.178217821783,169.08712871287068,4148.270891089109,213.13624658575972,4148.270891089109,213.13624658575972,169.08712871287116,,0.04166666666666674,,0.49999999999999994,-0.8660254037844387,1.2246467991473532e-16,-1.0,31,151,0,1,0,0,5,0.5160623910158528,-0.8565509959010036,-0.7818314824680299,0.6234898018587334,4058.0910891089106,,,,,,,,,,4148.270891089109,213.13624658575972,4148.270891089109,213.13624658575972,4148.270891089109,213.13624658575972,4148.270891089109,213.13624658575972,4148.270891089109,213.13624658575972,4148.270891089109,213.13624658575972,4148.270891089109,213.13624658575972,4148.270891089109,213.13624658575972,4148.270891089109,213.13624658575972,,,,,,,,,,2015-05-31
2015,6,2,1,27,0,4508.990099009901,4227.178217821782,4058.0910891089106,4396.265346534654,3832.641584158416,,,4264.753135313531,227.78583165071277,4208.390759075907,240.89009703064445,4208.390759075907,240.89009703064445,281.8118811881195,,0.06666666666666687,,1.2246467991473532e-16,-1.0,1.2246467991473532e-16,-1.0,30,181,0,1,0,1,5,0.02581844022713308,-0.9996666485105112,0.7818314824680298,0.6234898018587336,4227.178217821782,,,,,,,,,,4208.390759075907,240.89009703064445,4208.390759075907,240.89009703064445,4208.390759075907,240.89009703064445,4208.390759075907,240.89009703064445,4208.390759075907,240.89009703064445,4208.390759075907,240.89009703064445,4208.390759075907,240.89009703064445,4208.390759075907,240.89009703064445,4208.390759075907,240.89009703064445,,,,,,,,,,2015-06-30
2015,7,3,4,31,0,4621.714851485149,4508.990099009901,4227.178217821782,4058.0910891089106,4396.265346534654,,,4452.627722772278,203.21743753174422,4274.14686468647,294.849398319399,4267.437057991514,269.744243588154,112.72475247524744,,0.02499999999999991,,-0.4999999999999998,-0.8660254037844388,-1.0,-1.8369701987210297e-16,31,212,0,1,0,0,5,-0.4862727071086902,-0.8738071036110807,-0.433883739117558,-0.9009688679024191,4508.990099009901,,,,,,,,,,4267.437057991514,269.744243588154,4267.437057991514,269.744243588154,4267.437057991514,269.744243588154,4267.437057991514,269.744243588154,4267.437057991514,269.744243588154,4267.437057991514,269.744243588154,4267.437057991514,269.744243588154,4267.437057991514,269.744243588154,4267.437057991514,269.744243588154,,,,,,,,,,2015-07-31
2015,8,3,0,36,0,4790.80198019802,4621.714851485149,4508.990099009901,4227.178217821782,4058.0910891089106,,,4640.502310231023,141.84220299082884,4433.840264026403,265.96035168430495,4332.857673267326,310.8154547236229,169.08712871287116,,0.03658536585365857,,-0.8660254037844384,-0.5000000000000004,-1.0,-1.8369701987210297e-16,31,243,0,1,0,0,5,-0.8631421280499115,-0.5049610547215202,0.0,1.0,4621.714851485149,4227.178217821782,,,,,,,,,4347.954738330976,332.5357452834576,4332.857673267326,310.8154547236229,4332.857673267326,310.8154547236229,4332.857673267326,310.8154547236229,4332.857673267326,310.8154547236229,4332.857673267326,310.8154547236229,4332.857673267326,310.8154547236229,4332.857673267326,310.8154547236229,4332.857673267326,310.8154547236229,0.13333333333333353,563.6237623762381,,,,,,,,2015-08-31
2015,9,3,2,40,0,4678.0772277227725,4790.80198019802,4621.714851485149,4508.990099009901,4227.178217821782,4227.178217821782,,4696.864686468648,86.09495181882347,4480.808910891089,282.37494245117017,4371.215401540154,312.68563110165366,-112.72475247524744,,-0.02352941176470591,,-1.0,-1.8369701987210297e-16,-1.0,-1.8369701987210297e-16,30,273,0,1,0,1,5,-0.9999166586547379,-0.012910296075008843,0.9749279121818236,-0.22252093395631434,4790.80198019802,3832.641584158416,,,,,,,,,4468.73125884017,259.74492845294634,4371.215401540154,312.68563110165366,4371.215401540154,312.68563110165366,4371.215401540154,312.68563110165366,4371.215401540154,312.68563110165366,4371.215401540154,312.68563110165366,4371.215401540154,312.68563110165366,4371.215401540154,312.68563110165366,4371.215401540154,312.68563110165366,0.22058823529411753,845.4356435643563,,,,,,,,2015-09-30
2015,10,4,5,44,1,4959.889108910891,4678.0772277227725,4790.80198019802,4621.714851485149,4508.990099009901,3832.641584158416,,4809.5894389438945,141.84220299082702,4631.108580858086,250.58554433598206,4430.082772277228,348.6579813376751,281.8118811881186,,0.06024096385542155,,-0.8660254037844386,0.5000000000000001,-2.4492935982947064e-16,1.0,31,304,0,1,0,0,5,-0.867456354729597,0.4975132889071803,-0.9749279121818236,-0.2225209339563146,4678.0772277227725,4396.265346534654,,,,,,,,,4549.2489391796325,315.0152415495807,4430.082772277228,348.6579813376751,4430.082772277228,348.6579813376751,4430.082772277228,348.6579813376751,4430.082772277228,348.6579813376751,4430.082772277228,348.6579813376751,4430.082772277228,348.6579813376751,4430.082772277228,348.6579813376751,4430.082772277228,348.6579813376751,0.1282051282051282,563.6237623762372,,,,,,,,2015-10-31
2015,11,4,0,49,0,5918.049504950494,4959.889108910891,4678.0772277227725,4790.80198019802,4621.714851485149,4396.265346534654,,5185.338613861386,650.0026319447794,4912.920462046205,515.8517540532865,4565.352475247524,557.3894214225926,958.1603960396033,,0.19318181818181812,,-0.5000000000000004,0.8660254037844384,-2.4492935982947064e-16,1.0,30,334,0,1,0,0,5,-0.5086709438521042,0.8609610158889945,0.0,1.0,4959.889108910891,4058.0910891089106,,,,,,,,,4814.957284299859,537.5221076002481,4565.352475247524,557.3894214225926,4565.352475247524,557.3894214225926,4565.352475247524,557.3894214225926,4565.352475247524,557.3894214225926,4565.352475247524,557.3894214225926,4565.352475247524,557.3894214225926,4565.352475247524,557.3894214225926,4565.352475247524,557.3894214225926,0.45833333333333326,1859.9584158415837,,,,,,,,2015-11-30
2015,12,4,3,53,0,6707.122772277227,5918.049504950494,4959.889108910891,4678.0772277227725,4790.80198019802,4058.0910891089106,,5861.687128712871,874.9793750092034,5279.275907590759,846.3119374998868,4743.833333333333,815.2938497554825,789.073267326733,,0.1333333333333333,,-2.4492935982947064e-16,1.0,-2.4492935982947064e-16,1.0,31,365,0,1,0,1,5,6.432490598706546e-16,1.0,0.43388373911755823,-0.900968867902419,5918.049504950494,4227.178217821782,,,,,,,,,5169.2350777934935,825.6105634738691,4743.833333333333,815.2938497554825,4743.833333333333,815.2938497554825,4743.833333333333,815.2938497554825,4743.833333333333,815.2938497554825,4743.833333333333,815.2938497554825,4743.833333333333,815.2938497554825,4743.833333333333,815.2938497554825,4743.833333333333,815.2938497554825,0.5866666666666667,2479.9445544554455,,,,,,,,2015-12-31
2016,1,1,6,4,1,4365.3712871287125,6707.122772277227,5918.049504950494,4959.889108910891,4678.0772277227725,4227.178217821782,4227.178217821782,5663.514521452144,1191.4449412025692,5236.55198019802,891.4148963011614,4755.349422442244,808.2784311155649,-2341.751485148515,138.19306930693074,-0.34914397196183045,0.032691564487228986,0.49999999999999994,0.8660254037844387,1.0,6.123233995736766e-17,31,31,0,1,0,0,5,0.5086709438521044,0.8609610158889943,-0.7818314824680299,0.6234898018587334,6707.122772277227,4508.990099009901,,,,,,,,,5148.71810466761,846.278495704094,4714.72086824067,787.610322073921,4714.72086824067,787.610322073921,4714.72086824067,787.610322073921,4714.72086824067,787.610322073921,4714.72086824067,787.610322073921,4714.72086824067,787.610322073921,4714.72086824067,787.610322073921,4714.72086824067,787.610322073921,-0.031851658293222895,-143.61881188118878,,,,,,,,2016-01-31
2016,2,1,0,9,0,3957.9366336633666,4365.3712871287125,6707.122772277227,5918.049504950494,4959.889108910891,4508.990099009901,3832.641584158416,5010.1435643564355,1483.6794038126,5097.74108910891,1028.9466407663976,4765.790676567657,795.9912863672329,-407.43465346534595,125.29504950495038,-0.09333333333333316,0.032691564487228986,0.8660254037844386,0.5000000000000001,1.0,6.123233995736766e-17,29,60,0,1,0,0,5,0.8587639582758029,0.5123714121284237,0.0,1.0,4365.3712871287125,4621.714851485149,,,,,,,,,5053.892644978783,946.4326672592596,4660.664851485149,783.275856195718,4660.664851485149,783.275856195718,4660.664851485149,783.275856195718,4660.664851485149,783.275856195718,4660.664851485149,783.275856195718,4660.664851485149,783.275856195718,4660.664851485149,783.275856195718,4660.664851485149,783.275856195718,-0.14362162944961498,-663.7782178217822,,,,,,,,2016-02-29
2016,3,1,3,13,0,4539.986138613861,3957.9366336633666,4365.3712871287125,6707.122772277227,5918.049504950494,4621.714851485149,4396.265346534654,4287.764686468647,298.6846077433244,5074.725907590759,1041.676589396978,4777.767409240924,790.9913700262698,582.0495049504943,143.72079207920706,0.1470588235294117,0.032691564487228764,1.0,6.123233995736766e-17,1.0,6.123233995736766e-17,31,91,0,1,0,1,5,0.9999907397361901,0.004303538296244289,0.43388373911755823,-0.900968867902419,3957.9366336633666,4790.80198019802,4227.178217821782,,,,,,,,5018.06181046676,962.6616764998905,4683.008274398869,774.3700844606741,4652.6196039603965,755.4263853382505,4652.6196039603965,755.4263853382505,4652.6196039603965,755.4263853382505,4652.6196039603965,755.4263853382505,4652.6196039603965,755.4263853382505,4652.6196039603965,755.4263853382505,4652.6196039603965,755.4263853382505,-0.052353623176425224,-250.815841584159,,,,,,,,2016-03-31
2016,4,2,5,17,1,4190.756435643564,4539.986138613861,3957.9366336633666,4365.3712871287125,6707.122772277227,4790.80198019802,4058.0910891089106,4229.5597359735975,292.9584930338296,4946.537128712871,1104.0897557092849,4788.822854785479,780.880739635299,-349.2297029702968,132.6653465346535,-0.07692307692307687,0.032691564487228986,0.8660254037844387,-0.49999999999999983,1.2246467991473532e-16,-1.0,30,121,0,1,0,0,5,0.8717063187093218,-0.49002866642905923,-0.9749279121818236,-0.2225209339563146,4539.986138613861,4678.0772277227725,3832.641584158416,,,,,,,,4948.4445544554455,1007.9040753609617,4708.587906647807,749.6391582664091,4623.753155940594,738.8888761024981,4623.753155940594,738.8888761024981,4623.753155940594,738.8888761024981,4623.753155940594,738.8888761024981,4623.753155940594,738.8888761024981,4623.753155940594,738.8888761024981,4623.753155940594,738.8888761024981,-0.10417117297493395,-487.32079207920833,,,,,,,,2016-04-30
2016,5,2,1,22,0,4365.3712871287125,4190.756435643564,4539.986138613861,3957.9366336633666,4365.3712871287125,4678.0772277227725,4227.178217821782,4365.3712871287125,174.6148514851389,4687.757425742574,1008.68099749484,4800.33894389439,772.8222842335515,174.6148514851484,138.19306930693074,0.04166666666666674,0.032691564487228986,0.49999999999999994,-0.8660254037844387,1.2246467991473532e-16,-1.0,31,152,0,1,0,0,5,0.5012418134457758,-0.865307254363206,0.7818314824680298,0.6234898018587336,4190.756435643564,4959.889108910891,4396.265346534654,,,,,,,,4863.513437057991,1031.5501397656453,4706.381188118811,750.6740238329392,4608.5542224810715,718.1654418429509,4608.5542224810715,718.1654418429509,4608.5542224810715,718.1654418429509,4608.5542224810715,718.1654418429509,4608.5542224810715,718.1654418429509,4608.5542224810715,718.1654418429509,4608.5542224810715,718.1654418429509,-0.1198651439029299,-594.5178217821785,,,,,,,,2016-05-31
2016,6,2,3,26,0,4656.39603960396,4365.3712871287125,4190.756435643564,4539.986138613861,3957.9366336633666,4959.889108910891,4508.990099009901,4404.174587458746,235.2325068553927,4345.969636963696,248.7651711720594,4812.622772277227,768.9320701815649,291.0247524752476,147.40594059405885,0.06666666666666665,0.032691564487228986,1.2246467991473532e-16,-1.0,1.2246467991473532e-16,-1.0,30,182,0,1,0,1,5,0.008606996888688698,-0.9999629591162655,0.43388373911755823,-0.900968867902419,4365.3712871287125,5918.049504950494,4058.0910891089106,,,,,,,,4683.277227722771,920.8718518209054,4749.117256011315,727.6040043215062,4611.212101210121,696.8140654789113,4611.212101210121,696.8140654789113,4611.212101210121,696.8140654789113,4611.212101210121,696.8140654789113,4611.212101210121,696.8140654789113,4611.212101210121,696.8140654789113,4611.212101210121,696.8140654789113,-0.21318737943830168,-1261.6534653465342,,,,,,,,2016-06-30
2016,7,3,6,30,1,4772.805940594059,4656.39603960396,4365.3712871287125,4190.756435643564,4539.986138613861,5918.049504950494,4621.714851485149,4598.19108910891,209.86093349573704,4413.875412541253,304.4884864385799,4825.213696369637,766.7557975309703,116.40990099009923,151.09108910891064,0.025000000000000133,0.032691564487228986,-0.4999999999999998,-0.8660254037844388,-1.0,-1.8369701987210297e-16,31,213,0,1,0,0,5,-0.5012418134457756,-0.8653072543632061,-0.7818314824680299,0.6234898018587334,4656.39603960396,6707.122772277227,4227.178217821782,,,,,,,,4406.946251768034,278.56260492247213,4788.090664780764,711.9407091927546,4619.717040125065,678.1955443442497,4619.717040125065,678.1955443442497,4619.717040125065,678.1955443442497,4619.717040125065,678.1955443442497,4619.717040125065,678.1955443442497,4619.717040125065,678.1955443442497,4619.717040125065,678.1955443442497,-0.28839740934493463,-1934.316831683168,,,,,,,,2016-07-31
2016,8,3,2,35,0,4947.420792079208,4772.805940594059,4656.39603960396,4365.3712871287125,4190.756435643564,6707.122772277227,4790.80198019802,4792.207590759076,146.47924651690923,4578.789438943894,274.65501167243906,4838.265264026402,767.4494517279712,174.6148514851484,156.61881188118787,0.03658536585365857,0.032691564487228986,-0.8660254037844384,-0.5000000000000004,-1.0,-1.8369701987210297e-16,31,244,0,1,0,0,5,-0.8717063187093218,-0.4900286664290594,0.9749279121818236,-0.22252093395631434,4772.805940594059,4365.3712871287125,4508.990099009901,,,,,,,,4490.096181046676,343.4068590446985,4819.407142857142,708.353090612317,4636.102227722772,664.1617509162903,4636.102227722772,664.1617509162903,4636.102227722772,664.1617509162903,4636.102227722772,664.1617509162903,4636.102227722772,664.1617509162903,4636.102227722772,664.1617509162903,4636.102227722772,664.1617509162903,0.1333333333333333,582.0495049504952,,,,,,,,2016-08-31
2016,9,3,4,39,0,4831.0108910891095,4947.420792079208,4772.805940594059,4656.39603960396,4365.3712871287125,4365.3712871287125,4678.0772277227725,4850.412541254125,88.90953048822655,4627.293564356435,291.60622109189023,4851.009735973597,765.8155860793444,-116.40990099009832,152.933663366337,-0.0235294117647058,0.03269156448722921,-1.0,-1.8369701987210297e-16,-1.0,-1.8369701987210297e-16,30,274,0,1,0,1,5,-0.9999907397361901,0.004303538296243821,-0.433883739117558,-0.9009688679024191,4947.420792079208,3957.9366336633666,4621.714851485149,,,,,,,,4614.82107496464,268.2363965316946,4834.356859971712,706.0647606525862,4645.383592644978,648.740555416713,4645.383592644978,648.740555416713,4645.383592644978,648.740555416713,4645.383592644978,648.740555416713,4645.383592644978,648.740555416713,4645.383592644978,648.740555416713,4645.383592644978,648.740555416713,0.22058823529411775,873.0742574257429,,,,,,,,2016-09-30
2016,10,4,0,44,0,5122.035643564356,4831.0108910891095,4947.420792079208,4772.805940594059,4656.39603960396,3957.9366336633666,4959.889108910891,4966.8224422442245,146.47924651690923,4782.506765676568,258.7775778182076,4864.521947194719,769.3337139258118,291.0247524752467,162.1465346534651,0.06024096385542155,0.032691564487228986,-0.8660254037844386,0.5000000000000001,-2.4492935982947064e-16,1.0,31,305,0,1,0,0,5,-0.858763958275803,0.5123714121284235,0.0,1.0,4831.0108910891095,4539.986138613861,4790.80198019802,,,,,,,,4697.971004243281,325.3135826331575,4858.01640735502,710.0315278744264,4667.049594959496,641.2100242085055,4667.049594959496,641.2100242085055,4667.049594959496,641.2100242085055,4667.049594959496,641.2100242085055,4667.049594959496,641.2100242085055,4667.049594959496,641.2100242085055,4667.049594959496,641.2100242085055,0.1282051282051282,582.0495049504952,,,,,,,,2016-10-31
2016,11,4,2,48,0,6111.519801980197,5122.035643564356,4831.0108910891095,4947.420792079208,4772.805940594059,4539.986138613861,5918.049504950494,5354.855445544555,671.2522349038709,5073.531518151815,532.715754936768,4880.644471947194,795.0175585509656,989.4841584158412,193.47029702970303,0.19318181818181812,0.032691564487228986,-0.5000000000000004,0.8660254037844384,-2.4492935982947064e-16,1.0,30,335,0,1,0,0,5,-0.4937755501599774,0.8695893893466109,0.9749279121818236,-0.22252093395631434,5122.035643564356,4190.756435643564,4678.0772277227725,,,,,,,,4972.365770862801,555.0945462441729,4960.405162659124,781.8127981948296,4729.852647438657,695.1106268661401,4729.852647438657,695.1106268661401,4729.852647438657,695.1106268661401,4729.852647438657,695.1106268661401,4729.852647438657,695.1106268661401,4729.852647438657,695.1106268661401,4729.852647438657,695.1106268661401,0.45833333333333326,1920.7633663366332,,,,,,,,2016-11-30
2016,12,4,5,52,1,6926.389108910891,6111.519801980197,5122.035643564356,4831.0108910891095,4947.420792079208,4190.756435643564,6707.122772277227,6053.314851485148,903.5838196723132,5451.863696369637,873.9791987809743,4898.916666666667,841.9470812208052,814.8693069306937,219.26633663366374,0.13333333333333353,0.032691564487228986,-2.4492935982947064e-16,1.0,-2.4492935982947064e-16,1.0,31,366,0,1,0,1,5,0.017213356155833904,0.9998518392091162,-0.9749279121818236,-0.2225209339563146,6111.519801980197,4365.3712871287125,4959.889108910891,,,,,,,,5338.225459688825,852.6010644510133,5100.869448373408,941.9650434975338,4821.375,814.3728843863341,4821.375,814.3728843863341,4821.375,814.3728843863341,4821.375,814.3728843863341,4821.375,814.3728843863341,4821.375,814.3728843863341,4821.375,814.3728843863341,0.5866666666666669,2561.0178217821785,,,,,,,,2016-12-31
2017,1,1,1,5,0,4581.757425742574,6926.389108910891,6111.519801980197,5122.035643564356,4831.0108910891095,4365.3712871287125,4365.3712871287125,5873.2221122112205,1190.3418728000347,5420.022277227723,906.5407249734471,4916.948844884489,831.7364727976404,-2344.631683168317,216.38613861386148,-0.3385070700333479,0.049568782213754714,0.49999999999999994,0.8660254037844387,1.0,6.123233995736766e-17,31,31,0,1,0,0,5,0.5086709438521044,0.8609610158889943,0.7818314824680298,0.6234898018587336,6926.389108910891,4656.39603960396,5918.049504950494,,,,,,,,5327.562800565771,862.95308223277,5005.420014144271,920.2433451360868,4811.790297029703,798.665381526237,4811.790297029703,798.665381526237,4811.790297029703,798.665381526237,4811.790297029703,798.665381526237,4811.790297029703,798.665381526237,4811.790297029703,798.665381526237,4811.790297029703,798.665381526237,-0.016029266674604914,-74.63861386138615,,,,,,,,2017-01-31
2017,2,1,1,9,0,4154.126732673268,4581.757425742574,6926.389108910891,6111.519801980197,5122.035643564356,4656.39603960396,3957.9366336633666,5220.757755775578,1492.5149034473259,5287.806600660066,1037.625547618571,4933.2980198019795,812.8863707555727,-427.6306930693063,196.19009900990113,-0.09333333333333316,0.049568782213754714,0.8660254037844386,0.5000000000000001,1.0,6.123233995736766e-17,28,59,0,1,0,0,4,0.8498170915275278,0.5270777086423722,0.7818314824680298,0.6234898018587336,4581.757425742574,4772.805940594059,6707.122772277227,,,,,,,,5239.180056577087,955.9153203876366,4823.06315417256,802.5139930825212,4786.495544554456,793.0871156782821,4786.495544554456,793.0871156782821,4786.495544554456,793.0871156782821,4786.495544554456,793.0871156782821,4786.495544554456,793.0871156782821,4786.495544554456,793.0871156782821,4786.495544554456,793.0871156782821,-0.12962588792030083,-618.6792079207917,,,,,,,,2017-02-28
2017,3,1,4,13,0,4765.027722772277,4154.126732673268,4581.757425742574,6926.389108910891,6111.519801980197,4772.805940594059,4539.986138613861,4500.30396039604,313.4900400151542,5276.809405940594,1043.7666109324146,4952.051485148515,805.5504677373509,610.9009900990095,225.0415841584163,0.1470588235294117,0.049568782213754936,1.0,6.123233995736766e-17,1.0,6.123233995736766e-17,31,90,0,1,0,1,5,0.9997685019798909,0.021516097436222254,-0.433883739117558,-0.9009688679024191,4154.126732673268,4947.420792079208,4365.3712871287125,,,,,,,,5213.123903818953,967.6077979625065,4851.610042432815,792.0203249500225,4785.700440044005,777.696874025195,4785.700440044005,777.696874025195,4785.700440044005,777.696874025195,4785.700440044005,777.696874025195,4785.700440044005,777.696874025195,4785.700440044005,777.696874025195,4785.700440044005,777.696874025195,-0.03686629396855445,-182.39306930693056,,,,,,,,2017-03-31
2017,4,2,6,17,1,4398.487128712871,4765.027722772277,4154.126732673268,4581.757425742574,6926.389108910891,4947.420792079208,4190.756435643564,4439.213861386139,307.4800887726936,5156.217986798679,1105.2135588579365,4969.362376237624,789.7810086405534,-366.54059405940643,207.73069306930665,-0.07692307692307698,0.049568782213754714,0.8660254037844387,-0.49999999999999983,1.2246467991473532e-16,-1.0,30,120,0,1,0,0,5,0.8800122039735357,-0.47495107206704995,-0.7818314824680299,0.6234898018587334,4765.027722772277,4831.0108910891095,3957.9366336633666,,,,,,,,5151.334794908063,1009.0000468338981,4883.07793493635,761.9638369430695,4771.871393210749,766.6594802087754,4771.871393210749,766.6594802087754,4771.871393210749,766.6594802087754,4771.871393210749,766.6594802087754,4771.871393210749,766.6594802087754,4771.871393210749,766.6594802087754,4771.871393210749,766.6594802087754,-0.08953069494710453,-432.52376237623866,,,,,,,,2017-04-30
2017,5,2,2,22,0,4581.757425742574,4398.487128712871,4765.027722772277,4154.126732673268,4581.757425742574,4831.0108910891095,4365.3712871287125,4581.757425742574,183.27029702969222,4901.257590759075,1013.3962315150872,4987.394554455445,777.1056384379235,183.27029702970322,216.38613861386148,0.04166666666666674,0.049568782213754714,0.49999999999999994,-0.8660254037844387,1.2246467991473532e-16,-1.0,31,151,0,1,0,0,5,0.5160623910158528,-0.8565509959010036,0.9749279121818236,-0.22252093395631434,4398.487128712871,5122.035643564356,4539.986138613861,,4227.178217821782,,,,,,5074.152192362094,1032.0163457451054,4886.061598302687,760.5975885201609,4765.315739160123,753.6719512129384,4784.534936350778,760.2305916811574,4765.315739160123,753.6719512129384,4765.315739160123,753.6719512129384,4765.315739160123,753.6719512129384,4765.315739160123,753.6719512129384,4765.315739160123,753.6719512129384,-0.10548115152236814,-540.2782178217822,,,,,,,,2017-05-31
2017,6,2,4,26,0,4887.20792079208,4581.757425742574,4398.487128712871,4765.027722772277,4154.126732673268,5122.035643564356,4656.39603960396,4622.484158415842,246.89269575730285,4561.39405940594,261.09615776425125,5006.628877887789,771.000692168552,305.45049504950566,230.81188118811951,0.06666666666666687,0.049568782213754936,1.2246467991473532e-16,-1.0,1.2246467991473532e-16,-1.0,30,181,0,1,0,1,5,0.02581844022713308,-0.9996666485105112,-0.433883739117558,-0.9009688679024191,4581.757425742574,6111.519801980197,4190.756435643564,,3832.641584158416,,,,,,4899.250495049505,925.115200433508,4935.808132956153,733.93140470238,4769.378811881188,740.8979158219088,4822.19801980198,737.0960911802739,4769.378811881188,740.8979158219088,4769.378811881188,740.8979158219088,4769.378811881188,740.8979158219088,4769.378811881188,740.8979158219088,4769.378811881188,740.8979158219088,-0.2003285468847581,-1224.3118811881177,,,,,,,,2017-06-30
2017,7,3,0,31,0,5009.388118811881,4887.20792079208,4581.757425742574,4398.487128712871,4765.027722772277,6111.519801980197,4772.805940594059,4826.117821782179,220.26348440335983,4632.665841584158,319.58160990944685,5026.34405940594,767.4949172106813,122.18019801980154,236.58217821782182,0.02499999999999991,0.049568782213754714,-0.4999999999999998,-0.8660254037844388,-1.0,-1.8369701987210297e-16,31,212,0,1,0,0,5,-0.4862727071086902,-0.8738071036110807,0.0,1.0,4887.20792079208,6926.389108910891,4365.3712871287125,4227.178217821782,4396.265346534654,,,,,,4625.393210749646,292.3706140187723,4981.809335219236,715.3756011417087,4795.4524752475245,734.8983001182227,4844.095261669024,733.0702376400784,4777.121047588629,729.7193110412458,4777.121047588629,729.7193110412458,4777.121047588629,729.7193110412458,4777.121047588629,729.7193110412458,4777.121047588629,729.7193110412458,-0.27676772990312704,-1917.0009900990099,0.1850430383304642,782.2099009900994,,,782.2099009900994,,,2017-07-31
2017,8,3,3,35,0,5192.658415841584,5009.388118811881,4887.20792079208,4581.757425742574,4398.487128712871,6926.389108910891,4947.420792079208,5029.751485148515,153.74004438633398,4805.754455445544,288.26932612994284,5046.7805280528055,768.4667568020552,183.27029702970322,245.23762376237664,0.03658536585365857,0.049568782213754714,-0.8660254037844384,-0.5000000000000004,-1.0,-1.8369701987210297e-16,31,243,0,1,0,0,5,-0.8631421280499115,-0.5049610547215202,0.43388373911755823,-0.900968867902419,5009.388118811881,4581.757425742574,4656.39603960396,3832.641584158416,4058.0910891089106,,,,,,4712.664780763791,360.4291188513961,5020.11379066478,710.9544799208353,4840.786369636963,715.1393093562855,4884.615523338048,719.2409586366127,4790.106590346534,721.6017915663991,4790.106590346534,721.6017915663991,4790.106590346534,721.6017915663991,4790.106590346534,721.6017915663991,4790.106590346534,721.6017915663991,0.13333333333333353,610.9009900990104,0.3548510346765976,1360.0168316831682,,,1360.0168316831682,,,2017-08-31
2017,9,3,5,39,1,5070.478217821782,5192.658415841584,5009.388118811881,4887.20792079208,4581.757425742574,4581.757425742574,4831.0108910891095,5090.8415841584165,93.31666764171266,4856.662871287129,306.06078635736657,5066.736138613861,765.4576199276972,-122.18019801980245,239.46732673267252,-0.02352941176470602,0.04956878221375449,-1.0,-1.8369701987210297e-16,-1.0,-1.8369701987210297e-16,30,273,0,1,0,1,5,-0.9999166586547379,-0.012910296075008843,-0.9749279121818236,-0.2225209339563146,5192.658415841584,4154.126732673268,4772.805940594059,4396.265346534654,4227.178217821782,,,,,,4843.572135785007,281.53254805317744,5041.376096181047,707.4318530195999,4863.260132013201,711.2715672045114,4914.733380480905,708.264095158839,4798.6027002700275,711.9122508838784,4798.6027002700275,711.9122508838784,4798.6027002700275,711.9122508838784,4798.6027002700275,711.9122508838784,4798.6027002700275,711.9122508838784,0.22058823529411753,916.3514851485143,0.15336036798110353,674.2128712871281,,,674.2128712871281,,,2017-09-30
2017,10,4,1,44,0,5375.928712871287,5070.478217821782,5192.658415841584,5009.388118811881,4887.20792079208,4154.126732673268,5122.035643564356,5213.021782178217,153.7400443863324,5019.5698019801985,271.6048672148768,5087.893894389439,770.6165920950327,305.45049504950475,253.89306930693056,0.06024096385542155,0.049568782213754714,-0.8660254037844386,0.5000000000000001,-2.4492935982947064e-16,1.0,31,304,0,1,0,0,5,-0.867456354729597,0.4975132889071803,0.7818314824680298,0.6234898018587336,5070.478217821782,4765.027722772277,4947.420792079208,4058.0910891089106,4508.990099009901,,,,,,4930.843705799151,341.43898076187713,5071.983804809052,712.3071914694747,4907.188052805281,700.4420290686265,4945.695473833097,708.8189984476365,4815.58287711124,707.9999983245737,4815.58287711124,707.9999983245737,4815.58287711124,707.9999983245737,4815.58287711124,707.9999983245737,4815.58287711124,707.9999983245737,0.1282051282051282,610.9009900990095,0.32474323390600657,1317.837623762376,,,1317.837623762376,,,2017-10-31
2017,11,4,3,48,0,6414.460396039603,5375.928712871287,5070.478217821782,5192.658415841584,5009.388118811881,4765.027722772277,6111.519801980197,5620.289108910892,704.5253907463147,5325.020297029702,559.1218261750624,5113.13894389439,811.0974712443655,1038.5316831683167,302.94059405940607,0.19318181818181812,0.049568782213754714,-0.5000000000000004,0.8660254037844384,-2.4492935982947064e-16,1.0,30,334,0,1,0,0,5,-0.5086709438521042,0.8609610158889945,0.43388373911755823,-0.900968867902419,5375.928712871287,4398.487128712871,4831.0108910891095,4227.178217821782,4621.714851485149,,,,,,5218.839886845827,582.6099069149923,5185.087340876945,792.320917398284,4980.097458745875,739.9425686766451,5009.722100424328,757.7496303656717,4861.265091937766,748.0382377758704,4861.265091937766,748.0382377758704,4861.265091937766,748.0382377758704,4861.265091937766,748.0382377758704,4861.265091937766,748.0382377758704,0.4583333333333335,2015.9732673267326,0.5174331588377894,2187.2821782178216,,,2187.2821782178216,,,2017-11-30
2017,12,4,6,52,1,7269.721782178218,6414.460396039603,5375.928712871287,5070.478217821782,5192.658415841584,4398.487128712871,6926.389108910891,6353.370297029703,948.3733692415201,5722.105940594059,917.3012833446992,5141.75,883.681372725346,855.2613861386144,343.33267326732675,0.13333333333333353,0.049568782213754714,-2.4492935982947064e-16,1.0,-2.4492935982947064e-16,1.0,31,365,0,1,0,1,5,6.432490598706546e-16,1.0,-0.7818314824680299,0.6234898018587334,6414.460396039603,4581.757425742574,5122.035643564356,4508.990099009901,4790.80198019802,,,,,,5602.834794908063,894.8634609299991,5338.493493635077,967.6815528077683,5072.121848184818,843.7256845796231,5098.254950495049,868.0157932925541,4928.166666666667,839.4660728184783,4928.166666666667,839.4660728184783,4928.166666666667,839.4660728184783,4928.166666666667,839.4660728184783,4928.166666666667,839.4660728184783,0.5866666666666667,2687.964356435644,0.612272731265151,2760.7316831683165,,,2760.7316831683165,,,2017-12-31
2018,1,1,2,5,0,4650.3712871287125,7269.721782178218,6414.460396039603,5375.928712871287,5070.478217821782,4581.757425742574,4581.757425742574,6111.5178217821785,1335.6945408484307,5662.269801980197,982.4840472166877,5147.467821782178,879.9426369696267,-2619.3504950495053,68.61386138613852,-0.3603095927922392,0.014975446102980516,0.49999999999999994,0.8660254037844387,1.0,6.123233995736766e-17,31,31,0,1,0,0,5,0.5086709438521044,0.8609610158889943,0.9749279121818236,-0.22252093395631434,7269.721782178218,4887.20792079208,6111.519801980197,4621.714851485149,4678.0772277227725,,,,,,5569.00099009901,930.2092514147043,5234.125742574257,956.6264584308958,5073.077062706271,843.2142443382514,5097.26545261669,868.5281571198499,4920.658683435911,828.9836422676841,4920.658683435911,828.9836422676841,4920.658683435911,828.9836422676841,4920.658683435911,828.9836422676841,4920.658683435911,828.9836422676841,-0.04846051927845596,-236.83663366336714,0.006200390237047104,28.656435643563782,,,28.656435643563782,,,2018-01-31
2018,2,1,2,9,0,4216.336633663366,4650.3712871287125,7269.721782178218,6414.460396039603,5375.928712871287,4887.20792079208,4154.126732673268,5378.809900990099,1651.8950714001119,5499.549504950494,1143.476717561974,5152.65198019802,873.7196217698096,-434.0346534653463,62.209900990098504,-0.09333333333333327,0.014975446102980294,0.8660254037844386,0.5000000000000001,1.0,6.123233995736766e-17,28,59,0,1,0,0,4,0.8498170915275278,0.5270777086423722,0.9749279121818236,-0.22252093395631434,4650.3712871287125,5009.388118811881,6926.389108910891,4790.80198019802,4959.889108910891,,,,,,5455.707920792079,1050.2715971829512,5040.550565770863,856.8405665691313,5053.928217821782,856.2674047872606,5070.710007072135,884.1113820637593,4902.123892652423,825.648225880164,4902.123892652423,825.648225880164,4902.123892652423,825.648225880164,4902.123892652423,825.648225880164,4902.123892652423,825.648225880164,-0.15831304469508933,-793.051485148515,-0.1199100586726628,-574.4653465346537,,,-574.4653465346537,,,2018-02-28
2018,3,1,5,13,1,4836.3861386138615,4216.336633663366,4650.3712871287125,7269.721782178218,6414.460396039603,5009.388118811881,4765.027722772277,4567.69801980198,318.1846932132165,5460.534158415841,1164.8386425125898,5158.598514851485,871.0804646287813,620.0495049504952,71.35841584158425,0.1470588235294119,0.014975446102980516,1.0,6.123233995736766e-17,1.0,6.123233995736766e-17,31,90,0,1,0,1,5,0.9997685019798909,0.021516097436222254,-0.9749279121818236,-0.2225209339563146,4216.336633663366,5192.658415841584,4581.757425742574,4678.0772277227725,5918.049504950494,,,,,,5404.811881188119,1073.5186807091818,5058.738330975955,849.0196009097234,5059.205181518151,854.3569347281497,5032.079172560113,869.222026815177,4900.438309215537,814.7800055536779,4900.438309215537,814.7800055536779,4900.438309215537,814.7800055536779,4900.438309215537,814.7800055536779,4900.438309215537,814.7800055536779,-0.06861076710550029,-356.27227722772295,0.03384059372789605,158.308910891089,,,158.308910891089,,,2018-03-31
2018,4,2,0,18,0,4464.356435643564,4836.3861386138615,4216.336633663366,4650.3712871287125,7269.721782178218,5192.658415841584,4398.487128712871,4505.693069306931,312.0847402698428,5308.605445544555,1235.3917019809128,5164.087623762376,866.0481886573042,-372.0297029702979,65.8693069306928,-0.0769230769230771,0.014975446102980516,0.8660254037844387,-0.49999999999999983,1.2246467991473532e-16,-1.0,30,120,0,1,0,0,5,0.8800122039735357,-0.47495107206704995,0.0,1.0,4836.3861386138615,5070.478217821782,4154.126732673268,4959.889108910891,6707.122772277227,,,,,,5318.223055162659,1128.0402046644642,5080.897595473833,827.3655552948092,5042.687425742574,861.1068187600971,4951.980374823196,810.5019551055551,4889.536262376238,807.2164676242729,4889.536262376238,807.2164676242729,4889.536262376238,807.2164676242729,4889.536262376238,807.2164676242729,4889.536262376238,807.2164676242729,-0.1195393720552459,-606.1217821782184,-0.09990801455158704,-495.5326732673275,,,-495.5326732673275,,,2018-04-30
2018,5,2,3,22,0,4650.3712871287125,4464.356435643564,4836.3861386138615,4216.336633663366,4650.3712871287125,5070.478217821782,4581.757425742574,4650.3712871287125,186.01485148512728,5014.590594059406,1124.5133992109204,5169.8054455445545,862.0713854121105,186.01485148514894,68.61386138613852,0.04166666666666674,0.014975446102980516,0.49999999999999994,-0.8660254037844387,1.2246467991473532e-16,-1.0,31,151,0,1,0,0,5,0.5160623910158528,-0.8565509959010036,0.43388373911755823,-0.900968867902419,4464.356435643564,5375.928712871287,4765.027722772277,5918.049504950494,4365.3712871287125,,,,,,5214.571994342291,1154.8693623311433,5072.707850070721,831.2908879858425,5000.431485148514,847.6688092193245,4962.158946251768,804.6305627168064,4883.702970297029,797.937080301103,4883.702970297029,797.937080301103,4883.702970297029,797.937080301103,4883.702970297029,797.937080301103,4883.702970297029,797.937080301103,-0.13496410843495976,-725.5574257425742,-0.21420540952916312,-1267.6782178217818,,,-1267.6782178217818,,,2018-05-31
2018,6,2,5,26,1,4960.39603960396,4650.3712871287125,4464.356435643564,4836.3861386138615,4216.336633663366,5375.928712871287,4887.20792079208,4691.707920792079,250.59002401582768,4629.702970297029,265.0061892025469,5175.904455445544,860.1470472725637,310.0247524752476,73.18811881188049,0.06666666666666665,0.014975446102980294,1.2246467991473532e-16,-1.0,1.2246467991473532e-16,-1.0,30,181,0,1,0,1,5,0.02581844022713308,-0.9996666485105112,-0.9749279121818236,-0.2225209339563146,4650.3712871287125,6414.460396039603,4398.487128712871,6707.122772277227,3957.9366336633666,,,,,,5006.848514851486,1026.7399375550992,5112.844200848655,809.5139289121885,4942.2072607260725,783.9958605544083,4997.961067892503,780.2247949460678,4885.528995756718,788.2349090888798,4885.528995756718,788.2349090888798,4885.528995756718,788.2349090888798,4885.528995756718,788.2349090888798,4885.528995756718,788.2349090888798,-0.22668537439772907,-1454.0643564356433,-0.26042862073333006,-1746.7267326732672,,,-1746.7267326732672,,,2018-06-30
2018,7,3,1,31,0,5084.40594059406,4960.39603960396,4650.3712871287125,4464.356435643564,4836.3861386138615,6414.460396039603,5009.388118811881,4898.391089108911,223.562028342488,4702.04207920792,324.36748708415087,5182.15594059406,859.0987712980598,124.0099009900996,75.01782178217854,0.025000000000000133,0.014975446102980516,-0.4999999999999998,-0.8660254037844388,-1.0,-1.8369701987210297e-16,31,212,0,1,0,0,5,-0.4862727071086902,-0.8738071036110807,0.7818314824680298,0.6234898018587336,4960.39603960396,7269.721782178218,4581.757425742574,4365.3712871287125,4539.986138613861,,,,,,4694.660537482319,296.7489943911067,5148.7476661951905,795.1668989181449,4966.175082508251,776.7101887363244,5017.4046322489385,775.1562792544433,4890.154040985493,779.384943286074,4890.154040985493,779.384943286074,4890.154040985493,779.384943286074,4890.154040985493,779.384943286074,4890.154040985493,779.384943286074,-0.30060515478618144,-2185.315841584158,0.1647132869511969,719.0346534653472,,,719.0346534653472,,,2018-07-31
2018,8,3,4,35,0,5270.420792079209,5084.40594059406,4960.39603960396,4650.3712871287125,4464.356435643564,7269.721782178218,5192.658415841584,5105.074257425743,156.0423701348983,4877.722772277228,292.58628788654545,5188.636138613861,859.4783911678406,186.01485148514894,77.76237623762427,0.03658536585365857,0.014975446102980516,-0.8660254037844384,-0.5000000000000004,-1.0,-1.8369701987210297e-16,31,243,0,1,0,0,5,-0.8631421280499115,-0.5049610547215202,-0.433883739117558,-0.9009688679024191,5084.40594059406,4650.3712871287125,4887.20792079208,3957.9366336633666,4190.756435643564,,,,,,4783.239038189533,365.8267056947004,5176.120014144272,792.0609454912162,5009.924554455445,754.6107239089005,5055.964073550212,759.2016915455602,4898.796467146714,772.3993687319481,4898.796467146714,772.3993687319481,4898.796467146714,772.3993687319481,4898.796467146714,772.3993687319481,4898.796467146714,772.3993687319481,0.13333333333333353,620.0495049504962,0.33160817867895975,1312.484158415842,,,1312.484158415842,,,2018-08-31
2018,9,3,6,39,1,5146.410891089109,5270.420792079209,5084.40594059406,4960.39603960396,4650.3712871287125,4650.3712871287125,5070.478217821782,5167.079207920792,94.71412636846817,4929.3935643564355,310.6441831676982,5194.963861386139,858.8086542152917,-124.0099009900996,75.93267326732712,-0.02352941176470602,0.014975446102980516,-1.0,-1.8369701987210297e-16,-1.0,-1.8369701987210297e-16,30,273,0,1,0,1,5,-0.9999166586547379,-0.012910296075008843,-0.7818314824680299,0.6234898018587334,5270.420792079209,4216.336633663366,5009.388118811881,4539.986138613861,4365.3712871287125,,,,,,4916.106789250354,285.74862355278265,5185.907355021217,790.6875808352893,5030.138712871287,749.6944442836024,5083.858345120227,747.1409785000411,4904.29900990099,764.4633313808961,4904.29900990099,764.4633313808961,4904.29900990099,764.4633313808961,4904.29900990099,764.4633313808961,4904.29900990099,764.4633313808961,0.22058823529411775,930.0742574257429,0.13357414184978111,606.4247524752482,,,606.4247524752482,,,2018-09-30
2018,10,4,2,44,0,5456.435643564356,5146.410891089109,5270.420792079209,5084.40594059406,4960.39603960396,4216.336633663366,5375.928712871287,5291.089108910891,156.04237013489623,5094.740099009901,275.67227126516116,5201.6727722772275,860.6632987350332,310.0247524752467,80.50693069306908,0.06024096385542155,0.014975446102980516,-0.8660254037844386,0.5000000000000001,-2.4492935982947064e-16,1.0,31,304,0,1,0,0,5,-0.867456354729597,0.4975132889071803,0.9749279121818236,-0.22252093395631434,5146.410891089109,4836.3861386138615,5192.658415841584,4190.756435643564,4656.39603960396,,,,,,5004.685289957567,346.55218181573304,5204.748585572844,793.9966647309911,5072.32801980198,736.3230965087984,5112.431188118812,745.4842011401917,4916.30198019802,760.2925127689323,4916.30198019802,760.2925127689323,4916.30198019802,760.2925127689323,4916.30198019802,760.2925127689323,4916.30198019802,760.2925127689323,0.12820512820512797,620.0495049504943,0.3020168858194272,1265.6792079207917,,,1265.6792079207917,,,2018-10-31
2018,11,4,4,48,0,6510.519801980197,5456.435643564356,5146.410891089109,5270.420792079209,5084.40594059406,4836.3861386138615,6414.460396039603,5704.455445544554,715.0759727636147,5404.764851485149,567.4949249479474,5209.677722772277,873.3224036405778,1054.0841584158416,96.05940594059393,0.19318181818181812,0.014975446102980516,-0.5000000000000004,0.8660254037844384,-2.4492935982947064e-16,1.0,30,334,0,1,0,0,5,-0.5086709438521042,0.8609610158889945,-0.433883739117558,-0.9009688679024191,5456.435643564356,4464.356435643564,5070.478217821782,4365.3712871287125,4772.805940594059,,,,,,5296.994342291372,591.3347501750598,5307.6086987270155,865.3361394234602,5143.832970297029,768.7472660609811,5174.492397454031,787.3213514418132,4950.221508321045,787.1172923866766,4950.221508321045,787.1172923866766,4950.221508321045,787.1172923866766,4950.221508321045,787.1172923866766,4950.221508321045,787.1172923866766,0.4583333333333335,2046.1633663366338,0.49140116012043467,2145.148514851485,,,2145.148514851485,,,2018-11-30
2018,12,4,0,1,0,7378.589108910891,6510.519801980197,5456.435643564356,5146.410891089109,5270.420792079209,4464.356435643564,7269.721782178218,6448.514851485149,962.5756835180966,5807.797029702971,931.0382792736225,5218.749999999999,896.9148954948024,868.0693069306935,108.86732673267306,0.13333333333333353,0.014975446102980516,-2.4492935982947064e-16,1.0,-2.4492935982947064e-16,1.0,31,365,0,1,0,1,5,6.432490598706546e-16,1.0,0.0,1.0,6510.519801980197,4650.3712871287125,5375.928712871287,4656.39603960396,4947.420792079208,,,,,,5686.739745403112,908.2644404586825,5450.655869872701,1027.7796671658318,5234.572739273927,863.9868988602058,5261.319837340877,888.8613452756063,5000.8125,853.9468161890153,5000.8125,853.9468161890153,5000.8125,853.9468161890153,5000.8125,853.9468161890153,5000.8125,853.9468161890153,0.5866666666666667,2728.2178217821784,0.5846137326279619,2722.1930693069307,,,2722.1930693069307,,,2018-12-31
2019,1,1,3,5,0,4814.034653465346,7378.589108910891,6510.519801980197,5456.435643564356,5146.410891089109,4650.3712871287125,4650.3712871287125,6234.381188118811,1304.3865566945067,5762.735148514851,978.391224528301,5232.388613861386,888.6929951739495,-2564.5544554455446,163.66336633663377,-0.3475670507724048,0.03519361277445121,0.49999999999999994,0.8660254037844387,1.0,6.123233995736766e-17,31,31,0,1,0,0,5,0.5086709438521044,0.8609610158889943,0.43388373911755823,-0.900968867902419,7378.589108910891,4960.39603960396,6414.460396039603,4772.805940594059,4831.0108910891095,,,,,,5665.830975954738,929.2151280221644,5336.339745403112,1000.9886080670959,5235.947029702971,863.2595511257913,5260.713543140028,889.171466492828,4997.000707213579,845.425888172614,4997.000707213579,845.425888172614,4997.000707213579,845.425888172614,4997.000707213579,845.425888172614,4997.000707213579,845.425888172614,-0.0295059880239521,-146.36138613861385,0.008638254600008999,41.228712871286916,,,41.228712871286916,,,2019-01-31
2019,2,1,3,9,0,4364.724752475247,4814.034653465346,7378.589108910891,6510.519801980197,5456.435643564356,4960.39603960396,4216.336633663366,5519.116171617162,1625.9457402317423,5611.7858085808575,1127.9709538541379,5244.754290429043,874.183861812687,-449.30990099009887,148.3881188118812,-0.09333333333333327,0.03519361277445121,0.8660254037844386,0.5000000000000001,1.0,6.123233995736766e-17,28,59,0,1,0,0,4,0.8498170915275278,0.5270777086423722,0.43388373911755823,-0.900968867902419,4814.034653465346,5084.40594059406,7269.721782178218,4947.420792079208,5122.035643564356,,,,,,5563.019377652051,1037.7439700849075,5128.839957567186,860.634821256582,5216.5238283828385,876.4300151012717,5233.666725601132,904.9244027756598,4984.355188118812,841.518721584935,4984.355188118812,841.518721584935,4984.355188118812,841.518721584935,4984.355188118812,841.518721584935,4984.355188118812,841.518721584935,-0.14154676013826017,-719.6811881188123,-0.11777773997652541,-582.6960396039603,,,-582.6960396039603,,,2019-02-28
2019,3,1,6,13,1,5006.59603960396,4364.724752475247,4814.034653465346,7378.589108910891,6510.519801980197,5084.40594059406,4836.3861386138615,4728.451815181517,329.3827620969162,5588.483333333334,1140.8781858043353,5258.938448844884,868.3166676030908,641.8712871287125,170.2099009900985,0.1470588235294117,0.03519361277445099,1.0,6.123233995736766e-17,1.0,6.123233995736766e-17,31,90,0,1,0,1,5,0.9997685019798909,0.021516097436222254,-0.7818314824680299,0.6234898018587334,4364.724752475247,5270.420792079209,4650.3712871287125,4831.0108910891095,6111.519801980197,,,,,,5525.3301272984445,1054.7926278330217,5154.284582743989,850.6082504191176,5222.376666666666,874.3505836342192,5194.205162659123,889.1801003272578,4984.7912832459715,833.0668536974334,4984.7912832459715,833.0668536974334,4984.7912832459715,833.0668536974334,4984.7912832459715,833.0668536974334,4984.7912832459715,833.0668536974334,-0.050057625924621596,-263.8247524752487,0.03634542593118972,175.58514851485052,,,175.58514851485052,,,2019-03-31
2019,4,2,1,18,0,4621.473267326733,5006.59603960396,4364.724752475247,4814.034653465346,7378.589108910891,5270.420792079209,4464.356435643564,4664.264686468647,323.0681297717109,5449.3229372937285,1209.0900177116948,5272.031518151815,856.3482898059376,-385.12277227722734,157.11683168316904,-0.07692307692307687,0.03519361277445121,0.8660254037844387,-0.49999999999999983,1.2246467991473532e-16,-1.0,30,120,0,1,0,0,5,0.8800122039735357,-0.47495107206704995,0.7818314824680298,0.6234898018587336,5006.59603960396,5146.410891089109,4216.336633663366,5122.035643564356,6926.389108910891,,,,,,5450.339038189532,1103.7464018826684,5183.222913719944,822.6769021128817,5205.691254125412,881.0816987171451,5111.886739745402,827.426562374916,4977.804398324448,826.3963899090638,4977.804398324448,826.3963899090638,4977.804398324448,826.3963899090638,4977.804398324448,826.3963899090638,4977.804398324448,826.3963899090638,-0.10200072144866901,-524.9376237623765,-0.09772723406690098,-500.56237623762354,,,-500.56237623762354,,,2019-04-30
2019,5,2,4,22,0,4814.034653465346,4621.473267326733,5006.59603960396,4364.724752475247,4814.034653465346,5146.410891089109,4650.3712871287125,4814.034653465346,192.56138613858587,5166.575412541254,1105.193991666409,5285.670132013201,846.7973822134632,192.56138613861367,163.66336633663377,0.04166666666666652,0.03519361277445121,0.49999999999999994,-0.8660254037844387,1.2246467991473532e-16,-1.0,31,151,0,1,0,0,5,0.5160623910158528,-0.8565509959010036,-0.433883739117558,-0.9009688679024191,4621.473267326733,5456.435643564356,4836.3861386138615,6111.519801980197,4581.757425742574,,,,,,5358.567468175389,1129.5595507391165,5181.626379066477,823.4231198774772,5162.441749174917,866.8133828309936,5120.182355021216,823.0676410832237,4974.714403138427,818.7208026220795,4974.714403138427,818.7208026220795,4974.714403138427,818.7208026220795,4974.714403138427,818.7208026220795,4974.714403138427,818.7208026220795,-0.11773271638541094,-642.4009900990095,-0.2123015535504691,-1297.485148514851,,,-1297.485148514851,,,2019-05-31
2019,6,2,6,26,1,5134.970297029703,4814.034653465346,4621.473267326733,5006.59603960396,4364.724752475247,5456.435643564356,4960.39603960396,4856.826072607261,259.4091922861773,4792.638943894389,274.3327144081704,5300.217986798681,842.1882426093888,320.9356435643567,174.57425742574287,0.06666666666666665,0.03519361277445121,1.2246467991473532e-16,-1.0,1.2246467991473532e-16,-1.0,30,181,0,1,0,1,5,0.02581844022713308,-0.9996666485105112,-0.7818314824680299,0.6234898018587334,4814.034653465346,6510.519801980197,4464.356435643564,6926.389108910891,4154.126732673268,,,,,,5162.060396039604,1008.9701830568047,5229.527369165488,797.5882298362139,5102.727788778878,800.2557664373455,5155.21248231966,801.0059733303345,4977.682104877154,811.2534152317139,4977.682104877154,811.2534152317139,4977.682104877154,811.2534152317139,4977.682104877154,811.2534152317139,4977.682104877154,811.2534152317139,-0.21128105693375143,-1375.5495049504943,-0.2586367562827945,-1791.418811881188,,,-1791.418811881188,,,2019-06-30
2019,7,3,2,31,0,5263.344554455446,5134.970297029703,4814.034653465346,4621.473267326733,5006.59603960396,6510.519801980197,5084.40594059406,5070.783168316832,231.4299837990423,4867.523927392739,335.7831508212096,5315.129537953795,839.5999022432663,128.37425742574305,178.93861386138633,0.025000000000000133,0.03519361277445121,-0.4999999999999998,-0.8660254037844388,-1.0,-1.8369701987210297e-16,31,212,0,1,0,0,5,-0.4862727071086902,-0.8738071036110807,0.9749279121818236,-0.22252093395631434,5134.970297029703,7378.589108910891,4650.3712871287125,4581.757425742574,4765.027722772277,,,,,,4859.882602545969,307.192663590916,5273.311173974541,779.9799962732471,5125.447359735974,794.6105469606167,5173.0095120226315,797.5440359461883,4982.875967596759,804.6292088421288,4982.875967596759,804.6292088421288,4982.875967596759,804.6292088421288,4982.875967596759,804.6292088421288,4982.875967596759,804.6292088421288,-0.2866733088444958,-2115.244554455445,0.1487610681620506,681.5871287128721,,,681.5871287128721,,,2019-07-31
2019,8,3,5,35,1,5455.90594059406,5263.344554455446,5134.970297029703,4814.034653465346,4621.473267326733,7378.589108910891,5270.420792079209,5284.740264026403,161.5340648858322,5049.387458745875,302.8834564055366,5330.586633663366,840.4089922177656,192.56138613861367,185.48514851485106,0.03658536585365857,0.03519361277445099,-0.8660254037844384,-0.5000000000000004,-1.0,-1.8369701987210297e-16,31,243,0,1,0,0,5,-0.8631421280499115,-0.5049610547215202,-0.9749279121818236,-0.2225209339563146,5263.344554455446,4814.034653465346,4960.39603960396,4154.126732673268,4398.487128712871,,,,,,4951.578500707214,378.70146911747327,5308.704738330976,775.9203684128001,5168.84,775.0422278845514,5210.774469589816,784.4384002175683,4991.322931400283,799.7827265096563,4991.322931400283,799.7827265096563,4991.322931400283,799.7827265096563,4991.322931400283,799.7827265096563,4991.322931400283,799.7827265096563,0.13333333333333353,641.8712871287134,0.3133701236608806,1301.779207920792,,,1301.779207920792,,,2019-08-31
2019,9,3,0,40,0,5327.531683168317,5455.90594059406,5263.344554455446,5134.970297029703,4814.034653465346,4814.034653465346,5146.410891089109,5348.927392739274,98.04745865614987,5102.876732673268,321.5768742607361,5345.6800330033,838.4246546259682,-128.37425742574305,181.1207920792076,-0.02352941176470602,0.03519361277445099,-1.0,-1.8369701987210297e-16,-1.0,-1.8369701987210297e-16,30,273,0,1,0,1,5,-0.9999166586547379,-0.012910296075008843,0.0,1.0,5455.90594059406,4364.724752475247,5084.40594059406,4765.027722772277,4581.757425742574,4227.178217821782,,,,,5089.122347949081,295.80514996093206,5326.070862800566,773.230177035099,5187.590132013202,771.7332678988832,5237.409264497879,774.8926702727882,5010.972100424328,794.1648635748321,4997.221330554108,793.8596466521016,4997.221330554108,793.8596466521016,4997.221330554108,793.8596466521016,4997.221330554108,793.8596466521016,0.22058823529411775,962.8069306930693,0.11804841296259583,562.5039603960395,,,562.5039603960395,,,2019-09-30
2019,10,4,3,44,0,5648.4673267326725,5327.531683168317,5455.90594059406,5263.344554455446,5134.970297029703,4364.724752475247,5456.435643564356,5477.301650165016,161.53406488583184,5274.042409240924,285.37417443271977,5361.682673267326,842.5532215377245,320.9356435643558,192.0316831683167,0.06024096385542155,0.03519361277445099,-0.8660254037844386,0.5000000000000001,-2.4492935982947064e-16,1.0,31,304,0,1,0,0,5,-0.867456354729597,0.4975132889071803,0.43388373911755823,-0.900968867902419,5327.531683168317,5006.59603960396,5270.420792079209,4398.487128712871,4887.20792079208,3832.641584158416,,,,,5180.818246110326,358.7486051086973,5353.074186704384,777.7253728944311,5229.256138613861,761.3336171683414,5264.597100424328,775.504956535871,5043.397560113153,782.1583082391071,5008.449709798566,791.4980762811751,5008.449709798566,791.4980762811751,5008.449709798566,791.4980762811751,5008.449709798566,791.4980762811751,0.1282051282051282,641.8712871287125,0.28418412091286105,1249.9801980198017,,,1249.9801980198017,,,2019-10-31
2019,11,4,5,48,1,6739.648514851485,5648.4673267326725,5327.531683168317,5455.90594059406,5263.344554455446,5006.59603960396,6510.519801980197,5905.215841584158,740.2420796533727,5594.978052805281,587.4671215880317,5380.776732673267,873.0012682156731,1091.1811881188123,229.12871287128746,0.19318181818181834,0.03519361277445121,-0.5000000000000004,0.8660254037844384,-2.4492935982947064e-16,1.0,30,334,0,1,0,0,5,-0.5086709438521042,0.8609610158889945,-0.9749279121818236,-0.2225209339563146,5648.4673267326725,4621.473267326733,5146.410891089109,4581.757425742574,5009.388118811881,4396.265346534654,,,,,5483.4147100424325,612.1459563927982,5466.876874115982,857.6220141863529,5301.185841584158,799.05227277615,5326.392114568599,821.9610223429166,5085.243688118812,809.1282035812307,5037.792062426582,816.3733566073803,5037.792062426582,816.3733566073803,5037.792062426582,816.3733566073803,5037.792062426582,816.3733566073803,0.45833333333333326,2118.175247524752,0.47097453850018645,2157.891089108911,,,2157.891089108911,,,2019-11-30
2019,12,4,1,1,0,7638.268316831683,6739.648514851485,5648.4673267326725,5327.531683168317,5455.90594059406,4621.473267326733,7378.589108910891,6675.461386138613,996.452199389937,6012.194389438944,963.8048799525695,5402.416666666667,928.4805710184831,898.6198019801977,259.67920792079167,0.1333333333333333,0.03519361277445099,-2.4492935982947064e-16,1.0,-2.4492935982947064e-16,1.0,31,365,0,1,0,1,5,6.432490598706546e-16,1.0,0.7818314824680298,0.6234898018587336,6739.648514851485,4814.034653465346,5456.435643564356,4887.20792079208,5192.658415841584,4058.0910891089106,,,,,5886.876661951909,940.2295474729893,5622.722065063649,1035.3931025477177,5392.887854785479,901.2319251558545,5413.735325318246,930.0541073905505,5149.175424328147,865.9400576329925,5081.133333333333,876.2861282171585,5081.133333333333,876.2861282171585,5081.133333333333,876.2861282171585,5081.133333333333,876.2861282171585,0.5866666666666667,2824.2336633663363,0.5629104471564477,2751.060396039603,,,2751.060396039603,,,2019-12-31
2020,1,1,4,5,0,6024.4306930693065,7638.268316831683,6739.648514851485,5648.4673267326725,5327.531683168317,4814.034653465346,4814.034653465346,6800.782508250825,808.6538151950139,6139.04207920792,893.0208134724849,5503.28300330033,924.4879526005402,-1613.837623762376,1210.3960396039602,-0.2112831805353217,0.2514306868839562,0.49999999999999994,0.8660254037844387,1.0,6.123233995736766e-17,31,31,0,1,0,0,5,0.5086709438521044,0.8609610158889943,-0.433883739117558,-0.9009688679024191,7638.268316831683,5134.970297029703,6510.519801980197,5009.388118811881,5070.478217821782,4227.178217821782,,,,,6013.942432814709,879.8416117535953,5588.001414427157,1011.1993286137393,5426.722607260726,905.3820130966176,5447.805056577085,934.4762810948507,5181.269218528995,864.4512959972695,5096.597224476546,877.3063717334014,5096.597224476546,877.3063717334014,5096.597224476546,877.3063717334014,5096.597224476546,877.3063717334014,0.1732162689537089,889.4603960396034,0.20262805559936758,1015.0425742574253,,,1015.0425742574253,,,2020-01-31
2020,2,1,5,9,1,5462.1504950495055,6024.4306930693065,7638.268316831683,6739.648514851485,5648.4673267326725,5134.970297029703,4364.724752475247,6374.949834983498,1129.6105281050138,6140.082838283827,892.0685624124193,5594.735148514851,853.1477956730697,-562.280198019801,1097.425742574258,-0.09333333333333316,0.2514306868839564,0.8660254037844386,0.5000000000000001,1.0,6.123233995736766e-17,29,60,0,1,0,0,5,0.8587639582758029,0.5123714121284237,-0.9749279121818236,-0.2225209339563146,6024.4306930693065,5263.344554455446,7378.589108910891,5192.658415841584,5375.928712871287,4508.990099009901,,,,,6042.343281471004,854.4158317034952,5451.112942008486,870.0180756915963,5435.705676567657,904.3158839894104,5450.884405940595,934.372713204875,5198.289939886846,860.3476461479006,5102.493244969658,871.323301849431,5102.493244969658,871.323301849431,5102.493244969658,871.323301849431,5102.493244969658,871.323301849431,0.03777178912328072,198.8059405940594,0.051898672630913634,269.49207920792105,,,269.49207920792105,,,2020-02-29
2020,3,1,1,14,0,6265.4079207920795,5462.1504950495055,6024.4306930693065,7638.268316831683,6739.648514851485,5263.344554455446,5006.59603960396,5917.329702970296,412.1996962186884,6296.395544554455,798.473120900016,5699.636138613861,851.6463477096198,803.257425742574,1258.8118811881195,0.1470588235294117,0.2514306868839564,1.0,6.123233995736766e-17,1.0,6.123233995736766e-17,31,91,0,1,0,1,5,0.9999907397361901,0.004303538296244289,0.7818314824680298,0.6234898018587336,5462.1504950495055,5455.90594059406,4814.034653465346,5070.478217821782,6414.460396039603,4621.714851485149,,,,,6157.986421499292,815.7199487247296,5554.782461103253,874.7242763153228,5475.536666666666,913.9389704085536,5445.5611032531815,929.0893655940417,5227.641601838755,868.3207493050822,5120.952208077951,876.5986908835023,5120.952208077951,876.5986908835023,5120.952208077951,876.5986908835023,5120.952208077951,876.5986908835023,0.14837168914057153,809.5019801980197,0.23566410339173594,1194.9297029702975,,,1194.9297029702975,,,2020-03-31
2020,4,2,3,18,0,5783.453465346534,6265.4079207920795,5462.1504950495055,6024.4306930693065,7638.268316831683,5455.90594059406,4621.473267326733,5837.0039603960395,404.2973715505373,6318.893234323433,778.2105561995216,5796.467821782178,781.0476755378851,-481.95445544554514,1161.9801980198017,-0.07692307692307698,0.2514306868839562,0.8660254037844387,-0.49999999999999983,1.2246467991473532e-16,-1.0,30,121,0,1,0,0,5,0.8717063187093218,-0.49002866642905923,0.43388373911755823,-0.900968867902419,6265.4079207920795,5327.531683168317,4364.724752475247,5375.928712871287,7269.721782178218,4790.80198019802,,,,,6223.118104667608,754.245662703985,5656.120226308345,805.7073125570024,5489.120825082508,915.4347739804392,5392.480091937765,860.970743480646,5245.367521216408,869.3723244067379,5131.3037902227725,873.5479234810218,5131.3037902227725,873.5479234810218,5131.3037902227725,873.5479234810218,5131.3037902227725,873.5479234810218,0.08557842717644393,455.92178217821765,0.07580546064525251,407.5247524752476,,,407.5247524752476,,,2020-04-30
2020,5,2,6,22,1,6024.4306930693065,5783.453465346534,6265.4079207920795,5462.1504950495055,6024.4306930693065,5327.531683168317,4814.034653465346,6024.4306930693065,240.97722772275466,6199.6902640264025,755.3112526959517,5897.334158415842,718.2740748222997,240.9772277227721,1210.3960396039602,0.04166666666666674,0.2514306868839562,0.49999999999999994,-0.8660254037844387,1.2246467991473532e-16,-1.0,31,152,0,1,0,0,5,0.5012418134457758,-0.865307254363206,-0.7818314824680299,0.6234898018587334,5783.453465346534,5648.4673267326725,5006.59603960396,6414.460396039603,4650.3712871287125,4678.0772277227725,,,,,6276.827157001414,719.0711199265894,5728.8227015558705,788.3238005030182,5476.119834983499,904.5447797352842,5441.553642149929,856.2517992701964,5269.4095473833095,872.0113134987749,5145.044204112719,873.7474976021142,5145.044204112719,873.7474976021142,5145.044204112719,873.7474976021142,5145.044204112719,873.7474976021142,0.06656024450337195,375.96336633663395,-0.06080475657954143,-390.02970297029697,,,-390.02970297029697,,,2020-05-31
2020,6,2,1,27,0,6426.059405940594,6024.4306930693065,5783.453465346534,6265.4079207920795,5462.1504950495055,5648.4673267326725,5134.970297029703,6077.981188118812,324.63262368671553,5997.655445544555,343.3083772265458,6004.924917491749,689.8311114218329,401.62871287128746,1291.089108910891,0.06666666666666665,0.2514306868839562,1.2246467991473532e-16,-1.0,1.2246467991473532e-16,-1.0,30,182,0,1,0,1,5,0.008606996888688698,-0.9999629591162655,0.7818314824680298,0.6234898018587336,6024.4306930693065,6739.648514851485,4621.473267326733,7269.721782178218,4216.336633663366,4959.889108910891,,,,,6232.028712871287,694.7898967482639,5857.72171145686,739.3455668369611,5447.997755775577,858.8181173338406,5520.472312588402,840.8377519797931,5295.591159830269,884.4706119668173,5164.4535253525355,881.2225462736847,5164.4535253525355,881.2225462736847,5164.4535253525355,881.2225462736847,5164.4535253525355,881.2225462736847,-0.04652900046936659,-313.5891089108909,-0.11605153560427428,-843.6623762376239,,,-843.6623762376239,,,2020-06-30
2020,7,3,4,31,0,6586.710891089109,6426.059405940594,6024.4306930693065,5783.453465346534,6265.4079207920795,6739.648514851485,5263.344554455446,6345.733663366336,289.61858359119094,6091.368811881189,420.2093390762364,6115.205445544554,665.8643412862705,160.65148514851535,1323.3663366336632,0.025000000000000133,0.2514306868839562,-0.4999999999999998,-0.8660254037844388,-1.0,-1.8369701987210297e-16,31,213,0,1,0,0,5,-0.5012418134457756,-0.8653072543632061,-0.433883739117558,-0.9009688679024191,6426.059405940594,7638.268316831683,4814.034653465346,4650.3712871287125,4836.3861386138615,5918.049504950494,,,,,6081.806223479491,384.43032600328553,5984.3414427156995,697.4624905163288,5512.542409240924,869.5017886496859,5582.983910891089,853.0705887644671,5307.531541725601,897.4449204222104,5185.6812472292,891.6156698067415,5185.6812472292,891.6156698067415,5185.6812472292,891.6156698067415,5185.6812472292,891.6156698067415,-0.13766961071861827,-1051.5574257425733,0.4163838722554891,1936.3396039603967,,,1936.3396039603967,,,2020-07-31
2020,8,3,0,36,0,6827.688118811881,6586.710891089109,6426.059405940594,6024.4306930693065,5783.453465346534,7638.268316831683,5455.90594059406,6613.486138613862,202.14868577525118,6318.958415841585,379.03765189535835,6229.520627062706,660.1149159415992,240.9772277227721,1371.7821782178216,0.03658536585365857,0.2514306868839562,-0.8660254037844384,-0.5000000000000004,-1.0,-1.8369701987210297e-16,31,244,0,1,0,0,5,-0.8717063187093218,-0.4900286664290594,0.0,1.0,6586.710891089109,6024.4306930693065,5134.970297029703,4216.336633663366,4464.356435643564,6707.122772277227,,,,,6196.557284299859,473.9186396216379,6105.249858557284,685.5115707077192,5599.587458745874,865.968086115541,5667.388613861386,855.2058323239161,5309.684494342291,901.0011302614531,5209.828407105416,907.0628171770305,5209.828407105416,907.0628171770305,5209.828407105416,907.0628171770305,5209.828407105416,907.0628171770305,0.13333333333333353,803.2574257425749,0.6193413173652695,2611.351485148515,,,2611.351485148515,,,2020-08-31
2020,9,3,2,40,0,6667.036633663367,6827.688118811881,6586.710891089109,6426.059405940594,6024.4306930693065,6024.4306930693065,5327.531683168317,6693.811881188119,122.69959853331873,6385.896534653465,402.4311686421004,6341.146039603959,604.6473151694923,-160.65148514851444,1339.5049504950503,-0.0235294117647058,0.2514306868839564,-1.0,-1.8369701987210297e-16,-1.0,-1.8369701987210297e-16,30,274,0,1,0,1,5,-0.9999907397361901,0.004303538296243821,0.9749279121818236,-0.22252093395631434,6827.688118811881,5462.1504950495055,5263.344554455446,4836.3861386138615,4650.3712871287125,4365.3712871287125,,,,,6368.683875530411,370.17964199941537,6205.513578500707,654.86933086256,5660.609141914191,874.788312726979,5739.412376237624,851.2932105139081,5350.785661244695,909.5977461146117,5230.947366910604,917.2994173437743,5230.947366910604,917.2994173437743,5230.947366910604,917.2994173437743,5230.947366910604,917.2994173437743,0.22058823529411775,1204.8861386138615,0.37851619837248585,1830.6504950495055,,,1830.6504950495055,,,2020-09-30
2020,10,4,5,44,1,7068.665346534653,6667.036633663367,6827.688118811881,6586.710891089109,6426.059405940594,5462.1504950495055,5648.4673267326725,6854.463366336633,202.14868577524976,6600.098514851485,357.1259991292722,6459.495874587458,595.6648290747264,401.62871287128564,1420.19801980198,0.06024096385542155,0.2514306868839562,-0.8660254037844386,0.5000000000000001,-2.4492935982947064e-16,1.0,31,305,0,1,0,0,5,-0.858763958275803,0.5123714121284235,-0.9749279121818236,-0.2225209339563146,6667.036633663367,6265.4079207920795,5455.90594059406,4464.356435643564,4960.39603960396,3957.9366336633666,,,,,6483.434936350778,448.9490133098341,6320.710678925035,654.7127428329869,5747.419438943894,881.1807141445084,5814.707708628006,872.8032251459286,5406.334388260255,917.9376931215272,5257.200480905233,936.7439798799522,5257.200480905233,936.7439798799522,5257.200480905233,936.7439798799522,5257.200480905233,936.7439798799522,0.12820512820512797,803.2574257425731,0.5833559547571525,2604.308910891089,,,2604.308910891089,,,2020-10-31
2020,11,4,0,49,0,8434.202970297029,7068.665346534653,6667.036633663367,6827.688118811881,6586.710891089109,6265.4079207920795,6739.648514851485,7389.9683168316815,926.3616542010303,7001.727227722772,735.174383490648,6600.708745874588,824.8786239284924,1365.537623762376,1694.5544554455437,0.19318181818181812,0.2514306868839562,-0.5000000000000004,0.8660254037844384,-2.4492935982947064e-16,1.0,30,335,0,1,0,0,5,-0.4937755501599774,0.8695893893466109,0.0,1.0,7068.665346534653,5783.453465346534,5327.531683168317,4650.3712871287125,5084.40594059406,4539.986138613861,,,,,6862.113437057991,766.0582346818735,6542.615770862801,802.088286606539,5873.547161716171,983.5885932403648,5934.343316831683,990.6202216154732,5475.873974540312,995.3542548714624,5301.946994840329,1003.5504515503955,5301.946994840329,1003.5504515503955,5301.946994840329,1003.5504515503955,5301.946994840329,1003.5504515503955,0.45833333333333326,2650.749504950494,0.8136622754491016,3783.831683168316,,,3783.831683168316,,,2020-11-30
2020,12,4,3,53,0,9558.763366336632,8434.202970297029,7068.665346534653,6667.036633663367,6827.688118811881,5783.453465346534,7638.268316831683,8353.87722772277,1246.9908603295792,7523.844554455445,1206.1350029411522,6760.75,1161.929078748063,1124.5603960396038,1920.4950495049497,0.1333333333333333,0.2514306868839562,-2.4492935982947064e-16,1.0,-2.4492935982947064e-16,1.0,31,366,0,1,0,1,5,0.017213356155833904,0.9998518392091162,0.43388373911755823,-0.900968867902419,8434.202970297029,6024.4306930693065,5648.4673267326725,4960.39603960396,5270.420792079209,4190.756435643564,,,,,7367.01810466761,1176.6321084227134,6821.922630834511,1094.3549354900629,6026.826072607261,1175.879566157385,6087.498408769448,1194.6596215836255,5571.7312411598305,1120.0166502275504,5361.069444444444,1115.6174177995003,5361.069444444444,1115.6174177995003,5361.069444444444,1115.6174177995003,5361.069444444444,1115.6174177995003,0.5866666666666667,3534.332673267326,0.9270161676646704,4598.367326732672,,,4598.367326732672,,,2020-12-31
2021,1,1,6,4,1,5656.633663366337,9558.763366336632,8434.202970297029,7068.665346534653,6667.036633663367,6024.4306930693065,6024.4306930693065,7883.199999999998,2008.570949620118,7368.831683168316,1395.5566125240898,6730.1002475247515,1187.6831877683871,-3902.1297029702955,-367.79702970296967,-0.4082253690589869,-0.06105091890692593,0.49999999999999994,0.8660254037844387,1.0,6.123233995736766e-17,31,31,0,1,0,0,5,0.5086709438521044,0.8609610158889943,-0.7818314824680299,0.6234898018587334,9558.763366336632,6426.059405940594,6739.648514851485,5084.40594059406,5146.410891089109,4365.3712871287125,,,,,7257.1001414427155,1307.8109359591792,6744.564427157001,1138.025100672358,6045.900330033003,1164.6527048546664,6105.720650636491,1183.6136572359583,5594.789497878359,1107.9561949539518,5365.118269361183,1108.382952181692,5365.118269361183,1108.382952181692,5365.118269361183,1108.382952181692,5365.118269361183,1108.382952181692,-0.11973523647524309,-769.4257425742571,0.1125456404264642,572.227722772277,,,572.227722772277,,,2021-01-31
2021,2,1,6,8,1,5128.681188118812,5656.633663366337,9558.763366336632,8434.202970297029,7068.665346534653,6426.059405940594,5462.1504950495055,6781.359405940594,2419.7444128353072,7085.663861386139,1672.2574613538159,6702.311138613862,1223.4111965291702,-527.9524752475245,-333.46930693069316,-0.09333333333333327,-0.061050918906926044,0.8660254037844386,0.5000000000000001,1.0,6.123233995736766e-17,28,59,0,1,0,0,4,0.8498170915275278,0.5270777086423722,-0.7818314824680299,0.6234898018587334,5656.633663366337,6586.710891089109,7638.268316831683,5270.420792079209,5456.435643564356,4656.39603960396,,,,,7048.81018387553,1529.666042758022,6565.30820367751,1183.1778452535036,6041.175676567656,1168.1892048989557,6094.015134370579,1191.864604771257,5603.223161244695,1102.4672555555098,5361.923173668718,1101.1081989296108,5361.923173668718,1101.1081989296108,5361.923173668718,1101.1081989296108,5361.923173668718,1101.1081989296108,-0.22135929860574355,-1458.029702970297,-0.02689341317365279,-141.73960396039638,,,-141.73960396039638,,,2021-02-28
2021,3,1,2,13,0,5882.89900990099,5128.681188118812,5656.633663366337,9558.763366336632,8434.202970297029,6586.710891089109,6265.4079207920795,5556.071287128713,387.0345259913737,6954.9742574257425,1740.7550650189035,6670.435396039604,1240.690554529471,754.2178217821775,-382.5089108910897,0.1470588235294117,-0.061050918906926155,1.0,6.123233995736766e-17,1.0,6.123233995736766e-17,31,90,0,1,0,1,5,0.9997685019798909,0.021516097436222254,0.9749279121818236,-0.22252093395631434,5128.681188118812,6827.688118811881,6024.4306930693065,5146.410891089109,6510.519801980197,4772.805940594059,,,,,6913.840311173974,1592.8070110334083,6555.198797736915,1188.7462885330333,6065.725280528052,1156.4166044006365,6071.600106082036,1189.6410774767046,5623.0462517680335,1097.2319972717437,5368.869518151815,1095.2962288686213,5368.869518151815,1095.2962288686213,5368.869518151815,1095.2962288686213,5368.869518151815,1095.2962288686213,-0.13837613734988508,-944.7891089108916,0.14310713512733564,736.4881188118807,,,736.4881188118807,,,2021-03-31
2021,4,2,4,17,0,5430.368316831683,5882.89900990099,5128.681188118812,5656.633663366337,9558.763366336632,6827.688118811881,5783.453465346534,5480.649504950495,379.61464550571367,6681.924752475247,1844.738593913756,6641.011633663366,1267.5346111514664,-452.53069306930684,-353.0851485148514,-0.07692307692307687,-0.061050918906926044,0.8660254037844387,-0.49999999999999983,1.2246467991473532e-16,-1.0,30,120,0,1,0,0,5,0.8800122039735357,-0.47495107206704995,-0.433883739117558,-0.9009688679024191,5882.89900990099,6667.036633663367,5462.1504950495055,5456.435643564356,7378.589108910891,4947.420792079208,,,,,6737.173408769448,1690.3403892072422,6552.928642149929,1191.022426605039,6064.856369636964,1156.899892615717,6002.020792079208,1167.1275471370975,5631.6703147100425,1093.717456667124,5369.678712871287,1087.9926205742318,5369.678712871287,1087.9926205742318,5369.678712871287,1087.9926205742318,5369.678712871287,1087.9926205742318,-0.18548995375058652,-1236.668316831684,-0.004777354382144772,-26.067326732672882,,,-26.067326732672882,,,2021-04-30
2021,5,2,0,22,0,5656.633663366337,5430.368316831683,5882.89900990099,5128.681188118812,5656.633663366337,6667.036633663367,6024.4306930693065,5656.633663366337,226.26534653462292,6218.9965346534655,1655.9124406196165,6610.361881188118,1288.079576145561,226.26534653465387,-367.79702970296967,0.04166666666666674,-0.06105091890692593,0.49999999999999994,-0.8660254037844387,1.2246467991473532e-16,-1.0,31,151,0,1,0,0,5,0.5160623910158528,-0.8565509959010036,0.0,1.0,5430.368316831683,7068.665346534653,6265.4079207920795,6510.519801980197,4814.034653465346,4831.0108910891095,,,,,6535.454596888259,1728.0214925089394,6509.444766619519,1213.2331923905629,6036.393498349835,1156.060929611071,6032.113613861386,1146.0344870066492,5646.413578500707,1088.2795296649913,5373.405400540054,1081.3056765947417,5373.405400540054,1081.3056765947417,5373.405400540054,1081.3056765947417,5373.405400540054,1081.3056765947417,-0.19975930588658453,-1412.0316831683158,-0.13115483319076127,-853.8861386138606,,,-853.8861386138606,,,2021-05-31
2021,6,2,2,26,0,6033.742574257426,5656.633663366337,5430.368316831683,5882.89900990099,5128.681188118812,7068.665346534653,6426.059405940594,5706.914851485149,304.8135037034655,5631.493069306932,322.3490853284289,6577.668811881188,1298.1222564882285,377.1089108910892,-392.31683168316795,0.06666666666666665,-0.06105091890692593,1.2246467991473532e-16,-1.0,1.2246467991473532e-16,-1.0,30,181,0,1,0,1,5,0.02581844022713308,-0.9996666485105112,0.9749279121818236,-0.22252093395631434,5656.633663366337,8434.202970297029,5783.453465346534,7378.589108910891,4364.724752475247,5122.035643564356,,,,,6192.531683168317,1513.255120938942,6527.322560113154,1203.5174958885436,5991.565280528052,1127.9529858938708,6091.721393210749,1098.5174659077518,5662.694059405941,1087.1111585955396,5381.871261741559,1076.8600597267452,5381.871261741559,1076.8600597267452,5381.871261741559,1076.8600597267452,5381.871261741559,1076.8600597267452,-0.2846102239290863,-2400.4603960396025,-0.18226337241483415,-1344.846534653465,,,-1344.846534653465,,,2021-06-30
2021,7,3,5,30,1,6184.586138613861,6033.742574257426,5656.633663366337,5430.368316831683,5882.89900990099,8434.202970297029,6586.710891089109,5958.320792079208,271.93710293041624,5719.485148514851,394.55517279236716,6544.1584158415835,1303.0485998682548,150.8435643564353,-402.124752475248,0.02499999999999991,-0.061050918906926044,-0.4999999999999998,-0.8660254037844388,-1.0,-1.8369701987210297e-16,31,212,0,1,0,0,5,-0.4862727071086902,-0.8738071036110807,-0.9749279121818236,-0.2225209339563146,6033.742574257426,9558.763366336632,6024.4306930693065,4814.034653465346,5006.59603960396,6111.519801980197,,,,,5710.506364922207,360.96050134509784,6538.762234794907,1199.1228401921242,6037.250330033003,1106.1602611138671,6133.792468175388,1077.7817468979715,5663.998815417255,1087.7033216349373,5392.032209550069,1073.7396853249488,5392.032209550069,1073.7396853249488,5392.032209550069,1073.7396853249488,5392.032209550069,1073.7396853249488,-0.352993070171159,-3374.177227722771,0.2846991315614926,1370.551485148515,,,1370.551485148515,,,2021-07-31
2021,8,3,1,35,0,6410.851485148515,6184.586138613861,6033.742574257426,5656.633663366337,5430.368316831683,9558.763366336632,6827.688118811881,6209.726732673268,189.80732275283282,5933.180198019802,355.8970549468297,6509.422029702971,1300.3563999865416,226.26534653465387,-416.83663366336623,0.03658536585365857,-0.061050918906926044,-0.8660254037844384,-0.5000000000000004,-1.0,-1.8369701987210297e-16,31,243,0,1,0,0,5,-0.8631421280499115,-0.5049610547215202,0.7818314824680298,0.6234898018587336,6184.586138613861,5656.633663366337,6426.059405940594,4364.724752475247,4621.473267326733,6926.389108910891,,,,,5818.251768033946,444.9854711856182,6537.675954738332,1199.239673501437,6105.454554455445,1061.6643846501713,6197.6988330975955,1037.0696610912992,5654.7927864215,1078.97115958699,5404.76745049505,1072.985524522971,5404.76745049505,1072.985524522971,5404.76745049505,1072.985524522971,5404.76745049505,1072.985524522971,0.1333333333333333,754.2178217821784,0.4687871168767066,2046.1267326732677,,,2046.1267326732677,,,2021-08-31
2021,9,3,3,39,0,6260.00792079208,6410.851485148515,6184.586138613861,6033.742574257426,5656.633663366337,5656.633663366337,6667.036633663367,6285.148514851485,115.20867529333005,5996.031683168317,377.8623759997178,6475.5029702970305,1301.1796549878031,-150.8435643564353,-407.0287128712871,-0.0235294117647058,-0.061050918906926044,-1.0,-1.8369701987210297e-16,-1.0,-1.8369701987210297e-16,30,273,0,1,0,1,5,-0.9999166586547379,-0.012910296075008843,0.43388373911755823,-0.900968867902419,6410.851485148515,5128.681188118812,6586.710891089109,5006.59603960396,4814.034653465346,4581.757425742574,,,,,5979.869872701556,347.57983469471617,6514.340028288543,1201.388828497595,6147.23495049505,1041.3988497902922,6249.340735502122,1000.9911211149066,5684.761545261668,1071.9092343390369,5415.325974819704,1070.484371182946,5415.325974819704,1070.484371182946,5415.325974819704,1070.484371182946,5415.325974819704,1070.484371182946,0.22058823529411775,1131.3267326732675,0.25035210975145294,1253.4118811881199,,,1253.4118811881199,,,2021-09-30
2021,10,4,6,43,1,6637.116831683168,6260.00792079208,6410.851485148515,6184.586138613861,6033.742574257426,5128.681188118812,7068.665346534653,6435.992079207921,189.8073227528324,6197.156435643564,335.3231287168811,6439.5405940594055,1289.2038193343267,377.10891089108827,-431.54851485148447,0.06024096385542155,-0.06105091890692593,-0.8660254037844386,0.5000000000000001,-2.4492935982947064e-16,1.0,31,304,0,1,0,0,5,-0.867456354729597,0.4975132889071803,-0.7818314824680299,0.6234898018587334,6260.00792079208,5882.89900990099,6827.688118811881,4621.473267326733,5134.970297029703,4154.126732673268,,,,,6087.615275813296,421.5402635049126,6500.727793493635,1198.641844904099,6214.42306930693,1003.9137827110518,6302.988826025459,979.0681245209745,5729.10065417256,1058.716731451244,5430.225863318039,1072.3777173728113,5430.225863318039,1072.3777173728113,5430.225863318039,1072.3777173728113,5430.225863318039,1072.3777173728113,0.1282051282051282,754.2178217821784,0.4361474031683352,2015.6435643564355,,,2015.6435643564355,,,2021-10-31
2021,11,4,1,48,0,7919.287128712871,6637.116831683168,6260.00792079208,6410.851485148515,6184.586138613861,5882.89900990099,8434.202970297029,6938.80396039604,869.8064239719157,6574.265346534653,690.2913118217124,6396.630940594059,1223.6825315030633,1282.1702970297029,-514.9158415841575,0.19318181818181812,-0.06105091890692593,-0.5000000000000004,0.8660254037844384,-2.4492935982947064e-16,1.0,30,334,0,1,0,0,5,-0.5086709438521042,0.8609610158889945,0.7818314824680298,0.6234898018587336,6637.116831683168,5430.368316831683,6667.036633663367,4814.034653465346,5263.344554455446,4765.027722772277,,,,,6443.175106082037,719.2896755183286,6590.174257425743,1257.2953914927546,6317.931485148515,1014.5747808425398,6397.843917963225,1002.9796148556328,5785.426714992928,1089.9397366916683,5460.2145532625555,1100.2787549375257,5460.2145532625555,1100.2787549375257,5460.2145532625555,1100.2787549375257,5460.2145532625555,1100.2787549375257,0.45833333333333326,2488.918811881188,0.6450415709019113,3105.2524752475247,,,3105.2524752475247,,,2021-11-30
2021,12,4,4,52,0,8975.19207920792,7919.287128712871,6637.116831683168,6260.00792079208,6410.851485148515,5430.368316831683,9558.763366336632,7843.865346534653,1170.8609224379186,7064.506930693068,1132.4993526857868,6348.0,1090.9922407858173,1055.904950495049,-583.5712871287124,0.1333333333333333,-0.06105091890692593,-2.4492935982947064e-16,1.0,-2.4492935982947064e-16,1.0,31,365,0,1,0,1,5,6.432490598706546e-16,1.0,-0.433883739117558,-0.9009688679024191,7919.287128712871,5656.633663366337,7068.665346534653,5134.970297029703,5455.90594059406,4398.487128712871,,,,,6917.254879773692,1104.7976369881137,6726.354738330976,1407.3984914794928,6445.938877887789,1098.9267100220577,6523.532708628006,1096.7001089687553,5867.153589108911,1153.7703923340953,5502.059523809524,1158.9269893910541,5502.059523809524,1158.9269893910541,5502.059523809524,1158.9269893910541,5502.059523809524,1158.9269893910541,0.5866666666666664,3318.558415841583,0.7478566690832804,3840.221782178217,,,3840.221782178217,,,2021-12-31
2022,1,1,0,5,0,6021.237623762376,8975.19207920792,7919.287128712871,6637.116831683168,6260.00792079208,5656.633663366337,5656.633663366337,7638.572277227722,1496.8508115690352,7037.282178217822,1159.5237852441794,6378.383663366337,1074.946637115407,-2953.954455445544,364.60396039603893,-0.3291243718659487,0.06445599663936141,0.49999999999999994,0.8660254037844387,1.0,6.123233995736766e-17,31,31,0,1,0,0,5,0.5086709438521044,0.8609610158889943,0.0,1.0,8975.19207920792,6033.742574257426,8434.202970297029,5263.344554455446,5327.531683168317,4581.757425742574,4227.178217821782,,,,6915.468458274399,1106.4731885685324,6554.000070721357,1327.6519296289237,6471.20198019802,1079.339718296655,6548.307920792079,1076.327357453009,5892.858592644979,1140.5718920534437,5523.417373880245,1151.6576996400713,5508.167501456028,1153.383487472214,5508.167501456028,1153.383487472214,5508.167501456028,1153.383487472214,-0.0020725031505987035,-12.504950495050252,0.1439945763507673,757.8930693069296,,,757.8930693069296,,,2022-01-31
2022,2,1,0,9,0,5459.255445544555,6021.237623762376,8975.19207920792,7919.287128712871,6637.116831683168,6033.742574257426,5128.681188118812,6818.561716171617,1888.7156705645693,6878.6828382838285,1316.761747225529,6405.931518151815,1043.7932045111415,-561.9821782178205,330.57425742574287,-0.09333333333333316,0.06445599663936163,0.8660254037844386,0.5000000000000001,1.0,6.123233995736766e-17,28,59,0,1,0,0,4,0.8498170915275278,0.5270777086423722,0.0,1.0,6021.237623762376,6184.586138613861,9558.763366336632,5455.90594059406,5648.4673267326725,4887.20792079208,3832.641584158416,,,,6811.849787835926,1214.969620562135,6261.178076379067,1033.4413253302575,6471.313630363035,1079.2312392317501,6541.550353606789,1082.7608616996986,5903.073727015559,1133.9437866849403,5542.781824611033,1136.4607840758106,5507.598756619848,1146.590936755891,5507.598756619848,1146.590936755891,5507.598756619848,1146.590936755891,-0.11728039303077331,-725.3306930693061,0.0006139227814714321,3.3495049504954295,,,3.3495049504954295,,,2022-02-28
2022,3,1,3,13,0,6262.087128712871,5459.255445544555,6021.237623762376,8975.19207920792,7919.287128712871,6184.586138613861,5882.89900990099,5914.193399339933,411.9812220979955,6879.029372937293,1316.5666249599699,6437.5305280528055,1032.1950584768915,802.831683168316,379.1881188118814,0.1470588235294117,0.06445599663936141,1.0,6.123233995736766e-17,1.0,6.123233995736766e-17,31,90,0,1,0,1,5,0.9997685019798909,0.021516097436222254,0.43388373911755823,-0.900968867902419,5459.255445544555,6410.851485148515,5656.633663366337,5327.531683168317,6739.648514851485,5009.388118811881,4396.265346534654,,,,6790.5977369165485,1224.4171993417456,6304.424752475248,1018.7607734916421,6502.465478547854,1058.363854733457,6524.494589816125,1083.285997194138,5925.443352192362,1128.33555916228,5564.993988684583,1132.007144742309,5516.271036758848,1142.7716487924754,5516.271036758848,1142.7716487924754,5516.271036758848,1142.7716487924754,-0.023205085436821316,-148.764356435644,0.1754199695324512,934.5554455445545,,,934.5554455445545,,,2022-03-31
2022,4,2,5,17,1,5780.38811881188,6262.087128712871,5459.255445544555,6021.237623762376,8975.19207920792,6410.851485148515,5430.368316831683,5833.910231023103,404.08308582068787,6736.2412541254125,1392.3288861615745,6466.698844884489,1005.7536280645417,-481.69900990099086,350.01980198019737,-0.0769230769230771,0.06445599663936141,0.8660254037844387,-0.49999999999999983,1.2246467991473532e-16,-1.0,30,120,0,1,0,0,5,0.8800122039735357,-0.47495107206704995,-0.9749279121818236,-0.2225209339563146,6262.087128712871,6260.00792079208,5128.681188118812,5648.4673267326725,7638.268316831683,5192.658415841584,4058.0910891089106,,,,6722.080622347949,1271.5686259418483,6350.975247524752,974.8475171065099,6506.862838283828,1054.9618425546325,6458.141725601132,1069.348326111465,5935.938525459688,1124.121162238423,5585.497524752475,1119.9174866890503,5519.272367236724,1136.5338042860956,5519.272367236724,1136.5338042860956,5519.272367236724,1136.5338042860956,-0.0766164848429638,-479.61980198019955,0.02335514829923202,131.92079207920779,,,131.92079207920779,,,2022-04-30
2022,5,2,1,22,0,6021.237623762376,5780.38811881188,6262.087128712871,5459.255445544555,6021.237623762376,6260.00792079208,5656.633663366337,6021.237623762376,240.8495049504711,6419.899669966996,1280.9449089673174,6497.0825082508245,984.3362351090723,240.84950495049543,364.60396039603893,0.04166666666666674,0.06445599663936141,0.49999999999999994,-0.8660254037844387,1.2246467991473532e-16,-1.0,31,151,0,1,0,0,5,0.5160623910158528,-0.8565509959010036,0.7818314824680298,0.6234898018587336,5780.38811881188,6637.116831683168,5882.89900990099,6739.648514851485,6024.4306930693065,5070.478217821782,4227.178217821782,,,,6634.0978783592645,1299.4291017687779,6360.85657708628,970.4291052366491,6482.9158085808585,1057.6458741641627,6458.027687411598,1069.3964604423938,5952.916371994342,1117.975230261985,5606.855374823196,1110.7708195881266,5524.912426298809,1131.309723113909,5524.912426298809,1131.309723113909,5524.912426298809,1131.309723113909,-0.09279318468236242,-615.8792079207924,-0.10659471180225788,-718.4108910891091,,,-718.4108910891091,,,2022-05-31
2022,6,2,3,26,0,6422.653465346535,6021.237623762376,5780.38811881188,6262.087128712871,5459.255445544555,6637.116831683168,6033.742574257426,6074.759735973596,324.4605618738139,5994.476567656766,343.1264168890538,6529.4917491749175,974.0425388537411,401.41584158415935,388.9108910891091,0.06666666666666687,0.06445599663936141,1.2246467991473532e-16,-1.0,1.2246467991473532e-16,-1.0,30,181,0,1,0,1,5,0.02581844022713308,-0.9996666485105112,0.43388373911755823,-0.900968867902419,6021.237623762376,7919.287128712871,5430.368316831683,7638.268316831683,5462.1504950495055,5375.928712871287,4508.990099009901,,,,6420.293069306931,1169.3378324999564,6431.734087694483,932.7463246350299,6442.395313531352,1034.8973608123842,6492.3313649222055,1051.5239115746901,5971.607885431399,1116.9027560802276,5629.637081565299,1107.602438221903,5534.887326732673,1128.9092517422985,5534.887326732673,1128.9092517422985,5534.887326732673,1128.9092517422985,-0.18898590732239118,-1496.633663366336,-0.15914796404918374,-1215.6148514851475,,,-1215.6148514851475,,,2022-06-30
2022,7,3,6,30,1,6583.219801980198,6422.653465346535,6021.237623762376,5780.38811881188,6262.087128712871,7919.287128712871,6184.586138613861,6342.370297029703,289.4650799230206,6088.140264026403,419.98661968391,6562.711221122113,967.9891042835048,160.566336633663,398.6336633663368,0.02499999999999991,0.06445599663936141,-0.4999999999999998,-0.8660254037844388,-1.0,-1.8369701987210297e-16,31,212,0,1,0,0,5,-0.4862727071086902,-0.8738071036110807,-0.7818314824680299,0.6234898018587334,6422.653465346535,8975.19207920792,5656.633663366337,6024.4306930693065,6265.4079207920795,6414.460396039603,4621.714851485149,4227.178217821782,,,6078.582743988684,384.2265702067379,6497.918811881188,906.0075388284421,6461.021617161717,1032.1402740148108,6503.681789250354,1050.6986678598594,5974.621446251767,1118.3460952614328,5652.988330975954,1106.773295357876,5561.0655665566555,1125.556210193094,5546.407463823305,1127.9860953949935,5546.407463823305,1127.9860953949935,-0.26650931324010374,-2391.972277227722,0.0927538447000047,558.7891089108916,,,558.7891089108916,2356.0415841584163,,2022-07-31
2022,8,3,2,35,0,6824.0693069306935,6583.219801980198,6422.653465346535,6021.237623762376,5780.38811881188,8975.19207920792,6410.851485148515,6609.980858085809,202.04154291031662,6315.609240924092,378.8367543244356,6597.146039603959,969.4445248814311,240.84950495049543,413.21782178217836,0.03658536585365857,0.06445599663936141,-0.8660254037844384,-0.5000000000000004,-1.0,-1.8369701987210297e-16,31,243,0,1,0,0,5,-0.8631421280499115,-0.5049610547215202,0.9749279121818236,-0.22252093395631434,6583.219801980198,6021.237623762376,6033.742574257426,5462.1504950495055,5783.453465346534,7269.721782178218,4790.80198019802,3832.641584158416,,,6193.272984441302,473.66745322092225,6554.37072135785,899.4590125376751,6506.418910891089,1016.5242587497656,6540.846640735502,1042.65282452224,5966.663366336633,1110.5209230818414,5677.193894389439,1109.9194616114526,5594.303652365236,1118.0859109471453,5560.295092552733,1129.6523481473737,5560.295092552733,1129.6523481473737,0.13333333333333353,802.8316831683178,0.2493374748856758,1361.918811881188,,,1361.918811881188,2991.4277227722773,,2022-08-31
2022,9,3,4,39,0,6663.50297029703,6824.0693069306935,6583.219801980198,6422.653465346535,6021.237623762376,6021.237623762376,6260.00792079208,6690.26402640264,122.63456528086292,6382.511881188118,402.21787203729133,6630.770627062706,963.6683384368561,-160.56633663366392,403.49504950494975,-0.02352941176470591,0.06445599663936141,-1.0,-1.8369701987210297e-16,-1.0,-1.8369701987210297e-16,30,273,0,1,0,1,5,-0.9999166586547379,-0.012910296075008843,-0.433883739117558,-0.9009688679024191,6824.0693069306935,5459.255445544555,6184.586138613861,6265.4079207920795,6024.4306930693065,4650.3712871287125,4678.0772277227725,4396.265346534654,,,6365.3083451202265,369.9834393517085,6588.579066478077,893.4002013018111,6519.688745874588,1015.867761196823,6563.670650636492,1037.9136050049526,6002.612146393211,1099.6669793491533,5700.829915134371,1109.526678908828,5619.495181518152,1116.3298085794006,5572.15754285106,1129.305258686451,5572.15754285106,1129.305258686451,0.22058823529411753,1204.2475247524744,0.06353856836421645,398.0950495049501,,,398.0950495049501,2267.2376237623757,,2022-09-30
2022,10,4,0,44,0,7064.918811881188,6663.50297029703,6824.0693069306935,6583.219801980198,6422.653465346535,5459.255445544555,6637.116831683168,6850.830363036303,202.04154291031506,6596.600330033004,356.93671517455016,6666.420792079208,971.8032204684711,401.41584158415844,427.8019801980199,0.06024096385542177,0.06445599663936141,-0.8660254037844386,0.5000000000000001,-2.4492935982947064e-16,1.0,31,304,0,1,0,0,5,-0.867456354729597,0.4975132889071803,0.0,1.0,6663.50297029703,6262.087128712871,6410.851485148515,5783.453465346534,6426.059405940594,4216.336633663366,4959.889108910891,4058.0910891089106,,,6479.998585572843,448.7110613127413,6635.298161244696,900.4650927494499,6562.404257425743,1010.7717592172579,6586.487057991513,1041.7912277046555,6053.479685289957,1081.2663071208337,5725.8897925506835,1116.3413667139635,5652.904378437844,1114.0669524161947,5588.037981883294,1133.7207953740228,5588.037981883294,1133.7207953740228,0.1282051282051282,802.8316831683169,0.22157441988821658,1281.4653465346537,,,1281.4653465346537,3006.8277227722774,,2022-10-31
2022,11,4,2,48,0,8429.732673267326,7064.918811881188,6663.50297029703,6824.0693069306935,6583.219801980198,6262.087128712871,7919.287128712871,7386.051485148514,925.8706639123443,6998.0161716171615,734.7847262966699,6708.957920792079,1040.380102632141,1364.8138613861383,510.4455445544554,0.19318181818181812,0.06445599663936141,-0.5000000000000004,0.8660254037844384,-2.4492935982947064e-16,1.0,30,334,0,1,0,0,5,-0.5086709438521042,0.8609610158889945,0.9749279121818236,-0.22252093395631434,7064.918811881188,5780.38811881188,6260.00792079208,6024.4306930693065,6586.710891089109,4836.3861386138615,5918.049504950494,4227.178217821782,,,6858.476379066477,765.6522084262666,6790.278500707213,1010.8554548219821,6642.58099009901,1060.7865905576639,6652.309264497878,1098.4859035002082,6117.646587694483,1113.8566345272948,5755.790782649693,1154.534470721775,5699.599427942794,1141.3758813897489,5617.950557582074,1164.7538805166025,5617.950557582074,1164.7538805166025,0.4583333333333335,2649.344554455446,0.3992579718719571,2405.30198019802,,,2405.30198019802,4202.554455445545,,2022-11-30
2022,12,4,5,52,1,9553.69702970297,8429.732673267326,7064.918811881188,6663.50297029703,6824.0693069306935,5780.38811881188,8975.19207920792,8349.449504950495,1246.329930119736,7519.856765676567,1205.4957271565788,6757.166666666667,1161.3132329914765,1123.964356435643,578.5049504950493,0.1333333333333333,0.06445599663936141,-2.4492935982947064e-16,1.0,-2.4492935982947064e-16,1.0,31,365,0,1,0,1,5,6.432490598706546e-16,1.0,-0.9749279121818236,-0.2225209339563146,8429.732673267326,6021.237623762376,6637.116831683168,6426.059405940594,6827.688118811881,4464.356435643564,6707.122772277227,4508.990099009901,,,7363.113437057992,1176.0084697649957,6998.605657708628,1249.282697753529,6746.835577557756,1185.1730844050733,6749.666725601132,1227.7956833303629,6208.527669731259,1182.0457048427245,5789.678571428572,1222.5660957753944,5755.651727172717,1204.3811066753267,5658.947916666667,1226.2651713153712,5658.947916666667,1226.2651713153712,0.5866666666666667,3532.4594059405936,0.48671159511395423,3127.6376237623754,,,3127.6376237623754,5044.706930693068,,2022-12-31
2023,1,1,1,5,0,6054.207920792079,9553.69702970297,8429.732673267326,7064.918811881188,6663.50297029703,6021.237623762376,6021.237623762376,8012.545874587458,1786.6559894369807,7431.688118811881,1303.0959453526843,6759.914191419142,1159.4513409303333,-3499.4891089108905,32.97029702970303,-0.36629684801923135,0.005475667809486273,0.49999999999999994,0.8660254037844387,1.0,6.123233995736766e-17,31,31,0,1,0,0,5,0.5086709438521044,0.8609610158889943,0.7818314824680298,0.6234898018587336,9553.69702970297,6422.653465346535,7919.287128712871,6586.710891089109,6667.036633663367,4650.3712871287125,4365.3712871287125,4621.714851485149,,,7310.478359264498,1232.0275333756122,6865.385714285714,1242.979093012691,6729.085478547855,1191.6239735408753,6727.779985855728,1234.7655779115535,6233.596181046676,1163.1347442952597,5809.783769448373,1212.7078254403802,5771.568316831683,1198.6792132968128,5663.022762070021,1220.5216419529754,5663.022762070021,1220.5216419529754,-0.057366561428606744,-368.4455445544563,-0.08084504984383512,-532.5029702970305,,,-532.5029702970305,1432.49306930693,,2023-01-31
2023,2,1,1,9,0,5489.148514851486,6054.207920792079,9553.69702970297,8429.732673267326,7064.918811881188,6422.653465346535,5459.255445544555,7032.351155115511,2201.751983656394,7209.201320132014,1522.9939233532646,6762.405280528053,1156.431002424727,-565.059405940593,29.893069306930556,-0.09333333333333316,0.005475667809486273,0.8660254037844386,0.5000000000000001,1.0,6.123233995736766e-17,28,59,0,1,0,0,4,0.8498170915275278,0.5270777086423722,0.7818314824680298,0.6234898018587336,6054.207920792079,6583.219801980198,8975.19207920792,6827.688118811881,7068.665346534653,4960.39603960396,3957.9366336633666,4790.80198019802,,,7154.1824611032525,1397.896610179358,6616.382602545969,1132.0393975925367,6684.467491749176,1212.678161615247,6671.368670438473,1254.5376209511794,6243.038189533239,1154.7270836825398,5828.01248231966,1195.9286331350982,5779.327722772277,1194.5121462075476,5661.248535057587,1214.3410214781081,5661.248535057587,1214.3410214781081,-0.1661909096214016,-1094.0712871287124,-0.19604580359674095,-1338.5396039603957,,,-1338.5396039603957,698.3465346534658,,2023-02-28
2023,3,1,4,13,0,6296.376237623762,5489.148514851486,6054.207920792079,9553.69702970297,8429.732673267326,6583.219801980198,6262.087128712871,5946.577557755775,414.23709441394743,7148.013531353135,1556.3130611881743,6765.262706270627,1155.1240049241344,807.2277227722761,34.28910891089072,0.14705882352941146,0.005475667809486273,1.0,6.123233995736766e-17,1.0,6.123233995736766e-17,31,90,0,1,0,1,5,0.9997685019798909,0.021516097436222254,-0.433883739117558,-0.9009688679024191,5489.148514851486,6824.0693069306935,6021.237623762376,6667.036633663367,8434.202970297029,5084.40594059406,4539.986138613861,4678.0772277227725,,,7078.797736916548,1432.4667781198914,6636.035360678926,1123.2668997619226,6672.112145214521,1214.748345375356,6595.017715700141,1207.4484083467482,6264.680516265912,1143.9238013432914,5848.9218882602545,1188.468626905361,5797.308822882288,1189.9200356443728,5667.66396639664,1209.8146757872296,5667.66396639664,1209.8146757872296,-0.07732821071600104,-527.6930693069316,-0.055595974104605594,-370.6603960396051,,,-370.6603960396051,1618.2990099009894,,2023-03-31
2023,4,2,6,17,1,5812.039603960396,6296.376237623762,5489.148514851486,6054.207920792079,9553.69702970297,6824.0693069306935,5780.38811881188,5865.8547854785475,406.2957105660711,6939.2003300330025,1650.8698074724264,6767.900330033003,1152.7042898931288,-484.33663366336623,31.65148514851535,-0.07692307692307687,0.005475667809486273,0.8660254037844387,-0.49999999999999983,1.2246467991473532e-16,-1.0,30,120,0,1,0,0,5,0.8800122039735357,-0.47495107206704995,-0.7818314824680299,0.6234898018587334,6296.376237623762,6663.50297029703,5459.255445544555,7068.665346534653,9558.763366336632,5270.420792079209,4190.756435643564,4959.889108910891,,,6957.160113154173,1507.7799831833438,6661.234229137199,1098.5213538113683,6630.224620462046,1222.2453352690018,6461.206152758133,1066.1815957365295,6274.352280763791,1137.6369805006066,5868.2228783592645,1174.2957000541196,5806.777161716172,1186.5673240378765,5669.107722772277,1203.7755745607208,5669.107722772277,1203.7755745607208,-0.12778014358695178,-851.463366336634,-0.1777741173148487,-1256.625742574257,,,-1256.625742574257,852.1504950495046,,2023-04-30
2023,5,2,2,22,0,6054.207920792079,5812.039603960396,6296.376237623762,5489.148514851486,6054.207920792079,6663.50297029703,6021.237623762376,6054.207920792079,242.16831683165384,6543.279537953796,1499.8573840670945,6770.647854785479,1150.800513898667,242.16831683168311,32.97029702970303,0.04166666666666674,0.005475667809486273,0.49999999999999994,-0.8660254037844387,1.2246467991473532e-16,-1.0,31,151,0,1,0,0,5,0.5160623910158528,-0.8565509959010036,0.9749279121818236,-0.22252093395631434,5812.039603960396,7064.918811881188,6262.087128712871,8434.202970297029,5656.633663366337,5146.410891089109,4365.3712871287125,5918.049504950494,,,6812.7728429985855,1543.7065677663334,6646.385714285714,1105.7129609398262,6550.891452145214,1177.5379184433923,6475.405233380481,1057.683207990547,6290.562942008486,1127.6966084392654,5888.328076379066,1162.6549157177822,5808.2900330033,1186.7975686848702,5672.920596019998,1198.3543782256672,5672.920596019998,1198.3543782256672,-0.14306051038964251,-1010.7108910891093,-0.2821837532113758,-2379.9950495049497,,,-2379.9950495049497,136.15841584158443,,2023-05-31
2023,6,2,4,26,0,6457.821782178218,6054.207920792079,5812.039603960396,6296.376237623762,5489.148514851486,7064.918811881188,6422.653465346535,6108.0231023102315,326.23720012791017,6027.300330033003,345.00526316459775,6773.578547854785,1149.8781374074267,403.61386138613943,35.168316831683114,0.06666666666666687,0.005475667809486273,1.2246467991473532e-16,-1.0,1.2246467991473532e-16,-1.0,30,181,0,1,0,1,5,0.02581844022713308,-0.9996666485105112,-0.433883739117558,-0.9009688679024191,6054.207920792079,8429.732673267326,5780.38811881188,9558.763366336632,5128.681188118812,5456.435643564356,4656.39603960396,6707.122772277227,,,6531.071287128712,1369.5571425955977,6694.773833097594,1079.4100866252882,6447.526732673267,1031.4387588775123,6522.874540311174,1024.3025068474371,6308.444837340877,1122.1552373987984,5909.773620933522,1156.2540763027282,5805.5200220022,1184.9656249588797,5680.615705688216,1194.9371397054388,5680.615705688216,1194.9371397054388,-0.23392330071658185,-1971.9108910891082,-0.32440823831658894,-3100.941584158414,,,-3100.941584158414,-249.30099009900914,,2023-06-30
2023,7,3,0,31,0,6619.267326732674,6457.821782178218,6054.207920792079,5812.039603960396,6296.376237623762,8429.732673267326,6583.219801980198,6377.0990099009905,291.0500945431211,6121.4768976897685,422.2863268977282,6776.5825082508245,1149.3826111620979,161.4455445544554,36.04752475247551,0.02499999999999991,0.005475667809486273,-0.4999999999999998,-0.8660254037844388,-1.0,-1.8369701987210297e-16,31,212,0,1,0,0,5,-0.4862727071086902,-0.8738071036110807,0.0,1.0,6457.821782178218,9553.69702970297,6021.237623762376,5656.633663366337,5882.89900990099,6510.519801980197,4772.805940594059,4365.3712871287125,,,6111.867043847241,386.33046726876466,6737.4902404526165,1062.404539900831,6479.614521452145,1020.9057115609836,6549.1734087694485,1016.6874155563144,6310.386757425743,1122.605296739854,5931.755304101838,1151.9221603319288,5830.563311331133,1177.9838312948868,5689.728828222627,1192.6567162655479,5689.728828222627,1192.6567162655479,-0.30715122050102617,-2934.4297029702957,0.17017783378841989,962.6336633663368,,,962.6336633663368,2253.896039603961,,2023-07-31
2023,8,3,3,35,0,6861.435643564357,6619.267326732674,6457.821782178218,6054.207920792079,5812.039603960396,9553.69702970297,6824.0693069306935,6646.1749174917495,203.14785528300337,6350.191419141914,380.91113854513975,6779.696369636964,1149.5735557228766,242.16831683168311,37.366336633663195,0.03658536585365857,0.005475667809486273,-0.8660254037844384,-0.5000000000000004,-1.0,-1.8369701987210297e-16,31,243,0,1,0,0,5,-0.8631421280499115,-0.5049610547215202,0.43388373911755823,-0.900968867902419,6619.267326732674,6054.207920792079,6422.653465346535,5128.681188118812,5430.368316831683,7378.589108910891,4947.420792079208,3957.9366336633666,,,6227.185289957567,476.26109884692283,6768.831824611033,1058.8684970524744,6537.373003300329,990.4003181656329,6600.282956152757,994.0802708451164,6301.1518741159825,1115.764463854684,5954.541195190947,1151.146760008968,5862.824411441144,1165.8183349708647,5700.995239908607,1192.4013476150444,5700.995239908607,1192.4013476150444,0.13333333333333353,807.227722772278,0.33785575509346777,1732.7544554455444,,,1732.7544554455444,2903.49900990099,,2023-08-31
2023,9,3,5,39,1,6699.990099009901,6861.435643564357,6619.267326732674,6457.821782178218,6054.207920792079,6054.207920792079,6663.50297029703,6726.897689768976,123.3060714222915,6417.460396039604,404.42028349160546,6782.7369636963695,1149.2865059826152,-161.4455445544554,36.48712871287171,-0.02352941176470591,0.005475667809486273,-1.0,-1.8369701987210297e-16,-1.0,-1.8369701987210297e-16,30,273,0,1,0,1,5,-0.9999166586547379,-0.012910296075008843,-0.9749279121818236,-0.2225209339563146,6861.435643564357,5489.148514851486,6583.219801980198,5882.89900990099,5656.633663366337,4814.034653465346,4831.0108910891095,4539.986138613861,,,6400.162659123055,372.00934576060723,6777.172560113154,1057.7532732792563,6564.609372937294,982.9888348421573,6637.545685997172,976.8026073277549,6334.829649929278,1098.3889702737213,5976.790947666195,1147.224597682373,5886.824455445544,1160.5010920123918,5710.509476661951,1190.6528847156872,5710.509476661951,1190.6528847156872,0.22058823529411753,1210.8415841584156,0.13889259151546507,817.0910891089115,,,817.0910891089115,2160.0039603960404,,2023-09-30
2023,10,4,1,44,0,7103.603960396039,6699.990099009901,6861.435643564357,6619.267326732674,6457.821782178218,5489.148514851486,7064.918811881188,6888.343234323432,203.14785528300106,6632.721122112212,358.8911820558541,6785.960726072607,1150.2038761403353,403.6138613861376,38.68514851485088,0.06024096385542155,0.005475667809486051,-0.8660254037844386,0.5000000000000001,-2.4492935982947064e-16,1.0,31,304,0,1,0,0,5,-0.867456354729597,0.4975132889071803,0.7818314824680298,0.6234898018587336,6699.990099009901,6296.376237623762,6824.0693069306935,5430.368316831683,6033.742574257426,4364.724752475247,5122.035643564356,4190.756435643564,,,6515.48090523338,451.16805402693024,6797.139321074965,1061.338870895228,6620.383894389438,963.6931996404411,6675.755021216407,973.2272285102314,6383.738207213579,1069.6724575466935,6000.381046676096,1149.807058606441,5919.189427942794,1153.2636602359798,5723.651877451895,1192.6698740551753,5723.651877451895,1192.6698740551753,0.1282051282051282,807.227722772277,0.3081256272025017,1673.235643564356,,,1673.235643564356,2912.847524752475,,2023-10-31
2023,11,4,3,48,0,8475.89108910891,7103.603960396039,6699.990099009901,6861.435643564357,6619.267326732674,6296.376237623762,8429.732673267326,7426.49504950495,930.9404241024748,7036.33498349835,738.8081633693538,6789.807260726073,1156.261978459914,1372.287128712872,46.15841584158443,0.19318181818181834,0.005475667809486273,-0.5000000000000004,0.8660254037844384,-2.4492935982947064e-16,1.0,30,334,0,1,0,0,5,-0.5086709438521042,0.8609610158889945,0.43388373911755823,-0.900968867902419,7103.603960396039,5812.039603960396,6663.50297029703,5656.633663366337,6184.586138613861,5006.59603960396,6111.519801980197,4365.3712871287125,,,6896.031117397454,769.8446655772084,6926.5956152758135,1150.5666283071755,6714.359141914191,1003.1258891568033,6757.587340876945,1025.3339767916605,6445.689904526167,1088.757495066476,6028.528323903818,1181.0752611162418,5964.861870187019,1172.2740520324144,5749.373739243084,1216.484565318786,5749.373739243084,1216.484565318786,0.4583333333333335,2663.851485148515,0.4983984457046837,2819.257425742574,,,2819.257425742574,4110.519801980198,,2023-11-30
2023,12,4,6,52,1,9606.009900990099,8475.89108910891,7103.603960396039,6699.990099009901,6861.435643564357,5812.039603960396,9553.69702970297,8395.168316831683,1253.1544187980905,7561.033003300331,1212.0966213042427,6794.166666666667,1167.6721984780984,1130.1188118811879,52.31287128712938,0.1333333333333333,0.005475667809486273,-2.4492935982947064e-16,1.0,-2.4492935982947064e-16,1.0,31,365,0,1,0,1,5,6.432490598706546e-16,1.0,-0.7818314824680299,0.6234898018587334,8475.89108910891,6054.207920792079,7064.918811881188,6033.742574257426,6410.851485148515,4621.473267326733,6926.389108910891,4656.39603960396,,,7403.431400282886,1182.4479014865715,7108.102121640736,1356.1356127471827,6833.434719471948,1124.2563878124554,6871.700141442716,1154.9256907191316,6534.699487270155,1139.4798907888444,6060.428571428572,1240.31990621505,6019.857579757975,1225.110969287514,5785.083333333333,1266.3820034765815,5785.083333333333,1266.3820034765815,0.5866666666666667,3551.80198019802,0.5920483485612265,3572.2673267326727,,,3572.2673267326727,4949.6138613861385,,2023-12-31
2024,1,1,2,5,0,6244.975247524752,9606.009900990099,8475.89108910891,7103.603960396039,6699.990099009901,6054.207920792079,6054.207920792079,8108.958745874587,1710.297633113103,7498.65099009901,1278.0944746328905,6810.06394389439,1157.9402395582026,-3361.0346534653463,190.7673267326736,-0.3498887350843686,0.031509873666135224,0.49999999999999994,0.8660254037844387,1.0,6.123233995736766e-17,31,31,0,1,0,0,5,0.5086709438521044,0.8609610158889943,0.9749279121818236,-0.22252093395631434,9606.009900990099,6457.821782178218,8429.732673267326,6184.586138613861,6260.00792079208,4814.034653465346,4581.757425742574,4772.805940594059,,,7373.0247524752485,1213.1549362972848,6952.04801980198,1317.5060861080835,6835.4476897689765,1123.1080466390565,6871.163260254596,1155.2240303545937,6560.251997878359,1115.9951264414826,6080.2287835926445,1229.6601305461788,6036.21501650165,1218.081389719878,5789.302525206649,1261.2749345057684,5789.302525206649,1261.2749345057684,-0.03295949343799831,-212.84653465346582,0.009764454331688821,60.38910891089108,,,60.38910891089108,1472.169306930693,,2024-01-31
2024,2,1,3,9,0,5662.110891089109,6244.975247524752,9606.009900990099,8475.89108910891,7103.603960396039,6457.821782178218,5489.148514851486,7171.032013201319,2128.7955984584305,7298.7635313531355,1476.1255766949064,6824.477475247524,1140.9552307525532,-582.8643564356435,172.96237623762318,-0.09333333333333327,0.031509873666135,0.8660254037844386,0.5000000000000001,1.0,6.123233995736766e-17,29,60,0,1,0,0,5,0.8587639582758029,0.5123714121284237,0.43388373911755823,-0.900968867902419,6244.975247524752,6619.267326732674,9553.69702970297,6410.851485148515,6637.116831683168,5134.970297029703,4154.126732673268,4947.420792079208,,,7236.288118811882,1357.6123054893617,6674.077581329561,1122.4733695701273,6810.489669966996,1141.0450302686336,6836.341619519095,1177.029023878506,6569.665222772278,1105.9323434117455,6098.180975954739,1212.083722515567,6044.15601760176,1213.2234335982544,5788.146237623762,1255.534508662557,5788.146237623762,1255.534508662557,-0.1446015681793026,-957.1564356435647,-0.11679269061121622,-748.7405940594062,,,-748.7405940594062,714.6900990099011,,2024-02-29
2024,3,1,6,13,1,6494.774257425743,5662.110891089109,6244.975247524752,9606.009900990099,8475.89108910891,6619.267326732674,6296.376237623762,6133.953465346534,427.2896529267476,7264.560891089109,1495.030688418694,6841.0106435643565,1134.0234233273102,832.6633663366338,198.3980198019808,0.1470588235294117,0.031509873666135224,1.0,6.123233995736766e-17,1.0,6.123233995736766e-17,31,91,0,1,0,1,5,0.9999907397361901,0.004303538296244289,-0.7818314824680299,0.6234898018587334,5662.110891089109,6861.435643564357,6054.207920792079,6260.00792079208,7919.287128712871,5263.344554455446,4765.027722772277,4831.0108910891095,,,7183.9079207920795,1381.3513712130637,6705.546605374823,1109.8631635473232,6818.315214521452,1137.940334825129,6785.466159830268,1159.1368478027337,6591.655038896747,1091.6360133197163,6118.773196605375,1203.8270609609842,6062.642277227723,1207.1913117589345,5794.5122558201765,1251.6128399272122,5794.5122558201765,1251.6128399272122,-0.05343799828284068,-366.66138613861403,0.03750256223381232,234.76633663366283,,,234.76633663366283,1663.7633663366332,,2024-03-31
2024,4,2,1,18,0,5995.176237623762,6494.774257425743,5662.110891089109,6244.975247524752,9606.009900990099,6861.435643564357,5812.039603960396,6050.6871287128715,419.09803707709,7079.8229372937285,1584.6921083951015,6856.27202970297,1120.0633056074703,-499.5980198019806,183.1366336633664,-0.07692307692307698,0.031509873666135224,0.8660254037844387,-0.49999999999999983,1.2246467991473532e-16,-1.0,30,121,0,1,0,0,5,0.8717063187093218,-0.49002866642905923,0.7818314824680298,0.6234898018587336,6494.774257425743,6699.990099009901,5489.148514851486,6637.116831683168,8975.19207920792,5455.90594059406,4398.487128712871,5122.035643564356,,,7083.2202263083445,1446.647281250679,6741.6914427157,1074.890427274796,6796.917194719472,1147.4608644342463,6679.037022630834,1085.0780874188351,6601.28486562942,1083.7852275768666,6137.781400282885,1188.8493376601107,6072.343839383938,1203.0485939312712,5796.303898514851,1246.1064537160833,5796.303898514851,1246.1064537160833,-0.1051962541691358,-704.8138613861393,-0.09671979721601653,-641.9405940594061,,,-641.9405940594061,873.1405940594059,,2024-04-30
2024,5,2,4,22,0,6244.975247524752,5995.176237623762,6494.774257425743,5662.110891089109,6244.975247524752,6699.990099009901,6054.207920792079,6244.975247524752,249.79900990094157,6708.003630363036,1447.3915980556194,6872.169306930693,1108.9431551244481,249.7990099009903,190.7673267326736,0.04166666666666674,0.031509873666135224,0.49999999999999994,-0.8660254037844387,1.2246467991473532e-16,-1.0,31,152,0,1,0,0,5,0.5012418134457758,-0.865307254363206,-0.433883739117558,-0.9009688679024191,5995.176237623762,7103.603960396039,6296.376237623762,7919.287128712871,6021.237623762376,5327.531683168317,4581.757425742574,6111.519801980197,,,6960.5589816124475,1480.633243992133,6738.0199434229135,1076.6148953081174,6741.106798679868,1131.596495984313,6687.02765205092,1080.8702268615286,6617.667786421499,1071.0398688966573,6157.581612446958,1176.4069039360186,6073.826677667767,1203.179662755207,5800.274441426443,1241.2488244268163,5800.274441426443,1241.2488244268163,-0.1208722667618165,-858.6287128712866,-0.21142204518858576,-1674.3118811881186,,,-1674.3118811881186,133.455445544555,,2024-05-31
2024,6,2,6,26,1,6661.306930693069,6244.975247524752,5995.176237623762,6494.774257425743,5662.110891089109,7103.603960396039,6457.821782178218,6300.486138613862,336.51689308912063,6217.219801980198,355.8763354210646,6889.126402640264,1103.5740568129393,416.3316831683169,203.48514851485106,0.06666666666666665,0.031509873666135,1.2246467991473532e-16,-1.0,1.2246467991473532e-16,-1.0,30,182,0,1,0,1,5,0.008606996888688698,-0.9999629591162655,-0.7818314824680299,0.6234898018587334,6244.975247524752,8475.89108910891,5812.039603960396,8975.19207920792,5459.255445544555,5648.4673267326725,4887.20792079208,6926.389108910891,,,6701.332673267326,1321.3995901246842,6798.68189533239,1043.8546284697156,6663.977293729373,1049.9847359192095,6729.958062234795,1053.832590518335,6635.754207920792,1062.8964564468733,6178.7018387553035,1169.2283337681695,6070.881320132013,1201.3922885784566,5807.827357998957,1238.3729040248843,5807.827357998957,1238.3729040248843,-0.21408771530199222,-1814.5841584158416,-0.2578089837069042,-2313.8851485148507,,,-2313.8851485148507,-265.0821782178218,,2024-06-30
2024,7,3,2,31,0,6827.839603960396,6661.306930693069,6244.975247524752,5995.176237623762,6494.774257425743,8475.89108910891,6619.267326732674,6578.0405940594055,300.2210462526773,6314.363861386139,435.5925157092105,6906.507425742574,1100.5758673964522,166.53267326732657,208.57227722772222,0.02499999999999991,0.031509873666135,-0.4999999999999998,-0.8660254037844388,-1.0,-1.8369701987210297e-16,31,213,0,1,0,0,5,-0.5012418134457756,-0.8653072543632061,0.9749279121818236,-0.22252093395631434,6661.306930693069,9606.009900990099,6054.207920792079,6021.237623762376,6262.087128712871,6739.648514851485,5009.388118811881,4581.757425742574,,,6304.451202263082,398.50369148578375,6853.941301272985,1021.65328139041,6690.864026402641,1043.2644407354135,6750.163507779349,1049.9462205555064,6637.3290487977365,1063.1185012835806,6200.350070721358,1164.1409025975868,6095.837788778877,1193.4136052532667,5816.697029702969,1236.593011920739,5816.697029702969,1236.593011920739,-0.28921168369224304,-2778.170297029703,0.13395949979034616,806.6019801980201,,,806.6019801980201,2246.082178217822,,2024-07-31
2024,8,3,5,35,1,7077.638613861386,6827.839603960396,6661.306930693069,6244.975247524752,5995.176237623762,9606.009900990099,6861.435643564357,6855.59504950495,209.5490185384984,6550.285148514852,392.9136003987186,6924.524339933993,1101.540192246724,249.7990099009903,216.20297029702942,0.03658536585365857,0.031509873666135224,-0.8660254037844384,-0.5000000000000004,-1.0,-1.8369701987210297e-16,31,244,0,1,0,0,5,-0.8717063187093218,-0.4900286664290594,-0.9749279121818236,-0.2225209339563146,6827.839603960396,6244.975247524752,6457.821782178218,5459.255445544555,5780.38811881188,7638.268316831683,5192.658415841584,4154.126732673268,,,6423.403111739745,491.26802590368504,6898.2139321074965,1016.5843810133018,6744.810132013201,1018.9421411195674,6796.493882602545,1034.070065717818,6627.317804101839,1056.1381850107887,6222.790311173974,1162.6490769503393,6128.321254125412,1179.6768372611295,5827.567215773301,1236.7586197376686,5827.567215773301,1236.7586197376686,0.1333333333333333,832.6633663366338,0.29644759884566985,1618.383168316831,,,1618.383168316831,2923.5118811881184,,2024-08-31
2024,9,3,0,40,0,6911.10594059406,7077.638613861386,6827.839603960396,6661.306930693069,6244.975247524752,6244.975247524752,6699.990099009901,6938.861386138614,127.19143015504471,6619.673762376238,417.16351553244635,6942.117326732674,1099.3117274981216,-166.53267326732657,211.11584158415826,-0.02352941176470591,0.031509873666135224,-1.0,-1.8369701987210297e-16,-1.0,-1.8369701987210297e-16,30,274,0,1,0,1,5,-0.9999907397361901,0.004303538296243821,0.0,1.0,7077.638613861386,5662.110891089109,6619.267326732674,6262.087128712871,6021.237623762376,6024.4306930693065,5070.478217821782,4765.027722772277,,,6601.830975954739,383.7313132481464,6919.05954738331,1013.4116366218718,6766.4440924092405,1015.2227795651938,6828.274893917964,1022.9759973993152,6643.151290664781,1053.578804044324,6244.702545968882,1158.0057207833872,6152.166567656765,1173.4839174309134,5836.828230515359,1235.4839485346167,5836.828230515359,1235.4839485346167,0.22058823529411775,1248.9950495049507,0.10364257132503196,649.0188118811884,,,649.0188118811884,2146.0782178217823,,2024-09-30
2024,10,4,3,44,0,7327.437623762376,6911.10594059406,7077.638613861386,6827.839603960396,6661.306930693069,5662.110891089109,7103.603960396039,7105.394059405941,209.54901853849742,6841.717326732673,370.19979786232125,6960.770132013201,1104.1890355730466,416.331683168316,223.83366336633662,0.06024096385542155,0.031509873666135224,-0.8660254037844386,0.5000000000000001,-2.4492935982947064e-16,1.0,31,305,0,1,0,0,5,-0.858763958275803,0.5123714121284235,0.43388373911755823,-0.900968867902419,6911.10594059406,6494.774257425743,6861.435643564357,5780.38811881188,6422.653465346535,5462.1504950495055,5375.928712871287,4398.487128712871,,,6720.7828854314,465.38430241151553,6952.345403111739,1019.0108987271681,6818.012409240923,1002.6219092170925,6860.588613861386,1023.9783491912074,6676.459989391797,1045.0133615295533,6267.934794908062,1159.9403860473751,6184.710462046205,1164.8855464003314,5849.460513508979,1237.8223042791603,5849.460513508979,1237.8223042791603,0.12820512820512797,832.6633663366329,0.2676376522046553,1547.0495049504952,,,1547.0495049504952,2928.9504950495048,,2024-10-31
2024,11,4,5,48,1,8742.965346534653,7327.437623762376,6911.10594059406,7077.638613861386,6827.839603960396,6494.774257425743,8475.89108910891,7660.5029702970305,960.2742392566394,7258.0490099009885,762.08791526063,6983.026320132013,1139.6272078740433,1415.5277227722772,267.07425742574196,0.19318181818181812,0.031509873666135,-0.5000000000000004,0.8660254037844384,-2.4492935982947064e-16,1.0,30,335,0,1,0,0,5,-0.4937755501599774,0.8695893893466109,-0.9749279121818236,-0.2225209339563146,7327.437623762376,5995.176237623762,6699.990099009901,6021.237623762376,6583.219801980198,6265.4079207920795,6414.460396039603,4581.757425742574,,,7113.324186704385,794.1023737320946,7098.272206506365,1121.2456495897648,6908.736666666667,1050.0564372004912,6937.72238330976,1082.0107174203574,6720.702086280056,1079.1813325594665,6295.655091937764,1190.8945744720854,6230.946105610561,1182.9885285096098,5873.775680173059,1260.7836170753062,5873.775680173059,1260.7836170753062,0.45833333333333326,2747.7891089108907,0.45202131070715046,2721.727722772277,,,2721.727722772277,4161.207920792079,,2024-11-30
2024,12,4,1,1,0,9908.69405940594,8742.965346534653,7327.437623762376,6911.10594059406,7077.638613861386,5995.176237623762,9606.009900990099,8659.69900990099,1292.641156218577,7799.280198019802,1250.2896327126875,7008.25,1204.465401935601,1165.728712871287,302.684158415841,0.1333333333333333,0.031509873666135,-2.4492935982947064e-16,1.0,-2.4492935982947064e-16,1.0,31,366,0,1,0,1,5,0.017213356155833904,0.9998518392091162,0.7818314824680298,0.6234898018587336,8742.965346534653,6244.975247524752,7103.603960396039,6422.653465346535,6824.0693069306935,5783.453465346534,7269.721782178218,4887.20792079208,,,7636.712588401698,1219.7066854792004,7298.635785007073,1349.6409254890168,7024.938019801981,1179.3382417243438,7047.88755304102,1218.4402851599768,6794.36709688826,1152.3553044337727,6327.071428571428,1250.2309111301613,6286.740396039604,1236.123575057713,5907.4,1308.3917376954623,5907.4,1308.3917376954623,0.5866666666666664,3663.7188118811873,0.5427726426263471,3486.0405940594046,,,3486.0405940594046,5021.48613861386,,2024-12-31
2025,1,1,2,1,0,6014.487623762376,9908.69405940594,8742.965346534653,7327.437623762376,6911.10594059406,6244.975247524752,6244.975247524752,8222.04900990099,1998.6811434495478,7663.721534653465,1410.5071163521363,6989.042698019802,1219.4877544700246,-3894.206435643564,-230.48762376237664,-0.39300904965846073,-0.03690769212475775,0.49999999999999994,0.8660254037844387,1.0,6.123233995736766e-17,1,1,1,0,1,0,1,0.017213356155834685,0.9998518392091162,0.9749279121818236,-0.22252093395631434,9908.69405940594,6661.306930693069,8475.89108910891,6583.219801980198,6663.50297029703,6024.4306930693065,4650.3712871287125,5009.388118811881,,,7544.309830268741,1325.803916022963,7122.821251768034,1344.7977860124672,7005.980280528052,1191.1952141175502,7024.708433521924,1232.1200033488558,6794.189542079207,1152.4768527145318,6343.310908769448,1236.9786900772917,6297.9081683168315,1228.9732668666397,5908.285021683986,1302.9650697460338,5908.285021683986,1302.9650697460338,-0.09710096136696045,-646.8193069306935,-0.08639118779639576,-568.7321782178224,,,-568.7321782178224,1005.0995049504945,,2025-01-01
2025,1,1,3,1,0,6311.978409453848,6014.487623762376,9908.69405940594,8742.965346534653,7327.437623762376,6661.306930693069,5662.110891089109,7411.720030874055,2167.552690539465,7536.111500585542,1505.5671348771834,7043.198324550197,1168.5705434151723,297.4907856914724,649.8675183647392,0.04946236559139794,0.11477477761650423,0.49999999999999994,0.8660254037844387,1.0,6.123233995736766e-17,2,2,0,0,0,0,1,0.03442161162274574,0.9994074007397048,0.43388373911755823,-0.900968867902419,6014.487623762376,6827.839603960396,9606.009900990099,6824.0693069306935,7064.918811881188,6426.059405940594,4216.336633663366,5192.658415841584,,,7470.615373910662,1385.2695993744849,6887.533288086873,1151.134837847956,6988.910583945491,1197.5440509420891,6997.8177048638045,1239.4047565970745,6792.152381427659,1153.2399786556362,6368.259025147907,1214.4924620894458,6310.345057134746,1223.3133353697192,5911.593983878822,1298.0843778766136,5911.593983878822,1298.0843778766136,-0.07555262343997204,-515.8611945065477,-0.07504186643543509,-512.0908974768454,,,-512.0908974768454,1119.3199936122637,,2025-01-02
2025,1,1,4,1,0,6607.563075694666,6311.978409453848,6014.487623762376,9908.69405940594,8742.965346534653,6827.839603960396,6494.774257425743,6311.3430363036305,296.5382364812841,7485.521023102309,1535.5699812764399,7052.597392739273,1164.2038741780957,295.58466624081757,112.78881826892302,0.046829163071613555,0.017366087534138153,0.49999999999999994,0.8660254037844387,1.0,6.123233995736766e-17,3,3,0,0,0,0,1,0.051619667223253764,0.998666816288476,-0.433883739117558,-0.9009688679024191,6311.978409453848,7077.638613861386,6244.975247524752,6663.50297029703,8429.732673267326,6586.710891089109,4836.3861386138615,5070.478217821782,,,7403.461725601132,1418.4905372645833,6913.432418670438,1139.5869754034788,6987.045920792079,1198.111622835405,6932.740219236209,1208.897386376743,6792.524741867043,1153.1758038457474,6389.344464875057,1202.8961882856092,6327.423777777776,1216.5198026732012,5917.252269178137,1294.2756195675415,5917.252269178137,1294.2756195675415,-0.06641700202749667,-470.07553816672043,-0.008394968059850738,-55.93989460236389,,,-55.93989460236389,1537.0848578728837,,2025-01-03
2025,1,1,5,1,1,7842.320025550942,6607.563075694666,6311.978409453848,6014.487623762376,9908.69405940594,7077.638613861386,5995.176237623762,6920.620503566485,811.7820399275495,7571.334756733737,1539.3509686039438,7206.526041733206,1133.3887745437717,1234.7569498562762,1847.1437879271798,0.1868702478827966,0.30810500220745984,0.49999999999999994,0.8660254037844387,1.0,6.123233995736766e-17,4,4,0,0,0,0,1,0.06880242680231986,0.9976303053065857,-0.9749279121818236,-0.2225209339563146,6607.563075694666,6911.10594059406,5662.110891089109,7064.918811881188,9553.69702970297,6827.688118811881,4464.356435643564,5375.928712871287,,,7536.4923091664,1408.2492003142233,7069.161642560569,1103.841701061135,7012.959294581071,1208.2183646164353,6871.619611945064,1110.7556398805746,6810.643168773099,1161.6778151541196,6429.558317135861,1194.1995102897438,6354.82812569644,1222.6095513226014,5932.777009148886,1300.544676320317,5932.777009148886,1300.544676320317,0.13474168866189284,931.2140849568823,0.11003682198900644,777.4012136697538,,,777.4012136697538,2466.391312679655,,2025-01-04
2025,1,1,6,1,1,7505.753791121048,7842.320025550942,6607.563075694666,6311.978409453848,6014.487623762376,6911.10594059406,6244.975247524752,7318.545630788885,638.311329036064,7365.13283083147,1429.9981986931407,7311.59092036623,1093.8989910314094,-336.5662344298935,1260.778543596296,-0.04291666666666649,0.2018868760282142,0.49999999999999994,0.8660254037844387,1.0,6.123233995736766e-17,5,5,0,0,0,0,1,0.08596479873744647,0.9962981749346078,-0.7818314824680299,0.6234898018587334,7842.320025550942,7327.437623762376,6494.774257425743,8429.732673267326,6054.207920792079,6667.036633663367,4650.3712871287125,6414.460396039603,,,7561.966047360496,1405.4473473330522,7141.374466395949,1096.419019494994,6982.159998509528,1182.3573558552705,6923.460535885386,1105.051084398559,6825.620260870557,1165.1940020944812,6463.550965992913,1183.536477348991,6366.953607864013,1228.604477613911,5945.360823404663,1302.9083035559333,5945.360823404663,1302.9083035559333,0.024335405705864455,178.31616735867283,-0.1096095117080561,-923.978882146278,,,-923.978882146278,1091.293395081445,,2025-01-05
2025,1,1,0,2,0,5612.160268284893,7505.753791121048,7842.320025550942,6607.563075694666,6311.978409453848,7327.437623762376,6661.306930693069,6986.744694985628,1202.2607733498157,6649.043865644629,866.1388903043036,7224.162031832216,1188.4380343267885,-1893.593522836155,-1049.1466624081759,-0.2522855898998694,-0.15749862201575782,0.49999999999999994,0.8660254037844387,1.0,6.123233995736766e-17,6,6,0,0,0,0,1,0.10310169744743485,0.9946708199115211,0.0,1.0,7505.753791121048,8742.965346534653,5995.176237623762,9553.69702970297,5489.148514851486,7068.665346534653,4960.39603960396,7269.721782178218,,,7114.708179039101,1463.9216453754195,7114.016182871744,1131.4387602522593,6850.775439795591,1103.0887368777455,6927.853812793721,1099.3674994682776,6799.611241616097,1175.8770066306686,6471.3100639534,1175.6735958068175,6348.536257709642,1227.3426688017614,5942.716374554506,1298.0256618881072,5942.716374554506,1298.0256618881072,-0.3580941882024822,-3130.8050782497594,-0.4125666481953134,-3941.536761418076,,,-3941.536761418076,-1657.5615138933244,,2025-01-06
2025,1,1,1,2,0,5905.838815075055,5612.160268284893,7505.753791121048,7842.320025550942,6607.563075694666,8742.965346534653,6827.839603960396,6341.250958160333,1019.1231074758938,6630.935730863409,883.0297370187164,7147.3286327584365,1244.8548202401942,293.6785467901618,-922.0007888853406,0.05232896652110597,-0.1350355079153509,0.49999999999999994,0.8660254037844387,1.0,6.123233995736766e-17,7,7,0,0,0,0,1,0.1202080448993527,0.9927487224577402,0.7818314824680298,0.6234898018587336,5612.160268284893,9908.69405940594,6244.975247524752,6054.207920792079,6296.376237623762,8434.202970297029,5084.40594059406,4650.3712871287125,,,6542.871715563261,839.0896808952872,7089.7921519824795,1154.8640559339651,6845.829802938358,1107.1085314840573,6913.906047702696,1110.1008274750775,6754.461881701419,1160.4118032169129,6481.08902674484,1167.3857078610804,6362.4858969090465,1214.896471347458,5942.426000070416,1292.8686469178988,5942.426000070416,1292.8686469178988,-0.4039740474710821,-4002.8552443308845,-0.0245067740748508,-148.36910571702356,,,-148.36910571702356,1255.4675279463427,,2025-01-07
2025,1,1,2,2,0,5887.730680293836,5905.838815075055,5612.160268284893,7505.753791121048,7842.320025550942,9908.69405940594,7077.638613861386,5801.909921217928,164.5772591442847,6560.227776003408,929.4439054967412,7048.169638294475,1297.2011474762119,-18.108134781219633,-1189.9079335675506,-0.0030661410424879243,-0.16812216594912666,0.49999999999999994,0.8660254037844387,1.0,6.123233995736766e-17,8,8,0,0,0,0,2,0.13727877211326478,0.9905324521322229,0.9749279121818236,-0.22252093395631434,5905.838815075055,6014.487623762376,6661.306930693069,5489.148514851486,5812.039603960396,9558.763366336632,5270.420792079209,4216.336633663366,,,6524.763580782042,853.6347434469648,7034.536705525391,1194.759413686984,6859.115875119769,1092.5620622158258,6916.6093004288905,1107.40713992551,6688.907726593512,1101.2969224769092,6488.43795398549,1161.6011977326787,6381.056941871606,1194.3219228650778,5941.998692884661,1287.7776279446111,5941.998692884661,1287.7776279446111,-0.02107526881720423,-126.75694346854016,0.07261274938434314,398.58216544234983,,,398.58216544234983,1671.3940466304693,,2025-01-08
2025,1,1,3,2,0,6178.5500479080165,5887.730680293836,5905.838815075055,5612.160268284893,7505.753791121048,6014.487623762376,6911.10594059406,5990.706514425637,162.92903651482578,6488.725604705632,941.4979300933804,6987.123313903971,1321.251848446187,290.8193676141809,-732.5558926860431,0.049394135602627065,-0.10599691264797406,0.49999999999999994,0.8660254037844387,1.0,6.123233995736766e-17,9,9,0,0,0,0,2,0.15430882066428117,0.9880226656636976,0.43388373911755823,-0.900968867902419,5887.730680293836,6311.978409453848,6827.839603960396,6296.376237623762,6054.207920792079,5656.633663366337,5146.410891089109,4836.3861386138615,,,6505.702386275494,860.6389708209458,6988.158880093079,1215.8165209582608,6855.188335462578,1094.8641092270414,6921.050090683032,1104.065024745538,6698.227662031756,1094.5902605891538,6500.725324900001,1152.6587967007943,6395.969874197097,1183.1448175910273,5943.832424318951,1282.9064523734655,5943.832424318951,1282.9064523734655,-0.021138912855910186,-133.42836154583165,-0.01871333371275996,-117.82618971574539,,,-117.82618971574539,1342.163909294155,,2025-01-09
2025,1,1,4,2,0,6467.463296071543,6178.5500479080165,5887.730680293836,5905.838815075055,5612.160268284893,6311.978409453848,7327.437623762376,6177.914674757798,289.86683015373075,6259.582816459065,676.0602764610633,6915.458786596402,1324.4338058957915,288.9132481635261,-859.974327690833,0.04676068752754525,-0.11736358217530174,0.49999999999999994,0.8660254037844387,1.0,6.123233995736766e-17,10,10,0,0,0,0,2,0.1712931441814776,0.9852201067560606,-0.433883739117558,-0.9009688679024191,6178.5500479080165,6607.563075694666,7077.638613861386,5812.039603960396,6457.821782178218,5128.681188118812,5456.435643564356,4464.356435643564,,,6485.688132043618,859.5036614172441,6944.574928822375,1223.2758975988893,6877.035791866283,1079.7660538782907,6921.394430464936,1103.916694117423,6722.1344853880555,1074.1152905207134,6512.76136838223,1146.8870790572514,6418.2266170907415,1165.1031486617837,5947.860354101664,1278.749230620385,5947.860354101664,1278.749230620385,-0.021202942449156104,-140.09977962312314,0.1127699975864811,655.4236921111469,,,655.4236921111469,2003.106860427979,,2025-01-10
2025,1,1,5,2,1,7675.534573618652,6467.463296071543,6178.5500479080165,5887.730680293836,5905.838815075055,6607.563075694666,8742.965346534653,6773.849305866071,794.1315746163292,6287.879613541999,739.2510419614507,6826.506222186734,1222.4549903971258,1208.0712775471093,-1067.430772916001,0.18679213506799708,-0.12209024405421964,0.49999999999999994,0.8660254037844387,1.0,6.123233995736766e-17,11,11,0,0,0,0,2,0.1882267098432442,0.9821256058680006,-0.9749279121818236,-0.2225209339563146,6467.463296071543,7842.320025550942,6911.10594059406,6054.207920792079,6619.267326732674,5882.89900990099,6510.519801980197,4650.3712871287125,,,6461.861638910435,816.8832853760091,6999.176974038417,1238.6311751211374,6931.080013627169,1077.7351485790784,6959.118260710864,1111.2333146065796,6754.145834740156,1075.3610135020008,6526.630591854117,1153.882531121043,6451.839542496185,1157.138285885436,5961.048706922404,1282.7339215741047,5961.048706922404,1282.7339215741047,-0.02126736111111116,-166.78545193229002,0.26780161402425917,1621.326652826573,,,1621.326652826573,3025.1632864899393,,2025-01-11
2025,1,1,6,2,1,7345.639757266049,7675.534573618652,6467.463296071543,6178.5500479080165,5887.730680293836,7842.320025550942,9908.69405940594,7162.879208985414,624.4278312298649,6576.792861705525,760.7752905445172,6612.918363675076,778.1410670609342,-329.8948163526029,-2563.0543021398908,-0.04298004434589797,-0.25866721555570504,0.49999999999999994,0.8660254037844387,1.0,6.123233995736766e-17,12,12,0,0,0,0,2,0.2051044998686192,0.9787400799669153,-0.7818314824680299,0.6234898018587334,7675.534573618652,7505.753791121048,7327.437623762376,6457.821782178218,6861.435643564357,5430.368316831683,7378.589108910891,4960.39603960396,,,6438.988205502578,784.3766517545903,7000.477126431537,1239.0117396917847,6960.673946130096,1076.480389913517,6976.411264771638,1113.42231141736,6788.3471104621985,1062.8781289212375,6526.238337667868,1153.5949891206017,6478.342250470208,1149.887643806969,5971.538033061371,1283.4988847343923,5971.538033061371,1283.4988847343923,-0.021332172398781157,-160.11403385499943,0.13747947915471448,887.8179750878307,,,887.8179750878307,2385.243717662089,,2025-01-12
2025,1,1,0,3,0,5492.074742893645,7345.639757266049,7675.534573618652,6467.463296071543,6178.5500479080165,7505.753791121048,6014.487623762376,6837.749691259448,1177.0040133570226,6507.832183008623,847.5607148595827,6569.383956936016,827.700366274839,-1853.5650143724042,-522.412880868731,-0.25233540925266895,-0.08685908319185043,0.49999999999999994,0.8660254037844387,1.0,6.123233995736766e-17,13,13,0,0,0,0,2,0.22192151300416552,0.9750645322571948,0.0,1.0,7345.639757266049,5612.160268284893,8742.965346534653,6619.267326732674,6699.990099009901,5656.633663366337,4814.034653465346,5084.40594059406,,,6421.833130446686,806.4759742868584,6768.2706547428925,1191.026896963297,6923.10086000213,1108.0172397221825,6933.271430624629,1147.4107172132403,6785.4085583109,1066.285895409989,6534.310243494394,1143.8006604463685,6482.871903829092,1145.1280305877651,5967.933045917252,1279.303628931403,5967.933045917252,1279.303628931403,-0.021397379912663772,-120.08552539124867,-0.170289629984686,-1127.1925838390289,,,-1127.1925838390289,407.66880229958497,,2025-01-13
2025,1,1,1,3,0,5779.081871606516,5492.074742893645,7345.639757266049,7675.534573618652,6467.463296071543,5612.160268284893,6311.978409453848,6205.598790588737,997.6789700399038,6489.724048227404,864.451218090927,6524.975912115406,856.5587458763871,287.00712871287124,-532.8965378473322,0.05225841638157558,-0.08442622950819656,0.49999999999999994,0.8660254037844387,1.0,6.123233995736766e-17,14,14,0,0,0,0,2,0.2386727660059501,0.9711000518829505,0.7818314824680298,0.6234898018587336,5492.074742893645,5905.838815075055,9908.69405940594,6861.435643564357,7103.603960396039,6033.742574257426,4364.724752475247,5270.420792079209,,,6403.724995665465,821.2799662761806,6473.298355614364,800.922544384973,6887.0224009368685,1127.5437309779263,6885.967070310719,1167.2597104561532,6780.861045763563,1070.086166176395,6551.147828245958,1121.674148141361,6488.523693601617,1140.321895410351,5966.52370879553,1274.589554783423,5966.52370879553,1274.589554783423,-0.02146298729741547,-126.75694346853925,-0.15774450540435048,-1082.3537719578408,,,-1082.3537719578408,508.66107952730727,,2025-01-14
2025,1,1,2,3,0,5760.973736825295,5779.081871606516,5492.074742893645,7345.639757266049,7675.534573618652,5905.838815075055,6607.563075694666,5677.376783775151,160.7314869663929,6420.127996380284,910.1170954983868,6454.426800542958,883.5761167523423,-18.108134781220542,-846.5893388693703,-0.003133393017009878,-0.12812429168984762,0.49999999999999994,0.8660254037844387,1.0,6.123233995736766e-17,15,15,0,0,0,0,3,0.255353295116187,0.9668478136052775,0.9749279121818236,-0.22252093395631434,5779.081871606516,5887.730680293836,6014.487623762376,6699.990099009901,8475.89108910891,6184.586138613861,5006.59603960396,5146.410891089109,,,6385.6168608842445,835.8217925558482,6455.190220833143,814.8387475488234,6855.7218555307145,1145.8004863407568,6789.005736300589,1142.8016395925038,6773.296538588766,1075.85960647373,6560.128515117641,1112.1381246537362,6495.352169665352,1134.01738822948,5965.001116410565,1269.9479444403685,5965.001116410565,1269.9479444403685,-0.02152899824253074,-126.75694346854016,-0.14015190295928504,-939.0163621846059,,,-939.0163621846059,614.5628457361863,,2025-01-15
2025,1,1,3,3,0,6045.121686362185,5760.973736825295,5779.081871606516,5492.074742893645,7345.639757266049,5887.730680293836,7842.320025550942,5861.725764931332,159.08338736144765,6349.737728095391,921.9789585813027,6304.660272277229,772.2397891642491,284.1479495368894,-1797.198339188757,0.049322903126698625,-0.22916666666666663,0.49999999999999994,0.8660254037844387,1.0,6.123233995736766e-17,16,16,0,0,0,0,3,0.2719581575341055,0.9623090774541486,0.43388373911755823,-0.900968867902419,5760.973736825295,6178.5500479080165,6311.978409453848,7103.603960396039,9606.009900990099,6410.851485148515,4621.473267326733,5456.435643564356,,,6366.555666377697,842.8231732647314,6436.129026326596,821.5402219064154,6820.43911306292,1154.1706205566097,6661.831157206734,1007.8741363453086,6766.765649324725,1079.2046546511167,6577.076710582348,1092.9200958556764,6501.893125696441,1129.6469730251456,5965.590238248445,1265.2543437404092,5965.590238248445,1265.2543437404092,-0.021595416483032093,-133.42836154583165,-0.14900637478315182,-1058.482274033854,,,-1058.482274033854,588.686042797829,,2025-01-16
2025,1,1,4,3,0,6327.363516448419,6045.121686362185,5760.973736825295,5779.081871606516,5492.074742893645,6178.5500479080165,7505.753791121048,6044.486313211967,283.19542437976907,6125.042551900352,661.825021716285,6206.461082721175,674.3394099538905,282.2418300862346,-1178.390274672629,0.046689189189189184,-0.15699825859817151,0.49999999999999994,0.8660254037844387,1.0,6.123233995736766e-17,17,17,0,0,0,0,3,0.288482432880609,0.9574851883550393,-0.433883739117558,-0.9009688679024191,6045.121686362185,6467.463296071543,6607.563075694666,8475.89108910891,6244.975247524752,6260.00792079208,4814.034653465346,6510.519801980197,,,6346.541412145823,841.6902726686967,6416.114772094721,820.454877977992,6748.82152730757,1113.8611744214788,6664.77359538258,1006.7316893673266,6767.968427818589,1078.6670021940108,6595.092530379765,1075.8473567427582,6499.8580558571975,1129.7962264079476,5968.230919111218,1260.9729536413352,5968.230919111218,1260.9729536413352,-0.021662245800176727,-140.09977962312314,-0.2534869254539195,-2148.5275726604914,,,-2148.5275726604914,-183.15628553177794,,2025-01-17
2025,1,1,5,3,1,7508.749121686362,6327.363516448419,6045.121686362185,5760.973736825295,5779.081871606516,6467.463296071543,5612.160268284893,6627.078108165656,776.4811296641744,6152.227445970403,722.5529765460275,6364.510153837964,741.318028293842,1181.3856052379424,1896.5888534014684,0.1867105631226733,0.33794274623968934,0.49999999999999994,0.8660254037844387,1.0,6.123233995736766e-17,18,18,0,0,0,0,3,0.30492122465628907,0.9523775757303974,-0.9749279121818236,-0.2225209339563146,6327.363516448419,7675.534573618652,7842.320025550942,9606.009900990099,5662.110891089109,6637.116831683168,5134.970297029703,7378.589108910891,,,6322.714919012638,799.0812552633358,6392.288278961537,779.6814566733467,6678.912834664111,986.9364397555335,6730.724960761053,999.0719513241838,6783.533290140073,1083.024423873248,6623.351802101869,1068.1809533516118,6501.304278221371,1131.0163538793674,5979.394094492198,1263.1878878237849,5979.394094492198,1263.1878878237849,-0.021729490022172948,-166.78545193229002,-0.2183279843473377,-2097.260779303737,,,-2097.260779303737,130.16001277547093,,2025-01-18
2025,1,1,6,3,1,7185.52572341105,7508.749121686362,6327.363516448419,6045.121686362185,5760.973736825295,7675.534573618652,5905.838815075055,7007.212787181944,610.544522934906,6434.469276056639,743.552964415757,6471.150729532631,761.1174338773901,-323.2233982753114,1279.6869083359952,-0.043046237533998166,0.21668165156649843,0.49999999999999994,0.8660254037844387,1.0,6.123233995736766e-17,19,19,0,0,0,0,3,0.3212696616923644,0.9469877530760753,-0.7818314824680299,0.6234898018587334,7508.749121686362,7345.639757266049,7505.753791121048,6244.975247524752,6494.774257425743,7919.287128712871,5263.344554455446,4814.034653465346,,,6299.841485604781,766.5496305805638,6369.41484555368,748.5800271472749,6710.264517193656,987.6151961965419,6755.394655974815,1001.5550686045493,6770.4304079025405,1073.4299434660086,6646.234911256102,1059.2467765886051,6527.654178998544,1118.8246892983482,5988.071300455643,1262.7536804285332,5988.071300455643,1262.7536804285332,-0.02179715302491103,-160.11403385499852,0.15060915994168167,940.550475886298,,,940.550475886298,2371.491069945704,,2025-01-19
2025,1,1,0,4,0,5371.989217502395,7185.52572341105,7508.749121686362,6327.363516448419,6045.121686362185,7345.639757266049,5887.730680293836,6688.75468753327,1151.7472893813792,6366.620500372617,828.9831772961306,6428.17227430001,810.0453710063938,-1813.5365059086553,-515.7414627914404,-0.252387448840382,-0.08759596707057626,0.49999999999999994,0.8660254037844387,1.0,6.123233995736766e-17,20,20,0,0,0,0,3,0.3375228995941133,0.9413173175128471,0.0,1.0,7185.52572341105,5492.074742893645,5612.160268284893,5662.110891089109,5995.176237623762,8975.19207920792,5455.90594059406,4364.724752475247,,,6282.6864105488885,788.6647641690101,6352.259770497787,769.7222265140218,6700.593794740765,999.580576950023,6733.137976684766,1025.7074791835298,6706.0874996577995,1046.5238960808358,6645.235902647869,1060.421859077234,6538.846006387736,1101.8546044310071,5983.670714148834,1259.2801196272746,5983.670714148834,1259.2801196272746,-0.021865238732708736,-120.08552539124958,-0.051239136634236515,-290.12167358671377,,,-290.12167358671377,1007.2644650271477,,2025-01-20
2025,1,1,1,4,0,5652.324928137976,5371.989217502395,7185.52572341105,7508.749121686362,6327.363516448419,5492.074742893645,6178.5500479080165,6069.946623017141,976.2348972409901,6348.5123655913985,845.8733092191857,6384.32018098584,838.5301159853858,280.33571063558065,-526.2251197700407,0.05218471208434727,-0.08516967827236654,0.49999999999999994,0.8660254037844387,1.0,6.123233995736766e-17,21,21,0,0,0,0,3,0.3536761221763716,0.9353679493131483,0.7818314824680298,0.6234898018587336,5371.989217502395,5779.081871606516,5905.838815075055,6494.774257425743,6244.975247524752,6021.237623762376,5327.531683168317,5006.59603960396,,,6264.57827576767,803.4711565552827,6334.151635716567,783.8841372560343,6672.512150431172,1017.2397936707282,6711.9718938495225,1042.1373584920173,6699.499772950222,1052.0598020278298,6649.102488897506,1056.1427719665398,6546.020771815891,1093.8383832739714,5981.320744035282,1255.0848682571002,5981.320744035282,1255.0848682571002,-0.021933751119068923,-126.75694346854016,-0.12971187232944392,-842.4493292877669,,,-842.4493292877669,645.7288885340158,,2025-01-21
2025,1,1,2,4,0,5634.216793356755,5652.324928137976,5371.989217502395,7185.52572341105,7508.749121686362,5779.081871606516,6467.463296071543,5552.843646332375,156.88600784280175,6280.0282167571595,890.7906672915514,6314.882972426275,865.0982242137204,-18.108134781220542,-833.2465027147873,-0.0032036613272311554,-0.12883668056081843,0.49999999999999994,0.8660254037844387,1.0,6.123233995736766e-17,22,22,0,0,0,0,4,0.3697245428906731,0.9291414114031743,0.9749279121818236,-0.22252093395631434,5652.324928137976,5760.973736825295,5887.730680293836,5995.176237623762,6661.306930693069,5459.255445544555,5648.4673267326725,4621.473267326733,,,6246.470140986449,818.0095895469728,6316.043500935347,797.7946949520104,6660.480168955605,1027.6095023350183,6675.290103230369,1061.8758909455717,6702.624082732582,1048.5636555771737,6648.932839690651,1056.30657331159,6557.273477660669,1078.9249834357745,5978.87635001642,1250.9654609346908,5978.87635001642,1250.9654609346908,-0.022002694207453932,-126.75694346854016,-0.060208312476577985,-360.9594442670068,,,-360.9594442670068,1012.7435260300226,,2025-01-22
2025,1,1,3,4,0,5911.693324816353,5634.216793356755,5652.324928137976,5371.989217502395,7185.52572341105,5760.973736825295,7675.534573618652,5732.745015437028,155.23804046874722,6210.7498514851495,902.4603121826746,6167.896201692751,755.8422211365798,277.47653145959794,-1763.8412488022987,0.04924846551640827,-0.22980044345897999,0.49999999999999994,0.8660254037844387,1.0,6.123233995736766e-17,23,23,0,0,0,0,4,0.38566340624360707,0.9226395488404876,0.43388373911755823,-0.900968867902419,5634.216793356755,6045.121686362185,6178.5500479080165,6244.975247524752,6827.839603960396,6262.087128712871,6739.648514851485,4814.034653465346,,,6227.408946479902,825.0079943105737,6296.9823064288,804.4922376741878,6649.3707715319915,1034.0378207295898,6642.570593260939,1071.0760225179329,6696.367050520144,1052.279101582483,6639.07623028547,1059.3085310814715,6569.469685120124,1065.1135221037616,5978.406538651383,1246.5655307915838,5978.406538651383,1246.5655307915838,-0.022072072072071958,-133.42836154583165,-0.05336801340253483,-333.2819227083992,,,-333.2819227083992,1097.658671351007,,2025-01-23
2025,1,1,4,4,0,6187.263736825296,5911.693324816353,5634.216793356755,5652.324928137976,5371.989217502395,6045.121686362185,7345.639757266049,5911.057951666135,276.524019199467,5990.502287341637,647.59070876539,6071.364866656021,659.5968280131063,275.5704120089431,-1158.3760204407527,0.04661446338093045,-0.15769572953736644,0.49999999999999994,0.8660254037844387,1.0,6.123233995736766e-17,24,24,0,0,0,0,4,0.401487989205973,0.9158642882672872,-0.433883739117558,-0.9009688679024191,5911.693324816353,6327.363516448419,6467.463296071543,6661.306930693069,7077.638613861386,5780.38811881188,7638.268316831683,5134.970297029703,,,6207.394692248026,823.8776075416731,6276.968052196925,803.4094318631231,6633.569331736399,1037.4654477157676,6610.77149050965,1070.8980459670395,6703.632686556098,1047.2321483539129,6621.8023662377755,1054.6389438782667,6581.161834451186,1054.9164504571706,5979.856935860925,1242.3211886263425,5979.856935860925,1242.3211886263425,-0.0221418888386804,-140.09977962312314,-0.07116369187006544,-474.04319386777297,,,-474.04319386777297,1052.2934397955933,,2025-01-24
2025,1,1,5,4,1,7341.963669754073,6187.263736825296,5911.693324816353,5634.216793356755,5652.324928137976,6327.363516448419,5492.074742893645,6480.306910465241,758.8307064917484,6016.575278398807,705.8550390295843,6225.522277227723,724.8459344082561,1154.6999329287764,1849.888926860428,0.18662529706891995,0.336828796668154,0.49999999999999994,0.8660254037844387,1.0,6.123233995736766e-17,25,25,0,0,0,0,4,0.4171936026123168,0.9088176373395029,-0.9749279121818236,-0.2225209339563146,6187.263736825296,7508.749121686362,7675.534573618652,6827.839603960396,6911.10594059406,6021.237623762376,6024.4306930693065,5263.344554455446,,,6183.568199114843,781.280506020587,6253.141559063741,762.6546160217181,6650.706800596188,1045.00409032719,6626.159266551078,1078.4423291978128,6727.217080234522,1046.4562657707947,6637.487282626879,1055.4446790477443,6604.2576023989495,1048.4751131466696,5989.250775405016,1243.1570924826349,5989.250775405016,1243.1570924826349,-0.022212148685403332,-166.7854519322891,0.07529820493959272,514.1240657936769,,,514.1240657936769,2078.6191152986266,,2025-01-25
2025,1,1,6,4,1,7025.411689556053,7341.963669754073,6187.263736825296,5911.693324816353,5634.216793356755,7508.749121686362,5779.081871606516,6851.546365378473,596.6614173800184,6292.145690407752,726.3307901147064,6329.383095390184,744.0972026252027,-316.5519801980199,1246.3298179495368,-0.04311543810848406,0.21566225321585075,0.49999999999999994,0.8660254037844387,1.0,6.123233995736766e-17,26,26,0,0,0,0,4,0.4327755925504312,0.901501684131884,-0.7818314824680299,0.6234898018587334,7341.963669754073,7185.52572341105,7345.639757266049,7077.638613861386,7327.437623762376,6422.653465346535,5462.1504950495055,5455.90594059406,,,6160.694765706986,748.7227567375562,6230.268125655884,731.5353164303606,6648.965903119344,1044.3116025620855,6615.372626043711,1072.6632737284488,6737.980619952548,1046.3665497749016,6656.097534942435,1048.2282478728353,6621.696555165195,1042.1940678816295,5996.347767967694,1241.8272742425956,5996.347767967694,1241.8272742425956,-0.022282855843565152,-160.11403385499761,-0.007379145383751062,-52.22692430533334,,,-52.22692430533334,1569.505748961993,,2025-01-26
2025,1,1,0,5,0,5251.903692111147,7025.411689556053,7341.963669754073,6187.263736825296,5911.693324816353,7185.52572341105,5760.973736825295,6539.759683807092,1126.4906038454787,6225.408817736614,810.4063214818062,6286.960591664004,792.3935980317543,-1773.5079974449054,-509.070044714148,-0.2524418604651162,-0.08836527781060177,0.49999999999999994,0.8660254037844387,1.0,6.123233995736766e-17,27,27,0,0,0,0,4,0.4482293417404106,0.893918596519257,0.0,1.0,7025.411689556053,5371.989217502395,5492.074742893645,6911.10594059406,8742.965346534653,6583.219801980198,6265.4079207920795,5327.531683168317,,,6143.539690651093,770.8544281312862,6213.113050599992,752.6884272889981,6593.659161503247,1073.4783187869193,6490.691852671442,1017.6862637831198,6714.207117990601,1064.9061954878623,6644.032008410519,1058.5614110582694,6620.856244153448,1043.2791890821024,5991.283522553704,1239.089366510845,5991.283522553704,1239.089366510845,-0.022354014598539917,-120.08552539124776,-0.24007767537423852,-1659.2022484829122,,,-1659.2022484829122,-75.62799105716931,,2025-01-27
2025,1,1,1,5,0,5525.567984669436,5251.903692111147,7025.411689556053,7341.963669754073,6187.263736825296,5371.989217502395,6045.121686362185,5934.294455445545,954.7908934342927,6207.300682955392,827.2960515020777,6243.6644498562755,820.5043754435434,273.66429255828825,-519.5537016927492,0.05210763726862666,-0.08594594594594585,0.49999999999999994,0.8660254037844387,1.0,6.123233995736766e-17,28,28,0,0,0,0,4,0.4635502709028509,0.886070621534138,0.7818314824680298,0.6234898018587336,5251.903692111147,5652.324928137976,5779.081871606516,7327.437623762376,9908.69405940594,6824.0693069306935,5783.453465346534,5648.4673267326725,,,6125.431555869873,785.6633132671984,6195.00491581877,766.8498389357708,6533.596840200149,1081.386064325549,6334.1516357165665,782.353842437519,6691.019594378793,1076.5438853867477,6640.961943164362,1061.4573539313951,6619.4906959083,1044.6457861413212,5988.136795946377,1235.4608173294625,5988.136795946377,1235.4608173294625,-0.022425629290617755,-126.75694346854016,-0.2459071958865403,-1801.86963909294,,,-1801.86963909294,-122.89934206323687,,2025-01-28
2025,1,1,2,5,0,5507.459849888215,5525.567984669436,5251.903692111147,7025.411689556053,7341.963669754073,5652.324928137976,6327.363516448419,5428.3105088896,153.04084386437356,6139.928437134036,871.4646462771494,6175.3391443095925,846.6228763349959,-18.108134781220542,-819.9036665602043,-0.0032771535580524702,-0.12958061670217114,0.49999999999999994,0.8660254037844387,1.0,6.123233995736766e-17,29,29,0,0,0,0,5,0.47873384011578846,0.8779600847008882,0.9749279121818236,-0.22252093395631434,5525.567984669436,5634.216793356755,5760.973736825295,8742.965346534653,6014.487623762376,6663.50297029703,6024.4306930693065,6739.648514851485,,,6107.323421088653,800.198184363331,6176.89678103755,780.754431544804,6425.746656978601,1012.5961316455691,6316.043500935347,795.7792905425414,6670.375967228634,1088.1031211577517,6634.807528364587,1066.5615670860407,6605.7997107420415,1051.1077819794677,5984.910776174175,1231.9094277022466,5984.910776174175,1231.9094277022466,-0.022497704315886047,-126.75694346854016,-0.37006957804411944,-3235.5054966464377,,,-3235.5054966464377,-1232.1886649632697,,2025-01-29
2025,1,1,3,5,0,5778.264963270522,5507.459849888215,5525.567984669436,5251.903692111147,7025.411689556053,5634.216793356755,7508.749121686362,5603.764265942725,151.3930188687882,6071.761974874907,882.9420124587348,6031.132131108273,739.4476456772405,270.80511338230644,-1730.4841584158403,0.04917060146844343,-0.2304623753399817,0.49999999999999994,0.8660254037844387,1.0,6.123233995736766e-17,30,30,0,0,0,0,5,0.4937755501599772,0.869589389346611,0.43388373911755823,-0.900968867902419,5507.459849888215,5911.693324816353,6045.121686362185,9908.69405940594,6311.978409453848,7064.918811881188,6426.059405940594,7638.268316831683,,,6088.2622265821055,807.1934749170787,6157.835586531003,787.4478402044439,6288.06568710742,775.8155953254491,6296.982306428799,802.2459758268068,6647.400005646303,1093.1929714269397,6627.095689761372,1070.4240829508108,6585.133006813584,1048.8626042354724,5983.533137421484,1227.884473726136,5983.533137421484,1227.884473726136,-0.022570244127130268,-133.42836154583165,-0.41684898851171626,-4130.429096135418,,,-4130.429096135418,-1860.003353561161,,2025-01-30
2025,1,1,4,5,0,6047.163957202173,5778.264963270522,5507.459849888215,5525.567984669436,5251.903692111147,5911.693324816353,7185.52572341105,5777.629590120302,269.85261465686165,5855.962022782925,633.3574011070727,5936.268650590867,644.857596820022,268.8989939316516,-1138.3617662088773,0.04653628652214903,-0.15842428376534767,0.49999999999999994,0.8660254037844387,1.0,6.123233995736766e-17,31,31,0,1,0,0,5,0.5086709438521044,0.8609610158889943,-0.433883739117558,-0.9009688679024191,5778.264963270522,6187.263736825296,6327.363516448419,6014.487623762376,6607.563075694666,8429.732673267326,6586.710891089109,6024.4306930693065,,,6068.247972350232,806.0657140085455,6137.821332299129,786.3676874795993,6289.15489822208,775.4411068559489,6276.968052196925,801.2003766955615,6604.854135716568,1068.6533847437904,6620.672511977005,1072.286515487281,6585.385598637283,1048.7287850012463,5983.954533578973,1223.7956362870445,5983.954533578973,1223.7956362870445,-0.02264325323475036,-140.09977962312314,0.005432937181664155,32.67633343979742,,,32.67633343979742,22.73326413286668,,2025-01-31
2025,2,1,5,5,1,7175.178217821784,6047.163957202173,5778.264963270522,5507.459849888215,5525.567984669436,6187.263736825296,5371.989217502395,6333.535712764827,741.1803066550348,5880.923110827213,689.1572387089063,6086.534400617482,708.3773141700391,1128.0142606196105,1803.1890003193885,0.1865360801531013,0.3356650446066507,0.8660254037844386,0.5000000000000001,1.0,6.123233995736766e-17,1,32,1,0,0,0,1,0.5234156073655503,0.8520775211013093,-0.9749279121818236,-0.2225209339563146,6047.163957202173,7341.963669754073,7508.749121686362,6311.978409453848,7842.320025550942,9553.69702970297,6827.688118811881,5462.1504950495055,,,6044.421479217047,763.4811272391538,6113.9948391659445,745.6325295310278,6317.928225167678,792.1519724396622,6253.141559063741,761.880087510368,6562.380585504403,993.9789107591571,6624.809298869979,1073.7640608300517,6604.41924000142,1043.646625480388,5991.791531501622,1223.5575157799012,5991.791531501622,1223.5575157799012,-0.022716736207695765,-166.7854519322891,0.13675582398619524,863.1998083679355,,,863.1998083679355,1713.0277227722781,,2025-02-01
2025,2,1,6,5,1,6924.3484582743995,7175.178217821784,6047.163957202173,5778.264963270522,5507.459849888215,7341.963669754073,5652.324928137976,6715.563544432785,592.2815194028627,6159.663905187755,721.3294590204005,6192.536361462185,732.2654854081204,-250.82975954738413,1272.0235301364237,-0.034957983193277364,0.22504430412415477,0.8660254037844386,0.5000000000000001,1.0,6.123233995736766e-17,2,33,0,0,0,0,1,0.5380051715382996,0.8429415373547828,-0.7818314824680299,0.6234898018587334,7175.178217821784,7025.411689556053,7185.52572341105,6607.563075694666,7505.753791121048,6054.207920792079,6667.036633663367,6265.4079207920795,,,6029.98387474824,742.5060240647502,6095.339320227612,719.572760683404,6328.487737920336,798.2340363956786,6232.377082890646,733.8852203519383,6577.918809388016,992.6908790311774,6627.872534877253,1074.2528969865796,6611.740801529,1043.5529649936261,5997.886674813863,1221.8542329267657,5997.886674813863,1221.8542329267657,-0.014385382059800667,-101.06323128165332,0.04794284654580161,316.7853825797338,,,316.7853825797338,658.94053748232,,2025-02-02
2025,2,1,0,6,0,5220.394370579916,6924.3484582743995,7175.178217821784,6047.163957202173,5778.264963270522,7025.411689556053,5634.216793356755,6439.973682225366,1063.6066778249453,6108.801636172834,783.0975344133956,6158.051159564115,769.7348252262885,-1703.9540876944839,-413.82242277683963,-0.24608150470219436,-0.07344808301746097,0.8660254037844386,0.5000000000000001,1.0,6.123233995736766e-17,3,34,0,0,0,0,1,0.5524353131676196,0.8335557718385699,0.0,1.0,6924.3484582743995,5251.903692111147,5371.989217502395,7842.320025550942,5612.160268284893,5489.148514851486,7068.665346534653,5783.453465346534,,,6025.482543100921,748.0837447968207,6084.511116876007,732.3227665291529,6241.090216087969,769.8003019134101,6218.385443686898,749.7115893704133,6573.119628240309,998.6818313977367,6605.8693089730305,1083.999896362895,6605.484589364928,1050.2408003119979,5992.838023487669,1219.4651927191414,5992.838023487669,1219.4651927191414,-0.005999600026664997,-31.509321531231762,-0.3343303571428571,-2621.9256549710262,,,-2621.9256549710262,-563.0590947666187,,2025-02-03
2025,2,1,1,6,0,5539.056697312589,5220.394370579916,6924.3484582743995,7175.178217821784,6047.163957202173,5251.903692111147,5911.693324816353,5894.599842055635,905.9100833267012,6114.06777741023,778.3366495271041,6126.998107272134,787.8797306525374,318.66232673267314,-372.63662750376443,0.061041811041810945,-0.06303382246496025,0.8660254037844386,0.5000000000000001,1.0,6.123233995736766e-17,4,35,0,0,0,0,1,0.5667017562911176,0.8239230057575542,0.7818314824680298,0.6234898018587336,5220.394370579916,5525.567984669436,5652.324928137976,7505.753791121048,5905.838815075055,6296.376237623762,8434.202970297029,6024.4306930693065,,,6027.4095020499435,746.5973123555315,6076.420528959908,738.0679279977516,6175.533646294353,741.6135676540595,6205.286082338238,758.5273049719794,6559.596065020467,1007.5853638747567,6571.40328191369,1071.1165795089194,6600.0915449676295,1054.4956615165715,5989.910402028474,1216.0458021182956,5989.910402028474,1216.0458021182956,0.002441144997324729,13.488712643153121,-0.26202526069199994,-1966.6970938084596,,,-1966.6970938084596,-485.3739957567177,,2025-02-04
2025,2,1,2,6,0,5567.6971145686,5539.056697312589,5220.394370579916,6924.3484582743995,7175.178217821784,5525.567984669436,6187.263736825296,5442.3827274870355,192.7801632089443,6078.97313595991,800.9253733106585,6075.367555417409,803.712762882368,28.64041725601146,-619.5666222566961,0.005170630816959676,-0.10013580293485236,0.8660254037844386,0.5000000000000001,1.0,6.123233995736766e-17,5,36,0,0,0,0,1,0.5808002734538009,0.8140460935082178,0.9749279121818236,-0.22252093395631434,5539.056697312589,5507.459849888215,5634.216793356755,5612.160268284893,5887.730680293836,5812.039603960396,9558.763366336632,6426.059405940594,,,6036.014825575711,739.9228291032373,6071.669123332183,741.3405097938381,6174.051541170477,742.8217314173806,6193.856312133765,765.8652696234907,6555.232806281328,1011.4032676357689,6523.890588440263,1024.5105197500582,6590.554186174609,1059.9549623639389,5987.203906596039,1212.5880076889162,5987.203906596039,1212.5880076889162,0.010937395155337759,60.237264680385124,-0.007922645040548959,-44.463153716293164,,,-44.463153716293164,-858.3622913719937,,2025-02-05
2025,2,1,3,6,0,5890.8816124469595,5567.6971145686,5539.056697312589,5220.394370579916,6924.3484582743995,5507.459849888215,7341.963669754073,5665.87847477605,195.38392294772063,6052.926078500707,804.6990953411807,5954.444050641815,698.0359248136236,323.18449787835925,-1451.0820573071132,0.058046350444011185,-0.19764222796211672,0.8660254037844386,0.5000000000000001,1.0,6.123233995736766e-17,6,37,0,0,0,0,1,0.5947266869607634,0.8039279618328213,0.43388373911755823,-0.900968867902419,5567.6971145686,5778.264963270522,5911.693324816353,5905.838815075055,6178.5500479080165,6054.207920792079,5656.633663366337,6586.710891089109,,,6052.102918315203,734.5896393120449,6070.182572448654,741.7067479448449,6173.552967749541,743.0129552901623,6183.582439438726,768.0047121011629,6552.316265060879,1013.1083722260288,6526.6792545007465,1022.4381583314455,6582.822749745252,1062.5179425267866,5986.590388798912,1208.7197049726472,5986.590388798912,1208.7197049726472,0.01948969974417647,112.61664917643793,-0.002532612740787421,-14.957202628095729,,,-14.957202628095729,-695.8292786421498,,2025-02-06
2025,2,1,4,6,0,6217.08089108911,5890.8816124469595,5567.6971145686,5539.056697312589,5220.394370579916,5778.264963270522,7025.411689556053,5891.886539368224,324.69305460784454,5893.243190711929,608.6391969934905,5887.08315076957,619.9231779395911,326.1992786421506,-808.3307984669427,0.05537359263050168,-0.11505813953488364,0.8660254037844386,0.5000000000000001,1.0,6.123233995736766e-17,7,38,0,0,0,0,1,0.6084768701151261,0.7935716089521474,-0.433883739117558,-0.9009688679024191,5890.8816124469595,6047.163957202173,6187.263736825296,5887.730680293836,6467.463296071543,6457.821782178218,5128.681188118812,6827.688118811881,,,6076.376766013337,737.2019657118856,6072.312369181784,742.1115047774565,6184.531308109383,741.0747991828641,6174.640210689354,766.032062224725,6548.017320577144,1014.0269870896572,6539.63639382182,1011.3445206737962,6576.038224992775,1062.8862287430015,5988.0491894463175,1205.00365610213,5988.0491894463175,1205.00365610213,0.028098615332657895,169.91693388693693,0.05593839607806883,329.3502107952745,,,329.3502107952745,-610.6072277227713,,2025-02-07
2025,2,1,5,6,1,7438.971534653466,6217.08089108911,5890.8816124469595,5567.6971145686,5539.056697312589,6047.163957202173,5251.903692111147,6515.6446793965115,816.0887534917156,5979.013703441774,791.728099277767,6069.338804314764,728.2389308434338,1221.8906435643557,2187.0678425423184,0.19653767820773926,0.4164333488878518,0.8660254037844386,0.5000000000000001,1.0,6.123233995736766e-17,8,39,0,0,0,0,2,0.6220467484408675,0.7829801036770629,-0.9749279121818236,-0.2225209339563146,6217.08089108911,7175.178217821784,7341.963669754073,6178.5500479080165,7675.534573618652,6619.267326732674,5882.89900990099,6667.036633663367,,,6114.06152556072,806.2422418035927,6079.241502388883,755.2154038573576,6226.545357667564,775.6464040026227,6166.191530726312,750.0022077077568,6562.654895718588,1020.9666947315001,6558.16106673554,1013.4192768524985,6584.615279448221,1066.7364242558754,5997.174487214916,1206.6829833248858,5997.174487214916,1206.6829833248858,0.03676470588235281,263.7933168316822,0.2039995592772148,1260.4214867454493,,,1260.4214867454493,771.9349009900989,,2025-02-08
2025,2,1,6,6,1,7177.590042432815,7438.971534653466,6217.08089108911,5890.8816124469595,5567.6971145686,7175.178217821784,5525.567984669436,6944.547489391797,643.4172906080556,6305.212982083923,819.3672006868902,6207.007309128378,770.9942836857361,-261.3814922206511,1652.022057763379,-0.03513677811550153,0.29897778153248256,0.8660254037844386,0.5000000000000001,1.0,6.123233995736766e-17,9,40,0,0,0,0,2,0.6354323008901774,0.7721565844991642,-0.7818314824680299,0.6234898018587334,7438.971534653466,6924.3484582743995,7025.411689556053,6467.463296071543,7345.639757266049,6861.435643564357,5430.368316831683,7068.665346534653,,,6150.238894726208,852.987465070693,6090.1113847372235,770.8153182205868,6250.21624921294,793.873701919953,6160.189755196554,740.8306060698176,6568.300509984096,1023.5198178114209,6578.961325373651,1007.9083641484586,6585.82555384709,1067.3533900300247,6004.552084435028,1206.4968681584965,6004.552084435028,1206.4968681584965,0.03657262277951934,253.2415841584152,0.10979988812501129,710.1267463612721,,,710.1267463612721,108.9246958981621,,2025-02-09
2025,2,1,0,7,0,5410.325558698728,7177.590042432815,7438.971534653466,6217.08089108911,5890.8816124469595,6924.3484582743995,5507.459849888215,6675.6290452616695,1103.5509756916988,6283.7577923149465,844.7341764883906,6198.912784862588,779.4696884944572,-1767.2644837340868,-97.13429118948716,-0.24621975806451601,-0.017636858703828584,0.8660254037844386,0.5000000000000001,1.0,6.123233995736766e-17,10,41,0,0,0,0,2,0.6486295610349814,0.7611042586607747,0.0,1.0,7177.590042432815,5220.394370579916,5251.903692111147,7675.534573618652,5492.074742893645,6699.990099009901,5656.633663366337,8434.202970297029,,,6177.371921600324,820.897191200109,6101.427232350622,758.6301048626009,6174.709282048943,760.6638019161226,6157.270141475307,743.7166329523335,6545.270786049968,1034.9481162359205,6576.029086032369,1010.9775685302949,6552.226915940442,1056.0492044221025,6000.861236449088,1203.632076600441,6000.861236449088,1203.632076600441,0.03638253638253652,189.93118811881232,-0.29512068419385473,-2265.209014919924,,,-2265.209014919924,-3023.8774115983006,,2025-02-10
2025,2,1,1,7,0,5739.539618104667,5410.325558698728,7177.590042432815,7438.971534653466,6217.08089108911,5220.394370579916,5778.264963270522,6109.151739745404,939.8222061724093,6312.398209570958,818.0938858786585,6195.685672765434,781.4472060103558,329.2140594059392,-38.72534516585438,0.06084921430959511,-0.006701898478524537,0.8660254037844386,0.5000000000000001,1.0,6.123233995736766e-17,11,42,0,0,0,0,2,0.6616346182422783,0.7498264012045686,0.7818314824680298,0.6234898018587336,5410.325558698728,5539.056697312589,5525.567984669436,7345.639757266049,5779.081871606516,7103.603960396039,6033.742574257426,9558.763366336632,,,6206.012338856335,798.0958669487428,6116.710920453139,748.2201323832244,6121.172610743564,731.3658071036452,6155.857918135955,744.4984937353787,6520.912494223337,1037.6171012610728,6572.526669887693,1013.3856412549757,6509.791096515642,1009.5915315949292,5999.2481400395545,1200.0639102615949,5999.2481400395545,1200.0639102615949,0.03619441571871751,200.4829207920784,-0.21864673360447384,-1606.1001391613818,,,-1606.1001391613818,-3819.223748231965,,2025-02-11
2025,2,1,2,7,0,5768.1800353606795,5739.539618104667,5410.325558698728,7177.590042432815,7438.971534653466,5539.056697312589,6047.163957202173,5639.348404054691,198.85589291325178,6291.947946723244,832.1509394991692,6172.437012611976,790.3666273104542,28.64041725601237,-278.9839218414936,0.004990019960080083,-0.04613467136263505,0.8660254037844386,0.5000000000000001,1.0,6.123233995736766e-17,12,43,0,0,0,0,2,0.6744436188329455,0.7383263540031065,0.9749279121818236,-0.22252093395631434,5739.539618104667,5567.6971145686,5507.459849888215,5492.074742893645,5760.973736825295,8475.89108910891,6184.586138613861,5656.633663366337,,,6234.652756112346,774.6236680873509,6135.33379084403,735.0178081151341,6130.376120492465,724.8847914027159,6156.11528594079,744.3581615797196,6472.56051112069,1007.5122407076448,6567.569454372775,1016.3204328426627,6511.030500648913,1008.6003847178933,5997.830544305329,1196.4911675975989,5997.830544305329,1196.4911675975989,0.03600823045267498,200.4829207920793,0.05027340402173075,276.1052924670348,,,276.1052924670348,111.54637199434273,,2025-02-12
2025,2,1,3,7,0,6101.916265912306,5768.1800353606795,5739.539618104667,5410.325558698728,7177.590042432815,5567.6971145686,7175.178217821784,5869.8786397925505,201.4600787416457,6272.75384252711,835.5444228075374,6082.998516619519,724.5666904202363,333.73623055162625,-1073.2619519094778,0.0578581508388647,-0.14957983193277324,0.8660254037844386,0.5000000000000001,1.0,6.123233995736766e-17,13,44,0,0,0,0,2,0.6870527672236669,0.7266075247685656,0.43388373911755823,-0.900968867902419,5768.1800353606795,5890.8816124469595,5778.264963270522,5779.081871606516,6045.121686362185,9606.009900990099,6410.851485148515,5128.681188118812,,,6264.800563750253,763.0344146282687,6158.451741032727,727.9793818856384,6141.137266969324,721.8799477327213,6158.143663781865,744.1218467761341,6409.9874104943,913.8237388096913,6563.891654143771,1017.4527348291889,6521.844223735506,998.7824725736323,5998.465213339517,1192.842993252702,5998.465213339517,1192.842993252702,0.035823950870010224,211.0346534653463,0.05586257496920455,322.83439430578983,,,322.83439430578983,973.2350777934935,,2025-02-13
2025,2,1,4,7,0,6438.667277227723,6101.916265912306,5768.1800353606795,5739.539618104667,5410.325558698728,5890.8816124469595,6924.3484582743995,6102.921192833569,335.24475057065456,6106.036466289486,631.0891971143545,6042.52508486563,685.8265839876956,336.7510113154176,-485.6811810466761,0.055187747035573276,-0.070141065830721,0.8660254037844386,0.5000000000000001,1.0,6.123233995736766e-17,14,45,0,0,0,0,2,0.6994583270516471,0.7146733860429609,-0.433883739117558,-0.9009688679024191,6101.916265912306,6217.08089108911,6047.163957202173,5760.973736825295,6327.363516448419,6244.975247524752,6260.00792079208,5882.89900990099,,,6296.455761770055,765.3177132633097,6186.416263891696,730.8893064780037,6163.7270516494045,720.1747861460634,6162.118798095412,745.3555802857202,6413.446196738996,913.5543372421477,6566.018551244195,1016.9964722715285,6528.019426705803,996.5031415274885,6001.133104635809,1189.6943953605635,6001.133104635809,1189.6943953605635,0.035641547861507084,221.5863861386133,0.11763524212416998,677.693540402428,,,677.693540402428,555.7682673267336,,2025-02-14
2025,2,1,5,7,1,7702.764851485149,6438.667277227723,6101.916265912306,5768.1800353606795,5739.539618104667,6217.08089108911,5220.394370579916,6747.782798208394,844.0043557150542,6193.565601131543,818.133760022039,6249.389291607732,782.8225566538609,1264.0975742574255,2482.3704809052333,0.1963290724352671,0.47551397551397545,0.8660254037844386,0.5000000000000001,1.0,6.123233995736766e-17,15,46,0,0,0,0,3,0.7116566222817746,0.702527474169157,-0.9749279121818236,-0.2225209339563146,6438.667277227723,7438.971534653466,7175.178217821784,6045.121686362185,7508.749121686362,5662.110891089109,6637.116831683168,5430.368316831683,,,6334.140521317438,834.3349837066246,6224.10102343908,796.4522381902643,6218.981823820171,772.4541583683103,6169.047931302513,759.112934585307,6449.886446031783,923.6829434693384,6578.70483719422,1024.512869923254,6553.268277090842,997.1671162585211,6011.383898291528,1193.4143511682207,6011.383898291528,1193.4143511682207,0.03546099290780136,263.7933168316831,0.27421171171171177,1657.643165122964,,,1657.643165122964,2272.396534653466,,2025-02-15
2025,2,1,6,7,1,7430.83162659123,7702.764851485149,6438.667277227723,6101.916265912306,5768.1800353606795,7438.971534653466,5539.056697312589,7190.754585101367,665.367123247573,6530.31661244696,846.6013274728421,6407.037202380953,816.5293480438581,-271.93322489391903,1891.7749292786411,-0.03530332681017623,0.34153377238338845,0.8660254037844386,0.5000000000000001,1.0,6.123233995736766e-17,16,47,0,0,0,0,3,0.7236440382959124,0.6901733882429719,-0.7818314824680299,0.6234898018587334,7702.764851485149,7177.590042432815,6924.3484582743995,6327.363516448419,7185.52572341105,6494.774257425743,7919.287128712871,5656.633663366337,,,6370.317890482926,881.178364621218,6260.278392604568,840.9655270704693,6255.764094158264,803.4435084636049,6177.808856416089,772.5747708384984,6466.601756195451,932.9333206757007,6572.889890740391,1018.1789103281377,6572.9815877933415,996.7793610777102,6019.883585287334,1194.8736038204277,6019.883585287334,1194.8736038204277,0.035282258064516014,253.2415841584152,0.17439619318129407,1103.4681101428105,,,1103.4681101428105,1774.197963224893,,2025-02-16
2025,2,1,0,8,0,5600.256746817539,7430.83162659123,7702.764851485149,6438.667277227723,6101.916265912306,7177.590042432815,5567.6971145686,6911.284408297973,1143.4955472477454,6507.102800565772,874.0845326277256,6409.750505068365,813.5352992687247,-1830.5748797736906,32.559632248939124,-0.2463485881207399,0.005847953216374213,0.8660254037844386,0.5000000000000001,1.0,6.123233995736766e-17,17,48,0,0,0,0,3,0.7354170229639855,0.6776147890466889,0.0,1.0,7430.83162659123,5410.325558698728,5220.394370579916,7508.749121686362,5371.989217502395,5995.176237623762,8975.19207920792,6033.742574257426,,,6397.450917357041,849.0295775694416,6287.4114194786835,810.406460599304,6192.147681662637,775.8961366797122,6185.961268177345,764.9230942807332,6459.5496224310555,938.0403032252693,6532.712089164314,988.3934286976572,6568.165078599564,1000.4548203879289,6017.385806486919,1191.7306008622852,6017.385806486919,1191.7306008622852,0.035105315947843385,189.9311881188114,-0.25416914907395405,-1908.4923748688225,,,-1908.4923748688225,-433.48582743988663,,2025-02-17
2025,2,1,1,8,0,5940.0225388967465,5600.256746817539,7430.83162659123,7702.764851485149,6438.667277227723,5410.325558698728,5890.8816124469595,6323.703637435171,973.7348133071604,6535.743217821782,847.4397182251756,6413.845582272515,810.8051393132548,339.76579207920713,49.140926449787,0.06066968130921602,0.008341862845445025,0.8660254037844386,0.5000000000000001,1.0,6.123233995736766e-17,18,49,0,0,0,0,3,0.7469720876965552,0.6648553979642865,0.7818314824680298,0.6234898018587336,5600.256746817539,5739.539618104667,5539.056697312589,7185.52572341105,5652.324928137976,6244.975247524752,6021.237623762376,6184.586138613861,,,6426.091334613053,826.2121267930276,6316.051836734694,788.7196354320806,6150.630908845493,753.9205005549297,6196.236182847301,759.4018170067844,6454.104038348412,940.1913166881196,6531.745242915915,988.9393524403897,6565.447705269375,1001.8395558604484,6016.928035672776,1188.1933926504134,6016.928035672776,1188.1933926504134,0.034930139720558806,200.4829207920793,-0.1733350115853527,-1245.503184514304,,,-1245.503184514304,-244.5635997171148,,2025-02-18
2025,2,1,2,8,0,5968.662956152758,5940.0225388967465,5600.256746817539,7430.83162659123,7702.764851485149,5739.539618104667,6217.08089108911,5836.314080622348,204.93259137433148,6513.534332861858,862.6917377223906,6393.1440876944835,819.4112807749601,28.64041725601146,-248.41793493635214,0.004821600771456103,-0.039957327126370124,0.8660254037844386,0.5000000000000001,1.0,6.123233995736766e-17,19,50,0,0,0,0,3,0.7583058084785625,0.6518989958787126,0.9749279121818236,-0.22252093395631434,5940.0225388967465,5768.1800353606795,5567.6971145686,5371.989217502395,5634.216793356755,6661.306930693069,5459.255445544555,6410.851485148515,,,6454.731751869064,802.746369242472,6344.6922539907055,766.4193990571592,6170.520033467172,740.4204222186744,6208.180688661444,752.8363458081897,6441.735395945907,941.9702475394052,6537.809618042203,983.8320983381512,6560.534499391644,1003.6888232484622,6016.6441234403055,1184.6785953556425,6016.6441234403055,1184.6785953556425,0.0347567030784508,200.4829207920784,0.11107128374464148,596.6737386503628,,,596.6737386503628,-442.1885289957572,,2025-02-19
2025,2,1,3,8,0,6312.950919377652,5968.662956152758,5940.0225388967465,5600.256746817539,7430.83162659123,5768.1800353606795,7438.971534653466,6073.878804809053,207.53716618560148,6492.581606553514,866.3924862300605,6299.3090364214995,750.321083448278,344.28796322489416,-1126.0206152758137,0.05768259420143451,-0.15136778115501526,0.8660254037844386,0.5000000000000001,1.0,6.123233995736766e-17,20,51,0,0,0,0,3,0.7694148268839378,0.6387494220515272,0.43388373911755823,-0.900968867902419,5968.662956152758,6101.916265912306,5890.8816124469595,5652.324928137976,5911.693324816353,6827.839603960396,6262.087128712871,6260.00792079208,,,6484.8795595069705,791.1669867128007,6374.840061628612,755.4174591134382,6192.540899841828,734.2756806567322,6222.511317038633,750.7998447887202,6432.540955149786,940.6449621707934,6538.415139359641,983.6759944756209,6561.1227549314835,1003.5262090986913,6018.376911720641,1181.4064263959256,6018.376911720641,1181.4064263959256,0.03458498023715406,211.0346534653463,0.1168768603430772,660.6259912396763,,,660.6259912396763,52.94299858557224,,2025-02-20
2025,2,1,4,8,0,6660.253663366338,6312.950919377652,5968.662956152758,5940.0225388967465,5600.256746817539,6101.916265912306,7177.590042432815,6313.955846298916,345.79644877385266,6318.8297418670445,653.5459999739832,6256.1976714992925,708.9941294609896,347.3027439886855,-517.3363790664771,0.05501432664756467,-0.07207661290322565,0.8660254037844386,0.5000000000000001,1.0,6.123233995736766e-17,21,52,0,0,0,0,3,0.7802958510707755,0.6254105729852463,-0.433883739117558,-0.9009688679024191,6312.950919377652,6438.667277227723,6217.08089108911,5634.216793356755,6187.263736825296,7077.638613861386,5780.38811881188,6637.116831683168,,,6516.534757526773,793.4394899764555,6406.4952596484145,757.5804722037736,6226.742128842147,731.2624930908219,6239.403814415099,755.2850081629252,6425.0876524623745,937.0873943815685,6548.889729175765,980.1853512099774,6561.379830839075,1003.5488586906314,6022.108753299976,1178.9632796338688,6022.108753299976,1178.9632796338688,0.034414945919370776,221.58638613861422,0.18210816296940702,1026.0368700095823,,,1026.0368700095823,23.136831683169476,,2025-02-21
2025,2,1,5,8,1,7966.558168316832,6660.253663366338,6312.950919377652,5968.662956152758,5940.0225388967465,6438.667277227723,5410.325558698728,6979.920917020274,871.920064128597,6408.117498821311,844.539972394317,6469.217055634136,808.7423307696284,1306.3045049504944,2556.232609618104,0.19613434727503165,0.4724729744789924,0.8660254037844386,0.5000000000000001,1.0,6.123233995736766e-17,22,53,0,0,0,0,4,0.7909456567567772,0.6118864012687243,-0.9749279121818236,-0.2225209339563146,6660.253663366338,7702.764851485149,7438.971534653466,5911.693324816353,7341.963669754073,6911.10594059406,6021.237623762376,7919.287128712871,,,6554.219517074156,862.4347718172003,6444.180019195797,823.1727213542564,6295.237623625497,794.2586067688954,6261.710760792341,797.1195390537185,6443.935013671709,957.4333895127319,6572.048307087127,990.4950203794343,6561.905064612452,1004.2796448509091,6033.348345294294,1184.7903200504538,6033.348345294294,1184.7903200504538,0.03424657534246567,263.7933168316831,0.34759327498848447,2054.864843500479,,,2054.864843500479,47.27103960396107,,2025-02-22
2025,2,1,6,8,1,7684.073210749647,7966.558168316832,6660.253663366338,6312.950919377652,5968.662956152758,7702.764851485149,5739.539618104667,7436.961680810939,687.3179366821128,6755.420242809996,873.8360982633956,6631.261521687884,843.3187222571813,-282.4849575671851,1944.5335926449798,-0.035458845789971605,0.33879609202647365,0.8660254037844386,0.5000000000000001,1.0,6.123233995736766e-17,23,54,0,0,0,0,4,0.8013610881746766,0.5981809144059164,-0.7818314824680299,0.6234898018587334,7966.558168316832,7430.83162659123,7177.590042432815,6187.263736825296,7025.411689556053,7327.437623762376,6422.653465346535,8975.19207920792,,,6590.396886239645,909.3698714053176,6480.357388361285,867.8042545627529,6345.131272756308,833.2959059535942,6285.234386549254,829.5507447908332,6450.303506296483,964.5764298778116,6587.065208818116,997.7384664629976,6547.55929940736,978.3050688908337,6042.835269808405,1187.9706938316774,6042.835269808405,1187.9706938316774,0.034079844206426735,253.24158415841703,0.24191783922441434,1496.8094739243506,,,1496.8094739243506,-1291.118868458273,,2025-02-23
2025,2,1,0,9,0,5790.187934936351,7684.073210749647,7966.558168316832,6660.253663366338,6312.950919377652,7430.83162659123,5768.1800353606795,7146.939771334277,1183.4403647796412,6730.447808816597,903.4385303937099,6633.095513319189,841.2926149893065,-1893.8852758132962,22.007899575671217,-0.24646892655367236,0.003815397480792182,0.8660254037844386,0.5000000000000001,1.0,6.123233995736766e-17,24,55,0,0,0,0,4,0.8115390590073611,0.5842981736283683,0.0,1.0,7684.073210749647,5600.256746817539,5410.325558698728,7341.963669754073,5251.903692111147,8742.965346534653,6583.219801980198,6021.237623762376,,,6617.52991311376,877.1663506369031,6507.490415235401,837.1726160104317,6293.405414929051,817.2936898573599,6304.458823793013,810.7408656760435,6397.575338232227,916.4772735308836,6577.624353258071,1001.5200594225599,6544.992080642627,980.0034144524765,6041.391570751993,1184.706015804735,6041.391570751993,1184.706015804735,0.03391472868217038,189.9311881188114,-0.21135704351281548,-1551.775734817722,,,-1551.775734817722,-231.04968882602498,,2025-02-24
2025,2,1,1,9,0,6140.505459688826,5790.187934936351,7684.073210749647,7966.558168316832,6660.253663366338,5600.256746817539,6101.916265912306,6538.255535124942,1007.647855834394,6759.0882260726075,876.7896057256228,6636.3112794672315,839.1486691678437,350.31752475247504,38.589193776520005,0.06050192648130781,0.006324110671936722,0.8660254037844386,0.5000000000000001,1.0,6.123233995736766e-17,25,56,0,0,0,0,4,0.8214765533024142,0.5702422926917871,0.7818314824680298,0.6234898018587336,5790.187934936351,5940.0225388967465,5739.539618104667,7025.411689556053,5525.567984669436,9908.69405940594,6824.0693069306935,5459.255445544555,,,6646.170330369772,854.3339523356495,6536.130832491413,815.4564346589138,6263.908540600143,805.8523765576123,6326.420876472276,797.0739256944372,6330.286256094421,782.545437606182,6569.486688409954,1002.270295414138,6552.561525244229,974.1364618408912,6041.954717848225,1181.3399162043197,6041.954717848225,1181.3399162043197,0.03375120540019294,200.4829207920793,-0.12595791805094136,-884.906229867227,,,-884.906229867227,681.2500141442706,,2025-02-25
2025,2,1,2,9,0,6169.145876944837,6140.505459688826,5790.187934936351,7684.073210749647,7966.558168316832,5940.0225388967465,6438.667277227723,6033.279757190005,211.01017489702002,6735.120719000472,893.2353434610964,6613.851162776992,848.4746880147813,28.64041725601146,-269.52140028288613,0.004664179104477695,-0.04185981177131626,0.8660254037844386,0.5000000000000001,1.0,6.123233995736766e-17,26,57,0,0,0,0,4,0.8311706263658079,0.5560174366570446,0.9749279121818236,-0.22252093395631434,6140.505459688826,5968.662956152758,5768.1800353606795,5251.903692111147,5507.459849888215,6014.487623762376,6663.50297029703,6262.087128712871,,,6674.810747625784,830.8743572509873,6564.771249747423,793.1458911546508,6294.4832800946,783.2145352704036,6350.052520295727,781.5517872344025,6333.048010615537,781.683093459044,6563.601484917665,1003.1625962980179,6551.528844669029,974.4970499106018,6042.6733119674145,1178.017850264169,6042.6733119674145,1178.017850264169,0.03358925143953928,200.4829207920793,0.17464946781325663,917.2421848336899,,,917.2421848336899,-92.94125176803391,,2025-02-26
2025,2,1,3,9,0,6523.985572842998,6169.145876944837,6140.505459688826,5790.187934936351,7684.073210749647,5968.662956152758,7702.764851485149,6277.878969825554,213.61510576668252,6712.409370579914,897.2430034145096,6515.61955622348,776.0946333291137,354.83969589816115,-1178.7792786421505,0.05751844793041094,-0.15303326810176132,0.8660254037844386,0.5000000000000001,1.0,6.123233995736766e-17,27,58,0,0,0,0,4,0.8406184056344782,0.5416278206559814,0.43388373911755823,-0.900968867902419,6169.145876944837,6312.950919377652,6101.916265912306,5525.567984669436,5778.264963270522,6311.978409453848,7064.918811881188,5780.38811881188,,,6704.95855526369,819.3042425471274,6594.919057385331,782.1444648984118,6327.763866367052,770.524628433727,6376.68539920903,774.0149607414397,6336.833852818914,782.0924825793617,6557.161803500544,1001.6407507948776,6559.791038602708,971.0316383121975,6045.377313433009,1175.2392370913392,6045.377313433009,1175.2392370913392,0.03342884431709647,211.0346534653463,0.18069049027062012,998.4175881735628,,,998.4175881735628,743.5974540311181,,2025-02-27
2025,2,1,4,9,0,6881.840049504951,6523.985572842998,6169.145876944837,6140.505459688826,5790.187934936351,6312.950919377652,7430.83162659123,6524.9904997642625,356.34814901841105,6531.623017444602,676.0089276182247,6469.870258132956,732.1785683429446,357.8544766619525,-548.991577086279,0.05485212569316089,-0.07388023369036012,0.8660254037844386,0.5000000000000001,1.0,6.123233995736766e-17,28,59,0,1,0,0,4,0.8498170915275278,0.5270777086423722,-0.433883739117558,-0.9009688679024191,6523.985572842998,6660.253663366338,6438.667277227723,5507.459849888215,6047.163957202173,6607.563075694666,8429.732673267326,6021.237623762376,,,6736.613753283491,821.566676726859,6626.574255405133,784.2992877858926,6373.5765396876095,760.867825619629,6406.4952596484145,776.9215739852915,6341.731655922669,784.673295183611,6538.734510360516,980.7973084585094,6569.353287777625,969.9053810080355,6050.050289612182,1173.5998278058776,6050.050289612182,1173.5998278058776,0.033269961977186124,221.5863861386133,0.24954883686435436,1374.3801996167358,,,1374.3801996167358,860.6024257425752,,2025-02-28
2025,3,1,5,9,1,8230.351485148514,6881.840049504951,6523.985572842998,6169.145876944837,6140.505459688826,6660.253663366338,5600.256746817539,7212.059035832154,899.8358688492928,6622.66939651108,870.9466862202129,6689.044819660538,834.6777628582255,1348.5114356435633,2630.094738330975,0.19595216191352338,0.46963824289405665,1.0,6.123233995736766e-17,1.0,6.123233995736766e-17,1,60,1,0,0,0,1,0.8587639582758029,0.5123714121284237,-0.9749279121818236,-0.2225209339563146,6881.840049504951,7966.558168316832,7702.764851485149,5778.264963270522,7175.178217821784,7842.320025550942,9553.69702970297,6422.653465346535,,,6774.298512830875,890.5409391355571,6664.259014952515,849.9168771483676,6455.312757083543,823.815108187896,6444.180019195797,838.720512703315,6348.660789129769,799.7340534338579,6522.980396734868,941.6320090798465,6589.438821330981,985.4266712705994,6062.163074031827,1181.5462143086495,6062.163074031827,1181.5462143086495,0.0331125827814569,263.7933168316822,0.42436380772855764,2452.0865218779927,,,2452.0865218779927,1807.6980198019792,,2025-03-01
2025,3,1,6,9,1,7881.531625678696,8230.351485148514,6881.840049504951,6523.985572842998,6169.145876944837,7966.558168316832,5940.0225388967465,7664.574386777386,699.9454304794818,6971.22667830147,889.4376096404346,6850.837243559033,863.9457890287453,-348.81985946981786,1941.50908678195,-0.04238213399503721,0.3268521413965124,1.0,6.123233995736766e-17,1.0,6.123233995736766e-17,2,61,0,0,0,0,1,0.8674563547295968,0.49751328890718066,-0.7818314824680299,0.6234898018587334,8230.351485148514,7684.073210749647,7430.83162659123,6047.163957202173,6924.3484582743995,7505.753791121048,6054.207920792079,6583.219801980198,4227.178217821782,,6802.506857820738,926.5603214562498,6696.451872030191,888.8312461643632,6516.45834603276,859.7678108518852,6478.365132317379,877.6210089298735,6355.371107604013,811.1149205600865,6544.73425036447,951.7253972598661,6603.864508260964,994.7931046548066,6082.46503740881,1181.2358661081762,6072.214833985677,1185.9947179775202,0.025697102241661884,197.45841492904947,0.3033434650455924,1834.3676684765232,,,1834.3676684765232,1298.3118236984983,,2025-03-02
2025,3,1,0,10,0,5896.4443692111145,7881.531625678696,8230.351485148514,6881.840049504951,6523.985572842998,7684.073210749647,5968.662956152758,7336.109160012776,1258.926072490203,6930.549829888518,939.215410873769,6844.819027980563,870.8733990241083,-1985.087256467582,-72.21858694164348,-0.25186567164179097,-0.01209962557312727,1.0,6.123233995736766e-17,1.0,6.123233995736766e-17,3,62,0,0,0,0,1,0.8758917051442429,0.48250774176121847,0.0,1.0,7881.531625678696,5790.187934936351,5600.256746817539,7175.178217821784,5220.394370579916,5612.160268284893,5489.148514851486,6824.0693069306935,3832.641584158416,,6817.686348431421,907.894164983995,6717.60813077259,863.9077062575968,6473.8338844124055,857.6797105110239,6502.509775125637,850.614625387361,6360.4476094062675,807.2592916812649,6549.583010535418,947.3099891086357,6593.557564508525,997.2883329637422,6093.930608436881,1169.2312045087524,6071.249062201201,1182.7857142474377,0.018351120113674124,106.2564342747637,-0.17821631878557898,-1278.7338486106692,,,-1278.7338486106692,-927.6249377195791,,2025-03-03
2025,3,1,1,10,0,6208.503353561162,5896.4443692111145,7881.531625678696,8230.351485148514,6881.840049504951,5790.187934936351,6312.950919377652,6662.159782816991,1067.4717658099146,6937.109409324573,932.9506853031552,6836.115064162522,877.1715957934482,312.05898435004747,-104.44756581649017,0.05292324743696297,-0.016544967187355653,1.0,6.123233995736766e-17,1.0,6.123233995736766e-17,4,63,0,0,0,0,1,0.8840675099433636,0.46735921715800227,0.7818314824680298,0.6234898018587336,5896.4443692111145,6140.505459688826,5940.0225388967465,6924.3484582743995,5539.056697312589,5905.838815075055,6296.376237623762,6663.50297029703,4396.265346534654,,6827.400333270324,899.7685187056584,6736.785331820049,848.1552123481243,6449.972380921963,854.6662155025272,6526.418584277371,831.7298745820192,6365.852333307805,805.1707679182248,6548.536904772767,947.6414325050481,6588.50201321146,998.0827227459498,6103.998597364805,1162.3132446808333,6071.999085651257,1179.5754639816166,0.011073663938372613,67.99789387233614,-0.10338086088920362,-715.8451047132376,,,-715.8451047132376,-454.9996167358677,,2025-03-04
2025,3,1,2,10,0,6192.982095177259,6208.503353561162,5896.4443692111145,7881.531625678696,8230.351485148514,6140.505459688826,6660.253663366338,6099.30993931651,175.85805928666215,6881.942163046949,971.2650010226708,6797.175766813433,895.8605639325183,-15.521258383902932,-467.2715681890786,-0.0025000000000000577,-0.07015822396663829,1.0,6.123233995736766e-17,1.0,6.123233995736766e-17,5,64,0,0,0,0,1,0.8919813464595485,0.45207220393230435,0.9749279121818236,-0.22252093395631434,6208.503353561162,6169.145876944837,5968.662956152758,5220.394370579916,5567.6971145686,5887.730680293836,5812.039603960396,7064.918811881188,4058.0910891089106,,6830.8055073035275,896.9027008362372,6752.808127464655,834.5376514293336,6482.391971741875,824.324736921148,6548.750190727681,813.2236536481442,6371.3032514307215,802.9051569341783,6553.0719344301115,944.9821760596475,6578.813827470304,997.6380384517117,6115.859102954075,1152.1678904224243,6072.656602007376,1176.3819763458994,0.0038637793153022404,23.836218232421743,0.18630541211186347,972.5877245973434,,,972.5877245973434,-871.936716703929,,2025-03-05
2025,3,1,3,10,0,6502.590354519322,6192.982095177259,6208.503353561162,5896.4443692111145,7881.531625678696,6169.145876944837,7966.558168316832,6301.358601085914,174.44452214914674,6818.733880549345,983.5359244487283,6675.178448996972,818.4771262224024,309.6082593420633,-1463.9678137975097,0.04999340456404178,-0.18376415295876958,1.0,6.123233995736766e-17,1.0,6.123233995736766e-17,6,65,0,0,0,0,1,0.8996308696522433,0.43665123195606403,0.43388373911755823,-0.900968867902419,6192.982095177259,6523.985572842998,6312.950919377652,5539.056697312589,5890.8816124469595,6178.5500479080165,6054.207920792079,8429.732673267326,4227.178217821782,,6827.749047543003,898.1581198314453,6766.353801403347,828.3652096810329,6514.509760315432,804.843245596824,6570.596931515979,803.0487973478715,6377.089685477354,802.6583726461015,6558.409820545912,943.3953588436675,6557.40113503977,977.9519501851603,6128.500281491282,1143.782178900677,6074.98056823717,1173.6066838737754,-0.003279470514578775,-21.39521832367609,0.17395266195311132,963.5336572067336,,,963.5336572067336,-1927.142318748004,,2025-03-06
2025,3,1,4,10,0,6810.564797189397,6502.590354519322,6192.982095177259,6208.503353561162,5896.4443692111145,6523.985572842998,7684.073210749647,6502.045748961992,308.7917111946827,6582.102765889492,708.2586164902975,6602.386081200286,757.1374887101614,307.9744426700745,-873.5084135602501,0.047361809045226355,-0.11367778385274285,1.0,6.123233995736766e-17,1.0,6.123233995736766e-17,7,66,0,0,0,0,1,0.9070138128026359,0.4211008707960896,-0.433883739117558,-0.9009688679024191,6502.590354519322,6881.840049504951,6660.253663366338,5567.6971145686,6217.08089108911,6467.463296071543,6457.821782178218,9553.69702970297,4508.990099009901,,6817.566868640781,897.8466622899789,6777.090310962136,827.8581968810357,6555.938683069459,786.197978466458,6591.792785305275,801.2025822915399,6383.216497997315,804.6677082582611,6562.609142153188,943.7272397555724,6526.921888011842,924.8225195541407,6141.286807592279,1138.428577468444,6078.935322156267,1171.6725453788208,-0.010357005074635772,-71.2752523155541,0.22322832170030815,1242.8676826207966,,,1242.8676826207966,-2743.1322325135725,,2025-03-07
2025,3,1,5,10,1,8087.392526349408,6810.564797189397,6502.590354519322,6192.982095177259,6208.503353561162,6881.840049504951,5790.187934936351,7133.515892686042,840.3109772704287,6616.412916001277,784.661726102655,6793.819797151374,820.8446230460302,1276.8277291600116,2297.2045914130576,0.18747750989564582,0.39674093781177233,1.0,6.123233995736766e-17,1.0,6.123233995736766e-17,8,67,0,0,0,0,2,0.9141279881853337,0.40542572835999735,-0.9749279121818236,-0.2225209339563146,6810.564797189397,8230.351485148514,7966.558168316832,5890.8816124469595,7438.971534653466,7675.534573618652,6619.267326732674,6054.207920792079,4621.714851485149,,6797.144160240909,861.2344815357654,6785.721336535892,841.7269204254114,6629.155713532874,823.5193304142718,6614.950677865845,835.2440603824298,6390.571104296078,818.4581681228657,6580.086823101007,958.2718277021629,6549.512828073591,937.8860057153042,6160.540572452637,1141.8866439088315,6089.6757350129155,1177.7128168672182,-0.017369727047146455,-142.95895879910586,0.3728662462442629,2196.510913902449,,,2196.510913902449,2033.1846055573296,,2025-03-08
2025,3,1,6,10,1,7744.291025231555,8087.392526349408,6810.564797189397,6502.590354519322,6192.982095177259,8230.351485148514,6140.505459688826,7547.416116256786,660.7889676937934,6924.38735867135,807.8533157619693,6927.468594279936,835.2395827875622,-343.10150111785333,1603.7855655427293,-0.042424242424242364,0.261181359754707,1.0,6.123233995736766e-17,1.0,6.123233995736766e-17,9,68,0,0,0,0,2,0.9209712877166346,0.38963044953078796,-0.7818314824680299,0.6234898018587334,8087.392526349408,7881.531625678696,7684.073210749647,6217.08089108911,7177.590042432815,7345.639757266049,6861.435643564357,5489.148514851486,4790.80198019802,,6777.538360177031,833.5515670917906,6790.0226089988855,846.809190039088,6680.062718004289,844.113776249894,6635.189998680085,855.9910481866342,6397.689876938319,828.5871995357634,6590.597006216092,966.203486029375,6574.569967077815,939.3620788974033,6176.948844925045,1143.313410507682,6098.476880173654,1180.7424935495117,-0.01741293532338306,-137.24060044714133,0.24564746074502297,1527.210134142445,,,1527.210134142445,2255.1425103800693,,2025-03-09
2025,3,1,0,11,0,5793.5139188757585,7744.291025231555,8087.392526349408,6810.564797189397,6502.590354519322,7881.531625678696,6169.145876944837,7208.399156818906,1237.2771869833343,6855.222452890451,894.5185321557593,6896.16593110751,872.4530906270091,-1950.7771063557966,-375.6319580690788,-0.2518987341772152,-0.06088881111936095,1.0,6.123233995736766e-17,1.0,6.123233995736766e-17,10,69,0,0,0,0,2,0.9275416835791966,0.37371971479046906,0.0,1.0,7744.291025231555,5896.4443692111145,5790.187934936351,7438.971534653466,5410.325558698728,5492.074742893645,6699.990099009901,6296.376237623762,4678.0772277227725,,6762.834010129123,852.3803185586421,6790.260179280272,846.5075246259578,6625.214130811699,846.5566992463731,6648.875297257836,838.5688843677975,6403.072719366572,823.5608749990117,6579.805623119258,970.021575403552,6568.9826079806135,942.5255719479335,6183.145715431451,1138.155246312097,6096.863319531865,1177.8069475640789,-0.017456359102244412,-102.930450335356,-0.2211942347288951,-1645.4576157777074,,,-1645.4576157777074,-502.8623187480034,,2025-03-10
2025,3,1,1,11,0,6099.854544873841,5793.5139188757585,7744.291025231555,8087.392526349408,6810.564797189397,5896.4443692111145,6523.985572842998,6545.886496327051,1049.0906566919368,6839.701194506547,908.9983443501804,6860.821678776748,897.1430087421688,306.34062599808294,-424.131027969157,0.052876480541454995,-0.06501103094627636,1.0,6.123233995736766e-17,1.0,6.123233995736766e-17,11,70,0,0,0,0,2,0.9338372288229252,0.35769823883312546,0.7818314824680298,0.6234898018587336,5793.5139188757585,6208.503353561162,6140.505459688826,7177.590042432815,5739.539618104667,5779.081871606516,7103.603960396039,5812.039603960396,4959.889108910891,,6747.31275174522,865.0516528993289,6787.356542507773,848.9738407280267,6589.289614226399,845.1740389261894,6661.743687499592,826.7794642911413,6408.800802817774,820.2508217968855,6567.856225315421,969.6737014740992,6572.180551768541,940.4143504555369,6189.478856742357,1134.4762023553205,6096.879062823139,1174.6869437235562,-0.01750000000000007,-108.64880868732052,-0.15015283558792936,-1077.7354975589733,,,-1077.7354975589733,287.81494091344575,,2025-03-11
2025,3,1,2,11,0,6084.3332864899385,6099.854544873841,5793.5139188757585,7744.291025231555,8087.392526349408,6208.503353561162,6881.840049504951,5992.5672500798455,172.55984139715068,6769.991683168316,954.9000379469317,6794.362781858831,924.5643883953722,-15.521258383902932,-797.5067630150124,-0.0025445292620864812,-0.11588568715315917,1.0,6.123233995736766e-17,1.0,6.123233995736766e-17,12,71,0,0,0,0,2,0.9398560579418954,0.3415707691678556,0.9749279121818236,-0.22252093395631434,6099.854544873841,6192.982095177259,6169.145876944837,5410.325558698728,5768.1800353606795,5760.973736825295,8475.89108910891,6054.207920792079,5918.049504950494,,6731.7914933613165,877.5400372071863,6781.298500332422,854.0122068287492,6611.756538486106,821.3768359892898,6673.034875039923,816.215581875598,6414.575080490356,816.7380761865215,6539.385299093767,947.8401304729019,6572.515278054073,940.2332583068884,6190.402655528687,1134.3216354377344,6096.813378130296,1171.5919357641812,-0.01754385964912286,-108.64880868732052,0.12457803518081101,674.0077277912105,,,674.0077277912105,30.125365697859706,,2025-03-12
2025,3,1,3,11,0,6388.223187480038,6084.3332864899385,6099.854544873841,5793.5139188757585,7744.291025231555,6192.982095177259,8230.351485148514,6190.803672947939,171.14635813827718,6699.601414883423,966.8032560825052,6640.852090386458,810.3372932174419,303.8899009900997,-1842.128297668476,0.04994629430719666,-0.22382133995037212,1.0,6.123233995736766e-17,1.0,6.123233995736766e-17,13,72,0,0,0,0,2,0.9455963874271426,0.3253420847119801,0.43388373911755823,-0.900968867902419,6084.3332864899385,6502.590354519322,6523.985572842998,5739.539618104667,6101.916265912306,6045.121686362185,9606.009900990099,6457.821782178218,6707.122772277227,,6715.453326641419,883.5625397905565,6771.601187092211,857.9205974961676,6633.379324131952,806.018647669396,6683.26012223877,810.5696745530759,6420.701893010318,815.2016613125085,6501.078314409124,885.3743038165998,6571.741960335205,940.3572640295764,6188.630991168702,1133.7589769778633,6098.3311375539915,1168.7101529720628,-0.017587939698492372,-114.36716703928414,0.1130201396866708,648.683569375371,,,648.683569375371,-69.59859469818002,,2025-03-13
2025,3,1,4,11,0,6690.479271798147,6388.223187480038,6084.3332864899385,6099.854544873841,5793.5139188757585,6502.590354519322,7881.531625678696,6387.678581922708,303.0733596387179,6466.78253912488,696.0508531468561,6541.5977275630785,711.4691472220055,302.25608431810906,-1191.0523538805492,0.04731457800511496,-0.15111940298507465,1.0,6.123233995736766e-17,1.0,6.123233995736766e-17,14,73,0,0,0,0,2,0.9510565162951535,0.30901699437494745,-0.433883739117558,-0.9009688679024191,6388.223187480038,6810.564797189397,6881.840049504951,5768.1800353606795,6438.667277227723,6327.363516448419,6244.975247524752,6619.267326732674,4365.3712871287125,,6698.2982515855265,882.5733213838511,6757.932560113154,857.5534650375308,6664.122632013201,789.2958847470886,6692.253407759144,809.1510907383413,6427.186102927278,815.8895807215764,6506.381933745711,885.1560121169921,6572.5332041692645,940.4276598277141,6201.548257750199,1126.0893608648014,6101.399262601888,1166.4416959403686,-0.017632241813602123,-120.08552539124958,0.15989432208833554,922.2992364374677,,,922.2992364374677,71.21194506547363,,2025-03-14
2025,3,1,5,11,1,7944.433567550303,6690.479271798147,6388.223187480038,6084.3332864899385,6099.854544873841,6810.564797189397,5896.4443692111145,7007.712008942829,825.1818853421468,6500.139629511337,770.3482858668757,6712.263494091345,784.5250858565531,1253.9542957521562,2047.989198339189,0.18742368742368742,0.3473261291216403,1.0,6.123233995736766e-17,1.0,6.123233995736766e-17,15,74,0,0,0,0,3,0.9562348265919056,0.29260033563334836,-0.9749279121818236,-0.2225209339563146,6690.479271798147,8087.392526349408,8230.351485148514,6101.916265912306,7702.764851485149,7508.749121686362,5662.110891089109,6861.435643564357,3957.9366336633666,,6677.875543185655,845.9673671893094,6737.509851713281,822.4775527337679,6725.539875401135,815.2979057119898,6700.884433332898,821.5235190196806,6434.966182317706,828.3723480079516,6533.552441798822,893.9137165018883,6584.566514435775,951.0348370689086,6223.695462938459,1120.9069398245174,6110.89943943152,1170.9166119936513,-0.017676767676767624,-142.95895879910495,0.30195715925028677,1842.5173016379977,,,1842.5173016379977,1082.9979239859467,,2025-03-15
2025,3,1,6,11,1,7607.050424784413,7944.433567550303,6690.479271798147,6388.223187480038,6084.3332864899385,8087.392526349408,6208.503353561162,7413.9877547109545,648.8876943591425,6802.395713829446,793.0903578290533,6828.809083359948,806.4597489441167,-337.3831427658906,1398.547071223251,-0.042467866323907644,0.22526315789473683,1.0,6.123233995736766e-17,1.0,6.123233995736766e-17,16,75,0,0,0,0,3,0.9611297838723007,0.27609697309746883,-0.7818314824680299,0.6234898018587334,7944.433567550303,7744.291025231555,7881.531625678696,6438.667277227723,7430.83162659123,7185.52572341105,6494.774257425743,6699.990099009901,4539.986138613861,,6658.269743121777,818.2703288613461,6717.904051649405,795.9529744094345,6764.485980319691,828.9143411744141,6707.177961839799,827.9722878090801,6442.493409127944,837.1847848225464,6546.793824743569,901.5378420840015,6594.644962499938,957.0589032394706,6240.73470897274,1118.4784337864928,6118.572008587175,1172.7991252579097,-0.017721518987341867,-137.24060044714224,0.18146350746978746,1168.3831475566894,,,1168.3831475566894,907.0603257745115,,2025-03-16
2025,3,1,0,12,0,5690.5834685404025,7607.050424784413,7944.433567550303,6690.479271798147,6388.223187480038,7744.291025231555,6192.982095177259,7080.68915362504,1215.6283182100105,6734.183867773874,878.5905550881354,6786.942531140211,854.1023190956229,-1916.4669562440104,-502.39862663685653,-0.25193298969072153,-0.08112386228729707,1.0,6.123233995736766e-17,1.0,6.123233995736766e-17,17,76,0,0,0,0,3,0.9657399376548549,0.2595117970697999,0.0,1.0,7607.050424784413,5793.5139188757585,5896.4443692111145,7702.764851485149,5600.256746817539,5371.989217502395,5995.176237623762,7103.603960396039,4190.756435643564,,6643.565393073869,837.1079730877594,6703.199701601496,813.9929742178889,6697.413267554865,831.778474030094,6710.403916187043,823.6645161830451,6448.182592182194,830.836236024917,6543.1677203497175,904.3912924968222,6578.944734812652,960.200695430104,6249.067081377724,1108.6649215320604,6116.388393586937,1170.1874724669497,-0.017766497461928932,-102.930450335356,-0.2612284577993814,-2012.1813829447465,,,-2012.1813829447465,-1413.0204918556365,,2025-03-17
2025,3,1,1,12,0,5991.205736186521,5690.5834685404025,7607.050424784413,7944.433567550303,6690.479271798147,5793.5139188757585,6502.590354519322,6429.613209837112,1030.7095775766766,6718.662609389971,893.070219714154,6744.3271462791445,881.8857130913789,300.6222676461184,-511.38461833280144,0.05282802182026969,-0.07864321608040203,1.0,6.123233995736766e-17,1.0,6.123233995736766e-17,18,77,0,0,0,0,3,0.970063921851507,0.2428497220959356,0.7818314824680298,0.6234898018587336,5690.5834685404025,6099.854544873841,6208.503353561162,7430.83162659123,5940.0225388967465,5652.324928137976,6244.975247524752,8475.89108910891,4365.3712871287125,,6628.044134689967,849.7807384745028,6687.678443217593,826.1326725517064,6649.425737874709,829.5314415645526,6712.23188751882,821.9464780524743,6454.23403518306,826.1551088975815,6540.146654738548,905.8221071406082,6551.337119780181,940.5660132058927,6258.0994949836,1099.8201554176562,6115.752948625513,1167.2325583888621,-0.01781170483460559,-108.64880868732052,-0.19373684706473604,-1439.625890404709,,,-1439.625890404709,-2484.68535292239,,2025-03-18
2025,3,1,2,12,0,5975.684477802619,5991.205736186521,5690.5834685404025,7607.050424784413,7944.433567550303,6099.854544873841,6810.564797189397,5885.82456084318,169.2617513146809,6649.906157777067,938.3318902537546,6674.753786330245,908.7096354387381,-15.521258383902023,-834.880319386778,-0.002590673575129432,-0.12258606213266166,1.0,6.123233995736766e-17,1.0,6.123233995736766e-17,19,78,0,0,0,0,3,0.9741004551724205,0.22611568550828828,0.9749279121818236,-0.22252093395631434,5991.205736186521,6084.3332864899385,6192.982095177259,5600.256746817539,5968.662956152758,5634.216793356755,6661.306930693069,9606.009900990099,4656.39603960396,,6612.522876306063,862.2672719971722,6672.157184833691,838.096547683359,6661.939995574211,815.8774307484339,6712.482656149173,821.7122573654943,6460.331672405308,821.2382421859891,6531.984482680329,907.8040353022727,6511.000170633653,884.2507636258948,6265.428875195815,1093.4641219931616,6115.045532106205,1164.3088226157631,-0.017857142857142794,-108.64880868731962,0.0670375927315161,375.4277309850795,,,375.4277309850795,-3630.32542318748,,2025-03-19
2025,3,1,3,12,0,6273.856020440753,5975.684477802619,5991.205736186521,5690.5834685404025,7607.050424784413,6084.3332864899385,8087.392526349408,6080.248744809964,167.84832512810496,6580.468949217502,950.070739887294,6523.6257441711905,796.2628508625646,298.17154263813427,-1813.5365059086553,0.04989747095010255,-0.22424242424242424,1.0,6.123233995736766e-17,1.0,6.123233995736766e-17,20,79,0,0,0,0,3,0.9778483415056568,0.20931464596304847,0.43388373911755823,-0.900968867902419,5975.684477802619,6388.223187480038,6502.590354519322,5940.0225388967465,6312.950919377652,5911.693324816353,6827.839603960396,6244.975247524752,4772.805940594059,,6596.184709586166,868.2881078264043,6655.8190181137925,843.8660807914011,6673.067778292345,807.9295165824283,6711.08640975857,822.4491664170001,6466.7988633986015,818.2598023809436,6525.38944001938,907.641086150514,6511.3210681104965,884.1583732191438,6273.768042306075,1087.7259554481852,6115.843574761153,1161.4194898428239,-0.017902813299232823,-114.36716703928505,0.05620070956936307,333.83348154400664,,,333.83348154400664,28.88077291600075,,2025-03-20
2025,3,1,4,12,0,6570.393746406899,6273.856020440753,5975.684477802619,5991.205736186521,5690.5834685404025,6388.223187480038,7744.291025231555,6273.311414883424,297.3550083441398,6351.462312360268,683.8435267296073,6425.800970935802,698.8111389317414,296.53772596614544,-1173.8972788246565,0.04726562500000009,-0.1515822784810127,1.0,6.123233995736766e-17,1.0,6.123233995736766e-17,21,80,0,0,0,0,3,0.9813064702716093,0.19245158197082998,-0.433883739117558,-0.9009688679024191,6273.856020440753,6690.479271798147,6810.564797189397,5968.662956152758,6660.253663366338,6187.263736825296,7077.638613861386,5662.110891089109,4947.420792079208,,6579.029634530273,867.3003192161194,6638.6639430579,842.9189475833446,6693.125471300816,797.2374604304416,6707.877127010018,822.8301007681742,6473.640470712559,817.48140393983,6519.350810644923,905.6077470713046,6521.413099836251,879.5279109869821,6282.784558719006,1083.3880341169465,6118.116325619382,1158.9434596573565,-0.017948717948717885,-120.08552539124867,0.10081500575163993,601.7307902541406,,,601.7307902541406,908.2828553177897,,2025-03-21
2025,3,1,5,12,1,7801.474608751197,6570.393746406899,6273.856020440753,5975.684477802619,5991.205736186521,6690.479271798147,5793.5139188757585,6881.908125199615,810.052803207196,6383.866343021397,756.0349025878998,6593.131028425422,770.3839627537304,1231.080862344298,2007.9606898754382,0.18736789755066496,0.3465877044557246,1.0,6.123233995736766e-17,1.0,6.123233995736766e-17,22,81,0,0,0,0,4,0.9844738167520922,0.1755314904214282,-0.9749279121818236,-0.2225209339563146,6570.393746406899,7944.433567550303,8087.392526349408,6312.950919377652,7966.558168316832,7341.963669754073,6911.10594059406,6494.774257425743,4831.0108910891095,,6558.6069261304,830.7008354232205,6618.241234658027,807.8525901559608,6742.742927613269,818.7898522551292,6701.981285596959,814.0215053022533,6481.84602319465,828.586521485728,6529.950437646793,915.4058897965795,6535.931992628756,889.8083861943769,6299.287134928238,1083.7740714534286,6126.491242450883,1162.1239944980045,-0.01799485861182537,-142.95895879910677,0.23578888991588864,1488.5236893735446,,,1488.5236893735446,1306.700351325454,,2025-03-22
2025,3,1,6,12,1,7469.809824337272,7801.474608751197,6570.393746406899,6273.856020440753,5975.684477802619,7944.433567550303,6099.854544873841,7280.559393165121,636.9865121662386,6680.404068987544,778.3274674187239,6707.293968380709,791.8477729287924,-331.6647844139243,1369.955279463431,-0.04251308900523543,0.2245881880273204,1.0,6.123233995736766e-17,1.0,6.123233995736766e-17,23,82,0,0,0,0,4,0.9873494423939864,0.15855938510313478,-0.7818314824680299,0.6234898018587334,7801.474608751197,7607.050424784413,7744.291025231555,6660.253663366338,7684.073210749647,7025.411689556053,7327.437623762376,5995.176237623762,5122.035643564356,,6539.001126066524,802.9891559972176,6598.63543459415,781.3171819736218,6769.728132978966,829.2510870713265,6694.329021796518,805.4088866107222,6489.781704172886,835.9821826529596,6531.645344796493,917.0306180737703,6552.316810258906,893.3090688037173,6312.330324821422,1083.6544224913746,6133.141334440421,1163.0762250014752,-0.018041237113401887,-137.24060044714042,0.12155034956457733,809.5561609709348,,,809.5561609709348,1474.6335867135103,,2025-03-23
2025,3,1,0,13,0,5587.653018205046,7469.809824337272,7801.474608751197,6570.393746406899,6273.856020440753,7607.050424784413,6084.3332864899385,6952.979150431172,1193.9794670804547,6613.145282657297,862.6628870782686,6665.9039460236345,838.9501062819254,-1882.1568061322268,-496.6802682848929,-0.251968503937008,-0.08163265306122447,1.0,6.123233995736766e-17,1.0,6.123233995736766e-17,24,83,0,0,0,0,4,0.989932495087353,0.141540295217043,0.0,1.0,7469.809824337272,5690.5834685404025,5793.5139188757585,7966.558168316832,5790.187934936351,5251.903692111147,8742.965346534653,6244.975247524752,6111.519801980197,,6524.296776018615,821.8360220923967,6583.931084546241,799.3638213481565,6690.431294641906,824.5860692667237,6687.095631913256,814.6857943064998,6495.777227853135,828.1098163286323,6494.08210279257,889.572182434759,6545.013229933132,898.5219687061483,6309.41995380045,1084.8995116246006,6130.454199877685,1160.8252847801248,-0.01808785529715773,-102.93045033535691,-0.2986114078188422,-2378.9051501117865,,,-2378.9051501117865,-657.3222293197068,,2025-03-24
2025,3,1,1,13,0,5882.556927499201,5587.653018205046,7469.809824337272,7801.474608751197,6570.393746406899,5690.5834685404025,6388.223187480038,6313.339923347173,1012.3285300984336,6597.624024273394,877.1423936746858,6623.765091025231,866.4151765487411,294.9039092941557,-505.6662599808369,0.05277777777777781,-0.07915601023017904,1.0,6.123233995736766e-17,1.0,6.123233995736766e-17,25,84,0,0,0,0,4,0.9922222094179323,0.12447926388678915,0.7818314824680298,0.6234898018587336,5587.653018205046,5991.205736186521,6099.854544873841,7684.073210749647,6140.505459688826,5525.567984669436,9908.69405940594,6661.306930693069,6926.389108910891,,6508.775517634712,834.5102649106683,6568.4098261623385,811.5036198265643,6630.380751866892,815.27397739373,6677.883184335056,822.5163478327454,6502.152030403666,821.8557732537115,6446.151898841299,808.110424848311,6536.360452119867,901.1353612114237,6303.620886125939,1084.3728768672395,6129.239017169946,1158.0926455399715,-0.018134715025906578,-108.64880868731962,-0.23444808942348594,-1801.5162832504457,,,-1801.5162832504457,-778.750003193868,,2025-03-25
2025,3,1,2,13,0,5867.035669115297,5882.556927499201,5587.653018205046,7469.809824337272,7801.474608751197,5991.205736186521,6690.479271798147,5779.081871606514,165.96379665871717,6529.8206323858185,921.7639305792858,6555.144790801661,892.8560674257393,-15.521258383903842,-823.4436026828498,-0.0026385224274407815,-0.1230769230769232,1.0,6.123233995736766e-17,1.0,6.123233995736766e-17,26,85,0,0,0,0,4,0.994217906893952,0.10738134666416309,0.9749279121818236,-0.22252093395631434,5882.556927499201,5975.684477802619,6084.3332864899385,5790.187934936351,6169.145876944837,5507.459849888215,6014.487623762376,6827.839603960396,4581.757425742574,,6493.254259250809,846.9948744082774,6552.8885677784365,823.4644686341402,6632.942343006189,812.659596665231,6667.093534055429,831.3709166352262,6508.573027175579,815.3218169409959,6444.3965184288345,809.2187724731624,6525.68485284381,903.3320217953474,6310.761320811344,1077.179140912481,6127.959976447729,1155.3958367723233,-0.01818181818181841,-108.64880868732143,0.013272062157994702,76.84773417894667,,,76.84773417894667,-960.8039348450984,,2025-03-26
2025,3,1,3,13,0,6159.488853401469,5867.035669115297,5882.556927499201,5587.653018205046,7469.809824337272,5975.684477802619,7944.433567550303,5969.693816671989,164.5504309954398,6461.3364835515795,933.3383840472782,6406.399397955924,782.1897898856437,292.45318428617156,-1784.9447141488345,0.049846839320523806,-0.2246786632390746,1.0,6.123233995736766e-17,1.0,6.123233995736766e-17,27,86,0,0,0,0,4,0.995918996147179,0.09025161003104117,0.43388373911755823,-0.900968867902419,5867.035669115297,6273.856020440753,6388.223187480038,6140.505459688826,6523.985572842998,5778.264963270522,6311.978409453848,7077.638613861386,4154.126732673268,,6476.916092530912,853.0139812013449,6536.550401058538,829.2318063427562,6633.575122796611,812.2702347161799,6654.075794075375,836.5323692010072,6515.380596642201,810.6915820790247,6442.581166571069,809.6903156533532,6515.483188838701,902.212373805318,6321.902221482056,1065.0513048252417,6128.113029248476,1152.5764464973324,-0.01822916666666663,-114.36716703928414,0.003091503433596099,18.983393712643192,,,18.983393712643192,-918.1497604599172,,2025-03-27
2025,3,1,4,13,0,6450.30822101565,6159.488853401469,5867.035669115297,5882.556927499201,5587.653018205046,6273.856020440753,7607.050424784413,6158.944247844139,291.63665732632154,6236.142085595656,671.6366610625973,6310.0042143085275,686.1546513173006,290.8193676141809,-1156.742203768763,0.04721485411140591,-0.152061855670103,1.0,6.123233995736766e-17,1.0,6.123233995736766e-17,28,87,0,0,0,0,4,0.9973249731081555,0.07309512989807777,-0.433883739117558,-0.9009688679024191,6159.488853401469,6570.393746406899,6690.479271798147,6169.145876944837,6881.840049504951,6047.163957202173,6607.563075694666,6911.10594059406,4765.027722772277,,6459.761017475018,852.0276740029253,6519.395326002646,828.2861599724629,6642.947200932304,808.3393417115022,6638.6639430579,836.1558177268344,6522.579601353157,808.2444682388136,6440.709084967747,809.4860342152145,6510.3632141767175,901.2490025233876,6331.264890916741,1058.6770695628495,6129.669527759428,1149.9935913169834,-0.018276762402088753,-120.08552539124867,0.045575570699594614,281.16234407081265,,,281.16234407081265,-460.79771957840967,,2025-03-28
2025,3,1,5,13,1,7658.515649952092,6450.30822101565,6159.488853401469,5867.035669115297,5882.556927499201,6570.393746406899,5690.5834685404025,6756.104241456403,794.9237314247417,6267.593056531459,741.7215795631024,6473.9985627595015,756.2444011306031,1208.2074289364418,1967.9321814116893,0.18731003039513672,0.3458225667527992,1.0,6.123233995736766e-17,1.0,6.123233995736766e-17,29,88,0,0,0,0,5,0.9984354211555643,0.055916990100603484,-0.9749279121818236,-0.2225209339563146,6450.30822101565,7801.474608751197,7944.433567550303,6523.985572842998,8230.351485148514,7175.178217821784,7842.320025550942,7327.437623762376,4398.487128712871,,6439.338309075147,815.4349189586223,6498.972617602774,793.2297863180881,6680.764870169275,828.860546731023,6618.241234658029,802.1308826169379,6531.2106269269125,817.8635769622048,6438.520937639189,805.8920934063152,6514.041858912158,905.2881753083994,6349.376160479181,1053.2991772797445,6137.019749500739,1152.0997354374724,-0.018324607329842868,-142.95895879910495,0.17390137737761613,1134.5300771090933,,,1134.5300771090933,331.0780261897162,,2025-03-29
2025,3,1,6,13,1,7332.56922389013,7658.515649952092,6450.30822101565,6159.488853401469,5867.035669115297,7801.474608751197,5991.205736186521,7147.13103161929,625.0854263209076,6558.41242414564,763.5646484474595,6585.778853401469,777.2374273322821,-325.9464260619616,1341.3634877036093,-0.04256000000000004,0.22388873738751025,1.0,6.123233995736766e-17,1.0,6.123233995736766e-17,30,89,0,0,0,0,5,0.9992500112396835,0.03872228089217446,-0.7818314824680299,0.6234898018587334,7658.515649952092,7469.809824337272,7607.050424784413,6881.840049504951,7881.531625678696,6924.3484582743995,7505.753791121048,8742.965346534653,4581.757425742574,,6419.732509011269,787.708052303634,6479.366817538896,766.6832096980835,6695.789175982113,836.6791946226982,6598.63543459415,776.4061495347346,6538.500283455765,823.2329631177383,6436.459216600725,803.3463956923054,6498.370790882775,878.0688672499547,6364.658448246669,1047.4490507433675,6142.740081914086,1152.2982809599705,-0.018372703412073643,-137.24060044714224,0.0654954446983409,450.72917438517925,,,450.72917438517925,-1410.3961226445226,,2025-03-30
2025,3,1,0,14,0,5484.72256786969,7332.56922389013,7658.515649952092,6450.30822101565,6159.488853401469,7469.809824337272,5975.684477802619,6825.2691472373035,1172.330634572124,6492.10669754072,846.735545566914,6544.865360907058,823.7994588966064,-1847.8466560204406,-490.9619099329293,-0.25200534759358284,-0.0821599453178401,1.0,6.123233995736766e-17,1.0,6.123233995736766e-17,31,90,0,1,0,1,5,0.9997685019798909,0.021516097436222254,0.0,1.0,7332.56922389013,5587.653018205046,5690.5834685404025,8230.351485148514,5896.4443692111145,5220.394370579916,5612.160268284893,9908.69405940594,4887.20792079208,,6405.028158963361,806.5644879802259,6464.662467490988,784.7366943722893,6604.26821207282,812.8589055631073,6583.931084546241,793.8992198569498,6543.22042983594,816.2662750099331,6434.942101119592,805.040381886164,6449.215552087928,805.8714023243224,6367.977974063766,1043.6806555183402,6139.60666518054,1150.434745144765,-0.018421052631578894,-102.930450335356,-0.3335980148883375,-2745.6289172788247,,,-2745.6289172788247,-4423.97149153625,,2025-03-31
2025,4,2,1,14,0,5773.908118811881,5484.72256786969,7332.56922389013,7658.515649952092,6450.30822101565,5587.653018205046,6273.856020440753,6197.066636857232,993.9475160123939,6476.585439156818,861.2148827990478,6503.203035771319,850.9460536128538,289.1855509421912,-499.9479016288724,0.052725647899910744,-0.07968750000000002,0.8660254037844387,-0.49999999999999983,1.2246467991473532e-16,-1.0,1,91,1,0,1,0,1,0.9999907397361901,0.004303538296244289,0.7818314824680298,0.6234898018587336,5484.72256786969,5882.556927499201,5991.205736186521,7881.531625678696,6208.503353561162,5539.056697312589,5905.838815075055,6014.487623762376,5009.388118811881,,6389.5069005794585,819.2402568605066,6449.141209107086,796.8765658090261,6534.014095177259,789.4012405476137,6568.4098261623385,805.6719529020093,6547.414205219856,811.6033117521721,6433.371497592649,806.2129213996917,6446.542446477367,807.7264839363111,6372.2253073971,1039.668812873651,6137.873496714338,1147.9684397155372,-0.01846965699208447,-108.64880868732052,-0.26741293532338306,-2107.6235068668157,,,-2107.6235068668157,-240.579504950495,,2025-04-01
2025,4,2,2,14,0,5781.9274356435635,5773.908118811881,5484.72256786969,7332.56922389013,7658.515649952092,5882.556927499201,6570.393746406899,5680.186040775044,169.3238148954425,6413.658536197167,901.8532140236188,6437.497509874374,875.376197253366,8.019316831682772,-788.4663107633351,0.001388888888888884,-0.12000290107339728,0.8660254037844387,-0.49999999999999983,1.2246467991473532e-16,-1.0,2,92,0,0,0,0,1,0.9999166586547379,-0.01291029607500882,0.9749279121818236,-0.22252093395631434,5773.908118811881,5867.035669115297,5975.684477802619,5896.4443692111145,6192.982095177259,5567.6971145686,5887.730680293836,6311.978409453848,5192.658415841584,,6377.3485815120675,828.8616125155747,6435.301420381438,807.34564046524,6530.19686405834,792.8598886776208,6553.729302607564,816.4392212869258,6551.239746667622,807.3953783088801,6432.111935156337,807.1577531497921,6440.652991212807,810.6457989103965,6375.499024173777,1036.8577812234946,6136.1945058602305,1145.5057929411485,-0.01450617283950606,-85.10823347173391,-0.019421354022351678,-114.51693356755095,,,-114.51693356755095,-530.0509738102846,,2025-04-02
2025,4,2,3,14,0,6094.680792079207,5781.9274356435635,5773.908118811881,5484.72256786969,7332.56922389013,5867.035669115297,7801.474608751197,5883.505448844883,182.9271618792068,6354.387298041093,910.6065255678355,6295.2646918183755,765.3547029882773,312.7533564356436,-1706.7938166719896,0.05409153952843271,-0.21877835951134383,0.8660254037844387,-0.49999999999999983,1.2246467991473532e-16,-1.0,3,93,0,0,0,0,1,0.9995462806873573,-0.030120304846908114,0.43388373911755823,-0.900968867902419,5781.9274356435635,6159.488853401469,6273.856020440753,6208.503353561162,6502.590354519322,5890.8816124469595,6178.5500479080165,6607.563075694666,5070.478217821782,,6368.090287037458,832.056452626653,6422.5031897841845,811.5111947988473,6526.402778675609,794.722527394097,6539.161103948989,821.0119972725535,6554.8790177324845,804.8199444418459,6431.113491634564,807.5269729534674,6434.954299172636,811.2617682045977,6381.189038475207,1032.4570907413483,6135.999605795531,1142.8044748659904,-0.010521662245800312,-64.80806132226189,-0.018333333333333313,-113.82256148195484,,,-113.82256148195484,-512.8822836154586,,2025-04-03
2025,4,2,4,14,0,6408.278287128712,6094.680792079207,5781.9274356435635,5773.908118811881,5484.72256786969,6159.488853401469,7469.809824337272,6094.9621716171605,313.17552054693937,6146.014404237198,661.46188480473,6206.8037303843275,673.0363855675481,313.5974950495047,-1061.5315372085606,0.051454293628808934,-0.14210958005249363,0.8660254037844387,-0.49999999999999983,1.2246467991473532e-16,-1.0,4,94,0,0,0,0,1,0.9988797155850336,-0.04732138832243185,-0.433883739117558,-0.9009688679024191,6094.680792079207,6450.30822101565,6570.393746406899,6192.982095177259,6810.564797189397,6217.08089108911,6467.463296071543,7842.320025550942,5375.928712871287,,6362.086010767896,831.5157414319689,6410.9235141214585,810.3944403982505,6533.5793184073245,792.5770262257612,6524.793728589679,819.605357535177,6558.293256947478,803.76573101674,6430.4089081947695,807.5206949299948,6419.020502079055,797.2716609798568,6386.924313887748,1029.7053682084124,6137.271936082135,1140.2705955515428,-0.006515957446808662,-42.029933886938124,0.034764542936287945,215.29619195145278,,,215.29619195145278,-1434.04173842223,,2025-04-04
2025,4,2,5,14,1,7639.454455445543,6408.278287128712,6094.680792079207,5781.9274356435635,5773.908118811881,6450.30822101565,5587.653018205046,6714.137844884487,816.5439177168954,6197.161942829766,773.8751252668919,6377.787183487703,756.8519814504731,1231.1761683168315,2051.8014372404978,0.19212276888625435,0.3672027290448343,0.8660254037844387,-0.49999999999999983,1.2246467991473532e-16,-1.0,5,95,0,0,0,0,1,0.9979171608653922,-0.06450844944931623,-0.9749279121818236,-0.2225209339563146,6408.278287128712,7658.515649952092,7801.474608751197,6502.590354519322,8087.392526349408,7438.971534653466,7675.534573618652,7505.753791121048,6414.460396039603,,6359.362982981246,826.579195584184,6399.350646028196,789.906996790476,6571.474788438198,817.8206834039516,6508.795940343111,791.8781460585558,6561.873309104478,808.1939668019581,6429.979382978422,806.85975067667,6420.506065015994,799.4409436839461,6393.729836440004,1033.9278305070768,6144.258831521035,1142.2070052111142,-0.002488888888888985,-19.061194506548418,0.17483249581239524,1136.864100926221,,,1136.864100926221,133.70066432449494,,2025-04-05
2025,4,2,6,14,1,7344.005940594059,7639.454455445543,6408.278287128712,6094.680792079207,5781.9274356435635,7658.515649952092,5882.556927499201,7130.579561056104,642.7377412053966,6507.042504950495,803.2358387257311,6499.5746012456075,786.904968198403,-295.4485148514841,1461.449013094858,-0.03867403314917117,0.2484377169837524,0.8660254037844387,-0.49999999999999983,1.2246467991473532e-16,-1.0,6,96,0,0,0,0,1,0.9966589017541702,-0.08167639533042241,-0.7818314824680299,0.6234898018587334,7639.454455445543,7332.56922389013,7469.809824337272,6810.564797189397,7744.291025231555,7177.590042432815,7345.639757266049,5612.160268284893,7269.721782178218,,6360.996799653237,828.8316757711489,6390.364654332253,777.4094123330225,6589.25615988502,828.9221183321314,6494.500044463201,772.114032966012,6564.845021571644,810.8008572445871,6429.959932779946,806.837431169882,6439.748794708318,800.607366716084,6394.142526208981,1034.2941941667773,6149.813216285262,1142.4677769978964,0.0015597147950090484,11.43671670392905,0.07832553676382381,533.4411434046624,,,533.4411434046624,1731.8456723091658,,2025-04-06
2025,4,2,0,15,0,5515.601702970297,7344.005940594059,7639.454455445543,6408.278287128712,6094.680792079207,7332.56922389013,5867.035669115297,6833.020699669966,1150.4421175708212,6463.991435643565,855.6035917816874,6470.288437400191,818.4918908853049,-1828.4042376237621,-351.43396614500034,-0.24896551724137927,-0.05989974937343334,0.8660254037844387,-0.49999999999999983,1.2246467991473532e-16,-1.0,7,97,0,0,0,0,1,0.9951053111006976,-0.09882013873287143,0.0,1.0,7344.005940594059,5484.72256786969,5587.653018205046,8087.392526349408,5793.5139188757585,5410.325558698728,5492.074742893645,5905.838815075055,4650.3712871287125,,6365.408104667608,823.455301710812,6385.218131815485,783.3480198961047,6503.529799105717,801.1650034944246,6484.574608180864,783.166038213611,6566.72495271935,808.1931598048612,6430.240015638003,806.5119521329939,6435.412826796043,804.5783163616724,6398.949361852545,1028.1370546396722,6146.890582583349,1140.6329145713419,0.005630026809651634,30.879135100607527,-0.31799999999999995,-2571.7908233791113,,,-2571.7908233791113,-390.2371121047581,,2025-04-07
2025,4,2,1,15,0,5830.043336633663,5515.601702970297,7344.005940594059,7639.454455445543,6408.278287128712,5484.72256786969,6159.488853401469,6229.883660066006,977.5836164860606,6472.010752475247,848.1250576225427,6442.834644336207,835.2186218150847,314.4416336633658,-329.4455167678061,0.05700948882767065,-0.05348585322723254,0.8660254037844387,-0.49999999999999983,1.2246467991473532e-16,-1.0,8,98,0,0,0,0,2,0.9932568492674143,-0.11593459959550041,0.7818314824680298,0.6234898018587336,5515.601702970297,5773.908118811881,5882.556927499201,7744.291025231555,6099.854544873841,5739.539618104667,5779.081871606516,5887.730680293836,4216.336633663366,,6373.427421499292,816.9827455319413,6381.467161039376,786.0611325567263,6439.72154281912,774.7312394868512,6474.938493600857,789.7075384269882,6568.341090550225,806.5978839854444,6430.846699745469,806.0352552075184,6434.771856310931,805.0423764917259,6407.914399091268,1015.9624535650047,6145.437154849635,1138.204010035979,0.009722222222222188,56.135217821782135,-0.24718178621659637,-1914.2476885978922,,,-1914.2476885978922,-57.6873436601727,,2025-04-08
2025,4,2,2,15,0,5838.062653465346,5830.043336633663,5515.601702970297,7344.005940594059,7639.454455445543,5773.908118811881,6450.30822101565,5727.902564356435,183.90165624472357,6429.24106270627,876.939836235576,6391.814180373681,853.2263827363912,8.019316831682772,-612.2455675503043,0.0013755158184318717,-0.09491725768321524,0.8660254037844387,-0.49999999999999983,1.2246467991473532e-16,-1.0,9,99,0,0,0,0,2,0.9911140639934547,-0.1330147065341959,0.9749279121818236,-0.22252093395631434,5830.043336633663,5781.9274356435635,5867.035669115297,5793.5139188757585,6084.3332864899385,5768.1800353606795,5760.973736825295,6178.5500479080165,4836.3861386138615,,6381.446738330976,810.4584992941793,6379.397659921522,787.5564005587149,6441.206500638773,773.4916196093787,6466.143113849978,795.5687055763215,6569.588994444951,805.3905854177675,6431.764424943563,805.3069272063314,6430.988663039345,807.0575033142039,6413.479268618222,1010.0324219090483,6144.033618313633,1135.7803840826855,0.009708737864077666,56.135217821782135,0.007689415303628433,44.548734589587184,,,44.548734589587184,-340.48739444267085,,2025-04-09
2025,4,2,3,15,0,6153.7704950495045,5838.062653465346,5830.043336633663,5515.601702970297,7344.005940594059,5781.9274356435635,7658.515649952092,5940.625495049503,184.6325286327717,6386.823097359735,884.2812080853901,6266.418750798467,755.0672384365442,315.7078415841588,-1504.7451549025873,0.05407750144592249,-0.19648,0.8660254037844387,-0.49999999999999983,1.2246467991473532e-16,-1.0,10,100,0,0,0,0,2,0.9886775902323405,-0.1500553983446526,0.43388373911755823,-0.900968867902419,5838.062653465346,6094.680792079207,6159.488853401469,6099.854544873841,6388.223187480038,6101.916265912306,6045.121686362185,6467.463296071543,4464.356435643564,,6389.8881244695895,807.2753391599158,6378.9892057535235,787.6806992415135,6443.003698977962,772.7334082048523,6457.769803406031,797.6502588219835,6570.514962822401,804.8727619085514,6433.057863142223,804.7655124229099,6427.503187472434,807.5754221609277,6422.864902281586,999.6148305977212,6144.077876844251,1133.184501384192,0.00969529085872578,59.08970297029737,0.008838891120932058,53.915950175663056,,,53.915950175663056,-313.6928010220381,,2025-04-10
2025,4,2,4,15,0,6470.322475247524,6153.7704950495045,5838.062653465346,5830.043336633663,5515.601702970297,6094.680792079207,7332.56922389013,6154.051874587458,316.13000480943225,6191.967767326732,651.1284825376522,6194.564855078249,681.8648219652445,316.5519801980199,-862.2467486426058,0.05144032921810693,-0.11759135472370763,0.8660254037844387,-0.49999999999999983,1.2246467991473532e-16,-1.0,11,101,0,0,0,0,2,0.9859481499638304,-0.16705162550211924,-0.433883739117558,-0.9009688679024191,6153.7704950495045,6408.278287128712,6450.30822101565,6084.3332864899385,6690.479271798147,6438.667277227723,6327.363516448419,7675.534573618652,4650.3712871287125,,6398.751579915134,807.8513064605324,6380.418795341516,787.838242058992,6455.870005269881,769.7632031801623,6449.90706067208,796.355427171431,6571.080234215611,804.7895917682557,6434.75975550888,804.6904594158217,6414.111941934977,796.5653758342835,6432.975742215581,990.7512337365433,6145.554096746529,1130.819115697787,0.009681881051175845,62.0441881188126,0.06343984962406024,385.9891887575859,,,385.9891887575859,-1205.2120983711275,,2025-04-11
2025,4,2,5,15,1,7713.316584158415,6470.322475247524,6153.7704950495045,5838.062653465346,5830.043336633663,6408.278287128712,5484.72256786969,6779.136518151815,824.360713422751,6253.519541254125,785.4196392282677,6380.2810231023095,768.8941758879586,1242.9941089108906,2228.5940162887255,0.19210697977821267,0.4063275742230166,0.8660254037844387,-0.49999999999999983,1.2246467991473532e-16,-1.0,12,102,0,0,0,0,2,0.9829265519799822,-0.18399835165768005,-0.9749279121818236,-0.2225209339563146,6470.322475247524,7639.454455445543,7658.515649952092,6388.223187480038,7944.433567550303,7702.764851485149,7508.749121686362,7345.639757266049,4960.39603960396,,6409.303312588402,827.0127519870123,6384.333147784824,794.7824413953537,6500.039785159161,803.0457753791071,6441.652882693799,781.3473537793361,6571.268658013348,805.0605579027409,6437.19508244307,808.2814974069507,6418.197240011558,802.3185922039046,6448.269745240883,989.1391545256197,6152.616089933068,1133.1536492745347,0.009668508287292932,73.86212871287171,0.20742753623188404,1325.0933966783768,,,1325.0933966783768,367.6768268923661,,2025-04-12
2025,4,2,6,15,1,7414.913584158415,7713.316584158415,6470.322475247524,6153.7704950495045,5838.062653465346,7639.454455445543,5773.908118811881,7199.5175478547835,648.8876466987609,6570.071521452144,810.8640451098637,6517.031478547854,796.6719972613222,-298.40300000000025,1641.005465346534,-0.03868673050615601,0.28421052631578947,0.8660254037844387,-0.49999999999999983,1.2246467991473532e-16,-1.0,13,103,0,0,0,0,2,0.9796136916454901,-0.20089055513063506,-0.7818314824680299,0.6234898018587334,7713.316584158415,7344.005940594059,7332.56922389013,6690.479271798147,7607.050424784413,7430.83162659123,7185.52572341105,5492.074742893645,5084.40594059406,,6419.432975954738,840.6907176663143,6390.214887803987,802.6057912844749,6524.187595571169,819.6893097464532,6434.790852671441,771.5152495816748,6570.98440725562,804.7542972714914,6439.9258903091095,811.2223676204057,6439.562116025612,802.9811404436738,6461.2170099273535,986.4360371944352,6158.276616813003,1133.7541666699724,0.00965517241379299,70.90764356435557,0.1082783882783882,724.4343123602675,,,724.4343123602675,1922.83884126477,,2025-04-13
2025,4,2,0,16,0,5568.782435643564,7414.913584158415,7713.316584158415,6470.322475247524,6153.7704950495045,7344.005940594059,5781.9274356435635,6899.004201320131,1161.627542292273,6526.528037953794,863.8361427449397,6499.26939521452,816.6762670976667,-1846.1311485148508,-213.14499999999953,-0.24897540983606548,-0.036864004671873785,0.8660254037844387,-0.49999999999999983,1.2246467991473532e-16,-1.0,14,104,0,0,0,0,2,0.9760105506323683,-0.21772323039653177,0.0,1.0,7414.913584158415,5515.601702970297,5484.72256786969,7944.433567550303,5690.5834685404025,5600.256746817539,5371.989217502395,5779.081871606516,5270.420792079209,,6427.03022347949,831.3499705438104,6396.21916407355,795.5945500053551,6444.999224507612,792.0380264775741,6430.440815782269,776.195903533588,6570.422365984656,805.4552665760798,6442.268666715552,808.3802390707601,6437.225455626024,805.2275626430511,6462.874574613821,984.6729973989596,6155.6449463613535,1131.8947592327754,0.009641873278236845,53.1807326732669,-0.2990334190231363,-2375.6511319067395,,,-2375.6511319067395,-210.29943596295197,,2025-04-14
2025,4,2,1,16,0,5886.178554455444,5568.782435643564,7414.913584158415,7713.316584158415,6470.322475247524,5515.601702970297,6094.680792079207,6289.95819141914,987.0808228301578,6534.547354785478,856.3575685758108,6481.894208745874,828.2032608234317,317.3961188118801,-208.502237623763,0.05699560406245241,-0.03421052631578958,0.8660254037844387,-0.49999999999999983,1.2246467991473532e-16,-1.0,15,105,0,0,0,0,3,0.9721181966290613,-0.23449138957040985,0.7818314824680298,0.6234898018587336,5568.782435643564,5830.043336633663,5773.908118811881,7607.050424784413,5991.205736186521,5940.0225388967465,5652.324928137976,5760.973736825295,5146.410891089109,,6435.049540311173,824.8771282098385,6404.238480905233,789.3809160537226,6387.636828829979,766.8926787813516,6426.689845006159,778.6470264349198,6569.4608662624905,806.253221396585,6445.052638457427,806.0262392759942,6438.616620266359,804.1535376592491,6466.984394965856,980.683391214238,6154.447317952883,1129.5082502405985,0.009628610729023324,56.135217821781225,-0.22622064719358537,-1720.8718703289687,,,-1720.8718703289687,125.20481763014868,,2025-04-15
2025,4,2,2,16,0,5894.197871287128,5886.178554455444,5568.782435643564,7414.913584158415,7713.316584158415,5830.043336633663,6408.278287128712,5783.052953795378,185.60702727096418,6491.285250825083,885.501915588793,6439.054174092409,845.473052736631,8.019316831683682,-514.080415841584,0.0013623978201635634,-0.08022130013831252,0.8660254037844387,-0.49999999999999983,1.2246467991473532e-16,-1.0,16,106,0,0,0,0,3,0.9679377830240642,-0.25119006388481935,0.9749279121818236,-0.22252093395631434,5886.178554455444,5838.062653465346,5781.9274356435635,5690.5834685404025,5975.684477802619,5968.662956152758,5634.216793356755,6045.121686362185,5456.435643564356,,6443.068857142855,818.3530899093778,6412.257797736916,783.1179816996956,6394.423975588203,761.3921844834325,6423.779609059177,780.5450824175459,6568.131132604175,807.3228159173722,6448.147651289931,803.3700127974319,6436.939688987747,805.1400855286024,6469.416407342093,978.7041242640519,6153.295771728698,1127.1283883375995,0.009615384615384581,56.135217821782135,0.03578093597473431,203.61440274672532,,,203.61440274672532,-150.92381507505706,,2025-04-16
2025,4,2,3,16,0,6212.860198019802,5894.197871287128,5886.178554455444,5568.782435643564,7414.913584158415,5838.062653465346,7639.454455445543,5997.745541254124,186.3379028194246,6448.3748712871275,892.9279344487185,6320.17131930693,757.0082738431769,318.66232673267405,-1426.5942574257415,0.054063730755460115,-0.18674033149171254,0.8660254037844387,-0.49999999999999983,1.2246467991473532e-16,-1.0,17,107,0,0,0,0,3,0.9634705485641488,-0.2678143051621742,0.43388373911755823,-0.900968867902419,5894.197871287128,6153.7704950495045,6094.680792079207,5991.205736186521,6273.856020440753,6312.950919377652,5911.693324816353,6327.363516448419,6510.519801980197,,6451.51024328147,815.1701626052386,6420.699183875529,780.0624088765401,6401.812457649313,758.41410001408,6421.601186829857,781.0639451794625,6566.343798294213,808.0085361913997,6451.732971209021,801.6171718803978,6435.667429894096,805.4056037611755,6467.762742875647,978.8857390218209,6153.558170082403,1124.6389256259679,0.009602194787380114,59.08970297029737,0.0369966366693939,221.65446183328095,,,221.65446183328095,-114.5033184286176,,2025-04-17
2025,4,2,4,16,0,6532.366663366337,6212.860198019802,5894.197871287128,5886.178554455444,5568.782435643564,6153.7704950495045,7344.005940594059,6213.141577557755,319.0844890883322,6251.549884488449,657.4402044596023,6252.5347128712865,690.5577323814597,319.50646534653515,-811.6392772277222,0.051426630434782794,-0.1105172413793103,0.8660254037844387,-0.49999999999999983,1.2246467991473532e-16,-1.0,18,108,0,0,0,0,3,0.9587178169872964,-0.2843591872810034,-0.433883739117558,-0.9009688679024191,6212.860198019802,6470.322475247524,6408.278287128712,5975.684477802619,6570.393746406899,6660.253663366338,6187.263736825296,7508.749121686362,7378.589108910891,,6460.373698727016,815.7459059772083,6429.562639321074,780.6152010855214,6420.368530501437,754.4282140877249,6420.243076721266,780.8286684182309,6564.060101865641,807.9190106637507,6455.841339382128,801.129605337772,6424.818735912761,797.324265127346,6463.0615070670665,976.5161128146509,6155.2196108424205,1122.4394053721396,0.009589041095890538,62.0441881188126,0.0931578947368421,556.6821855637181,,,556.6821855637181,-976.3824583200249,,2025-04-18
2025,4,2,5,16,1,7787.178712871287,6532.366663366337,6212.860198019802,5894.197871287128,5886.178554455444,6470.322475247524,5515.601702970297,6844.135191419141,832.1775098283894,6313.594072607261,792.8154924538413,6441.832797029703,776.2161466154411,1254.8120495049498,2271.5770099009897,0.19209149059895325,0.4118457300275482,0.8660254037844387,-0.49999999999999983,1.2246467991473532e-16,-1.0,19,109,0,0,0,0,3,0.9536809966304457,-0.30081980763566735,-0.9749279121818236,-0.2225209339563146,6532.366663366337,7713.316584158415,7639.454455445543,6273.856020440753,7801.474608751197,7966.558168316832,7341.963669754073,7185.52572341105,4814.034653465346,,6470.925431400282,834.9066411561455,6440.114371994342,799.0092734476035,6470.812620249121,793.8570606473029,6419.732509011269,779.896176464405,6560.856897304116,802.5954007259343,6461.141518466857,808.5015456672365,6431.503769128987,806.246261696671,6479.578974063766,973.6080843119776,6162.346069803245,1125.1553500406637,0.009575923392612928,73.86212871287171,0.2412109375,1513.3226924305336,,,1513.3226924305336,601.6529894602363,,2025-04-19
2025,4,2,6,16,1,7485.821227722771,7787.178712871287,6532.366663366337,6212.860198019802,5894.197871287128,7713.316584158415,5830.043336633663,7268.455534653464,655.0375586852281,6633.100537953794,818.4922559949302,6579.8142879537945,804.2379434453593,-301.3574851485155,1655.7778910891084,-0.03869918699187003,0.2840078187214943,0.8660254037844387,-0.49999999999999983,1.2246467991473532e-16,-1.0,20,110,0,0,0,0,3,0.9483615800121715,-0.3171912885891061,-0.7818314824680299,0.6234898018587334,7787.178712871287,7414.913584158415,7344.005940594059,6570.393746406899,7469.809824337272,7684.073210749647,7025.411689556053,5371.989217502395,4364.724752475247,,6481.055094766619,848.5866849224226,6450.244035360679,812.1411381191667,6501.326869626317,815.1254280372593,6420.304344846466,780.7000864805515,6557.316683321492,797.9748004789436,6466.6225843974125,813.9154831740697,6454.990791464769,805.8236533687115,6496.918398926252,963.4730319378307,6168.100309620287,1126.082537818782,0.0095628415300546,70.90764356435648,0.13932612209374606,915.4274813158727,,,915.4274813158727,2113.832010220376,,2025-04-20
2025,4,2,0,17,0,5621.963168316832,7485.821227722771,7787.178712871287,6532.366663366337,6212.860198019802,7414.913584158415,5838.062653465346,6964.987702970296,1172.812968454306,6589.064640264026,872.0687168737953,6561.8059975247525,824.5206356248243,-1863.8580594059395,-216.09948514851385,-0.24898511502029763,-0.037015615962984194,0.8660254037844387,-0.49999999999999983,1.2246467991473532e-16,-1.0,21,111,0,0,0,0,3,0.9427611433904207,-0.3334687789181868,0.0,1.0,7485.821227722771,5568.782435643564,5515.601702970297,7801.474608751197,5587.653018205046,5790.187934936351,5251.903692111147,5652.324928137976,5006.59603960396,,6488.652342291372,839.2446680680442,6457.84128288543,803.1733608135477,6428.676488278505,792.0512104195361,6421.529707350458,779.3705731014146,6554.312669631857,801.2252248661342,6471.028054352241,808.2431162138131,6454.653438577867,806.1697409535162,6500.33710519688,959.2378051634485,6165.736079571355,1124.2062814672165,0.009549795361528002,53.18073267326781,-0.279371727748691,-2179.511440434365,,,-2179.511440434365,-30.361759821144005,,2025-04-21
2025,4,2,1,17,0,5942.313772277227,5621.963168316832,7485.821227722771,7787.178712871287,6532.366663366337,5568.782435643564,6153.7704950495045,6350.032722772276,996.5780317404555,6597.08395709571,864.5901036570035,6544.184603960395,836.2105296031459,320.35060396039535,-211.45672277227732,0.0569819819819819,-0.034362139917695544,0.8660254037844387,-0.49999999999999983,1.2246467991473532e-16,-1.0,22,112,0,0,0,0,4,0.9368813462954315,-0.3496474552512284,0.7818314824680298,0.6234898018587336,5621.963168316832,5886.178554455444,5830.043336633663,7469.809824337272,5882.556927499201,6140.505459688826,5525.567984669436,5634.216793356755,4621.473267326733,,6496.671659123055,832.7715452273862,6465.8605997171135,796.9593580241079,6377.7599532098375,771.6490121284555,6423.663880378245,777.9204938763132,6550.77353235665,803.5207432823056,6475.989313728525,803.6355799277436,6458.076738343649,803.2957386755598,6507.6751080021595,949.7901010532158,6164.773052384741,1121.8661939999415,0.0095367847411445,56.135217821783044,-0.20448928258967636,-1527.4960520600453,,,-1527.4960520600453,308.0969789204719,,2025-04-22
2025,4,2,2,17,0,5950.33308910891,5942.313772277227,5621.963168316832,7485.821227722771,7787.178712871287,5886.178554455444,6470.322475247524,5838.203343234322,187.3124056138394,6553.329438943893,894.0640108805651,6500.852155115511,853.676548400004,8.019316831682772,-519.9893861386145,0.0013495276653170407,-0.08036529680365312,0.8660254037844387,-0.49999999999999983,1.2246467991473532e-16,-1.0,23,113,0,0,0,0,4,0.9307239310379795,-0.36572252349726897,0.9749279121818236,-0.22252093395631434,5942.313772277227,5894.197871287128,5838.062653465346,5587.653018205046,5867.035669115297,6169.145876944837,5507.459849888215,5911.693324816353,4814.034653465346,,6504.690975954739,826.2477111618379,6473.879916548796,790.6965215326719,6389.849288906632,761.6195070924945,6426.63878823516,775.8695773762347,6546.8661611452935,805.9386537041677,6481.261614195439,798.6421627747732,6458.506069058012,803.0107117636443,6513.987877089068,942.2164532112199,6163.852709194716,1119.533914453547,0.00952380952380949,56.135217821782135,0.06490740740740741,362.68007090386436,,,362.68007090386436,38.63976429255672,,2025-04-23
2025,4,2,3,17,0,6271.949900990098,5950.33308910891,5942.313772277227,5621.963168316832,7485.821227722771,5894.197871287128,7713.316584158415,6054.865587458745,188.04328423694767,6509.926645214521,901.5746745730282,6380.738264851486,764.2939839430334,321.61681188118837,-1441.3666831683167,0.054050219889345996,-0.18686730506155946,0.8660254037844387,-0.49999999999999983,1.2246467991473532e-16,-1.0,24,114,0,0,0,0,4,0.9242907221930934,-0.3816892202666588,0.43388373911755823,-0.900968867902419,5950.33308910891,6212.860198019802,6153.7704950495045,5882.556927499201,6159.488853401469,6523.985572842998,5778.264963270522,6187.263736825296,5134.970297029703,,6513.132362093352,823.0650123397556,6482.321302687412,787.6411204731222,6402.8290546896615,755.9730981818643,6430.655254220467,774.7256407516754,6542.365524147921,806.7720456700383,6487.138815834957,795.2156475088174,6459.4470264376205,802.7388734084483,6520.304430444404,936.7150234857346,6164.314663005808,1117.1512477835552,0.009510869565217295,59.08970297029646,0.06619451002175625,389.392973490897,,,389.392973490897,84.686164164802,,2025-04-24
2025,4,2,4,17,0,6594.410851485148,6271.949900990098,5950.33308910891,5942.313772277227,5621.963168316832,6212.860198019802,7414.913584158415,6272.231280528052,322.0389733831924,6311.132001650164,663.7519633227071,6312.363037128712,697.1131090451204,322.4609504950495,-820.502732673267,0.0514131897711978,-0.11065573770491799,0.8660254037844387,-0.49999999999999983,1.2246467991473532e-16,-1.0,25,115,0,0,0,0,4,0.9175836260593937,-0.39754281428255595,-0.433883739117558,-0.9009688679024191,6271.949900990098,6532.366663366337,6470.322475247524,5867.035669115297,6450.30822101565,6881.840049504951,6047.163957202173,7341.963669754073,5263.344554455446,,6521.9958175388965,823.6405360574843,6491.184758132956,788.1937088089292,6427.07489410199,749.8357898633498,6435.801776737236,775.3394269113693,6537.232859897567,805.4863334686928,6493.653659814517,793.8081317054971,6451.14088401241,797.3541466328172,6527.6992432056795,931.9786482761381,6166.144859552528,1115.1146230985046,0.009497964721845165,62.04418811881078,0.12397660818713452,727.3751823698503,,,727.3751823698503,-747.552818268925,,2025-04-25
2025,4,2,5,17,1,7861.040841584158,6594.410851485148,6271.949900990098,5950.33308910891,5942.313772277227,6532.366663366337,5568.782435643564,6909.133864686468,839.9943069142732,6373.668603960396,800.2113494017898,6503.384570957096,783.5382260966904,1266.6299900990107,2292.2584059405945,0.19207629288274464,0.41162649689252695,0.8660254037844387,-0.49999999999999983,1.2246467991473532e-16,-1.0,26,116,0,0,0,0,4,0.9106046300942163,-0.4132786077829042,-0.9749279121818236,-0.2225209339563146,6594.410851485148,7787.178712871287,7713.316584158415,6159.488853401469,7658.515649952092,8230.351485148514,7175.178217821784,7025.411689556053,5455.90594059406,,6532.5475502121635,842.8005735012514,6501.736490806223,806.5873950543786,6483.79329370808,792.0620052527278,6443.0348192955225,788.0095748104893,6530.638026976775,792.7837511920934,6501.8186910497825,804.359911191695,6460.425652368277,808.8980285849696,6541.061103766736,933.7660091381331,6173.326622188256,1118.1956699873385,0.009485094850948617,73.86212871287171,0.27624889478337766,1701.5519881826895,,,1701.5519881826895,835.6291520281056,,2025-04-26
2025,4,2,6,17,1,7556.728871287129,7861.040841584158,6594.410851485148,6271.949900990098,5950.33308910891,7787.178712871287,5886.178554455444,7337.393521452144,661.1874769836115,6696.129554455445,826.1204712562491,6642.597097359736,811.8040004966091,-304.3119702970298,1670.5503168316845,-0.03871140939597317,0.2838089774845838,0.8660254037844387,-0.49999999999999983,1.2246467991473532e-16,-1.0,27,117,0,0,0,0,4,0.9033558023246845,-0.4288919379124835,-0.7818314824680299,0.6234898018587334,7861.040841584158,7485.821227722771,7414.913584158415,6450.30822101565,7332.56922389013,7881.531625678696,6924.3484582743995,5251.903692111147,5327.531683168317,,6542.6772135785,856.482656353792,6511.86615417256,819.7214308306067,6520.673982050463,815.8509061973405,6451.040520988274,798.450904333269,6524.837977791212,783.8587444906362,6509.347029299934,811.2916761107532,6486.034821025788,806.6887276856157,6553.445532589619,932.3629314496499,6179.163762479812,1119.4367008446854,0.009472259810554995,70.90764356435739,0.17152988855116513,1106.4206502714787,,,1106.4206502714787,2304.8251791759812,,2025-04-27
2025,4,2,0,18,0,5675.143900990099,7556.728871287129,7861.040841584158,6594.410851485148,6271.949900990098,7485.821227722771,5894.197871287128,7030.971204620461,1183.99839601609,6651.6012425742565,880.3013135183215,6624.342599834982,832.365121635411,-1881.58497029703,-219.05397029702908,-0.24899463806970512,-0.03716433941997843,0.8660254037844387,-0.49999999999999983,1.2246467991473532e-16,-1.0,28,118,0,0,0,0,4,0.895839290734909,-0.4443781781046132,0.0,1.0,7556.728871287129,5621.963168316832,5568.782435643564,7658.515649952092,5484.72256786969,5896.4443692111145,5220.394370579916,5525.567984669436,5648.4673267326725,,6550.274461103252,847.1393934813718,6519.463401697312,810.7523139062132,6454.561590418396,800.686781502089,6457.841282885432,790.6887299546075,6520.886183715836,787.6331193145171,6514.760714185769,804.0721007165356,6487.696775651574,804.8396836138506,6553.593735779937,932.2203868321117,6177.046031969351,1117.550178337608,0.009459459459459474,53.1807326732669,-0.258976,-1983.371748961993,,,-1983.371748961993,149.57591632066305,,2025-04-28
2025,4,2,1,18,0,5998.448990099009,5675.143900990099,7556.728871287129,7861.040841584158,6594.410851485148,5621.963168316832,6212.860198019802,6410.107254125412,1006.0752431442769,6659.62055940594,872.8226621833923,6606.474999174917,844.2179104048167,323.3050891089106,-214.41120792079255,0.056968615201546946,-0.03451086956521743,0.8660254037844387,-0.49999999999999983,1.2246467991473532e-16,-1.0,29,119,0,0,0,0,5,0.8880573226294932,-0.45973273945210397,0.7818314824680298,0.6234898018587336,5675.143900990099,5942.313772277227,5886.178554455444,7332.56922389013,5773.908118811881,6208.503353561162,5539.056697312589,5507.459849888215,6739.648514851485,,6558.293777934937,840.6659956171684,6527.482718528995,804.5379503267859,6410.090915958692,787.1750542116758,6465.8605997171135,784.6105443124281,6517.135212939726,789.645442486476,6520.229670052276,798.9014924364054,6493.152210542806,799.7687584208718,6549.475960642424,933.0306098849114,6176.298764011735,1115.2597476112824,0.009446693657219951,56.135217821782135,-0.18194444444444446,-1334.1202337911209,,,-1334.1202337911209,490.9891402107942,,2025-04-29
2025,4,2,2,18,0,6006.468306930692,5998.448990099009,5675.143900990099,7556.728871287129,7861.040841584158,5942.313772277227,6532.366663366337,5893.353732673266,189.01779107529265,6615.373627062706,902.6261216573253,6562.650136138614,861.8801458856603,8.019316831682772,-525.8983564356449,0.0013368983957218195,-0.0805065581184986,0.8660254037844387,-0.49999999999999983,1.2246467991473532e-16,-1.0,30,120,0,1,0,0,5,0.8800122039735357,-0.47495107206704995,0.9749279121818236,-0.22252093395631434,5998.448990099009,5950.33308910891,5894.197871287128,5484.72256786969,5781.9274356435635,6192.982095177259,5567.6971145686,5778.264963270522,7638.268316831683,,6566.3130947666195,834.1423621816743,6535.502035360679,798.2752110192155,6427.482440594059,771.6355913704884,6473.879916548797,778.4849033958587,6513.804609578181,791.4288586631724,6525.453136628014,794.0179879873683,6495.687803250141,797.8362224798965,6540.410405031862,930.3160712407329,6175.59113710723,1112.9781126020148,0.00943396226415083,56.135217821782135,0.09512709760699023,521.7457390610025,,,521.7457390610025,228.2033436601705,,2025-04-30
2025,5,2,3,18,0,6331.039603960396,6006.468306930692,5998.448990099009,5675.143900990099,7556.728871287129,5950.33308910891,7787.178712871287,6111.985633663365,189.74867269036372,6571.478419141914,910.2214280661491,6441.305210396039,771.5798053303627,324.5712970297036,-1456.139108910891,0.05403696156278559,-0.1869918699186992,0.49999999999999994,-0.8660254037844387,1.2246467991473532e-16,-1.0,1,121,1,0,0,0,1,0.8717063187093218,-0.49002866642905923,0.43388373911755823,-0.900968867902419,6006.468306930692,6271.949900990098,6212.860198019802,5773.908118811881,6094.680792079207,6502.590354519322,5890.8816124469595,6047.163957202173,6024.4306930693065,,6574.754480905233,830.9598876141562,6543.9434214992925,795.2199790243477,6446.053490099009,762.0077472787965,6482.32130268741,775.496550435662,6510.741203318199,791.8049790422779,6530.693112717459,791.2272616164076,6498.841977103009,796.6032859324915,6542.113787870147,929.646504085648,6176.236151492513,1110.7021252937504,0.009421265141319024,59.08970297029737,0.09649122807017552,557.1314851485149,,,557.1314851485149,283.8756467582225,,2025-05-01
2025,5,2,4,18,0,6661.887480038326,6331.039603960396,6006.468306930692,5998.448990099009,5675.143900990099,6271.949900990098,7485.821227722771,6333.131796976471,327.7145954530562,6371.619525550942,670.5305859372163,6372.644064755667,703.8698193242266,330.8478760779308,-823.9337476844448,0.05225806451612902,-0.11006591295997192,0.49999999999999994,-0.8660254037844387,1.2246467991473532e-16,-1.0,2,122,0,0,0,0,1,0.8631421280499114,-0.5049610547215204,-0.433883739117558,-0.9009688679024191,6331.039603960396,6594.410851485148,6532.366663366337,5781.9274356435635,6408.278287128712,6810.564797189397,6217.08089108911,7175.178217821784,5462.1504950495055,,6584.393999269973,831.6170345954331,6553.1949084044345,795.8281180385284,6475.385491578835,752.4380672453239,6491.378773862753,776.0805341671681,6508.0862512262165,791.030261969772,6535.988429252569,790.5912995701657,6493.138746683194,793.5382326853338,6548.778993342307,926.1545956354397,6178.24297516419,1108.8349335342236,0.010232396808879773,67.47662855317867,0.15219147147543155,879.9600443947629,,,879.9600443947629,-513.2907377834572,,2025-05-02
2025,5,2,5,18,1,7947.837352283615,6661.887480038326,6331.039603960396,6006.468306930692,5998.448990099009,6594.410851485148,5621.963168316832,6980.254812094111,854.1235615155288,6436.804272383689,812.7164944834389,6566.466913419567,792.9613353485506,1285.9498722452881,2325.8741839667828,0.19303086041283457,0.41371209919596996,0.49999999999999994,-0.8660254037844387,1.2246467991473532e-16,-1.0,3,123,0,0,0,0,1,0.854322169749827,-0.5197438121555155,-0.9749279121818236,-0.2225209339563146,6661.887480038326,7861.040841584158,7787.178712871287,6094.680792079207,7639.454455445543,8087.392526349408,7438.971534653466,6924.3484582743995,6265.4079207920795,,6596.793500798466,854.1658442397692,6564.670525505316,815.895872623964,6537.157376918982,794.9719957217766,6502.392448749829,794.9359226425398,6505.594194546471,786.1692541258867,6542.046355652929,799.4932752605301,6504.510845505519,807.0067281801054,6558.12582351726,931.7515125165678,6185.525256551513,1112.3492949151391,0.011041350941762174,86.79651069945612,0.3040612992583327,1853.1565602044075,,,1853.1565602044075,1023.4888940092151,,2025-05-03
2025,5,2,6,18,1,7646.262024912167,7947.837352283615,6661.887480038326,6331.039603960396,6006.468306930692,7861.040841584158,5942.313772277227,7418.662285744703,672.5087355817146,6765.323959704035,841.1481351206443,6708.462601139146,823.0266486445187,-301.5753273714472,1703.9482526349402,-0.03794432548179871,0.28674827986775075,0.49999999999999994,-0.8660254037844387,1.2246467991473532e-16,-1.0,4,124,0,0,0,0,1,0.8452490573530633,-0.5343725582809787,-0.7818314824680299,0.6234898018587334,7947.837352283615,7556.728871287129,7485.821227722771,6408.278287128712,7344.005940594059,7744.291025231555,7177.590042432815,5220.394370579916,5783.453465346534,,6609.583951316329,871.4316606418488,6576.130582447414,830.8198855655261,6578.423501511763,819.7949755194637,6513.187308904046,808.7206585291303,6503.843676683624,783.4654595469668,6547.625784015778,805.5940695871824,6531.464930553654,804.142233153928,6568.47475995929,933.4427259651654,6191.511882651351,1113.9901179917665,0.011848136296808587,89.53315362503872,0.19318507753790848,1237.9837377834556,,,1237.9837377834556,2425.8676543322517,,2025-05-04
2025,5,2,0,19,0,5746.95014372405,7646.262024912167,7947.837352283615,6661.887480038326,6331.039603960396,7556.728871287129,5950.33308910891,7113.683173639943,1193.1916446309388,6723.407485308207,891.7507489424345,6691.514022357074,841.9350171992727,-1899.3118811881177,-203.38294538486025,-0.2483974358974358,-0.034180094179453335,0.49999999999999994,-0.8660254037844387,1.2246467991473532e-16,-1.0,5,125,0,0,0,0,1,0.835925479418637,-0.548842958284719,0.0,1.0,7646.262024912167,5675.143900990099,5621.963168316832,7639.454455445543,5515.601702970297,5793.5139188757585,5410.325558698728,5539.056697312589,6024.4306930693065,,6619.841985992608,858.9316156747279,6585.0582235479305,820.3840927919366,6515.34002445438,808.0633673064694,6521.44975321668,799.2778371034015,6503.012180698773,784.2573520620901,6551.6332195517925,800.6907446285799,6533.7748577360035,801.5538995961639,6566.933201351818,934.5746612734238,6189.6973449414445,1112.067757862048,0.012652761583970218,71.80624273395097,-0.2477276777757974,-1892.5043117214937,,,-1892.5043117214937,207.8934464114609,,2025-05-05
2025,5,2,1,19,0,6079.159533695304,5746.95014372405,7646.262024912167,7947.837352283615,6661.887480038326,5675.143900990099,6271.949900990098,6490.79056744384,1014.3601364723611,6735.522689768975,880.4850890034426,6675.448158415841,852.442849541853,332.2093899712545,-192.79036729479412,0.05780620705993833,-0.030738505622367907,0.49999999999999994,-0.8660254037844387,1.2246467991473532e-16,-1.0,6,126,0,0,0,0,1,0.8263541987239096,-0.5631507242749186,0.7818314824680298,0.6234898018587336,5746.95014372405,5998.448990099009,5942.313772277227,7344.005940594059,5830.043336633663,6099.854544873841,5739.539618104667,5567.6971145686,6426.059405940594,,6631.372063649221,849.6919816885434,6594.832920792078,812.9181151424101,6473.178477557755,796.2468881711109,6530.346760254596,792.6555942764721,6502.642626927726,784.4556308632439,6555.676313785016,797.391324614165,6539.4577735040775,796.4242594415754,6565.005979839344,935.2242372141076,6189.248004245322,1109.8182886183845,0.01345523546662064,80.71054359629488,-0.17222840192806832,-1264.846406898755,,,-1264.846406898755,511.46241912670394,,2025-05-06
2025,5,2,2,19,0,6092.09391568189,6079.159533695304,5746.95014372405,7646.262024912167,7947.837352283615,5998.448990099009,6594.410851485148,5972.734531033748,195.6419349830928,6695.698408389225,907.4302331397716,6633.588413765569,868.9573270106415,12.934381986586232,-502.31693580325737,0.0021276595744681437,-0.07617313314503737,0.49999999999999994,-0.8660254037844387,1.2246467991473532e-16,-1.0,7,127,0,0,0,0,1,0.8165380514459161,-0.5772916165517272,0.9749279121818236,-0.22252093395631434,6079.159533695304,6006.468306930692,5950.33308910891,5515.601702970297,5838.062653465346,6084.3332864899385,5768.1800353606795,5890.8816124469595,6586.710891089109,,6643.604293470821,839.7546870033045,6604.958694118721,805.1181108417488,6492.394884648141,779.1121860649013,6539.4193053337585,785.8630929184227,6502.78120959187,784.3810702845118,6559.532431407887,794.3144497409336,6541.693465762244,794.864033509158,6562.258107753747,935.8865139632965,6188.854667854376,1107.5775147163429,0.01425556656186755,85.62560875119834,0.1045202760745283,576.4922127115933,,,576.4922127115933,201.2123032349309,,2025-05-07
2025,5,2,3,19,0,6426.345576493133,6092.09391568189,6079.159533695304,5746.95014372405,7646.262024912167,6006.468306930692,7861.040841584158,6199.199675290108,196.82040007153117,6656.441424465026,914.2548052413015,6514.030475007985,778.7365128103175,334.2516608112428,-1434.6952650910252,0.054866465526874686,-0.18250703615501196,0.49999999999999994,-0.8660254037844387,1.2246467991473532e-16,-1.0,8,128,0,0,0,0,2,0.8064799463209448,-0.5912614448635781,0.43388373911755823,-0.900968867902419,6092.09391568189,6331.039603960396,6271.949900990098,5830.043336633663,6153.7704950495045,6388.223187480038,6101.916265912306,6217.08089108911,6827.688118811881,,6657.219432404069,834.59917195631,6615.98695665465,801.2539362540115,6512.27162597679,769.174625891516,6549.15412967103,782.5903998107125,6503.461966538532,784.2963772085267,6563.394685105278,792.8499386700537,6544.0186289334,794.2096011843802,6560.028426963087,935.7286849406471,6189.8122924859845,1105.4360534764655,0.01505376344086029,95.30597253273754,0.10228092750401108,596.3022398594703,,,596.3022398594703,209.2646854040231,,2025-05-08
2025,5,2,4,19,0,6761.958751197701,6426.345576493133,6092.09391568189,6079.159533695304,5746.95014372405,6331.039603960396,7556.728871287129,6426.799414457574,334.9326483665086,6458.794990950708,676.5138627260889,6447.799631667199,713.0183160620417,335.6131747045674,-794.770120089428,0.052224576271186374,-0.10517383032085093,0.49999999999999994,-0.8660254037844387,1.2246467991473532e-16,-1.0,9,129,0,0,0,0,2,0.7961828637826158,-0.6050560696488488,-0.433883739117558,-0.9009688679024191,6426.345576493133,6661.887480038326,6594.410851485148,5838.062653465346,6470.322475247524,6690.479271798147,6438.667277227723,7438.971534653466,6667.036633663367,,6671.51532828398,835.5489804853379,6627.954663776975,802.1576378266991,6543.068162567869,759.6866792950359,6559.569710954966,783.4426077567664,6504.738385813523,784.6643553318644,6567.2433931287305,793.0218368835364,6536.496264672781,788.8257217789468,6560.5557720605,935.8160714296723,6192.1100694286015,1103.800778581532,0.015021459227467782,100.07127115937419,0.1582538853336819,923.896097732355,,,923.896097732355,-677.0127834557652,,2025-05-09
2025,5,2,5,19,1,8066.969817949537,6761.958751197701,6426.345576493133,6092.09391568189,6079.159533695304,6661.887480038326,5675.143900990099,7085.091381880123,866.7312144906188,6528.912956456935,828.8551351388196,6647.118458080485,805.6801524563863,1305.0110667518366,2391.8259169594385,0.19299305345816964,0.4214564350592336,0.49999999999999994,-0.8660254037844387,1.2246467991473532e-16,-1.0,10,130,0,0,0,0,2,0.7856498550787145,-0.6186714032625031,-0.9749279121818236,-0.2225209339563146,6761.958751197701,7947.837352283615,7861.040841584158,6153.7704950495045,7713.316584158415,7944.433567550303,7702.764851485149,7177.590042432815,7068.665346534653,,6688.53425195054,866.5179754033175,6642.663876374504,827.9805565328596,6606.841473331204,804.8410465602874,6572.200183590363,805.2783981024984,6506.926533142082,788.9115053831973,6571.579166539021,800.2675219865722,6546.378262178521,802.4012763520915,6566.101908012807,941.783429434586,6199.609508422685,1107.9456115535327,0.014989293361884481,119.13246566592261,0.3108987123324043,1913.1993229000327,,,1913.1993229000327,889.3797755167225,,2025-05-10
2025,5,2,6,19,1,7760.629191951452,8066.969817949537,6761.958751197701,6426.345576493133,6092.09391568189,7947.837352283615,5998.448990099009,7529.852587032896,682.4271771548003,6864.526131161503,856.1362042691469,6793.966808234855,836.6973173311923,-306.34062599808476,1762.1802018524431,-0.03797468354430389,0.2937726410212178,0.49999999999999994,-0.8660254037844387,1.2246467991473532e-16,-1.0,11,131,0,0,0,0,2,0.7748840413670407,-0.6321034111873487,-0.7818314824680299,0.6234898018587334,8066.969817949537,7646.262024912167,7556.728871287129,6470.322475247524,7414.913584158415,7607.050424784413,7430.83162659123,5410.325558698728,8434.202970297029,,6704.872418670438,888.3877657132176,6657.228184993384,846.8736801029663,6649.851697221335,831.3345415375143,6584.547169582971,821.1714339174365,6509.669011127206,793.0614051232617,6575.505328031404,805.326867667162,6572.4927469924405,803.2578856383168,6562.359831466441,935.6373930350564,6205.828710349095,1110.1088238866737,0.014957264957265126,114.36716703928505,0.19941922858405392,1290.306716703928,,,1290.306716703928,2350.3036332527245,,2025-05-11
2025,5,2,0,20,0,5832.725519003513,7760.629191951452,8066.969817949537,6761.958751197701,6426.345576493133,7646.262024912167,6006.468306930692,7220.1081763015,1211.2324810343468,6823.453795379538,905.8185460164044,6779.488242574257,852.909554478355,-1927.9036729479394,-173.74278792717905,-0.24842105263157888,-0.0289259476698982,0.49999999999999994,-0.8660254037844387,1.2246467991473532e-16,-1.0,12,132,0,0,0,0,2,0.7638886127905428,-0.6453481132295501,0.0,1.0,7760.629191951452,5746.95014372405,5675.143900990099,7713.316584158415,5568.782435643564,5690.5834685404025,5600.256746817539,5739.539618104667,9558.763366336632,,6717.126043710362,873.438702684908,6668.484014851484,833.7624077785947,6587.165328382837,819.1931833735356,6593.973708274398,810.5251583979344,6512.207262028334,790.6158951274604,6578.27281341457,802.3289285055431,6573.528145891317,802.2315484124681,6541.65962120348,909.8360850966825,6204.34814212947,1108.1445204057504,0.014925373134328401,85.77537527946333,-0.24381095273818454,-1880.591065154902,,,-1880.591065154902,93.18590089884583,,2025-05-12
2025,5,2,1,20,0,6169.700207601405,5832.725519003513,7760.629191951452,8066.969817949537,6761.958751197701,5746.95014372405,6331.039603960396,6587.684972852123,1029.6779064483155,6836.388177366123,893.7604692548824,6766.0432928776745,861.8462136271725,336.97468859789205,-161.3393963589906,0.057773109243697496,-0.02548387096774196,0.49999999999999994,-0.8660254037844387,1.2246467991473532e-16,-1.0,13,133,0,0,0,0,2,0.7526668275320084,-0.6584015846980488,0.7818314824680298,0.6234898018587336,5832.725519003513,6079.159533695304,5998.448990099009,7414.913584158415,5886.178554455444,5991.205736186521,5940.0225388967465,5768.1800353606795,5656.633663366337,,6730.060425696947,863.0250763607185,6680.716244673085,824.3795033399824,6545.6582158309375,807.2659566719312,6604.099481601041,803.0921957659029,6515.3946633036,788.835064088439,6581.007071375339,800.5169418163387,6577.989481138436,798.8117284996625,6544.5099908936745,907.849460369807,6204.211193771651,1105.9457805871323,0.014893617021276784,90.54067390610089,-0.16793363299841346,-1245.2133765570097,,,-1245.2133765570097,401.5201722407255,,2025-05-13
2025,5,2,2,20,0,6182.63458958799,6169.700207601405,5832.725519003513,7760.629191951452,8066.969817949537,6079.159533695304,6661.887480038326,6061.686772064302,198.39169869651784,6795.7696795486,921.238137163885,6726.105552006814,878.0632022889895,12.934381986585322,-479.25289045033605,0.002096436058700135,-0.07193950541590033,0.49999999999999994,-0.8660254037844387,1.2246467991473532e-16,-1.0,14,134,0,0,0,0,2,0.741222010848596,-0.6712599575675313,0.9749279121818236,-0.22252093395631434,6169.700207601405,6092.09391568189,6006.468306930692,5568.782435643564,5894.197871287128,5975.684477802619,5968.662956152758,6101.916265912306,5128.681188118812,,6742.9948076835335,852.4842505917356,6693.299550577177,814.5824154936812,6566.119954295751,789.229453989794,6614.400792968928,795.4626444363897,6519.090201014052,786.7426412843722,6583.554352725759,798.8837266759097,6578.8863514015,798.3163687843239,6550.365287568503,902.0471331305454,6204.126246511086,1103.7587832510874,0.014861995753715496,90.54067390609998,0.11023094564000258,613.8521539444264,,,613.8521539444264,80.71832367568459,,2025-05-14
2025,5,2,3,20,0,6521.65154902587,6182.63458958799,6169.700207601405,5832.725519003513,7760.629191951452,6092.09391568189,7947.837352283615,6291.328782071755,199.57018137077824,6755.7184791866275,928.1994942391044,6607.256735068669,789.7420298846805,339.01695943787945,-1426.1858032577447,0.054833737062321086,-0.17944325481798717,0.49999999999999994,-0.8660254037844387,1.2246467991473532e-16,-1.0,15,135,0,0,0,0,3,0.7295575540864875,-0.6839194216246106,0.43388373911755823,-0.900968867902419,6182.63458958799,6426.345576493133,6331.039603960396,5886.178554455444,6212.860198019802,6273.856020440753,6312.950919377652,6438.667277227723,5882.89900990099,,6756.609946616781,847.3296174378502,6706.914689510426,809.6397209494871,6587.3023874481,778.8100354437436,6625.429055504859,791.8217215524805,6523.515121167357,786.0348058519005,6586.038884031096,798.3563653190225,6579.808398865924,798.2005120645053,6553.913912785864,900.6620252686607,6205.37144377585,1101.7633328897628,0.01483050847457612,95.30597253273663,0.10796019670341384,635.4729945704257,,,635.4729945704257,82.98427179814644,,2025-05-15
2025,5,2,4,20,0,6862.030022357074,6521.65154902587,6182.63458958799,6169.700207601405,5832.725519003513,6426.345576493133,7646.262024912167,6522.105386990311,339.6979437581564,6554.895179921218,686.689681175618,6541.9040681890765,725.8063224131431,340.3784733312041,-784.2320025550935,0.05219206680584554,-0.10256410256410253,0.49999999999999994,-0.8660254037844387,1.2246467991473532e-16,-1.0,16,136,0,0,0,0,3,0.717676913675962,-0.6963762255968722,-0.433883739117558,-0.9009688679024191,6521.65154902587,6761.958751197701,6661.887480038326,5894.197871287128,6532.366663366337,6570.393746406899,6660.253663366338,7702.764851485149,5430.368316831683,,6770.905842496692,848.2785566182276,6721.210585390336,810.5499704879529,6619.563459150431,769.0940745239377,6637.202746897385,792.8369665564031,6528.7229118093255,787.3161006949125,6588.44098354289,798.8857310046673,6570.4669007645,789.785956221792,6561.867588927672,896.9986480388972,6207.936516348433,1100.3665277120358,0.014799154334038,100.07127115937328,0.16420082464225083,967.8321510699461,,,967.8321510699461,-840.734829128075,,2025-05-16
2025,5,2,5,20,1,8186.102283615459,6862.030022357074,6521.65154902587,6182.63458958799,6169.700207601405,6761.958751197701,5746.95014372405,7189.927951666134,879.338871540893,6625.807361865219,840.7835004628748,6745.1667465133605,818.5569579225715,1324.072261258385,2439.152139891409,0.1929563492063493,0.4244254915896708,0.49999999999999994,-0.8660254037844387,1.2246467991473532e-16,-1.0,17,137,0,0,0,0,3,0.705583610107178,-0.7086266782644596,-0.9749279121818236,-0.2225209339563146,6862.030022357074,8066.969817949537,7947.837352283615,6212.860198019802,7787.178712871287,7801.474608751197,7966.558168316832,7430.83162659123,5656.633663366337,,6787.924766163253,879.2450066069028,6738.229509056896,840.243818101231,6685.3381953369535,816.056793935006,6651.450017281107,817.4690792677369,6535.591263146188,800.1935342579719,6591.054603963112,803.7927337260412,6578.858796953658,802.933647176352,6575.9201923735,902.5343618846008,6215.633659411728,1105.1257880215762,0.014767932489451407,119.1324656659217,0.3176060659186537,1973.242085595657,,,1973.242085595657,755.270657024229,,2025-05-17
2025,5,2,6,20,1,7874.9963589907375,8186.102283615459,6862.030022357074,6521.65154902587,6182.63458958799,8066.969817949537,6079.159533695304,7641.042888321089,692.3456565092578,6966.185835196423,868.4392648506677,6894.81981528798,849.3091995465896,-311.1059246247214,1795.8368252954333,-0.03800415800415813,0.29540873460246364,0.49999999999999994,-0.8660254037844387,1.2246467991473532e-16,-1.0,18,138,0,0,0,0,3,0.6932812268869777,-0.7206671495538609,-0.7818314824680299,0.6234898018587334,8186.102283615459,7760.629191951452,7646.262024912167,6532.366663366337,7485.821227722771,7469.809824337272,7684.073210749647,5600.256746817539,6033.742574257426,,6804.262932883149,901.1227152836623,6754.567675776794,861.2202649424765,6730.092518524432,843.7255193962266,6665.3491291121045,835.2951335797542,6542.826736979286,810.5592126750958,6593.3274985850285,807.1834997400093,6604.13368153336,807.57185051608,6586.149380066462,906.7793363382293,6222.065297782189,1107.8010996473427,0.01473684210526316,114.36716703928505,0.20553495613678563,1342.6296956244005,,,1342.6296956244005,2274.739612173198,,2025-05-18
2025,5,2,0,21,0,5918.500894282977,7874.9963589907375,8186.102283615459,6862.030022357074,6521.65154902587,7760.629191951452,6092.09391568189,7326.533178963057,1229.2733260386747,6924.319282976685,919.0942622989893,6880.353730171405,865.5479522964274,-1956.4954647077602,-173.59302139891315,-0.24844398340248952,-0.028494803888702513,0.49999999999999994,-0.8660254037844387,1.2246467991473532e-16,-1.0,19,139,0,0,0,0,3,0.6807734094770161,-0.7324940716135789,0.0,1.0,7874.9963589907375,5832.725519003513,5746.95014372405,7787.178712871287,5621.963168316832,5587.653018205046,5790.187934936351,5940.0225388967465,6184.586138613861,,6816.516557923073,886.1688393652825,6766.821300816718,846.8819250804395,6667.803257904822,831.8894363070079,6675.939762182324,823.3709488786991,6548.734734766391,804.654802612305,6594.855033815346,805.7654713613595,6603.894552148763,807.7738705302185,6584.671128709068,907.6540976753271,6220.8932344482155,1105.8130012442832,0.014705882352941346,85.77537527946424,-0.23996852871754515,-1868.6778185883095,,,-1868.6778185883095,-21.52164461376924,,2025-05-19
2025,5,2,1,21,0,6260.240881507505,5918.500894282977,7874.9963589907375,8186.102283615459,6862.030022357074,5832.725519003513,6426.345576493133,6684.579378260406,1044.9956917257448,6937.25366496327,907.0359931580604,6866.511672255935,874.7479193060867,341.7399872245278,-166.10469498562816,0.05774097078444895,-0.02584745762711871,0.49999999999999994,-0.8660254037844387,1.2246467991473532e-16,-1.0,20,140,0,0,0,0,3,0.6680638642135335,-0.7441039398713607,0.7818314824680298,0.6234898018587336,5918.500894282977,6169.700207601405,6079.159533695304,7485.821227722771,5942.313772277227,5882.556927499201,6140.505459688826,5968.662956152758,6410.851485148515,,6829.450939909659,875.7540960641294,6779.755682803304,836.8953512057373,6626.950579697647,820.3457312609771,6687.294301797691,815.0292195562698,6555.479091087967,800.5418951332867,6596.280455503664,805.0576271636971,6607.134306874927,805.7797656143556,6583.834403133285,907.8846206837727,6221.044571552289,1103.6788602199322,0.01467505241090139,90.54067390609998,-0.16372022640301476,-1225.5803462152662,,,-1225.5803462152662,291.5779253547471,,2025-05-20
2025,5,2,2,21,0,6273.175263494091,6260.240881507505,5918.500894282977,7874.9963589907375,8186.102283615459,6169.700207601405,6761.958751197701,6150.639013094857,201.14150296110947,6895.840950707974,935.0461369938299,6825.779714947301,891.2825701374956,12.934381986586232,-488.78348770360935,0.0020661157024794985,-0.07228430484244441,0.49999999999999994,-0.8660254037844387,1.2246467991473532e-16,-1.0,21,141,0,0,0,0,3,0.6551563572090853,-0.7554933140726803,0.9749279121818236,-0.22252093395631434,6260.240881507505,6182.63458958799,6092.09391568189,5621.963168316832,5950.33308910891,5867.035669115297,6169.145876944837,6312.950919377652,6260.00792079208,,6842.385321896245,865.2139976238185,6792.690064789889,826.7881607229253,6648.657649536889,801.2289658551906,6698.824379454304,806.4559258527137,6562.731583844731,796.0184842971233,6597.518900581631,804.4724393860898,6606.692355142887,805.9538206318115,6583.907555037186,907.8589130292384,6221.244306004174,1101.5590822859044,0.014644351464435212,90.54067390610089,0.11583357551099493,651.2120951772595,,,651.2120951772595,-39.77565588356083,,2025-05-21
2025,5,2,3,21,0,6616.957521558607,6273.175263494091,6260.240881507505,5918.500894282977,7874.9963589907375,6182.63458958799,8066.969817949537,6383.457888853401,202.3200025069597,6854.99553390823,942.1442661580355,6704.945356914724,801.4800711993652,343.7822580645161,-1450.0122963909298,0.05480195333695059,-0.17974683544303804,0.49999999999999994,-0.8660254037844387,1.2246467991473532e-16,-1.0,22,142,0,0,0,0,4,0.6420547132365637,-0.766658819300159,0.43388373911755823,-0.900968867902419,6273.175263494091,6521.65154902587,6426.345576493133,5942.313772277227,6271.949900990098,6159.488853401469,6523.985572842998,6660.253663366338,6637.116831683168,,6856.000460829493,860.060221355975,6806.305203723137,821.8460013793285,6671.145774512934,790.1108514165516,6711.146080188894,802.3172599291446,6570.900667204681,794.1501707866867,6598.625709494912,804.4340072917207,6606.21128690058,805.9344123905679,6583.795558869827,907.8535557447381,6222.754661788733,1099.7185608973305,0.014613778705636848,95.30597253273754,0.11353216527016907,674.6437492813802,,,674.6437492813802,-43.29614180773024,,2025-05-22
2025,5,2,4,21,0,6962.101293516448,6616.957521558607,6273.175263494091,6260.240881507505,5918.500894282977,6521.65154902587,7760.629191951452,6617.411359523048,344.4632392393119,6650.995368891728,696.8657190502183,6638.401365378472,736.3668139949544,345.1437719578407,-798.5278984350043,0.05216049382716048,-0.10289473684210526,0.49999999999999994,-0.8660254037844387,1.2246467991473532e-16,-1.0,23,143,0,0,0,0,4,0.6287628145958344,-0.777597146973627,-0.433883739117558,-0.9009688679024191,6616.957521558607,6862.030022357074,6761.958751197701,5950.33308910891,6594.410851485148,6450.30822101565,6881.840049504951,7966.558168316832,7919.287128712871,,6870.296356709404,861.0083167198909,6820.601099603048,822.755485061241,6704.871381326519,779.8085808048725,6724.277881690012,803.3442502310976,6580.039829213623,795.6805570644657,6599.581200495049,804.8220295087298,6595.050654958352,793.7473230619498,6578.477859785403,902.7764237314975,6225.565865711653,1098.564249213356,0.014583333333333393,100.07127115937419,0.17003555754877153,1011.7682044075382,,,1011.7682044075382,-1004.456874800384,,2025-05-23
2025,5,2,5,21,1,8305.234749281379,6962.101293516448,6616.957521558607,6273.175263494091,6260.240881507505,6862.030022357074,5832.725519003513,7294.764521452144,891.9465324935396,6722.701767273502,852.7118869104789,6844.443801234961,830.3545282293558,1343.1334557649307,2472.5092302778658,0.19292070010755835,0.4239028944911296,0.49999999999999994,-0.8660254037844387,1.2246467991473532e-16,-1.0,24,144,0,0,0,0,4,0.6152845999633276,-0.7883050558305255,-0.9749279121818236,-0.2225209339563146,6962.101293516448,8186.102283615459,8066.969817949537,6271.949900990098,7861.040841584158,7658.515649952092,8230.351485148514,7684.073210749647,8975.19207920792,,6887.315280375964,891.9722880244548,6837.620023269607,852.4486325866224,6772.647542936229,827.7696438912835,6740.141949822056,830.5491589354043,6591.58838455879,816.0507329814033,6600.472667925203,806.689434152179,6601.952449830928,805.930063079364,6574.755874619144,894.1801284780163,6233.443399361538,1103.919069972545,0.014553014553014387,119.13246566591988,0.32418703599183774,2033.2848482912805,,,2033.2848482912805,621.1615385317318,,2025-05-24
2025,5,2,6,21,1,7989.363526030022,8305.234749281379,6962.101293516448,6616.957521558607,6273.175263494091,8186.102283615459,6169.700207601405,7752.233189609283,702.264172044255,7067.8455392313435,880.7423502298311,6996.082411104013,861.5000718144847,-315.87122325135715,1819.6633184286165,-0.03803278688524592,0.2949354518371399,0.49999999999999994,-0.8660254037844387,1.2246467991473532e-16,-1.0,25,145,0,0,0,0,4,0.6016240632249226,-0.7987793728863649,-0.7818314824680299,0.6234898018587334,8305.234749281379,7874.9963589907375,7760.629191951452,6594.410851485148,7556.728871287129,7332.56922389013,7881.531625678696,5790.187934936351,6021.237623762376,,6903.653447095862,913.8576884536108,6853.958189989506,873.4336660374812,6819.1459654210585,856.1066901691377,6755.593187491445,850.097533648358,6603.316854239859,831.4680716963121,6601.756381024623,808.8355330506549,6626.387734176413,814.3362990735822,6585.68990740952,899.391827685934,6240.0695130470785,1107.0935773469505,0.014522821576763434,114.36716703928414,0.21153560279470796,1394.9526745448738,,,1394.9526745448738,2199.175591093671,,2025-05-25
2025,5,2,0,22,0,6004.27626956244,7989.363526030022,8305.234749281379,6962.101293516448,6616.957521558607,7874.9963589907375,6182.63458958799,7432.958181624613,1247.3141792707158,7025.18477057383,932.3701087608875,6981.21921776855,878.1870374903515,-1985.087256467582,-178.3583200255507,-0.24846625766871167,-0.028848271305879747,0.49999999999999994,-0.8660254037844387,1.2246467991473532e-16,-1.0,26,146,0,0,0,0,4,0.5877852522924732,-0.8090169943749473,0.0,1.0,7989.363526030022,5918.500894282977,5832.725519003513,7861.040841584158,5675.143900990099,5484.72256786969,5896.4443692111145,6140.505459688826,5459.255445544555,,6915.907072135785,898.8991363831808,6866.211815029429,859.090031801026,6757.253813020334,845.2338957253451,6767.347914940457,836.7754387126331,6612.594598912944,821.5996552377509,6603.040094124044,807.7875283161939,6624.874076508341,815.3755321239651,6588.717800876286,896.4911427124674,6239.1830722821,1105.0973206245908,0.014492753623188248,85.77537527946242,-0.23619831132279723,-1856.7645720217188,,,-1856.7645720217188,-136.22919012638613,,2025-05-26
2025,5,2,1,22,0,6350.781555413606,6004.27626956244,7989.363526030022,8305.234749281379,6962.101293516448,5918.500894282977,6521.65154902587,6781.473783668688,1060.313491641492,7038.119152560416,920.3116544964354,6966.980051634196,887.6502873374302,346.50528585116626,-170.8699936122639,0.057709750566893536,-0.02620041753653435,0.49999999999999994,-0.8660254037844387,1.2246467991473532e-16,-1.0,27,147,0,0,0,0,4,0.5737722679043246,-0.8190148866680801,0.7818314824680298,0.6234898018587336,6004.27626956244,6260.240881507505,6169.700207601405,7556.728871287129,5998.448990099009,5773.908118811881,6208.503353561162,6169.145876944837,6262.087128712871,,6928.84145412237,888.4833099912885,6879.146197016014,849.1018618580712,6717.055569157883,834.5093991151166,6779.93122084455,827.3810333482934,6622.895910280831,814.4785074091083,6604.733882241335,807.0991599888081,6626.892250713551,814.4591363253045,6589.21054769129,896.3349720554047,6239.601044129034,1103.0392581069764,0.01446280991735538,90.54067390610089,-0.15958589178125626,-1205.9473158735227,,,-1205.9473158735227,181.63567846876867,,2025-05-27
2025,5,2,2,22,0,6363.715937400191,6350.781555413606,6004.27626956244,7989.363526030022,8305.234749281379,6260.240881507505,6862.030022357074,6239.591254125412,203.89134613617756,6995.912221867348,948.8542284470259,6925.453877887788,904.5025435572818,12.934381986585322,-498.31408495688265,0.0020366598778003286,-0.07261904761904758,0.49999999999999994,-0.8660254037844387,1.2246467991473532e-16,-1.0,28,148,0,0,0,0,4,0.5595892624101765,-0.8287700871745037,0.9749279121818236,-0.22252093395631434,6350.781555413606,6273.175263494091,6182.63458958799,5675.143900990099,6006.468306930692,5781.9274356435635,6192.982095177259,6523.985572842998,5780.38811881188,,6941.775836108956,877.943920120029,6892.080579002601,838.9947919276962,6740.007970371552,814.0837195063817,6792.690064789888,817.7098852442576,6633.284990669343,807.2347882203125,6606.766427982085,806.2642887705632,6625.111476986409,814.8617758692459,6592.451257794559,894.4468535121654,6240.064159402434,1100.997807468263,0.014432989690721598,90.54067390609998,0.12133120294799271,688.5720364100926,,,688.5720364100926,-160.26963544280716,,2025-05-28
2025,5,2,3,22,0,6712.263494091345,6363.715937400191,6350.781555413606,6004.27626956244,7989.363526030022,6273.175263494091,8186.102283615459,6475.586995635046,205.06986187753284,6954.272588629831,956.089117369827,6802.633978760779,813.2187656991794,348.54755669115366,-1473.838789524114,0.05477107402652992,-0.1800415800415801,0.49999999999999994,-0.8660254037844387,1.2246467991473532e-16,-1.0,29,149,0,0,0,0,5,0.545240438540651,-0.8382797052177743,0.43388373911755823,-0.900968867902419,6363.715937400191,6616.957521558607,6521.65154902587,5998.448990099009,6331.039603960396,6094.680792079207,6502.590354519322,6881.840049504951,6021.237623762376,,6955.390975042204,872.7909767777757,6905.695717935849,834.0531573690866,6763.801787171297,802.0042228756145,6806.305203723137,812.8981575446974,6644.313253205274,803.9546848300313,6609.262536786513,806.2624478350339,6623.227293037368,814.4574324582127,6596.290290407497,893.4638925595076,6241.819547263731,1099.3188550121322,0.014403292181069949,95.30597253273754,0.11899984565519395,713.8145039923356,,,713.8145039923356,-169.576555413606,,2025-05-29
2025,5,2,4,22,0,7062.172564675823,6712.263494091345,6363.715937400191,6350.781555413606,6004.27626956244,6616.957521558607,7874.9963589907375,6712.717332055786,349.22853480631244,6747.095557862237,707.0419668757249,6734.898662567869,746.9279322706715,349.9090705844783,-812.8237943149143,0.05212981744421907,-0.10321576763485463,0.49999999999999994,-0.8660254037844387,1.2246467991473532e-16,-1.0,30,150,0,0,0,0,5,0.5307300481619334,-0.8475409228928311,-0.433883739117558,-0.9009688679024191,6712.263494091345,6962.101293516448,6862.030022357074,6006.468306930692,6661.887480038326,6408.278287128712,6810.564797189397,8230.351485148514,6422.653465346535,,6969.686870922115,873.7382527494353,6919.991613815759,834.9618966329048,6798.991929096135,790.7097023803416,6820.601099603047,813.7836045553249,6655.989936732901,805.2117849218974,6612.257867351827,807.4857560186883,6610.247527254338,797.6933249551075,6599.84317429266,894.0409099078836,6244.8578917726645,1098.4087981188227,0.0143737166324438,100.0712711593751,0.17576123002713318,1055.7042577451311,,,1055.7042577451311,-1168.178920472691,,2025-05-30
2025,5,2,5,22,1,8424.367214947302,7062.172564675823,6712.263494091345,6363.715937400191,6350.781555413606,6962.101293516448,5918.500894282977,7399.601091238156,904.5541971853896,6819.596172681784,864.6402936073881,6943.720855956563,842.1526998259794,1362.194650271479,2505.866320664325,0.19288606130711394,0.4233954451345756,0.49999999999999994,-0.8660254037844387,1.2246467991473532e-16,-1.0,31,151,0,1,0,0,5,0.5160623910158528,-0.8565509959010036,-0.9749279121818236,-0.2225209339563146,7062.172564675823,8305.234749281379,8186.102283615459,6331.039603960396,7947.837352283615,7639.454455445543,8087.392526349408,7881.531625678696,6583.219801980198,,6986.705794588675,904.6998090959736,6937.010537482319,864.6543330316422,6868.769516129032,838.8874253809415,6837.620023269607,842.7001475454455,6670.006236009719,829.1187565792737,6616.269470787515,815.6978359825829,6616.279033801767,809.380369784236,6610.071771031366,904.322694424035,6252.900361599876,1104.3378107464596,0.014344262295082233,119.13246566592352,0.33064516129032273,2093.3276109869066,,,2093.3276109869066,542.8355892686059,,2025-05-31
2025,6,2,6,22,1,8103.730693069307,8424.367214947302,7062.172564675823,6712.263494091345,6363.715937400191,8305.234749281379,6260.240881507505,7863.423490897477,712.182722248147,7169.505243266262,893.0454593817616,7097.345006920047,873.6915545639697,-320.6365218779956,1843.4898115618016,-0.03806060606060624,0.2944758590691605,1.2246467991473532e-16,-1.0,1.2246467991473532e-16,-1.0,1,152,1,0,0,0,1,0.5012418134457758,-0.865307254363206,-0.7818314824680299,0.6234898018587334,8424.367214947302,7989.363526030022,7874.9963589907375,6661.887480038326,7646.262024912167,7344.005940594059,7744.291025231555,5896.4443692111145,6824.0693069306935,,7003.043961308574,926.5926842500193,6953.348704202218,885.6476953495015,6916.830956563398,867.442994875517,6853.958189989506,863.1453181407671,6683.5727494467765,846.3834139664639,6620.548514452252,822.6001667609854,6640.804437400192,820.6862830572808,6617.181000954358,911.0195697399705,6259.7048848773375,1107.9962949099645,0.014314928425357865,114.36716703928505,0.21643163703249546,1441.8432130309802,,,1441.8432130309802,2207.286323858192,,2025-06-01
2025,6,2,0,23,0,6082.862851485149,8103.730693069307,8424.367214947302,7062.172564675823,6712.263494091345,7989.363526030022,6273.175263494091,7536.986919833918,1269.4721538513045,7124.8521259448535,947.2244473045996,7081.485639252634,891.5566723884374,-2020.8678415841578,-190.31241200894237,-0.2493749999999999,-0.030337493217579947,1.2246467991473532e-16,-1.0,1.2246467991473532e-16,-1.0,2,153,0,0,0,0,1,0.48627270710869,-0.8738071036110808,0.0,1.0,8103.730693069307,6004.27626956244,5918.500894282977,7947.837352283615,5746.95014372405,5515.601702970297,5793.5139188757585,6208.503353561162,6663.50297029703,,7014.270615868961,912.8488486989123,6965.088844002372,871.8565478926619,6854.665139870116,857.7808996176501,6865.955072409545,849.414329546979,6693.702412813113,835.475024823281,6623.993144602364,819.6959383460542,6639.40843182157,821.5363176200723,6613.9552225165135,911.8822042667155,6259.057111861249,1106.009449611011,0.013088435374149832,78.58658192270923,-0.23465182012847952,-1864.9745007984657,,,-1864.9745007984657,-125.64050207601304,,2025-06-02
2025,6,2,1,23,0,6426.145887788778,6082.862851485149,8103.730693069307,8424.367214947302,7062.172564675823,6004.27626956244,6616.957521558607,6870.91314411441,1081.3603203890013,7135.257117676284,937.4842179435184,7065.584669771815,902.232384328348,343.28303630362916,-190.8116337698293,0.05643445277083892,-0.02883676268861468,1.2246467991473532e-16,-1.0,1.2246467991473532e-16,-1.0,3,154,0,0,0,0,1,0.4711595076738638,-0.8820480249558537,0.7818314824680298,0.6234898018587336,6082.862851485149,6350.781555413606,6260.240881507505,7646.262024912167,6079.159533695304,5830.043336633663,6099.854544873841,6192.982095177259,7064.918811881188,,7025.036949065414,904.1220131843895,6976.939201593892,862.6177844887418,6813.994601966003,847.8214357807543,6878.3474421985975,839.9892394239689,6704.347101226596,828.0354912133002,6627.877565351351,817.953467419999,6641.999140628364,820.4796580348891,6610.406484049334,911.3601965227477,6259.66692491208,1104.0280798195013,0.011866938221316792,75.36433237517213,-0.15957027540360869,-1220.1161371233893,,,-1220.1161371233893,233.16379261151906,,2025-06-03
2025,6,2,2,23,0,6431.492099009901,6426.145887788778,6082.862851485149,8103.730693069307,8424.367214947302,6350.781555413606,6962.101293516448,6313.500279427943,199.7557580387336,7088.46188516271,969.2890309556626,7021.36723689627,920.5807668547652,5.346211221122758,-530.6091945065473,0.0008319467554076532,-0.07621394348293731,1.2246467991473532e-16,-1.0,1.2246467991473532e-16,-1.0,4,155,0,0,0,0,1,0.4559066935084588,-0.8900275764346767,0.9749279121818236,-0.22252093395631434,6426.145887788778,6363.715937400191,6273.175263494091,5746.95014372405,6092.09391568189,5838.062653465346,6084.3332864899385,6502.590354519322,8429.732673267326,,7034.719257866801,896.1876168134838,6988.247546987879,853.6735688144541,6836.812667142198,827.0708343942437,6890.468805888884,830.6196487575684,6714.944055611321,820.5105414205508,6632.010408357541,816.0488537317427,6641.209160011593,820.6496029410375,6599.3051475256825,901.1886484300715,6260.291743726981,1102.0602981569618,0.010650406504065124,67.77616160970956,0.11911395403932712,684.5419552858511,,,684.5419552858511,-71.0982555094215,,2025-06-04
2025,6,2,3,23,0,6775.619273927393,6431.492099009901,6426.145887788778,6082.862851485149,8103.730693069307,6363.715937400191,8305.234749281379,6544.41908690869,200.2430781617485,7040.703003371305,977.8650248319468,6893.899280616773,827.881070990083,344.1271749174921,-1529.6154753539859,0.053506584416152636,-0.18417486338797806,1.2246467991473532e-16,-1.0,1.2246467991473532e-16,-1.0,5,156,0,0,0,0,1,0.440518784350495,-0.8977433935342337,0.43388373911755823,-0.900968867902419,6431.492099009901,6712.263494091345,6616.957521558607,6079.159533695304,6426.345576493133,6153.7704950495045,6388.223187480038,6810.564797189397,9553.69702970297,,7043.770083557664,892.7014363851422,6999.580529299935,849.4078342672483,6860.027991816601,814.7535402642607,6902.942866511536,826.0012152714874,6726.048498091283,816.9780858869336,6636.622266529533,815.749122863638,6640.8208764197925,820.5768372566811,6583.871382215817,873.6778183137081,6262.15887245959,1100.4919744328706,0.009438810006761278,63.35577983604799,0.11456513624486764,696.4597402320887,,,696.4597402320887,-34.94552326200392,,2025-06-05
2025,6,2,4,23,0,7120.309207920793,6775.619273927393,6431.492099009901,6426.145887788778,6082.862851485149,6712.263494091345,7989.363526030022,6775.8068602860285,344.4085927696163,6823.36000220022,719.6502831801243,6821.478087441003,758.4397462908804,344.6899339933998,-869.0543181092289,0.05087209302325579,-0.10877641445126096,1.2246467991473532e-16,-1.0,1.2246467991473532e-16,-1.0,6,157,0,0,0,0,1,0.42500033996955416,-0.9051931898913974,-0.433883739117558,-0.9009688679024191,6775.619273927393,7062.172564675823,6962.101293516448,6092.09391568189,6761.958751197701,6470.322475247524,6690.479271798147,8087.392526349408,6054.207920792079,,7052.075318306946,893.171491084986,7010.88109461453,849.9230995868037,6894.301834891231,802.8754205422495,6915.741097108789,826.5118932136237,6737.655404031878,817.895603237727,6641.739289578613,817.4373963070788,6630.07550621503,807.6514199238361,6589.79416714431,873.6807209226783,6265.256888111076,1099.7059464140593,0.008232118758434437,58.13664324496949,0.16877863448430008,1028.2152922389023,,,1028.2152922389023,-967.0833184286157,,2025-06-06
2025,6,2,5,23,1,8483.593069306931,7120.309207920793,6775.619273927393,6431.492099009901,6426.145887788778,7062.172564675823,6004.27626956244,7459.840517051704,903.191427016383,6886.670398239825,858.1909046364898,7028.087820753044,847.9974139808008,1363.2838613861386,2479.3167997444916,0.1914641375222288,0.4129251700680274,1.2246467991473532e-16,-1.0,1.2246467991473532e-16,-1.0,7,158,0,0,0,0,1,0.4093559588156213,-0.9123747579707273,-0.9749279121818236,-0.2225209339563146,7120.309207920793,8424.367214947302,8305.234749281379,6426.345576493133,8066.969817949537,7713.316584158415,7944.433567550303,7744.291025231555,5489.148514851486,,7060.536154644035,908.4867267884244,7023.620974616356,871.8705572240654,6962.8767513183575,848.110420583005,6930.620498942982,851.3806802744308,6751.410341266673,840.7595642325923,6648.157855075715,829.812547961499,6638.289973371423,822.730113944818,6606.429970224618,881.0835153346883,6273.23651466214,1105.7525794469816,0.007030303030302942,59.22585435962901,0.32012711864406795,2057.247492813798,,,2057.247492813798,739.3020440753762,,2025-06-07
2025,6,2,6,23,1,8151.002455445544,8483.593069306931,7120.309207920793,6775.619273927393,6431.492099009901,8424.367214947302,6350.781555413606,7918.301577557755,710.8079878604834,7231.360332233223,885.6658759469038,7178.106229089038,876.0564002683182,-332.5906138613873,1800.220900031938,-0.039203980099502655,0.2834644656447636,1.2246467991473532e-16,-1.0,1.2246467991473532e-16,-1.0,8,159,0,0,0,0,2,0.39359027665646673,-0.9192859697186104,-0.7818314824680299,0.6234898018587334,8483.593069306931,8103.730693069307,7989.363526030022,6761.958751197701,7760.629191951452,7414.913584158415,7607.050424784413,5793.5139188757585,6296.376237623762,,7067.289263554927,917.6629258909239,7035.16661243175,886.5890381931089,7009.178208126619,874.2761967617438,6944.562401210628,868.5001937674955,6764.5547853968,856.9200824132498,6654.633474488346,839.4520608233006,6664.48429044442,832.9968265704812,6616.733449212517,888.2523880118196,6279.966858535916,1109.4722242658363,0.005833333333333357,47.27176237623735,0.2054203161179904,1389.0437042478434,,,1389.0437042478434,2357.4885365697855,,2025-06-08
2025,6,2,0,24,0,6118.316673267327,8151.002455445544,8483.593069306931,7120.309207920793,6775.619273927393,8103.730693069307,6363.715937400191,7584.3040660066,1280.4270404283197,7180.055463146314,948.3378055054067,7157.656290411301,899.3496102735261,-2032.6857821782169,-245.39926413286412,-0.24937862468931227,-0.03856225930680346,1.2246467991473532e-16,-1.0,1.2246467991473532e-16,-1.0,9,160,0,0,0,0,2,0.3777079652039649,-0.9259247771938498,0.0,1.0,8151.002455445544,6082.862851485149,6004.27626956244,8066.969817949537,5832.725519003513,5568.782435643564,5690.5834685404025,6099.854544873841,5812.039603960396,,7072.3540952380945,911.400526847269,7043.312355553528,876.859411697174,6944.223103303879,865.3192234104301,6954.762085291478,856.5539841209016,6774.367896782938,846.0552428215653,6659.725536449383,834.818251154415,6664.6894252043485,832.8584796428256,6618.434988486445,886.9947645737808,6279.38953644567,1107.5242706665333,0.005828476269775118,35.45382178217824,-0.24155949367088603,-1948.65314468221,,,-1948.65314468221,18.462128393485727,,2025-06-09
2025,6,2,1,24,0,6463.569366336634,6118.316673267327,8151.002455445544,8483.593069306931,7120.309207920793,6082.862851485149,6712.263494091345,6910.962831683167,1087.691848316163,7185.4016743674365,943.3511214496831,7136.931779765073,913.3034339717251,345.2526930693066,-248.6941277547112,0.05642935982339958,-0.03705070993914805,1.2246467991473532e-16,-1.0,1.2246467991473532e-16,-1.0,10,161,0,0,0,0,2,0.36171373072976765,-0.9322892131745133,0.7818314824680298,0.6234898018587336,6118.316673267327,6426.145887788778,6350.781555413606,7760.629191951452,6169.700207601405,5886.178554455444,5991.205736186521,6084.3332864899385,6054.207920792079,,7077.700306459218,907.0776562651346,7051.368627762316,870.5023279057792,6900.987775783386,855.4686898603649,6965.257412389165,848.3393697813758,6784.678446995102,838.519076235193,6665.3489129987875,831.8464566338921,6668.903159424867,830.8461709683844,6620.70921873947,886.0643276869299,6280.044980680158,1105.5993757627223,0.005823627287853794,37.423478547855666,-0.16713333333333324,-1297.0598256148187,,,-1297.0598256148187,379.23607984669525,,2025-06-10
2025,6,2,2,24,0,6468.915577557756,6463.569366336634,6118.316673267327,8151.002455445544,8483.593069306931,6426.145887788778,7062.172564675823,6350.267205720571,200.89283865431094,7134.284391639164,977.6819056678828,7087.493697505234,933.550505328514,5.346211221121848,-593.2569871180676,0.0008271298593878207,-0.08400488400488415,1.2246467991473532e-16,-1.0,1.2246467991473532e-16,-1.0,11,162,0,0,0,0,2,0.3456123126707335,-0.9383773917408641,0.9749279121818236,-0.22252093395631434,6463.569366336634,6431.492099009901,6363.715937400191,5832.725519003513,6182.63458958799,5894.197871287128,5975.684477802619,6388.223187480038,6457.821782178218,,7083.04651768034,902.7340852396235,7058.8828877735705,864.5434888399883,6922.194111068527,835.731861307763,6975.481733388086,840.2442598167801,6794.941263178506,830.9046064751899,6671.220711805397,828.6543064286437,6669.799741536841,830.5833773720252,6620.770850936024,886.0533201475088,6280.714734569795,1103.687671660831,0.005818786367414841,37.42347854785476,0.10907251789604722,636.1900585542426,,,636.1900585542426,80.69239007771739,,2025-06-11
2025,6,2,3,24,0,6815.012409240924,6468.915577557756,6463.569366336634,6118.316673267327,8151.002455445544,6431.492099009901,8424.367214947302,6582.49911771177,201.38015926816595,7083.401591859186,986.4597792566875,6953.380797029702,834.3675893600281,346.0968316831686,-1609.354805706378,0.053501522401044,-0.19103569023569034,1.2246467991473532e-16,-1.0,1.2246467991473532e-16,-1.0,12,163,0,0,0,0,2,0.3294084822245304,-0.9441875088341993,0.43388373911755823,-0.900968867902419,6468.915577557756,6775.619273927393,6712.263494091345,6169.700207601405,6521.65154902587,6212.860198019802,6273.856020440753,6690.479271798147,6619.267326732674,,7088.674108439415,900.6184964198804,7066.222095998541,861.80644283179,6943.704517789843,823.9171470455607,6985.958906967194,836.195002316745,6805.693981236027,827.1225619846845,6677.663049767304,827.6307575916125,6671.183443063984,830.7219360726605,6621.858323616624,886.1715777559117,6282.602712218809,1102.1867451612447,0.005813953488372103,39.393135313531275,0.10459376953915189,645.3122016395191,,,645.3122016395191,124.53313744277693,,2025-06-12
2025,6,2,4,24,0,7161.6720000000005,6815.012409240924,6468.915577557756,6463.569366336634,6118.316673267327,6775.619273927393,8103.730693069307,6815.199995599559,346.37824931742495,6863.081413641365,723.8589197004371,6874.875905940594,757.0268484932984,346.6595907590763,-942.0586930693062,0.05086705202312136,-0.11624999999999996,1.2246467991473532e-16,-1.0,1.2246467991473532e-16,-1.0,13,164,0,0,0,0,2,0.3131070409358269,-0.9497178427914316,-0.433883739117558,-0.9009688679024191,6815.012409240924,7120.309207920793,7062.172564675823,6182.63458958799,6862.030022357074,6532.366663366337,6570.393746406899,7944.433567550303,6861.435643564357,,7094.583078736445,900.996259491397,7073.329198521696,862.1806707219464,6976.339098136911,812.0361042451208,6996.660406168728,836.4675795786063,6816.931576533057,827.6163575252384,6684.702076595793,829.2203307319944,6662.486092313425,821.2857172607523,6623.5263033746005,886.9072885851002,6285.698026612406,1101.4735504426135,0.0058091286307053736,41.36279207920779,0.15835278573001554,979.0374104120101,,,979.0374104120101,-782.761567550303,,2025-06-13
2025,6,2,5,24,1,8532.834488448845,7161.6720000000005,6815.012409240924,6468.915577557756,6463.569366336634,7120.309207920793,6082.862851485149,7503.172965896589,908.4026399316375,6926.720085808582,863.121557543924,7079.040209020903,848.8136841173921,1371.1624884488447,2449.9716369636963,0.19145843155744147,0.4027662133407346,1.2246467991473532e-16,-1.0,1.2246467991473532e-16,-1.0,14,165,0,0,0,0,2,0.29671281927349075,-0.9549667548552551,-0.9749279121818236,-0.2225209339563146,7161.6720000000005,8483.593069306931,8424.367214947302,6521.65154902587,8186.102283615459,7787.178712871287,7801.474608751197,7607.050424784413,6699.990099009901,,7101.61756718529,913.7502880205528,7081.0768609146635,875.6374916529456,7043.37852945101,855.0818669325416,7009.043699198491,857.0421023469886,6830.246858239798,849.2263925503487,6693.408741830288,844.7810897744819,6672.772581909695,838.8588335333027,6633.708772204816,898.2389989167054,6293.582715952182,1107.5603682766314,0.005804311774461057,49.241419141913866,0.3083855254001393,2011.1829394229753,,,2011.1829394229753,925.7840636644323,,2025-06-14
2025,6,2,6,24,1,8198.274217821781,8532.834488448845,7161.6720000000005,6815.012409240924,6468.915577557756,8483.593069306931,6426.145887788778,7964.260235423541,714.9080712935812,7273.379676567657,890.7514487807708,7226.717569856987,878.5340015519411,-334.5602706270638,1772.1283300330033,-0.03920857378400677,0.27576845608196865,1.2246467991473532e-16,-1.0,1.2246467991473532e-16,-1.0,15,166,0,0,0,0,3,0.28023067519921585,-0.9599326896597447,-0.7818314824680299,0.6234898018587334,8532.834488448845,8151.002455445544,8103.730693069307,6862.030022357074,7874.9963589907375,7485.821227722771,7469.809824337272,5690.5834685404025,7103.603960396039,,7108.370676096181,922.926998509126,7087.829969825553,884.4513218499501,7087.920002633166,879.7563036499623,7020.589337013886,871.2004112807736,6842.969233062996,864.4268477161063,6702.080936990818,856.5050623690191,6700.635812457267,847.4712955424002,6639.790273634959,905.1175634597142,6300.242476448229,1111.3372950041892,0.0057995028997515075,47.27176237623735,0.19473015873015864,1336.2441954647074,,,1336.2441954647074,2507.690749281379,,2025-06-15
2025,6,2,0,25,0,6153.770495049505,8198.274217821781,8532.834488448845,7161.6720000000005,6815.012409240924,8151.002455445544,6431.492099009901,7628.293067106711,1287.884022457048,7221.746531353135,953.8266937132795,7203.574102860286,904.6569588820023,-2044.503722772276,-277.72160396039544,-0.24938220757825358,-0.04318151988449914,1.2246467991473532e-16,-1.0,1.2246467991473532e-16,-1.0,16,167,0,0,0,0,3,0.26366549272800704,-0.9646141756912435,0.0,1.0,8198.274217821781,6118.316673267327,6082.862851485149,8186.102283615459,5918.500894282977,5621.963168316832,5587.653018205046,5991.205736186521,8475.89108910891,,7113.43550777935,916.6642857810999,7092.894801508723,878.4362367990326,7020.175609680968,870.4757985010452,7028.991822755547,861.2551854027384,6852.465792468936,853.622722479624,6708.820430762777,849.8317049839017,6702.442087555744,846.1144045548272,6626.8896036679635,895.2967079994611,6299.732121112346,1109.4263866573888,0.005794701986755024,35.45382178217824,-0.24826611226611228,-2032.3317885659535,,,-2032.3317885659535,162.5647588629845,,2025-06-16
2025,6,2,1,25,0,6500.9928448844885,6153.770495049505,8198.274217821781,8532.834488448845,7161.6720000000005,6118.316673267327,6775.619273927393,6951.012519251924,1094.0233766221515,7227.092742574258,948.8400020993201,7180.68856710671,919.8140356161475,347.2223498349831,-274.6264290429044,0.056424325560128,-0.04053156146179404,1.2246467991473532e-16,-1.0,1.2246467991473532e-16,-1.0,17,168,0,0,0,0,3,0.24702218048093552,-0.9690098257244062,0.7818314824680298,0.6234898018587336,6153.770495049505,6463.569366336634,6426.145887788778,7874.9963589907375,6260.240881507505,5942.313772277227,5882.556927499201,5975.684477802619,9606.009900990099,,7118.781719000472,912.3413484618027,7098.241012729844,874.2841710287415,6974.375492544093,860.0324385506826,7037.590107161867,854.4712076170048,6862.44220447978,846.0230955235461,6716.1827631126025,845.2538203084531,6708.278847189988,842.8502485603009,6609.63950891182,867.0430368846065,6300.430943069888,1107.555396956931,0.005789909015715411,37.42347854785476,-0.17447671738128168,-1374.003514106249,,,-1374.003514106249,525.3083670818696,,2025-06-17
2025,6,2,2,25,0,6506.33905610561,6500.9928448844885,6153.770495049505,8198.274217821781,8532.834488448845,6463.569366336634,7120.309207920793,6387.0341320132,202.02992040964983,7175.647183718372,983.390314188752,7129.52438778878,940.3251264763063,5.346211221121848,-613.9701518151824,0.000822368421052655,-0.08622801817822578,1.2246467991473532e-16,-1.0,1.2246467991473532e-16,-1.0,18,169,0,0,0,0,3,0.23030567023061221,-0.9731183372332619,0.9749279121818236,-0.22252093395631434,6500.9928448844885,6468.915577557756,6431.492099009901,5918.500894282977,6273.175263494091,5950.33308910891,5867.035669115297,6273.856020440753,6244.975247524752,,7124.1279302215935,907.9978300632811,7103.587223950965,870.1122923514995,6993.9700979381805,841.6463043506898,7045.917385469423,847.8562118593886,6872.370882461864,838.3520122944159,6723.793517719629,840.380018276653,6710.861992030708,841.8595531456085,6611.091530070603,866.6476890524175,6301.14342789008,1105.6972288100162,0.005785123966942196,37.42347854785476,0.09932213787286237,587.8381618226331,,,587.8381618226331,232.4830356648572,,2025-06-18
2025,6,2,3,25,0,6854.405544554455,6506.33905610561,6500.9928448844885,6153.770495049505,8198.274217821781,6468.915577557756,8483.593069306931,6620.57914851485,202.51724150608788,7124.43610781078,992.2245702864192,6993.758760726072,839.227214657684,348.0664884488451,-1629.1875247524758,0.05349651861782645,-0.19203980099502493,1.2246467991473532e-16,-1.0,1.2246467991473532e-16,-1.0,19,170,0,0,0,0,3,0.21352091543979612,-0.9769384927771817,0.43388373911755823,-0.900968867902419,6506.33905610561,6815.012409240924,6775.619273927393,6260.240881507505,6616.957521558607,6271.949900990098,6159.488853401469,6570.393746406899,5662.110891089109,,7129.75552098067,905.8822980914172,7109.214814710043,868.0803478024651,7013.7755867064125,830.7046972537693,7054.3976720049895,844.5880171395173,6882.771876096942,834.3711250715986,6732.06633547145,838.1755327207593,6714.0176786767925,841.8594008022925,6617.715389256522,863.9060984329672,6303.051228292372,1104.2606313977994,0.005780346820809301,39.393135313531275,0.09491083079599827,594.1646630469504,,,594.1646630469504,284.0117981475569,,2025-06-19
2025,6,2,4,25,0,7203.034792079208,6854.405544554455,6506.33905610561,6500.9928448844885,6153.770495049505,6815.012409240924,8151.002455445544,6854.59313091309,348.3479058676957,6902.802825082508,728.067561687473,6914.761455445544,761.3995542584706,348.6292475247528,-947.9676633663357,0.05086206896551726,-0.11630074565037274,1.2246467991473532e-16,-1.0,1.2246467991473532e-16,-1.0,20,171,0,0,0,0,3,0.19667288979357647,-0.980469160361632,-0.433883739117558,-0.9009688679024191,6854.405544554455,7161.6720000000005,7120.309207920793,6273.175263494091,6962.101293516448,6594.410851485148,6450.30822101565,7801.474608751197,6494.774257425743,,7135.664491277699,906.2600074300115,7115.123785007071,868.4431540097962,7044.770904325917,819.388911150822,7063.002439810801,844.8401558207009,6893.640160750407,834.5105930591185,6741.02736607935,839.1501079822426,6707.368347380437,835.5131724016258,6621.650170004596,864.9553162106143,6306.143955315693,1103.616847969646,0.005775577557755707,41.36279207920779,0.14822788931090614,929.859528585117,,,929.859528585117,-598.4398166719884,,2025-06-20
2025,6,2,5,25,1,8582.075907590759,7203.034792079208,6854.405544554455,6506.33905610561,6500.9928448844885,7161.6720000000005,6118.316673267327,7546.505414741473,913.6138529501867,6966.769773377338,868.0522110211707,7120.074724972496,853.6974565767736,1379.0411155115507,2463.759234323432,0.1914527911246533,0.4026857983811625,1.2246467991473532e-16,-1.0,1.2246467991473532e-16,-1.0,21,172,0,0,0,0,3,0.1797665857255624,-0.9837092937736097,-0.9749279121818236,-0.2225209339563146,7203.034792079208,8532.834488448845,8483.593069306931,6616.957521558607,8305.234749281379,7861.040841584158,7658.515649952092,7469.809824337272,5995.176237623762,,7142.698979726543,919.0138557582289,7122.158273455918,880.6930498278732,7110.274850526988,861.476415458427,7072.889624036136,861.374610084241,6906.515786929097,855.0183789836714,6752.022131051238,857.1729357118196,6719.726859416586,854.9182675211948,6636.021834837747,875.9099324822301,6313.938242823485,1109.7404879896724,0.00577081615828523,49.241419141913866,0.2969821673525377,1965.1183860321516,,,1965.1183860321516,1112.2660832534866,,2025-06-21
2025,6,2,6,25,1,8245.54598019802,8582.075907590759,7203.034792079208,6854.405544554455,6506.33905610561,8532.834488448845,6463.569366336634,8010.218893289329,719.008155685678,7315.399020902091,895.837022285275,7268.572776127613,883.5804756825318,-336.5299273927394,1781.9766138613859,-0.03921311475409839,0.2756954420791433,1.2246467991473532e-16,-1.0,1.2246467991473532e-16,-1.0,22,173,0,0,0,0,4,0.16280701293851715,-0.986657932891657,-0.7818314824680299,0.6234898018587334,8582.075907590759,8198.274217821781,8151.002455445544,6962.101293516448,7989.363526030022,7556.728871287129,7332.56922389013,5587.653018205046,6244.975247524752,,7149.452088637436,928.1910717683635,7128.9113823668085,889.5073982622446,7153.056340083041,885.4004408049476,7082.038997399279,872.7551631116831,6918.816092445362,869.3765342267209,6762.890901959666,870.3103399421857,6749.25900343873,861.256113353662,6647.1361166859315,883.5791712748737,6320.530760698483,1113.5710850427868,0.005766062602965416,47.27176237623826,0.1843473159284248,1283.4446866815715,,,1283.4446866815715,2657.892961992974,,2025-06-22
2025,6,2,0,26,0,6189.224316831684,8245.54598019802,8582.075907590759,7203.034792079208,6854.405544554455,8198.274217821781,6468.915577557756,7672.2820682068195,1295.3410046945685,7263.437599559955,959.3155853200585,7245.265171067108,909.889181813672,-2056.321663366336,-279.69126072607196,-0.2493857493857493,-0.04323618964767284,1.2246467991473532e-16,-1.0,1.2246467991473532e-16,-1.0,23,174,0,0,0,0,4,0.1457991969198751,-0.9893142039703663,0.0,1.0,8245.54598019802,6153.770495049505,6118.316673267327,8305.234749281379,6004.27626956244,5675.143900990099,5484.72256786969,5882.556927499201,6661.306930693069,,7154.516920320604,921.9280489423969,7133.976214049976,883.4919933517713,7082.5226590013835,874.6682396508654,7088.644284801752,864.9612802133526,6927.996099871105,858.653492200356,6771.277827542547,861.1913696981513,6752.666418875759,858.3904959629335,6644.513435497813,884.2372576347836,6320.0841401411135,1111.6955452165364,0.0057613168724279795,35.45382178217824,-0.2547803278688523,-2116.010432449695,,,-2116.010432449695,306.66738933248234,,2025-06-23
2025,6,2,1,26,0,6538.416323432343,6189.224316831684,8245.54598019802,8582.075907590759,7203.034792079208,6153.770495049505,6815.012409240924,6991.06220682068,1100.3549053004267,7268.7838107810785,954.3288862525671,7222.215497249726,925.1547270977077,349.1920066006596,-276.59608580858094,0.05641934897254042,-0.040586292320396344,1.2246467991473532e-16,-1.0,1.2246467991473532e-16,-1.0,24,175,0,0,0,0,4,0.12874817745258132,-0.99167731989929,0.7818314824680298,0.6234898018587336,6189.224316831684,6500.9928448844885,6463.569366336634,7989.363526030022,6350.781555413606,5998.448990099009,5773.908118811881,5867.035669115297,6827.839603960396,,7159.863131541727,917.6050456715118,7139.322425271099,879.339849604261,7034.1577522481275,862.8303020572896,7095.345526516707,859.7441147174026,6937.638373680629,851.0232145298644,6780.37911569279,854.5379776108247,6760.126203923725,853.5109288210098,6642.905528383767,884.1651752385022,6320.8242492370155,1109.8760947455032,0.005756578947368363,37.42347854785476,-0.18160986139513735,-1450.9472025976784,,,-1450.9472025976784,671.3806543170458,,2025-06-24
2025,6,2,2,26,0,6543.762534653466,6538.416323432343,6189.224316831684,8245.54598019802,8582.075907590759,6500.9928448844885,7161.6720000000005,6423.80105830583,203.16700328560313,7217.0099757975795,989.098725008143,7170.723041804181,945.7964028251178,5.346211221122758,-617.9094653465345,0.0008176614881441058,-0.08628005657708626,1.2246467991473532e-16,-1.0,1.2246467991473532e-16,-1.0,25,176,0,0,0,0,4,0.11165900712169512,-0.993746580436178,0.9749279121818236,-0.22252093395631434,6538.416323432343,6506.33905610561,6468.915577557756,6004.27626956244,6363.715937400191,6006.468306930692,5781.9274356435635,6159.488853401469,7077.638613861386,,7165.209342762848,913.2615793171746,7144.668636492221,875.1680066635219,7052.140627751162,846.0850585148463,7101.775762132896,854.728084432194,6947.232913461392,843.3281851665546,6789.448581157194,847.8299023238649,6764.395911493191,851.4311011084759,6639.939550165946,883.5939663665454,6321.57741912018,1108.0691216291145,0.005751848808545734,37.423478547855666,0.08985034013605464,539.4862650910263,,,539.4862650910263,384.273681251997,,2025-06-25
2025,6,2,3,26,0,6893.798679867987,6543.762534653466,6538.416323432343,6189.224316831684,8245.54598019802,6506.33905610561,8532.834488448845,6658.659179317931,203.6543248565551,7165.470623762376,997.9893632971193,7034.136724422442,844.0868565588153,350.03614521452073,-1639.0358085808584,0.05349157206742339,-0.192085737840066,1.2246467991473532e-16,-1.0,1.2246467991473532e-16,-1.0,26,177,0,0,0,0,4,0.09453674981719912,-0.9955213724144752,0.43388373911755823,-0.900968867902419,6543.762534653466,6854.405544554455,6815.012409240924,6350.781555413606,6712.263494091345,6331.039603960396,6094.680792079207,6450.30822101565,6911.10594059406,,7170.836933521923,911.1461035466452,7150.296227251297,873.1361092512259,7070.241198566308,836.3153291880852,7108.259161624919,852.3492665530208,6957.282182674027,839.1948439858894,6798.961889345156,844.4166340142662,6769.323583258218,850.8760620739884,6639.843398717468,883.5652347824799,6323.504090031788,1106.6940089104157,0.005747126436781658,39.393135313531275,0.08550398399256798,543.0171244543808,,,543.0171244543808,443.4904588523368,,2025-06-26
2025,6,2,4,26,0,7244.397584158416,6893.798679867987,6543.762534653466,6538.416323432343,6189.224316831684,6854.405544554455,8198.274217821781,6893.986266226621,350.31756242038637,6942.524236523653,732.2762090469747,6954.647004950494,765.7722765671291,350.59890429042935,-953.8766336633653,0.050857142857142934,-0.11635090609555176,1.2246467991473532e-16,-1.0,1.2246467991473532e-16,-1.0,27,178,0,0,0,0,4,0.07738647923346301,-0.9970011699250151,-0.433883739117558,-0.9009688679024191,6893.798679867987,7203.034792079208,7161.6720000000005,6363.715937400191,7062.172564675823,6661.887480038326,6408.278287128712,7658.515649952092,7327.437623762376,,7176.745903818954,911.5237597713324,7156.205197548326,873.498865428585,7099.59725345825,826.0536788190979,7114.7671980350115,852.6799607562748,6967.68414881903,839.0769518565645,6808.915690500271,844.6838092057291,6764.722271416066,847.1249711238283,6639.382065164113,883.2258309455905,6326.594336656374,1106.1164528069257,0.005742411812961423,41.36279207920779,0.1383910997004707,880.6816467582248,,,880.6816467582248,-414.11806579367567,,2025-06-27
2025,6,2,5,26,1,8631.317326732675,7244.397584158416,6893.798679867987,6543.762534653466,6538.416323432343,7203.034792079208,6153.770495049505,7589.837863586358,918.8250660702774,7006.819460946094,872.9828650585753,7161.109240924093,858.5812451831204,1386.9197425742586,2477.5468316831693,0.19144721510137508,0.4026063100137176,1.2246467991473532e-16,-1.0,1.2246467991473532e-16,-1.0,28,179,0,0,0,0,4,0.06021327736579302,-0.9981855344718586,-0.9749279121818236,-0.2225209339563146,7244.397584158416,8582.075907590759,8532.834488448845,6712.263494091345,8424.367214947302,7947.837352283615,7639.454455445543,7332.56922389013,8742.965346534653,,7183.7803922677995,924.2774298903099,7163.23968599717,885.7486314489754,7163.565714546294,868.2514285011383,7122.158273455918,865.2562588193884,6979.889148362761,858.3429107948382,6820.723581825118,863.1643415958764,6779.152805892095,867.7183635172008,6638.761798387435,881.7783030813733,6334.3024403021145,1112.2737826663301,0.005737704918032938,49.241419141915685,0.2859026369168358,1919.0538326413298,,,1919.0538326413298,1298.7481028425445,,2025-06-28
2025,6,2,6,26,1,8292.817742574258,8631.317326732675,7244.397584158416,6893.798679867987,6543.762534653466,8582.075907590759,6500.9928448844885,8056.177551155114,723.1082410204687,7357.418365236525,900.9225964490605,7310.427982398241,888.6269663262439,-338.49958415841684,1791.8248976897694,-0.03921760391198059,0.2756232686980611,1.2246467991473532e-16,-1.0,1.2246467991473532e-16,-1.0,29,180,0,0,0,0,5,0.04302223300453059,-0.99907411510223,-0.7818314824680299,0.6234898018587334,8631.317326732675,8245.54598019802,8198.274217821781,7062.172564675823,8103.730693069307,7646.262024912167,7344.005940594059,5484.72256786969,9908.69405940594,,7190.533501178689,933.4551456577911,7169.992794908062,894.5634920318201,7204.587220476242,892.041486649962,7128.9113823668085,873.8956814334553,6991.434786178157,871.7136119881699,6832.018960420121,876.2041084530715,6810.353863388812,871.1302580439454,6629.784707738369,856.1553038520431,6340.8308246430215,1116.1546814373357,0.005733005733005836,47.27176237623826,0.1742587237324078,1230.6451778984347,,,1230.6451778984347,2808.0951747045683,,2025-06-29
2025,6,2,0,27,0,6224.678138613862,8292.817742574258,8631.317326732675,7244.397584158416,6893.798679867987,8245.54598019802,6506.33905610561,7716.27106930693,1302.7979871372986,7305.128667766777,964.8044802677344,7286.956239273928,915.1214220126928,-2068.139603960396,-281.6609174917485,-0.24938925081433228,-0.04329023050642211,1.2246467991473532e-16,-1.0,1.2246467991473532e-16,-1.0,30,181,0,1,0,1,5,0.02581844022713308,-0.9996666485105112,0.0,1.0,8292.817742574258,6189.224316831684,6153.770495049505,8424.367214947302,6082.862851485149,5746.95014372405,5515.601702970297,5773.908118811881,6014.487623762376,,7195.598332861859,927.1918162591605,7175.0576265912305,888.547771019364,7131.264251265126,878.6249688874569,7133.976214049976,867.999633775867,6999.965643229761,861.5921042407094,6840.460346558734,866.7333422333677,6815.362419164389,866.3872037234916,6630.952432820879,855.4544555177497,6340.444935320666,1114.31298299272,0.005728314238952592,35.45382178217824,-0.261110303030303,-2199.6890763334404,,,-2199.6890763334404,450.7700198019811,,2025-06-30
2025,7,3,1,27,0,6575.839801980198,6224.678138613862,8292.817742574258,8631.317326732675,7244.397584158416,6189.224316831684,6854.405544554455,7031.111894389437,1106.6864343446,7310.474878987899,959.8177738493176,7263.74242739274,930.4954349179324,351.16166336633614,-278.56574257425746,0.056414429075128725,-0.04064039408866993,-0.4999999999999998,-0.8660254037844388,-1.0,-1.8369701987210297e-16,1,182,1,0,1,0,1,0.008606996888688698,-0.9999629591162655,0.7818314824680298,0.6234898018587336,6224.678138613862,6538.416323432343,6500.9928448844885,8103.730693069307,6426.145887788778,6079.159533695304,5830.043336633663,5781.9274356435635,6311.978409453848,,7200.9445440829795,922.8687478084843,7180.403837812352,884.3955502852942,7080.33455489549,864.4803813390091,7139.322425271099,863.9299316316617,7008.834933734848,854.467895148984,6849.338875908097,860.0523583501257,6824.183667679241,859.7632542162293,6632.418329446025,855.130825494447,6341.224388521526,1112.5428872748855,0.005723630417007408,37.42347854785476,-0.1885416666666666,-1527.8908910891087,,,-1527.8908910891087,793.9123663366345,,2025-07-01
2025,7,3,2,27,0,6583.600431172149,6575.839801980198,6224.678138613862,8292.817742574258,8631.317326732675,6538.416323432343,7203.034792079208,6461.372790588735,205.02030520529598,7258.775170871926,994.4788629271189,7212.122897317152,951.1224042174935,7.760629191951011,-619.4343609070593,0.001180173092053538,-0.08599630277896453,-0.4999999999999998,-0.8660254037844388,-1.0,-1.8369701987210297e-16,2,183,0,0,0,0,1,-0.008606996888688009,-0.9999629591162655,0.9749279121818236,-0.22252093395631434,6575.839801980198,6543.762534653466,6506.33905610561,6082.862851485149,6431.492099009901,6092.09391568189,5838.062653465346,6094.680792079207,6607.563075694666,,7206.635672157077,918.2518891664163,7185.922507459963,880.0964089659572,7097.025807551723,849.2572944879943,7144.754865705465,859.782484707434,7017.611835797174,847.3750108386374,6858.2143256427025,853.3110228706437,6829.616108113608,856.6410348152123,6632.285203643121,855.1365817686711,6342.024309454365,1110.786677185383,0.006087919038582967,39.83789651868301,0.0823193933370936,500.7375796870001,,,500.7375796870001,488.9196390929419,,2025-07-02
2025,7,3,3,27,0,6938.274800383265,6583.600431172149,6575.839801980198,6224.678138613862,8292.817742574258,6543.762534653466,8582.075907590759,6699.238344511869,207.04800715778845,7207.754706909401,1003.1785773300822,7075.139471716527,848.7434631701333,354.67436921111585,-1643.8011072074942,0.05387240202667787,-0.1915388683236382,-0.4999999999999998,-0.8660254037844388,-1.0,-1.8369701987210297e-16,3,184,0,0,0,0,1,-0.02581844022713239,-0.9996666485105112,0.43388373911755823,-0.900968867902419,6583.600431172149,6893.798679867987,6854.405544554455,6426.145887788778,6775.619273927393,6426.345576493133,6153.7704950495045,6408.278287128712,7842.320025550942,,7212.9894036592605,915.8772821883999,7191.913168590591,877.9490705312694,7114.096771304872,840.4079488952434,7150.563991650318,857.7431177456534,7026.753429080926,843.6334967023187,6867.553662610961,849.7940010092274,6835.504958260879,855.5330413248716,6627.262730169969,850.6329863701011,6343.9856597534745,1109.4793354730518,0.006451612903225934,44.476120515278126,0.07969456678032394,512.1289125944868,,,512.1289125944868,529.9965132545531,,2025-07-03
2025,7,3,4,27,0,7293.766077930374,6938.274800383265,6583.600431172149,6575.839801980198,6224.678138613862,6893.798679867987,8245.54598019802,6938.547103161928,355.0829016870089,6984.829498775685,736.821528313078,6995.82447986089,770.2700772908626,355.49127754710935,-951.7799022676454,0.051236263736263776,-0.11542957913925644,-0.4999999999999998,-0.8660254037844388,-1.0,-1.8369701987210297e-16,4,185,0,0,0,0,1,-0.04302223300453034,-0.99907411510223,-0.433883739117558,-0.9009688679024191,6938.274800383265,7244.397584158416,7203.034792079208,6431.492099009901,7120.309207920793,6761.958751197701,6470.322475247524,7639.454455445543,7505.753791121048,,7220.042045626683,916.3494052639754,7198.393974722819,878.3722589393838,7142.839237268888,830.9493560450039,7156.758879864945,858.1428019973778,7036.249988486868,843.5917842506899,6877.356562642899,849.9059433148254,6831.663976288489,852.6542466409757,6626.085020652243,849.5559799230566,6347.099693911431,1108.9873242330764,0.006814713466294808,49.36849377195813,0.13407059600574134,862.2739789204734,,,862.2739789204734,-345.6883775151691,,2025-07-04
2025,7,3,5,27,1,8693.266208878953,7293.766077930374,6938.274800383265,6583.600431172149,6575.839801980198,7244.397584158416,6189.224316831684,7641.769029064196,927.8083053474961,7051.570909826467,882.6920271246364,7204.494637531495,865.2199770553436,1399.5001309485788,2504.0418920472694,0.19187620167628006,0.40458089154039745,-0.4999999999999998,-0.8660254037844388,-1.0,-1.8369701987210297e-16,5,186,0,0,0,0,1,-0.060213277365792774,-0.9981855344718586,-0.9749279121818236,-0.2225209339563146,7293.766077930374,8631.317326732675,8582.075907590759,6775.619273927393,8483.593069306931,8066.969817949537,7713.316584158415,7344.005940594059,5612.160268284893,,7228.891885933293,932.4091263657849,7206.336139100546,892.2390134255309,7206.760801767275,874.3514332826323,7164.247206278233,870.9688210958587,7047.433852610607,861.4670931202402,6889.022629603858,868.0506888187679,6846.6557570472105,873.3736429250148,6643.202275877764,859.9885492477076,6354.766904744658,1115.2619127755388,0.007177222178405218,61.948882146278265,0.2830216482692103,1917.64693495156,,,1917.64693495156,1349.2602682848938,,2025-07-05
2025,7,3,6,27,1,8355.338460555733,8693.266208878953,7293.766077930374,6938.274800383265,6583.600431172149,8631.317326732675,6538.416323432343,8114.1235824550195,730.2661276508147,7406.680963483445,911.6101517368396,7355.904815625112,896.4750351828953,-337.92774832321993,1816.9221371233898,-0.03887235708692249,0.27788413084249686,-0.4999999999999998,-0.8660254037844388,-1.0,-1.8369701987210297e-16,6,187,0,0,0,0,1,-0.07738647923346322,-0.9970011699250151,-0.7818314824680299,0.6234898018587334,8693.266208878953,8292.817742574258,8245.54598019802,7120.309207920793,8151.002455445544,7760.629191951452,7414.913584158415,5515.601702970297,5905.838815075055,,7237.823417073504,944.519800823951,7214.178459126097,902.4992714733711,7247.928443521771,898.8716289763443,7171.544920746453,880.3484542877875,7058.05366097854,873.9935152875344,6900.218163846685,880.8846055254025,6878.208387687048,876.0378931690537,6656.810607241547,867.6019940832363,6361.283424470427,1119.2770713106277,0.007539140485447016,62.52071798147517,0.17345163202478142,1235.0292526349403,,,1235.0292526349403,2839.736757585436,,2025-07-06
2025,7,3,0,28,0,6273.856020440755,8355.338460555733,8693.266208878953,7293.766077930374,6938.274800383265,8292.817742574258,6543.762534653466,7774.153563291812,1310.2359820220856,7356.350333226871,972.9297637165582,7333.412606107385,921.7338450648385,-2081.482440114978,-269.90651421271104,-0.24912006257332797,-0.041246379706381564,-0.4999999999999998,-0.8660254037844388,-1.0,-1.8369701987210297e-16,7,188,0,0,0,0,1,-0.09453674981719933,-0.9955213724144752,0.0,1.0,8355.338460555733,6224.678138613862,6189.224316831684,8483.593069306931,6118.316673267327,5832.725519003513,5568.782435643564,5830.043336633663,5887.730680293836,,7244.848828763061,935.8712711097162,7220.22358081246,895.3610290771575,7174.270541892899,884.5478365613984,7177.099897431218,873.9237493033445,7065.930991361348,864.6872110797026,6908.611896999032,871.352489515333,6883.139639729349,871.3077862202933,6658.955748020139,866.165983270335,6360.999569262538,1117.4637616885257,0.007900469828604484,49.1778818268931,-0.26047183437650445,-2209.7370488661763,,,-2209.7370488661763,443.81268380709207,,2025-07-07
2025,7,3,1,28,0,6630.164206323859,6273.856020440755,8355.338460555733,8693.266208878953,7293.766077930374,6224.678138613862,6893.798679867987,7086.452895773447,1113.2348418983534,7364.110962418824,965.6918909482333,7311.4430666453745,936.1930682873705,356.30818588310376,-263.634473544128,0.05679253472222201,-0.038242264647794566,-0.4999999999999998,-0.8660254037844388,-1.0,-1.8369701987210297e-16,8,189,0,0,0,0,2,-0.11165900712169444,-0.9937465804361781,0.7818314824680298,0.6234898018587336,6273.856020440755,6575.839801980198,6538.416323432343,8151.002455445544,6463.569366336634,6169.700207601405,5886.178554455444,5838.062653465346,6178.5500479080165,,7252.609457955013,929.6032067607467,7226.777001018997,890.3083090812039,7123.575933588843,870.1024425204026,7183.0497131450475,869.4416056448374,7074.1535627671055,858.1745466696086,6917.468869045084,864.589547287184,6891.940768094443,864.6075635505497,6661.4647155668945,865.4204087792722,6361.870652230375,1115.753297387022,0.008261211644374544,54.32440434366072,-0.18658297030761406,-1520.8382491216853,,,-1520.8382491216853,792.1015528585131,,2025-07-08
2025,7,3,2,28,0,6637.92483551581,6630.164206323859,6273.856020440755,8355.338460555733,8693.266208878953,6575.839801980198,7244.397584158416,6513.981687426806,207.9911267349318,7314.052634940915,999.3777042065516,7260.903670925157,956.2955523033733,7.760629191951011,-606.4727486426063,0.001170503316425986,-0.08371610497590609,-0.4999999999999998,-0.8660254037844388,-1.0,-1.8369701987210297e-16,9,190,0,0,0,0,2,-0.12874817745258066,-0.99167731989929,0.9749279121818236,-0.22252093395631434,6630.164206323859,6583.600431172149,6543.762534653466,6118.316673267327,6468.915577557756,6182.63458958799,5894.197871287128,6153.7704950495045,6467.463296071543,,7260.370087146965,923.2925906510956,7233.502879652021,885.091924612841,7140.896205663793,854.4322698238554,7189.08575807212,864.8748244481636,7082.283745730104,851.7071970223061,6926.322761476378,857.7655795931429,6897.320260766291,861.4636063035738,6662.4117241193635,865.3001893631222,6362.761149595812,1114.056742729677,0.008251473477406845,54.32440434366072,0.08492665384889264,519.6081622484826,,,519.6081622484826,484.15434046630526,,2025-07-09
2025,7,3,3,28,0,6995.4583839029065,6637.92483551581,6630.164206323859,6273.856020440755,8355.338460555733,6583.600431172149,8631.317326732675,6754.515808580857,208.6984673960517,7264.334685936336,1007.9720714390443,7124.5820923560095,854.3438607217803,357.53354838709674,-1635.8589428297682,0.053862247200229696,-0.18952598785393182,-0.4999999999999998,-0.8660254037844388,-1.0,-1.8369701987210297e-16,10,191,0,0,0,0,2,-0.14579919691987442,-0.9893142039703664,0.43388373911755823,-0.900968867902419,6637.92483551581,6938.274800383265,6893.798679867987,6463.569366336634,6815.012409240924,6521.65154902587,6212.860198019802,6470.322475247524,7675.534573618652,,7268.539170506913,920.215640217639,7240.764287083087,882.5037956452886,7158.625839582668,845.3632339666236,7195.530257167192,862.6536637959595,7090.744582067194,848.3835389263659,6935.639406546414,854.1654720102931,6903.155104195795,860.3166349447943,6658.633523065388,862.3314618759548,6364.795545847603,1112.8368982804034,0.008241758241758212,57.183583519641616,0.08229029309044633,531.8890175662727,,,531.8890175662727,525.1359086553821,,2025-07-10
2025,7,3,4,28,0,7353.808840625999,6995.4583839029065,6637.92483551581,6630.164206323859,6273.856020440755,6938.274800383265,8292.817742574258,6995.730686681571,357.94208023748354,7041.091791227511,741.2387565253284,7046.331350526988,777.1293317192828,358.350456723093,-939.0089019482584,0.05122615803814723,-0.11323158558369217,-0.4999999999999998,-0.8660254037844388,-1.0,-1.8369701987210297e-16,11,192,0,0,0,0,2,-0.16280701293851646,-0.9866579328916572,-0.433883739117558,-0.9009688679024191,6995.4583839029065,7293.766077930374,7244.397584158416,6468.915577557756,7161.6720000000005,6862.030022357074,6532.366663366337,7713.316584158415,7345.639757266049,,7277.11670803486,920.769646160276,7248.57937683077,883.022743531376,7188.122281684943,835.852360300669,7202.392287189548,863.1384069620487,7099.5263466791375,848.5182632646573,6945.41848008522,854.1951194484739,6899.160573712103,857.342185839509,6658.678906861831,862.3680346322467,6367.965460253944,1112.456307872547,0.008232065856526916,60.04276269562524,0.13679159241746075,884.8932630682439,,,884.8932630682439,-359.5077435324156,,2025-07-11
2025,7,3,5,28,1,8764.745688278506,7353.808840625999,6995.4583839029065,6637.92483551581,6630.164206323859,7293.766077930374,6224.678138613862,7704.670970935801,935.372956216026,7109.3263291813055,890.2782943368012,7258.003646332375,872.9991089346471,1410.936847652507,2540.0675496646445,0.19186477079167585,0.40806407867223116,-0.4999999999999998,-0.8660254037844388,-1.0,-1.8369701987210297e-16,12,193,0,0,0,0,2,-0.17976658572556214,-0.9837092937736098,-0.9749279121818236,-0.2225209339563146,7353.808840625999,8693.266208878953,8631.317326732675,6815.012409240924,8532.834488448845,8186.102283615459,7787.178712871287,7414.913584158415,5492.074742893645,,7287.328062234796,939.3021451746612,7258.1099740840455,899.658206321108,7253.1133909861965,880.4513133271009,7210.674830040608,877.373277607716,7109.859264619549,865.3470925718694,6957.056182173401,872.2696239590464,6914.158708202325,878.0233942178835,6676.860412113969,872.0794009172453,6375.622905071913,1118.9038001041724,0.008222396241190255,71.47947939955338,0.2860938707013667,1949.7332790375822,,,1949.7332790375822,1349.8321041200916,,2025-07-12
2025,7,3,6,28,1,8423.958760779304,8764.745688278506,7353.808840625999,6995.4583839029065,6637.92483551581,8693.266208878953,6575.839801980198,8180.837763227934,736.2177406200341,7467.676785904398,918.9923504857408,7412.013559565635,904.1760218856101,-340.78692749920265,1848.1189587991057,-0.03888155339805832,0.2810468342374426,-0.4999999999999998,-0.8660254037844388,-1.0,-1.8369701987210297e-16,13,194,0,0,0,0,2,-0.19667288979357622,-0.9804691603616321,-0.7818314824680299,0.6234898018587334,8764.745688278506,8355.338460555733,8292.817742574258,7161.6720000000005,8198.274217821781,7874.9963589907375,7485.821227722771,5568.782435643564,5779.081871606516,,7297.130962266734,952.5703452227906,7267.4771896701195,911.8602434958054,7295.189616345506,905.7297691842284,7218.734992289092,887.7572811185427,7119.662164651489,877.2005966639849,6968.22448613836,885.0337951329245,6945.882889592723,880.4443014177723,6691.5541726093725,879.1216011305672,6382.146267669707,1123.079660947726,0.008212749315604118,68.62030022357067,0.17625587443536972,1262.2867607793032,,,1262.2867607793032,2855.1763251357397,,2025-07-13
2025,7,3,0,29,0,6325.321245608432,8423.958760779304,8764.745688278506,7353.808840625999,6995.4583839029065,8355.338460555733,6583.600431172149,7838.008564888744,1321.0606068315622,7416.86962578516,980.8970746851562,7390.490294101991,928.437099574339,-2098.6375151708717,-258.27918556371696,-0.24912723041117146,-0.0392306896908281,-0.4999999999999998,-0.8660254037844388,-1.0,-1.8369701987210297e-16,14,195,0,0,0,0,2,-0.2135209154397959,-0.9769384927771817,0.0,1.0,8423.958760779304,6273.856020440755,6224.678138613862,8532.834488448845,6153.770495049505,5918.500894282977,5621.963168316832,5886.178554455444,5760.973736825295,,7304.483137290687,943.5116774640937,7274.6659830268745,903.363918798678,7221.605841584158,891.2697006320495,7224.861804809052,880.699183896344,7126.9268137823,868.7156922140558,6976.597796582308,875.4183546736489,6950.762252827756,875.7096235316382,6694.689436547057,876.7875103756336,6381.965870774275,1121.294462517676,0.008203124999999867,51.46522516767709,-0.2587080818019839,-2207.513242840413,,,-2207.513242840413,439.14269115298794,,2025-07-14
2025,7,3,1,29,0,6684.4886106675185,6325.321245608432,8423.958760779304,8764.745688278506,7353.808840625999,6273.856020440755,6938.274800383265,7144.589539018416,1122.425722808706,7424.630254977111,973.6591761446855,7369.341444959012,942.4591703207427,359.1673650590865,-253.78618971574633,0.05678247018812699,-0.036577708006279464,-0.4999999999999998,-0.8660254037844388,-1.0,-1.8369701987210297e-16,15,196,0,0,0,0,3,-0.23030567023061196,-0.973118337233262,0.7818314824680298,0.6234898018587336,6325.321245608432,6630.164206323859,6575.839801980198,8198.274217821781,6500.9928448844885,6260.240881507505,5942.313772277227,5894.197871287128,6045.121686362185,,7312.24376648264,937.2434150111791,7282.426612218826,897.345269441063,7171.146321345684,876.8029229634756,7231.415225015589,875.7822495065153,7134.50266608873,862.8501975185284,6985.433211325049,868.5723118387688,6959.5432610430935,868.9321064043136,6698.241475015421,875.4353403968962,6382.923221216975,1119.6425587406377,0.008193523214982346,54.32440434365981,-0.18464686188021462,-1513.7856071542628,,,-1513.7856071542628,790.2907393803907,,2025-07-15
2025,7,3,2,29,0,6692.24923985947,6684.4886106675185,6325.321245608432,8423.958760779304,8764.745688278506,6630.164206323859,7293.766077930374,6567.353032045139,209.6415895657453,7374.095397636538,1007.6638111988108,7319.215041786437,962.6248446779211,7.760629191951921,-601.5168380709038,0.0011609907120744278,-0.08246999309327807,-0.4999999999999998,-0.8660254037844388,-1.0,-1.8369701987210297e-16,16,197,0,0,0,0,3,-0.24702218048093527,-0.9690098257244063,0.9749279121818236,-0.22252093395631434,6684.4886106675185,6637.92483551581,6583.600431172149,6153.770495049505,6506.33905610561,6273.175263494091,5950.33308910891,6212.860198019802,6327.363516448419,,7320.004395674591,930.932947345042,7290.187241410778,891.28597845428,7189.095612839349,860.6200879272235,7238.054874435371,870.7719636271067,7141.986129952396,857.0418739984194,6994.265546453033,861.6645014237345,6964.869805952423,865.7670788756592,6700.268617923259,874.9940943930268,6383.899013073891,1118.004566295125,0.008183943881527656,54.32440434366072,0.08750387185273678,538.4787448099651,,,538.4787448099651,479.3890418396686,,2025-07-16
2025,7,3,3,29,0,7052.641967422549,6692.24923985947,6684.4886106675185,6325.321245608432,8423.958760779304,6637.92483551581,8693.266208878953,6809.793272649844,210.34893214834673,7323.900918769296,1016.3400642646181,7182.496354998403,860.8586152465407,360.39272756307855,-1640.624241456404,0.053852257237605006,-0.18872357086922475,-0.4999999999999998,-0.8660254037844388,-1.0,-1.8369701987210297e-16,17,198,0,0,0,0,3,-0.2636654927280072,-0.9646141756912435,0.43388373911755823,-0.900968867902419,6692.24923985947,6995.4583839029065,6938.274800383265,6500.9928448844885,6854.405544554455,6616.957521558607,6271.949900990098,6532.366663366337,7508.749121686362,,7328.173479034539,927.8561608656888,7298.356324770727,888.3316322956914,7207.483916923951,851.2532631531797,7245.134746680659,868.3396372233067,7149.766209342824,854.1617926198759,7003.559499624847,857.9821267796332,6970.650642664159,864.5829147101864,6697.734689288461,873.2984911593427,6386.001978339139,1116.8695283398736,0.008174386920980936,57.183583519642525,0.08485613439370931,551.6491225380605,,,551.6491225380605,520.275304056212,,2025-07-17
2025,7,3,4,29,0,7413.851603321623,7052.641967422549,6692.24923985947,6684.4886106675185,6325.321245608432,6995.4583839029065,8355.338460555733,7052.914270201211,360.80125879786914,7098.751904609816,747.3473938556992,7104.039116895561,783.6948210366279,361.2096358990739,-941.4868572341102,0.05121621621621619,-0.1126808760265936,-0.4999999999999998,-0.8660254037844388,-1.0,-1.8369701987210297e-16,18,199,0,0,0,0,3,-0.2802306751992161,-0.9599326896597445,-0.433883739117558,-0.9009688679024191,7052.641967422549,7353.808840625999,7293.766077930374,6506.33905610561,7203.034792079208,6962.101293516448,6594.410851485148,7787.178712871287,7185.52572341105,,7336.751016562485,928.4100101522688,7306.933862298673,888.8635011191601,7237.734335164484,841.5474722787636,7252.663918510744,868.8748852100001,7157.833179160773,854.490373976361,7013.3147466705195,857.9325775078723,6966.502563669163,861.5114903478999,6699.003166399073,874.1763539264889,6389.224077477014,1116.5960518202562,0.008164852255054367,60.04276269562342,0.13948128730924259,907.5125472160125,,,907.5125472160125,-373.3271095496639,,2025-07-18
2025,7,3,5,29,1,8836.22516767806,7413.851603321623,7052.641967422549,6692.24923985947,6684.4886106675185,7353.808840625999,6273.856020440755,7767.572912807409,942.9376075046883,7167.462972426275,897.4356242884551,7317.569879165337,880.0864214473464,1422.3735643564369,2562.369147237305,0.19185352505830733,0.40842013888888884,-0.4999999999999998,-0.8660254037844388,-1.0,-1.8369701987210297e-16,19,200,0,0,0,0,3,-0.2967128192734901,-0.9549667548552553,-0.9749279121818236,-0.2225209339563146,7413.851603321623,8764.745688278506,8693.266208878953,6854.405544554455,8582.075907590759,8305.234749281379,7861.040841584158,7485.821227722771,5371.989217502395,,7346.962370762422,946.9420016415883,7317.145216498609,906.6579765631834,7303.794989268604,886.9780927622387,7261.7406777995775,884.4646723157016,7167.315150917857,870.2548573927025,7024.924083885924,875.9507822582489,6981.507051890888,882.169764377759,6718.248921677829,882.8884456149019,6396.870955883894,1123.205342022191,0.00815533980582539,71.47947939955338,0.289130780232004,1981.8196231236043,,,1981.8196231236043,1350.4039399552885,,2025-07-19
2025,7,3,6,29,1,8492.579061002874,8836.22516767806,7413.851603321623,7052.641967422549,6692.24923985947,8764.745688278506,6630.164206323859,8247.55194400085,742.1693574883983,7528.672608325349,926.3745519463249,7472.771117055255,911.4994703440865,-343.64610667518537,1862.4148546790157,-0.03889060092449936,0.2809002607963529,-0.4999999999999998,-0.8660254037844388,-1.0,-1.8369701987210297e-16,20,201,0,0,0,0,3,-0.3131070409358267,-0.9497178427914317,-0.7818314824680299,0.6234898018587334,8836.22516767806,8423.958760779304,8355.338460555733,7203.034792079208,8245.54598019802,7989.363526030022,7556.728871287129,5621.963168316832,5652.324928137976,,7356.765270794361,960.2116629284319,7326.948116530548,919.3989290236192,7346.779798232727,912.7978609177587,7270.563287828322,895.8011147387729,7176.301142613801,881.4237700715025,7036.065157573016,888.6555404733003,7013.402784031844,884.3540748458892,6734.028111304856,889.0906342227739,6403.399641569623,1127.5327003477364,0.00814584949573316,68.62030022357067,0.17902791061646806,1289.544268923666,,,1289.544268923666,2870.6158926860426,,2025-07-20
2025,7,3,0,30,0,6376.78647077611,8492.579061002874,8836.22516767806,7413.851603321623,7052.641967422549,8423.958760779304,6637.92483551581,7901.86356648568,1331.8852325000446,7477.388918343448,988.8643995307309,7451.00958666028,936.0300786460222,-2115.7925902267643,-261.1383647396997,-0.24913428241631397,-0.039340361816466274,-0.4999999999999998,-0.8660254037844388,-1.0,-1.8369701987210297e-16,21,202,0,0,0,0,3,-0.3294084822245302,-0.9441875088341994,0.0,1.0,8492.579061002874,6325.321245608432,6273.856020440755,8582.075907590759,6189.224316831684,6004.27626956244,5675.143900990099,5942.313772277227,5634.216793356755,,7364.117445818315,951.1521010326624,7334.300291554501,910.7002591622704,7273.270150338905,898.5739399180594,7277.26193618348,888.0835967304369,7182.953110492616,873.7904462338785,7044.418045308563,878.9540645959098,7018.230258459609,879.6147062320398,6738.15349840163,885.6751966741854,6403.316991970884,1125.776025840123,0.008136381247578539,51.465225167678,-0.2569645690111052,-2205.289436814649,,,-2205.289436814649,434.4726984988829,,2025-07-21
2025,7,3,1,30,0,6738.813015011178,6376.78647077611,8492.579061002874,8836.22516767806,7413.851603321623,6325.321245608432,6995.4583839029065,7202.726182263385,1131.6166052498022,7485.149547535399,981.6264757387902,7429.622472585969,950.2097157988948,362.0265442350683,-256.64536889172814,0.056772568110000865,-0.03668742701440253,-0.4999999999999998,-0.8660254037844388,-1.0,-1.8369701987210297e-16,22,203,0,0,0,0,4,-0.3456123126707333,-0.9383773917408642,0.7818314824680298,0.6234898018587336,6376.78647077611,6684.4886106675185,6630.164206323859,8245.54598019802,6538.416323432343,6350.781555413606,5998.448990099009,5950.33308910891,5911.693324816353,,7371.878075010266,944.8836437937313,7342.060920746452,904.6813630896038,7223.045718166011,884.3518564084259,7284.418960882725,882.6999191509138,7189.882243699715,868.5944562838556,7053.231902747994,872.0238077308488,7026.991146525191,872.7589126391645,6742.748607791601,883.506353983326,6404.355679348718,1124.1815685232623,0.008126934984520107,54.32440434365981,-0.18273295289424318,-1506.7329651868413,,,-1506.7329651868413,788.4799259022684,,2025-07-22
2025,7,3,2,30,0,6746.57364420313,6738.813015011178,6376.78647077611,8492.579061002874,8836.22516767806,6684.4886106675185,7353.808840625999,6620.724376663471,211.29205684994108,7434.138160332163,1015.9499276773837,7379.019539550729,970.5651426391538,7.760629191951921,-607.2351964228692,0.0011516314779271841,-0.08257424276086811,-0.4999999999999998,-0.8660254037844388,-1.0,-1.8369701987210297e-16,23,204,0,0,0,0,4,-0.3617137307297674,-0.9322892131745134,0.9749279121818236,-0.22252093395631434,6738.813015011178,6692.24923985947,6637.92483551581,6189.224316831684,6543.762534653466,6363.715937400191,6006.468306930692,6271.949900990098,6187.263736825296,,7379.638704202218,938.5733222923981,7349.821549938404,898.6221538583947,7241.624029078393,867.5799140450238,7291.662214795213,877.2122004957173,7196.718988464054,863.4650318769889,7062.042680572666,865.0309739005779,7032.264743672002,869.573486839982,6745.85588505481,882.5248053416308,6405.411907635305,1122.6010042410924,0.008117510630073488,54.32440434365981,0.09005156362740441,557.3493273714466,,,557.3493273714466,474.62374321303196,,2025-07-23
2025,7,3,3,30,0,7109.8255509421915,6746.57364420313,6738.813015011178,6376.78647077611,8492.579061002874,6692.24923985947,8764.745688278506,6865.070736718831,211.99940130924708,7383.467151602257,1024.7080652749994,7241.109528106037,867.910869236255,363.25190673906127,-1654.9201373363148,0.053842428156280375,-0.1888155339805826,-0.4999999999999998,-0.8660254037844388,-1.0,-1.8369701987210297e-16,24,205,0,0,0,0,4,-0.37770796520396466,-0.9259247771938499,0.43388373911755823,-0.900968867902419,6746.57364420313,7052.641967422549,6995.4583839029065,6538.416323432343,6893.798679867987,6712.263494091345,6331.039603960396,6594.410851485148,7341.963669754073,,7387.807787562167,935.4966971490701,7357.990633298353,895.6679343216696,7260.671003328721,857.8268142690981,7299.37746019072,874.5292085085636,7203.818310907819,861.0404202560738,7071.313941846258,861.2670688235058,7037.991573665968,868.3538236931255,6744.5662288391895,881.8181629660385,6407.579334230097,1121.5481137772078,0.008108108108108247,57.183583519642525,0.08739260384231495,571.4092275098483,,,571.4092275098483,515.4146994570438,,2025-07-24
2025,7,3,4,30,0,7473.894366017247,7109.8255509421915,6746.57364420313,6738.813015011178,6376.78647077611,7052.641967422549,8423.958760779304,7110.097853720855,363.6604373679355,7156.412017992123,753.4560532426874,7161.937495209198,790.040274596645,364.0688150750557,-950.0643947620565,0.051206434316353855,-0.11278122575640026,-0.4999999999999998,-0.8660254037844388,-1.0,-1.8369701987210297e-16,25,206,0,0,0,0,4,-0.39359027665646645,-0.9192859697186105,-0.433883739117558,-0.9009688679024191,7109.8255509421915,7413.851603321623,7353.808840625999,6543.762534653466,7244.397584158416,7062.172564675823,6661.887480038326,7861.040841584158,7025.411689556053,,7396.385325090114,936.0503923277316,7366.5681708263,896.1996592966332,7291.675397707513,847.7720645784185,7307.573773828536,875.0701225337305,7211.170485931773,861.5665837160163,7080.980690488865,861.1732785527306,7033.68994615967,865.1839455317943,6747.057799263974,883.2485548196488,6410.850239235579,1121.3775532502832,0.008098727342846113,60.04276269562433,0.14214021771696794,930.1318313637812,,,930.1318313637812,-387.14647556691125,,2025-07-25
2025,7,3,5,30,1,8907.704647077611,7473.894366017247,7109.8255509421915,6746.57364420313,6738.813015011178,7413.851603321623,6325.321245608432,7830.474854679014,950.5022592034512,7225.599615671245,904.592956491001,7377.136111998297,887.1737994001729,1433.810281060364,2582.3834014691793,0.19184246001384486,0.4082612251926472,-0.4999999999999998,-0.8660254037844388,-1.0,-1.8369701987210297e-16,26,207,0,0,0,0,4,-0.4093559588156211,-0.9123747579707274,-0.9749279121818236,-0.2225209339563146,7473.894366017247,8836.22516767806,8764.745688278506,6893.798679867987,8631.317326732675,8424.367214947302,7947.837352283615,7556.728871287129,5251.903692111147,,7406.59667929005,954.5818840630606,7376.779525026235,913.9938244515896,7358.8055966145,893.6723436235237,7317.44474955514,891.9512947096022,7219.801511505529,876.2372443225446,7092.407682093554,878.9980813917309,7048.7007881128975,885.8337797964645,6767.367804569343,890.6766412117036,6418.485879626533,1128.1380125330936,0.008089368258859642,71.47947939955156,0.29213298222514816,2013.9059672096246,,,2013.9059672096246,1350.9757757904827,,2025-07-26
2025,7,3,6,30,1,8561.199361226445,8907.704647077611,7473.894366017247,7109.8255509421915,6746.57364420313,8836.22516767806,6684.4886106675185,8314.266124773765,748.1209781628464,7589.6684307463,933.7567560542772,7533.528674544875,918.8229855931701,-346.50528585116626,1876.7107505589265,-0.03889950324799396,0.2807560697409157,-0.4999999999999998,-0.8660254037844388,-1.0,-1.8369701987210297e-16,27,208,0,0,0,0,4,-0.42500033996955394,-0.9051931898913975,-0.7818314824680299,0.6234898018587334,8907.704647077611,8492.579061002874,8423.958760779304,7244.397584158416,8292.817742574258,8103.730693069307,7646.262024912167,5675.143900990099,5525.567984669436,,7416.399579321987,967.8529831616215,7386.5824250581745,926.7362866727931,7402.6989891834355,919.8148267449706,7327.029807364147,904.1792397043806,7227.970594865478,886.6979013284915,7103.299793240153,891.5233464496043,7080.768071004412,887.7877926024493,6784.232423327992,895.7570484161995,6425.018542680191,1132.6080371121443,0.008080030781069558,68.62030022357067,0.18176829222453583,1316.801777068029,,,1316.801777068029,2886.0554602363463,,2025-07-27
2025,7,3,0,31,0,6428.251695943789,8561.199361226445,8907.704647077611,7473.894366017247,7109.8255509421915,8492.579061002874,6692.24923985947,7965.718568082612,1342.7098590067574,7537.908210901736,996.8317379205412,7511.528879218567,943.6231281447241,-2132.947665282656,-263.9975439156815,-0.2491412213740457,-0.039448253412812995,-0.4999999999999998,-0.8660254037844388,-1.0,-1.8369701987210297e-16,28,209,0,0,0,0,4,-0.4405187843504952,-0.8977433935342336,0.0,1.0,8561.199361226445,6376.78647077611,6325.321245608432,8631.317326732675,6224.678138613862,6082.862851485149,5746.95014372405,5998.448990099009,5507.459849888215,,7423.751754345942,958.7925414038928,7393.934600082129,918.0366851284278,7329.263468157138,906.1852856320315,7334.300291554501,895.7662857902052,7234.138252802239,879.7620813215194,7111.410526004675,882.0842754048475,7085.543656624911,883.0436901464784,6789.3479335838565,891.041720476675,6425.028369893758,1130.8801965503922,0.008070714834742532,51.46522516767891,-0.2552409496017036,-2203.0656307888858,,,-2203.0656307888858,429.80270584477967,,2025-07-28
2025,7,3,1,31,0,6793.137419354839,6428.251695943789,8561.199361226445,8907.704647077611,7473.894366017247,6376.78647077611,7052.641967422549,7260.862825508356,1140.8074891846452,7545.668840093687,989.5937893827975,7489.903500212925,957.9603282375899,364.8857234110501,-259.50454806770995,0.05676282458592774,-0.03679536679536677,-0.4999999999999998,-0.8660254037844388,-1.0,-1.8369701987210297e-16,29,210,0,0,0,0,5,-0.455906693508459,-0.8900275764346766,0.7818314824680298,0.6234898018587336,6428.251695943789,6738.813015011178,6684.4886106675185,8292.817742574258,6575.839801980198,6426.145887788778,6079.159533695304,6006.468306930692,5778.264963270522,,7431.512383537894,952.5238926143361,7401.69522927408,912.0175468747937,7279.274124049824,892.4589751937533,7342.060920746452,889.8737742417014,7240.691673008776,874.9877672773707,7119.9102627387165,875.4325509533406,7094.284424540733,876.1086705343522,6794.9861138954375,887.8132409025558,6426.1438518618215,1129.3420359890063,0.008061420345489623,54.32440434366072,-0.18084086371755803,-1499.6803232194188,,,-1499.6803232194188,786.669112424147,,2025-07-29
2025,7,3,2,31,0,6800.89804854679,6793.137419354839,6428.251695943789,8561.199361226445,8907.704647077611,6738.813015011178,7413.851603321623,6674.095721281804,212.94252848397196,7494.180923027787,1024.236053412036,7438.824037315022,978.5055013685375,7.760629191951011,-612.9535547748328,0.0011424219345010922,-0.08267680384919107,-0.4999999999999998,-0.8660254037844388,-1.0,-1.8369701987210297e-16,30,211,0,0,0,0,5,-0.47115950767386394,-0.8820480249558535,0.9749279121818236,-0.22252093395631434,6793.137419354839,6746.57364420313,6692.24923985947,6224.678138613862,6583.600431172149,6431.492099009901,6092.09391568189,6331.039603960396,6047.163957202173,,7439.273012729844,946.2137150509917,7409.455858466032,905.9584186779441,7298.4814543809225,875.0095759214977,7349.821549938404,883.9419830554276,7247.288207821934,870.1554228049591,7128.348407177585,868.7971182553766,7099.505073925027,872.9035223044415,6799.173525514019,886.0421429541768,6427.276039767214,1127.8177322715198,0.00805214723926384,54.32440434365981,0.09257023368942296,576.2199099329282,,,576.2199099329282,469.8584445863944,,2025-07-30
2025,7,3,3,31,0,7167.009134461834,6800.89804854679,6793.137419354839,6428.251695943789,8561.199361226445,6746.57364420313,8836.22516767806,6920.348200787819,213.6498747765845,7443.033384435218,1033.076074271295,7299.722701213669,874.9631898805003,366.111085915044,-1669.2160332162257,0.05383275610097904,-0.18890600924499235,-0.4999999999999998,-0.8660254037844388,-1.0,-1.8369701987210297e-16,31,212,0,1,0,0,5,-0.4862727071086902,-0.8738071036110807,0.43388373911755823,-0.900968867902419,6800.89804854679,7109.8255509421915,7052.641967422549,6575.839801980198,6938.274800383265,6775.619273927393,6426.345576493133,6661.887480038326,7175.178217821784,,7447.442096089794,943.1372486877874,7417.62494182598,903.0043239981796,7318.187098796977,864.7709607301084,7357.990633298354,881.0499564672524,7254.277312474335,867.8669040474668,7137.165830486735,865.3382641515451,7105.1175367519545,871.6812016241932,6799.128141717574,886.0229851019543,6429.504151498223,1126.8443667928698,0.008042895442359255,57.183583519642525,0.08990020290695289,591.169332481636,,,591.169332481636,505.1216544235076,,2025-07-31
2025,8,3,4,31,0,7533.937128712872,7167.009134461834,6800.89804854679,6793.137419354839,6428.251695943789,7109.8255509421915,8492.579061002874,7167.281437240497,366.51961594745745,7214.072131374428,759.5647341541339,7219.835873522836,796.3857939124757,366.9279942510384,-958.6419322900019,0.051196808510638236,-0.11287995382839544,-0.8660254037844384,-0.5000000000000004,-1.0,-1.8369701987210297e-16,1,213,1,0,0,0,1,-0.5012418134457756,-0.8653072543632061,-0.433883739117558,-0.9009688679024191,7167.009134461834,7473.894366017247,7413.851603321623,6583.600431172149,7293.766077930374,7120.309207920793,6761.958751197701,7947.837352283615,6924.3484582743995,,7456.01963361774,943.6907922450081,7426.202479353927,903.5359074090168,7349.864988715,854.2764928935982,7366.5681708263,881.5704840603082,7261.663525345623,868.4659410149061,7146.3560492666775,865.4047615371264,7100.518645378946,868.2703231355689,6802.514745442233,887.6677569911864,6432.820767045414,1126.7726360460263,0.008033664881407887,60.04276269562524,0.14434908489297937,950.3366975407234,,,950.3366975407234,-413.9002235707421,,2025-08-01
2025,8,3,5,31,1,8962.165202810604,7533.937128712872,7167.009134461834,6800.89804854679,6793.137419354839,7473.894366017247,6376.78647077611,7887.703821995102,948.4247373351366,7280.899771638455,905.4253076679536,7435.284101192377,891.6021121735145,1428.2280740977312,2585.3787320344936,0.18957260323484215,0.4054359894098556,-0.8660254037844384,-0.5000000000000004,-1.0,-1.8369701987210297e-16,2,214,0,0,0,0,1,-0.5160623910158526,-0.8565509959010037,-0.9749279121818236,-0.2225209339563146,7533.937128712872,8907.704647077611,8836.22516767806,6938.274800383265,8693.266208878953,8483.593069306931,8066.969817949537,7646.262024912167,5220.394370579916,,7463.799713008167,957.7730470607435,7435.198196149109,919.1462323213559,7417.328002129246,899.3758221559277,7376.171706323859,897.8722960248587,7270.209456301046,882.9426449910185,7157.0131371816915,882.2267917464997,7115.13979180004,888.4095153815949,6823.302361176848,894.1991114076062,6440.393654577644,1133.5600345381033,0.006113870844478342,54.46055573299236,0.29169937205651486,2023.8904024273388,,,2023.8904024273388,1315.9031778984363,,2025-08-02
2025,8,3,6,31,1,8597.143328010221,8962.165202810604,7533.937128712872,7167.009134461834,6800.89804854679,8907.704647077611,6738.813015011178,8364.415219844564,742.0112109382106,7642.381710316193,929.5642146286721,7590.144960608964,920.5512108839697,-365.02187480038265,1858.3303129990427,-0.040729206228636516,0.2757652288109911,-0.8660254037844384,-0.5000000000000004,-1.0,-1.8369701987210297e-16,3,215,0,0,0,0,1,-0.5307300481619331,-0.8475409228928312,-0.7818314824680299,0.6234898018587334,8962.165202810604,8561.199361226445,8492.579061002874,7293.766077930374,8355.338460555733,8151.002455445544,7760.629191951452,5746.95014372405,5539.056697312589,,7468.93456540585,964.7082851695316,7442.667072363919,928.7737395912933,7460.773910465241,924.3357253281316,7384.807594447234,908.7360328082303,7278.176257596844,892.9901472099326,7166.9716388014385,893.7682073287909,7146.808604958776,889.8888322040192,6840.291731347389,898.7025004283215,6446.831713304308,1137.9791088873214,0.004198473282442938,35.94396678377598,0.17869742957943657,1303.3772500798468,,,1303.3772500798468,2850.1931842861713,,2025-08-03
2025,8,3,0,32,0,6442.956045991697,8597.143328010221,8962.165202810604,7533.937128712872,7167.009134461834,8561.199361226445,6746.57364420313,8000.754858937505,1361.3827891090054,7584.018148089002,1001.7401231582797,7564.843494091346,949.5600761272244,-2154.1872820185245,-303.6175982114337,-0.25057012542759405,-0.04500322893122366,-0.8660254037844384,-0.5000000000000004,-1.0,-1.8369701987210297e-16,4,216,0,0,0,0,1,-0.5452404385406507,-0.8382797052177745,0.0,1.0,8597.143328010221,6428.251695943789,6376.78647077611,8693.266208878953,6273.856020440755,6118.316673267327,5832.725519003513,6079.159533695304,5567.6971145686,,7471.0351868412645,962.07697648395,7447.393470593604,923.0833159851989,7385.763571702333,912.0953306265358,7390.846881074053,901.6133992022267,7283.973389252636,886.3527282182796,7174.236287932248,885.2318888876678,7150.8507884287355,885.8015683821324,6845.154280966408,894.1347353997,6446.820178580164,1136.2793828619795,0.002287457110179192,14.70435004790761,-0.2588566953797964,-2250.3101628872564,,,-2250.3101628872564,363.7965122963924,,2025-08-04
2025,8,3,1,32,0,6795.724295752157,6442.956045991697,8597.143328010221,8962.165202810604,7533.937128712872,6428.251695943789,7109.8255509421915,7278.607889918024,1155.4276851618547,7583.155855956564,1002.5509481083301,7538.668389492174,967.4046393868423,352.7682497604601,-314.10125519003486,0.05475254638434568,-0.04417847567981614,-0.8660254037844384,-0.5000000000000004,-1.0,-1.8369701987210297e-16,5,217,0,0,0,0,1,-0.5595892624101763,-0.828770087174504,0.7818314824680298,0.6234898018587336,6442.956045991697,6793.137419354839,6738.813015011178,8355.338460555733,6630.164206323859,6463.569366336634,6169.700207601405,6092.09391568189,5890.8816124469595,,7471.404740612311,961.7736317652533,7451.458562075102,919.8424450831695,7333.776432875547,899.2834288426342,7396.759741410778,896.970937841599,7289.904727277913,881.8628838835069,7181.688955648331,879.2881793981127,7158.668903762849,879.4341956432918,6850.181184762547,891.2787499937318,6447.855502369992,1134.7464092706816,0.00038080731150036407,2.58687639731761,-0.18666080041715538,-1559.6141648035764,,,-1559.6141648035764,703.6303800702663,,2025-08-05
2025,8,3,2,32,0,6790.550542957522,6795.724295752157,6442.956045991697,8597.143328010221,8962.165202810604,6793.137419354839,7473.894366017247,6676.410294900456,202.193859154129,7520.412757372512,1044.6977484065415,7481.723070903866,991.3792277729267,-5.173752794634311,-683.3438230597249,-0.0007613247049866878,-0.09143075745983165,-0.8660254037844384,-0.5000000000000004,-1.0,-1.8369701987210297e-16,6,218,0,0,0,0,1,-0.5737722679043243,-0.8190148866680802,0.9749279121818236,-0.22252093395631434,6795.724295752157,6800.89804854679,6746.57364420313,6273.856020440755,6637.92483551581,6468.915577557756,6182.63458958799,6426.345576493133,6217.08089108911,,7469.92652552813,962.9831281902264,7454.599769128988,917.3217760600509,7350.999583626106,883.0857703386968,7402.210659533695,892.6419907307582,7295.648208802909,877.4550197369036,7188.926050331301,873.4486377258838,7162.7156256124545,876.8607228858137,6853.367127272926,890.0271190844436,6448.869393022618,1133.214873936336,-0.001521491061239888,-10.347505589267712,0.08235677083333326,516.6945225167674,,,516.6945225167674,364.20496646438914,,2025-08-06
2025,8,3,3,32,0,7142.501884381987,6790.550542957522,6795.724295752157,6442.956045991697,8597.143328010221,6800.89804854679,8907.704647077611,6909.592241030553,201.72225559923726,7455.1735499840315,1055.846932263265,7334.62284067923,885.9071535011075,351.9513414244648,-1765.2027626956242,0.051829573934837114,-0.1981658387466565,-0.8660254037844384,-0.5000000000000004,-1.0,-1.8369701987210297e-16,7,219,0,0,0,0,1,-0.5877852522924734,-0.8090169943749472,0.43388373911755823,-0.900968867902419,6790.550542957522,7167.009134461834,7109.8255509421915,6630.164206323859,6995.4583839029065,6815.012409240924,6521.65154902587,6761.958751197701,7438.971534653466,,7466.425489802437,964.3116007577119,7456.933792946116,916.4181818210376,7368.077506228043,873.5676323751788,7407.462213122235,890.590556565182,7301.496235144713,875.2820843919944,7196.317125752206,870.3554915539912,7166.9438826478345,875.8234277819836,6851.720073660306,889.2113098832484,6450.915506566452,1132.1642390633397,-0.003419452887537977,-24.507250079846926,0.07727375403002235,512.3376780581284,,,512.3376780581284,380.5431331842865,,2025-08-07
2025,8,3,4,32,0,7493.908620249123,7142.501884381987,6790.550542957522,6795.724295752157,6442.956045991697,7167.009134461834,8561.199361226445,7142.320349196209,351.6790737861498,7210.464119557118,767.4951535728472,7245.681945597787,801.0846360840814,351.40673586713547,-1067.2907409773225,0.04919939001143736,-0.12466603053435099,-0.8660254037844384,-0.5000000000000004,-1.0,-1.8369701987210297e-16,8,220,0,0,0,0,2,-0.6016240632249227,-0.7987793728863648,-0.433883739117558,-0.9009688679024191,7142.501884381987,7533.937128712872,7473.894366017247,6637.92483551581,7353.808840625999,7161.6720000000005,6862.030022357074,8066.969817949537,7177.590042432815,,7460.707131450473,963.9631548846054,7458.363382534107,916.4622849382047,7396.610299052486,862.8097400931849,7412.465776680203,890.6715082980579,7307.429031934876,875.4430630571768,7203.839490012827,870.162082868906,7160.57653600672,871.2779236292907,6853.4773990926205,890.1709644244735,6453.9831333714,1131.9073588871076,-0.0053130929791271875,-40.02850846374986,0.128953521762317,855.9837847333129,,,855.9837847333129,-573.0611977004146,,2025-08-08
2025,8,3,5,32,1,8914.512216544235,7493.908620249123,7142.501884381987,6790.550542957522,6795.724295752157,7533.937128712872,6428.251695943789,7850.307573725113,938.2272192019981,7263.358934312787,884.2349885533948,7452.87032231449,887.3238885286344,1420.6035962951128,2486.2605206004464,0.1895677767482422,0.3867708730461301,-0.8660254037844384,-0.5000000000000004,-1.0,-1.8369701987210297e-16,9,221,0,0,0,0,2,-0.6152845999633277,-0.7883050558305253,-0.9749279121818236,-0.2225209339563146,7493.908620249123,8962.165202810604,8907.704647077611,6995.4583839029065,8764.745688278506,8532.834488448845,8186.102283615459,7760.629191951452,5410.325558698728,,7453.899561983849,951.68256859699,7458.849637496009,917.2918574113055,7460.578760140531,902.2791683606159,7417.814581261123,899.4991680567613,7314.244705650866,886.5718148070215,7212.511036833407,883.5944848200969,7173.397458502195,888.5259724749312,6872.945102747318,896.7269370494847,6461.198761181291,1138.068650794102,-0.005317128750474742,-47.652986266368316,0.27432853250291944,1919.0538326413289,,,1919.0538326413289,1153.883024592783,,2025-08-09
2025,8,3,6,32,1,8551.396461194507,8914.512216544235,7493.908620249123,7142.501884381987,6790.550542957522,8962.165202810604,6793.137419354839,8319.939099329287,738.0433776024591,7614.7656701799215,911.5280777160202,7599.391909134462,913.2693411531536,-363.1157553497287,1758.2590418396676,-0.04073310423825893,0.25882871687978515,-0.8660254037844384,-0.5000000000000004,-1.0,-1.8369701987210297e-16,10,222,0,0,0,0,2,-0.6287628145958345,-0.7775971469736268,-0.7818314824680299,0.6234898018587334,8914.512216544235,8597.143328010221,8561.199361226445,7353.808840625999,8423.958760779304,8198.274217821781,7874.9963589907375,5832.725519003513,5739.539618104667,,7447.36429529589,942.6374732165289,7458.149430350869,916.3889565636895,7500.498347492814,923.6322501063021,7422.365927704522,905.083750891477,7320.550459996806,894.1968121809002,7220.5634190025,892.7393572226206,7203.604913415427,888.6483474761495,6888.566529653372,901.3521887074728,6467.310450362616,1142.0055391181195,-0.0053211706575446716,-45.746866815714384,0.16285269940013314,1197.5876205685072,,,1197.5876205685072,2718.6709421909936,,2025-08-10
2025,8,3,0,33,0,6408.645895879911,8551.396461194507,8914.512216544235,7493.908620249123,7142.501884381987,8597.143328010221,6800.89804854679,7958.184857872883,1354.166352039691,7550.252603534547,991.2962932088832,7566.7042297455555,950.6998185295301,-2142.7505653145954,-392.2521526668788,-0.2505731753916698,-0.057676522992532564,-0.8660254037844384,-0.5000000000000004,-1.0,-1.8369701987210297e-16,11,223,0,0,0,0,2,-0.6420547132365636,-0.7666588193001592,0.0,1.0,8551.396461194507,6442.956045991697,6428.251695943789,8764.745688278506,6325.321245608432,6153.770495049505,5918.500894282977,6169.700207601405,5768.1800353606795,,7442.462845279921,948.7996142496245,7456.749016060594,918.097289362087,7421.961687746195,912.5292569583004,7425.341808071361,901.472897636327,7325.101806440207,888.7823239129154,7226.39847854532,885.7004490718814,7206.2598655074125,885.8773364534015,6892.124673322924,898.1631831436222,6467.139416676078,1140.3391175303602,-0.0053252187143399965,-34.31015011178533,-0.26881553398058255,-2356.099792398595,,,-2356.099792398595,238.94568827850617,,2025-08-11
2025,8,3,1,33,0,6759.5080261897165,6408.645895879911,8551.396461194507,8914.512216544235,7493.908620249123,6442.956045991697,7167.009134461834,7239.85012775471,1149.3003946709912,7545.078850739913,996.1235730666913,7532.745804056213,973.2841797566542,350.86213030980525,-407.50110827211756,0.05474824729126837,-0.05685790273556235,-0.8660254037844384,-0.5000000000000004,-1.0,-1.8369701987210297e-16,12,224,0,0,0,0,2,-0.655156357209085,-0.7554933140726804,0.7818314824680298,0.6234898018587336,6408.645895879911,6795.724295752157,6793.137419354839,8423.958760779304,6684.4886106675185,6500.9928448844885,6260.240881507505,6182.63458958799,6101.916265912306,,7437.289092485285,953.0034459056986,7454.346916548799,920.0091174743453,7366.479996593208,900.0206870627828,7428.02107291144,899.2983183978321,7329.718148963513,885.0877553884345,7232.342135029631,880.8004123792165,7212.669570358541,880.4581367998929,6895.77796088002,896.2664240407728,6467.9893254246645,1138.7847091520637,-0.005329272934906704,-36.216269562440175,-0.19758533747090756,-1664.4507345895872,,,-1664.4507345895872,576.8734366017261,,2025-08-12
2025,8,3,2,33,0,6754.334273395081,6759.5080261897165,6408.645895879911,8551.396461194507,8914.512216544235,6795.724295752157,7533.937128712872,6640.829398488234,201.0934511417023,7480.384248908763,1039.1734492198616,7467.778899446396,998.8801797143196,-5.17375279463522,-779.6028553177912,-0.0007654037504785105,-0.10347881087919053,-0.8660254037844384,-0.5000000000000004,-1.0,-1.8369701987210297e-16,13,225,0,0,0,0,2,-0.6680638642135333,-0.7441039398713608,0.9749279121818236,-0.22252093395631434,6759.5080261897165,6790.550542957522,6800.89804854679,6325.321245608432,6692.24923985947,6506.33905610561,6273.175263494091,6521.65154902587,6438.667277227723,,7432.115339690652,957.1888151331667,7451.020932609391,922.6335841650683,7380.780430852764,886.2095892477474,7430.238395537711,897.4917232416435,7334.146634986541,881.5062897828988,7238.070218480835,876.0392226221102,7215.254933962644,878.7462020483052,6897.531666414283,895.6756432468394,6468.8193107811,1137.232790362991,-0.005333333333333523,-36.216269562441084,0.06782470188126899,429.0130277866492,,,429.0130277866492,232.68272436921143,,2025-08-13
2025,8,3,3,33,0,7104.379495368892,6754.334273395081,6759.5080261897165,6408.645895879911,8551.396461194507,6790.550542957522,8962.165202810604,6872.740598317894,200.62184801194837,7415.462728095391,1050.268073464449,7312.963423826254,883.5173750923435,350.04522197381084,-1857.7857074417116,0.05182527363986389,-0.20729206228636532,-0.8660254037844384,-0.5000000000000004,-1.0,-1.8369701987210297e-16,14,226,0,0,0,0,2,-0.6807734094770159,-0.7324940716135792,0.43388373911755823,-0.900968867902419,6754.334273395081,7142.501884381987,7167.009134461834,6684.4886106675185,7052.641967422549,6854.405544554455,6616.957521558607,6862.030022357074,7702.764851485149,,7426.669284117353,959.2175440087035,7446.5473869598945,924.2669821646316,7394.776793676142,878.1122754243341,7432.0861643929375,896.7384725494157,7338.610455536798,879.6637707537113,7243.872861026196,873.4861300971959,7217.947705884998,878.0226631312921,6894.207303324749,893.7787331222913,6470.656189927307,1136.0973442690006,-0.005337399923751485,-38.12238901309502,0.06281570800065173,419.8908847013736,,,419.8908847013736,242.3494730118182,,2025-08-14
2025,8,3,4,33,0,7453.880111785373,7104.379495368892,6754.334273395081,6759.5080261897165,6408.645895879911,7142.501884381987,8597.143328010221,7104.197960183113,349.7729545269978,7172.024043968914,763.4222029347975,7217.69148914085,789.0414818662034,349.5006164164806,-1143.2632162248483,0.049195093905711085,-0.132981755986317,-0.8660254037844384,-0.5000000000000004,-1.0,-1.8369701987210297e-16,15,227,0,0,0,0,3,-0.6932812268869771,-0.7206671495538615,-0.433883739117558,-0.9009688679024191,7104.379495368892,7493.908620249123,7533.937128712872,6692.24923985947,7413.851603321623,7203.034792079208,6962.101293516448,8186.102283615459,7430.83162659123,,7420.950925765389,958.8691415644943,7440.82902860793,923.9323115955825,7420.164489407005,868.0530347849276,7433.515753980929,896.7402330962212,7343.089836245837,879.5995155664335,7249.727370767492,873.222837742173,7209.811903975775,872.3248127767467,6894.335350464717,893.8576895900832,6473.489688261192,1135.6816202343268,-0.005341472720335805,-40.02850846374986,0.113807905926393,761.6308719259023,,,761.6308719259023,-732.2221718300862,,2025-08-15
2025,8,3,5,33,1,8866.859230277867,7453.880111785373,7104.379495368892,6754.334273395081,6759.5080261897165,7493.908620249123,6442.956045991697,7808.372945810708,933.1841088567013,7224.601172149473,879.4633837256594,7419.683421164697,877.9304903870884,1412.9791184924943,2423.9031842861705,0.18956289842365792,0.3762097967118887,-0.8660254037844384,-0.5000000000000004,-1.0,-1.8369701987210297e-16,16,228,0,0,0,0,3,-0.7055836101071774,-0.7086266782644601,-0.9749279121818236,-0.2225209339563146,7453.880111785373,8914.512216544235,8962.165202810604,7052.641967422549,8836.22516767806,8582.075907590759,8305.234749281379,7874.9963589907375,5600.256746817539,,7414.143356298764,946.588724367545,7434.021459141305,912.1366080398267,7480.63839816885,904.0160611300175,7434.6098276452085,898.5319001013054,7348.1752527223925,887.6791022104094,7256.41337649364,883.4916280814662,7220.832602545632,886.9655756999935,6912.483142039496,900.5728477875715,6480.367186945148,1141.2783245481467,-0.005345551737304333,-47.652986266368316,0.25723938223938236,1814.217262855318,,,1814.217262855318,991.8628712871296,,2025-08-16
2025,8,3,6,33,1,8505.649594378794,8866.859230277867,7453.880111785373,7104.379495368892,6754.334273395081,8914.512216544235,6795.724295752157,8275.462978814008,734.0755450311784,7574.101788565954,906.6065495618266,7562.177196050251,905.775671308123,-361.20963589907296,1709.9252986266374,-0.0407370441458732,0.25161781499809677,-0.8660254037844384,-0.5000000000000004,-1.0,-1.8369701987210297e-16,17,229,0,0,0,0,3,-0.7176769136759615,-0.6963762255968726,-0.7818314824680299,0.6234898018587334,8866.859230277867,8551.396461194507,8597.143328010221,7413.851603321623,8492.579061002874,8245.54598019802,7989.363526030022,5918.500894282977,5940.0225388967465,,7407.608089610805,937.5432037864076,7427.486192453347,903.4484334560766,7517.031664537422,923.0115534437837,7435.0766324086335,899.1051048907623,7352.819960118477,893.1236796307213,7262.559639212078,890.4207134658512,7249.578699213362,886.2071839578527,6926.736625681064,905.3859971723276,6486.170288399113,1144.7821935558504,-0.005349636988918438,-45.746866815712565,0.1472646135199165,1091.7979910571712,,,1091.7979910571712,2587.148700095817,,2025-08-17
2025,8,3,0,34,0,6374.335745768126,8505.649594378794,8866.859230277867,7453.880111785373,7104.379495368892,8551.396461194507,6790.550542957522,7915.61485680826,1346.9499151279078,7509.906408495689,985.9844276007913,7527.492629617801,945.1237833086623,-2131.313848610668,-416.21479718939645,-0.25057625816365736,-0.06129323308270673,-0.8660254037844384,-0.5000000000000004,-1.0,-1.8369701987210297e-16,18,230,0,0,0,0,3,-0.7295575540864876,-0.6839194216246105,0.0,1.0,8505.649594378794,6408.645895879911,6442.956045991697,8836.22516767806,6376.78647077611,6189.224316831684,6004.27626956244,6260.240881507505,5968.662956152758,,7402.706639594836,943.7056087888478,7422.584742437378,909.3673984604294,7434.968683807091,911.0435847438268,7434.989106515491,899.212055659632,7356.125521349486,889.072136667676,7266.965109166908,885.0192650484589,7250.846419927369,884.8566103451035,6928.990363401147,903.4907109352132,6485.850761134453,1143.1565576364578,-0.005353728489483789,-34.31015011178533,-0.2786132511556241,-2461.889421909934,,,-2461.889421909934,114.09486426062085,,2025-08-18
2025,8,3,1,34,0,6723.291756627275,6374.335745768126,8505.649594378794,8866.859230277867,7453.880111785373,6408.645895879911,7142.501884381987,7201.092365591397,1143.1731044617684,7504.732655701054,990.8117086754671,7492.558452304908,968.1155562506533,348.9560108591495,-419.2101277547117,0.05474390191806555,-0.05869233701868104,-0.8660254037844384,-0.5000000000000004,-1.0,-1.8369701987210297e-16,19,231,0,0,0,0,3,-0.7412220108485957,-0.6712599575675315,0.7818314824680298,0.6234898018587336,6374.335745768126,6759.5080261897165,6795.724295752157,8492.579061002874,6738.813015011178,6538.416323432343,6350.781555413606,6273.175263494091,6312.950919377652,,7397.532886800202,947.9094901626838,7417.410989642743,913.4052838062822,7375.992440327904,897.3833687672937,7434.434775858922,899.6617889564391,7359.426868370823,886.3195548742714,7271.399754419452,881.2986154654686,7255.847714295516,880.5301041572761,6931.270034719201,902.444724525786,6486.527231207082,1141.5926606942958,-0.005357826253348796,-36.216269562441084,-0.20833333333333337,-1769.287304375599,,,-1769.287304375599,450.1164931331841,,2025-08-19
2025,8,3,2,34,0,6718.118003832641,6723.291756627275,6374.335745768126,8505.649594378794,8866.859230277867,6759.5080261897165,7493.908620249123,6605.248502076011,199.9930441259437,7440.355740445012,1033.649151741616,7427.9092342702015,993.5851961167563,-5.173752794634311,-775.7906164164815,-0.0007695267410542384,-0.10352282843698346,-0.8660254037844384,-0.5000000000000004,-1.0,-1.8369701987210297e-16,20,232,0,0,0,0,3,-0.7526668275320083,-0.6584015846980489,0.9749279121818236,-0.22252093395631434,6723.291756627275,6754.334273395081,6790.550542957522,6376.78647077611,6746.57364420313,6543.762534653466,6363.715937400191,6616.957521558607,6660.253663366338,,7392.359134005566,952.0948098910256,7412.237236848109,917.4253972873112,7387.370158096455,886.3741141422319,7433.4185029885475,900.4832837092033,7362.540358891881,883.7045509437174,7275.618826638885,877.7420186246027,7256.971719654117,879.76962883063,6931.591503277347,902.3579458630636,6487.185159538404,1140.0321294876476,-0.00536193029490617,-36.216269562440175,0.0535272012981467,341.33153305653104,,,341.33153305653104,101.16048227403371,,2025-08-20
2025,8,3,3,34,0,7066.257106355797,6718.118003832641,6723.291756627275,6374.335745768126,8505.649594378794,6754.334273395081,8914.512216544235,6835.888955605235,199.52144142837514,7375.751906206749,1044.6892161306512,7273.887975087832,878.8142950343341,348.139102523156,-1848.2551101884383,0.051820926980524096,-0.20733104238258881,-0.8660254037844384,-0.5000000000000004,-1.0,-1.8369701987210297e-16,21,233,0,0,0,0,3,-0.7638886127905429,-0.64534811322955,0.43388373911755823,-0.900968867902419,6718.118003832641,7104.379495368892,7142.501884381987,6738.813015011178,7109.8255509421915,6893.798679867987,6712.263494091345,6962.101293516448,7966.558168316832,,7386.913078432267,954.1234900549124,7406.791181274809,919.3740149466374,7398.284961141276,880.1063077011936,7431.862487110462,901.1005861937169,7365.619973650592,882.3407838171536,7279.833036308699,875.8524147450241,7258.129006463442,879.4458312598192,6926.589830710898,899.0783648413627,6488.825589982646,1138.8287535648956,-0.00536604062859336,-38.12238901309502,0.048590766744115665,327.44409134461876,,,327.44409134461876,104.15581283934898,,2025-08-21
2025,8,3,4,34,0,7413.851603321623,7066.257106355797,6718.118003832641,6723.291756627275,6374.335745768126,7104.379495368892,8551.396461194507,7066.0755711700185,347.8668352699476,7133.58396838071,759.3492563839914,7179.09257026509,784.8096513035595,347.5944969658258,-1137.5448578728838,0.04919075144508667,-0.13302445548337782,-0.8660254037844384,-0.5000000000000004,-1.0,-1.8369701987210297e-16,22,234,0,0,0,0,4,-0.7748840413670406,-0.6321034111873488,-0.433883739117558,-0.9009688679024191,7066.257106355797,7453.880111785373,7493.908620249123,6746.57364420313,7473.894366017247,7244.397584158416,7062.172564675823,8305.234749281379,7684.073210749647,,7381.194720080303,953.7751315045217,7401.072822922846,919.0393872175177,7420.527559778559,871.4573397813882,7429.718102728476,901.0682991372307,7368.645938278505,882.2080551744456,7284.019691530673,875.6399455828531,7248.224749286111,872.5129208876389,6925.088599558519,898.0314862263184,6491.438657816938,1138.2767942685182,-0.005370157268891451,-40.02850846374986,0.09890619954794966,667.2779591184926,,,667.2779591184926,-891.3831459597559,,2025-08-22
2025,8,3,5,34,1,8819.206244011499,7413.851603321623,7066.257106355797,6718.118003832641,6723.291756627275,7453.880111785373,6408.645895879911,7766.4383178963035,928.140998594977,7185.84340998616,874.6917793703475,7379.972599276058,873.2041013440472,1405.3546406898759,2410.5603481315875,0.18955796742144604,0.37614191629488003,-0.8660254037844384,-0.5000000000000004,-1.0,-1.8369701987210297e-16,23,235,0,0,0,0,4,-0.7856498550787144,-0.6186714032625032,-0.9749279121818236,-0.2225209339563146,7413.851603321623,8866.859230277867,8914.512216544235,7109.8255509421915,8907.704647077611,8631.317326732675,8424.367214947302,7989.363526030022,5790.187934936351,,7374.387150613679,941.4948852704811,7394.265253456222,907.2438794400189,7477.506916214203,905.6540000872074,7426.557445476115,895.831984671672,7372.001097515627,887.4392543812205,7288.720156162391,882.8650679204197,7257.44522393035,884.7322807782693,6941.916479053382,904.9989927856818,6497.995749609035,1143.3623003614498,-0.005374280230326267,-47.652986266368316,0.24042512447338193,1709.3806930693072,,,1709.3806930693072,829.8427179814771,,2025-08-23
2025,8,3,6,34,1,8459.90272756308,8819.206244011499,7413.851603321623,7066.257106355797,6718.118003832641,8866.859230277867,6759.5080261897165,8230.986858298731,730.107713236833,7533.4379069519855,901.6850219655091,7521.672157723838,900.891833170177,-359.30351644841903,1700.3947013733632,-0.040741026630644495,0.2515559852559066,-0.8660254037844384,-0.5000000000000004,-1.0,-1.8369701987210297e-16,24,236,0,0,0,0,4,-0.7961828637826154,-0.6050560696488494,-0.7818314824680299,0.6234898018587334,8819.206244011499,8505.649594378794,8551.396461194507,7473.894366017247,8561.199361226445,8292.817742574258,8103.730693069307,6004.27626956244,6140.505459688826,,7367.85188392572,932.4489348926343,7387.729986768262,898.5553189814151,7510.373861599063,923.2391864220793,7422.939708559566,891.2730645086633,7374.984757961857,890.8656852124773,7292.960299430172,887.6687123307121,7284.72996235258,883.5152470291255,6954.80201943046,910.0226672061023,6503.50672426621,1146.4758602408206,-0.005378409527468375,-45.746866815714384,0.13192698655590784,986.0083615458325,,,986.0083615458325,2455.62645800064,,2025-08-24
2025,8,3,0,35,0,6340.025595656341,8459.90272756308,8819.206244011499,7413.851603321623,7066.257106355797,8505.649594378794,6754.334273395081,7873.044855743637,1339.733478376201,7469.56021345683,980.672564691519,7487.146434578943,940.0601483665151,-2119.877131906739,-414.3086777387407,-0.25057937427578214,-0.06133967626841885,-0.8660254037844384,-0.5000000000000004,-1.0,-1.8369701987210297e-16,25,237,0,0,0,0,4,-0.8064799463209447,-0.5912614448635782,0.0,1.0,8459.90272756308,6374.335745768126,6408.645895879911,8907.704647077611,6428.251695943789,6224.678138613862,6082.862851485149,6350.781555413606,6169.145876944837,,7362.95043390975,938.6116067261851,7382.828536752292,904.4745219722552,7424.784559885022,908.1273484204557,7419.7887764064435,895.0677188953719,7377.044533980472,888.2873138706951,7296.021760670306,883.8803282608593,7284.61045168861,883.6437172389384,6955.75135120108,909.2873287361797,6503.048793933968,1144.8972036275925,-0.005382545174932751,-34.31015011178533,-0.2882537256400458,-2567.6790514212707,,,-2567.6790514212707,-10.755959757265373,,2025-08-25
2025,8,3,1,35,0,6687.075487064835,6340.025595656341,8459.90272756308,8819.206244011499,7413.851603321623,6374.335745768126,7104.379495368892,7162.334603428081,1137.0458145387354,7464.386460662196,985.4998469829611,7452.371100553605,962.9469452505315,347.04989140849466,-417.3040083040569,0.05473950951337869,-0.058738980452280654,-0.8660254037844384,-0.5000000000000004,-1.0,-1.8369701987210297e-16,26,238,0,0,0,0,4,-0.8165380514459157,-0.5772916165517278,0.7818314824680298,0.6234898018587336,6340.025595656341,6723.291756627275,6759.5080261897165,8561.199361226445,6793.137419354839,6575.839801980198,6426.145887788778,6363.715937400191,6523.985572842998,,7357.776681115117,942.8155383398755,7377.654783957659,908.5124439632878,7362.313764079634,891.567028309347,7416.000850253229,898.0374294011655,7379.030885499841,886.5858587253667,7299.128065423593,881.2409724875976,7288.203335573772,880.5091289370815,6956.65740628009,908.9358814035038,6503.562834976233,1143.333951466651,-0.0053866871873797795,-36.216269562440175,-0.21890903307888043,-1874.1238741616098,,,-1874.1238741616098,323.35954966464396,,2025-08-26
2025,8,3,2,35,0,6681.901734270201,6687.075487064835,6340.025595656341,8459.90272756308,8819.206244011499,6723.291756627275,7453.880111785373,6569.667605663789,198.89263812338808,7400.327231981263,1028.1248559993433,7388.039569094007,988.2902237072068,-5.173752794634311,-771.9783775151718,-0.000773694390715618,-0.10356731875719227,-0.8660254037844384,-0.5000000000000004,-1.0,-1.8369701987210297e-16,27,239,0,0,0,0,4,-0.8263541987239095,-0.5631507242749187,0.9749279121818236,-0.22252093395631434,6687.075487064835,6718.118003832641,6754.334273395081,6428.251695943789,6800.89804854679,6583.600431172149,6431.492099009901,6712.263494091345,6881.840049504951,,7352.6029283204825,947.0008080192475,7372.4810311630235,912.5324984762749,7370.768765357181,883.5704445671186,7411.750981886207,901.331677371411,7380.786265912306,885.0783587158104,7302.109132510025,878.69041910323,7287.865982686871,880.738056907011,6955.546637862119,909.1499654774697,6504.0596007124295,1141.7747963578681,-0.005390835579514808,-36.216269562440175,0.03945863515059078,253.65003832641196,,,253.65003832641196,-30.361759821144005,,2025-08-27
2025,8,3,3,35,0,7028.134717342702,6681.901734270201,6687.075487064835,6340.025595656341,8459.90272756308,6718.118003832641,8866.859230277867,6799.037312892576,198.42103586520574,7336.041084318109,1039.110360285467,7234.81252634941,874.1112276581702,346.23298307250116,-1838.724512935165,0.05181653320292612,-0.2073704414587333,-0.8660254037844384,-0.5000000000000004,-1.0,-1.8369701987210297e-16,28,240,0,0,0,0,4,-0.8359254794186365,-0.5488429582847199,0.43388373911755823,-0.900968867902419,6681.901734270201,7066.257106355797,7104.379495368892,6793.137419354839,7167.009134461834,6938.274800383265,6775.619273927393,7062.172564675823,8230.351485148514,,7347.156872747182,949.0294389413485,7367.034975589725,914.481063736644,7378.602008623444,879.3042804877006,7406.791181274809,903.1086534487426,7382.390907286582,884.3426534934628,7305.1152687411595,877.2983589484252,7287.487784383169,880.8433628109024,6948.867655818754,904.1345661007889,6505.515364925291,1140.517987243564,-0.005394990366088703,-38.12238901309502,0.0345933378762977,234.99729798786302,,,234.99729798786302,-34.037847333121135,,2025-08-28
2025,8,3,4,35,0,7373.823094857874,7028.134717342702,6681.901734270201,6687.075487064835,6340.025595656341,7066.257106355797,8505.649594378794,7027.953182156923,345.96071601502814,7095.1438927925055,755.2763139865501,7140.4936513893335,780.5778339906879,345.68837751517185,-1131.8264995209202,0.04918636187524239,-0.1330676142912025,-0.8660254037844384,-0.5000000000000004,-1.0,-1.8369701987210297e-16,29,241,0,0,0,0,5,-0.8452490573530634,-0.5343725582809785,-0.433883739117558,-0.9009688679024191,7028.134717342702,7413.851603321623,7453.880111785373,6800.89804854679,7533.937128712872,7293.766077930374,7120.309207920793,8424.367214947302,7881.531625678696,4227.178217821782,7341.438514395219,948.6811247572031,7361.3166172377605,914.1464793119118,7397.699510167146,872.5200135716279,7401.072822922846,902.7806158909373,7383.820496874572,884.261486230544,7308.1332912046955,877.0909780644946,7275.815071937732,872.5299898241391,6946.047052869749,901.9981237763179,6514.256045139279,1135.0531794979597,-0.005399151561897297,-40.02850846374895,0.08424255770655265,572.9250463110839,,,572.9250463110839,-1050.5441200894284,,2025-08-29
2025,8,3,5,35,1,8771.55325774513,7373.823094857874,7028.134717342702,6681.901734270201,6687.075487064835,7413.851603321623,6374.335745768126,7724.5036899819,923.0978884181949,7147.085647822848,869.9201754952325,7340.261777387416,868.4777255350419,1397.7301628872565,2397.2175119770045,0.18955298288373124,0.376073305139049,-0.8660254037844384,-0.5000000000000004,-1.0,-1.8369701987210297e-16,30,242,0,0,0,0,5,-0.8543221697498269,-0.5197438121555157,-0.9749279121818236,-0.2225209339563146,7373.823094857874,8819.206244011499,8866.859230277867,7167.009134461834,8962.165202810604,8693.266208878953,8483.593069306931,8103.730693069307,5896.4443692111145,3832.641584158416,7334.630944928595,936.4010513895546,7354.5090477711365,902.351169651134,7451.184314276589,906.4116707746874,7394.265253456222,891.2175668857867,7385.21847989004,886.4285376583116,7311.561388686104,882.2879458428964,7283.235322656352,882.4334136867573,6962.019880028272,908.7390540360816,6527.975244232576,1132.3954571948148,-0.005403319181783051,-47.652986266368316,0.22387917933130708,1604.5441232832964,,,1604.5441232832964,667.8225646758237,,2025-08-30
2025,8,3,6,35,1,8414.155860747365,8771.55325774513,7373.823094857874,7028.134717342702,6681.901734270201,8819.206244011499,6723.291756627275,8186.510737783454,726.1398822321632,7492.774025338018,896.7634949362524,7481.167119397424,896.0080086964999,-357.3973969977651,1690.86410412009,-0.04074505238649606,0.2514934893987566,-0.8660254037844384,-0.5000000000000004,-1.0,-1.8369701987210297e-16,31,243,0,1,0,0,5,-0.8631421280499115,-0.5049610547215202,-0.7818314824680299,0.6234898018587334,8771.55325774513,8459.90272756308,8505.649594378794,7533.937128712872,8597.143328010221,8355.338460555733,8151.002455445544,6082.862851485149,6208.503353561162,4396.265346534654,7328.095678240636,927.3546665440476,7347.9737810831775,893.6622192751383,7480.52493867774,923.2723174775007,7387.729986768262,882.7004359077347,7386.268790607748,887.6329397071212,7314.69416732065,885.7648418678746,7309.138578314821,881.0170071225303,6974.273505068194,913.3806017783414,6539.1360512165,1131.1262629837381,-0.0054074932406334986,-45.746866815714384,0.11683383030631589,880.2187320344929,,,880.2187320344929,2331.2930092622164,,2025-08-31
2025,9,3,0,36,0,6305.715445544555,8414.155860747365,8771.55325774513,7373.823094857874,7028.134717342702,8459.90272756308,6718.118003832641,7830.474854679014,1332.5170417871734,7429.214018417971,975.3607045251603,7446.800239540084,934.9965271572213,-2108.44041520281,-412.40255828808586,-0.2505825242718446,-0.06138662018928709,-1.0,-1.8369701987210297e-16,-1.0,-1.8369701987210297e-16,1,244,1,0,0,0,1,-0.8717063187093218,-0.4900286664290594,0.0,1.0,8414.155860747365,6340.025595656341,6374.335745768126,8962.165202810604,6442.956045991697,6273.856020440755,6118.316673267327,6426.145887788778,6192.982095177259,4058.0910891089106,7323.194228224666,933.5176081172647,7343.072331067208,899.5816627441939,7391.976613435537,903.4458304878036,7382.828536752292,888.5028314051019,7386.837708913174,886.9169090507484,7316.925105085854,882.946786796792,7307.800462289885,882.463461958923,6974.899801459123,912.880397945108,6545.379452206599,1123.5714617460048,-0.005411673753382251,-34.31015011178533,-0.296407140144322,-2656.4497572660484,,,-2656.4497572660484,-120.43044224422283,,2025-09-01
2025,9,3,1,36,0,6669.398498349835,6305.715445544555,8414.155860747365,8771.55325774513,7373.823094857874,6340.025595656341,7066.257106355797,7129.7566015472485,1127.088032719619,7427.130145764576,977.2881293667621,7413.72868887292,956.4526897574212,363.68305280527966,-396.8586080059622,0.05767514502454252,-0.056162491971740613,-1.0,-1.8369701987210297e-16,-1.0,-1.8369701987210297e-16,2,245,0,0,0,0,1,-0.8800122039735356,-0.4749510720670502,0.7818314824680298,0.6234898018587336,6305.715445544555,6687.075487064835,6723.291756627275,8597.143328010221,6795.724295752157,6630.164206323859,6463.569366336634,6431.492099009901,6502.590354519322,4227.178217821782,7320.668944122523,935.546891049926,7339.22281261882,902.5482809432051,7327.7184524468585,883.0986916186926,7378.316901130782,891.9086419776443,7387.53832127078,886.3236115254197,7319.375451895536,880.8331056923722,7310.443866726995,880.1623230513954,6975.826513369293,912.4828349190532,6552.163397430289,1116.8885373130302,-0.0026434558349451853,-17.676988715000334,-0.22423085856666247,-1927.7448296603861,,,-1927.7448296603861,237.90639933993407,,2025-09-02
2025,9,3,2,36,0,6682.76402640264,6669.398498349835,6305.715445544555,8414.155860747365,8771.55325774513,6687.075487064835,7413.851603321623,6552.625990099007,213.935205364038,7369.568363941234,1014.9348604120613,7352.804724129673,979.4519707978709,13.36552805280553,-731.0875769189824,0.002004008016032177,-0.0986110345925233,-1.0,-1.8369701987210297e-16,-1.0,-1.8369701987210297e-16,3,246,0,0,0,0,1,-0.888057322629493,-0.4597327394521046,0.9749279121818236,-0.22252093395631434,6669.398498349835,6681.901734270201,6718.118003832641,6442.956045991697,6790.550542957522,6637.92483551581,6468.915577557756,6775.619273927393,6810.564797189397,4508.990099009901,7320.792128712871,935.4488175528971,7336.697528516677,904.4671983805163,7335.712051793889,875.8696258261986,7374.467382682393,894.7674491108954,7388.339021108043,885.6541030638293,7321.921266762736,878.6517970464384,7309.4121417544975,880.8504411029356,6975.1165090871455,912.6618471215926,6558.2016583397135,1111.675609609511,0.00012904890953668868,0.8622921324395065,0.03722017947959366,239.80798041094386,0.5809042538656426,2455.5858085808586,239.80798041094386,-92.85524752475249,2455.5858085808586,2025-09-03
2025,9,3,3,36,0,7048.557425742574,6682.76402640264,6669.398498349835,6305.715445544555,8414.155860747365,6681.901734270201,8819.206244011499,6800.239983498347,215.15302328123428,7315.357419088683,1023.3143031205445,7205.250655940593,865.1618008784963,365.7933993399338,-1770.6488182689245,0.054736842105263195,-0.2007719027402548,-1.0,-1.8369701987210297e-16,-1.0,-1.8369701987210297e-16,4,247,0,0,0,0,1,-0.8958392907349089,-0.44437817810461344,0.43388373911755823,-0.900968867902419,6682.76402640264,7028.134717342702,7066.257106355797,6795.724295752157,7142.501884381987,6995.4583839029065,6815.012409240924,7120.309207920793,8087.392526349408,4621.714851485149,7323.709658484282,934.4152120246428,7335.433265615733,904.8865712231756,7344.13982279357,871.7010841822308,7371.1122234452705,895.8449639493036,7389.287218283753,885.2541643675578,7324.701564578233,877.3970763285295,7308.614899730295,881.0559645232986,6969.345202972662,908.865660007927,6564.94288771265,1107.2494001106566,0.0029058504455636847,20.422708399872135,0.037204736241059244,252.83312999041755,0.8390859857276007,3215.915841584158,252.83312999041755,-71.75178217821849,3215.915841584158,2025-09-04
2025,9,3,4,36,0,7415.757722772278,7048.557425742574,6682.76402640264,6669.398498349835,6305.715445544555,7028.134717342702,8459.90272756308,7049.0263916391605,366.4970732163529,7089.391496593208,750.8756390427725,7118.238572208026,775.3510952797304,367.2002970297035,-1044.145004790802,0.05209580838323369,-0.12342281447148196,-1.0,-1.8369701987210297e-16,-1.0,-1.8369701987210297e-16,5,248,0,0,0,0,1,-0.9033558023246842,-0.4288919379124841,-0.433883739117558,-0.9009688679024191,7048.557425742574,7373.823094857874,7413.851603321623,6790.550542957522,7493.908620249123,7353.808840625999,7161.6720000000005,8483.593069306931,7744.291025231555,4790.80198019802,7329.700319614911,934.9243288689975,7335.569417005065,904.8994211576388,7364.980062120729,865.4609931719149,7368.321119963955,895.5699100655489,7390.393448322079,885.247730060688,7327.726394611236,877.2662306369917,7296.750062546577,872.2007662164833,6967.520017959,907.6297590039464,6572.234431442023,1104.1724020732274,0.005686958769548944,41.93462791440379,0.09207017543859641,625.2071798147554,0.6868312392967209,3019.492376237624,625.2071798147554,-1067.8353465346536,3019.492376237624,2025-09-05
2025,9,3,5,36,1,8845.869224422442,7415.757722772278,7048.557425742574,6682.76402640264,6669.398498349835,7373.823094857874,6340.025595656341,7770.061457645762,949.5950599215593,7161.343723872388,907.5485415452143,7327.058874605203,877.4282534639414,1430.1115016501644,2505.8436287661016,0.1928476569910833,0.39524187891022033,-1.0,-1.8369701987210297e-16,-1.0,-1.8369701987210297e-16,6,249,0,0,0,0,1,-0.9106046300942162,-0.41327860778290443,-0.9749279121818236,-0.2225209339563146,7415.757722772278,8771.55325774513,8819.206244011499,7142.501884381987,8914.512216544235,8764.745688278506,8532.834488448845,8151.002455445544,5793.5139188757585,4678.0772277227725,7340.316886283098,954.2484194871772,7337.473915605847,908.2838850345511,7421.758973455409,905.3191477393881,7365.869584531034,891.2642027566558,7391.842082896078,887.6008832163097,7331.452998610922,883.0927092436845,7304.470804424099,882.8579730812069,6984.47754743426,914.0641443378336,6583.811631432856,1106.10479345646,0.008472383908938008,74.31596667731174,0.23848328885500059,1703.367340040455,1.1798104158289973,4787.7781353135315,1703.367340040455,694.8667689768981,4787.7781353135315,2025-09-06
2025,9,3,6,36,1,8508.917227722772,8845.869224422442,7415.757722772278,7048.557425742574,6682.76402640264,8771.55325774513,6687.075487064835,8256.848058305828,747.6355237787459,7528.54402090209,937.343056204861,7478.87901966003,913.4998578353413,-336.9519966996704,1821.8417406579365,-0.03809145129224656,0.2724422274254301,-1.0,-1.8369701987210297e-16,-1.0,-1.8369701987210297e-16,7,250,0,0,0,0,1,-0.9175836260593934,-0.3975428142825566,-0.7818314824680299,0.6234898018587334,8845.869224422442,8414.155860747365,8459.90272756308,7493.908620249123,8551.396461194507,8423.958760779304,8198.274217821781,6118.316673267327,6099.854544873841,4959.889108910891,7353.854224422443,972.5185580774124,7340.974951331539,913.0252502890748,7455.592593704533,926.8196659239474,7364.352469049902,889.2052262706361,7393.359198377211,889.4677283161077,7335.151129681172,887.4063401120834,7331.033032806937,882.7321589921071,6997.861229005643,918.6642899264684,6593.670042874,1107.4058932871121,0.011262135922329941,94.76136697540642,0.13544448683708477,1015.0086074736491,1.0129071426061906,4281.73900990099,1015.0086074736491,2390.6005544554446,4281.73900990099,2025-09-07
2025,9,3,0,37,0,6394.35,8508.917227722772,8845.869224422442,7415.757722772278,7048.557425742574,8414.155860747365,6681.901734270201,7916.378817381735,1328.838949130142,7482.702604510451,992.8460565933736,7454.916375137514,939.7021672261297,-2114.5672277227713,-287.55173427020054,-0.24851190476190466,-0.04303441530655894,-1.0,-1.8369701987210297e-16,-1.0,-1.8369701987210297e-16,8,251,0,0,0,0,2,-0.9242907221930934,-0.3816892202666586,0.0,1.0,8508.917227722772,6305.715445544555,6340.025595656341,8914.512216544235,6408.645895879911,6325.321245608432,6153.770495049505,6463.569366336634,6084.3332864899385,5918.049504950494,7366.516303630363,957.0514818944021,7344.855265927516,908.5484953708522,7371.58718648639,903.9554502428207,7363.841901339904,889.7782217739995,7394.591854705633,888.0073239412014,7338.015171406772,883.9289929987175,7330.26392873653,883.5262495644907,6999.583544080698,917.2315293609408,6594.993099804692,1106.8808591849804,0.014056224899598346,88.63455445544514,-0.2827033218785796,-2520.162216544235,0.41813351983276537,1885.359900990099,-2520.162216544235,-69.21936633663336,1885.359900990099,2025-09-08
2025,9,3,1,37,0,6762.957194719472,6394.35,8508.917227722772,8845.869224422442,7415.757722772278,6305.715445544555,7028.134717342702,7222.074807480745,1129.5753082023748,7496.068132563257,980.385267391786,7432.818248252245,953.6650255903662,368.6071947194714,-265.1775226232303,0.05764576457645765,-0.037730853674286524,-1.0,-1.8369701987210297e-16,-1.0,-1.8369701987210297e-16,9,252,0,0,0,0,2,-0.9307239310379793,-0.3657225234972692,0.7818314824680298,0.6234898018587336,6394.35,6669.398498349835,6687.075487064835,8551.396461194507,6759.5080261897165,6684.4886106675185,6500.9928448844885,6468.915577557756,6388.223187480038,6707.122772277227,7379.8818316831685,946.2861737785672,7350.275387902846,904.5400288549607,7311.972544270557,882.175828902265,7363.965085930252,889.6916910759962,7395.993079420846,886.9277020849179,7341.133794619093,881.3987849308705,7333.531057816105,880.8449319143581,7001.6653996764735,916.2609190390451,6595.148195422587,1106.9005260775684,0.014028056112224352,93.55869636963689,-0.20914002462531311,-1788.4392664750349,0.4633004008341737,2141.242343234323,-1788.4392664750349,294.0416171617162,2141.242343234323,2025-09-09
2025,9,3,2,37,0,6776.322722772277,6762.957194719472,6394.35,8508.917227722772,8845.869224422442,6669.398498349835,7373.823094857874,6644.543305830582,216.77679083990532,7450.695682068207,1011.0580625470335,7383.026550578445,972.4384617286654,13.36552805280553,-597.5003720855966,0.0019762845849802257,-0.08102993039014761,-1.0,-1.8369701987210297e-16,-1.0,-1.8369701987210297e-16,10,253,0,0,0,0,2,-0.9368813462954315,-0.34964745525122826,0.9749279121818236,-0.22252093395631434,6762.957194719472,6682.76402640264,6681.901734270201,6408.645895879911,6754.334273395081,6692.24923985947,6506.33905610561,6815.012409240924,6690.479271798147,4365.3712871287125,7393.247359735974,935.3969779578563,7357.019744224423,899.5112408568449,7324.228438500302,871.684993109558,7364.750387693724,889.1431953873619,7397.494391615716,885.7852286228409,7344.347885888935,878.806408768789,7333.101172410898,881.110232876173,7002.142307737441,916.1203734584399,6601.84528274382,1100.6479515899607,0.014000000000000012,93.55869636963689,0.05737199915020175,367.6768268923661,0.4144443353703777,1985.5207425742574,367.6768268923661,-38.68968646864687,1985.5207425742574,2025-09-10
2025,9,3,3,37,0,7147.040264026403,6776.322722772277,6762.957194719472,6394.35,8508.917227722772,6682.76402640264,8771.55325774513,6895.440060506048,217.99462411636046,7405.909438943894,1018.8368991820082,7247.650467768552,869.1565967128142,370.71754125412554,-1624.5129937187276,0.054707775355548716,-0.18520243176820594,-1.0,-1.8369701987210297e-16,-1.0,-1.8369701987210297e-16,11,254,0,0,0,0,2,-0.9427611433904206,-0.33346877891818705,0.43388373911755823,-0.900968867902419,6776.322722772277,7048.557425742574,7028.134717342702,6759.5080261897165,7104.379495368892,7052.641967422549,6854.405544554455,7161.6720000000005,7944.433567550303,3957.9366336633666,7407.316336633664,930.074035479692,7365.5129975589725,896.7240493051122,7337.146179761524,865.8798107461188,7366.273986574349,888.7169588560708,7399.180075483643,885.206661730077,7347.831632549314,877.419723265243,7332.938597566746,881.1435681357522,6997.712344940086,913.4624734990687,6610.703903939272,1092.1097576268849,0.0139720558882237,98.48283828382864,0.05733142653802514,387.53223783668636,0.5277730392461883,2468.9630363036304,387.53223783668636,-14.631735973597642,2468.9630363036304,2025-09-11
2025,9,3,4,37,0,7519.164702970298,7147.040264026403,6776.322722772277,6762.957194719472,6394.35,7048.557425742574,8414.155860747365,7147.509229922991,371.42121214717463,7184.792018701869,753.1438409097432,7173.0678712871295,795.2129199950183,372.12443894389526,-894.9911577770672,0.052066929133858464,-0.10636731391585752,-1.0,-1.8369701987210297e-16,-1.0,-1.8369701987210297e-16,12,255,0,0,0,0,2,-0.9483615800121716,-0.31719128858910595,-0.433883739117558,-0.9009688679024191,7147.040264026403,7415.757722772278,7373.823094857874,6754.334273395081,7453.880111785373,7413.851603321623,7203.034792079208,8532.834488448845,7607.050424784413,4539.986138613861,7422.088762376237,931.0511529947278,7375.894540995575,897.6684837129236,7362.640527414032,859.3632310751979,7368.605579116667,889.0408900065031,7401.0606665487985,885.3502529780019,7351.595083869446,877.4691490872525,7321.6755999503175,872.0655961525208,6997.224090930007,913.1583944592701,6618.979399951374,1087.6534390266288,0.013944223107569709,103.40698019802039,0.11323550162268958,764.8304295752168,0.5159945188011232,2559.275594059407,764.8304295752168,-1013.669785478547,2559.275594059407,2025-09-12
2025,9,3,5,37,1,8968.972772277228,7519.164702970298,7147.040264026403,6776.322722772277,6762.957194719472,7415.757722772278,6305.715445544555,7878.392579757973,962.6229878572968,7261.467942794279,919.874603818687,7395.005981848185,896.35095365613,1449.8080693069296,2663.2573267326725,0.1928150435026661,0.42235609103078975,-1.0,-1.8369701987210297e-16,-1.0,-1.8369701987210297e-16,13,256,0,0,0,0,2,-0.9536809966304455,-0.300819807635668,-0.9749279121818236,-0.2225209339563146,7519.164702970298,8845.869224422442,8771.55325774513,7104.379495368892,8866.859230277867,8836.22516767806,8582.075907590759,8198.274217821781,5690.5834685404025,4190.756435643564,7439.67498349835,963.039624204377,7389.995934890724,922.4867851242944,7424.793636644309,906.1925648939009,7372.252491330932,895.5997113748889,7403.431159488069,889.4310277657121,7356.200998925239,884.9890779130785,7330.238917222046,884.4659472629098,7015.437364839655,919.6228286167219,6632.25222310869,1087.0934297733427,0.013916500994035852,123.10354785478557,0.26245688003066303,1864.5932769083356,0.515528514044131,3050.9232673267334,1864.5932769083356,770.6985544554464,3050.9232673267334,2025-09-13
2025,9,3,6,37,1,8627.096633663366,8968.972772277228,7519.164702970298,7147.040264026403,6776.322722772277,8845.869224422442,6669.398498349835,8371.744702970294,757.8847642210296,7633.592381738174,950.0563183312961,7558.147493124313,929.8120374612771,-341.87613861386126,1957.6981353135316,-0.03811764705882348,0.2935344372956439,-1.0,-1.8369701987210297e-16,-1.0,-1.8369701987210297e-16,14,257,0,0,0,0,2,-0.9587178169872964,-0.2843591872810036,-0.7818314824680299,0.6234898018587334,8968.972772277228,8508.917227722772,8414.155860747365,7453.880111785373,8505.649594378794,8492.579061002874,8245.54598019802,6153.770495049505,5991.205736186521,4365.3712871287125,7456.557755775577,985.6781006980614,7405.205990099011,942.2167004437894,7463.900854040243,932.426741421728,7376.589885591094,901.5662672806699,7405.833258999864,892.6019813403481,7360.743268609349,890.5702691664559,7357.720318762199,885.9243416081574,7030.081203158972,924.1973594729205,6644.090349071285,1085.5423622913972,0.013888888888889062,118.17940594059473,0.15739675233346118,1173.2165218779937,0.28625894091607074,1919.973861386139,1173.2165218779937,2473.326138613861,1919.973861386139,2025-09-14
2025,9,3,0,38,0,6482.9845544554455,8627.096633663366,8968.972772277228,7519.164702970298,7147.040264026403,8508.917227722772,6682.76402640264,8026.35132013201,1347.4811885828233,7586.930275027503,1006.564818590359,7541.499203795379,948.5111692213065,-2144.112079207921,-199.7794719471949,-0.24853228962818008,-0.029894736842105307,-1.0,-1.8369701987210297e-16,-1.0,-1.8369701987210297e-16,15,258,0,0,0,0,3,-0.9634705485641486,-0.26781430516217486,0.0,1.0,8627.096633663366,6394.35,6305.715445544555,8866.859230277867,6374.335745768126,6376.78647077611,6189.224316831684,6500.9928448844885,5975.684477802619,4656.39603960396,7469.219834983499,970.2065994179018,7417.868069306931,927.3787858191014,7384.438364846163,910.0520102814157,7380.470200187069,897.316624442842,7407.72965335128,890.4862551721544,7364.240414295347,886.4818438900604,7357.520226646321,886.1220251357826,7032.899536918154,921.7342424543285,6649.164206056985,1080.482915424828,0.013861386138613874,88.63455445544514,-0.2688522072936661,-2383.8746758224215,0.48509350706788923,2117.613267326733,-2383.8746758224215,-18.008290429042972,2117.613267326733,2025-09-15
2025,9,3,1,38,0,6856.515891089109,6482.9845544554455,8627.096633663366,8968.972772277228,7519.164702970298,6394.35,7048.557425742574,7322.199026402638,1145.4037449466862,7600.295803080308,994.1038592188771,7525.495742574258,959.1447436694838,373.53133663366316,-192.04153465346553,0.0576171875,-0.027245508982035926,-1.0,-1.8369701987210297e-16,-1.0,-1.8369701987210297e-16,16,259,0,0,0,0,3,-0.9679377830240642,-0.25119006388481957,0.7818314824680298,0.6234898018587336,6482.9845544554455,6762.957194719472,6669.398498349835,8505.649594378794,6723.291756627275,6738.813015011178,6538.416323432343,6506.33905610561,6273.856020440753,4772.805940594059,7482.585363036304,959.440272396221,7431.233597359736,917.0528467120348,7329.467241403173,889.5674649414868,7385.228204989279,894.0501496376436,7409.831490424101,889.0163832846591,7368.027313910308,883.5862651011821,7361.41108036836,883.1062588771919,7036.136536199533,920.0753142467142,6654.952289252805,1075.97512857217,0.01383399209486158,93.55869636963689,-0.19388686131386879,-1649.1337032896854,0.7323460493966751,2898.579257425742,-1649.1337032896854,350.17683498349834,2898.579257425742,2025-09-16
2025,9,3,2,38,0,6869.881419141914,6856.515891089109,6482.9845544554455,8627.096633663366,8968.972772277228,6762.957194719472,7415.757722772278,6736.460621562153,219.61841175532243,7554.102662266226,1025.326695800004,7480.006050605061,977.5898468632372,13.36552805280553,-545.8763036303635,0.0019493177387914784,-0.0736103206222729,-1.0,-1.8369701987210297e-16,-1.0,-1.8369701987210297e-16,17,260,0,0,0,0,3,-0.9721181966290612,-0.23449138957041052,0.9749279121818236,-0.22252093395631434,6856.515891089109,6776.322722772277,6682.76402640264,6374.335745768126,6718.118003832641,6746.57364420313,6543.762534653466,6854.405544554455,6570.393746406899,4947.420792079208,7495.950891089108,948.5517524296819,7444.599125412541,906.6093066685246,7345.985430515632,875.7132148005508,7390.64832696461,890.3082446813555,7412.033414976579,887.495154718208,7371.90968158279,880.6324389932639,7361.583034530442,883.007929208654,7037.800356603617,919.4989911004863,6660.29245766131,1072.2410782201398,0.013806706114398493,93.55869636963689,0.07774075498027821,495.5456733737883,0.5131943599368372,2329.8952805280533,495.5456733737883,15.475874587458748,2329.8952805280533,2025-09-17
2025,9,3,3,38,0,7245.523102310232,6869.881419141914,6856.515891089109,6482.9845544554455,8627.096633663366,6776.322722772277,8845.869224422442,6990.64013751375,220.83625980033264,7508.495728822883,1033.2468141886536,7346.643873762376,878.4529478005843,375.6416831683182,-1600.3461221122097,0.05467950030718849,-0.18091451292246508,-1.0,-1.8369701987210297e-16,-1.0,-1.8369701987210297e-16,18,261,0,0,0,0,3,-0.9760105506323682,-0.21772323039653224,0.43388373911755823,-0.900968867902419,6869.881419141914,7147.040264026403,7048.557425742574,6723.291756627275,7066.257106355797,7109.8255509421915,6893.798679867987,7203.034792079208,7801.474608751197,4831.0108910891095,7510.019867986798,943.2295992283885,7458.668102310231,901.5045878008294,7363.393142038399,868.0654237617082,7397.0506839629825,888.5318883104882,7414.456585536723,886.840028656237,7376.096877088055,879.166709693328,7362.055126866342,882.9335652366494,7034.711737123391,917.8517117506047,6666.999436025814,1068.31117025804,0.013779527559055316,98.48283828382955,0.07767494920448503,522.231345682957,0.7289296606896591,3054.7666666666682,522.231345682957,42.488310231024116,3054.7666666666682,2025-09-18
2025,9,3,4,38,0,7622.571683168317,7245.523102310232,6869.881419141914,6856.515891089109,6482.9845544554455,7147.040264026403,8508.917227722772,7245.992068206819,376.3453511560605,7284.095547304732,763.6599210729117,7272.781745049506,806.1279412597302,377.0485808580843,-886.345544554455,0.052038834951456,-0.10416666666666663,-1.0,-1.8369701987210297e-16,-1.0,-1.8369701987210297e-16,19,262,0,0,0,0,3,-0.9796136916454901,-0.20089055513063528,-0.433883739117558,-0.9009688679024191,7245.523102310232,7519.164702970298,7415.757722772278,6718.118003832641,7413.851603321623,7473.894366017247,7244.397584158416,8582.075907590759,7469.809824337272,5122.035643564356,7524.792293729372,944.2059426065216,7473.440528052805,902.4413351063453,7393.541598016253,860.5554631236644,7404.504972528935,889.5529950526096,7417.111537628705,887.2436614845111,7380.598949695315,879.4524113919636,7351.393968817205,873.7820950678041,7035.560414116896,918.3267672764579,6673.945369469158,1066.3653680239768,0.013752455795677632,103.40698019801857,0.13462902539367283,904.4536793356756,0.7461451001071666,3257.200396039604,904.4536793356756,-959.5042244224423,3257.200396039604,2025-09-19
2025,9,3,5,38,1,9092.076320132011,7622.571683168317,7245.523102310232,6869.881419141914,6856.515891089109,7519.164702970298,6394.35,7986.723701870184,975.6509191844519,7361.592161716172,932.2006844823344,7497.592271727172,908.5441891404154,1469.5046369636948,2697.726320132011,0.19278331487633782,0.4218921892189216,-1.0,-1.8369701987210297e-16,-1.0,-1.8369701987210297e-16,20,263,0,0,0,0,3,-0.9829265519799822,-0.18399835165767986,-0.9749279121818236,-0.2225209339563146,7622.571683168317,8968.972772277228,8845.869224422442,7066.257106355797,8819.206244011499,8907.704647077611,8631.317326732675,8245.54598019802,5587.653018205046,6111.519801980197,7542.378514851485,976.1921097565347,7491.026749174917,933.1211551052668,7461.068905142128,911.9365978371451,7414.250332390382,906.950129010331,7420.403888933249,893.197570578626,7386.084175807212,888.7351517581386,7360.799861483138,887.9567074617567,7055.029432460935,924.585364960866,6682.224693130692,1073.5330186286985,0.01372549019607816,123.10354785478376,0.2866891457931917,2025.8192137762144,0.9525994444633448,4435.680280528051,2025.8192137762144,846.5303399339919,4435.680280528051,2025-09-20
2025,9,3,6,38,1,8745.27603960396,9092.076320132011,7622.571683168317,7245.523102310232,6869.881419141914,8968.972772277228,6762.957194719472,8486.64134763476,768.1340361108482,7738.640742574257,962.7696020517286,7662.78550880088,942.4117224722074,-346.8002805280521,1982.3188448844876,-0.038143133462282375,0.2931142084460161,-1.0,-1.8369701987210297e-16,-1.0,-1.8369701987210297e-16,21,264,0,0,0,0,3,-0.9859481499638303,-0.1670516255021195,-0.7818314824680299,0.6234898018587334,9092.076320132011,8627.096633663366,8508.917227722772,7413.851603321623,8459.90272756308,8561.199361226445,8292.817742574258,6189.224316831684,5882.556927499201,6926.389108910891,7559.261287128713,998.8376638777008,7507.909521452145,954.8397382884372,7505.4497196848715,941.4788657579237,7424.442236391842,920.6361023599937,7423.690972475704,897.7990394232687,7391.470584105185,895.6411430678618,7389.2004361806075,890.9354058485875,7070.9334275281835,928.915726819384,6687.277156827061,1078.95187036556,0.013698630136986134,118.17940594059291,0.17958606504692098,1331.4244362823365,0.8323133495168791,3972.4700990099,1331.4244362823365,2556.0517227722758,3972.4700990099,2025-09-21
2025,9,3,0,39,0,6571.619108910892,8745.27603960396,9092.076320132011,7622.571683168317,7245.523102310232,8627.096633663366,6776.322722772277,8136.323822882285,1366.1234351576013,7691.1579455445535,1020.2836935796098,7645.726874312432,961.5741959880789,-2173.656930693068,-204.70361386138575,-0.24855212355212342,-0.030208657739022038,-1.0,-1.8369701987210297e-16,-1.0,-1.8369701987210297e-16,22,265,0,0,0,0,4,-0.9886775902323404,-0.15005539834465262,0.0,1.0,8745.27603960396,6482.9845544554455,6394.35,8819.206244011499,6340.025595656341,6428.251695943789,6224.678138613862,6538.416323432343,5867.035669115297,4581.757425742574,7571.923366336633,983.3618562390876,7520.571600660065,939.9969872657653,7430.530148514851,922.5673758308402,7432.71343329379,911.5279149067607,7426.251104850117,895.1092508563611,7395.600833751579,890.9835003248487,7389.5693560192585,890.5859593557798,7074.847779971492,925.2917387331903,6692.804550391417,1073.2171164065871,0.013671875,88.63455445544605,-0.254851408722501,-2247.587135100607,0.3282919292880879,1624.1983168316838,-2247.587135100607,33.20278547854832,1624.1983168316838,2025-09-22
2025,9,3,1,39,0,6950.074587458746,6571.619108910892,8745.27603960396,9092.076320132011,7622.571683168317,6482.9845544554455,7147.040264026403,7422.323245324529,1161.2321943648985,7704.52347359736,1007.8225700680875,7629.313067931794,972.4797306015133,378.455478547854,-196.96567656765728,0.05758938128880309,-0.0275590551181103,-1.0,-1.8369701987210297e-16,-1.0,-1.8369701987210297e-16,23,266,0,0,0,0,4,-0.9911140639934546,-0.13301470653419636,0.7818314824680298,0.6234898018587336,6571.619108910892,6856.515891089109,6762.957194719472,8459.90272756308,6687.075487064835,6793.137419354839,6575.839801980198,6543.762534653466,6159.488853401469,4154.126732673268,7585.288894389438,972.5945394156529,7533.9371287128715,929.6696146032155,7380.202543844706,905.5010030911442,7442.106258307858,904.8908011628888,7429.053554280544,893.3349441253689,7400.0560097691805,887.7648990496629,7394.0839343837615,887.2738856382457,7079.239922938476,922.7954661072798,6700.571072210267,1064.8786472273334,0.013645224171539905,93.55869636963689,-0.17846873524741436,-1509.8281401043341,0.43863773941770434,2119.063696369636,-1509.8281401043341,406.31205280527956,2119.063696369636,2025-09-23
2025,9,3,2,39,0,6963.44011551155,6950.074587458746,6571.619108910892,8745.27603960396,9092.076320132011,6856.515891089109,7519.164702970298,6828.377937293727,222.46006675224677,7657.509642464244,1039.5954082792373,7583.002685643564,991.2528069022597,13.36552805280462,-555.7245874587479,0.0019230769230769162,-0.0739077556366361,-1.0,-1.8369701987210297e-16,-1.0,-1.8369701987210297e-16,24,267,0,0,0,0,4,-0.9932568492674143,-0.11593459959550066,0.9749279121818236,-0.22252093395631434,6950.074587458746,6869.881419141914,6776.322722772277,6340.025595656341,6681.901734270201,6800.89804854679,6583.600431172149,6893.798679867987,6450.30822101565,4765.027722772277,7598.654422442244,961.7066787208605,7547.302656765676,919.2262227353324,7400.983027839881,887.786824250065,7452.16120049505,897.6660741949219,7431.956091190629,891.5191068403824,7404.5779107732205,884.5175456899694,7394.857728113135,886.8629554696503,7082.090655685675,921.6335547186608,6706.677773301209,1060.0406421114244,0.013618677042801508,93.55869636963598,0.09832996893298374,623.4145198552096,0.3595063759973731,1841.404471947194,623.4145198552096,69.64143564356345,1841.404471947194,2025-09-24
2025,9,3,3,39,0,7344.005940594059,6963.44011551155,6950.074587458746,6571.619108910892,8745.27603960396,6869.881419141914,8968.972772277228,7085.8402145214495,223.67792900500226,7611.08201870187,1047.6567977323107,7447.5887830033,890.5854388020911,380.56582508250904,-1624.9668316831685,0.054651985048995044,-0.18117647058823527,-1.0,-1.8369701987210297e-16,-1.0,-1.8369701987210297e-16,25,268,0,0,0,0,4,-0.9951053111006974,-0.09882013873287211,0.43388373911755823,-0.900968867902419,6963.44011551155,7245.523102310232,7147.040264026403,6687.075487064835,7028.134717342702,7167.009134461834,6938.274800383265,7244.397584158416,7658.515649952092,4398.487128712871,7612.723399339933,956.3852939280125,7561.371633663366,914.1220040414988,7422.880709624188,877.6142242528733,7463.442315611169,894.1176905450684,7435.11674844299,890.8762427597203,7409.408043394777,883.047076711532,7395.964487629085,886.7352230481405,7080.3433795225765,920.8324189884328,6714.859770000879,1053.5226430177072,0.013592233009708465,98.48283828382682,0.0982388272421868,656.930453529224,0.2016660631966738,1232.4861386138618,656.930453529224,99.60835643564315,1232.4861386138618,2025-09-25
2025,9,3,4,39,0,7725.978663366337,7344.005940594059,6963.44011551155,6950.074587458746,6571.619108910892,7245.523102310232,8627.096633663366,7344.474906490646,381.269490239999,7383.3990759075905,774.1761831293237,7372.49561881188,817.0435071252001,381.97272277227785,-901.1179702970294,0.05201149425287355,-0.10445205479452047,-1.0,-1.8369701987210297e-16,-1.0,-1.8369701987210297e-16,26,269,0,0,0,0,4,-0.99665890175417,-0.08167639533042288,-0.433883739117558,-0.9009688679024191,7344.005940594059,7622.571683168317,7519.164702970298,6681.901734270201,7373.823094857874,7533.937128712872,7293.766077930374,8631.317326732675,7332.56922389013,4581.757425742574,7627.4958250825075,957.3608843107627,7576.14405940594,915.0580646941578,7457.683273927393,867.8645422053527,7476.019300200757,895.2863948302179,7438.546061561801,891.632853616883,7414.553431316635,883.624160864057,7385.905169147238,877.6523094862607,7082.528987519666,921.9006864776823,6723.593717883166,1048.8121012892075,0.013565891472868241,103.40698019802039,0.15625445728141507,1044.0769290961362,0.11544103888514767,799.589554455446,1044.0769290961362,-905.3386633663376,799.589554455446,2025-09-26
2025,9,3,5,39,1,9215.1798679868,7725.978663366337,7344.005940594059,6963.44011551155,6950.074587458746,7622.571683168317,6482.9845544554455,8095.054823982396,988.6788537689605,7461.716380638064,944.5267828161841,7600.178561606161,920.7379479704481,1489.2012046204636,2732.195313531355,0.19275243558226363,0.42144097222222254,-1.0,-1.8369701987210297e-16,-1.0,-1.8369701987210297e-16,27,270,0,0,0,0,4,-0.9979171608653922,-0.06450844944931625,-0.9749279121818236,-0.2225209339563146,7725.978663366337,9092.076320132011,8968.972772277228,7028.134717342702,8771.55325774513,8962.165202810604,8693.266208878953,8292.817742574258,5484.72256786969,4887.20792079208,7645.08204620462,989.3448037505847,7593.730280528053,945.7371202843384,7530.584778948863,920.7815360640276,7491.863107709388,922.5721127593007,7443.0641805828045,900.0946642626526,7420.766689163157,894.4919403275034,7396.153637207377,893.6017953119184,7103.253750298095,927.693596883322,6735.615862180929,1052.502134777607,0.013539651837524591,123.10354785478921,0.3111842954927033,2187.0451506440986,1.0112762443972643,4633.422442244227,2187.0451506440986,922.3621254125428,4633.422442244227,2025-09-27
2025,9,3,6,39,1,8863.455445544554,9215.1798679868,7725.978663366337,7344.005940594059,6963.44011551155,9092.076320132011,6856.515891089109,8601.537992299229,778.3833382059519,7843.689103410342,975.4829065218704,7767.423524477447,955.0119391859049,-351.7244224422466,2006.9395544554454,-0.038167938931297996,0.29270544783010166,-1.0,-1.8369701987210297e-16,-1.0,-1.8369701987210297e-16,28,271,0,0,0,0,4,-0.9988797155850335,-0.04732138832243232,-0.7818314824680299,0.6234898018587334,9215.1798679868,8745.27603960396,8627.096633663366,7373.823094857874,8414.155860747365,8597.143328010221,8355.338460555733,6224.678138613862,5773.908118811881,5009.388118811881,7661.964818481849,1011.9972468143137,7610.613052805281,967.4633243605342,7580.239190638418,951.6831486589614,7507.909521452145,942.8913994136253,7447.819754110204,906.9801887690223,7426.815700889214,902.5697372856761,7425.473385062163,898.0121772384321,7120.417902113276,931.534083666027,6746.321604755187,1054.4938790603444,0.013513513513513598,118.17940594059473,0.20201628538193073,1489.6323506866802,1.133650708301991,4709.328712871286,1489.6323506866802,2638.7773069306922,4709.328712871286,2025-09-28
2025,9,3,0,40,0,6660.253663366337,8863.455445544554,9215.1798679868,7725.978663366337,7344.005940594059,8745.27603960396,6869.881419141914,8246.29632563256,1384.765688566835,7795.385616061606,1034.0026770636748,7749.954544829482,974.6377943237643,-2203.2017821782174,-209.6277557755775,-0.24857142857142855,-0.030514028261314774,-1.0,-1.8369701987210297e-16,-1.0,-1.8369701987210297e-16,29,272,0,0,0,0,5,-0.9995462806873573,-0.03012030484690836,0.0,1.0,8863.455445544554,6571.619108910892,6482.9845544554455,8771.55325774513,6305.715445544555,6442.956045991697,6273.856020440755,6575.839801980198,5781.9274356435635,5192.658415841584,7674.626897689769,996.5172468412587,7623.275132013202,952.615873633531,7509.862537492459,938.5219783670959,7520.571600660066,928.4186840075139,7451.70006870618,903.0592907883287,7431.4156728288035,897.5937764172205,7426.411316855342,897.1584811974662,7125.297492267291,926.771857573999,6750.3982582205335,1051.3027346515155,0.01348747591522148,88.63455445544514,-0.24069848661234006,-2111.2995943787937,0.39773660319680637,1895.2259405940595,-2111.2995943787937,84.4138613861387,1895.2259405940595,2025-09-29
2025,9,3,1,40,0,7043.633283828382,6660.253663366337,8863.455445544554,9215.1798679868,7725.978663366337,6571.619108910892,7245.523102310232,7522.447464246422,1177.0606559457153,7808.7511441144115,1021.5413951442257,7733.130393289329,985.8152671315801,383.37962046204575,-201.88981848184994,0.05756231516687782,-0.027864077669903176,-1.0,-1.8369701987210297e-16,-1.0,-1.8369701987210297e-16,30,273,0,1,0,1,5,-0.9999166586547379,-0.012910296075008843,0.7818314824680298,0.6234898018587336,6660.253663366337,6950.074587458746,6856.515891089109,8414.155860747365,6669.398498349835,6795.724295752157,6630.164206323859,6583.600431172149,6094.680792079207,5070.478217821782,7687.992425742575,985.7489680951842,7636.640660066006,942.2871133146152,7464.1784515951595,926.2623044708369,7533.9371287128715,918.3505037399989,7456.127014921826,900.3888185749415,7436.337923751477,894.2744708820063,7431.5227929959665,893.6061563719214,7130.569450554786,923.569959132344,6755.8792445149975,1047.6572638028852,0.013461538461538414,93.55869636963689,-0.1628829557713054,-1370.5225769189828,0.601376354576161,2645.1461551155116,-1370.5225769189828,460.03285265623344,2645.1461551155116,2025-09-30
2025,10,4,2,40,0,7056.998811881188,7043.633283828382,6660.253663366337,8863.455445544554,9215.1798679868,6950.074587458746,7622.571683168317,6920.2952530253,225.301754541081,7760.9166226622665,1053.8641967667033,7685.999320682068,1004.9162688294583,13.36552805280553,-565.5728712871287,0.00189753320683117,-0.07419712070874862,-0.8660254037844386,0.5000000000000001,-2.4492935982947064e-16,1.0,1,274,1,0,1,0,1,-0.9999907397361901,0.004303538296243821,0.9749279121818236,-0.22252093395631434,7043.633283828382,6963.44011551155,6869.881419141914,6305.715445544555,6682.76402640264,6790.550542957522,6637.92483551581,6938.274800383265,6408.278287128712,5375.928712871287,7701.357953795379,974.861750685377,7650.006188118811,931.8438738002229,7489.221230473047,903.7439052728556,7547.302656765676,908.1707122698767,7460.8850197240345,897.5071017607074,7441.326899660589,890.9293292181636,7432.841948679277,892.9572299707442,7134.173453470079,922.0000519521152,6760.548883678913,1045.2330324257198,0.01343570057581589,93.5586963696378,0.11914323962516726,751.2833663366328,0.5402384186101792,2475.241386138614,751.2833663366328,118.72401149792313,2475.241386138614,2025-10-01
2025,10,4,3,40,0,7474.711274353242,7056.998811881188,7043.633283828382,6660.253663366337,8863.455445544554,6963.44011551155,9092.076320132011,7191.781123354268,245.11581363356578,7719.038724493417,1060.501675284328,7551.218900200503,902.4222328688692,417.71246247205363,-1617.3650457787699,0.059191233215002415,-0.17788731515567469,-0.8660254037844386,0.5000000000000001,-2.4492935982947064e-16,1.0,2,275,0,0,0,0,1,-0.9997685019798909,0.021516097436222233,0.43388373911755823,-0.900968867902419,7056.998811881188,7344.005940594059,7245.523102310232,6669.398498349835,7048.557425742574,7142.501884381987,6995.4583839029065,7293.766077930374,7639.454455445543,6414.460396039603,7720.030144332406,968.1047032529681,7666.37677183617,926.1873403589938,7516.064989673161,890.4148964677387,7562.522437073201,903.0593247041505,7466.817330259235,896.4617058117742,7447.032291213569,889.5731495661498,7434.852450861754,892.844273746879,7133.258213575121,921.5773443356727,6763.4940250075615,1045.748747692446,0.017797552836485098,130.7053337591824,0.12074743714934111,805.3127760034067,0.5294440906745379,2587.503353561162,805.3127760034067,180.9451964228674,2587.503353561162,2025-10-02
2025,10,4,4,40,0,7897.0528840626,7474.711274353242,7056.998811881188,7043.633283828382,6660.253663366337,7344.005940594059,8745.27603960396,7476.254323432341,420.0291618417435,7499.350893839383,790.8215068563746,7480.533637238725,830.7661614749612,422.34160970935864,-848.2231555413591,0.056502732240437226,-0.09699215344376622,-0.8660254037844386,0.5000000000000001,-2.4492935982947064e-16,1.0,3,276,0,0,0,0,1,-0.9992500112396835,0.03872228089217399,-0.433883739117558,-0.9009688679024191,7474.711274353242,7725.978663366337,7622.571683168317,6682.76402640264,7415.757722772278,7493.908620249123,7353.808840625999,8693.266208878953,7344.005940594059,7269.721782178218,7744.469318717586,970.4364182807641,7685.982571900046,928.0919227578676,7556.541284928492,878.751726611416,7579.711549976426,904.7412887421558,7474.016334970191,898.3000501512071,7453.499482206862,890.861008312191,7426.005636141572,884.1372989987547,7136.33069659439,923.2043660034088,6765.236611401686,1047.1164345989407,0.022142724973786443,171.07422069626318,0.18170458404074696,1214.2888576599598,0.5764505957137955,2887.664765250719,1214.2888576599598,-796.2133248163527,2887.664765250719,2025-10-03
2025,10,4,5,40,1,9459.11777387416,7897.0528840626,7474.711274353242,7056.998811881188,7043.633283828382,7725.978663366337,6571.619108910892,8276.960644096665,1045.3299567293514,7598.627948560985,1004.7649150986745,7721.158525985663,952.7835815744636,1562.0648898115605,2887.498664963269,0.1978035240164131,0.4393892307373566,-0.8660254037844386,0.5000000000000001,-2.4492935982947064e-16,1.0,4,277,0,0,0,0,1,-0.9984354211555643,0.05591699010060302,-0.9749279121818236,-0.2225209339563146,7897.0528840626,9215.1798679868,9092.076320132011,7048.557425742574,8845.869224422442,8914.512216544235,8764.745688278506,8355.338460555733,5515.601702970297,4650.3712871287125,7779.317590987209,1034.3282878299503,7712.1998185959155,974.8726157997631,7636.8932965328795,938.8545779149349,7601.613283885416,943.13533217072,7483.741434208225,916.9332968741518,7461.765816559192,906.263114444256,7438.269850733999,904.5921449172496,7158.239119210523,931.2843569333769,6778.594240531534,1050.7281889819549,0.026471312484609433,243.9379058873601,0.3419934324898588,2410.5603481315866,0.821632970313743,4266.459358032576,2410.5603481315866,1103.7793133184277,4266.459358032576,2025-10-04
2025,10,4,6,40,1,9136.302829766846,9459.11777387416,7897.0528840626,7474.711274353242,7056.998811881188,9215.1798679868,6950.074587458746,8830.824495901199,824.6207851743103,8011.302809627737,1049.748271587461,7903.34421284467,999.7965953501443,-322.81494410731466,2186.2282423081006,-0.03412738395106163,0.31456183884027666,-0.8660254037844386,0.5000000000000001,-2.4492935982947064e-16,1.0,5,278,0,0,0,0,1,-0.9973249731081555,0.07309512989807776,-0.7818314824680299,0.6234898018587334,9459.11777387416,8863.455445544554,8745.27603960396,7415.757722772278,8508.917227722772,8551.396461194507,8423.958760779304,6273.856020440755,5830.043336633663,4216.336633663366,7818.295788733251,1085.8505877357425,7740.13030360755,1011.6550552886326,7694.2448000993645,976.669954368405,7624.019912529847,972.4849582542345,7494.186190789874,932.5149728771736,7470.246103094756,918.6237950093418,7470.074815282065,913.4694624755425,7176.607227505709,937.5258993656358,6792.260813298488,1049.3041316736535,0.0307834101382487,272.847384222292,0.23201204398993847,1720.5451069945684,0.8018621592051123,4065.824611945064,1720.5451069945684,2862.446809326091,4065.824611945064,2025-10-05
2025,10,4,0,41,0,6893.889447460875,9136.302829766846,9459.11777387416,7897.0528840626,7474.711274353242,8863.455445544554,6963.44011551155,8496.436683700626,1397.2009895929425,7986.345503566486,1078.7352109333972,7897.548323840449,1005.92344078967,-2242.413382305971,-69.55066805067509,-0.24543991416308997,-0.00998797532497564,-0.8660254037844386,0.5000000000000001,-2.4492935982947064e-16,1.0,6,279,0,0,0,0,1,-0.9959189961471792,0.0902516100310407,0.0,1.0,9136.302829766846,6660.253663366337,6571.619108910892,8845.869224422442,6394.35,6408.645895879911,6325.321245608432,6630.164206323859,5838.062653465346,4836.3861386138615,7851.672329318186,1047.226221879071,7763.149613503977,986.3719104830802,7629.17880753398,962.2166249640233,7641.860607082022,953.4871497973027,7502.851254210962,924.4643007733077,7477.014772164429,912.1579655130737,7473.005095739144,911.1649648863666,7182.472931916795,932.3932860688988,6797.976100267508,1044.2123047489283,0.03507911198331892,233.6357840945384,-0.22066568331943825,-1951.979776961567,0.2823625117935846,1517.9607345895884,-1951.979776961567,263.7252411370164,1517.9607345895884,2025-10-06
2025,10,4,1,41,0,7320.860204407537,6893.889447460875,9136.302829766846,9459.11777387416,7897.0528840626,6660.253663366337,7344.005940594059,7783.684160545084,1190.6968359189177,8030.322402320876,1037.8757036219265,7895.619512491572,1007.1028217487733,426.9707569466618,-23.1457361865223,0.061934668404629134,-0.003151649981460891,-0.8660254037844386,0.5000000000000001,-2.4492935982947064e-16,1.0,7,280,0,0,0,0,1,-0.994217906893952,0.10738134666416306,0.7818314824680298,0.6234898018587336,6893.889447460875,7043.633283828382,6950.074587458746,8508.917227722772,6762.957194719472,6759.5080261897165,6684.4886106675185,6637.92483551581,6153.7704950495045,4464.356435643564,7891.276175115207,1016.3621171814513,7789.634300428891,967.6614505604506,7589.576906756804,949.1200193733016,7661.785714570881,940.1767541303275,7512.875400250567,919.2864614232541,7484.5906244708585,908.1301739210711,7480.593266504608,906.9663509409271,7188.95676363545,929.2524209317115,6805.910832958519,1037.2600821046794,0.039358511354593784,277.22692057915447,-0.13962493599590375,-1188.0570233152348,0.14130569875021126,906.3998083679335,-1188.0570233152348,682.9353688917272,906.3998083679335,2025-10-07
2025,10,4,2,41,0,7364.837103161928,7320.860204407537,6893.889447460875,9136.302829766846,9459.11777387416,7043.633283828382,7725.978663366337,7193.195585010111,260.1376844806935,8012.010040455658,1050.5317494617912,7865.524382474538,1017.9703681823636,43.976898754391186,-361.14156020440896,0.0060070671378091856,-0.046743794662131966,-0.8660254037844386,0.5000000000000001,-2.4492935982947064e-16,1.0,8,281,0,0,0,0,2,-0.9922222094179324,0.12447926388678869,0.9749279121818236,-0.22252093395631434,7320.860204407537,7056.998811881188,6963.44011551155,6394.35,6776.322722772277,6754.334273395081,6692.24923985947,6995.4583839029065,6470.322475247524,4650.3712871287125,7935.253073869599,980.266402885403,7818.30551383249,947.0253090043409,7621.926476862203,923.1613843329893,7682.8040852990825,926.1216830244466,7523.777236496403,913.7305450532382,7492.597622843505,904.015705745071,7484.6974744963745,905.5810489461304,7193.9262893460855,927.7784916823402,6813.451015780833,1031.3967108092363,0.043621700879765246,307.8382912807401,0.15177259661450004,970.4871031619277,0.013083763565324702,95.11532098371026,970.4871031619277,369.37871925902164,95.11532098371026,2025-10-08
2025,10,4,3,41,0,7798.751580964548,7364.837103161928,7320.860204407537,6893.889447460875,9136.302829766846,7056.998811881188,9215.1798679868,7494.816296178003,264.13251392001206,7995.626489939316,1053.4456114588615,7747.48869188935,925.133895070713,433.91447780262024,-1416.4282870222523,0.05891705026528404,-0.1537059837478455,-0.8660254037844386,0.5000000000000001,-2.4492935982947064e-16,1.0,9,282,0,0,0,0,2,-0.989932495087353,0.141540295217043,0.43388373911755823,-0.900968867902419,7364.837103161928,7474.711274353242,7344.005940594059,6762.957194719472,7147.040264026403,7104.379495368892,7052.641967422549,7353.808840625999,7713.316584158415,4960.39603960396,7981.544546242642,962.3813285558571,7850.787345287523,937.2542330783614,7656.452956403705,909.1917187198626,7706.079489475445,920.3294326247425,7536.1767380248975,912.6464968341144,7501.479880147576,903.3060230571087,7489.641282722358,906.0728612370522,7194.400928217231,928.0674978093876,6821.335336729057,1028.035080910828,0.04335154826958121,324.04030661130673,0.15315702235315443,1035.7943862450766,0.6770169733650979,3148.380293835836,1035.7943862450766,444.9427403385489,3148.380293835836,2025-10-09
2025,10,4,4,41,0,8237.295206004472,7798.751580964548,7364.837103161928,7320.860204407537,6893.889447460875,7474.711274353242,8863.455445544554,7800.294630043646,436.2310982200088,7791.989395294368,802.0632037175621,7695.308671927676,872.6373574662913,438.5436250399234,-626.1602395400823,0.05623254189944138,-0.0706451612903225,-0.8660254037844386,0.5000000000000001,-2.4492935982947064e-16,1.0,10,283,0,0,0,0,2,-0.9873494423939864,0.15855938510313475,-0.433883739117558,-0.9009688679024191,7798.751580964548,7897.0528840626,7725.978663366337,6776.322722772277,7519.164702970298,7453.880111785373,7413.851603321623,8764.745688278506,7414.913584158415,5084.40594059406,8030.150592234338,965.9881516146788,7887.309955475962,941.9671712002255,7705.1520391781105,899.499062335899,7731.727007440952,924.9224968149798,7550.1662932788095,917.3542420045047,7511.282780179516,906.8049322036844,7483.7807218082025,899.4140330081483,7198.969715005264,931.1781645336569,6830.093362466308,1026.625696778054,0.04308472121650975,340.2423219418715,0.21559960217397856,1460.9724832321945,0.9536616550580055,4020.9585723411055,1460.9724832321945,-527.4504822740346,4020.9585723411055,2025-10-10
2025,10,4,5,41,1,9864.168157138294,8237.295206004472,7798.751580964548,7364.837103161928,7320.860204407537,7897.0528840626,6660.253663366337,8633.404981369102,1088.1928247732014,7913.300283189608,1059.7145970109718,7962.301546408674,1006.9596809505287,1626.8729511338224,3203.9144937719575,0.19750086775425202,0.48104992027474536,-0.8660254037844386,0.5000000000000001,-2.4492935982947064e-16,1.0,11,284,0,0,0,0,2,-0.9844738167520923,0.17553149042142777,-0.9749279121818236,-0.2225209339563146,8237.295206004472,9459.11777387416,9215.1798679868,7147.040264026403,8968.972772277228,8866.859230277867,8836.22516767806,8423.958760779304,5568.782435643564,5270.420792079209,8088.014932700643,1072.1500130772313,7933.666261843927,1024.679053543235,7795.722968948508,974.9912002364408,7763.69827118599,982.9266866269895,7567.9753812584595,952.3921792086768,7523.520196720709,931.5003977978348,7499.783048434413,928.6659608134621,7222.832969013568,944.1169704727,6842.853771813694,1035.6946568468138,0.04282115869017633,405.0503832641334,0.3801752603505206,2717.1278931118914,1.0395741519442505,5027.782018524433,2717.1278931118914,1440.2093963589905,5027.782018524433,2025-10-11
2025,10,4,6,41,1,9525.151197700416,9864.168157138294,8237.295206004472,7798.751580964548,7364.837103161928,9459.11777387416,7043.633283828382,9208.871520281058,858.3143512397345,8351.843908229532,1097.2617725793434,8169.094705898009,1054.8171972514447,-339.01695943787854,2481.517913872033,-0.034368530020703836,0.35230651765607957,-0.8660254037844386,0.5000000000000001,-2.4492935982947064e-16,1.0,12,285,0,0,0,0,2,-0.9813064702716093,0.19245158197082995,-0.7818314824680299,0.6234898018587334,9864.168157138294,9136.302829766846,8863.455445544554,7519.164702970298,8627.096633663366,8505.649594378794,8492.579061002874,6325.321245608432,5886.178554455444,5146.410891089109,8143.564699548295,1143.2327406754107,7980.930244140773,1084.386218261778,7862.589185439512,1022.9762557042314,7795.771648473027,1025.8576820252474,7586.18076703206,979.9864682972183,7535.812722157584,951.0506360499737,7535.336714568769,944.3171926562497,7243.0494836982625,954.2417321153818,6855.016939332059,1041.412302065666,0.042560801144492455,388.84836793356953,0.26678315663675933,2005.9864947301176,1.1336000686798449,5060.794762056852,2005.9864947301176,3199.8299520919836,5060.794762056852,2025-10-12
2025,10,4,0,42,0,7185.525723411051,9525.151197700416,9864.168157138294,8237.295206004472,7798.751580964548,9136.302829766846,7056.998811881188,8858.281692749917,1458.5326614154853,8329.288161396786,1123.7646664867584,8179.80528185883,1043.0857449441985,-2339.6254742893643,128.52691152986336,-0.24562607204116638,0.018212687143077666,-0.8660254037844386,0.5000000000000001,-2.4492935982947064e-16,1.0,13,286,0,0,0,0,2,-0.9778483415056568,0.20931464596304888,0.0,1.0,9525.151197700416,6893.889447460875,6660.253663366337,8968.972772277228,6482.9845544554455,6374.335745768126,6376.78647077611,6684.4886106675185,5894.197871287128,5456.435643564356,8185.227024684035,1094.3709604822916,8018.44967700111,1043.4922477847758,7803.1409504773055,1008.1775925160316,7820.8624045071565,1000.8465011171368,7600.666302347112,967.6658596837258,7545.44057040324,943.2375011372262,7540.903793599254,940.7148094456863,7250.223527321173,948.8834308052061,6859.819967331634,1038.928379501352,0.04230359047280485,291.63627595017624,-0.1988462998102466,-1783.4470488661764,0.5451509739231217,2535.154436282339,-1783.4470488661764,501.0371127435328,2535.154436282339,2025-10-13
2025,10,4,1,42,0,7628.698495688278,7185.525723411051,9525.151197700416,9864.168157138294,8237.295206004472,6893.889447460875,7474.711274353242,8113.1251389332465,1242.7645470885143,8373.265060151176,1082.8934719946715,8192.637550303418,1034.5351046087171,443.1727722772266,153.98722133503634,0.06167576170986799,0.020601092896174844,-0.8660254037844386,0.5000000000000001,-2.4492935982947064e-16,1.0,14,287,0,0,0,0,2,-0.9741004551724206,0.22611568550828803,0.7818314824680298,0.6234898018587336,7185.525723411051,7320.860204407537,7043.633283828382,8627.096633663366,6856.515891089109,6723.291756627275,6738.813015011178,6692.24923985947,6212.860198019802,6510.519801980197,8229.203923438427,1059.4765236587755,8060.2400492768165,1012.7106738223101,7769.861012544803,996.4512939912056,7848.440354671411,983.783286209528,7616.834279830344,960.2756043257539,7556.034445173204,939.0568593871179,7551.308785330684,936.391573971303,7258.089295641553,946.1003819254122,6862.926019258601,1039.5524833588,0.0420494699646643,307.83829128074103,-0.1157281737264062,-998.3981379750885,0.5379212536217886,2668.302456084318,-998.3981379750885,936.4492558288075,2668.302456084318,2025-10-14
2025,10,4,2,42,0,7672.67539444267,7628.698495688278,7185.525723411051,9525.151197700416,9864.168157138294,7320.860204407537,7897.0528840626,7495.633204513997,269.4596060321778,8352.25236239753,1097.397129536294,8173.939426168424,1042.3612451720162,43.976898754392096,-224.3774896199302,0.005764665988470696,-0.028412813351263777,-0.8660254037844386,0.5000000000000001,-2.4492935982947064e-16,1.0,15,288,0,0,0,0,3,-0.970063921851507,0.2428497220959358,0.9749279121818236,-0.22252093395631434,7628.698495688278,7364.837103161928,7056.998811881188,6482.9845544554455,6869.881419141914,6718.118003832641,6746.57364420313,7052.641967422549,6532.366663366337,7378.589108910891,8273.180822192819,1023.3929886515905,8104.216948031209,978.5867223032222,7809.51737387771,966.6999583325061,7877.11156807501,965.7408711879172,7633.879947519809,952.4729937640576,7567.059466009388,934.8659732565516,7558.198045630907,934.9613144039678,7264.424344147534,945.0309513799006,6863.742925607299,1040.074252302522,0.041798384264137844,307.83829128074194,0.183509744623656,1189.6908399872245,0.5090603472834032,2588.2694538486103,1189.6908399872245,620.033427020121,2588.2694538486103,2025-10-15
2025,10,4,3,42,0,8122.791887575854,7672.67539444267,7628.698495688278,7185.525723411051,9525.151197700416,7364.837103161928,9459.11777387416,7808.055259235599,273.4553909145871,8333.168475992761,1100.786454581454,8062.578935643563,960.7669946877817,450.1164931331841,-1336.3258862983066,0.05866486850977748,-0.14127383951061523,-0.8660254037844386,0.5000000000000001,-2.4492935982947064e-16,1.0,16,289,0,0,0,0,3,-0.965739937654855,0.25951179706979943,0.43388373911755823,-0.900968867902419,7672.67539444267,7798.751580964548,7474.711274353242,6856.515891089109,7245.523102310232,7066.257106355797,7109.8255509421915,7413.851603321623,7787.178712871287,4814.034653465346,8319.472294565861,1005.5291044311742,8150.508420404252,961.7005242825765,7851.726573760602,951.1741577333908,7908.442596120211,958.6963701553492,7652.746640041596,951.4884998130328,7579.118589064553,935.4300240787433,7566.075159900399,936.7163097264626,7266.288861784781,946.3981802405856,6872.9339179242725,1036.5242663972267,0.041550279329608975,324.0403066113058,0.18468213544614231,1266.2759964867455,0.5412036738666877,2852.3710954966455,1266.2759964867455,708.9402842542313,2852.3710954966455,2025-10-16
2025,10,4,4,42,0,8577.537527946342,8122.791887575854,7672.67539444267,7628.698495688278,7185.525723411051,7798.751580964548,9136.302829766846,8124.334936654953,452.4330402529689,8118.730037794102,836.4815885807105,8016.0151604918565,916.5194303348236,454.7456403704882,-558.7653018205037,0.055983908816627403,-0.06115879828326176,-0.8660254037844386,0.5000000000000001,-2.4492935982947064e-16,1.0,17,290,0,0,0,0,3,-0.9611297838723007,0.27609697309746883,-0.433883739117558,-0.9009688679024191,8122.791887575854,8237.295206004472,7897.0528840626,6869.881419141914,7622.571683168317,7413.851603321623,7473.894366017247,8836.22516767806,7485.821227722771,4364.724752475247,8368.078340557558,1009.1117741191699,8199.114466395948,965.095497911543,7908.648444054083,941.4371758461768,7942.5485191479975,965.1148765120498,7673.526745838467,958.8549603218438,7592.257198135136,941.6641401751798,7563.200852792268,933.1652317577127,7272.353952341578,951.2984379560521,6884.636175633916,1031.8987529054355,0.041305102395001514,340.2423219418706,0.2485714096965772,1707.6561088044282,0.6667028166752385,3431.1266368572333,1707.6561088044282,-258.68763973171735,3431.1266368572333,2025-10-17
2025,10,4,5,42,1,10269.218540402426,8577.537527946342,8122.791887575854,7672.67539444267,7628.698495688278,8237.295206004472,6893.889447460875,8989.849318641538,1131.055968354696,8242.74126157777,1100.2558665369581,8297.292584903651,1049.1746543911318,1691.6810124560834,3375.3290929415507,0.1972222222222222,0.4896117233479478,-0.8660254037844386,0.5000000000000001,-2.4492935982947064e-16,1.0,18,291,0,0,0,0,3,-0.9562348265919058,0.2926003356333479,-0.9749279121818236,-0.2225209339563146,8577.537527946342,9864.168157138294,9459.11777387416,7245.523102310232,9092.076320132011,8819.206244011499,8907.704647077611,8492.579061002874,5621.963168316832,5006.59603960396,8425.942681023862,1115.2317235222197,8256.978806862253,1065.5142404908554,8009.438291990489,1026.0505614245833,7984.589312729083,1039.7925861693204,7699.419822559734,1008.6412554571052,7608.465696865193,975.6823638207343,7582.941291452264,971.0684510400005,7298.172037742052,969.1522094666436,6899.254571469466,1042.4419984739532,0.04106280193236711,405.0503832641316,0.4173191356091446,3023.6954380921934,0.8820378743978319,4812.78289683807,3023.6954380921934,1776.6394793995514,4812.78289683807,2025-10-18
2025,10,4,6,42,1,9913.999565633982,10269.218540402426,8577.537527946342,8122.791887575854,7672.67539444267,9864.168157138294,7320.860204407537,9586.918544660914,892.0104582832518,8697.48690194826,1139.0744400051137,8513.387531672523,1095.7935673713455,-355.21897476844424,2593.1393612264446,-0.03459065296652297,0.35421238608889705,-0.8660254037844386,0.5000000000000001,-2.4492935982947064e-16,1.0,19,292,0,0,0,0,3,-0.9510565162951536,0.30901699437494723,-0.7818314824680299,0.6234898018587334,10269.218540402426,9525.151197700416,9136.302829766846,7622.571683168317,8745.27603960396,8459.90272756308,8561.199361226445,6376.78647077611,5942.313772277227,4621.473267326733,8481.492447871515,1186.5148036318778,8312.528573709906,1133.0175483175678,8085.819221406012,1080.122588254669,8026.329438658728,1093.5289418724099,7725.385837525284,1046.578122097555,7624.570461203379,1002.3968425561443,7622.2436591729065,993.0357650771799,7320.236958816258,983.2206569959804,6913.956033409208,1047.5367336308743,0.040823327615780336,388.8483679335659,0.30061086700246475,2291.427882465665,0.5227662102523065,3403.479763653784,2291.427882465665,3537.2130948578715,3403.479763653784,2025-10-19
2025,10,4,0,43,0,7477.161999361227,9913.999565633982,10269.218540402426,8577.537527946342,8122.791887575854,9525.151197700416,7364.837103161928,9220.126701799209,1519.8649925132936,8672.230819227083,1168.8036525949606,8522.74793968913,1085.5221963033496,-2436.837566272755,112.32489619929856,-0.2457976268951878,0.015251511286118458,-0.8660254037844386,0.5000000000000001,-2.4492935982947064e-16,1.0,20,293,0,0,0,0,3,-0.9455963874271428,0.3253420847119795,0.0,1.0,9913.999565633982,7185.525723411051,6893.889447460875,9092.076320132011,6571.619108910892,6340.025595656341,6428.251695943789,6738.813015011178,5950.33308910891,4814.034653465346,8523.154773007254,1137.5341701074046,8354.190898845645,1086.613433303271,8031.988744046985,1068.4222660719413,8058.670256174811,1061.8444207861548,7745.6918447343005,1030.1122488262133,7637.057488625014,993.811002261997,7630.4475367767955,988.6957950855616,7328.719341650994,977.9080102922384,6921.353609370031,1042.0550355350945,0.0405866302864939,291.63627595017533,-0.17761777001310275,-1614.9143207707848,0.013359314225980246,98.57289045033576,-1614.9143207707848,738.3489843500483,98.57289045033576,2025-10-20
2025,10,4,1,43,0,7936.536786969019,7477.161999361227,9913.999565633982,10269.218540402426,8577.537527946342,7185.525723411051,7798.751580964548,8442.566117321405,1294.8334230634434,8716.207717981475,1127.922049410903,8534.230040189503,1077.8696813573736,459.3747876077923,137.78520600447064,0.06143705160420976,0.017667597765363086,-0.8660254037844386,0.5000000000000001,-2.4492935982947064e-16,1.0,21,294,0,0,0,0,3,-0.9398560579418953,0.341570769167856,0.7818314824680298,0.6234898018587336,7477.161999361227,7628.698495688278,7320.860204407537,8745.27603960396,6950.074587458746,6687.075487064835,6793.137419354839,6746.57364420313,6271.949900990098,5134.970297029703,8567.131671761645,1102.6056098405809,8398.167797600037,1053.5310911778595,8005.030768959154,1059.9737855898509,8093.901049014464,1039.836968684953,7768.0036536611615,1020.2503609182954,7650.669385858518,989.9356709910489,7643.669349474195,984.6915247072056,7337.967046573099,975.7269643336132,6929.135738508751,1039.1340964111976,0.04035266191929465,307.83829128074103,-0.09247726989662464,-808.7392526349404,0.6486247728308236,3122.5021335036727,-808.7392526349404,1189.9631427658887,3122.5021335036727,2025-10-21
2025,10,4,2,43,0,7980.513685723411,7936.536786969019,7477.161999361227,9913.999565633982,10269.218540402426,7628.698495688278,8237.295206004472,7798.070824017883,278.7836925160769,8692.494684339401,1144.2700958491869,8512.831580166081,1086.8122831238716,43.976898754392096,-256.7815202810607,0.005541069100391205,-0.03117303846217423,-0.8660254037844386,0.5000000000000001,-2.4492935982947064e-16,1.0,22,295,0,0,0,0,4,-0.9338372288229252,0.35769823883312546,0.9749279121818236,-0.22252093395631434,7936.536786969019,7672.67539444267,7364.837103161928,6571.619108910892,6963.44011551155,6681.901734270201,6800.89804854679,7109.8255509421915,6594.410851485148,5263.344554455446,8611.108570516039,1066.5337657767318,8442.144696354428,1019.3756749705676,8051.993921519572,1024.906292221953,8130.225105093458,1016.3845767767864,7791.193152794253,1009.8201722553925,7664.712429158239,986.0951899181018,7653.343662082876,983.6643262085269,7345.667617874422,975.2954947795655,6936.683430540051,1036.8665413347146,0.04012137559002027,307.83829128074103,0.21439078459402894,1408.8945768125195,0.8284116727401056,3615.7889332481636,1408.8945768125195,870.6881347812196,3615.7889332481636,2025-10-22
2025,10,4,3,43,0,8446.83219418716,7980.513685723411,7936.536786969019,7477.161999361227,9913.999565633982,7672.67539444267,9864.168157138294,8121.294222293195,282.7803392469801,8670.710462046205,1148.133951983813,8394.720249920152,1000.1641803830928,466.3185084637489,-1417.3359629511342,0.058432141943188576,-0.1436853002070394,-0.8660254037844386,0.5000000000000001,-2.4492935982947064e-16,1.0,23,296,0,0,0,0,4,-0.9275416835791965,0.3737197147904692,0.43388373911755823,-0.900968867902419,7980.513685723411,8122.791887575854,7798.751580964548,6950.074587458746,7344.005940594059,7028.134717342702,7167.009134461834,7473.894366017247,7861.040841584158,5455.90594059406,8657.400042889081,1048.6895698388046,8488.436168727472,1002.4859344221186,8101.885841743851,1005.6658329430907,8169.611757007498,1006.1050356408193,7816.527036309334,1008.1232444157935,7679.948417964492,988.1975343029,7664.154082395874,987.0106053764723,7348.922014277771,977.9984135599598,6944.991559022254,1036.9511595578006,0.03989272544418365,324.0403066113058,0.21535849549431885,1496.7576067284144,0.687140749397336,3440.2361545832,1496.7576067284144,972.9378281699128,3440.2361545832,2025-10-23
2025,10,4,4,43,0,8917.779849888215,8446.83219418716,7980.513685723411,7936.536786969019,7477.161999361227,8122.791887575854,9525.151197700416,8448.37524326626,468.63498735411963,8445.470680293836,870.9162196934059,8344.105970935803,951.9638944408708,470.9476557010548,-607.3713478122008,0.05575435203094781,-0.06376500857632939,-0.8660254037844386,0.5000000000000001,-2.4492935982947064e-16,1.0,24,297,0,0,0,0,4,-0.9209712877166346,0.38963044953078774,-0.433883739117558,-0.9009688679024191,8446.83219418716,8577.537527946342,8237.295206004472,6963.44011551155,7725.978663366337,7373.823094857874,7533.937128712872,8907.704647077611,7556.728871287129,5327.531683168317,8706.006088880777,1052.2500235197185,8537.042214719168,1005.8637000027702,8167.0304995564065,992.5908075652557,8212.176085097566,1011.8354281853699,7844.097692649161,1016.8703256451378,7696.422736073723,997.227856022505,7664.26602909377,987.1537945607485,7356.483408603333,984.8515196631034,6954.964470596476,1038.6151843090413,0.03966666666666674,340.24232194187243,0.2806572185525422,1954.3397343766646,0.9296400377204084,4296.306582561482,1954.3397343766646,10.075202810603514,4296.306582561482,2025-10-24
2025,10,4,5,43,1,10674.26892366656,8917.779849888215,8446.83219418716,7980.513685723411,7936.536786969019,8577.537527946342,7185.525723411051,9346.293655913976,1173.919357291841,8572.182239965932,1140.7983971833944,8634.834570957095,1088.8551781735807,1756.4890737783444,3488.743200255508,0.19696483915784957,0.4855237229043503,-0.8660254037844386,0.5000000000000001,-2.4492935982947064e-16,1.0,25,298,0,0,0,0,4,-0.9141279881853337,0.4054257283599973,-0.9749279121818236,-0.2225209339563146,8917.779849888215,10269.218540402426,9864.168157138294,7344.005940594059,9215.1798679868,8771.55325774513,8962.165202810604,8561.199361226445,5675.143900990099,5648.4673267326725,8763.870429347082,1158.3298405395976,8594.906555185471,1106.3627854930858,8278.039265658823,1079.7676239910675,8264.2864085147,1099.2041930313121,7878.074758112044,1078.3525813327346,7716.80492322677,1039.9897441747396,7687.74457978755,1032.7996143813662,7384.256325395981,1007.4024294657039,6968.925030587959,1054.6582526260286,0.03944315545243615,405.0503832641334,0.45346681497960684,3330.2629830725,1.217322826287253,5860.234270201213,3330.2629830725,2113.069562440114,5860.234270201213,2025-10-25
2025,10,4,6,43,1,10302.84793356755,10674.26892366656,8917.779849888215,8446.83219418716,7980.513685723411,10269.218540402426,7628.698495688278,9964.965569040773,925.7088288275841,9043.129895666985,1180.8885776646866,8857.680357447034,1136.8096278862445,-371.42099009900994,2674.1494378792713,-0.03479591836734697,0.35053809498313426,-0.8660254037844386,0.5000000000000001,-2.4492935982947064e-16,1.0,26,299,0,0,0,0,4,-0.9070138128026362,0.42110087079608916,-0.7818314824680299,0.6234898018587334,10674.26892366656,9913.999565633982,9525.151197700416,7725.978663366337,8863.455445544554,8414.155860747365,8597.143328010221,6428.251695943789,5998.448990099009,6739.648514851485,8819.420196194735,1229.7982496524758,8650.456322033124,1174.11209513725,8363.934907998864,1135.398804683193,8315.69328308695,1160.227963755945,7911.801402269547,1123.9935189883213,7737.110930435785,1073.4979202534046,7730.795649094479,1060.102372541363,7408.169652859695,1025.252825418646,6978.822806751059,1069.121359970385,0.039222148978246496,388.8483679335677,0.3335330554845757,2576.869270201212,1.0064084770903503,5167.877636537846,2576.869270201212,3874.5962376237603,5167.877636537846,2025-10-26
2025,10,4,0,44,0,7768.798275311401,10302.84793356755,10674.26892366656,8917.779849888215,8446.83219418716,9913.999565633982,7672.67539444267,9581.9717108485,1581.197906169434,9015.173477057382,1213.8511083873543,8865.69059751943,1128.0052743954027,-2534.049658256148,96.12288086873104,-0.24595623215984774,0.012527948326649163,-0.8660254037844386,0.5000000000000001,-2.4492935982947064e-16,1.0,27,300,0,0,0,0,4,-0.8996308696522434,0.4366512319560638,0.0,1.0,10302.84793356755,7477.161999361227,7185.525723411051,9215.1798679868,6660.253663366337,6305.715445544555,6442.956045991697,6793.137419354839,6006.468306930692,7638.268316831683,8861.082521330474,1180.7075221672244,8692.118647168863,1127.5572138711902,8315.722188243019,1128.694982832687,8355.284162084987,1119.8579045474157,7937.927881372526,1102.7864812784599,7752.8947664991165,1063.9450144544014,7741.636325271776,1055.3841677894666,7417.960374906254,1020.1946702896707,6979.185389969058,1069.3677338140567,0.03900360537528669,291.6362759501744,-0.15695641467618837,-1446.3815926753996,0.47601932477232123,2505.453720855955,-1446.3815926753996,975.660855956562,2505.453720855955,2025-10-27
2025,10,4,1,44,0,8244.37507824976,7768.798275311401,10302.84793356755,10674.26892366656,8917.779849888215,7477.161999361227,8122.791887575854,8772.007095709567,1346.9033287558398,9059.150375811774,1172.960191031465,8875.822530075588,1121.2516341637618,475.576802938358,121.58319067390494,0.06121626358219423,0.01496815286624198,-0.8660254037844386,0.5000000000000001,-2.4492935982947064e-16,1.0,28,301,0,0,0,0,4,-0.8919813464595487,0.45207220393230374,0.7818314824680298,0.6234898018587336,7768.798275311401,7936.536786969019,7628.698495688278,8863.455445544554,7043.633283828382,6669.398498349835,6795.724295752157,6800.89804854679,6331.039603960396,6024.4306930693065,8905.059420084865,1145.7477179750656,8736.095545923255,1094.410443866931,8295.086175999859,1123.9849352099714,8398.167797600036,1090.3717890764854,7966.052463156454,1089.8543590125976,7770.140609147896,1059.9764197607838,7757.67495893514,1051.8896177906822,7428.590016430084,1018.7732765023256,6985.351902150114,1070.247098477476,0.03878748370273777,307.8382912807401,-0.06984639016897098,-619.080367294795,0.5110918641225843,2788.4691376556993,-619.080367294795,1443.477029702969,2788.4691376556993,2025-10-28
2025,10,4,2,44,0,8288.351977004151,8244.37507824976,7768.798275311401,10302.84793356755,10674.26892366656,7936.536786969019,8577.537527946342,8100.508443521768,288.10973374155344,9032.737006281273,1191.1497528219907,8851.723734163737,1131.3080194231316,43.976898754392096,-289.1855509421912,0.005334170065892652,-0.0337142857142857,-0.8660254037844386,0.5000000000000001,-2.4492935982947064e-16,1.0,29,302,0,0,0,0,5,-0.8840675099433637,0.46735921715800205,0.9749279121818236,-0.22252093395631434,8244.37507824976,7980.513685723411,7672.67539444267,6660.253663366337,7056.998811881188,6682.76402640264,6790.550542957522,7167.009134461834,6661.887480038326,5462.1504950495055,8949.036318839257,1109.6870791299114,8780.072444677648,1060.227885285548,8349.356119787784,1080.8032310612405,8442.144696354428,1058.646260122028,7994.723676560053,1076.5183984593557,7787.971578600832,1055.8893353137748,7770.134323852278,1051.4556422335381,7437.625930302115,1019.1479086087542,6993.20246182221,1069.4080277462303,0.03857374392220403,307.8382912807401,0.24444989574389786,1628.0983136378145,0.5557583642703023,2960.8202938358345,1628.0983136378145,1121.3428425423172,2960.8202938358345,2025-10-29
2025,10,4,3,44,0,8770.872500798467,8288.351977004151,8244.37507824976,7768.798275311401,10302.84793356755,7980.513685723411,10269.218540402426,8434.53318535079,292.1071605470728,9008.252448099649,1195.4873130342396,8726.861564196743,1039.6063433853917,482.5205237943155,-1498.346039603959,0.05821670280570346,-0.1459065296652302,-0.8660254037844386,0.5000000000000001,-2.4492935982947064e-16,1.0,30,303,0,0,0,0,5,-0.8758917051442433,0.48250774176121763,0.43388373911755823,-0.900968867902419,8288.351977004151,8446.83219418716,8122.791887575854,7043.633283828382,7474.711274353242,7048.557425742574,7142.501884381987,7533.937128712872,7947.837352283615,6265.4079207920795,8995.3277912123,1091.8612199563408,8826.36391705069,1043.3359034293903,8406.930760353454,1054.5345739484512,8488.43616872747,1042.99949827239,8025.479302900335,1073.5942857055138,7807.356943081982,1058.8399339674588,7783.878050208785,1056.406011269763,7442.198347793865,1023.2876355694746,7000.162085655563,1072.8056907444338,0.03836234687298523,324.04030661130673,0.24521992377651003,1727.2392169700843,0.5527880384982122,3122.405174065794,1727.2392169700843,1236.9353720855943,3122.405174065794,2025-10-30
2025,10,4,4,44,0,9258.022171830087,8770.872500798467,8288.351977004151,8244.37507824976,7768.798275311401,8446.83219418716,9913.999565633982,8772.415549877565,484.8369390153658,8772.211322793568,905.3652433296286,8672.196781379751,987.4471648078866,487.1496710316205,-655.9773938038943,0.05554175721825527,-0.06616677653262992,-0.8660254037844386,0.5000000000000001,-2.4492935982947064e-16,1.0,31,304,0,1,0,0,5,-0.867456354729597,0.4975132889071803,-0.433883739117558,-0.9009688679024191,8770.872500798467,8917.779849888215,8577.537527946342,7056.998811881188,7897.0528840626,7415.757722772278,7493.908620249123,8962.165202810604,7646.262024912167,5783.453465346534,9043.933837203997,1095.4011717420574,8874.969963042387,1046.6975944556407,8480.298205685085,1033.7379232680732,8537.042214719168,1046.1263968795354,8058.376882347797,1082.7578713962023,7828.358294886516,1069.9843342165982,7787.165349864556,1060.565905248284,7451.152570832298,1032.0971486752878,7009.813665395794,1077.4485532880085,0.03815325424815663,340.24232194187243,0.3118922673252047,2201.0233599488993,0.37366542949964177,2518.3736569786024,2201.0233599488993,295.8569690194836,2518.3736569786024,2025-10-31
2025,11,4,5,44,1,11079.319306930693,9258.022171830087,8770.872500798467,8288.351977004151,8244.37507824976,8917.779849888215,7477.161999361227,9702.737993186412,1216.7829656553354,8901.623218354094,1181.3420591089414,8972.376557010539,1128.571377150863,1821.2971351006054,3602.157307569466,0.1967263743051264,0.4817546159729049,-0.5000000000000004,0.8660254037844384,-2.4492935982947064e-16,1.0,1,305,1,0,0,0,1,-0.858763958275803,0.5123714121284235,-0.9749279121818236,-0.2225209339563146,9258.022171830087,10674.26892366656,10269.218540402426,7474.711274353242,9459.11777387416,8845.869224422442,8914.512216544235,8597.143328010221,5746.95014372405,6024.4306930693065,9101.7981776703,1201.4425985222729,8932.834303508691,1147.2655481278362,8600.451806770998,1118.8110638116334,8594.906555185473,1139.6469468957876,8098.259919535444,1151.2595917278452,7854.129807867306,1121.3005802224066,7814.745082963672,1112.8511772723605,7480.776843961224,1059.082849356013,7023.855022656522,1097.3256452847866,0.0379464285714286,405.0503832641334,0.48224043715846987,3604.608032577451,0.45050145495888283,3441.05099009901,3604.608032577451,2482.1759789204716,3441.05099009901,2025-11-01
2025,11,4,6,44,1,10683.418297029702,11079.319306930693,9258.022171830087,8770.872500798467,8288.351977004151,10674.26892366656,7936.536786969019,10340.253258596824,957.9157041636769,9387.39322197381,1220.9432153389814,9201.283349515596,1176.911476457645,-395.9010099009902,2746.8815100606835,-0.035733333333333395,0.34610581211830094,-0.5000000000000004,0.8660254037844384,-2.4492935982947064e-16,1.0,2,306,0,0,0,0,1,-0.8498170915275277,0.5270777086423724,-0.7818314824680299,0.6234898018587334,11079.319306930693,10302.84793356755,9913.999565633982,7897.0528840626,9136.302829766846,8508.917227722772,8551.396461194507,6442.956045991697,6079.159533695304,6426.059405940594,9156.165372450609,1271.4228937170724,8987.792784322672,1214.3504137273462,8693.330653869903,1172.7596785688863,8650.160679016288,1202.6322407680946,8137.090295773068,1200.9609283804657,7879.511020198679,1160.7108516805397,7861.861330197429,1143.4652895331012,7506.3560593130815,1080.428008785846,7035.681019576214,1113.684265007182,0.03693836557775665,380.5703634621532,0.3528361090996861,2786.365412967102,0.7733490252149868,4658.987603960396,2786.365412967102,4240.462251038006,4658.987603960396,2025-11-02
2025,11,4,0,45,0,8048.017544554456,10683.418297029702,11079.319306930693,9258.022171830087,8770.872500798467,10302.84793356755,7980.513685723411,9936.918382838281,1647.7694574976692,9354.666966357925,1259.723966347534,9206.90867108485,1170.6909603671572,-2635.400752475246,67.50385883104536,-0.24668141592920345,0.008458585686258013,-0.5000000000000004,0.8660254037844384,-2.4492935982947064e-16,1.0,3,307,0,0,0,0,1,-0.8406184056344783,0.5416278206559811,0.0,1.0,10683.418297029702,7768.798275311401,7477.161999361227,9459.11777387416,6893.889447460875,6394.35,6408.645895879911,6795.724295752157,6092.09391568189,6586.710891089109,9196.05383948533,1224.1434805363026,9028.568180407903,1168.4409509783861,8646.293979559247,1169.279446270027,8691.379539626772,1159.2026657381807,8166.620073354397,1177.4305701516498,7899.027349349566,1149.408854132141,7875.775699628565,1137.9521641063388,7517.222301695707,1075.9512468490643,7039.740204724728,1114.7059243107904,0.03594111461619365,279.21926924305535,-0.1491788413098235,-1411.1002293197043,0.4734155625789864,2585.867049504951,-1411.1002293197043,1252.2932488022998,2585.867049504951,2025-11-03
2025,11,4,1,45,0,8532.553108910892,8048.017544554456,10683.418297029702,11079.319306930693,9258.022171830087,7768.798275311401,8446.83219418716,9087.99631683168,1402.7551994042935,9395.36715500905,1221.755037877912,9214.052080645162,1165.883098983113,484.5355643564353,85.72091472373177,0.0602055800293686,0.010148291424887379,-0.5000000000000004,0.8660254037844384,-2.4492935982947064e-16,1.0,4,308,0,0,0,0,1,-0.8311706263658079,0.5560174366570446,0.7818314824680298,0.6234898018587336,8048.017544554456,8244.37507824976,7936.536786969019,9136.302829766846,7320.860204407537,6762.957194719472,6759.5080261897165,6790.550542957522,6426.345576493133,6827.688118811881,9237.222129579779,1191.2067077658435,9071.140774832322,1135.999382203053,8626.168988864047,1165.7452276145414,8734.654286216179,1128.350796358697,8198.22000039353,1162.7285270736468,7920.135028905772,1144.5002328642736,7895.131283694714,1134.0944604320443,7528.9234546535845,1075.4740773121046,7044.4759408083355,1117.420712336955,0.03495450266708522,288.17803066113265,-0.06608249880782047,-603.7497208559544,0.36185117023189717,2267.1451881188123,-603.7497208559544,1742.0025659533694,2267.1451881188123,2025-11-04
2025,11,4,2,45,0,8569.976587458745,8532.553108910892,8048.017544554456,10683.418297029702,11079.319306930693,8244.37507824976,8917.779849888215,8383.515746974697,291.15187112067196,9361.884502785762,1244.82740576871,9185.068475442706,1178.1762801889424,37.42347854785294,-347.8032624294701,0.004385964912280382,-0.0390011043425601,-0.5000000000000004,0.8660254037844384,-2.4492935982947064e-16,1.0,5,309,0,0,0,0,1,-0.8214765533024145,0.5702422926917867,0.9749279121818236,-0.22252093395631434,8532.553108910892,8288.351977004151,7980.513685723411,6893.889447460875,7364.837103161928,6776.322722772277,6754.334273395081,7142.501884381987,6761.958751197701,6667.036633663367,9277.454216787577,1158.1142880347827,9113.245267813418,1102.9090488812287,8682.038560197308,1119.0916735715673,8777.694982083922,1096.7053120145442,8230.249533691504,1147.4519654642907,7941.74981835891,1139.3512364209719,7910.9921137289,1133.4320757437938,7538.967998188368,1076.7132896170488,7049.761885124434,1120.127904205346,0.03397836038285473,281.6246104545935,0.24312648944714343,1676.0871399978696,0.48180955182030627,2786.5231221122103,1676.0871399978696,1427.4747030767576,2786.5231221122103,2025-11-05
2025,11,4,3,45,0,9060.421122112211,8569.976587458745,8532.553108910892,8048.017544554456,10683.418297029702,8288.351977004151,10674.26892366656,8720.983606160613,294.5564455468575,9328.95099449945,1250.724705205074,9050.58115864651,1080.81912313814,490.4445346534667,-1613.8478015543478,0.05722822339692035,-0.1511904761904761,-0.5000000000000004,0.8660254037844384,-2.4492935982947064e-16,1.0,6,310,0,0,0,0,1,-0.8115390590073611,0.5842981736283683,0.43388373911755823,-0.900968867902419,8569.976587458745,8770.872500798467,8446.83219418716,7320.860204407537,7798.751580964548,7147.040264026403,7104.379495368892,7493.908620249123,8066.969817949537,7068.665346534653,9318.818305546683,1142.064916371487,9157.073048379492,1086.4586287614047,8740.023924120798,1090.8414470564437,8822.754608553481,1080.7977531577524,8264.417049014462,1143.0898938020243,7965.0360282010915,1142.0165558416227,7928.397808194045,1138.9697603078107,7544.487172100381,1081.9682834778316,7055.294540056594,1125.1293145707848,0.03301252199110016,289.54862131374466,0.23761701072469177,1739.5609177046745,0.5039464446882265,3035.990429042905,1739.5609177046745,1566.5125018630888,3035.990429042905,2025-11-06
2025,11,4,4,45,0,9554.80497029703,9060.421122112211,8569.976587458745,8532.553108910892,8048.017544554456,8770.872500798467,10302.84793356755,9061.73422662266,492.4155045219007,9074.865271727173,940.364280815849,8988.244245040632,1021.9993165556082,494.3838481848179,-748.04296327052,0.054565217391304266,-0.07260545512210592,-0.5000000000000004,0.8660254037844384,-2.4492935982947064e-16,1.0,7,311,0,0,0,0,1,-0.8013610881746769,0.5981809144059159,-0.433883739117558,-0.9009688679024191,9060.421122112211,9258.022171830087,8917.779849888215,7364.837103161928,8237.295206004472,7519.164702970298,7453.880111785373,8914.512216544235,7760.629191951452,8434.202970297029,9361.215848184818,1144.936993459503,9202.574842694406,1089.0025159608297,8813.0228530253,1068.6920924889293,8869.808528706788,1083.0424082541642,8300.767768073869,1151.2972977773754,7990.047038421469,1153.6338042731034,7935.512172124631,1147.1687746513542,7554.454815313413,1092.1867950819128,7058.407323389927,1130.4921779089789,0.032056825200740935,296.78279846694204,0.2973545560423716,2189.967867135101,0.48688400880079863,3128.7455643564354,2189.967867135101,640.2927537527939,3128.7455643564354,2025-11-07
2025,11,4,5,45,1,11424.009240924092,9554.80497029703,9060.421122112211,8569.976587458745,8532.553108910892,9258.022171830087,7768.798275311401,10013.078444444442,1246.6547764628015,9198.29709570957,1205.0765091848841,9292.845158841692,1160.7924673672655,1869.2042706270622,3655.2109656126904,0.19562976705833846,0.47049889005724976,-0.5000000000000004,0.8660254037844384,-2.4492935982947064e-16,1.0,8,312,0,0,0,0,2,-0.7909456567567774,0.6118864012687242,-0.9749279121818236,-0.2225209339563146,9554.80497029703,11079.319306930693,10674.26892366656,7798.751580964548,9864.168157138294,8968.972772277228,8866.859230277867,8551.396461194507,5832.725519003513,9558.763366336632,9410.457267326734,1235.0133857987814,9256.127722498517,1181.452196421273,8933.864775023952,1151.781251217043,8925.517138841995,1172.5056549955382,8344.607705013992,1221.788640097637,8020.489300452971,1209.4394826887121,7967.430091899404,1203.0965295963094,7585.517502657416,1122.047974339501,7063.588561930448,1146.149598739018,0.03111111111111109,344.6899339933989,0.46485102420856594,3625.257659959543,0.7344027132539193,4837.298349834982,3625.257659959543,2872.612779729585,4837.298349834982,2025-11-08
2025,11,4,6,45,1,11014.320633663365,11424.009240924092,9554.80497029703,9060.421122112211,8569.976587458745,11079.319306930693,8244.37507824976,10664.37828162816,982.5099941698026,9692.68094389439,1246.5434668286935,9523.673955126158,1207.8017513967957,-409.6886072607267,2769.9455554136057,-0.035862068965517246,0.33598005053424274,-0.5000000000000004,0.8660254037844384,-2.4492935982947064e-16,1.0,9,313,0,0,0,0,2,-0.780295851070776,0.6254105729852457,-0.7818314824680299,0.6234898018587334,11424.009240924092,10683.418297029702,10302.84793356755,8237.295206004472,9525.151197700416,8627.096633663366,8505.649594378794,6408.645895879911,6169.700207601405,5656.633663366337,9457.72902970297,1296.65299628956,9306.94720107679,1243.6065183582552,9026.43228927925,1204.2657878157154,8978.701761554958,1232.92958733395,8387.236705013991,1272.4208395712192,8050.354431873026,1251.7961279812682,8018.6042556525545,1233.6131017516234,7612.432060579983,1145.7506334957664,7078.471025736828,1162.4972786372134,0.030973451327433565,330.90233663366234,0.3371283119287283,2777.025427658893,0.6131844984712072,4186.632514851483,2777.025427658893,4605.674737783454,4186.632514851483,2025-11-09
2025,11,4,0,46,0,8296.194297029702,11014.320633663365,11424.009240924092,9554.80497029703,9060.421122112211,10683.418297029702,8288.351977004151,10244.84139053905,1699.9647966977516,9653.287808580857,1293.3924787299015,9524.327481794955,1207.0744713672912,-2718.1263366336625,7.842320025551089,-0.24678111587982832,0.0009461856889414477,-0.5000000000000004,0.8660254037844384,-2.4492935982947064e-16,1.0,10,314,0,0,0,0,2,-0.7694148268839381,0.6387494220515268,0.0,1.0,11014.320633663365,8048.017544554456,7768.798275311401,9864.168157138294,7185.525723411051,6482.9845544554455,6374.335745768126,6759.5080261897165,6182.63458958799,5128.681188118812,9493.18285148515,1254.3877395110705,9344.61834548524,1200.6759296987248,8974.166493942297,1200.673967109791,9018.368496327052,1190.2286499499182,8419.615450417103,1245.8762277950075,8073.2337003404255,1238.2843368405981,8035.678547550777,1226.6049309239581,7624.17405895466,1141.8392998283211,7087.2696732615805,1159.6823501569957,0.03083700440528614,248.17675247524585,-0.15895652173913044,-1567.973860108592,0.24436008872972925,1629.1576633663353,-1567.973860108592,1536.6862708399858,1629.1576633663353,2025-11-10
2025,11,4,1,46,0,8794.517458745873,8296.194297029702,11014.320633663365,11424.009240924092,9554.80497029703,8048.017544554456,8770.872500798467,9368.344129812978,1447.0696188491931,9690.711287128712,1258.5579630388324,9526.297894957237,1205.7513027422515,498.32316171617094,23.64495794740651,0.06006647673314336,0.002695850150056689,-0.5000000000000004,0.8660254037844384,-2.4492935982947064e-16,1.0,11,315,0,0,0,0,2,-0.7583058084785625,0.6518989958787125,0.7818314824680298,0.6234898018587336,8296.194297029702,8532.553108910892,8244.37507824976,9525.151197700416,7628.698495688278,6856.515891089109,6723.291756627275,6754.334273395081,6521.65154902587,5882.89900990099,9530.606330033,1224.5034243644138,9383.914229806393,1170.521000146876,8949.812035977146,1196.5152956203192,9060.004887864823,1159.8176826538402,8454.222621268116,1228.4625953995996,8097.8911491751705,1231.683772946236,8058.3472496102295,1221.500065419274,7636.801091786437,1142.1461442245056,7095.3575022861505,1161.4112413208456,0.030701754385964675,261.9643498349815,-0.07670573661139712,-730.6337389545424,0.2441553005557553,1725.8521122112206,-730.6337389545424,2040.183185350792,1725.8521122112206,2025-11-11
2025,11,4,2,46,0,8831.940937293728,8794.517458745873,8296.194297029702,11014.320633663365,11424.009240924092,8532.553108910892,9258.022171830087,8640.8842310231,299.09612524059975,9652.631256325632,1284.6292088229718,9490.791125412541,1220.5523785842856,37.42347854785476,-426.08123453635926,0.004255319148936065,-0.04602292224281135,-0.5000000000000004,0.8660254037844384,-2.4492935982947064e-16,1.0,12,316,0,0,0,0,2,-0.7469720876965551,0.6648553979642867,0.9749279121818236,-0.22252093395631434,8794.517458745873,8569.976587458745,8288.351977004151,7185.525723411051,7672.67539444267,6869.881419141914,6718.118003832641,7104.379495368892,6862.030022357074,5430.368316831683,9568.029808580857,1193.8712960468804,9422.742012684217,1140.0021546862297,9004.692543106567,1149.6423436077446,9101.407228680933,1128.7343661857442,8489.259398377972,1210.2998050503354,8123.055707906849,1224.7280977327478,8077.542376742726,1219.913362322065,7647.745041313862,1144.1169395586978,7104.806315120767,1161.6647139871186,0.03056768558951961,261.9643498349833,0.22912940225354927,1646.4152138826767,0.04715774192267186,397.73796699669947,1646.4152138826767,1727.561441924836,397.73796699669947,2025-11-12
2025,11,4,3,46,0,9336.17306930693,8831.940937293728,8794.517458745873,8296.194297029702,11014.320633663365,8569.976587458745,11079.319306930693,8987.543821782174,302.50106340129236,9616.192606160615,1291.0437770535593,9345.528938943893,1113.3283810077216,504.2321320132014,-1743.1462376237632,0.05709188224799289,-0.15733333333333344,-0.5000000000000004,0.8660254037844384,-2.4492935982947064e-16,1.0,13,317,0,0,0,0,2,-0.7354170229639858,0.6776147890466887,0.43388373911755823,-0.900968867902419,8831.940937293728,9060.421122112211,8770.872500798467,7628.698495688278,8122.791887575854,7245.523102310232,7066.257106355797,7453.880111785373,8186.102283615459,5656.633663366337,9607.42294389439,1178.7847035787504,9463.120624720537,1125.0503624300486,9061.608362227189,1121.0829960200845,9144.742270885614,1112.9533510471933,8526.592433502912,1203.4627423999664,8150.078516989603,1226.170848140241,8098.456742937411,1225.224657524952,7654.134323456592,1150.3345440926614,7115.027257915046,1165.0697100057876,0.030434782608695476,275.751947194718,0.22382252681551273,1707.4745736186514,-0.023286516100357257,-222.59029702970292,1707.4745736186514,1882.2929575215567,-222.59029702970292,2025-11-13
2025,11,4,4,46,0,9844.344514851486,9336.17306930693,8831.940937293728,8794.517458745873,8296.194297029702,9060.421122112211,10683.418297029702,9337.486173817379,506.20306611628143,9352.91515181518,969.7352599607492,9275.606123762376,1045.9749504572228,508.17144554455626,-839.0737821782168,0.05443037974683573,-0.07853982300884943,-0.5000000000000004,0.8660254037844384,-2.4492935982947064e-16,1.0,14,318,0,0,0,0,2,-0.7236440382959123,0.690173388242972,-0.433883739117558,-0.9009688679024191,9336.17306930693,9554.80497029703,9258.022171830087,7672.67539444267,8577.537527946342,7622.571683168317,7413.851603321623,8866.859230277867,7874.9963589907375,6033.742574257426,9648.785735973597,1181.7069066965962,9505.000792079209,1127.7380060999046,9133.997332907484,1098.1853627585622,9189.985377560797,1114.7889213774235,8566.266948354398,1209.7243168336283,8179.012956412577,1237.2154072462783,8109.317690543785,1236.3941836181268,7665.075146544709,1161.7554290995345,7125.612263305585,1172.5050533568665,0.030303030303030498,289.53954455445637,0.2830393583419102,2171.6691204088156,0.7403185535251697,4187.710851485149,2171.6691204088156,977.4852845736186,4187.710851485149,2025-11-14
2025,11,4,5,46,1,11768.699174917492,9844.344514851486,9336.17306930693,8831.940937293728,8794.517458745873,9554.80497029703,8048.017544554456,10316.405586358633,1283.1317372131223,9478.644908690869,1239.5828986100742,9585.662926292629,1190.477984951525,1924.3546600660065,3720.6816303630358,0.19547819127651067,0.4623103279490943,-0.5000000000000004,0.8660254037844384,-2.4492935982947064e-16,1.0,15,319,0,0,0,0,3,-0.7116566222817751,0.7025274741691566,-0.9749279121818236,-0.2225209339563146,9844.344514851486,11424.009240924092,11079.319306930693,8122.791887575854,10269.218540402426,9092.076320132011,8819.206244011499,8505.649594378794,5918.500894282977,6184.586138613861,9698.027155115511,1271.75919854999,9554.24221122112,1213.5521501412354,9255.527575818873,1181.0333141334338,9243.538257364908,1201.2198473004441,8614.063785046996,1281.6181059002593,8214.12596749479,1296.0584227956208,8145.573796994216,1294.6188097841466,7697.576248103789,1194.0050832492338,7141.12368840643,1196.7084107430867,0.030172413793103647,344.6899339934007,0.44884903341155447,3645.907287341638,1.2946833197939962,6640.01798679868,3645.907287341638,3263.049580538698,6640.01798679868,2025-11-15
2025,11,4,6,46,1,11345.222970297027,11768.699174917492,9844.344514851486,9336.17306930693,8831.940937293728,11424.009240924092,8532.553108910892,10986.088886688667,1011.1964111567671,9986.816354235423,1282.1328882204984,9820.05208140814,1240.1381194249175,-423.47620462046507,2812.6698613861354,-0.0359832635983266,0.3296398891966754,-0.5000000000000004,0.8660254037844384,-2.4492935982947064e-16,1.0,16,320,0,0,0,0,3,-0.6994583270516471,0.7146733860429608,-0.7818314824680299,0.6234898018587334,11768.699174917492,11014.320633663365,10683.418297029702,8577.537527946342,9913.999565633982,8745.27603960396,8459.90272756308,6374.335745768126,6260.240881507505,6410.851485148515,9745.298917491747,1333.4924040426004,9601.513973597359,1272.3842987395253,9347.783757230562,1233.1928175175046,9294.653378960016,1259.8278746355727,8660.49140880937,1332.5387785382702,8248.475018003528,1340.1355413569545,8200.80587726676,1323.9084455745874,7725.826148597064,1219.6866532882914,7154.830275865176,1216.4166932264748,0.030042918454935563,330.90233663366234,0.32266666666666644,2767.6854423506848,0.9285088782253241,5462.323960396037,2767.6854423506848,4970.887224528901,5462.323960396037,2025-11-16
2025,11,4,0,47,0,8544.37104950495,11345.222970297027,11768.699174917492,9844.344514851486,9336.17306930693,11014.320633663365,8569.976587458745,10552.76439823982,1752.1603540777242,9945.125286028602,1331.7632406120256,9817.918286578657,1242.504319560033,-2800.8519207920763,-25.605537953793828,-0.24687499999999984,-0.0029878188922085602,-0.5000000000000004,0.8660254037844384,-2.4492935982947064e-16,1.0,17,321,0,0,0,0,3,-0.6870527672236675,0.726607524768565,0.0,1.0,11345.222970297027,8296.194297029702,8048.017544554456,10269.218540402426,7477.161999361227,6571.619108910892,6340.025595656341,6723.291756627275,6273.175263494091,6260.00792079208,9780.752739273927,1291.1710884920205,9636.967795379536,1232.0435127814617,9290.288840867313,1228.952893056322,9332.76798789372,1218.2632111377832,8695.719122034265,1302.0395100127917,8274.71722578744,1323.797384292015,8221.040091632067,1314.9590025376096,7738.443902963791,1216.3181093844903,7161.175729000488,1217.6933733461826,0.02991452991453003,248.17675247524858,-0.16796287703016222,-1724.847490897475,0.5734422696562349,3114.002732673268,-1724.847490897475,1821.0792928776755,3114.002732673268,2025-11-17
2025,11,4,1,47,0,9056.481808580857,8544.37104950495,11345.222970297027,11768.699174917492,9844.344514851486,8296.194297029702,9060.421122112211,9648.691942794276,1491.3844249052506,9982.548764576457,1296.9249307874084,9817.590010451044,1242.7231494528876,512.1107590759057,-3.9393135313548555,0.05993545412632528,-0.0004347826086958939,-0.5000000000000004,0.8660254037844384,-2.4492935982947064e-16,1.0,18,322,0,0,0,0,3,-0.6744436188329457,0.7383263540031063,0.7818314824680298,0.6234898018587336,8544.37104950495,8794.517458745873,8532.553108910892,9913.999565633982,7936.536786969019,6950.074587458746,6687.075487064835,6718.118003832641,6616.957521558607,6637.116831683168,9818.176217821781,1261.2719382834948,9674.391273927393,1203.5438304235854,9261.704915632208,1223.9079667886888,9372.766024379858,1188.75189259691,8733.33353669716,1280.947960834518,8302.924443900727,1314.7733091889115,8247.021911684824,1308.012739116051,7751.99681566947,1217.342911052439,7167.896187269649,1221.4634420459079,0.029787234042553123,261.9643498349833,-0.08649564198344695,-857.517757053125,0.6010373567644516,3399.8481452145197,-857.517757053125,2338.3638047482154,3399.8481452145197,2025-11-18
2025,11,4,2,47,0,9093.905287128711,9056.481808580857,8544.37104950495,11345.222970297027,11768.699174917492,8794.517458745873,9554.80497029703,8898.252715071503,307.04120913123813,9942.170800880087,1324.5508515229826,9779.181703520351,1258.6042165464355,37.42347854785476,-460.899683168318,0.004132231404958775,-0.048237476808905555,-0.5000000000000004,0.8660254037844384,-2.4492935982947064e-16,1.0,19,323,0,0,0,0,3,-0.661634618242279,0.749826401204568,0.9749279121818236,-0.22252093395631434,9056.481808580857,8831.940937293728,8569.976587458745,7477.161999361227,7980.513685723411,6963.44011551155,6681.901734270201,7066.257106355797,6962.101293516448,7919.287128712871,9855.599696369636,1230.6465881174574,9711.814752475246,1174.3527094167528,9315.59635855779,1177.329023981838,9412.530010144332,1158.697585040447,8771.377557618895,1258.8736676701208,8331.638771910946,1305.248311953405,8269.551335915634,1304.9051201741304,7763.840171189538,1219.9823455319022,7171.159015487471,1225.0397932028004,0.029661016949152463,261.9643498349833,0.21622418879056027,1616.7432877674846,0.507174887759924,3060.1627128712853,1616.7432877674846,2027.6481807729142,3060.1627128712853,2025-11-19
2025,11,4,3,47,0,9611.92501650165,9093.905287128711,9056.481808580857,8544.37104950495,11345.222970297027,8831.940937293728,11424.009240924092,9254.104037403737,310.4464833084595,9903.434217821781,1331.3650100562713,9628.17468481848,1147.0836558292758,518.019729372938,-1812.0842244224423,0.05696339614468271,-0.1586206896551724,-0.5000000000000004,0.8660254037844384,-2.4492935982947064e-16,1.0,20,324,0,0,0,0,3,-0.6486295610349818,0.7611042586607742,0.43388373911755823,-0.900968867902419,9093.905287128711,9336.17306930693,9060.421122112211,7936.536786969019,8446.83219418716,7344.005940594059,7028.134717342702,7413.851603321623,8305.234749281379,8975.19207920792,9894.992831683168,1215.5696020116832,9751.207887788778,1159.9832409142753,9371.442632875545,1149.0542808741902,9454.140468084135,1143.554701238369,8811.876112545817,1248.5572981041898,8362.398180234268,1304.6044783216696,8293.974373839857,1309.2722380321866,7771.0995615629845,1227.088831389979,7172.927718091064,1228.1075108153948,0.029535864978903037,275.75194719471983,0.21109814954596406,1675.3882295326302,0.5541743297080102,3427.338877887788,1675.3882295326302,2198.0734131800264,3427.338877887788,2025-11-20
2025,11,4,4,47,0,10133.88405940594,9611.92501650165,9093.905287128711,9056.481808580857,8544.37104950495,9336.17306930693,11014.320633663365,9613.238121012098,519.9906296072988,9630.965031903188,999.1117030319255,9554.80497029703,1076.338661140217,521.959042904291,-880.4365742574246,0.05430327868852469,-0.07993562231759643,-0.5000000000000004,0.8660254037844384,-2.4492935982947064e-16,1.0,21,325,0,0,0,0,3,-0.6354323008901775,0.7721565844991641,-0.433883739117558,-0.9009688679024191,9611.92501650165,9844.344514851486,9554.80497029703,7980.513685723411,8917.779849888215,7725.978663366337,7373.823094857874,8819.206244011499,7989.363526030022,6021.237623762376,9936.355623762374,1218.4815924415896,9792.570679867986,1162.7622671231534,9443.221645331629,1126.2007119675857,9497.572761281195,1145.5213760419438,8854.874423189382,1251.9384158751257,8395.25604885984,1314.1289566620737,8308.581905122017,1322.4655325189779,7783.0135645261835,1239.567131651624,7184.351735967852,1236.4642535958485,0.02941176470588225,289.53954455445455,0.2698285421820352,2153.370373682529,0.5807391705894707,3723.032574257425,2153.370373682529,1314.6778153944415,3723.032574257425,2025-11-21
2025,11,4,5,47,1,12113.38910891089,10133.88405940594,9611.92501650165,9093.905287128711,9056.481808580857,9844.344514851486,8296.194297029702,10619.732728272824,1319.6087860358348,9758.992721672166,1274.0897502415212,9872.904537953795,1224.4315191623052,1979.505049504949,3817.194811881187,0.19533527696792996,0.4601139601139601,-0.5000000000000004,0.8660254037844384,-2.4492935982947064e-16,1.0,22,326,0,0,0,0,4,-0.622046748440868,0.7829801036770625,-0.9749279121818236,-0.2225209339563146,10133.88405940594,11768.699174917492,11424.009240924092,8446.83219418716,10674.26892366656,9215.1798679868,8771.55325774513,8459.90272756308,6004.27626956244,5459.255445544555,9985.59704290429,1308.5108094826937,9841.8120990099,1248.5951960579448,9565.440209155753,1210.1637719085936,9548.96991075421,1229.4809752696078,8906.628159634454,1324.8831415309473,8435.039808992766,1374.840893270605,8349.176198248104,1381.900627770796,7816.953080300342,1273.755675602617,7202.835440588313,1260.1138488959587,0.029288702928870203,344.68993399339706,0.4340747904577691,3666.5569147237293,0.9350437351169005,5853.381188118809,3666.5569147237293,3653.4863813478096,5853.381188118809,2025-11-22
2025,11,4,6,47,1,11676.125306930691,12113.38910891089,10133.88405940594,9611.92501650165,9093.905287128711,11768.699174917492,8794.517458745873,11307.799491749172,1039.88364245752,10280.951764576455,1317.7228499572147,10113.038525302529,1275.2280531449424,-437.26380198019797,2881.607848184818,-0.03609756097560979,0.327659574468085,-0.5000000000000004,0.8660254037844384,-2.4492935982947064e-16,1.0,23,327,0,0,0,0,4,-0.6084768701151264,0.7935716089521472,-0.7818314824680299,0.6234898018587334,12113.38910891089,11345.222970297027,11014.320633663365,8917.779849888215,10302.84793356755,8863.455445544554,8414.155860747365,6340.025595656341,6350.781555413606,6262.087128712871,10032.868805280526,1370.3323224437688,9889.083861386138,1307.5377192591363,9657.385057723837,1262.896319167222,9598.015531231464,1286.7262279850522,8956.854407159206,1375.5615338814573,8473.872778590186,1419.583716749786,8408.466195040042,1408.937437710712,7846.538323364325,1301.0635529704039,7217.874435527808,1280.989448943847,0.029166666666666785,330.90233663366416,0.3093085390616648,2758.3454570424765,0.7592164795402034,5039.008475247523,2758.3454570424765,5336.099711274351,5039.008475247523,2025-11-23
2025,11,4,0,48,0,8792.547801980198,11676.125306930691,12113.38910891089,10133.88405940594,9611.92501650165,11345.222970297027,8831.940937293728,10860.68740594059,1804.3561107033765,10236.962763476347,1370.1370030713347,10109.7557640264,1278.8712304544708,-2883.5775049504937,-39.393135313530365,-0.24696356275303633,-0.004460303300624302,-0.5000000000000004,0.8660254037844384,-2.4492935982947064e-16,1.0,24,328,0,0,0,0,4,-0.594726686960764,0.8039279618328208,0.0,1.0,11676.125306930691,8544.37104950495,8296.194297029702,10674.26892366656,7768.798275311401,6660.253663366337,6305.715445544555,6687.075487064835,6363.715937400191,5780.38811881188,10068.322627062706,1327.9580723508727,9924.537683168315,1267.129101289343,9594.66102033429,1257.3668135697744,9634.578014326778,1246.7476219248479,8994.931088205882,1339.883002643336,8503.47792569061,1399.613167759849,8431.860331872434,1397.4671936609884,7860.031833723104,1298.1907871783885,7226.241545758831,1281.4112615818196,0.029045643153526868,248.17675247524676,-0.17628571428571427,-1881.7211216863616,0.11027011132115105,873.2606732673266,-1881.7211216863616,2105.4723149153624,873.2606732673266,2025-11-24
2025,11,4,1,48,0,9318.446158415842,8792.547801980198,11676.125306930691,12113.38910891089,10133.88405940594,8544.37104950495,9336.17306930693,9929.039755775573,1535.699584103817,10274.386242024202,1335.2951954518826,10108.278521452145,1279.8559004235974,525.898356435644,-17.726910891087755,0.05981182795698925,-0.001898734177215089,-0.5000000000000004,0.8660254037844384,-2.4492935982947064e-16,1.0,25,329,0,0,0,0,4,-0.5808002734538014,0.8140460935082175,0.7818314824680298,0.6234898018587336,8792.547801980198,9056.481808580857,8794.517458745873,10302.84793356755,8244.37507824976,7043.633283828382,6669.398498349835,6681.901734270201,6712.263494091345,6021.237623762376,10105.746105610559,1298.0450114556247,9961.961161716172,1238.6035581581607,9561.847627829235,1251.0772213021296,9672.93769576128,1218.595490981675,9035.552746680658,1313.8800799719318,8535.014207358063,1387.5821797820356,8461.155269918498,1387.9733731776812,7874.510626302684,1299.850537320254,7235.40045835509,1284.5540588342435,0.02892561983471098,261.9643498349851,-0.09554656940479955,-984.4017751517076,0.03824476135759913,343.2540792079217,-984.4017751517076,2636.5444241456407,343.2540792079217,2025-11-25
2025,11,4,2,48,0,9355.869636963696,9318.446158415842,8792.547801980198,11676.125306930691,12113.38910891089,9056.481808580857,9844.344514851486,9155.621199119909,314.98706000337546,10231.710345434543,1364.474754661079,10067.572281628161,1296.6711357945373,37.42347854785476,-488.47487788778926,0.004016064257028162,-0.04961984793917573,-0.5000000000000004,0.8660254037844384,-2.4492935982947064e-16,1.0,26,330,0,0,0,0,4,-0.5667017562911184,0.8239230057575536,0.9749279121818236,-0.22252093395631434,9318.446158415842,9093.905287128711,8831.940937293728,7768.798275311401,8288.351977004151,7056.998811881188,6682.76402640264,7028.134717342702,7062.172564675823,6422.653465346535,10143.169584158415,1267.4261562741317,9999.384640264025,1209.4053866383158,9614.750006550978,1205.3626339175435,9711.063326474121,1190.037020347654,9076.604011414274,1286.5669839647542,8566.836893198075,1375.1880698204136,8487.018991247618,1382.6476780384435,7887.253387815394,1303.0813233771937,7243.548281054028,1288.6804594432099,0.02880658436214012,261.9643498349851,0.20428788409860976,1587.0713616522953,0.5538117280144266,3334.6320132013207,1587.0713616522953,2327.7349196209943,3334.6320132013207,2025-11-26
2025,11,4,3,48,0,9887.676963696367,9355.869636963696,9318.446158415842,8792.547801980198,11676.125306930691,9093.905287128711,11768.699174917492,9520.6642530253,318.3926452232057,10190.675829482947,1371.6882136296738,9910.82043069307,1180.8545551079937,531.8073267326708,-1881.022211221125,0.05684210526315758,-0.1598326359832638,-0.5000000000000004,0.8660254037844384,-2.4492935982947064e-16,1.0,27,331,0,0,0,0,4,-0.5524353131676203,0.8335557718385695,0.43388373911755823,-0.900968867902419,9355.869636963696,9611.92501650165,9336.17306930693,8244.37507824976,8770.872500798467,7474.711274353242,7048.557425742574,7373.823094857874,8424.367214947302,6583.219801980198,10182.562719471945,1252.3582637251377,10038.777775577557,1195.0378690363495,9669.526736065864,1177.967569880635,9750.949200149047,1175.9908010314412,9119.69268443826,1272.2693449524647,8600.635935316572,1372.3091580706287,8514.95070090138,1385.2960619626565,7895.382886419557,1310.991468103845,7252.72732872546,1295.7133001299771,0.0286885245901638,275.751947194718,0.19932400816915208,1643.3018854466081,0.8111768284750196,4428.421518151812,1643.3018854466081,2513.8538688384933,4428.421518151812,2025-11-27
2025,11,4,4,48,0,10423.423603960397,9887.676963696367,9355.869636963696,9318.446158415842,8792.547801980198,9611.92501650165,11345.222970297027,9888.990068206818,533.77819484798,9909.014911991198,1028.4931418375866,9834.003816831682,1106.7164433236385,535.7466402640293,-921.7993663366306,0.05418326693227127,-0.08124999999999971,-0.5000000000000004,0.8660254037844384,-2.4492935982947064e-16,1.0,28,332,0,0,0,0,4,-0.5380051715382992,0.8429415373547832,-0.433883739117558,-0.9009688679024191,9887.676963696367,10133.88405940594,9844.344514851486,8288.351977004151,9258.022171830087,7897.0528840626,7415.757722772278,8771.55325774513,8103.730693069307,6824.0693069306935,10223.925511551153,1255.2606312418732,10080.140567656765,1197.8088136278016,9740.69579029774,1155.935000245262,9792.570679867986,1178.5192666042085,9164.806447293577,1272.9186425143446,8636.441481521193,1380.2357869487976,8533.304815859326,1399.6031792676915,7908.27006925784,1324.3839959961688,7262.7255351060985,1306.240614936146,0.028571428571428692,289.53954455445637,0.25759905381431114,2135.0716269562454,0.6645286770551306,4161.336475247525,2135.0716269562454,1651.8703462152662,4161.336475247525,2025-11-28
2025,11,4,5,48,1,12458.07904290429,10423.423603960397,9887.676963696367,9355.869636963696,9318.446158415842,10133.88405940594,8544.37104950495,10923.059870187017,1356.0859158238213,10039.340534653466,1308.5970275149941,10160.14614961496,1258.398202907084,2034.6554389438934,3913.707993399339,0.19520030234315944,0.4580451821115721,-0.5000000000000004,0.8660254037844384,-2.4492935982947064e-16,1.0,29,333,0,0,0,0,5,-0.5234156073655503,0.8520775211013093,-0.9749279121818236,-0.2225209339563146,10423.423603960397,12113.38910891089,11768.699174917492,8770.872500798467,11079.319306930693,9459.11777387416,8845.869224422442,8414.155860747365,6082.862851485149,6663.50297029703,10273.166930693069,1345.2677433922963,10129.381986798679,1283.6580116376088,9863.602675034599,1242.0758136418547,9841.8120990099,1260.2443558700325,9218.359327097687,1346.4844805168505,8679.443979360263,1441.7398221025808,8578.23729566107,1459.371417137731,7943.687936987946,1360.0599622142206,7278.82157975223,1334.237737341308,0.028455284552845628,344.6899339934007,0.4203922177377626,3687.2065421058232,1.1552322762480807,6677.69092409241,3687.2065421058232,4043.9231821569247,6677.69092409241,2025-11-29
2025,11,4,6,48,1,12007.027643564355,12458.07904290429,10423.423603960397,9887.676963696367,9355.869636963696,12113.38910891089,9056.481808580857,11629.51009680968,1068.571622488033,10575.087174917491,1353.3133094082393,10406.02496919692,1310.3311849185952,-451.0513993399345,2950.545834983499,-0.03620553359683798,0.325793823401479,-0.5000000000000004,0.8660254037844384,-2.4492935982947064e-16,1.0,30,334,0,1,0,0,5,-0.5086709438521042,0.8609610158889945,-0.7818314824680299,0.6234898018587334,12458.07904290429,11676.125306930691,11345.222970297027,9258.022171830087,10683.418297029702,9136.302829766846,8508.917227722772,6305.715445544555,6426.145887788778,7064.918811881188,10320.438693069305,1407.172711386615,10176.653749174917,1342.704269602124,9955.236190759077,1296.087737716627,9889.083861386138,1316.54873734726,9269.622270201213,1397.002642040292,8721.088150977424,1486.5784928298747,8641.585208972403,1483.1645506792515,7974.692835631144,1388.5854626205944,7292.549659840239,1357.2570492524385,0.028340080971660075,330.90233663366416,0.29693226271360906,2749.005471734268,0.9941129039949355,5985.79001980198,2749.005471734268,5701.3121980198,5985.79001980198,2025-11-30
2025,12,4,0,49,0,9040.724554455444,12007.027643564355,12458.07904290429,10423.423603960397,9887.676963696367,11676.125306930691,9093.905287128711,11168.610413641361,1856.5520497697182,10528.800240924093,1408.5135208632694,10401.593241474146,1315.2530843829338,-2966.303089108911,-53.1807326732669,-0.2470472440944882,-0.005847953216374213,-2.4492935982947064e-16,1.0,-2.4492935982947064e-16,1.0,1,335,1,0,0,0,1,-0.4937755501599774,0.8695893893466109,0.0,1.0,12007.027643564355,8792.547801980198,8544.37104950495,11079.319306930693,8048.017544554456,6893.889447460875,6394.35,6669.398498349835,6431.492099009901,8429.732673267326,10355.892514851485,1364.748397151734,10212.107570957092,1302.231886415654,9887.283032343234,1288.5396575144298,9924.537683168315,1277.9339325959024,9307.958611397546,1359.5780556601135,8752.592609959036,1464.5533900529508,8667.933276262464,1468.7282293788464,7989.188571494729,1386.0024273858282,7294.2468595102055,1359.0638242820767,0.028225806451612767,248.17675247524676,-0.18400000000000005,-2038.5947524752482,0.4076307562341215,2618.0710891089093,-2038.5947524752482,2371.3260561056095,2618.0710891089093,2025-12-01
2025,12,4,2,1,0,10045.249504950494,9040.724554455444,12007.027643564355,12458.07904290429,10423.423603960397,8792.547801980198,9611.92501650165,10364.333900990096,1508.6747969530106,10643.696885588559,1318.9692468815183,10437.703615511551,1297.429447352726,1004.5249504950498,433.32448844884493,0.11111111111111116,0.04508196721311486,-2.4492935982947064e-16,1.0,-2.4492935982947064e-16,1.0,31,365,0,1,0,1,5,6.432490598706546e-16,1.0,0.9749279121818236,-0.22252093395631434,9040.724554455444,9318.446158415842,9056.481808580857,10683.418297029702,8532.553108910892,7320.860204407537,6762.957194719472,6682.76402640264,6775.619273927393,9553.69702970297,10459.721564356436,1298.7153884794784,10282.733834983499,1260.8922439505036,9866.010739273925,1280.1837927564516,9978.562554455446,1248.5448676287367,9356.608420335813,1335.714883039303,8791.667518414168,1454.5820331778755,8705.294226024107,1460.406091900294,8007.353183889304,1391.4237172325732,7295.61228305256,1361.5847589948764,0.07799619530754587,726.8033465346525,-0.05973451327433632,-638.1687920792083,0.5258869986277741,3462.029702970296,-638.1687920792083,3362.4854785478537,3462.029702970296,2025-12-31
